game_id,opponent_team,receiving_yards,receiving_tds,passing_yards,passing_tds,interceptions,rushing_yards,rushing_tds,fumbles_lost,rn,passing_yards_last5,passing_tds_last5,interceptions_last5,rushing_yards_last5,rushing_tds_last5,receiving_yards_last5,receiving_tds_last5,fumbles_lost_last5
2014_01_SD_ARI,ARI,238.0,1,238.0,1,1.0,52.0,1,0.0,1,,,,,,,,
2014_02_ARI_NYG,ARI,277.0,2,277.0,2,2.0,81.0,0,1.0,2,238.0,1.0,1.0,52.0,1.0,238.0,1.0,0.0
2014_03_SF_ARI,ARI,245.0,1,245.0,1,0.0,82.0,1,0.0,3,257.5,1.5,1.5,66.5,0.5,257.5,1.5,0.5
2014_05_ARI_DEN,ARI,479.0,4,479.0,4,2.0,92.0,1,0.0,4,253.33333333333334,1.3333333333333333,1.0,71.66666666666667,0.6666666666666666,253.33333333333334,1.3333333333333333,0.3333333333333333
2014_06_WAS_ARI,ARI,354.0,2,354.0,2,3.0,72.0,0,1.0,5,309.75,2.0,1.25,76.75,0.75,309.75,2.0,0.25
2014_07_ARI_OAK,ARI,173.0,0,173.0,0,0.0,56.0,1,0.0,6,318.6,2.0,1.6,75.8,0.6,318.6,2.0,0.4
2014_08_PHI_ARI,ARI,411.0,2,411.0,2,2.0,110.0,0,1.0,7,305.6,1.8,1.4,76.6,0.6,305.6,1.8,0.4
2014_09_ARI_DAL,ARI,183.0,1,183.0,1,2.0,92.0,0,0.0,8,332.4,1.8,1.4,82.4,0.6,332.4,1.8,0.4
2014_10_STL_ARI,ARI,216.0,1,216.0,1,2.0,70.0,1,1.0,9,320.0,1.8,1.8,84.4,0.4,320.0,1.8,0.4
2014_11_DET_ARI,ARI,183.0,0,183.0,0,1.0,98.0,0,0.0,10,267.4,1.2,1.8,80.0,0.4,267.4,1.2,0.6
2014_12_ARI_SEA,ARI,211.0,1,211.0,1,0.0,124.0,0,0.0,11,233.2,0.8,1.4,85.2,0.4,233.2,0.8,0.4
2014_13_ARI_ATL,ARI,361.0,2,361.0,2,1.0,142.0,0,0.0,12,240.8,1.0,1.4,98.8,0.2,240.8,1.0,0.4
2014_14_KC_ARI,ARI,293.0,1,293.0,1,1.0,126.0,1,1.0,13,230.8,1.0,1.2,105.2,0.2,230.8,1.0,0.2
2014_15_ARI_STL,ARI,229.0,0,229.0,0,1.0,69.0,0,1.0,14,252.8,1.0,1.0,112.0,0.4,252.8,1.0,0.4
2014_16_SEA_ARI,ARI,339.0,2,339.0,2,0.0,267.0,3,0.0,15,255.4,0.8,0.8,111.8,0.2,255.4,0.8,0.4
2014_17_ARI_SF,ARI,204.0,2,204.0,2,0.0,206.0,0,0.0,16,286.6,1.2,0.6,145.6,0.8,286.6,1.2,0.4
2015_01_NO_ARI,ARI,355.0,1,355.0,1,1.0,54.0,0,0.0,17,285.2,1.4,0.6,162.0,0.8,285.2,1.4,0.4
2015_02_ARI_CHI,ARI,241.0,1,241.0,1,2.0,109.0,1,0.0,18,284.0,1.2,0.6,144.4,0.8,284.0,1.2,0.4
2015_03_SF_ARI,ARI,67.0,0,67.0,0,4.0,103.0,1,0.0,19,273.6,1.2,0.8,141.0,0.8,273.6,1.2,0.2
2015_04_STL_ARI,ARI,171.0,3,171.0,3,0.0,164.0,0,0.0,20,241.2,1.2,1.4,147.8,1.0,241.2,1.2,0.0
2015_05_ARI_DET,ARI,379.0,2,379.0,2,4.0,56.0,0,2.0,21,207.6,1.4,1.4,127.2,0.4,207.6,1.4,0.0
2015_06_ARI_PIT,ARI,174.0,2,174.0,2,0.0,141.0,0,0.0,22,242.6,1.4,2.2,97.2,0.4,242.6,1.4,0.4
2015_07_BAL_ARI,ARI,252.0,1,252.0,1,1.0,55.0,1,0.0,23,206.4,1.6,2.0,114.6,0.4,206.4,1.6,0.4
2015_08_ARI_CLE,ARI,223.0,3,223.0,3,1.0,39.0,0,1.0,24,208.6,1.6,1.8,103.8,0.4,208.6,1.6,0.4
2015_10_ARI_SEA,ARI,240.0,1,240.0,1,1.0,115.0,2,0.0,25,239.8,2.2,1.2,91.0,0.2,239.8,2.2,0.6
2015_11_CIN_ARI,ARI,315.0,2,315.0,2,0.0,99.0,2,1.0,26,253.6,1.8,1.4,81.2,0.6,253.6,1.8,0.6
2015_12_ARI_SF,ARI,318.0,1,318.0,1,1.0,67.0,0,0.0,27,240.8,1.8,0.6,89.8,1.0,240.8,1.8,0.4
2015_13_ARI_STL,ARI,146.0,0,146.0,0,1.0,66.0,0,0.0,28,269.6,1.6,0.8,75.0,1.0,269.6,1.6,0.4
2015_14_MIN_ARI,ARI,335.0,1,335.0,1,0.0,72.0,1,3.0,29,248.4,1.4,0.8,77.2,0.8,248.4,1.4,0.4
2015_15_ARI_PHI,ARI,361.0,2,361.0,2,2.0,74.0,0,2.0,30,270.8,1.0,0.6,83.8,1.0,270.8,1.0,0.8
2015_16_GB_ARI,ARI,155.0,1,155.0,1,1.0,101.0,0,3.0,31,295.0,1.2,0.8,75.6,0.6,295.0,1.2,1.2
2015_17_SEA_ARI,ARI,225.0,3,225.0,3,0.0,145.0,1,0.0,32,263.0,1.0,1.0,76.0,0.2,263.0,1.0,1.6
2016_01_NE_ARI,ARI,264.0,1,264.0,1,0.0,106.0,1,2.0,33,244.4,1.4,0.8,91.6,0.4,244.4,1.4,1.6
2016_02_TB_ARI,ARI,243.0,1,243.0,1,4.0,85.0,0,1.0,34,268.0,1.6,0.6,99.6,0.6,268.0,1.6,2.0
2016_03_ARI_BUF,ARI,119.0,0,119.0,0,1.0,208.0,3,0.0,35,249.6,1.6,1.4,102.2,0.4,249.6,1.6,1.6
2016_04_LA_ARI,ARI,266.0,2,266.0,2,0.0,41.0,0,1.0,36,201.2,1.2,1.2,129.0,1.0,201.2,1.2,1.2
2016_05_ARI_SF,ARI,162.0,1,162.0,1,2.0,151.0,2,0.0,37,223.4,1.4,1.0,117.0,1.0,223.4,1.4,0.8
2016_06_NYJ_ARI,ARI,205.0,0,205.0,0,2.0,33.0,0,0.0,38,210.8,1.0,1.4,118.2,1.2,210.8,1.0,0.8
2016_07_SEA_ARI,ARI,225.0,0,225.0,0,0.0,52.0,0,0.0,39,199.0,0.8,1.8,103.6,1.0,199.0,0.8,0.4
2016_08_ARI_CAR,ARI,212.0,0,212.0,0,0.0,141.0,2,1.0,40,195.4,0.6,1.0,97.0,1.0,195.4,0.6,0.2
2016_10_SF_ARI,ARI,210.0,1,210.0,1,0.0,83.0,1,0.0,41,214.0,0.6,0.8,83.6,0.8,214.0,0.6,0.4
2016_11_ARI_MIN,ARI,169.0,1,169.0,1,0.0,72.0,1,1.0,42,202.8,0.4,0.8,92.0,1.0,202.8,0.4,0.2
2016_12_ARI_ATL,ARI,269.0,2,269.0,2,1.0,116.0,3,0.0,43,204.2,0.4,0.4,76.2,0.8,204.2,0.4,0.4
2016_13_WAS_ARI,ARI,271.0,1,271.0,1,1.0,87.0,1,1.0,44,217.0,0.8,0.2,92.8,1.4,217.0,0.8,0.4
2016_14_ARI_MIA,ARI,242.0,3,242.0,3,1.0,83.0,0,1.0,45,226.2,1.0,0.4,99.8,1.6,226.2,1.0,0.6
2016_15_NO_ARI,ARI,389.0,4,389.0,4,0.0,130.0,2,1.0,46,232.2,1.6,0.6,88.2,1.2,232.2,1.6,0.6
2016_16_ARI_SEA,ARI,350.0,4,350.0,4,0.0,78.0,0,1.0,47,268.0,2.2,0.6,97.6,1.4,268.0,2.2,0.8
2016_17_ARI_LA,ARI,143.0,0,143.0,0,2.0,52.0,0,1.0,48,304.2,2.8,0.6,98.8,1.2,304.2,2.8,0.8
2017_01_ARI_DET,ARI,292.0,4,292.0,4,1.0,82.0,0,0.0,49,279.0,2.4,0.8,86.0,0.6,279.0,2.4,1.0
2017_02_ARI_IND,ARI,216.0,0,216.0,0,1.0,76.0,1,0.0,50,283.2,3.0,0.8,85.0,0.4,283.2,3.0,0.8
2017_03_DAL_ARI,ARI,183.0,2,183.0,2,0.0,99.0,2,0.0,51,278.0,2.4,0.8,83.6,0.6,278.0,2.4,0.6
2017_04_SF_ARI,ARI,234.0,0,234.0,0,1.0,95.0,0,0.0,52,236.8,2.0,0.8,77.4,0.6,236.8,2.0,0.4
2017_05_ARI_PHI,ARI,304.0,4,304.0,4,1.0,122.0,0,0.0,53,213.6,1.2,1.0,80.8,0.6,213.6,1.2,0.2
2017_06_TB_ARI,ARI,351.0,3,351.0,3,2.0,70.0,1,0.0,54,245.8,2.0,0.8,94.8,0.6,245.8,2.0,0.0
2017_07_ARI_LA,ARI,235.0,1,235.0,1,1.0,197.0,2,0.0,55,257.6,1.8,1.0,92.4,0.8,257.6,1.8,0.0
2017_09_ARI_SF,ARI,294.0,0,294.0,0,1.0,63.0,1,1.0,56,261.4,2.0,1.0,116.6,1.0,261.4,2.0,0.0
2017_10_SEA_ARI,ARI,238.0,2,238.0,2,0.0,75.0,0,0.0,57,283.6,1.6,1.2,109.4,0.8,283.6,1.6,0.2
2017_11_ARI_HOU,ARI,230.0,2,230.0,2,1.0,134.0,2,1.0,58,284.4,2.0,1.0,105.4,0.8,284.4,2.0,0.2
2017_12_JAX_ARI,ARI,160.0,0,160.0,0,1.0,91.0,2,1.0,59,269.6,1.6,1.0,107.8,1.2,269.6,1.6,0.4
2017_13_LA_ARI,ARI,220.0,2,220.0,2,1.0,90.0,0,0.0,60,231.4,1.0,0.8,112.0,1.4,231.4,1.0,0.6
2017_14_TEN_ARI,ARI,159.0,0,159.0,0,2.0,65.0,1,0.0,61,228.4,1.2,0.8,90.6,1.0,228.4,1.2,0.6
2017_15_ARI_WAS,ARI,196.0,2,196.0,2,0.0,31.0,0,1.0,62,201.4,1.2,1.0,91.0,1.0,201.4,1.2,0.4
2017_16_NYG_ARI,ARI,263.0,0,263.0,0,2.0,43.0,0,1.0,63,193.0,1.2,1.0,82.2,1.0,193.0,1.2,0.6
2017_17_ARI_SEA,ARI,221.0,2,221.0,2,0.0,101.0,0,0.0,64,199.6,0.8,1.2,64.0,0.6,199.6,0.8,0.6
2018_01_WAS_ARI,ARI,255.0,2,255.0,2,0.0,182.0,1,1.0,65,211.8,1.2,1.0,66.0,0.2,211.8,1.2,0.4
2018_02_ARI_LA,ARI,354.0,1,354.0,1,1.0,90.0,3,0.0,66,218.8,1.2,0.8,84.4,0.4,218.8,1.2,0.6
2018_03_CHI_ARI,ARI,220.0,0,220.0,0,1.0,122.0,1,1.0,67,257.8,1.4,0.6,89.4,0.8,257.8,1.4,0.6
2018_04_SEA_ARI,ARI,172.0,0,172.0,0,0.0,171.0,2,0.0,68,262.6,1.0,0.8,107.6,1.0,262.6,1.0,0.6
2018_05_ARI_SF,ARI,349.0,2,349.0,2,2.0,147.0,1,3.0,69,244.4,1.0,0.4,133.2,1.4,244.4,1.0,0.4
2018_06_ARI_MIN,ARI,233.0,1,233.0,1,1.0,195.0,2,1.0,70,270.0,1.0,0.8,142.4,1.6,270.0,1.0,1.0
2018_07_DEN_ARI,ARI,189.0,2,189.0,2,1.0,131.0,2,0.0,71,265.6,0.8,1.0,145.0,1.8,265.6,0.8,1.0
2018_08_SF_ARI,ARI,190.0,1,190.0,1,0.0,107.0,0,0.0,72,232.6,1.0,1.0,153.2,1.6,232.6,1.0,1.0
2018_10_ARI_KC,ARI,249.0,2,249.0,2,0.0,118.0,1,0.0,73,226.6,1.2,0.8,150.2,1.4,226.6,1.2,0.8
2018_11_OAK_ARI,ARI,192.0,2,192.0,2,0.0,152.0,0,0.0,74,242.0,1.6,0.8,139.6,1.2,242.0,1.6,0.8
2018_12_ARI_LAC,ARI,259.0,3,259.0,3,0.0,178.0,3,1.0,75,210.6,1.6,0.4,140.6,1.0,210.6,1.6,0.2
2018_13_ARI_GB,ARI,233.0,1,233.0,1,0.0,98.0,1,0.0,76,215.8,2.0,0.2,137.2,1.2,215.8,2.0,0.2
2018_14_DET_ARI,ARI,101.0,0,101.0,0,0.0,122.0,1,1.0,77,224.6,1.8,0.0,130.6,1.0,224.6,1.8,0.2
2018_15_ARI_ATL,ARI,231.0,2,231.0,2,0.0,215.0,2,0.0,78,206.8,1.6,0.0,133.6,1.2,206.8,1.6,0.4
2018_16_LA_ARI,ARI,216.0,1,216.0,1,0.0,269.0,3,1.0,79,203.2,1.6,0.0,153.0,1.4,203.2,1.6,0.4
2018_17_ARI_SEA,ARI,152.0,1,152.0,1,1.0,182.0,2,0.0,80,208.0,1.4,0.0,176.4,2.0,208.0,1.4,0.6
2019_01_DET_ARI,ARI,385.0,3,385.0,3,0.0,116.0,0,1.0,81,186.6,1.0,0.2,177.2,1.8,186.6,1.0,0.4
2019_02_ARI_BAL,ARI,272.0,2,272.0,2,0.0,182.0,0,0.0,82,217.0,1.4,0.2,180.8,1.6,217.0,1.4,0.6
2019_03_CAR_ARI,ARI,261.0,4,261.0,4,0.0,173.0,1,1.0,83,251.2,1.8,0.2,192.8,1.4,251.2,1.8,0.4
2019_04_SEA_ARI,ARI,240.0,1,240.0,1,0.0,115.0,1,0.0,84,257.2,2.2,0.2,184.4,1.2,257.2,2.2,0.6
2019_05_ARI_CIN,ARI,262.0,2,262.0,2,0.0,108.0,0,0.0,85,262.0,2.2,0.2,153.6,0.8,262.0,2.2,0.4
2019_06_ATL_ARI,ARI,356.0,4,356.0,4,0.0,103.0,0,0.0,86,284.0,2.4,0.0,138.8,0.4,284.0,2.4,0.4
2019_07_ARI_NYG,ARI,223.0,1,223.0,1,1.0,107.0,1,2.0,87,278.2,2.6,0.0,136.2,0.4,278.2,2.6,0.2
2019_08_ARI_NO,ARI,373.0,3,373.0,3,1.0,137.0,1,0.0,88,268.4,2.4,0.2,121.2,0.6,268.4,2.4,0.6
2019_09_SF_ARI,ARI,317.0,4,317.0,4,0.0,101.0,0,0.0,89,290.8,2.2,0.4,114.0,0.6,290.8,2.2,0.4
2019_10_ARI_TB,ARI,358.0,1,358.0,1,2.0,118.0,2,1.0,90,306.2,2.8,0.4,111.2,0.4,306.2,2.8,0.4
2019_11_ARI_SF,ARI,424.0,4,424.0,4,2.0,34.0,0,0.0,91,325.4,2.6,0.8,113.2,0.8,325.4,2.6,0.6
2019_13_LA_ARI,ARI,427.0,2,427.0,2,0.0,132.0,1,0.0,92,339.0,2.6,1.2,99.4,0.8,339.0,2.6,0.6
2019_14_PIT_ARI,ARI,152.0,1,152.0,1,0.0,140.0,0,2.0,93,379.8,2.8,1.0,104.4,0.8,379.8,2.8,0.2
2019_15_CLE_ARI,ARI,303.0,3,303.0,3,1.0,171.0,1,1.0,94,335.6,2.4,0.8,105.0,0.6,335.6,2.4,0.6
2019_16_ARI_SEA,ARI,169.0,1,169.0,1,0.0,91.0,0,1.0,95,332.8,2.2,1.0,119.0,0.8,332.8,2.2,0.8
2019_17_ARI_LA,ARI,319.0,3,319.0,3,0.0,113.0,1,0.0,96,295.0,2.2,0.6,113.6,0.4,295.0,2.2,0.8
2020_01_ARI_SF,ARI,259.0,2,259.0,2,0.0,123.0,0,0.0,97,274.0,2.0,0.2,129.4,0.6,274.0,2.0,0.8
2020_02_WAS_ARI,ARI,223.0,1,223.0,1,0.0,117.0,1,1.0,98,240.4,2.0,0.2,127.6,0.4,240.4,2.0,0.8
2020_03_DET_ARI,ARI,270.0,2,270.0,2,0.0,90.0,0,0.0,99,254.6,2.0,0.2,123.0,0.6,254.6,2.0,0.6
2020_04_ARI_CAR,ARI,276.0,2,276.0,2,1.0,168.0,2,0.0,100,248.0,1.8,0.0,106.8,0.4,248.0,1.8,0.4
2020_05_ARI_NYJ,ARI,195.0,1,195.0,1,0.0,123.0,0,0.0,101,269.4,2.0,0.2,122.2,0.8,269.4,2.0,0.2
2020_06_ARI_DAL,ARI,266.0,1,266.0,1,2.0,97.0,0,2.0,102,244.6,1.6,0.2,124.2,0.6,244.6,1.6,0.2
2020_07_SEA_ARI,ARI,388.0,3,388.0,3,3.0,200.0,1,0.0,103,246.0,1.4,0.6,119.0,0.6,246.0,1.4,0.6
2020_09_MIA_ARI,ARI,248.0,2,248.0,2,0.0,91.0,1,0.0,104,279.0,1.8,1.2,135.6,0.6,279.0,1.8,0.4
2020_10_BUF_ARI,ARI,296.0,3,296.0,3,2.0,73.0,0,0.0,105,274.6,1.8,1.2,135.8,0.8,274.6,1.8,0.4
2020_11_ARI_SEA,ARI,197.0,2,197.0,2,0.0,165.0,1,0.0,106,278.6,2.0,1.4,116.8,0.4,278.6,2.0,0.4
2020_12_ARI_NE,ARI,84.0,0,84.0,0,2.0,110.0,2,0.0,107,279.0,2.2,1.4,125.2,0.6,279.0,2.2,0.4
2020_13_LA_ARI,ARI,351.0,1,351.0,1,0.0,119.0,3,0.0,108,242.6,2.0,1.4,127.8,1.0,242.6,2.0,0.0
2020_14_ARI_NYG,ARI,145.0,0,145.0,0,0.0,78.0,1,2.0,109,235.2,1.6,0.8,111.6,1.4,235.2,1.6,0.0
2020_15_PHI_ARI,ARI,338.0,3,338.0,3,0.0,117.0,1,0.0,110,214.6,1.2,0.8,109.0,1.4,214.6,1.2,0.4
2020_16_SF_ARI,ARI,182.0,3,182.0,3,0.0,227.0,0,1.0,111,223.0,1.2,0.4,117.8,1.6,223.0,1.2,0.4
2020_17_ARI_LA,ARI,231.0,0,231.0,0,1.0,110.0,0,1.0,112,220.0,1.4,0.4,130.2,1.4,220.0,1.4,0.6
2021_01_ARI_TEN,ARI,218.0,1,218.0,1,1.0,86.0,1,2.0,113,249.4,1.4,0.2,130.2,1.0,249.4,1.4,0.8
2021_02_MIN_ARI,ARI,244.0,3,244.0,3,0.0,177.0,0,0.0,114,222.8,1.4,0.4,123.6,0.6,222.8,1.4,1.2
2021_03_ARI_JAX,ARI,219.0,1,219.0,1,2.0,159.0,1,2.0,115,242.6,2.0,0.4,143.4,0.4,242.6,2.0,0.8
2021_04_ARI_LA,ARI,280.0,2,280.0,2,1.0,121.0,0,1.0,116,218.8,1.6,0.8,151.8,0.4,218.8,1.6,1.2
2021_05_SF_ARI,ARI,192.0,0,192.0,0,1.0,152.0,1,0.0,117,238.4,1.4,1.0,130.6,0.4,238.4,1.4,1.2
2021_06_ARI_CLE,ARI,240.0,2,240.0,2,1.0,73.0,0,2.0,118,230.6,1.4,1.0,139.0,0.6,230.6,1.4,1.0
2021_07_HOU_ARI,ARI,135.0,0,135.0,0,0.0,42.0,0,1.0,119,235.0,1.6,1.0,136.4,0.4,235.0,1.6,1.0
2021_08_GB_ARI,ARI,184.0,2,184.0,2,0.0,151.0,1,0.0,120,213.2,1.0,1.0,109.4,0.4,213.2,1.0,1.2
2021_09_ARI_SF,ARI,326.0,2,326.0,2,1.0,39.0,0,2.0,121,206.2,1.2,0.6,107.8,0.4,206.2,1.2,0.8
2021_10_CAR_ARI,ARI,175.0,1,175.0,1,1.0,166.0,2,1.0,122,215.4,1.2,0.6,91.4,0.4,215.4,1.2,1.0
2021_11_ARI_SEA,ARI,207.0,0,207.0,0,0.0,86.0,1,0.0,123,212.0,1.4,0.6,94.2,0.6,212.0,1.4,1.2
2021_13_ARI_CHI,ARI,229.0,2,229.0,2,4.0,112.0,1,0.0,124,205.4,1.0,0.4,96.8,0.8,205.4,1.0,0.8
2021_14_LA_ARI,ARI,287.0,3,287.0,3,0.0,89.0,0,0.0,125,224.2,1.4,1.2,110.8,1.0,224.2,1.4,0.6
2021_15_ARI_DET,ARI,216.0,3,216.0,3,0.0,126.0,0,1.0,126,244.8,1.6,1.2,98.4,0.8,244.8,1.6,0.6
2021_16_IND_ARI,ARI,225.0,2,225.0,2,0.0,126.0,0,0.0,127,222.8,1.8,1.0,115.8,0.8,222.8,1.8,0.4
2021_17_ARI_DAL,ARI,257.0,3,257.0,3,0.0,45.0,0,1.0,128,232.8,2.0,0.8,107.8,0.4,232.8,2.0,0.2
2021_18_SEA_ARI,ARI,238.0,3,238.0,3,1.0,202.0,2,1.0,129,242.8,2.6,0.8,99.6,0.2,242.8,2.6,0.4
2022_01_KC_ARI,ARI,360.0,5,360.0,5,0.0,128.0,1,1.0,130,244.6,2.8,0.2,117.6,0.4,244.6,2.8,0.6
2022_02_ARI_LV,ARI,252.0,2,252.0,2,0.0,80.0,0,1.0,131,259.2,3.2,0.2,125.4,0.6,259.2,3.2,0.8
2022_03_LA_ARI,ARI,249.0,0,249.0,0,0.0,100.0,2,1.0,132,266.4,3.0,0.2,116.2,0.6,266.4,3.0,0.8
2022_04_ARI_CAR,ARI,197.0,1,197.0,1,2.0,40.0,0,1.0,133,271.2,2.6,0.2,111.0,1.0,271.2,2.6,1.0
2022_05_PHI_ARI,ARI,239.0,0,239.0,0,0.0,139.0,2,0.0,134,259.2,2.2,0.6,110.0,1.0,259.2,2.2,1.0
2022_06_ARI_SEA,ARI,197.0,0,197.0,0,0.0,136.0,1,1.0,135,259.4,1.6,0.4,97.4,1.0,259.4,1.6,0.8
2022_07_NO_ARI,ARI,409.0,4,409.0,4,3.0,85.0,0,0.0,136,226.8,0.6,0.4,99.0,1.0,226.8,0.6,0.8
2022_08_ARI_MIN,ARI,232.0,2,232.0,2,0.0,173.0,3,1.0,137,258.2,1.0,1.0,100.0,1.0,258.2,1.0,0.6
2022_09_SEA_ARI,ARI,275.0,2,275.0,2,1.0,158.0,2,0.0,138,254.8,1.4,1.0,114.6,1.2,254.8,1.4,0.6
2022_10_ARI_LA,ARI,209.0,1,209.0,1,1.0,66.0,1,1.0,139,270.4,1.6,0.8,138.2,1.6,270.4,1.6,0.4
2022_11_SF_ARI,ARI,228.0,4,228.0,4,0.0,159.0,1,0.0,140,264.4,1.8,1.0,123.6,1.4,264.4,1.8,0.6
2022_12_LAC_ARI,ARI,274.0,3,274.0,3,0.0,65.0,0,0.0,141,270.6,2.6,1.0,128.2,1.4,270.6,2.6,0.4
2022_14_NE_ARI,ARI,235.0,0,235.0,0,1.0,103.0,2,0.0,142,243.6,2.4,0.4,124.2,1.4,243.6,2.4,0.4
2022_15_ARI_DEN,ARI,197.0,1,197.0,1,1.0,168.0,2,1.0,143,244.2,2.0,0.6,110.2,1.2,244.2,2.0,0.2
2022_16_TB_ARI,ARI,281.0,1,281.0,1,2.0,115.0,0,0.0,144,228.6,1.8,0.6,112.2,1.2,228.6,1.8,0.4
2022_17_ARI_ATL,ARI,169.0,0,169.0,0,0.0,132.0,2,1.0,145,243.0,1.8,0.8,122.0,1.0,243.0,1.8,0.2
2022_18_ARI_SF,ARI,178.0,3,178.0,3,0.0,169.0,2,0.0,146,231.2,1.0,0.8,116.6,1.2,231.2,1.0,0.4
2023_01_ARI_WAS,ARI,202.0,1,202.0,1,1.0,92.0,1,2.0,147,212.0,1.0,0.8,137.4,1.6,212.0,1.0,0.4
2023_02_NYG_ARI,ARI,321.0,2,321.0,2,1.0,127.0,2,0.0,148,205.4,1.2,0.8,135.2,1.4,205.4,1.2,0.8
2023_03_DAL_ARI,ARI,249.0,1,249.0,1,1.0,185.0,0,0.0,149,230.2,1.4,0.8,127.0,1.4,230.2,1.4,0.6
2023_04_ARI_SF,ARI,283.0,1,283.0,1,0.0,124.0,4,0.0,150,223.8,1.4,0.6,141.0,1.4,223.8,1.4,0.6
2023_05_CIN_ARI,ARI,317.0,3,317.0,3,1.0,93.0,0,0.0,151,246.6,1.6,0.6,139.4,1.8,246.6,1.6,0.4
2023_06_ARI_LA,ARI,226.0,1,226.0,1,0.0,179.0,1,0.0,152,274.4,1.6,0.8,124.2,1.4,274.4,1.6,0.4
2023_07_ARI_SEA,ARI,219.0,2,219.0,2,1.0,115.0,0,1.0,153,279.2,1.6,0.6,141.6,1.4,279.2,1.6,0.0
2023_08_BAL_ARI,ARI,157.0,1,157.0,1,0.0,130.0,3,0.0,154,258.8,1.6,0.6,139.2,1.0,258.8,1.6,0.2
2023_09_ARI_CLE,ARI,219.0,2,219.0,2,0.0,113.0,1,0.0,155,240.4,1.6,0.4,128.2,1.6,240.4,1.6,0.2
2023_10_ATL_ARI,ARI,94.0,1,94.0,1,0.0,184.0,2,0.0,156,227.6,1.8,0.4,126.0,1.0,227.6,1.8,0.2
2023_11_ARI_HOU,ARI,338.0,2,338.0,2,3.0,111.0,1,0.0,157,183.0,1.4,0.2,144.2,1.4,183.0,1.4,0.2
2023_12_LA_ARI,ARI,229.0,4,229.0,4,1.0,228.0,1,0.0,158,205.4,1.6,0.8,130.6,1.4,205.4,1.6,0.2
2023_13_ARI_PIT,ARI,187.0,1,187.0,1,0.0,130.0,0,1.0,159,207.4,2.0,0.8,153.2,1.6,207.4,2.0,0.0
2023_15_SF_ARI,ARI,262.0,4,262.0,4,0.0,144.0,1,0.0,160,213.4,2.0,0.8,153.2,1.0,213.4,2.0,0.2
2023_16_ARI_CHI,ARI,170.0,1,170.0,1,1.0,250.0,2,0.0,161,222.0,2.4,0.8,159.4,1.0,222.0,2.4,0.2
2023_17_ARI_PHI,ARI,184.0,3,184.0,3,1.0,91.0,0,0.0,162,237.2,2.4,1.0,172.6,1.0,237.2,2.4,0.2
2023_18_SEA_ARI,ARI,189.0,2,189.0,2,0.0,138.0,0,0.0,163,206.4,2.6,0.6,168.6,0.8,206.4,2.6,0.2
2024_01_ARI_BUF,ARI,232.0,2,232.0,2,0.0,130.0,2,1.0,164,198.4,2.2,0.4,150.6,0.6,198.4,2.2,0.2
2024_02_LA_ARI,ARI,216.0,0,216.0,0,0.0,53.0,1,1.0,165,207.4,2.4,0.4,150.6,1.0,207.4,2.4,0.2
2024_03_DET_ARI,ARI,179.0,1,199.0,2,1.0,187.0,1,0.0,166,198.2,1.6,0.4,132.4,1.0,198.2,1.6,0.4
2024_04_WAS_ARI,ARI,233.0,1,233.0,1,1.0,216.0,4,0.0,167,204.0,1.8,0.4,119.8,0.8,200.0,1.6,0.4
2024_05_ARI_SF,ARI,244.0,1,244.0,1,2.0,153.0,0,1.0,168,213.8,1.4,0.4,144.8,1.6,209.8,1.2,0.4
2024_06_ARI_GB,ARI,258.0,4,258.0,4,1.0,179.0,0,0.0,169,224.8,1.2,0.8,147.8,1.6,220.8,1.0,0.6
2024_07_LAC_ARI,ARI,349.0,0,349.0,0,0.0,59.0,0,1.0,170,230.0,1.6,1.0,157.6,1.2,226.0,1.4,0.4
2024_08_ARI_MIA,ARI,234.0,1,234.0,1,0.0,150.0,2,0.0,171,256.6,1.6,1.0,158.8,1.0,252.6,1.4,0.4
2024_09_CHI_ARI,ARI,217.0,0,217.0,0,0.0,69.0,0,0.0,172,263.6,1.4,0.8,151.4,1.2,263.6,1.4,0.4
2024_10_NYJ_ARI,ARI,151.0,0,151.0,0,0.0,79.0,0,1.0,173,260.4,1.2,0.6,122.0,0.4,260.4,1.2,0.4
2024_12_ARI_SEA,ARI,254.0,1,254.0,1,1.0,65.0,0,0.0,174,241.8,1.0,0.2,107.2,0.4,241.8,1.0,0.4
2024_13_ARI_MIN,ARI,235.0,2,235.0,2,0.0,68.0,0,1.0,175,241.0,0.4,0.2,84.4,0.4,241.0,0.4,0.4
2024_14_SEA_ARI,ARI,233.0,1,233.0,1,0.0,176.0,2,0.0,176,218.2,0.8,0.2,86.2,0.4,218.2,0.8,0.4
2024_15_NE_ARI,ARI,202.0,1,202.0,1,1.0,116.0,1,0.0,177,218.0,0.8,0.2,91.4,0.4,218.0,0.8,0.4
2024_16_ARI_CAR,ARI,158.0,2,158.0,2,0.0,243.0,3,0.0,178,215.0,1.0,0.4,100.8,0.6,215.0,1.0,0.4
2024_17_ARI_LA,ARI,189.0,0,189.0,0,0.0,68.0,1,0.0,179,216.4,1.4,0.4,133.6,1.2,216.4,1.4,0.2
2024_18_SF_ARI,ARI,326.0,2,326.0,2,2.0,138.0,1,1.0,180,203.4,1.2,0.2,134.2,1.4,203.4,1.2,0.2
2014_01_NO_ATL,ATL,333.0,1,333.0,1,1.0,139.0,3,1.0,1,,,,,,,,
2014_02_ATL_CIN,ATL,302.0,1,302.0,1,0.0,170.0,2,0.0,2,333.0,1.0,1.0,139.0,3.0,333.0,1.0,1.0
2014_03_TB_ATL,ATL,179.0,1,179.0,1,1.0,64.0,0,2.0,3,317.5,1.0,0.5,154.5,2.5,317.5,1.0,0.5
2014_04_ATL_MIN,ATL,317.0,0,317.0,0,0.0,241.0,4,0.0,4,271.3333333333333,1.0,0.6666666666666666,124.33333333333333,1.6666666666666667,271.3333333333333,1.0,1.0
2014_05_ATL_NYG,ATL,200.0,2,200.0,2,0.0,124.0,1,0.0,5,282.75,0.75,0.5,153.5,2.25,282.75,0.75,0.75
2014_06_CHI_ATL,ATL,381.0,1,381.0,1,0.0,103.0,2,0.0,6,266.2,1.0,0.4,147.6,2.0,266.2,1.0,0.6
2014_07_ATL_BAL,ATL,258.0,2,258.0,2,2.0,123.0,1,0.0,7,275.8,1.0,0.2,140.4,1.8,275.8,1.0,0.4
2014_08_DET_ATL,ATL,325.0,2,325.0,2,1.0,60.0,0,0.0,8,267.0,1.2,0.6,131.0,1.6,267.0,1.2,0.4
2014_10_ATL_TB,ATL,301.0,2,301.0,2,2.0,92.0,0,1.0,9,296.2,1.4,0.6,130.2,1.6,296.2,1.4,0.0
2014_11_ATL_CAR,ATL,292.0,2,292.0,2,2.0,106.0,0,0.0,10,293.0,1.8,1.0,100.4,0.8,293.0,1.8,0.2
2014_12_CLE_ATL,ATL,322.0,0,322.0,0,3.0,162.0,2,0.0,11,311.4,1.8,1.4,96.8,0.6,311.4,1.8,0.2
2014_13_ARI_ATL,ATL,294.0,1,294.0,1,2.0,35.0,0,1.0,12,299.6,1.6,2.0,108.6,0.6,299.6,1.6,0.2
2014_14_ATL_GB,ATL,327.0,3,327.0,3,0.0,179.0,2,0.0,13,306.8,1.4,2.0,91.0,0.4,306.8,1.4,0.4
2014_15_PIT_ATL,ATL,360.0,0,360.0,0,0.0,45.0,2,0.0,14,307.2,1.6,1.8,114.8,0.8,307.2,1.6,0.4
2014_16_ATL_NO,ATL,313.0,1,313.0,1,2.0,57.0,1,2.0,15,319.0,1.2,1.4,105.4,1.2,319.0,1.2,0.2
2014_17_CAR_ATL,ATL,114.0,1,114.0,1,0.0,194.0,1,0.0,16,323.2,1.0,1.4,95.6,1.4,323.2,1.0,0.6
2015_01_PHI_ATL,ATL,336.0,1,336.0,1,2.0,63.0,2,0.0,17,281.6,1.2,0.8,102.0,1.2,281.6,1.2,0.6
2015_02_ATL_NYG,ATL,292.0,2,292.0,2,0.0,97.0,0,1.0,18,290.0,1.2,0.8,107.6,1.6,290.0,1.2,0.4
2015_03_ATL_DAL,ATL,232.0,0,232.0,0,1.0,127.0,4,0.0,19,283.0,1.0,0.8,91.2,1.2,283.0,1.0,0.6
2015_04_HOU_ATL,ATL,382.0,2,382.0,2,1.0,54.0,1,3.0,20,257.4,1.0,1.0,107.6,1.6,257.4,1.0,0.6
2015_05_WAS_ATL,ATL,219.0,1,219.0,1,2.0,51.0,1,0.0,21,271.2,1.2,0.8,107.0,1.6,271.2,1.2,0.8
2015_06_ATL_NO,ATL,312.0,1,312.0,1,0.0,81.0,2,0.0,22,292.2,1.2,1.2,78.4,1.6,292.2,1.2,0.8
2015_07_ATL_TEN,ATL,187.0,1,187.0,1,2.0,77.0,0,0.0,23,287.4,1.2,0.8,82.0,1.6,287.4,1.2,0.8
2015_08_TB_ATL,ATL,177.0,1,177.0,1,0.0,117.0,1,0.0,24,266.4,1.0,1.2,78.0,1.6,266.4,1.0,0.6
2015_09_ATL_SF,ATL,185.0,2,185.0,2,2.0,133.0,0,0.0,25,255.4,1.2,1.0,76.0,1.0,255.4,1.2,0.6
2015_11_IND_ATL,ATL,213.0,2,213.0,2,2.0,74.0,0,1.0,26,216.0,1.2,1.2,91.8,0.8,216.0,1.2,0.0
2015_12_MIN_ATL,ATL,174.0,0,174.0,0,1.0,191.0,2,0.0,27,214.8,1.4,1.2,96.4,0.6,214.8,1.4,0.2
2015_13_ATL_TB,ATL,227.0,1,227.0,1,1.0,166.0,2,1.0,28,187.2,1.2,1.4,118.4,0.6,187.2,1.2,0.2
2015_14_ATL_CAR,ATL,301.0,3,301.0,3,0.0,142.0,2,0.0,29,195.2,1.2,1.2,136.2,1.0,195.2,1.2,0.4
2015_15_ATL_JAX,ATL,297.0,1,297.0,1,1.0,85.0,1,0.0,30,220.0,1.6,1.2,141.2,1.2,220.0,1.6,0.4
2015_16_CAR_ATL,ATL,142.0,0,142.0,0,0.0,155.0,1,1.0,31,242.4,1.4,1.0,131.6,1.4,242.4,1.4,0.4
2015_17_NO_ATL,ATL,323.0,1,323.0,1,0.0,67.0,1,1.0,32,228.2,1.0,0.6,147.8,1.6,228.2,1.0,0.4
2016_01_TB_ATL,ATL,281.0,4,281.0,4,1.0,90.0,0,0.0,33,258.0,1.2,0.4,123.0,1.4,258.0,1.2,0.6
2016_02_ATL_OAK,ATL,299.0,3,299.0,3,0.0,155.0,1,0.0,34,268.8,1.8,0.4,107.8,1.0,268.8,1.8,0.4
2016_03_ATL_NO,ATL,376.0,3,376.0,3,1.0,115.0,1,0.0,35,268.4,1.8,0.4,110.4,0.8,268.4,1.8,0.4
2016_04_CAR_ATL,ATL,337.0,3,337.0,3,2.0,49.0,0,0.0,36,284.2,2.2,0.4,116.4,0.8,284.2,2.2,0.4
2016_05_ATL_DEN,ATL,223.0,1,223.0,1,1.0,84.0,0,0.0,37,323.2,2.8,0.8,95.2,0.6,323.2,2.8,0.2
2016_06_ATL_SEA,ATL,270.0,0,270.0,0,0.0,72.0,3,0.0,38,303.2,2.8,1.0,98.6,0.4,303.2,2.8,0.0
2016_07_SD_ATL,ATL,371.0,1,371.0,1,1.0,78.0,2,1.0,39,301.0,2.0,0.8,95.0,1.0,301.0,2.0,0.0
2016_08_GB_ATL,ATL,246.0,4,246.0,4,0.0,108.0,0,0.0,40,315.4,1.6,1.0,79.6,1.2,315.4,1.6,0.2
2016_09_ATL_TB,ATL,336.0,4,336.0,4,0.0,70.0,0,2.0,41,289.4,1.8,0.8,78.2,1.0,289.4,1.8,0.2
2016_10_ATL_PHI,ATL,231.0,0,231.0,0,0.0,208.0,2,1.0,42,289.2,2.0,0.4,82.4,1.0,289.2,2.0,0.6
2016_12_ARI_ATL,ATL,289.0,2,289.0,2,1.0,58.0,0,0.0,43,290.8,1.8,0.2,107.2,1.4,290.8,1.8,0.8
2016_13_KC_ATL,ATL,270.0,1,270.0,1,0.0,123.0,2,1.0,44,294.6,2.2,0.4,104.4,0.8,294.6,2.2,0.8
2016_14_ATL_LA,ATL,235.0,0,235.0,0,2.0,104.0,2,2.0,45,274.4,2.2,0.2,113.4,0.8,274.4,2.2,0.8
2016_15_SF_ATL,ATL,183.0,2,183.0,2,0.0,107.0,0,1.0,46,272.2,1.4,0.6,112.6,1.2,272.2,1.4,1.2
2016_16_ATL_CAR,ATL,198.0,1,198.0,1,2.0,119.0,0,0.0,47,241.6,1.0,0.6,120.0,1.2,241.6,1.0,1.0
2016_17_NO_ATL,ATL,350.0,2,350.0,2,1.0,132.0,2,0.0,48,235.0,1.2,1.0,102.2,0.8,235.0,1.2,0.8
2017_01_ATL_CHI,ATL,213.0,1,213.0,1,0.0,125.0,1,0.0,49,247.2,1.2,1.0,117.0,1.2,247.2,1.2,0.8
2017_02_GB_ATL,ATL,343.0,2,343.0,2,1.0,59.0,1,1.0,50,235.8,1.2,1.0,117.4,1.0,235.8,1.2,0.6
2017_03_ATL_DET,ATL,264.0,1,264.0,1,0.0,71.0,0,0.0,51,257.4,1.6,0.8,108.4,0.8,257.4,1.6,0.4
2017_04_BUF_ATL,ATL,182.0,1,182.0,1,0.0,117.0,0,0.0,52,273.6,1.4,0.8,101.2,0.8,273.6,1.4,0.2
2017_06_MIA_ATL,ATL,151.0,2,151.0,2,1.0,138.0,0,0.0,53,270.4,1.4,0.4,100.8,0.8,270.4,1.4,0.2
2017_07_ATL_NE,ATL,249.0,2,249.0,2,0.0,162.0,0,0.0,54,230.6,1.4,0.4,102.0,0.4,230.6,1.4,0.2
2017_08_ATL_NYJ,ATL,257.0,2,257.0,2,0.0,43.0,0,0.0,55,237.8,1.6,0.4,109.4,0.2,237.8,1.6,0.2
2017_09_ATL_CAR,ATL,137.0,0,137.0,0,0.0,201.0,2,2.0,56,220.6,1.6,0.2,106.2,0.0,220.6,1.6,0.0
2017_10_DAL_ATL,ATL,176.0,0,176.0,0,0.0,107.0,1,2.0,57,195.2,1.4,0.2,132.2,0.4,195.2,1.4,0.4
2017_11_ATL_SEA,ATL,254.0,2,254.0,2,1.0,136.0,1,1.0,58,194.0,1.2,0.2,130.2,0.6,194.0,1.2,0.8
2017_12_TB_ATL,ATL,283.0,0,283.0,0,0.0,94.0,2,0.0,59,214.6,1.2,0.2,129.8,0.8,214.6,1.2,1.0
2017_13_MIN_ATL,ATL,227.0,2,227.0,2,0.0,105.0,0,0.0,60,221.4,0.8,0.2,116.2,1.2,221.4,0.8,1.0
2017_14_NO_ATL,ATL,271.0,2,271.0,2,1.0,50.0,0,0.0,61,215.4,0.8,0.2,128.6,1.2,215.4,0.8,1.0
2017_15_ATL_TB,ATL,299.0,3,299.0,3,0.0,84.0,0,1.0,62,242.2,1.2,0.4,98.4,0.8,242.2,1.2,0.6
2017_16_ATL_NO,ATL,239.0,1,239.0,1,1.0,86.0,1,0.0,63,266.8,1.8,0.4,93.8,0.6,266.8,1.8,0.4
2017_17_CAR_ATL,ATL,180.0,1,180.0,1,3.0,87.0,0,0.0,64,263.8,1.6,0.4,83.8,0.6,263.8,1.6,0.2
2018_01_ATL_PHI,ATL,132.0,0,132.0,0,1.0,113.0,2,0.0,65,243.2,1.8,1.0,82.4,0.2,243.2,1.8,0.2
2018_02_CAR_ATL,ATL,335.0,3,335.0,3,1.0,121.0,0,0.0,66,224.2,1.4,1.2,84.0,0.6,224.2,1.4,0.2
2018_03_NO_ATL,ATL,396.0,3,396.0,3,0.0,143.0,2,0.0,67,237.0,1.6,1.2,98.2,0.6,237.0,1.6,0.2
2018_04_CIN_ATL,ATL,337.0,3,337.0,3,1.0,99.0,2,0.0,68,256.4,1.6,1.2,110.0,1.0,256.4,1.6,0.0
2018_05_ATL_PIT,ATL,250.0,3,250.0,3,1.0,131.0,2,0.0,69,276.0,2.0,1.2,112.6,1.2,276.0,2.0,0.0
2018_06_TB_ATL,ATL,395.0,4,395.0,4,2.0,121.0,0,0.0,70,290.0,2.4,0.8,121.4,1.6,290.0,2.4,0.0
2018_07_NYG_ATL,ATL,399.0,1,399.0,1,0.0,61.0,1,0.0,71,342.6,3.2,1.0,123.0,1.2,342.6,3.2,0.0
2018_09_ATL_WAS,ATL,306.0,1,306.0,1,1.0,79.0,1,0.0,72,355.4,2.8,0.8,111.0,1.4,355.4,2.8,0.0
2018_10_ATL_CLE,ATL,216.0,3,216.0,3,1.0,211.0,1,0.0,73,337.4,2.4,1.0,98.2,1.2,337.4,2.4,0.0
2018_11_DAL_ATL,ATL,208.0,0,208.0,0,0.0,132.0,2,0.0,74,313.2,2.4,1.0,120.6,1.0,313.2,2.4,0.0
2018_12_ATL_NO,ATL,171.0,4,171.0,4,1.0,150.0,0,0.0,75,304.8,1.8,0.8,120.8,1.0,304.8,1.8,0.0
2018_13_BAL_ATL,ATL,167.0,0,167.0,0,0.0,207.0,1,1.0,76,260.0,1.8,0.6,126.6,1.0,260.0,1.8,0.0
2018_14_ATL_GB,ATL,196.0,2,196.0,2,0.0,138.0,1,0.0,77,213.6,1.6,0.6,155.8,1.0,213.6,1.6,0.2
2018_15_ARI_ATL,ATL,243.0,1,243.0,1,2.0,60.0,1,1.0,78,191.6,1.8,0.4,167.6,1.0,191.6,1.8,0.2
2018_16_ATL_CAR,ATL,312.0,1,312.0,1,3.0,141.0,0,1.0,79,197.0,1.4,0.6,137.4,1.0,197.0,1.4,0.4
2018_17_ATL_TB,ATL,345.0,4,345.0,4,1.0,92.0,0,0.0,80,217.8,1.6,1.2,139.2,0.6,217.8,1.6,0.6
2019_01_ATL_MIN,ATL,98.0,1,98.0,1,0.0,172.0,3,0.0,81,252.6,1.6,1.2,127.6,0.6,252.6,1.6,0.6
2019_02_PHI_ATL,ATL,255.0,1,255.0,1,2.0,49.0,1,0.0,82,238.8,1.8,1.2,120.6,1.0,238.8,1.8,0.4
2019_03_ATL_IND,ATL,310.0,2,310.0,2,0.0,79.0,1,0.0,83,250.6,1.6,1.6,102.8,1.0,250.6,1.6,0.4
2019_04_TEN_ATL,ATL,227.0,3,227.0,3,0.0,138.0,0,0.0,84,264.0,1.8,1.2,106.6,1.0,264.0,1.8,0.2
2019_05_ATL_HOU,ATL,426.0,5,426.0,5,0.0,166.0,1,0.0,85,247.0,2.2,0.6,106.0,1.0,247.0,2.2,0.0
2019_06_ATL_ARI,ATL,340.0,3,340.0,3,0.0,102.0,1,0.0,86,263.2,2.4,0.4,120.8,1.2,263.2,2.4,0.0
2019_07_LA_ATL,ATL,291.0,2,291.0,2,0.0,90.0,1,0.0,87,311.6,2.8,0.4,106.8,0.8,311.6,2.8,0.0
2019_08_SEA_ATL,ATL,182.0,2,182.0,2,0.0,151.0,1,0.0,88,318.8,3.0,0.0,115.0,0.8,318.8,3.0,0.0
2019_10_ATL_NO,ATL,304.0,0,304.0,0,0.0,52.0,0,0.0,89,293.2,3.0,0.0,129.4,0.8,293.2,3.0,0.0
2019_11_ATL_CAR,ATL,325.0,0,325.0,0,4.0,77.0,0,0.0,90,308.6,2.4,0.0,112.2,0.8,308.6,2.4,0.0
2019_12_TB_ATL,ATL,313.0,3,313.0,3,2.0,133.0,1,0.0,91,288.4,1.4,0.8,94.4,0.6,288.4,1.4,0.0
2019_13_NO_ATL,ATL,184.0,1,184.0,1,0.0,95.0,1,0.0,92,283.0,1.4,1.2,100.6,0.6,283.0,1.4,0.0
2019_14_CAR_ATL,ATL,293.0,1,293.0,1,2.0,100.0,1,1.0,93,261.6,1.2,1.2,101.6,0.6,261.6,1.2,0.0
2019_15_ATL_SF,ATL,200.0,1,200.0,1,0.0,120.0,1,1.0,94,283.8,1.0,1.6,91.4,0.6,283.8,1.0,0.2
2019_16_JAX_ATL,ATL,188.0,1,188.0,1,0.0,115.0,0,0.0,95,263.0,1.2,1.6,105.0,0.8,263.0,1.2,0.4
2019_17_ATL_TB,ATL,201.0,2,201.0,2,2.0,136.0,0,1.0,96,235.6,1.4,0.8,112.6,0.8,235.6,1.4,0.4
2020_01_SEA_ATL,ATL,322.0,4,322.0,4,0.0,84.0,1,0.0,97,213.2,1.2,0.8,113.2,0.6,213.2,1.2,0.6
2020_02_ATL_DAL,ATL,450.0,1,450.0,1,0.0,125.0,4,3.0,98,240.8,1.8,0.8,111.0,0.6,240.8,1.8,0.6
2020_03_CHI_ATL,ATL,316.0,4,316.0,4,2.0,130.0,0,0.0,99,272.2,1.8,0.4,116.0,1.2,272.2,1.8,1.0
2020_04_ATL_GB,ATL,327.0,4,327.0,4,0.0,88.0,0,0.0,100,295.4,2.4,0.8,118.0,1.0,295.4,2.4,0.8
2020_05_CAR_ATL,ATL,313.0,2,313.0,2,0.0,124.0,0,0.0,101,323.2,3.0,0.8,112.6,1.0,323.2,3.0,0.8
2020_06_ATL_MIN,ATL,343.0,3,343.0,3,3.0,32.0,0,0.0,102,345.6,3.0,0.4,110.2,1.0,345.6,3.0,0.6
2020_07_DET_ATL,ATL,340.0,1,340.0,1,0.0,64.0,1,0.0,103,349.8,2.8,1.0,99.8,0.8,349.8,2.8,0.6
2020_08_ATL_CAR,ATL,179.0,1,179.0,1,1.0,147.0,1,0.0,104,327.8,2.8,1.0,87.6,0.2,327.8,2.8,0.0
2020_09_DEN_ATL,ATL,313.0,2,313.0,2,1.0,103.0,1,0.0,105,300.4,2.2,0.8,91.0,0.4,300.4,2.2,0.0
2020_11_ATL_NO,ATL,233.0,0,233.0,0,0.0,166.0,3,1.0,106,297.6,1.8,1.0,94.0,0.6,297.6,1.8,0.0
2020_12_LV_ATL,ATL,240.0,0,240.0,0,1.0,40.0,0,4.0,107,281.6,1.4,1.0,102.4,1.2,281.6,1.4,0.2
2020_13_NO_ATL,ATL,232.0,2,232.0,2,0.0,207.0,1,1.0,108,261.0,0.8,0.6,104.0,1.2,261.0,0.8,1.0
2020_14_ATL_LAC,ATL,243.0,2,243.0,2,1.0,105.0,0,0.0,109,239.4,1.0,0.6,132.6,1.2,239.4,1.0,1.2
2020_15_TB_ATL,ATL,390.0,2,390.0,2,0.0,51.0,2,0.0,110,252.2,1.2,0.6,124.2,1.0,252.2,1.2,1.2
2020_16_ATL_KC,ATL,278.0,2,278.0,2,2.0,117.0,0,0.0,111,267.6,1.2,0.4,113.8,1.2,267.6,1.2,1.2
2020_17_ATL_TB,ATL,399.0,4,399.0,4,1.0,94.0,1,0.0,112,276.6,1.6,0.8,104.0,0.6,276.6,1.6,1.0
2021_01_PHI_ATL,ATL,264.0,3,264.0,3,0.0,173.0,1,0.0,113,308.4,2.4,0.8,114.8,0.8,308.4,2.4,0.2
2021_02_ATL_TB,ATL,276.0,5,276.0,5,0.0,82.0,0,1.0,114,314.8,2.6,0.8,108.0,0.8,314.8,2.6,0.0
2021_03_ATL_NYG,ATL,266.0,0,266.0,0,0.0,100.0,1,1.0,115,321.4,3.2,0.6,103.4,0.8,321.4,3.2,0.2
2021_04_WAS_ATL,ATL,290.0,3,290.0,3,0.0,122.0,1,0.0,116,296.6,2.8,0.6,113.2,0.6,296.6,2.8,0.4
2021_05_NYJ_ATL,ATL,192.0,0,192.0,0,1.0,64.0,2,0.0,117,299.0,3.0,0.2,114.2,0.8,299.0,3.0,0.4
2021_07_ATL_MIA,ATL,291.0,4,291.0,4,2.0,132.0,0,0.0,118,257.6,2.2,0.2,108.2,1.0,257.6,2.2,0.4
2021_08_CAR_ATL,ATL,129.0,0,129.0,0,0.0,203.0,1,1.0,119,263.0,2.4,0.6,100.0,0.8,263.0,2.4,0.4
2021_09_ATL_NO,ATL,282.0,2,282.0,2,0.0,109.0,1,1.0,120,233.6,1.4,0.6,124.2,1.0,233.6,1.4,0.4
2021_10_ATL_DAL,ATL,317.0,2,317.0,2,0.0,114.0,3,1.0,121,236.8,1.8,0.6,126.0,1.0,236.8,1.8,0.4
2021_11_NE_ATL,ATL,207.0,1,207.0,1,1.0,134.0,0,0.0,122,242.2,1.6,0.6,124.4,1.4,242.2,1.6,0.6
2021_12_ATL_JAX,ATL,228.0,1,228.0,1,1.0,141.0,0,1.0,123,245.2,1.8,0.6,138.4,1.0,245.2,1.8,0.6
2021_13_TB_ATL,ATL,368.0,4,368.0,4,1.0,57.0,0,0.0,124,232.6,1.2,0.4,140.2,1.0,232.6,1.2,0.8
2021_14_ATL_CAR,ATL,253.0,1,253.0,1,2.0,91.0,2,1.0,125,280.4,2.0,0.6,111.0,0.8,280.4,2.0,0.6
2021_15_ATL_SF,ATL,235.0,1,235.0,1,0.0,162.0,3,0.0,126,274.6,1.8,1.0,107.4,1.0,274.6,1.8,0.6
2021_16_DET_ATL,ATL,208.0,1,208.0,1,1.0,130.0,0,0.0,127,258.2,1.6,1.0,117.0,1.0,258.2,1.6,0.4
2021_17_ATL_BUF,ATL,120.0,0,120.0,0,3.0,233.0,4,0.0,128,258.4,1.6,1.0,116.2,1.0,258.4,1.6,0.4
2021_18_NO_ATL,ATL,178.0,3,178.0,3,0.0,195.0,0,0.0,129,236.8,1.4,1.4,134.6,1.8,236.8,1.4,0.2
2022_01_NO_ATL,ATL,269.0,2,269.0,2,0.0,151.0,1,1.0,130,198.8,1.2,1.2,162.2,1.8,198.8,1.2,0.2
2022_02_ATL_LA,ATL,272.0,3,272.0,3,2.0,65.0,1,1.0,131,202.0,1.4,0.8,174.2,1.6,202.0,1.4,0.2
2022_03_ATL_SEA,ATL,325.0,2,325.0,2,1.0,112.0,0,0.0,132,209.4,1.8,1.2,154.8,1.2,209.4,1.8,0.4
2022_04_CLE_ATL,ATL,234.0,0,234.0,0,1.0,177.0,2,1.0,133,232.8,2.0,1.2,151.2,1.2,232.8,2.0,0.4
2022_05_ATL_TB,ATL,351.0,1,351.0,1,0.0,69.0,1,0.0,134,255.6,2.0,0.8,140.0,0.8,255.6,2.0,0.6
2022_06_SF_ATL,ATL,296.0,2,296.0,2,2.0,50.0,0,1.0,135,290.2,1.6,0.8,114.8,1.0,290.2,1.6,0.6
2022_07_ATL_CIN,ATL,481.0,3,481.0,3,0.0,78.0,2,0.0,136,295.6,1.6,1.2,94.6,0.8,295.6,1.6,0.6
2022_08_CAR_ATL,ATL,317.0,1,317.0,1,1.0,169.0,3,0.0,137,337.4,1.6,0.8,97.2,1.0,337.4,1.6,0.4
2022_09_LAC_ATL,ATL,245.0,1,245.0,1,1.0,91.0,1,1.0,138,335.8,1.4,0.8,108.6,1.6,335.8,1.4,0.4
2022_10_ATL_CAR,ATL,108.0,0,108.0,0,0.0,232.0,2,0.0,139,338.0,1.6,0.8,91.4,1.4,338.0,1.6,0.4
2022_11_CHI_ATL,ATL,153.0,1,153.0,1,1.0,160.0,2,0.0,140,289.4,1.4,0.8,124.0,1.6,289.4,1.4,0.4
2022_12_ATL_WAS,ATL,138.0,2,138.0,2,1.0,176.0,0,0.0,141,260.8,1.2,0.6,146.0,2.0,260.8,1.2,0.2
2022_13_PIT_ATL,ATL,197.0,1,197.0,1,0.0,154.0,0,0.0,142,192.2,1.0,0.8,165.6,1.6,192.2,1.0,0.2
2022_15_ATL_NO,ATL,231.0,3,231.0,3,0.0,134.0,0,1.0,143,168.2,1.0,0.6,162.6,1.0,168.2,1.0,0.2
2022_16_ATL_BAL,ATL,115.0,1,115.0,1,0.0,184.0,0,0.0,144,165.4,1.4,0.4,171.2,0.8,165.4,1.4,0.2
2022_17_ARI_ATL,ATL,222.0,1,222.0,1,0.0,126.0,0,0.0,145,166.8,1.6,0.4,161.6,0.4,166.8,1.6,0.2
2022_18_TB_ATL,ATL,136.0,2,136.0,2,0.0,86.0,0,1.0,146,180.6,1.6,0.2,154.8,0.0,180.6,1.6,0.2
2023_01_CAR_ATL,ATL,146.0,1,146.0,1,2.0,154.0,0,1.0,147,180.2,1.6,0.0,136.8,0.0,180.2,1.6,0.4
2023_02_GB_ATL,ATL,151.0,3,151.0,3,0.0,84.0,0,0.0,148,170.0,1.6,0.4,136.8,0.0,170.0,1.6,0.6
2023_03_ATL_DET,ATL,243.0,1,243.0,1,1.0,115.0,1,0.0,149,154.0,1.6,0.4,126.8,0.0,154.0,1.6,0.4
2023_04_ATL_JAX,ATL,207.0,1,207.0,1,0.0,105.0,0,0.0,150,179.6,1.6,0.6,113.0,0.2,179.6,1.6,0.4
2023_05_HOU_ATL,ATL,249.0,1,249.0,1,0.0,64.0,0,0.0,151,176.6,1.6,0.6,108.8,0.2,176.6,1.6,0.4
2023_06_WAS_ATL,ATL,151.0,3,151.0,3,0.0,72.0,0,0.0,152,199.2,1.4,0.6,104.4,0.2,199.2,1.4,0.2
2023_07_ATL_TB,ATL,275.0,1,275.0,1,1.0,73.0,0,1.0,153,200.2,1.8,0.2,88.0,0.2,200.2,1.8,0.0
2023_08_ATL_TEN,ATL,238.0,4,238.0,4,0.0,149.0,0,1.0,154,225.0,1.4,0.4,85.8,0.2,225.0,1.4,0.2
2023_09_MIN_ATL,ATL,236.0,2,236.0,2,0.0,146.0,1,2.0,155,224.0,2.0,0.2,92.6,0.0,224.0,2.0,0.4
2023_10_ATL_ARI,ATL,249.0,0,249.0,0,1.0,122.0,2,0.0,156,229.8,2.2,0.2,100.8,0.2,229.8,2.2,0.8
2023_12_NO_ATL,ATL,304.0,0,304.0,0,1.0,148.0,0,1.0,157,229.8,2.0,0.4,112.4,0.6,229.8,2.0,0.8
2023_13_ATL_NYJ,ATL,214.0,0,214.0,0,1.0,62.0,0,2.0,158,260.4,1.4,0.6,127.6,0.6,260.4,1.4,1.0
2023_14_TB_ATL,ATL,144.0,2,144.0,2,0.0,148.0,1,0.0,159,248.2,1.2,0.6,125.4,0.6,248.2,1.2,1.2
2023_15_ATL_CAR,ATL,167.0,0,167.0,0,0.0,129.0,0,0.0,160,229.4,0.8,0.6,125.2,0.8,229.4,0.8,1.0
2023_16_IND_ATL,ATL,201.0,0,201.0,0,1.0,92.0,1,0.0,161,215.6,0.4,0.6,121.8,0.6,215.6,0.4,0.6
2023_17_ATL_CHI,ATL,268.0,1,268.0,1,0.0,192.0,3,0.0,162,206.0,0.4,0.6,115.8,0.4,206.0,0.4,0.6
2023_18_ATL_NO,ATL,264.0,4,264.0,4,0.0,154.0,2,0.0,163,198.8,0.6,0.4,124.6,1.0,198.8,0.6,0.4
2024_01_PIT_ATL,ATL,156.0,0,156.0,0,0.0,137.0,0,0.0,164,208.8,1.4,0.2,143.0,1.4,208.8,1.4,0.0
2024_02_ATL_PHI,ATL,183.0,1,183.0,1,1.0,186.0,1,0.0,165,211.2,1.0,0.2,140.8,1.2,211.2,1.0,0.0
2024_03_KC_ATL,ATL,217.0,2,217.0,2,1.0,128.0,0,0.0,166,214.4,1.2,0.4,152.2,1.4,214.4,1.2,0.0
2024_04_NO_ATL,ATL,239.0,0,239.0,0,1.0,131.0,3,0.0,167,217.6,1.6,0.4,159.4,1.2,217.6,1.6,0.0
2024_05_TB_ATL,ATL,180.0,3,180.0,3,0.0,160.0,0,1.0,168,211.8,1.4,0.6,147.2,1.2,211.8,1.4,0.0
2024_06_ATL_CAR,ATL,221.0,2,221.0,2,2.0,114.0,0,0.0,169,195.0,1.2,0.6,148.4,0.8,195.0,1.2,0.2
2024_07_SEA_ATL,ATL,242.0,2,242.0,2,0.0,103.0,1,0.0,170,208.0,1.6,1.0,143.8,0.8,208.0,1.6,0.2
2024_08_ATL_TB,ATL,330.0,3,330.0,3,2.0,102.0,0,1.0,171,219.8,1.8,0.8,127.2,0.8,219.8,1.8,0.2
2024_09_DAL_ATL,ATL,248.0,2,248.0,2,0.0,137.0,0,0.0,172,242.4,2.0,1.0,122.0,0.8,242.4,2.0,0.4
2024_10_ATL_NO,ATL,269.0,2,269.0,2,0.0,96.0,0,0.0,173,244.2,2.4,0.8,123.2,0.2,244.2,2.4,0.4
2024_11_ATL_DEN,ATL,307.0,4,307.0,4,0.0,105.0,1,0.0,174,262.0,2.2,0.8,110.4,0.2,262.0,2.2,0.2
2024_13_LAC_ATL,ATL,150.0,0,150.0,0,0.0,56.0,0,1.0,175,279.2,2.6,0.4,108.6,0.4,279.2,2.6,0.2
2024_14_ATL_MIN,ATL,347.0,5,347.0,5,0.0,115.0,1,0.0,176,260.8,2.2,0.4,99.2,0.2,260.8,2.2,0.4
2024_15_ATL_LV,ATL,208.0,1,208.0,1,2.0,65.0,0,1.0,177,264.2,2.6,0.0,101.8,0.4,264.2,2.6,0.2
2024_16_NYG_ATL,ATL,210.0,1,210.0,1,2.0,45.0,0,1.0,178,256.2,2.4,0.4,87.4,0.4,256.2,2.4,0.4
2024_17_ATL_WAS,ATL,227.0,3,227.0,3,1.0,216.0,1,0.0,179,244.4,2.2,0.8,77.2,0.4,244.4,2.2,0.6
2024_18_CAR_ATL,ATL,270.0,3,270.0,3,0.0,155.0,3,0.0,180,228.4,2.0,1.0,99.4,0.4,228.4,2.0,0.6
2014_01_CIN_BAL,BAL,301.0,1,301.0,1,0.0,79.0,0,0.0,1,,,,,,,,
2014_02_PIT_BAL,BAL,217.0,0,217.0,0,1.0,99.0,0,2.0,2,301.0,1.0,0.0,79.0,0.0,301.0,1.0,0.0
2014_03_BAL_CLE,BAL,290.0,1,290.0,1,0.0,85.0,2,0.0,3,259.0,0.5,0.5,89.0,0.0,259.0,0.5,1.0
2014_04_CAR_BAL,BAL,268.0,1,268.0,1,0.0,67.0,0,1.0,4,269.3333333333333,0.6666666666666666,0.3333333333333333,87.66666666666667,0.6666666666666666,269.3333333333333,0.6666666666666666,0.6666666666666666
2014_05_BAL_IND,BAL,312.0,1,312.0,1,2.0,127.0,1,1.0,5,269.0,0.75,0.25,82.5,0.5,269.0,0.75,0.75
2014_06_BAL_TB,BAL,314.0,2,314.0,2,1.0,87.0,0,0.0,6,277.6,0.8,0.6,91.4,0.6,277.6,0.8,0.8
2014_07_ATL_BAL,BAL,228.0,1,228.0,1,0.0,68.0,0,1.0,7,280.2,1.0,0.8,93.0,0.6,280.2,1.0,0.8
2014_08_BAL_CIN,BAL,266.0,0,266.0,0,1.0,111.0,3,1.0,8,282.4,1.2,0.6,86.8,0.6,282.4,1.2,0.6
2014_09_BAL_PIT,BAL,340.0,6,340.0,6,0.0,55.0,0,1.0,9,277.6,1.0,0.8,92.0,0.8,277.6,1.0,0.8
2014_10_TEN_BAL,BAL,179.0,1,179.0,1,1.0,67.0,0,1.0,10,292.0,2.0,0.8,89.6,0.8,292.0,2.0,0.8
2014_12_BAL_NO,BAL,420.0,3,420.0,3,1.0,126.0,0,0.0,11,265.4,2.0,0.6,77.6,0.6,265.4,2.0,0.8
2014_13_SD_BAL,BAL,383.0,3,383.0,3,1.0,64.0,1,1.0,12,286.6,2.2,0.6,85.4,0.6,286.6,2.2,0.8
2014_14_BAL_MIA,BAL,227.0,1,227.0,1,0.0,63.0,0,0.0,13,317.6,2.6,0.8,84.6,0.8,317.6,2.6,0.8
2014_15_JAX_BAL,BAL,229.0,0,229.0,0,1.0,82.0,0,0.0,14,309.8,2.8,0.6,75.0,0.2,309.8,2.8,0.6
2014_16_BAL_HOU,BAL,190.0,1,190.0,1,1.0,123.0,0,0.0,15,287.6,1.6,0.8,80.4,0.2,287.6,1.6,0.4
2014_17_CLE_BAL,BAL,177.0,0,177.0,0,1.0,109.0,1,1.0,16,289.8,1.6,0.8,91.6,0.2,289.8,1.6,0.2
2015_01_BAL_DEN,BAL,175.0,0,175.0,0,1.0,69.0,0,0.0,17,241.2,1.0,0.8,88.2,0.4,241.2,1.0,0.4
2015_02_BAL_OAK,BAL,351.0,3,351.0,3,1.0,97.0,1,0.0,18,199.6,0.4,0.8,89.2,0.2,199.6,0.4,0.2
2015_03_CIN_BAL,BAL,383.0,3,383.0,3,1.0,86.0,1,1.0,19,224.4,0.8,1.0,96.0,0.4,224.4,0.8,0.2
2015_04_BAL_PIT,BAL,124.0,1,124.0,1,0.0,167.0,1,0.0,20,255.2,1.4,1.0,96.8,0.6,255.2,1.4,0.4
2015_05_CLE_BAL,BAL,457.0,2,457.0,2,0.0,83.0,1,0.0,21,242.0,1.4,0.8,105.6,0.8,242.0,1.4,0.4
2015_06_BAL_SF,BAL,340.0,2,340.0,2,0.0,65.0,0,0.0,22,298.0,1.8,0.6,100.4,0.8,298.0,1.8,0.2
2015_07_BAL_ARI,BAL,275.0,2,275.0,2,0.0,150.0,1,0.0,23,331.0,2.2,0.4,99.6,0.8,331.0,2.2,0.2
2015_08_SD_BAL,BAL,301.0,3,301.0,3,0.0,81.0,0,0.0,24,315.8,2.0,0.2,110.2,0.8,315.8,2.0,0.2
2015_10_JAX_BAL,BAL,188.0,2,188.0,2,1.0,90.0,0,0.0,25,299.4,2.0,0.0,109.2,0.6,299.4,2.0,0.0
2015_11_STL_BAL,BAL,136.0,1,136.0,1,0.0,82.0,1,3.0,26,312.2,2.2,0.2,93.8,0.4,312.2,2.2,0.0
2015_12_BAL_CLE,BAL,289.0,2,289.0,2,0.0,63.0,0,0.0,27,248.0,2.0,0.2,93.6,0.4,248.0,2.0,0.6
2015_13_BAL_MIA,BAL,86.0,1,86.0,1,0.0,137.0,0,1.0,28,237.8,2.0,0.2,93.2,0.4,237.8,2.0,0.6
2015_14_SEA_BAL,BAL,301.0,5,301.0,5,0.0,123.0,0,1.0,29,200.0,1.8,0.2,90.6,0.2,200.0,1.8,0.8
2015_15_KC_BAL,BAL,171.0,1,171.0,1,0.0,113.0,1,0.0,30,200.0,2.2,0.2,99.0,0.2,200.0,2.2,1.0
2015_16_PIT_BAL,BAL,223.0,0,220.0,0,2.0,110.0,2,0.0,31,196.6,2.0,0.0,103.6,0.4,196.6,2.0,1.0
2015_17_BAL_CIN,BAL,160.0,2,160.0,2,0.0,145.0,1,0.0,32,213.4,1.8,0.4,109.2,0.6,214.0,1.8,0.4
2016_01_BUF_BAL,BAL,111.0,0,111.0,0,0.0,65.0,1,0.0,33,187.6,1.8,0.4,125.6,0.8,188.2,1.8,0.4
2016_02_BAL_CLE,BAL,260.0,2,260.0,2,2.0,145.0,1,0.0,34,192.6,1.6,0.4,111.2,1.0,193.2,1.6,0.2
2016_03_BAL_JAX,BAL,194.0,2,194.0,2,3.0,48.0,0,0.0,35,184.4,1.0,0.8,115.6,1.2,185.0,1.0,0.0
2016_04_OAK_BAL,BAL,199.0,4,199.0,4,0.0,62.0,0,1.0,36,189.0,1.2,1.4,102.6,1.0,189.6,1.2,0.0
2016_05_WAS_BAL,BAL,260.0,1,260.0,1,1.0,60.0,0,1.0,37,184.8,2.0,1.0,93.0,0.6,184.8,2.0,0.2
2016_06_BAL_NYG,BAL,403.0,3,403.0,3,2.0,38.0,0,1.0,38,204.8,1.8,1.2,76.0,0.4,204.8,1.8,0.4
2016_07_BAL_NYJ,BAL,215.0,2,215.0,2,0.0,155.0,1,2.0,39,263.2,2.4,1.6,70.6,0.2,263.2,2.4,0.6
2016_09_PIT_BAL,BAL,264.0,1,264.0,1,1.0,36.0,1,0.0,40,254.2,2.4,1.2,72.6,0.2,254.2,2.4,1.0
2016_10_CLE_BAL,BAL,150.0,1,150.0,1,2.0,33.0,0,1.0,41,268.2,2.2,0.8,70.2,0.4,268.2,2.2,1.0
2016_11_BAL_DAL,BAL,301.0,3,301.0,3,0.0,118.0,0,0.0,42,258.4,1.6,1.2,64.4,0.4,258.4,1.6,1.0
2016_12_CIN_BAL,BAL,283.0,1,283.0,1,0.0,64.0,0,2.0,43,266.6,2.0,1.0,76.0,0.4,266.6,2.0,0.8
2016_13_MIA_BAL,BAL,226.0,1,226.0,1,3.0,62.0,0,0.0,44,242.6,1.6,0.6,81.2,0.4,242.6,1.6,1.0
2016_14_BAL_NE,BAL,406.0,3,406.0,3,1.0,95.0,1,0.0,45,244.8,1.4,1.2,62.6,0.2,244.8,1.4,0.6
2016_15_PHI_BAL,BAL,170.0,0,170.0,0,1.0,169.0,2,0.0,46,273.2,1.8,1.2,74.4,0.2,273.2,1.8,0.6
2016_16_BAL_PIT,BAL,279.0,3,279.0,3,2.0,127.0,1,0.0,47,277.2,1.6,1.0,101.6,0.6,277.2,1.6,0.4
2016_17_BAL_CIN,BAL,226.0,1,226.0,1,0.0,153.0,2,0.0,48,272.8,1.6,1.4,103.4,0.8,272.8,1.6,0.4
2017_01_BAL_CIN,BAL,170.0,0,170.0,0,4.0,77.0,0,1.0,49,261.4,1.6,1.4,121.2,1.2,261.4,1.6,0.0
2017_02_CLE_BAL,BAL,300.0,1,300.0,1,4.0,93.0,0,1.0,50,250.2,1.4,1.6,124.2,1.2,250.2,1.4,0.2
2017_03_BAL_JAX,BAL,244.0,4,244.0,4,0.0,166.0,1,0.0,51,229.0,1.0,2.2,123.8,1.0,229.0,1.0,0.4
2017_04_PIT_BAL,BAL,216.0,1,216.0,1,1.0,173.0,2,0.0,52,243.8,1.8,2.0,123.2,0.8,243.8,1.8,0.4
2017_05_BAL_OAK,BAL,159.0,1,159.0,1,0.0,108.0,1,1.0,53,231.2,1.4,1.8,132.4,1.0,231.2,1.4,0.4
2017_06_CHI_BAL,BAL,134.0,2,134.0,2,0.0,231.0,0,2.0,54,217.8,1.4,1.8,123.4,0.8,217.8,1.4,0.6
2017_07_BAL_MIN,BAL,188.0,0,188.0,0,1.0,169.0,1,0.0,55,210.6,1.8,1.0,154.2,0.8,210.6,1.8,0.8
2017_08_MIA_BAL,BAL,176.0,0,176.0,0,2.0,45.0,0,0.0,56,188.2,1.6,0.4,169.4,1.0,188.2,1.6,0.6
2017_09_BAL_TEN,BAL,218.0,2,218.0,2,1.0,71.0,1,0.0,57,174.6,0.8,0.8,145.2,0.8,174.6,0.8,0.6
2017_11_BAL_GB,BAL,239.0,0,239.0,0,3.0,75.0,0,2.0,58,175.0,1.0,0.8,124.8,0.6,175.0,1.0,0.6
2017_12_HOU_BAL,BAL,252.0,0,252.0,0,2.0,66.0,1,1.0,59,191.0,0.8,1.4,118.2,0.4,191.0,0.8,0.8
2017_13_DET_BAL,BAL,316.0,1,316.0,1,2.0,78.0,2,1.0,60,214.6,0.4,1.8,85.2,0.6,214.6,0.4,0.6
2017_14_BAL_PIT,BAL,506.0,2,506.0,2,0.0,59.0,2,0.0,61,240.2,0.6,2.0,67.0,0.8,240.2,0.6,0.8
2017_15_BAL_CLE,BAL,146.0,0,146.0,0,2.0,130.0,1,2.0,62,306.2,1.0,1.6,69.8,1.2,306.2,1.0,0.8
2017_16_IND_BAL,BAL,215.0,1,215.0,1,0.0,93.0,0,0.0,63,291.8,0.6,1.8,81.6,1.2,291.8,0.6,1.2
2017_17_CIN_BAL,BAL,222.0,3,222.0,3,0.0,146.0,0,1.0,64,287.0,0.8,1.2,85.2,1.2,287.0,0.8,0.8
2018_01_BUF_BAL,BAL,98.0,0,98.0,0,2.0,83.0,0,0.0,65,281.0,1.4,0.8,101.2,1.0,281.0,1.4,0.8
2018_02_BAL_CIN,BAL,265.0,4,265.0,4,0.0,108.0,0,0.0,66,237.4,1.2,0.8,102.2,0.6,237.4,1.2,0.6
2018_03_DEN_BAL,BAL,192.0,0,192.0,0,1.0,120.0,2,0.0,67,189.2,1.6,0.8,112.0,0.2,189.2,1.6,0.6
2018_04_BAL_PIT,BAL,274.0,1,274.0,1,1.0,19.0,0,1.0,68,198.4,1.6,0.6,110.0,0.4,198.4,1.6,0.2
2018_05_BAL_CLE,BAL,342.0,1,342.0,1,1.0,112.0,0,0.0,69,210.2,1.6,0.8,95.2,0.4,210.2,1.6,0.4
2018_06_BAL_TEN,BAL,117.0,0,117.0,0,0.0,55.0,0,0.0,70,234.2,1.2,1.0,88.4,0.4,234.2,1.2,0.2
2018_07_NO_BAL,BAL,212.0,2,212.0,2,0.0,134.0,1,1.0,71,238.0,1.2,0.6,82.8,0.4,238.0,1.2,0.2
2018_08_BAL_CAR,BAL,232.0,2,232.0,2,0.0,154.0,2,0.0,72,227.4,0.8,0.6,88.0,0.6,227.4,0.8,0.4
2018_09_PIT_BAL,BAL,292.0,2,292.0,2,0.0,113.0,1,0.0,73,235.4,1.2,0.4,94.8,0.6,235.4,1.2,0.4
2018_11_CIN_BAL,BAL,211.0,2,211.0,2,0.0,48.0,1,0.0,74,239.0,1.4,0.2,113.6,0.8,239.0,1.4,0.2
2018_12_OAK_BAL,BAL,194.0,1,194.0,1,0.0,67.0,1,1.0,75,212.8,1.6,0.0,100.8,1.0,212.8,1.6,0.2
2018_13_BAL_ATL,BAL,131.0,1,131.0,1,0.0,34.0,0,1.0,76,228.2,1.8,0.0,103.2,1.2,228.2,1.8,0.4
2018_14_BAL_KC,BAL,377.0,2,377.0,2,1.0,94.0,1,0.0,77,212.0,1.6,0.0,83.2,1.0,212.0,1.6,0.4
2018_15_TB_BAL,BAL,157.0,0,157.0,0,1.0,85.0,1,0.0,78,241.0,1.6,0.2,71.2,0.8,241.0,1.6,0.4
2018_16_BAL_LAC,BAL,181.0,0,181.0,0,2.0,51.0,1,1.0,79,214.0,1.2,0.4,65.6,0.8,214.0,1.2,0.4
2018_17_CLE_BAL,BAL,376.0,3,376.0,3,3.0,50.0,0,0.0,80,208.0,0.8,0.8,66.2,0.8,208.0,0.8,0.6
2019_01_BAL_MIA,BAL,190.0,1,190.0,1,2.0,21.0,0,0.0,81,244.4,1.2,1.4,62.8,0.6,244.4,1.2,0.4
2019_02_ARI_BAL,BAL,349.0,0,349.0,0,0.0,20.0,1,0.0,82,256.2,1.2,1.8,60.2,0.6,256.2,1.2,0.2
2019_03_BAL_KC,BAL,374.0,3,374.0,3,0.0,140.0,1,0.0,83,250.6,0.8,1.6,45.4,0.6,250.6,0.8,0.2
2019_04_CLE_BAL,BAL,342.0,1,342.0,1,1.0,193.0,4,0.0,84,294.0,1.4,1.4,56.4,0.6,294.0,1.4,0.2
2019_05_BAL_PIT,BAL,203.0,1,203.0,1,1.0,77.0,1,1.0,85,326.2,1.6,1.2,84.8,1.2,326.2,1.6,0.0
2019_06_CIN_BAL,BAL,235.0,0,235.0,0,1.0,33.0,1,0.0,86,291.6,1.2,0.8,90.2,1.4,291.6,1.2,0.2
2019_07_BAL_SEA,BAL,241.0,1,241.0,1,1.0,106.0,0,1.0,87,300.6,1.0,0.6,92.6,1.6,300.6,1.0,0.2
2019_09_NE_BAL,BAL,285.0,1,285.0,1,1.0,74.0,1,1.0,88,279.0,1.2,0.8,109.8,1.4,279.0,1.2,0.4
2019_10_BAL_CIN,BAL,167.0,1,167.0,1,1.0,157.0,0,2.0,89,261.2,0.8,1.0,96.6,1.4,261.2,0.8,0.6
2019_11_HOU_BAL,BAL,169.0,0,169.0,0,1.0,122.0,1,1.0,90,226.2,0.8,1.0,89.4,0.6,226.2,0.8,1.0
2019_12_BAL_LA,BAL,212.0,0,212.0,0,2.0,22.0,0,0.0,91,219.4,0.6,1.0,98.4,0.6,219.4,0.6,1.0
2019_13_SF_BAL,BAL,165.0,1,165.0,1,0.0,174.0,1,1.0,92,214.8,0.6,1.2,96.2,0.4,214.8,0.6,1.0
2019_14_BAL_BUF,BAL,146.0,1,146.0,1,0.0,104.0,0,1.0,93,199.6,0.6,1.0,109.8,0.6,199.6,0.6,1.0
2019_15_NYJ_BAL,BAL,218.0,2,218.0,2,1.0,103.0,0,1.0,94,171.8,0.6,0.8,115.8,0.4,171.8,0.6,1.0
2019_16_BAL_CLE,BAL,192.0,2,192.0,2,1.0,57.0,0,0.0,95,182.0,0.8,0.8,105.0,0.4,182.0,0.8,0.8
2019_17_PIT_BAL,BAL,95.0,0,95.0,0,0.0,91.0,1,1.0,96,186.6,1.2,0.8,92.0,0.2,186.6,1.2,0.6
2020_01_CLE_BAL,BAL,189.0,1,189.0,1,1.0,138.0,0,2.0,97,163.2,1.2,0.4,105.8,0.4,163.2,1.2,0.8
2020_02_BAL_HOU,BAL,275.0,1,275.0,1,1.0,51.0,0,1.0,98,168.0,1.2,0.6,98.6,0.2,168.0,1.2,1.0
2020_03_KC_BAL,BAL,385.0,4,385.0,4,0.0,132.0,1,1.0,99,193.8,1.2,0.8,88.0,0.2,193.8,1.2,1.0
2020_04_BAL_WAS,BAL,314.0,0,314.0,0,0.0,69.0,2,1.0,100,227.2,1.6,0.6,93.8,0.4,227.2,1.6,1.0
2020_05_CIN_BAL,BAL,183.0,0,183.0,0,1.0,70.0,0,2.0,101,251.6,1.2,0.4,96.2,0.8,251.6,1.2,1.2
2020_06_BAL_PHI,BAL,213.0,2,213.0,2,0.0,194.0,1,1.0,102,269.2,1.2,0.6,92.0,0.6,269.2,1.2,1.4
2020_08_PIT_BAL,BAL,182.0,2,182.0,2,0.0,48.0,1,1.0,103,274.0,1.4,0.4,103.2,0.8,274.0,1.4,1.2
2020_09_BAL_IND,BAL,227.0,0,227.0,0,1.0,112.0,1,1.0,104,255.4,1.6,0.2,102.6,1.0,255.4,1.6,1.2
2020_10_BAL_NE,BAL,142.0,2,142.0,2,0.0,173.0,1,0.0,105,223.8,0.8,0.4,98.6,1.0,223.8,0.8,1.2
2020_11_TEN_BAL,BAL,266.0,2,266.0,2,1.0,173.0,1,0.0,106,189.4,1.2,0.4,119.4,0.8,189.4,1.2,1.0
2020_12_BAL_PIT,BAL,266.0,1,266.0,1,1.0,68.0,0,0.0,107,206.0,1.6,0.4,140.0,1.0,206.0,1.6,0.6
2020_13_DAL_BAL,BAL,285.0,2,285.0,2,1.0,111.0,0,0.0,108,216.6,1.4,0.6,114.8,0.8,216.6,1.4,0.4
2020_14_BAL_CLE,BAL,355.0,2,355.0,2,1.0,138.0,4,0.0,109,237.2,1.4,0.8,127.4,0.6,237.2,1.4,0.2
2020_15_JAX_BAL,BAL,226.0,2,226.0,2,0.0,62.0,0,1.0,110,262.8,1.8,0.8,132.6,1.2,262.8,1.8,0.0
2020_16_NYG_BAL,BAL,252.0,1,252.0,1,0.0,54.0,0,0.0,111,279.6,1.8,0.8,110.4,1.0,279.6,1.8,0.2
2020_17_BAL_CIN,BAL,48.0,0,48.0,0,2.0,147.0,0,0.0,112,276.8,1.6,0.6,86.6,0.8,276.8,1.6,0.2
2021_01_BAL_LV,BAL,435.0,2,435.0,2,1.0,82.0,2,0.0,113,233.2,1.4,0.8,102.4,0.8,233.2,1.4,0.2
2021_02_KC_BAL,BAL,343.0,3,343.0,3,1.0,62.0,1,1.0,114,263.2,1.4,0.8,96.6,1.2,263.2,1.4,0.2
2021_03_BAL_DET,BAL,217.0,0,217.0,0,0.0,93.0,2,0.0,115,260.8,1.6,0.8,81.4,0.6,260.8,1.6,0.4
2021_04_BAL_DEN,BAL,178.0,1,178.0,1,1.0,106.0,0,0.0,116,259.0,1.2,0.8,87.6,1.0,259.0,1.2,0.2
2021_05_IND_BAL,BAL,402.0,2,402.0,2,0.0,123.0,1,1.0,117,244.2,1.2,1.0,98.0,1.0,244.2,1.2,0.2
2021_06_LAC_BAL,BAL,195.0,1,195.0,1,1.0,26.0,0,0.0,118,315.0,1.6,0.6,93.2,1.2,315.0,1.6,0.4
2021_07_CIN_BAL,BAL,416.0,3,416.0,3,1.0,111.0,2,0.0,119,267.0,1.4,0.6,82.0,0.8,267.0,1.4,0.4
2021_09_MIN_BAL,BAL,187.0,2,187.0,2,0.0,131.0,1,0.0,120,281.6,1.4,0.6,91.8,1.0,281.6,1.4,0.2
2021_10_BAL_MIA,BAL,314.0,0,314.0,0,0.0,60.0,1,0.0,121,275.6,1.8,0.6,99.4,0.8,275.6,1.8,0.2
2021_11_BAL_CHI,BAL,280.0,2,280.0,2,0.0,92.0,0,1.0,122,302.8,1.6,0.4,90.2,1.0,302.8,1.6,0.2
2021_12_CLE_BAL,BAL,247.0,1,247.0,1,0.0,40.0,0,2.0,123,278.4,1.6,0.4,84.0,0.8,278.4,1.6,0.2
2021_13_BAL_PIT,BAL,236.0,2,236.0,2,0.0,85.0,0,0.0,124,288.8,1.6,0.2,86.8,0.8,288.8,1.6,0.6
2021_14_BAL_CLE,BAL,190.0,2,190.0,2,1.0,100.0,0,0.0,125,252.8,1.4,0.0,81.6,0.4,252.8,1.4,0.6
2021_15_GB_BAL,BAL,268.0,3,268.0,3,0.0,96.0,1,0.0,126,253.4,1.4,0.2,75.4,0.2,253.4,1.4,0.6
2021_16_BAL_CIN,BAL,525.0,4,525.0,4,0.0,77.0,1,0.0,127,244.2,2.0,0.2,82.6,0.2,244.2,2.0,0.6
2021_17_LA_BAL,BAL,309.0,2,309.0,2,2.0,73.0,1,1.0,128,293.2,2.4,0.2,79.6,0.4,293.2,2.4,0.4
2021_18_PIT_BAL,BAL,244.0,1,244.0,1,1.0,79.0,0,0.0,129,305.6,2.6,0.6,86.2,0.6,305.6,2.6,0.2
2022_01_BAL_NYJ,BAL,309.0,1,309.0,1,1.0,83.0,0,1.0,130,307.2,2.4,0.8,85.0,0.6,307.2,2.4,0.2
2022_02_MIA_BAL,BAL,469.0,6,469.0,6,2.0,86.0,0,0.0,131,331.0,2.2,0.8,81.6,0.6,331.0,2.2,0.4
2022_03_BAL_NE,BAL,321.0,0,321.0,0,3.0,145.0,3,1.0,132,371.2,2.8,1.2,79.6,0.4,371.2,2.8,0.4
2022_04_BUF_BAL,BAL,213.0,1,213.0,1,1.0,125.0,1,1.0,133,330.4,2.0,1.8,93.2,0.8,330.4,2.0,0.6
2022_05_CIN_BAL,BAL,217.0,1,217.0,1,1.0,101.0,1,0.0,134,311.2,1.8,1.6,103.6,0.8,311.2,1.8,0.6
2022_06_BAL_NYG,BAL,173.0,2,173.0,2,0.0,83.0,1,1.0,135,305.8,1.8,1.6,108.0,1.0,305.8,1.8,0.6
2022_07_CLE_BAL,BAL,258.0,0,258.0,0,0.0,113.0,2,2.0,136,278.6,2.0,1.4,108.0,1.2,278.6,2.0,0.6
2022_08_BAL_TB,BAL,325.0,1,325.0,1,0.0,44.0,1,0.0,137,236.4,0.8,1.0,113.4,1.6,236.4,0.8,1.0
2022_09_BAL_NO,BAL,223.0,1,223.0,1,1.0,48.0,0,0.0,138,237.2,1.0,0.4,93.2,1.2,237.2,1.0,0.8
2022_11_CAR_BAL,BAL,196.0,0,196.0,0,2.0,36.0,0,1.0,139,239.2,1.0,0.4,77.8,1.0,239.2,1.0,0.6
2022_12_BAL_JAX,BAL,321.0,3,321.0,3,0.0,38.0,0,1.0,140,235.0,0.8,0.6,64.8,0.8,235.0,0.8,0.8
2022_13_DEN_BAL,BAL,189.0,0,189.0,0,0.0,88.0,0,0.0,141,264.6,1.0,0.6,55.8,0.6,264.6,1.0,0.8
2022_14_BAL_PIT,BAL,276.0,1,276.0,1,3.0,65.0,1,0.0,142,250.8,1.0,0.6,50.8,0.2,250.8,1.0,0.4
2022_15_BAL_CLE,BAL,161.0,1,161.0,1,0.0,143.0,0,0.0,143,241.0,1.0,1.2,55.0,0.2,241.0,1.0,0.4
2022_16_ATL_BAL,BAL,218.0,0,218.0,0,0.0,115.0,0,1.0,144,228.6,1.0,1.0,74.0,0.2,228.6,1.0,0.4
2022_17_PIT_BAL,BAL,168.0,1,168.0,1,0.0,198.0,0,0.0,145,233.0,1.0,0.6,89.8,0.2,233.0,1.0,0.4
2022_18_BAL_CIN,BAL,215.0,1,215.0,1,0.0,55.0,1,1.0,146,202.4,0.6,0.6,121.8,0.2,202.4,0.6,0.2
2023_01_HOU_BAL,BAL,242.0,0,242.0,0,0.0,72.0,0,1.0,147,207.6,0.8,0.6,115.2,0.4,207.6,0.8,0.4
2023_02_BAL_CIN,BAL,222.0,2,222.0,2,1.0,66.0,0,0.0,148,200.8,0.6,0.0,116.6,0.2,200.8,0.6,0.6
2023_03_IND_BAL,BAL,227.0,1,227.0,1,0.0,139.0,0,0.0,149,213.0,0.8,0.2,101.2,0.2,213.0,0.8,0.6
2023_04_BAL_CLE,BAL,121.0,0,121.0,0,3.0,93.0,0,0.0,150,214.8,1.0,0.2,106.0,0.2,214.8,1.0,0.4
2023_05_BAL_PIT,BAL,224.0,1,224.0,1,0.0,87.0,0,0.0,151,205.4,0.8,0.8,85.0,0.2,205.4,0.8,0.4
2023_06_BAL_TEN,BAL,150.0,0,150.0,0,1.0,129.0,1,0.0,152,207.2,0.8,0.8,91.4,0.0,207.2,0.8,0.2
2023_07_DET_BAL,BAL,284.0,0,284.0,0,1.0,84.0,1,0.0,153,188.8,0.8,1.0,102.8,0.2,188.8,0.8,0.0
2023_08_BAL_ARI,BAL,208.0,2,208.0,2,2.0,129.0,1,0.0,154,201.2,0.4,1.0,106.4,0.4,201.2,0.4,0.0
2023_09_SEA_BAL,BAL,157.0,0,157.0,0,1.0,28.0,0,1.0,155,197.4,0.6,1.4,104.4,0.6,197.4,0.6,0.0
2023_10_CLE_BAL,BAL,213.0,1,213.0,1,1.0,178.0,1,0.0,156,204.6,0.6,1.0,91.4,0.6,204.6,0.6,0.2
2023_11_CIN_BAL,BAL,169.0,2,169.0,2,0.0,136.0,0,0.0,157,202.4,0.6,1.2,109.6,0.8,202.4,0.6,0.2
2023_12_BAL_LAC,BAL,217.0,1,217.0,1,1.0,86.0,0,3.0,158,206.2,1.0,1.0,111.0,0.6,206.2,1.0,0.2
2023_14_LA_BAL,BAL,294.0,3,294.0,3,0.0,128.0,0,0.0,159,192.8,1.2,1.0,111.4,0.4,192.8,1.2,0.8
2023_15_BAL_JAX,BAL,264.0,1,264.0,1,0.0,75.0,0,2.0,160,210.0,1.4,0.6,111.2,0.2,210.0,1.4,0.8
2023_16_BAL_SF,BAL,336.0,1,336.0,1,5.0,121.0,1,0.0,161,231.4,1.6,0.4,120.6,0.2,231.4,1.6,1.0
2023_17_MIA_BAL,BAL,237.0,2,237.0,2,2.0,154.0,0,1.0,162,256.0,1.6,1.2,109.2,0.2,256.0,1.6,1.0
2023_18_PIT_BAL,BAL,152.0,1,152.0,1,0.0,155.0,1,2.0,163,269.6,1.6,1.6,112.8,0.2,269.6,1.6,1.2
2024_01_BAL_KC,BAL,291.0,1,291.0,1,1.0,72.0,2,0.0,164,256.6,1.6,1.4,126.6,0.4,256.6,1.6,1.0
2024_02_LV_BAL,BAL,276.0,1,276.0,1,1.0,27.0,1,0.0,165,256.0,1.2,1.6,115.4,0.8,256.0,1.2,1.0
2024_03_BAL_DAL,BAL,379.0,2,379.0,2,0.0,51.0,1,1.0,166,258.4,1.2,1.8,105.8,1.0,258.4,1.2,0.6
2024_04_BUF_BAL,BAL,182.0,0,182.0,0,0.0,81.0,1,1.0,167,267.0,1.4,0.8,91.8,1.0,267.0,1.4,0.8
2024_05_BAL_CIN,BAL,392.0,5,392.0,5,1.0,71.0,0,0.0,168,256.0,1.0,0.4,77.2,1.2,256.0,1.0,0.8
2024_06_WAS_BAL,BAL,269.0,2,269.0,2,0.0,52.0,0,0.0,169,304.0,1.8,0.6,60.4,1.0,304.0,1.8,0.4
2024_07_BAL_TB,BAL,370.0,3,370.0,3,2.0,125.0,1,0.0,170,299.6,2.0,0.4,56.4,0.6,299.6,2.0,0.4
2024_08_BAL_CLE,BAL,334.0,3,334.0,3,0.0,80.0,0,1.0,171,318.4,2.4,0.6,76.0,0.6,318.4,2.4,0.4
2024_09_DEN_BAL,BAL,225.0,1,225.0,1,1.0,122.0,0,0.0,172,309.4,2.6,0.6,81.8,0.4,309.4,2.6,0.4
2024_10_CIN_BAL,BAL,428.0,4,428.0,4,0.0,49.0,1,1.0,173,318.0,2.8,0.8,90.0,0.2,318.0,2.8,0.2
2024_11_BAL_PIT,BAL,205.0,0,205.0,0,1.0,122.0,0,0.0,174,325.2,2.6,0.6,85.6,0.4,325.2,2.6,0.4
2024_12_BAL_LAC,BAL,218.0,0,218.0,0,0.0,83.0,2,0.0,175,312.4,2.2,0.8,99.6,0.4,312.4,2.2,0.4
2024_13_PHI_BAL,BAL,118.0,1,118.0,1,0.0,140.0,2,0.0,176,282.0,1.6,0.4,91.2,0.6,282.0,1.6,0.4
2024_15_BAL_NYG,BAL,191.0,1,191.0,1,1.0,55.0,1,0.0,177,238.8,1.2,0.4,103.2,1.0,238.8,1.2,0.2
2024_16_PIT_BAL,BAL,217.0,2,217.0,2,1.0,117.0,0,1.0,178,232.0,1.2,0.4,89.8,1.2,232.0,1.2,0.2
2024_17_BAL_HOU,BAL,190.0,0,190.0,0,1.0,58.0,0,0.0,179,189.8,0.8,0.6,103.4,1.0,189.8,0.8,0.2
2024_18_CLE_BAL,BAL,183.0,1,183.0,1,2.0,56.0,0,0.0,180,186.8,0.8,0.6,90.6,1.0,186.8,0.8,0.2
2014_01_BUF_CHI,BUF,349.0,2,349.0,2,2.0,86.0,0,1.0,1,,,,,,,,
2014_02_MIA_BUF,BUF,241.0,1,241.0,1,1.0,80.0,0,0.0,2,349.0,2.0,2.0,86.0,0.0,349.0,2.0,1.0
2014_03_SD_BUF,BUF,256.0,2,256.0,2,0.0,83.0,0,0.0,3,295.0,1.5,1.5,83.0,0.0,295.0,1.5,0.5
2014_04_BUF_HOU,BUF,268.0,1,268.0,1,2.0,37.0,0,1.0,4,282.0,1.6666666666666667,1.0,83.0,0.0,282.0,1.6666666666666667,0.3333333333333333
2014_05_BUF_DET,BUF,231.0,1,231.0,1,1.0,69.0,0,1.0,5,278.5,1.5,1.25,71.5,0.0,278.5,1.5,0.5
2014_06_NE_BUF,BUF,361.0,4,361.0,4,0.0,50.0,0,0.0,6,269.0,1.4,1.2,71.0,0.0,269.0,1.4,0.6
2014_07_MIN_BUF,BUF,157.0,1,157.0,1,2.0,158.0,0,0.0,7,271.4,1.8,0.8,63.8,0.0,271.4,1.8,0.4
2014_08_BUF_NYJ,BUF,158.0,0,158.0,0,4.0,175.0,3,2.0,8,254.6,1.8,1.0,79.4,0.0,254.6,1.8,0.4
2014_10_KC_BUF,BUF,177.0,0,177.0,0,0.0,127.0,2,1.0,9,235.0,1.4,1.8,97.8,0.6,235.0,1.4,0.8
2014_11_BUF_MIA,BUF,240.0,2,240.0,2,0.0,125.0,0,1.0,10,216.8,1.2,1.4,115.8,1.0,216.8,1.2,0.8
2014_12_NYJ_BUF,BUF,165.0,0,165.0,0,1.0,92.0,0,0.0,11,218.6,1.4,1.2,127.0,1.0,218.6,1.4,0.8
2014_13_CLE_BUF,BUF,255.0,0,255.0,0,2.0,74.0,1,1.0,12,179.4,0.6,1.4,135.4,1.0,179.4,0.6,0.8
2014_14_BUF_DEN,BUF,173.0,0,173.0,0,2.0,133.0,3,1.0,13,199.0,0.4,1.4,118.6,1.2,199.0,0.4,1.0
2014_15_GB_BUF,BUF,185.0,0,185.0,0,2.0,158.0,1,0.0,14,202.0,0.4,1.0,110.2,1.2,202.0,0.4,0.8
2014_16_BUF_OAK,BUF,214.0,2,214.0,2,0.0,140.0,0,0.0,15,203.6,0.4,1.4,116.4,1.0,203.6,0.4,0.6
2014_17_BUF_NE,BUF,170.0,0,170.0,0,0.0,116.0,0,0.0,16,198.4,0.4,1.4,119.4,1.0,198.4,0.4,0.4
2015_01_IND_BUF,BUF,243.0,2,243.0,2,2.0,64.0,0,0.0,17,199.4,0.4,1.2,124.2,1.0,199.4,0.4,0.4
2015_02_NE_BUF,BUF,466.0,3,466.0,3,0.0,56.0,1,2.0,18,197.0,0.8,1.2,122.2,0.8,197.0,0.8,0.2
2015_03_BUF_MIA,BUF,297.0,2,297.0,2,3.0,102.0,0,0.0,19,255.6,1.4,0.8,106.8,0.4,255.6,1.4,0.4
2015_04_NYG_BUF,BUF,212.0,3,212.0,3,1.0,92.0,0,0.0,20,278.0,1.8,1.0,95.6,0.2,278.0,1.8,0.4
2015_05_BUF_TEN,BUF,187.0,0,187.0,0,1.0,97.0,1,0.0,21,277.6,2.0,1.2,86.0,0.2,277.6,2.0,0.4
2015_06_CIN_BUF,BUF,243.0,3,243.0,3,0.0,112.0,1,0.0,22,281.0,2.0,1.4,82.2,0.4,281.0,2.0,0.4
2015_07_BUF_JAX,BUF,182.0,2,182.0,2,1.0,120.0,1,0.0,23,281.0,2.2,1.0,91.8,0.6,281.0,2.2,0.4
2015_09_MIA_BUF,BUF,316.0,0,316.0,0,0.0,108.0,2,1.0,24,224.2,2.0,1.2,104.6,0.6,224.2,2.0,0.0
2015_10_BUF_NYJ,BUF,193.0,2,193.0,2,2.0,128.0,0,1.0,25,228.0,1.6,0.6,105.8,1.0,228.0,1.6,0.2
2015_11_BUF_NE,BUF,277.0,1,277.0,1,1.0,85.0,1,0.0,26,224.2,1.4,0.8,113.0,1.0,224.2,1.4,0.4
2015_12_BUF_KC,BUF,255.0,2,255.0,2,0.0,158.0,1,0.0,27,242.2,1.6,0.8,110.6,1.0,242.2,1.6,0.4
2015_13_HOU_BUF,BUF,293.0,3,293.0,3,1.0,126.0,0,0.0,28,244.6,1.4,0.8,119.8,1.0,244.6,1.4,0.4
2015_14_BUF_PHI,BUF,247.0,1,247.0,1,1.0,116.0,1,0.0,29,266.8,1.6,0.8,121.0,0.8,266.8,1.6,0.4
2015_15_BUF_WAS,BUF,319.0,4,319.0,4,0.0,123.0,1,0.0,30,253.0,1.8,1.0,122.6,0.6,253.0,1.8,0.2
2015_16_DAL_BUF,BUF,186.0,0,186.0,0,1.0,121.0,0,0.0,31,278.2,2.2,0.6,121.6,0.8,278.2,2.2,0.0
2015_17_NYJ_BUF,BUF,181.0,2,181.0,2,3.0,122.0,0,0.0,32,260.0,2.0,0.6,128.8,0.6,260.0,2.0,0.0
2016_01_BUF_BAL,BUF,258.0,1,258.0,1,0.0,83.0,0,1.0,33,245.2,2.0,1.2,121.6,0.4,245.2,2.0,0.0
2016_02_NYJ_BUF,BUF,374.0,1,374.0,1,0.0,123.0,3,1.0,34,238.2,1.6,1.0,113.0,0.4,238.2,1.6,0.2
2016_03_ARI_BUF,BUF,287.0,0,287.0,0,4.0,88.0,2,1.0,35,263.6,1.6,0.8,114.4,0.8,263.6,1.6,0.4
2016_04_BUF_NE,BUF,205.0,0,205.0,0,0.0,90.0,0,1.0,36,257.2,0.8,1.6,107.4,1.0,257.2,0.8,0.6
2016_05_BUF_LA,BUF,271.0,0,271.0,0,2.0,102.0,1,1.0,37,261.0,0.8,1.4,101.2,1.0,261.0,0.8,0.8
2016_06_SF_BUF,BUF,187.0,1,187.0,1,0.0,133.0,0,0.0,38,279.0,0.4,1.2,97.2,1.2,279.0,0.4,1.0
2016_07_BUF_MIA,BUF,204.0,1,204.0,1,0.0,256.0,2,0.0,39,264.8,0.4,1.2,107.2,1.2,264.8,0.4,0.8
2016_08_NE_BUF,BUF,315.0,4,315.0,4,0.0,72.0,1,0.0,40,230.8,0.4,1.2,133.8,1.0,230.8,0.4,0.6
2016_09_BUF_SEA,BUF,282.0,2,282.0,2,0.0,33.0,2,0.0,41,236.4,1.2,0.4,130.6,0.8,236.4,1.2,0.4
2016_11_BUF_CIN,BUF,207.0,1,207.0,1,2.0,93.0,1,0.0,42,251.8,1.6,0.4,119.2,1.2,251.8,1.6,0.2
2016_12_JAX_BUF,BUF,126.0,2,126.0,2,0.0,183.0,1,0.0,43,239.0,1.8,0.4,117.4,1.2,239.0,1.8,0.0
2016_13_BUF_OAK,BUF,260.0,2,260.0,2,0.0,139.0,2,0.0,44,226.8,2.0,0.4,127.4,1.4,226.8,2.0,0.0
2016_14_PIT_BUF,BUF,220.0,0,220.0,0,3.0,240.0,3,0.0,45,238.0,2.2,0.4,104.0,1.4,238.0,2.2,0.0
2016_15_CLE_BUF,BUF,196.0,0,196.0,0,0.0,107.0,1,0.0,46,219.0,1.4,1.0,137.6,1.8,219.0,1.4,0.0
2016_16_MIA_BUF,BUF,233.0,2,233.0,2,1.0,261.0,2,0.0,47,201.8,1.0,1.0,152.4,1.6,201.8,1.0,0.0
2016_17_BUF_NYJ,BUF,210.0,2,210.0,2,0.0,127.0,0,0.0,48,207.0,1.2,0.8,186.0,1.8,207.0,1.2,0.0
2017_01_NYJ_BUF,BUF,187.0,0,187.0,0,2.0,38.0,1,0.0,49,223.8,1.2,0.8,174.8,1.6,223.8,1.2,0.0
2017_02_BUF_CAR,BUF,228.0,0,228.0,0,0.0,77.0,0,0.0,50,209.2,0.8,1.2,154.6,1.4,209.2,0.8,0.0
2017_03_DEN_BUF,BUF,259.0,0,259.0,0,2.0,111.0,1,0.0,51,210.8,0.8,0.6,122.0,0.8,210.8,0.8,0.0
2017_04_BUF_ATL,BUF,242.0,1,242.0,1,2.0,147.0,1,1.0,52,223.4,0.8,1.0,122.8,0.8,223.4,0.8,0.0
2017_05_BUF_CIN,BUF,328.0,1,328.0,1,2.0,65.0,1,1.0,53,225.2,0.6,1.2,100.0,0.6,225.2,0.6,0.2
2017_07_TB_BUF,BUF,384.0,3,384.0,3,1.0,69.0,0,2.0,54,248.8,0.4,1.6,87.6,0.8,248.8,0.4,0.4
2017_08_OAK_BUF,BUF,313.0,1,313.0,1,2.0,54.0,1,1.0,55,288.2,1.0,1.4,93.8,0.6,288.2,1.0,0.8
2017_09_BUF_NYJ,BUF,140.0,1,140.0,1,0.0,194.0,3,0.0,56,305.2,1.2,1.8,89.2,0.8,305.2,1.2,1.0
2017_10_NO_BUF,BUF,184.0,0,184.0,0,0.0,298.0,6,1.0,57,281.4,1.4,1.4,105.8,1.2,281.4,1.4,1.0
2017_11_BUF_LAC,BUF,284.0,2,284.0,2,0.0,146.0,2,0.0,58,269.8,1.2,1.0,136.0,2.2,269.8,1.2,1.0
2017_12_BUF_KC,BUF,199.0,1,199.0,1,1.0,55.0,0,0.0,59,261.0,1.4,0.6,152.2,2.4,261.0,1.4,0.8
2017_13_NE_BUF,BUF,258.0,0,258.0,0,1.0,191.0,2,0.0,60,224.0,1.0,0.6,149.4,2.4,224.0,1.0,0.4
2017_14_IND_BUF,BUF,69.0,1,69.0,1,0.0,163.0,0,0.0,61,213.0,0.8,0.4,176.8,2.6,213.0,0.8,0.2
2017_15_MIA_BUF,BUF,274.0,0,274.0,0,3.0,100.0,1,0.0,62,198.8,0.8,0.4,170.6,2.0,198.8,0.8,0.2
2017_16_BUF_NE,BUF,224.0,2,224.0,2,1.0,193.0,2,0.0,63,216.8,0.8,1.0,131.0,1.0,216.8,0.8,0.0
2017_17_BUF_MIA,BUF,271.0,1,271.0,1,1.0,93.0,1,0.0,64,204.8,0.8,1.2,140.4,1.0,204.8,0.8,0.0
2018_01_BUF_BAL,BUF,260.0,3,260.0,3,0.0,117.0,3,1.0,65,219.2,0.8,1.2,148.0,1.2,219.2,0.8,0.0
2018_02_LAC_BUF,BUF,256.0,3,256.0,3,0.0,109.0,1,0.0,66,219.6,1.4,1.0,133.2,1.4,219.6,1.4,0.2
2018_03_BUF_MIN,BUF,296.0,1,296.0,1,1.0,14.0,0,2.0,67,257.0,1.8,1.0,122.4,1.6,257.0,1.8,0.2
2018_04_BUF_GB,BUF,298.0,1,298.0,1,1.0,141.0,1,1.0,68,261.4,2.0,0.6,105.2,1.4,261.4,2.0,0.6
2018_05_TEN_BUF,BUF,129.0,0,129.0,0,1.0,100.0,0,2.0,69,276.2,1.8,0.6,94.8,1.2,276.2,1.8,0.8
2018_06_BUF_HOU,BUF,177.0,1,177.0,1,2.0,74.0,0,1.0,70,247.8,1.6,0.6,96.2,1.0,247.8,1.6,1.2
2018_07_BUF_IND,BUF,156.0,4,156.0,4,0.0,220.0,1,0.0,71,231.2,1.2,1.0,87.6,0.4,231.2,1.2,1.2
2018_08_NE_BUF,BUF,324.0,0,324.0,0,0.0,76.0,1,0.0,72,211.2,1.4,1.0,109.8,0.4,211.2,1.4,1.2
2018_09_CHI_BUF,BUF,135.0,1,135.0,1,1.0,64.0,2,0.0,73,216.8,1.2,0.8,122.2,0.6,216.8,1.2,0.8
2018_10_BUF_NYJ,BUF,135.0,0,135.0,0,2.0,83.0,1,0.0,74,184.2,1.2,0.8,106.8,0.8,184.2,1.2,0.6
2018_12_JAX_BUF,BUF,127.0,1,127.0,1,2.0,226.0,2,0.0,75,185.4,1.2,1.0,103.4,1.0,185.4,1.2,0.2
2018_13_BUF_MIA,BUF,137.0,3,137.0,3,1.0,60.0,0,0.0,76,175.4,1.2,1.0,133.8,1.4,175.4,1.2,0.0
2018_14_NYJ_BUF,BUF,170.0,1,170.0,1,1.0,75.0,2,0.0,77,171.6,1.0,1.2,101.8,1.2,171.6,1.0,0.0
2018_15_DET_BUF,BUF,208.0,1,208.0,1,0.0,105.0,1,0.0,78,140.8,1.2,1.4,101.6,1.4,140.8,1.2,0.0
2018_16_BUF_NE,BUF,126.0,1,126.0,1,2.0,273.0,2,1.0,79,155.4,1.2,1.2,109.8,1.2,155.4,1.2,0.0
2018_17_MIA_BUF,BUF,150.0,1,150.0,1,2.0,99.0,0,2.0,80,153.6,1.4,1.2,147.8,1.4,153.6,1.4,0.2
2019_01_BUF_NYJ,BUF,175.0,1,175.0,1,0.0,68.0,0,1.0,81,158.2,1.4,1.2,122.4,1.0,158.2,1.4,0.6
2019_02_BUF_NYG,BUF,250.0,1,250.0,1,2.0,129.0,1,0.0,82,165.8,1.0,1.0,124.0,1.0,165.8,1.0,0.8
2019_03_CIN_BUF,BUF,250.0,1,250.0,1,2.0,66.0,1,2.0,83,181.8,1.0,1.2,134.8,0.8,181.8,1.0,0.8
2019_04_NE_BUF,BUF,150.0,0,150.0,0,1.0,74.0,1,0.0,84,190.2,1.0,1.6,127.0,0.8,190.2,1.0,1.2
2019_05_BUF_TEN,BUF,183.0,0,183.0,0,0.0,102.0,1,0.0,85,195.0,0.8,1.4,87.2,0.6,195.0,0.8,1.0
2019_07_MIA_BUF,BUF,282.0,1,282.0,1,1.0,109.0,2,1.0,86,201.6,0.6,1.0,87.8,0.8,201.6,0.6,0.6
2019_08_PHI_BUF,BUF,172.0,1,172.0,1,0.0,218.0,3,0.0,87,223.0,0.6,1.2,96.0,1.2,223.0,0.6,0.6
2019_09_WAS_BUF,BUF,144.0,0,144.0,0,0.0,127.0,0,0.0,88,207.4,0.6,0.8,113.8,1.6,207.4,0.6,0.6
2019_10_BUF_CLE,BUF,238.0,2,238.0,2,0.0,147.0,0,0.0,89,186.2,0.4,0.4,126.0,1.4,186.2,0.4,0.2
2019_11_BUF_MIA,BUF,323.0,0,323.0,0,0.0,23.0,2,1.0,90,203.8,0.8,0.2,140.6,1.2,203.8,0.8,0.2
2019_12_DEN_BUF,BUF,82.0,0,82.0,0,1.0,85.0,0,0.0,91,231.8,0.8,0.2,124.8,1.4,231.8,0.8,0.4
2019_13_BUF_DAL,BUF,355.0,2,355.0,2,1.0,103.0,0,1.0,92,191.8,0.6,0.2,120.0,1.0,191.8,0.6,0.2
2019_14_BAL_BUF,BUF,145.0,3,145.0,3,1.0,118.0,0,0.0,93,228.4,0.8,0.4,97.0,0.4,228.4,0.8,0.4
2019_15_BUF_PIT,BUF,202.0,1,202.0,1,4.0,51.0,0,0.0,94,228.6,1.4,0.6,95.2,0.4,228.6,1.4,0.4
2019_16_BUF_NE,BUF,271.0,1,271.0,1,0.0,143.0,1,1.0,95,221.4,1.2,1.4,76.0,0.4,221.4,1.2,0.4
2019_17_NYJ_BUF,BUF,199.0,1,199.0,1,1.0,86.0,0,0.0,96,211.0,1.4,1.4,100.0,0.2,211.0,1.4,0.4
2020_01_NYJ_BUF,BUF,215.0,1,215.0,1,1.0,52.0,1,1.0,97,234.4,1.6,1.4,100.2,0.2,234.4,1.6,0.4
2020_02_BUF_MIA,BUF,328.0,2,328.0,2,0.0,99.0,1,0.0,98,206.4,1.4,1.4,90.0,0.4,206.4,1.4,0.4
2020_03_LA_BUF,BUF,321.0,2,321.0,2,1.0,167.0,2,0.0,99,243.0,1.2,1.2,86.2,0.6,243.0,1.2,0.4
2020_04_BUF_LV,BUF,311.0,2,311.0,2,0.0,86.0,0,2.0,100,266.8,1.4,0.6,109.4,1.0,266.8,1.4,0.4
2020_05_BUF_TEN,BUF,195.0,3,195.0,3,0.0,139.0,3,0.0,101,274.8,1.6,0.6,98.0,0.8,274.8,1.6,0.6
2020_06_KC_BUF,BUF,225.0,2,225.0,2,0.0,245.0,1,1.0,102,274.0,2.0,0.4,108.6,1.4,274.0,2.0,0.6
2020_07_BUF_NYJ,BUF,120.0,0,120.0,0,2.0,100.0,1,0.0,103,276.0,2.2,0.2,147.2,1.4,276.0,2.2,0.6
2020_08_NE_BUF,BUF,174.0,0,174.0,0,0.0,188.0,2,1.0,104,234.4,1.8,0.6,147.4,1.4,234.4,1.8,0.6
2020_09_SEA_BUF,BUF,390.0,2,390.0,2,2.0,57.0,2,2.0,105,205.0,1.4,0.4,151.6,1.4,205.0,1.4,0.8
2020_10_BUF_ARI,BUF,245.0,1,245.0,1,1.0,217.0,2,1.0,106,220.8,1.4,0.8,145.8,1.8,220.8,1.4,0.8
2020_12_LAC_BUF,BUF,316.0,1,316.0,1,1.0,76.0,1,0.0,107,230.8,1.0,1.0,161.4,1.6,230.8,1.0,1.0
2020_13_BUF_SF,BUF,316.0,3,316.0,3,2.0,86.0,0,0.0,108,249.0,0.8,1.2,127.6,1.6,249.0,0.8,0.8
2020_14_PIT_BUF,BUF,187.0,2,187.0,2,2.0,47.0,0,0.0,109,288.2,1.4,1.2,124.8,1.4,288.2,1.4,0.8
2020_15_BUF_DEN,BUF,132.0,1,132.0,1,0.0,140.0,2,1.0,110,290.8,1.8,1.6,96.6,1.0,290.8,1.8,0.6
2020_16_BUF_NE,BUF,78.0,0,78.0,0,0.0,145.0,1,0.0,111,239.2,1.6,1.2,113.2,1.0,239.2,1.6,0.4
2020_17_MIA_BUF,BUF,393.0,1,393.0,1,3.0,70.0,2,1.0,112,205.8,1.4,1.0,98.8,0.8,205.8,1.4,0.2
2021_01_PIT_BUF,BUF,188.0,1,188.0,1,0.0,75.0,0,0.0,113,221.2,1.4,1.4,97.6,1.0,221.2,1.4,0.4
2021_02_BUF_MIA,BUF,182.0,0,182.0,0,1.0,71.0,0,1.0,114,195.6,1.0,1.0,95.4,1.0,195.6,1.0,0.4
2021_03_WAS_BUF,BUF,212.0,2,212.0,2,2.0,78.0,1,1.0,115,194.6,0.6,0.8,100.2,1.0,194.6,0.6,0.6
2021_04_HOU_BUF,BUF,87.0,0,87.0,0,4.0,48.0,0,1.0,116,210.6,0.8,1.2,87.8,0.8,210.6,0.8,0.6
2021_05_BUF_KC,BUF,272.0,2,272.0,2,2.0,120.0,0,1.0,117,212.4,0.8,2.0,68.4,0.6,212.4,0.8,0.8
2021_06_BUF_TEN,BUF,216.0,0,216.0,0,1.0,146.0,4,0.0,118,188.2,1.0,1.8,78.4,0.2,188.2,1.0,0.8
2021_08_MIA_BUF,BUF,205.0,0,205.0,0,1.0,68.0,1,0.0,119,193.8,0.8,2.0,92.6,1.0,193.8,0.8,0.8
2021_09_BUF_JAX,BUF,151.0,0,151.0,0,0.0,79.0,0,1.0,120,198.4,0.8,2.0,92.0,1.2,198.4,0.8,0.6
2021_10_BUF_NYJ,BUF,298.0,1,298.0,1,4.0,70.0,1,1.0,121,186.2,0.4,1.6,92.2,1.0,186.2,0.4,0.6
2021_11_IND_BUF,BUF,106.0,1,106.0,1,0.0,264.0,4,0.0,122,228.4,0.6,1.6,96.6,1.2,228.4,0.6,0.6
2021_12_BUF_NO,BUF,163.0,1,163.0,1,1.0,44.0,0,0.0,123,195.2,0.4,1.2,125.4,2.0,195.2,0.4,0.4
2021_13_NE_BUF,BUF,19.0,0,19.0,0,0.0,222.0,1,0.0,124,184.6,0.6,1.2,105.0,1.2,184.6,0.6,0.4
2021_14_BUF_TB,BUF,363.0,2,363.0,2,0.0,137.0,2,0.0,125,147.4,0.6,1.0,135.8,1.2,147.4,0.6,0.4
2021_15_CAR_BUF,BUF,156.0,1,156.0,1,1.0,151.0,1,0.0,126,189.8,1.0,1.0,147.4,1.6,189.8,1.0,0.2
2021_16_BUF_NE,BUF,145.0,0,145.0,0,2.0,149.0,3,0.0,127,161.4,1.0,0.4,163.6,1.6,161.4,1.0,0.0
2021_17_ATL_BUF,BUF,197.0,0,197.0,0,0.0,96.0,1,1.0,128,169.2,0.8,0.8,140.6,1.4,169.2,0.8,0.0
2021_18_NYJ_BUF,BUF,87.0,1,87.0,1,0.0,48.0,0,0.0,129,176.0,0.6,0.6,151.0,1.6,176.0,0.6,0.2
2022_01_BUF_LA,BUF,240.0,1,240.0,1,3.0,52.0,0,0.0,130,189.6,0.8,0.6,116.2,1.4,189.6,0.8,0.2
2022_02_TEN_BUF,BUF,123.0,0,123.0,0,2.0,80.0,1,1.0,131,165.0,0.6,1.2,99.2,1.0,165.0,0.6,0.2
2022_03_BUF_MIA,BUF,186.0,1,186.0,1,0.0,41.0,2,0.0,132,158.4,0.4,1.4,85.0,1.0,158.4,0.4,0.4
2022_04_BUF_BAL,BUF,144.0,1,144.0,1,2.0,162.0,1,0.0,133,166.6,0.6,1.0,63.4,0.8,166.6,0.6,0.4
2022_05_PIT_BUF,BUF,327.0,0,327.0,0,1.0,54.0,0,0.0,134,156.0,0.8,1.4,76.6,0.8,156.0,0.8,0.2
2022_06_BUF_KC,BUF,338.0,2,338.0,2,2.0,68.0,0,0.0,135,204.0,0.6,1.6,77.8,0.8,204.0,0.6,0.2
2022_08_GB_BUF,BUF,203.0,2,203.0,2,1.0,208.0,0,0.0,136,223.6,0.8,1.4,81.0,0.8,223.6,0.8,0.2
2022_09_BUF_NYJ,BUF,154.0,1,154.0,1,0.0,174.0,1,1.0,137,239.6,1.2,1.2,106.6,0.6,239.6,1.2,0.0
2022_10_MIN_BUF,BUF,357.0,1,357.0,1,2.0,147.0,2,0.0,138,233.2,1.2,1.2,133.2,0.4,233.2,1.2,0.2
2022_11_CLE_BUF,BUF,324.0,3,324.0,3,0.0,80.0,0,1.0,139,275.8,1.2,1.2,130.2,0.6,275.8,1.2,0.2
2022_12_BUF_DET,BUF,240.0,2,240.0,2,0.0,96.0,1,1.0,140,275.2,1.8,1.0,135.4,0.6,275.2,1.8,0.4
2022_13_BUF_NE,BUF,195.0,1,195.0,1,0.0,60.0,0,0.0,141,255.6,1.8,0.6,141.0,0.8,255.6,1.8,0.6
2022_14_NYJ_BUF,BUF,269.0,0,269.0,0,0.0,76.0,1,2.0,142,254.0,1.6,0.4,111.4,0.8,254.0,1.6,0.6
2022_15_MIA_BUF,BUF,234.0,2,234.0,2,0.0,188.0,1,0.0,143,277.0,1.4,0.4,91.8,0.8,277.0,1.4,0.8
2022_16_BUF_CHI,BUF,144.0,1,144.0,1,1.0,80.0,0,1.0,144,252.4,1.6,0.0,100.0,0.6,252.4,1.6,0.8
2022_18_NE_BUF,BUF,243.0,3,243.0,3,3.0,107.0,0,0.0,145,216.4,1.2,0.2,100.0,0.6,216.4,1.2,0.8
2023_01_BUF_NYJ,BUF,140.0,1,140.0,1,1.0,172.0,0,0.0,146,217.0,1.4,0.8,102.2,0.4,217.0,1.4,0.6
2023_02_LV_BUF,BUF,185.0,1,185.0,1,2.0,55.0,0,1.0,147,206.0,1.4,1.0,124.6,0.4,206.0,1.4,0.6
2023_03_BUF_WAS,BUF,170.0,0,170.0,0,4.0,105.0,0,1.0,148,189.2,1.6,1.4,120.4,0.2,189.2,1.6,0.4
2023_04_MIA_BUF,BUF,282.0,1,282.0,1,1.0,142.0,2,1.0,149,176.4,1.2,2.2,103.8,0.0,176.4,1.2,0.6
2023_05_JAX_BUF,BUF,315.0,1,315.0,1,0.0,196.0,2,2.0,150,204.0,1.2,2.2,116.2,0.4,204.0,1.2,0.6
2023_06_NYG_BUF,BUF,200.0,0,200.0,0,0.0,132.0,0,0.0,151,218.4,0.8,1.6,134.0,0.8,218.4,0.8,1.0
2023_07_BUF_NE,BUF,272.0,2,272.0,2,0.0,96.0,1,1.0,152,230.4,0.6,1.4,126.0,0.8,230.4,0.6,1.0
2023_08_TB_BUF,BUF,237.0,2,237.0,2,0.0,78.0,0,0.0,153,247.8,0.8,1.0,134.2,1.0,247.8,0.8,1.0
2023_09_BUF_CIN,BUF,348.0,2,348.0,2,0.0,54.0,1,0.0,154,261.2,1.2,0.2,128.8,1.0,261.2,1.2,0.8
2023_10_DEN_BUF,BUF,193.0,2,193.0,2,0.0,122.0,0,1.0,155,274.4,1.4,0.0,111.2,0.8,274.4,1.4,0.6
2023_11_NYJ_BUF,BUF,132.0,1,132.0,1,2.0,63.0,0,1.0,156,250.0,1.6,0.0,96.4,0.4,250.0,1.6,0.4
2023_12_BUF_PHI,BUF,200.0,3,200.0,3,1.0,185.0,2,1.0,157,236.4,1.8,0.4,82.6,0.4,236.4,1.8,0.6
2023_14_BUF_KC,BUF,271.0,1,271.0,1,1.0,82.0,1,1.0,158,222.0,2.0,0.6,100.4,0.6,222.0,2.0,0.6
2023_15_DAL_BUF,BUF,134.0,0,134.0,0,1.0,89.0,1,0.0,159,228.8,1.8,0.8,101.2,0.8,228.8,1.8,0.8
2023_16_BUF_LAC,BUF,215.0,0,215.0,0,0.0,98.0,1,0.0,160,186.0,1.4,1.0,108.2,0.8,186.0,1.4,0.8
2023_17_NE_BUF,BUF,209.0,0,209.0,0,3.0,103.0,2,1.0,161,190.4,1.0,1.0,103.4,1.0,190.4,1.0,0.6
2023_18_BUF_MIA,BUF,173.0,1,173.0,1,2.0,108.0,1,0.0,162,205.8,0.8,1.2,111.4,1.4,205.8,0.8,0.6
2024_01_ARI_BUF,BUF,162.0,1,162.0,1,0.0,124.0,1,1.0,163,200.4,0.4,1.4,96.0,1.2,200.4,0.4,0.4
2024_02_BUF_MIA,BUF,225.0,1,225.0,1,3.0,139.0,0,0.0,164,178.6,0.4,1.2,104.4,1.2,178.6,0.4,0.4
2024_03_JAX_BUF,BUF,200.0,1,200.0,1,1.0,92.0,0,1.0,165,196.8,0.6,1.6,114.4,1.0,196.8,0.6,0.4
2024_04_BUF_BAL,BUF,157.0,2,157.0,2,0.0,271.0,2,1.0,166,193.8,0.8,1.8,113.2,0.8,193.8,0.8,0.6
2024_05_BUF_HOU,BUF,331.0,1,331.0,1,1.0,94.0,1,1.0,167,183.4,1.2,1.2,146.8,0.8,183.4,1.2,0.6
2024_06_BUF_NYJ,BUF,294.0,2,294.0,2,1.0,121.0,0,0.0,168,215.0,1.2,1.0,144.0,0.8,215.0,1.2,0.8
2024_07_TEN_BUF,BUF,215.0,1,215.0,1,1.0,89.0,0,1.0,169,241.4,1.4,1.2,143.4,0.6,241.4,1.4,0.6
2024_08_BUF_SEA,BUF,212.0,0,212.0,0,1.0,32.0,1,0.0,170,239.4,1.4,0.8,133.4,0.6,239.4,1.4,0.8
2024_09_MIA_BUF,BUF,231.0,2,231.0,2,0.0,149.0,1,1.0,171,241.8,1.2,0.8,121.4,0.8,241.8,1.2,0.6
2024_10_BUF_IND,BUF,272.0,2,272.0,2,3.0,121.0,0,1.0,172,256.6,1.2,0.8,97.0,0.6,256.6,1.2,0.6
2024_11_KC_BUF,BUF,196.0,3,196.0,3,2.0,78.0,0,0.0,173,244.8,1.4,1.2,102.4,0.4,244.8,1.4,0.6
2024_13_SF_BUF,BUF,94.0,0,94.0,0,0.0,153.0,1,2.0,174,225.2,1.6,1.4,93.8,0.4,225.2,1.6,0.6
2024_14_BUF_LA,BUF,320.0,2,320.0,2,0.0,137.0,3,0.0,175,201.0,1.4,1.2,106.6,0.6,201.0,1.4,0.8
2024_15_BUF_DET,BUF,494.0,5,494.0,5,0.0,48.0,1,1.0,176,222.6,1.8,1.0,127.6,1.0,222.6,1.8,0.8
2024_16_NE_BUF,BUF,261.0,2,261.0,2,1.0,126.0,1,2.0,177,275.2,2.4,1.0,107.4,1.0,275.2,2.4,0.8
2024_17_NYJ_BUF,BUF,195.0,2,195.0,2,2.0,112.0,0,1.0,178,273.0,2.4,0.6,108.4,1.2,273.0,2.4,1.0
2024_18_BUF_NE,BUF,241.0,1,241.0,1,0.0,77.0,1,1.0,179,272.8,2.2,0.6,115.2,1.2,272.8,2.2,1.2
2014_01_CAR_TB,CAR,183.0,2,183.0,2,2.0,102.0,0,1.0,1,,,,,,,,
2014_02_DET_CAR,CAR,291.0,1,291.0,1,1.0,70.0,0,1.0,2,183.0,2.0,2.0,102.0,0.0,183.0,2.0,1.0
2014_03_PIT_CAR,CAR,196.0,2,196.0,2,0.0,264.0,1,0.0,3,237.0,1.5,1.5,86.0,0.0,237.0,1.5,1.0
2014_04_CAR_BAL,CAR,327.0,3,327.0,3,0.0,127.0,2,0.0,4,223.33333333333334,1.6666666666666667,1.0,145.33333333333334,0.3333333333333333,223.33333333333334,1.6666666666666667,0.6666666666666666
2014_05_CHI_CAR,CAR,289.0,2,289.0,2,2.0,85.0,1,2.0,5,249.25,2.0,0.75,140.75,0.75,249.25,2.0,0.5
2014_06_CAR_CIN,CAR,323.0,2,323.0,2,2.0,193.0,2,0.0,6,257.2,2.0,1.0,129.6,0.8,257.2,2.0,0.8
2014_07_CAR_GB,CAR,255.0,3,255.0,3,0.0,122.0,2,0.0,7,285.2,2.0,1.0,147.8,1.2,285.2,2.0,0.6
2014_08_SEA_CAR,CAR,199.0,1,199.0,1,1.0,119.0,0,0.0,8,278.0,2.4,0.8,158.2,1.6,278.0,2.4,0.4
2014_09_NO_CAR,CAR,297.0,1,297.0,1,1.0,105.0,3,1.0,9,278.6,2.2,1.0,129.2,1.4,278.6,2.2,0.4
2014_10_CAR_PHI,CAR,332.0,2,332.0,2,0.0,37.0,2,0.0,10,272.6,1.8,1.2,124.8,1.6,272.6,1.8,0.6
2014_11_ATL_CAR,CAR,268.0,1,268.0,1,0.0,86.0,0,1.0,11,281.2,1.8,0.8,115.2,1.8,281.2,1.8,0.2
2014_13_CAR_MIN,CAR,138.0,2,138.0,2,0.0,92.0,0,0.0,12,270.2,1.6,0.4,93.8,1.4,270.2,1.6,0.4
2014_14_CAR_NO,CAR,235.0,1,235.0,1,1.0,92.0,0,1.0,13,246.8,1.4,0.4,87.8,1.0,246.8,1.4,0.4
2014_15_TB_CAR,CAR,154.0,1,154.0,1,1.0,151.0,1,2.0,14,254.0,1.4,0.4,82.4,1.0,254.0,1.4,0.6
2014_16_CLE_CAR,CAR,166.0,1,166.0,1,1.0,84.0,0,0.0,15,225.4,1.4,0.4,91.6,0.6,225.4,1.4,0.8
2014_17_CAR_ATL,CAR,260.0,0,260.0,0,2.0,63.0,0,1.0,16,192.2,1.2,0.6,101.0,0.2,192.2,1.2,0.8
2015_01_CAR_JAX,CAR,183.0,1,183.0,1,2.0,96.0,0,1.0,17,190.6,1.0,1.0,96.4,0.2,190.6,1.0,0.8
2015_02_HOU_CAR,CAR,244.0,1,244.0,1,1.0,61.0,1,0.0,18,199.6,0.8,1.4,97.2,0.2,199.6,0.8,1.0
2015_03_NO_CAR,CAR,310.0,0,310.0,0,1.0,70.0,2,1.0,19,201.4,0.8,1.4,91.0,0.4,201.4,0.8,0.8
2015_04_CAR_TB,CAR,287.0,2,287.0,2,4.0,141.0,1,0.0,20,232.6,0.6,1.4,74.8,0.6,232.6,0.6,0.6
2015_06_CAR_SEA,CAR,243.0,1,241.0,1,0.0,115.0,1,0.0,21,256.8,0.8,2.0,86.2,0.8,256.8,0.8,0.6
2015_07_PHI_CAR,CAR,205.0,0,205.0,0,1.0,177.0,1,0.0,22,253.0,1.0,1.6,96.6,1.0,253.4,1.0,0.4
2015_08_IND_CAR,CAR,231.0,2,231.0,2,3.0,136.0,0,0.0,23,257.4,0.8,1.4,112.8,1.2,257.8,0.8,0.2
2015_09_GB_CAR,CAR,381.0,4,369.0,4,1.0,71.0,0,1.0,24,254.8,1.0,1.8,127.8,1.0,255.2,1.0,0.2
2015_10_CAR_TEN,CAR,185.0,0,185.0,0,1.0,64.0,1,1.0,25,266.6,1.8,1.8,128.0,0.6,269.4,1.8,0.2
2015_11_WAS_CAR,CAR,207.0,1,207.0,1,1.0,14.0,0,4.0,26,246.2,1.4,1.2,112.6,0.6,249.0,1.4,0.4
2015_12_CAR_DAL,CAR,199.0,1,199.0,1,3.0,31.0,0,0.0,27,239.4,1.4,1.4,92.4,0.4,241.8,1.4,1.2
2015_13_CAR_NO,CAR,282.0,3,282.0,3,1.0,70.0,1,0.0,28,238.2,1.6,1.8,63.2,0.2,240.6,1.6,1.2
2015_14_ATL_CAR,CAR,235.0,0,235.0,0,2.0,54.0,0,2.0,29,248.4,1.8,1.4,50.0,0.4,250.8,1.8,1.2
2015_15_CAR_NYG,CAR,245.0,4,245.0,4,1.0,161.0,1,1.0,30,221.6,1.0,1.6,46.6,0.4,221.6,1.0,1.4
2015_16_CAR_ATL,CAR,306.0,1,306.0,1,0.0,77.0,1,1.0,31,233.6,1.8,1.6,66.0,0.4,233.6,1.8,1.4
2015_17_TB_CAR,CAR,325.0,0,325.0,0,2.0,77.0,1,0.0,32,253.4,1.8,1.4,78.6,0.6,253.4,1.8,0.8
2016_01_CAR_DEN,CAR,178.0,1,178.0,1,2.0,148.0,2,1.0,33,278.6,1.6,1.2,87.8,0.8,278.6,1.6,0.8
2016_02_SF_CAR,CAR,243.0,2,243.0,2,2.0,65.0,1,1.0,34,257.8,1.2,1.4,103.4,1.0,257.8,1.2,1.0
2016_03_MIN_CAR,CAR,171.0,1,171.0,1,0.0,58.0,0,0.0,35,259.4,1.6,1.4,105.6,1.2,259.4,1.6,0.8
2016_04_CAR_ATL,CAR,503.0,4,503.0,4,1.0,90.0,1,0.0,36,244.6,1.0,1.2,85.0,1.0,244.6,1.0,0.6
2016_05_TB_CAR,CAR,219.0,1,219.0,1,0.0,113.0,0,0.0,37,284.0,1.6,1.4,87.6,1.0,284.0,1.6,0.4
2016_06_CAR_NO,CAR,465.0,4,465.0,4,1.0,63.0,1,0.0,38,262.8,1.8,1.0,94.8,0.8,262.8,1.8,0.4
2016_08_ARI_CAR,CAR,363.0,3,363.0,3,1.0,24.0,0,1.0,39,320.2,2.4,0.8,77.8,0.6,320.2,2.4,0.2
2016_09_CAR_LA,CAR,296.0,1,296.0,1,1.0,59.0,0,0.0,40,344.2,2.6,0.6,69.6,0.4,344.2,2.6,0.2
2016_10_KC_CAR,CAR,178.0,0,178.0,0,1.0,91.0,0,0.0,41,369.2,2.6,0.8,69.8,0.4,369.2,2.6,0.2
2016_11_NO_CAR,CAR,285.0,2,285.0,2,1.0,107.0,0,1.0,42,304.2,1.8,0.8,70.0,0.2,304.2,1.8,0.2
2016_12_CAR_OAK,CAR,315.0,2,315.0,2,1.0,56.0,1,1.0,43,317.4,2.0,1.0,68.8,0.2,317.4,2.0,0.4
2016_13_CAR_SEA,CAR,315.0,1,315.0,1,1.0,240.0,3,0.0,44,287.4,1.6,1.0,67.4,0.2,287.4,1.6,0.6
2016_14_SD_CAR,CAR,236.0,2,236.0,2,3.0,58.0,0,2.0,45,277.8,1.2,1.0,110.6,0.8,277.8,1.2,0.4
2016_15_CAR_WAS,CAR,315.0,0,315.0,0,1.0,29.0,1,2.0,46,265.8,1.4,1.4,110.4,0.8,265.8,1.4,0.8
2016_16_ATL_CAR,CAR,277.0,2,277.0,2,0.0,152.0,1,0.0,47,293.2,1.4,1.4,98.0,1.0,293.2,1.4,1.2
2016_17_CAR_TB,CAR,202.0,1,202.0,1,1.0,112.0,0,1.0,48,291.6,1.4,1.2,107.0,1.2,291.6,1.4,1.0
2017_01_CAR_SF,CAR,193.0,0,193.0,0,1.0,51.0,0,1.0,49,269.0,1.2,1.2,118.2,1.0,269.0,1.2,1.0
2017_02_BUF_CAR,CAR,125.0,0,125.0,0,0.0,69.0,0,0.0,50,244.6,1.0,1.2,80.4,0.4,244.6,1.0,1.2
2017_03_NO_CAR,CAR,220.0,3,220.0,3,0.0,149.0,1,0.0,51,222.4,0.6,0.6,82.6,0.4,222.4,0.6,0.8
2017_04_CAR_NE,CAR,307.0,2,307.0,2,0.0,80.0,1,0.0,52,203.4,1.2,0.4,106.6,0.4,203.4,1.2,0.4
2017_05_CAR_DET,CAR,229.0,2,229.0,2,0.0,50.0,1,1.0,53,209.4,1.2,0.4,92.2,0.4,209.4,1.2,0.4
2017_06_PHI_CAR,CAR,222.0,3,222.0,3,0.0,101.0,0,1.0,54,214.8,1.4,0.2,79.8,0.6,214.8,1.4,0.4
2017_07_CAR_CHI,CAR,107.0,0,107.0,0,0.0,68.0,0,0.0,55,220.6,2.0,0.0,89.8,0.6,220.6,2.0,0.4
2017_08_CAR_TB,CAR,210.0,0,210.0,0,2.0,85.0,0,1.0,56,217.0,2.0,0.0,89.6,0.6,217.0,2.0,0.4
2017_09_ATL_CAR,CAR,313.0,2,313.0,2,1.0,53.0,0,0.0,57,215.0,1.4,0.4,76.8,0.4,215.0,1.4,0.6
2017_10_MIA_CAR,CAR,213.0,2,213.0,2,1.0,100.0,1,0.0,58,216.2,1.4,0.6,71.4,0.2,216.2,1.4,0.6
2017_12_CAR_NYJ,CAR,307.0,3,307.0,3,0.0,109.0,0,1.0,59,213.0,1.4,0.8,81.4,0.2,213.0,1.4,0.4
2017_13_CAR_NO,CAR,269.0,1,269.0,1,0.0,148.0,3,1.0,60,230.0,1.4,0.8,83.0,0.2,230.0,1.4,0.4
2017_14_MIN_CAR,CAR,280.0,2,280.0,2,2.0,100.0,0,1.0,61,262.4,1.6,0.8,99.0,0.8,262.4,1.6,0.6
2017_15_GB_CAR,CAR,290.0,3,290.0,3,3.0,120.0,0,1.0,62,276.4,2.0,0.8,102.0,0.8,276.4,2.0,0.6
2017_16_TB_CAR,CAR,367.0,1,367.0,1,0.0,66.0,0,3.0,63,271.8,2.2,1.2,115.4,0.8,271.8,2.2,0.8
2017_17_CAR_ATL,CAR,317.0,1,317.0,1,0.0,60.0,0,0.0,64,302.6,2.0,1.0,108.6,0.6,302.6,2.0,1.4
2018_01_DAL_CAR,CAR,170.0,0,170.0,0,0.0,94.0,1,1.0,65,304.6,1.6,1.0,98.8,0.6,304.6,1.6,1.2
2018_02_CAR_ATL,CAR,272.0,2,272.0,2,1.0,170.0,2,0.0,66,284.8,1.4,1.0,88.0,0.2,284.8,1.4,1.2
2018_03_CIN_CAR,CAR,352.0,2,352.0,2,4.0,66.0,1,0.0,67,283.2,1.4,0.8,102.0,0.6,283.2,1.4,1.0
2018_05_NYG_CAR,CAR,383.0,3,383.0,3,2.0,50.0,0,0.0,68,295.6,1.2,1.0,91.2,0.8,295.6,1.2,0.8
2018_06_CAR_WAS,CAR,163.0,2,163.0,2,0.0,132.0,0,0.0,69,298.8,1.6,1.4,88.0,0.8,298.8,1.6,0.2
2018_07_CAR_PHI,CAR,310.0,2,310.0,2,0.0,58.0,0,1.0,70,268.0,1.8,1.4,102.4,0.8,268.0,1.8,0.2
2018_08_BAL_CAR,CAR,238.0,2,238.0,2,2.0,101.0,1,1.0,71,296.0,2.2,1.4,95.2,0.6,296.0,2.2,0.2
2018_09_TB_CAR,CAR,243.0,4,243.0,4,2.0,82.0,0,0.0,72,289.2,2.2,1.6,81.4,0.4,289.2,2.2,0.4
2018_10_CAR_PIT,CAR,325.0,5,325.0,5,0.0,138.0,1,0.0,73,267.4,2.6,1.2,84.6,0.2,267.4,2.6,0.4
2018_11_CAR_DET,CAR,220.0,1,220.0,1,0.0,94.0,1,0.0,74,255.8,3.0,0.8,102.2,0.4,255.8,3.0,0.4
2018_12_SEA_CAR,CAR,339.0,2,339.0,2,0.0,75.0,1,0.0,75,267.2,2.8,0.8,94.6,0.6,267.2,2.8,0.4
2018_13_CAR_TB,CAR,249.0,2,249.0,2,0.0,95.0,1,1.0,76,273.0,2.8,0.8,98.0,0.8,273.0,2.8,0.2
2018_14_CAR_CLE,CAR,238.0,1,238.0,1,0.0,116.0,2,2.0,77,275.2,2.8,0.4,96.8,0.8,275.2,2.8,0.2
2018_15_NO_CAR,CAR,203.0,0,203.0,0,1.0,155.0,1,0.0,78,274.2,2.2,0.0,103.6,1.2,274.2,2.2,0.6
2018_16_ATL_CAR,CAR,239.0,3,239.0,3,0.0,194.0,0,2.0,79,249.8,1.2,0.2,107.0,1.2,249.8,1.2,0.6
2018_17_CAR_NO,CAR,118.0,1,118.0,1,1.0,184.0,1,0.0,80,253.6,1.6,0.2,127.0,1.0,253.6,1.6,1.0
2019_01_LA_CAR,CAR,186.0,1,186.0,1,1.0,166.0,2,0.0,81,209.4,1.4,0.4,148.8,1.0,209.4,1.4,1.0
2019_02_TB_CAR,CAR,208.0,1,208.0,1,0.0,100.0,1,0.0,82,196.8,1.2,0.6,163.0,1.2,196.8,1.2,0.8
2019_03_CAR_ARI,CAR,173.0,2,173.0,2,2.0,121.0,0,0.0,83,190.8,1.2,0.6,159.8,1.0,190.8,1.2,0.4
2019_04_CAR_HOU,CAR,160.0,0,160.0,0,1.0,136.0,1,1.0,84,184.8,1.6,0.8,153.0,0.8,184.8,1.6,0.4
2019_05_JAX_CAR,CAR,374.0,2,374.0,2,0.0,149.0,1,3.0,85,169.0,1.0,1.0,141.4,1.0,169.0,1.0,0.2
2019_06_CAR_TB,CAR,400.0,1,400.0,1,5.0,42.0,2,1.0,86,220.2,1.2,0.8,134.4,1.0,220.2,1.2,0.8
2019_08_CAR_SF,CAR,175.0,2,175.0,2,1.0,232.0,5,0.0,87,263.0,1.2,1.6,109.6,1.0,263.0,1.2,1.0
2019_09_TEN_CAR,CAR,331.0,1,331.0,1,2.0,121.0,2,1.0,88,256.4,1.4,1.8,136.0,1.8,256.4,1.4,1.0
2019_10_CAR_GB,CAR,233.0,0,233.0,0,0.0,163.0,3,0.0,89,288.0,1.2,1.8,136.0,2.2,288.0,1.2,1.2
2019_11_ATL_CAR,CAR,314.0,1,314.0,1,0.0,54.0,1,0.0,90,302.6,1.2,1.6,141.4,2.6,302.6,1.2,1.0
2019_12_CAR_NO,CAR,311.0,3,311.0,3,1.0,118.0,1,0.0,91,290.6,1.0,1.6,122.4,2.6,290.6,1.0,0.4
2019_13_WAS_CAR,CAR,147.0,0,147.0,0,0.0,248.0,3,0.0,92,272.8,1.4,0.8,137.6,2.4,272.8,1.4,0.2
2019_14_CAR_ATL,CAR,313.0,2,313.0,2,0.0,159.0,2,0.0,93,267.2,1.0,0.6,140.8,2.0,267.2,1.0,0.2
2019_15_SEA_CAR,CAR,286.0,2,286.0,2,1.0,154.0,2,0.0,94,263.6,1.2,0.2,148.4,2.0,263.6,1.2,0.0
2019_16_CAR_IND,CAR,119.0,0,119.0,0,0.0,218.0,3,0.0,95,274.2,1.6,0.4,146.6,1.8,274.2,1.6,0.0
2019_17_NO_CAR,CAR,267.0,3,267.0,3,0.0,115.0,2,0.0,96,235.2,1.4,0.4,179.4,2.2,235.2,1.4,0.0
2020_01_LV_CAR,CAR,239.0,1,239.0,1,0.0,133.0,3,0.0,97,226.4,1.4,0.2,178.8,2.4,226.4,1.4,0.0
2020_02_CAR_TB,CAR,217.0,1,217.0,1,1.0,122.0,3,1.0,98,244.8,1.6,0.2,155.8,2.4,244.8,1.6,0.0
2020_03_CAR_LAC,CAR,330.0,1,330.0,1,1.0,117.0,1,3.0,99,225.6,1.4,0.4,148.4,2.6,225.6,1.4,0.2
2020_04_ARI_CAR,CAR,133.0,3,133.0,3,0.0,129.0,0,1.0,100,234.4,1.2,0.4,141.0,2.4,234.4,1.2,0.8
2020_05_CAR_ATL,CAR,226.0,0,226.0,0,1.0,166.0,1,0.0,101,237.2,1.8,0.4,123.2,1.8,237.2,1.8,1.0
2020_06_CHI_CAR,CAR,198.0,1,198.0,1,1.0,63.0,1,0.0,102,229.0,1.2,0.6,133.4,1.6,229.0,1.2,1.0
2020_07_CAR_NO,CAR,287.0,2,287.0,2,0.0,138.0,1,1.0,103,220.8,1.2,0.8,119.4,1.2,220.8,1.2,1.0
2020_08_ATL_CAR,CAR,281.0,0,281.0,0,1.0,131.0,2,0.0,104,234.8,1.4,0.6,122.6,0.8,234.8,1.4,1.0
2020_09_CAR_KC,CAR,372.0,4,372.0,4,0.0,36.0,0,1.0,105,225.0,1.2,0.6,125.4,1.0,225.0,1.2,0.4
2020_10_TB_CAR,CAR,341.0,3,341.0,3,0.0,210.0,2,1.0,106,272.8,1.4,0.6,106.8,1.0,272.8,1.4,0.4
2020_11_DET_CAR,CAR,178.0,0,178.0,0,0.0,40.0,0,0.0,107,295.8,2.0,0.4,115.6,1.2,295.8,2.0,0.6
2020_12_CAR_MIN,CAR,307.0,3,307.0,3,0.0,96.0,0,2.0,108,291.8,1.8,0.2,111.0,1.0,291.8,1.8,0.6
2020_14_DEN_CAR,CAR,280.0,4,280.0,4,0.0,96.0,0,1.0,109,295.8,2.0,0.2,102.6,0.8,295.8,2.0,0.8
2020_15_CAR_GB,CAR,143.0,1,143.0,1,0.0,195.0,2,0.0,110,295.6,2.8,0.0,95.6,0.4,295.6,2.8,1.0
2020_16_CAR_WAS,CAR,291.0,1,291.0,1,2.0,108.0,0,1.0,111,249.8,2.2,0.0,127.4,0.8,249.8,2.2,0.8
2020_17_NO_CAR,CAR,201.0,3,201.0,3,0.0,156.0,1,0.0,112,239.8,1.8,0.4,107.0,0.4,239.8,1.8,0.8
2021_01_NYJ_CAR,CAR,258.0,2,258.0,2,1.0,45.0,0,0.0,113,244.4,2.4,0.4,130.2,0.6,244.4,2.4,0.8
2021_02_NO_CAR,CAR,111.0,0,111.0,0,2.0,48.0,1,0.0,114,234.6,2.2,0.6,120.0,0.6,234.6,2.2,0.4
2021_03_CAR_HOU,CAR,168.0,1,168.0,1,0.0,42.0,0,0.0,115,200.8,1.4,1.0,110.4,0.8,200.8,1.4,0.2
2021_04_CAR_DAL,CAR,188.0,4,188.0,4,0.0,245.0,1,0.0,116,205.8,1.4,1.0,79.8,0.4,205.8,1.4,0.2
2021_05_PHI_CAR,CAR,198.0,0,198.0,0,1.0,91.0,2,1.0,117,185.2,2.0,0.6,107.2,0.6,185.2,2.0,0.0
2021_06_MIN_CAR,CAR,373.0,3,373.0,3,0.0,198.0,1,1.0,118,184.6,1.4,0.8,94.2,0.8,184.6,1.4,0.2
2021_07_CAR_NYG,CAR,219.0,1,219.0,1,0.0,103.0,1,0.0,119,207.6,1.6,0.6,124.8,1.0,207.6,1.6,0.4
2021_08_CAR_ATL,CAR,146.0,1,146.0,1,2.0,82.0,0,0.0,120,229.2,1.8,0.2,135.8,1.0,229.2,1.8,0.4
2021_09_NE_CAR,CAR,139.0,1,139.0,1,1.0,151.0,1,1.0,121,224.8,1.8,0.6,143.8,1.0,224.8,1.8,0.4
2021_10_CAR_ARI,CAR,143.0,0,143.0,0,1.0,65.0,1,1.0,122,215.0,1.2,0.8,125.0,1.0,215.0,1.2,0.6
2021_11_WAS_CAR,CAR,206.0,3,206.0,3,0.0,190.0,0,1.0,123,204.0,1.2,0.8,119.8,0.8,204.0,1.2,0.6
2021_12_CAR_MIA,CAR,230.0,1,230.0,1,0.0,111.0,2,0.0,124,170.6,1.2,0.8,118.2,0.6,170.6,1.2,0.6
2021_14_ATL_CAR,CAR,190.0,1,190.0,1,0.0,128.0,1,1.0,125,172.8,1.2,0.8,119.8,0.8,172.8,1.2,0.6
2021_15_CAR_BUF,CAR,210.0,3,210.0,3,1.0,119.0,1,0.0,126,181.6,1.2,0.4,129.0,1.0,181.6,1.2,0.8
2021_16_TB_CAR,CAR,232.0,1,232.0,1,0.0,159.0,2,0.0,127,195.8,1.6,0.4,122.6,1.0,195.8,1.6,0.6
2021_17_CAR_NO,CAR,222.0,1,222.0,1,0.0,73.0,0,0.0,128,213.6,1.8,0.2,141.4,1.2,213.6,1.8,0.4
2021_18_CAR_TB,CAR,326.0,3,326.0,3,0.0,85.0,2,0.0,129,216.8,1.4,0.2,118.0,1.2,216.8,1.4,0.2
2022_01_CLE_CAR,CAR,147.0,1,147.0,1,0.0,217.0,1,0.0,130,236.0,1.8,0.2,112.8,1.2,236.0,1.8,0.2
2022_02_CAR_NYG,CAR,176.0,1,176.0,1,0.0,103.0,0,0.0,131,227.4,1.8,0.2,130.6,1.2,227.4,1.8,0.0
2022_03_NO_CAR,CAR,353.0,1,353.0,1,2.0,84.0,1,1.0,132,220.6,1.4,0.0,127.4,1.0,220.6,1.4,0.0
2022_04_ARI_CAR,CAR,207.0,2,207.0,2,1.0,132.0,1,0.0,133,244.8,1.4,0.4,112.4,0.8,244.8,1.4,0.2
2022_05_SF_CAR,CAR,253.0,2,253.0,2,0.0,153.0,2,1.0,134,241.8,1.6,0.6,124.2,1.0,241.8,1.6,0.2
2022_06_CAR_LA,CAR,253.0,1,253.0,1,1.0,111.0,2,0.0,135,227.2,1.4,0.6,137.8,1.0,227.2,1.4,0.4
2022_07_TB_CAR,CAR,290.0,0,290.0,0,0.0,46.0,0,0.0,136,248.4,1.4,0.8,116.6,1.2,248.4,1.4,0.4
2022_08_CAR_ATL,CAR,253.0,3,253.0,3,2.0,167.0,0,0.0,137,271.2,1.2,0.8,105.2,1.2,271.2,1.2,0.4
2022_09_CAR_CIN,CAR,228.0,1,228.0,1,0.0,241.0,5,0.0,138,251.2,1.6,0.8,121.8,1.0,251.2,1.6,0.2
2022_10_ATL_CAR,CAR,186.0,2,186.0,2,1.0,138.0,0,0.0,139,255.4,1.4,0.6,143.6,1.8,255.4,1.4,0.2
2022_11_CAR_BAL,CAR,209.0,0,209.0,0,1.0,115.0,1,0.0,140,242.0,1.4,0.8,140.6,1.4,242.0,1.4,0.0
2022_12_DEN_CAR,CAR,142.0,1,142.0,1,0.0,121.0,0,1.0,141,233.2,1.2,0.8,141.4,1.2,233.2,1.2,0.0
2022_14_CAR_SEA,CAR,264.0,3,264.0,3,2.0,46.0,0,0.0,142,203.6,1.4,0.8,156.4,1.2,203.6,1.4,0.2
2022_15_PIT_CAR,CAR,179.0,0,179.0,0,0.0,156.0,3,0.0,143,205.8,1.4,0.8,132.2,1.2,205.8,1.4,0.2
2022_16_DET_CAR,CAR,355.0,3,355.0,3,0.0,45.0,0,1.0,144,196.0,1.2,0.8,115.2,0.8,196.0,1.2,0.2
2022_17_CAR_TB,CAR,432.0,3,432.0,3,0.0,67.0,1,1.0,145,229.8,1.4,0.6,96.6,0.8,229.8,1.4,0.4
2022_18_CAR_NO,CAR,171.0,1,171.0,1,0.0,143.0,0,1.0,146,274.4,2.0,0.4,87.0,0.8,274.4,2.0,0.6
2023_01_CAR_ATL,CAR,115.0,1,115.0,1,0.0,130.0,2,0.0,147,280.2,2.0,0.4,91.4,0.8,280.2,2.0,0.6
2023_02_NO_CAR,CAR,236.0,0,236.0,0,1.0,134.0,2,0.0,148,250.4,1.6,0.0,108.2,1.2,250.4,1.6,0.6
2023_03_CAR_SEA,CAR,296.0,1,296.0,1,1.0,146.0,2,0.0,149,261.8,1.6,0.2,103.8,1.0,261.8,1.6,0.6
2023_04_MIN_CAR,CAR,139.0,2,139.0,2,2.0,135.0,0,0.0,150,250.0,1.2,0.4,124.0,1.4,250.0,1.2,0.4
2023_05_CAR_DET,CAR,236.0,3,236.0,3,0.0,159.0,3,0.0,151,191.4,1.0,0.8,137.6,1.2,191.4,1.0,0.2
2023_06_CAR_MIA,CAR,262.0,3,262.0,3,1.0,162.0,3,0.0,152,204.4,1.4,0.8,140.8,1.8,204.4,1.4,0.0
2023_08_HOU_CAR,CAR,140.0,0,140.0,0,0.0,110.0,2,1.0,153,233.8,1.8,1.0,147.2,2.0,233.8,1.8,0.0
2023_09_IND_CAR,CAR,127.0,1,127.0,1,0.0,78.0,0,0.0,154,214.6,1.8,0.8,142.4,2.0,214.6,1.8,0.2
2023_10_CAR_CHI,CAR,162.0,0,162.0,0,0.0,133.0,1,0.0,155,180.8,1.8,0.6,128.8,1.6,180.8,1.8,0.2
2023_11_DAL_CAR,CAR,204.0,2,204.0,2,0.0,107.0,1,0.0,156,185.4,1.4,0.2,128.4,1.8,185.4,1.4,0.2
2023_12_CAR_TEN,CAR,185.0,0,185.0,0,0.0,80.0,2,0.0,157,179.0,1.2,0.2,118.0,1.4,179.0,1.2,0.2
2023_13_CAR_TB,CAR,202.0,1,202.0,1,1.0,128.0,2,0.0,158,163.6,0.6,0.0,101.6,1.2,163.6,0.6,0.2
2023_14_CAR_NO,CAR,119.0,2,119.0,2,1.0,97.0,1,0.0,159,176.0,0.8,0.2,105.2,1.2,176.0,0.8,0.0
2023_15_ATL_CAR,CAR,152.0,1,152.0,1,1.0,52.0,0,1.0,160,174.4,1.0,0.4,109.0,1.4,174.4,1.0,0.0
2023_16_GB_CAR,CAR,219.0,2,219.0,2,0.0,162.0,2,0.0,161,172.4,1.2,0.6,92.8,1.2,172.4,1.2,0.2
2023_17_CAR_JAX,CAR,178.0,0,178.0,0,0.0,155.0,2,0.0,162,175.4,1.2,0.6,103.8,1.4,175.4,1.2,0.2
2023_18_TB_CAR,CAR,137.0,0,137.0,0,0.0,113.0,0,0.0,163,174.0,1.2,0.6,118.8,1.4,174.0,1.2,0.2
2024_01_CAR_NO,CAR,200.0,3,200.0,3,0.0,180.0,2,0.0,164,161.0,1.0,0.4,115.8,1.0,161.0,1.0,0.2
2024_02_LAC_CAR,CAR,130.0,2,130.0,2,1.0,219.0,1,1.0,165,177.2,1.2,0.2,132.4,1.2,177.2,1.2,0.2
2024_03_CAR_LV,CAR,296.0,2,296.0,2,1.0,55.0,1,0.0,166,172.8,1.4,0.2,165.8,1.4,172.8,1.4,0.2
2024_04_CIN_CAR,CAR,232.0,2,232.0,2,1.0,141.0,2,0.0,167,188.2,1.4,0.4,144.4,1.2,188.2,1.4,0.2
2024_05_CAR_CHI,CAR,304.0,2,304.0,2,0.0,128.0,3,0.0,168,199.0,1.8,0.6,141.6,1.2,199.0,1.8,0.2
2024_06_ATL_CAR,CAR,225.0,1,225.0,1,0.0,198.0,3,1.0,169,232.4,2.2,0.6,144.6,1.8,232.4,2.2,0.2
2024_07_CAR_WAS,CAR,211.0,2,211.0,2,0.0,214.0,1,0.0,170,237.4,1.8,0.6,148.2,2.0,237.4,1.8,0.4
2024_08_CAR_DEN,CAR,315.0,3,315.0,3,0.0,102.0,1,2.0,171,253.6,1.8,0.4,147.2,2.0,253.6,1.8,0.2
2024_09_NO_CAR,CAR,236.0,1,236.0,1,0.0,197.0,1,0.0,172,257.4,2.0,0.2,156.6,2.0,257.4,2.0,0.6
2024_10_NYG_CAR,CAR,190.0,0,190.0,0,2.0,167.0,2,1.0,173,258.2,1.8,0.0,167.8,1.8,258.2,1.8,0.6
2024_12_KC_CAR,CAR,269.0,3,269.0,3,0.0,165.0,0,0.0,174,235.4,1.4,0.4,175.6,1.6,235.4,1.4,0.8
2024_13_TB_CAR,CAR,240.0,1,240.0,1,2.0,236.0,1,0.0,175,244.2,1.8,0.4,169.0,1.0,244.2,1.8,0.6
2024_14_CAR_PHI,CAR,108.0,2,108.0,2,0.0,209.0,1,0.0,176,250.0,1.6,0.8,173.4,1.0,250.0,1.6,0.6
2024_15_DAL_CAR,CAR,214.0,3,214.0,3,0.0,211.0,0,1.0,177,208.6,1.4,0.8,194.8,1.0,208.6,1.4,0.2
2024_16_ARI_CAR,CAR,202.0,1,202.0,1,1.0,206.0,2,1.0,178,204.2,1.8,0.8,197.6,0.8,204.2,1.8,0.4
2024_17_CAR_TB,CAR,359.0,5,359.0,5,0.0,202.0,0,0.0,179,206.6,2.0,0.6,205.4,0.8,206.6,2.0,0.4
2024_18_CAR_ATL,CAR,312.0,2,312.0,2,1.0,227.0,3,0.0,180,224.6,2.4,0.6,212.8,0.8,224.6,2.4,0.4
2014_01_BUF_CHI,CHI,173.0,1,173.0,1,1.0,193.0,1,0.0,1,,,,,,,,
2014_02_CHI_SF,CHI,248.0,1,248.0,1,3.0,127.0,1,1.0,2,173.0,1.0,1.0,193.0,1.0,173.0,1.0,0.0
2014_03_CHI_NYJ,CHI,316.0,1,316.0,1,2.0,114.0,0,0.0,3,210.5,1.0,2.0,160.0,1.0,210.5,1.0,0.5
2014_04_GB_CHI,CHI,302.0,4,302.0,4,0.0,56.0,1,0.0,4,245.66666666666666,1.0,2.0,144.66666666666666,0.6666666666666666,245.66666666666666,1.0,0.3333333333333333
2014_05_CHI_CAR,CHI,255.0,2,255.0,2,1.0,91.0,1,2.0,5,259.75,1.75,1.5,122.5,0.75,259.75,1.75,0.25
2014_06_CHI_ATL,CHI,271.0,1,271.0,1,1.0,42.0,0,0.0,6,258.8,1.8,1.4,116.2,0.8,258.8,1.8,0.6
2014_07_MIA_CHI,CHI,277.0,2,277.0,2,0.0,137.0,1,0.0,7,278.4,1.8,1.4,86.0,0.6,278.4,1.8,0.6
2014_08_CHI_NE,CHI,376.0,5,376.0,5,0.0,122.0,0,0.0,8,284.2,2.0,0.8,88.0,0.6,284.2,2.0,0.4
2014_10_CHI_GB,CHI,319.0,6,319.0,6,0.0,132.0,0,1.0,9,296.2,2.8,0.4,89.6,0.6,296.2,2.8,0.4
2014_11_MIN_CHI,CHI,158.0,1,158.0,1,1.0,96.0,0,0.0,10,299.6,3.2,0.4,104.8,0.4,299.6,3.2,0.6
2014_12_TB_CHI,CHI,341.0,1,341.0,1,2.0,66.0,0,2.0,11,280.2,3.0,0.4,105.8,0.2,280.2,3.0,0.2
2014_13_CHI_DET,CHI,390.0,2,390.0,2,0.0,91.0,2,1.0,12,294.2,3.0,0.6,110.6,0.2,294.2,3.0,0.6
2014_14_DAL_CHI,CHI,205.0,3,205.0,3,0.0,194.0,2,0.0,13,316.8,3.0,0.6,101.4,0.4,316.8,3.0,0.8
2014_15_NO_CHI,CHI,375.0,3,375.0,3,0.0,83.0,1,1.0,14,282.6,2.6,0.6,115.8,0.8,282.6,2.6,0.8
2014_16_DET_CHI,CHI,243.0,0,243.0,0,2.0,138.0,2,0.0,15,293.8,2.0,0.6,106.0,1.0,293.8,2.0,0.8
2014_17_CHI_MIN,CHI,209.0,1,209.0,1,1.0,121.0,0,0.0,16,310.8,1.8,0.8,114.4,1.4,310.8,1.8,0.8
2015_01_GB_CHI,CHI,189.0,3,189.0,3,0.0,133.0,1,0.0,17,284.4,1.8,0.6,125.4,1.4,284.4,1.8,0.4
2015_02_ARI_CHI,CHI,185.0,4,185.0,4,1.0,115.0,1,0.0,18,244.2,2.0,0.6,133.8,1.2,244.2,2.0,0.2
2015_03_CHI_SEA,CHI,235.0,1,235.0,1,0.0,159.0,0,0.0,19,240.2,2.2,0.8,118.0,1.0,240.2,2.2,0.2
2015_04_OAK_CHI,CHI,196.0,2,196.0,2,1.0,70.0,0,1.0,20,212.2,1.8,0.8,133.2,0.8,212.2,1.8,0.0
2015_05_CHI_KC,CHI,181.0,1,181.0,1,0.0,117.0,0,0.0,21,202.8,2.2,0.6,119.6,0.4,202.8,2.2,0.2
2015_06_CHI_DET,CHI,405.0,4,405.0,4,1.0,155.0,0,0.0,22,197.2,2.2,0.4,118.8,0.4,197.2,2.2,0.2
2015_08_MIN_CHI,CHI,187.0,1,187.0,1,1.0,147.0,0,0.0,23,240.4,2.4,0.6,123.2,0.2,240.4,2.4,0.2
2015_09_CHI_SD,CHI,280.0,1,280.0,1,0.0,77.0,0,1.0,24,240.8,1.8,0.6,129.6,0.0,240.8,1.8,0.2
2015_10_CHI_STL,CHI,200.0,0,200.0,0,1.0,94.0,1,1.0,25,249.8,1.8,0.6,113.2,0.0,249.8,1.8,0.4
2015_11_DEN_CHI,CHI,250.0,2,250.0,2,0.0,170.0,0,0.0,26,250.6,1.4,0.6,118.0,0.2,250.6,1.4,0.4
2015_12_CHI_GB,CHI,202.0,1,202.0,1,1.0,177.0,0,1.0,27,264.4,1.6,0.6,128.6,0.2,264.4,1.6,0.4
2015_13_SF_CHI,CHI,196.0,1,196.0,1,0.0,121.0,2,0.0,28,223.8,1.0,0.6,133.0,0.2,223.8,1.0,0.6
2015_14_WAS_CHI,CHI,300.0,1,300.0,1,1.0,99.0,2,0.0,29,225.6,1.0,0.4,127.8,0.6,225.6,1.0,0.6
2015_15_CHI_MIN,CHI,231.0,4,231.0,4,0.0,129.0,1,0.0,30,229.6,1.0,0.6,132.2,1.0,229.6,1.0,0.4
2015_16_CHI_TB,CHI,295.0,2,295.0,2,1.0,104.0,1,2.0,31,235.8,1.8,0.4,139.2,1.0,235.8,1.8,0.2
2015_17_DET_CHI,CHI,298.0,3,298.0,3,0.0,67.0,0,0.0,32,244.8,1.8,0.6,126.0,1.2,244.8,1.8,0.6
2016_01_CHI_HOU,CHI,231.0,2,231.0,2,1.0,129.0,0,0.0,33,264.0,2.2,0.4,104.0,1.2,264.0,2.2,0.4
2016_02_PHI_CHI,CHI,190.0,1,190.0,1,0.0,100.0,2,0.0,34,271.0,2.4,0.6,105.6,0.8,271.0,2.4,0.4
2016_03_CHI_DAL,CHI,248.0,1,248.0,1,0.0,199.0,3,1.0,35,249.0,2.4,0.4,105.8,0.8,249.0,2.4,0.4
2016_04_DET_CHI,CHI,213.0,0,213.0,0,2.0,66.0,0,0.0,36,252.4,1.8,0.4,119.8,1.2,252.4,1.8,0.6
2016_05_CHI_IND,CHI,322.0,2,322.0,2,0.0,98.0,0,0.0,37,236.0,1.4,0.6,112.2,1.0,236.0,1.4,0.2
2016_06_JAX_CHI,CHI,271.0,1,271.0,1,1.0,54.0,1,1.0,38,240.8,1.2,0.6,118.4,1.0,240.8,1.2,0.2
2016_07_CHI_GB,CHI,326.0,3,326.0,3,0.0,103.0,0,1.0,39,248.8,1.0,0.6,103.4,1.2,248.8,1.0,0.4
2016_08_MIN_CHI,CHI,228.0,1,228.0,1,0.0,57.0,0,0.0,40,276.0,1.4,0.6,104.0,0.8,276.0,1.4,0.6
2016_10_CHI_TB,CHI,312.0,2,312.0,2,1.0,80.0,1,0.0,41,272.0,1.4,0.6,75.6,0.2,272.0,1.4,0.4
2016_11_CHI_NYG,CHI,227.0,2,227.0,2,0.0,102.0,1,0.0,42,291.8,1.8,0.4,78.4,0.4,291.8,1.8,0.4
2016_12_TEN_CHI,CHI,226.0,2,226.0,2,0.0,149.0,1,0.0,43,272.8,1.8,0.4,79.2,0.6,272.8,1.8,0.4
2016_13_SF_CHI,CHI,39.0,0,39.0,0,0.0,141.0,0,0.0,44,263.8,2.0,0.2,98.2,0.6,263.8,2.0,0.2
2016_14_CHI_DET,CHI,223.0,1,223.0,1,2.0,114.0,1,0.0,45,206.4,1.4,0.2,105.8,0.6,206.4,1.4,0.0
2016_15_GB_CHI,CHI,252.0,0,252.0,0,0.0,226.0,3,0.0,46,205.4,1.4,0.6,117.2,0.8,205.4,1.4,0.0
2016_16_WAS_CHI,CHI,270.0,1,270.0,1,0.0,208.0,4,0.0,47,193.4,1.0,0.4,146.4,1.2,193.4,1.0,0.0
2016_17_CHI_MIN,CHI,250.0,3,250.0,3,1.0,124.0,1,0.0,48,202.0,0.8,0.4,167.6,1.8,202.0,0.8,0.0
2017_01_ATL_CHI,CHI,321.0,1,321.0,1,0.0,64.0,1,0.0,49,206.8,1.0,0.6,162.6,1.8,206.8,1.0,0.0
2017_02_CHI_TB,CHI,204.0,1,204.0,1,0.0,117.0,1,1.0,50,263.2,1.2,0.6,147.2,2.0,263.2,1.2,0.0
2017_03_PIT_CHI,CHI,235.0,1,235.0,1,0.0,70.0,1,1.0,51,259.4,1.2,0.2,147.8,2.0,259.4,1.2,0.2
2017_04_CHI_GB,CHI,179.0,4,179.0,4,0.0,91.0,1,0.0,52,256.0,1.4,0.2,116.6,1.6,256.0,1.4,0.4
2017_05_MIN_CHI,CHI,176.0,1,176.0,1,0.0,159.0,1,0.0,53,237.8,2.0,0.2,93.2,1.0,237.8,2.0,0.4
2017_06_CHI_BAL,CHI,180.0,0,180.0,0,2.0,125.0,0,1.0,54,223.0,1.6,0.0,100.2,1.0,223.0,1.6,0.4
2017_07_CAR_CHI,CHI,211.0,0,211.0,0,2.0,108.0,0,1.0,55,194.8,1.4,0.4,112.4,0.8,194.8,1.4,0.6
2017_08_CHI_NO,CHI,299.0,0,299.0,0,0.0,101.0,2,2.0,56,196.2,1.2,0.8,110.6,0.6,196.2,1.2,0.6
2017_10_GB_CHI,CHI,212.0,1,212.0,1,0.0,160.0,1,0.0,57,209.0,1.0,0.8,116.8,0.8,209.0,1.0,0.8
2017_11_DET_CHI,CHI,299.0,2,299.0,2,0.0,65.0,0,1.0,58,215.6,0.4,0.8,130.6,0.8,215.6,0.4,0.8
2017_12_CHI_PHI,CHI,248.0,3,248.0,3,0.0,176.0,0,2.0,59,240.2,0.6,0.8,111.8,0.6,240.2,0.6,1.0
2017_13_SF_CHI,CHI,293.0,0,293.0,0,1.0,110.0,0,0.0,60,253.8,1.2,0.4,122.0,0.6,253.8,1.2,1.2
2017_14_CHI_CIN,CHI,188.0,1,188.0,1,1.0,70.0,0,1.0,61,270.2,1.2,0.2,122.4,0.6,270.2,1.2,1.0
2017_15_CHI_DET,CHI,237.0,2,237.0,2,0.0,91.0,0,1.0,62,248.0,1.4,0.4,116.2,0.2,248.0,1.4,0.8
2017_16_CLE_CHI,CHI,182.0,0,182.0,0,2.0,76.0,0,1.0,63,253.0,1.6,0.4,102.4,0.0,253.0,1.6,1.0
2017_17_CHI_MIN,CHI,189.0,1,189.0,1,0.0,147.0,2,0.0,64,229.6,1.2,0.8,104.6,0.0,229.6,1.2,1.0
2018_01_CHI_GB,CHI,341.0,3,341.0,3,1.0,69.0,0,1.0,65,217.8,0.8,0.8,98.8,0.4,217.8,0.8,0.6
2018_02_SEA_CHI,CHI,226.0,2,226.0,2,1.0,74.0,0,1.0,66,227.4,1.4,0.8,90.6,0.4,227.4,1.4,0.8
2018_03_CHI_ARI,CHI,193.0,2,193.0,2,3.0,53.0,0,1.0,67,235.0,1.6,0.8,91.4,0.4,235.0,1.6,0.8
2018_04_TB_CHI,CHI,271.0,1,271.0,1,3.0,60.0,0,0.0,68,226.2,1.6,1.4,83.8,0.4,226.2,1.6,0.8
2018_06_CHI_MIA,CHI,380.0,3,380.0,3,2.0,161.0,0,1.0,69,244.0,1.8,1.6,80.6,0.4,244.0,1.8,0.6
2018_07_NE_CHI,CHI,277.0,3,277.0,3,1.0,108.0,0,1.0,70,282.2,2.2,2.0,83.4,0.0,282.2,2.2,0.8
2018_08_NYJ_CHI,CHI,153.0,1,153.0,1,0.0,57.0,0,0.0,71,269.4,2.2,2.0,91.2,0.0,269.4,2.2,0.8
2018_09_CHI_BUF,CHI,188.0,0,188.0,0,3.0,98.0,1,1.0,72,254.8,2.0,1.8,87.8,0.0,254.8,2.0,0.6
2018_10_DET_CHI,CHI,274.0,2,274.0,2,2.0,76.0,1,1.0,73,253.8,1.6,1.8,96.8,0.2,253.8,1.6,0.6
2018_11_MIN_CHI,CHI,262.0,2,262.0,2,2.0,22.0,0,1.0,74,254.4,1.8,1.6,100.0,0.4,254.4,1.8,0.8
2018_12_CHI_DET,CHI,236.0,0,236.0,0,2.0,111.0,2,0.0,75,230.8,1.6,1.6,72.2,0.4,230.8,1.6,0.8
2018_13_CHI_NYG,CHI,219.0,2,219.0,2,1.0,141.0,0,0.0,76,222.6,1.0,1.8,72.8,0.8,222.6,1.0,0.6
2018_14_LA_CHI,CHI,187.0,0,187.0,0,4.0,52.0,0,0.0,77,235.8,1.2,2.0,89.6,0.8,235.8,1.2,0.6
2018_15_GB_CHI,CHI,274.0,0,274.0,0,1.0,88.0,1,0.0,78,235.6,1.2,2.2,80.4,0.6,235.6,1.2,0.4
2018_16_CHI_SF,CHI,241.0,0,241.0,0,1.0,47.0,0,0.0,79,235.6,0.8,2.0,82.8,0.6,235.6,0.8,0.2
2018_17_CHI_MIN,CHI,132.0,1,132.0,1,0.0,63.0,0,0.0,80,231.4,0.4,1.8,87.8,0.6,231.4,0.4,0.0
2019_01_GB_CHI,CHI,203.0,1,203.0,1,0.0,47.0,0,0.0,81,210.6,0.6,1.4,78.2,0.2,210.6,0.6,0.0
2019_02_CHI_DEN,CHI,292.0,1,292.0,1,1.0,90.0,0,0.0,82,207.4,0.4,1.2,59.4,0.2,207.4,0.4,0.0
2019_03_CHI_WAS,CHI,332.0,2,332.0,2,3.0,69.0,0,2.0,83,228.4,0.6,0.6,67.0,0.2,228.4,0.6,0.0
2019_04_MIN_CHI,CHI,233.0,0,233.0,0,0.0,40.0,1,2.0,84,240.0,1.0,1.0,63.2,0.0,240.0,1.0,0.4
2019_05_CHI_OAK,CHI,229.0,0,229.0,0,0.0,169.0,3,2.0,85,238.4,1.0,0.8,61.8,0.2,238.4,1.0,0.8
2019_07_NO_CHI,CHI,281.0,2,281.0,2,0.0,151.0,2,0.0,86,257.8,0.8,0.8,83.0,0.8,257.8,0.8,1.2
2019_08_LAC_CHI,CHI,201.0,1,201.0,1,1.0,36.0,1,0.0,87,273.4,1.0,0.8,103.8,1.2,273.4,1.0,1.2
2019_09_CHI_PHI,CHI,239.0,1,239.0,1,0.0,146.0,1,0.0,88,255.2,1.0,0.8,93.0,1.4,255.2,1.0,1.2
2019_10_DET_CHI,CHI,269.0,1,269.0,1,1.0,98.0,0,0.0,89,236.6,0.8,0.2,108.4,1.6,236.6,0.8,0.8
2019_11_CHI_LA,CHI,173.0,0,173.0,0,1.0,110.0,2,1.0,90,243.8,1.0,0.4,120.0,1.4,243.8,1.0,0.4
2019_12_NYG_CHI,CHI,150.0,2,150.0,2,0.0,109.0,0,1.0,91,232.6,1.0,0.6,108.2,1.2,232.6,1.0,0.2
2019_13_CHI_DET,CHI,280.0,2,280.0,2,1.0,105.0,0,0.0,92,206.4,1.0,0.6,99.8,0.8,206.4,1.0,0.4
2019_14_DAL_CHI,CHI,334.0,1,334.0,1,0.0,82.0,2,0.0,93,222.2,1.2,0.6,113.6,0.6,222.2,1.2,0.4
2019_15_CHI_GB,CHI,203.0,1,203.0,1,0.0,100.0,2,0.0,94,241.2,1.2,0.6,100.8,0.8,241.2,1.2,0.4
2019_16_KC_CHI,CHI,251.0,2,251.0,2,0.0,106.0,1,0.0,95,228.0,1.2,0.4,101.2,1.2,228.0,1.2,0.4
2019_17_CHI_MIN,CHI,126.0,0,126.0,0,2.0,174.0,1,1.0,96,243.6,1.6,0.2,100.4,1.0,243.6,1.6,0.2
2020_01_CHI_DET,CHI,297.0,1,297.0,1,1.0,138.0,1,0.0,97,238.8,1.2,0.6,113.4,1.2,238.8,1.2,0.2
2020_02_NYG_CHI,CHI,241.0,0,241.0,0,1.0,75.0,1,1.0,98,242.2,1.0,0.6,120.0,1.4,242.2,1.0,0.2
2020_03_CHI_ATL,CHI,238.0,1,238.0,1,1.0,144.0,2,0.0,99,223.6,0.8,0.8,118.6,1.2,223.6,0.8,0.4
2020_04_IND_CHI,CHI,190.0,1,190.0,1,0.0,103.0,0,0.0,100,230.6,0.8,1.0,127.4,1.2,230.6,0.8,0.4
2020_05_TB_CHI,CHI,253.0,1,253.0,1,0.0,106.0,0,1.0,101,218.4,0.6,1.0,126.8,1.0,218.4,0.6,0.4
2020_06_CHI_CAR,CHI,216.0,0,216.0,0,2.0,112.0,1,1.0,102,243.8,0.8,0.6,113.2,0.8,243.8,0.8,0.4
2020_07_CHI_LA,CHI,220.0,2,220.0,2,0.0,160.0,1,1.0,103,227.6,0.6,0.8,108.0,0.8,227.6,0.6,0.6
2020_08_NO_CHI,CHI,280.0,2,280.0,2,0.0,122.0,0,0.0,104,223.4,1.0,0.6,125.0,0.8,223.4,1.0,0.6
2020_09_CHI_TEN,CHI,158.0,2,158.0,2,0.0,92.0,0,0.0,105,231.8,1.2,0.4,120.6,0.4,231.8,1.2,0.6
2020_10_MIN_CHI,CHI,292.0,2,292.0,2,1.0,99.0,0,1.0,106,225.4,1.4,0.4,118.4,0.4,225.4,1.4,0.6
2020_12_CHI_GB,CHI,211.0,4,211.0,4,0.0,182.0,1,0.0,107,233.2,1.6,0.6,117.0,0.4,233.2,1.6,0.6
2020_13_DET_CHI,CHI,402.0,3,402.0,3,1.0,60.0,2,0.0,108,232.2,2.4,0.2,131.0,0.4,232.2,2.4,0.4
2020_14_HOU_CHI,CHI,219.0,1,219.0,1,0.0,108.0,0,1.0,109,268.6,2.6,0.4,111.0,0.6,268.6,2.6,0.2
2020_15_CHI_MIN,CHI,271.0,2,271.0,2,1.0,158.0,1,0.0,110,256.4,2.4,0.4,108.2,0.6,256.4,2.4,0.4
2020_16_CHI_JAX,CHI,211.0,2,211.0,2,2.0,76.0,0,0.0,111,279.0,2.4,0.6,121.4,0.8,279.0,2.4,0.4
2020_17_GB_CHI,CHI,240.0,4,240.0,4,0.0,79.0,1,0.0,112,262.8,2.4,0.8,116.8,0.8,262.8,2.4,0.2
2021_01_CHI_LA,CHI,321.0,3,321.0,3,0.0,74.0,1,0.0,113,268.6,2.4,0.8,96.2,0.8,268.6,2.4,0.2
2021_02_CIN_CHI,CHI,207.0,2,207.0,2,3.0,69.0,0,1.0,114,252.4,2.4,0.6,99.0,0.6,252.4,2.4,0.2
2021_03_CHI_CLE,CHI,246.0,1,246.0,1,0.0,215.0,1,0.0,115,250.0,2.6,1.2,91.2,0.6,250.0,2.6,0.2
2021_04_DET_CHI,CHI,299.0,2,299.0,2,0.0,90.0,0,2.0,116,245.0,2.4,1.0,102.6,0.6,245.0,2.4,0.2
2021_05_CHI_LV,CHI,206.0,0,206.0,0,1.0,71.0,1,0.0,117,262.6,2.4,0.6,105.4,0.6,262.6,2.4,0.6
2021_06_GB_CHI,CHI,195.0,2,195.0,2,0.0,154.0,1,0.0,118,255.8,1.6,0.8,103.8,0.6,255.8,1.6,0.6
2021_07_CHI_TB,CHI,226.0,4,226.0,4,0.0,182.0,1,1.0,119,230.6,1.4,0.8,119.8,0.6,230.6,1.4,0.6
2021_08_SF_CHI,CHI,322.0,0,322.0,0,0.0,145.0,3,0.0,120,234.4,1.8,0.2,142.4,0.8,234.4,1.8,0.6
2021_09_CHI_PIT,CHI,205.0,2,205.0,2,0.0,105.0,1,0.0,121,249.6,1.6,0.2,128.4,1.2,249.6,1.6,0.6
2021_11_BAL_CHI,CHI,219.0,0,219.0,0,1.0,123.0,1,0.0,122,230.8,1.6,0.2,131.4,1.4,230.8,1.6,0.2
2021_12_CHI_DET,CHI,171.0,2,171.0,2,0.0,76.0,0,1.0,123,233.4,1.6,0.2,141.8,1.4,233.4,1.6,0.2
2021_13_ARI_CHI,CHI,123.0,2,123.0,2,0.0,137.0,2,0.0,124,228.6,1.6,0.2,126.2,1.2,228.6,1.6,0.4
2021_14_CHI_GB,CHI,341.0,4,341.0,4,0.0,119.0,1,0.0,125,208.0,1.2,0.2,117.2,1.4,208.0,1.2,0.2
2021_15_MIN_CHI,CHI,87.0,2,87.0,2,1.0,132.0,0,0.0,126,211.8,2.0,0.2,112.0,1.0,211.8,2.0,0.2
2021_16_CHI_SEA,CHI,181.0,2,181.0,2,0.0,170.0,1,0.0,127,188.2,2.0,0.4,117.4,0.8,188.2,2.0,0.2
2021_17_NYG_CHI,CHI,24.0,0,24.0,0,2.0,161.0,0,2.0,128,180.6,2.4,0.2,126.8,0.8,180.6,2.4,0.2
2021_18_CHI_MIN,CHI,250.0,3,250.0,3,0.0,104.0,0,0.0,129,151.2,2.0,0.6,143.8,0.8,151.2,2.0,0.4
2022_01_SF_CHI,CHI,164.0,0,164.0,0,1.0,176.0,1,1.0,130,176.6,2.2,0.6,137.2,0.4,176.6,2.2,0.4
2022_02_CHI_GB,CHI,234.0,2,234.0,2,0.0,203.0,1,1.0,131,141.2,1.4,0.8,148.6,0.4,141.2,1.4,0.6
2022_03_HOU_CHI,CHI,245.0,1,245.0,1,2.0,92.0,1,0.0,132,170.6,1.4,0.6,162.8,0.6,170.6,1.4,0.8
2022_04_CHI_NYG,CHI,82.0,0,82.0,0,1.0,262.0,2,0.0,133,183.4,1.2,1.0,147.2,0.6,183.4,1.2,0.8
2022_05_CHI_MIN,CHI,319.0,1,319.0,1,1.0,117.0,3,0.0,134,195.0,1.2,0.8,167.4,1.0,195.0,1.2,0.4
2022_06_WAS_CHI,CHI,99.0,0,99.0,0,0.0,128.0,1,0.0,135,208.8,0.8,1.0,170.0,1.6,208.8,0.8,0.4
2022_07_CHI_NE,CHI,198.0,1,198.0,1,3.0,70.0,1,1.0,136,195.8,0.8,0.8,160.4,1.6,195.8,0.8,0.2
2022_08_CHI_DAL,CHI,250.0,2,250.0,2,1.0,200.0,4,0.0,137,188.6,0.6,1.4,133.8,1.6,188.6,0.6,0.2
2022_09_MIA_CHI,CHI,302.0,3,302.0,3,0.0,77.0,1,0.0,138,189.6,0.8,1.2,155.4,2.2,189.6,0.8,0.2
2022_10_DET_CHI,CHI,236.0,1,236.0,1,0.0,95.0,2,0.0,139,233.6,1.4,1.0,118.4,2.0,233.6,1.4,0.2
2022_11_CHI_ATL,CHI,131.0,1,131.0,1,0.0,149.0,1,1.0,140,217.0,1.4,0.8,114.0,1.8,217.0,1.4,0.2
2022_12_CHI_NYJ,CHI,315.0,3,315.0,3,0.0,158.0,1,0.0,141,223.4,1.6,0.8,118.2,1.8,223.4,1.6,0.4
2022_13_GB_CHI,CHI,182.0,1,182.0,1,0.0,175.0,2,0.0,142,246.8,2.0,0.2,135.8,1.8,246.8,2.0,0.2
2022_15_PHI_CHI,CHI,315.0,0,315.0,0,2.0,112.0,3,1.0,143,233.2,1.8,0.0,130.8,1.4,233.2,1.8,0.2
2022_16_BUF_CHI,CHI,172.0,2,172.0,2,2.0,254.0,3,1.0,144,235.8,1.2,0.4,137.8,1.8,235.8,1.2,0.4
2022_17_CHI_DET,CHI,255.0,3,255.0,3,0.0,265.0,2,0.0,145,223.0,1.4,0.8,169.6,2.0,223.0,1.4,0.6
2022_18_MIN_CHI,CHI,341.0,1,341.0,1,1.0,141.0,2,1.0,146,247.8,1.8,0.8,192.8,2.2,247.8,1.8,0.4
2023_01_GB_CHI,CHI,245.0,3,245.0,3,0.0,92.0,1,0.0,147,253.0,1.4,1.0,189.4,2.4,253.0,1.4,0.6
2023_02_CHI_TB,CHI,317.0,1,317.0,1,0.0,120.0,1,0.0,148,265.6,1.8,1.0,172.8,2.2,265.6,1.8,0.6
2023_03_CHI_KC,CHI,303.0,3,303.0,3,2.0,153.0,2,0.0,149,266.0,2.0,0.6,174.4,1.8,266.0,2.0,0.4
2023_04_DEN_CHI,CHI,223.0,3,223.0,3,0.0,97.0,0,0.0,150,292.2,2.2,0.6,154.2,1.6,292.2,2.2,0.2
2023_05_CHI_WAS,CHI,388.0,2,388.0,2,1.0,29.0,0,1.0,151,285.8,2.2,0.6,120.6,1.2,285.8,2.2,0.2
2023_06_MIN_CHI,CHI,181.0,1,181.0,1,0.0,46.0,0,1.0,152,295.2,2.4,0.6,98.2,0.8,295.2,2.4,0.2
2023_07_LV_CHI,CHI,204.0,1,204.0,1,3.0,39.0,0,0.0,153,282.4,2.0,0.6,89.0,0.6,282.4,2.0,0.4
2023_08_CHI_LAC,CHI,298.0,3,298.0,3,0.0,54.0,0,1.0,154,259.8,2.0,1.2,72.8,0.4,259.8,2.0,0.4
2023_09_CHI_NO,CHI,214.0,3,214.0,3,0.0,87.0,0,0.0,155,258.8,2.0,0.8,53.0,0.0,258.8,2.0,0.6
2023_10_CAR_CHI,CHI,185.0,0,185.0,0,0.0,43.0,0,0.0,156,257.0,2.0,0.8,51.0,0.0,257.0,2.0,0.6
2023_11_CHI_DET,CHI,236.0,2,236.0,2,3.0,115.0,2,0.0,157,216.4,1.6,0.6,53.8,0.0,216.4,1.6,0.4
2023_12_CHI_MIN,CHI,185.0,1,185.0,1,4.0,73.0,0,0.0,158,227.4,1.8,1.2,67.6,0.4,227.4,1.8,0.2
2023_14_DET_CHI,CHI,161.0,1,161.0,1,2.0,140.0,1,1.0,159,223.6,1.8,1.4,74.4,0.4,223.6,1.8,0.2
2023_15_CHI_CLE,CHI,379.0,2,379.0,2,3.0,29.0,0,0.0,160,196.2,1.4,1.8,91.6,0.6,196.2,1.4,0.2
2023_16_ARI_CHI,CHI,230.0,2,230.0,2,0.0,93.0,0,0.0,161,229.2,1.2,2.4,80.0,0.6,229.2,1.2,0.2
2023_17_ATL_CHI,CHI,180.0,1,180.0,1,4.0,134.0,1,0.0,162,238.2,1.6,2.4,90.0,0.6,238.2,1.6,0.2
2023_18_CHI_GB,CHI,316.0,2,316.0,2,0.0,124.0,0,1.0,163,227.0,1.4,2.6,93.8,0.4,227.0,1.4,0.2
2024_01_TEN_CHI,CHI,127.0,1,127.0,1,2.0,140.0,1,1.0,164,253.2,1.6,1.8,104.0,0.4,253.2,1.6,0.4
2024_02_CHI_HOU,CHI,260.0,1,260.0,1,0.0,75.0,0,1.0,165,246.4,1.6,1.8,104.0,0.4,246.4,1.6,0.4
2024_03_CHI_IND,CHI,167.0,0,167.0,0,2.0,150.0,3,0.0,166,222.6,1.4,1.2,113.2,0.4,222.6,1.4,0.6
2024_04_LA_CHI,CHI,224.0,0,224.0,0,1.0,119.0,1,1.0,167,210.0,1.0,1.6,124.6,1.0,210.0,1.0,0.6
2024_05_CAR_CHI,CHI,194.0,0,194.0,0,1.0,120.0,1,2.0,168,218.8,0.8,1.0,121.6,1.0,218.8,0.8,0.8
2024_06_JAX_CHI,CHI,240.0,2,240.0,2,1.0,68.0,0,1.0,169,194.4,0.4,1.2,120.8,1.2,194.4,0.4,1.0
2024_08_CHI_WAS,CHI,326.0,1,326.0,1,0.0,168.0,0,0.0,170,217.0,0.6,1.0,106.4,1.0,217.0,0.6,1.0
2024_09_CHI_ARI,CHI,154.0,0,154.0,0,0.0,213.0,3,2.0,171,230.2,0.6,1.0,125.0,1.0,230.2,0.6,0.8
2024_10_NE_CHI,CHI,184.0,1,184.0,1,1.0,144.0,0,0.0,172,227.6,0.6,0.6,137.6,1.0,227.6,0.6,1.2
2024_11_GB_CHI,CHI,261.0,1,261.0,1,1.0,106.0,2,0.0,173,219.6,0.8,0.6,142.6,0.8,219.6,0.8,1.0
2024_12_MIN_CHI,CHI,344.0,2,344.0,2,0.0,124.0,1,1.0,174,233.0,1.0,0.6,139.8,1.0,233.0,1.0,0.6
2024_13_CHI_DET,CHI,221.0,2,221.0,2,0.0,194.0,0,1.0,175,253.8,1.0,0.4,151.0,1.2,253.8,1.0,0.6
2024_14_CHI_SF,CHI,325.0,2,325.0,2,1.0,131.0,3,0.0,176,232.8,1.2,0.4,156.2,1.2,232.8,1.2,0.8
2024_15_CHI_MIN,CHI,231.0,1,231.0,1,1.0,114.0,2,0.0,177,267.0,1.6,0.6,139.8,1.2,267.0,1.6,0.4
2024_16_DET_CHI,CHI,336.0,3,336.0,3,0.0,146.0,1,0.0,178,276.4,1.6,0.6,133.8,1.6,276.4,1.6,0.4
2024_17_SEA_CHI,CHI,160.0,0,160.0,0,0.0,122.0,0,1.0,179,291.4,2.0,0.4,141.8,1.4,291.4,2.0,0.4
2024_18_CHI_GB,CHI,205.0,0,205.0,0,0.0,183.0,2,2.0,180,254.6,1.6,0.4,141.4,1.2,254.6,1.6,0.4
2014_01_CIN_BAL,CIN,345.0,1,345.0,1,1.0,94.0,1,1.0,1,,,,,,,,
2014_02_ATL_CIN,CIN,231.0,1,231.0,1,3.0,97.0,0,0.0,2,345.0,1.0,1.0,94.0,1.0,345.0,1.0,1.0
2014_03_TEN_CIN,CIN,185.0,0,185.0,0,2.0,149.0,1,0.0,3,288.0,1.0,2.0,95.5,0.5,288.0,1.0,0.5
2014_05_CIN_NE,CIN,292.0,2,292.0,2,0.0,220.0,1,0.0,4,253.66666666666666,0.6666666666666666,2.0,113.33333333333333,0.6666666666666666,253.66666666666666,0.6666666666666666,0.3333333333333333
2014_06_CAR_CIN,CIN,284.0,2,284.0,2,1.0,147.0,2,0.0,5,263.25,1.0,1.5,140.0,0.75,263.25,1.0,0.25
2014_07_CIN_IND,CIN,344.0,2,344.0,2,0.0,171.0,1,2.0,6,267.4,1.2,1.4,141.4,1.0,267.4,1.2,0.2
2014_08_BAL_CIN,CIN,195.0,0,195.0,0,2.0,107.0,2,0.0,7,267.2,1.4,1.2,156.8,1.0,267.2,1.4,0.4
2014_09_JAX_CIN,CIN,247.0,2,247.0,2,1.0,132.0,1,0.0,8,260.0,1.2,1.0,158.8,1.4,260.0,1.2,0.4
2014_10_CLE_CIN,CIN,198.0,0,198.0,0,0.0,170.0,3,0.0,9,272.4,1.6,0.8,155.4,1.4,272.4,1.6,0.4
2014_11_CIN_NO,CIN,255.0,1,255.0,1,0.0,75.0,0,1.0,10,253.6,1.2,0.8,145.4,1.8,253.6,1.2,0.4
2014_12_CIN_HOU,CIN,189.0,0,189.0,0,1.0,64.0,0,0.0,11,247.8,1.0,0.6,131.0,1.4,247.8,1.0,0.6
2014_13_CIN_TB,CIN,190.0,0,190.0,0,1.0,75.0,1,0.0,12,216.8,0.6,0.8,109.6,1.2,216.8,0.6,0.2
2014_14_PIT_CIN,CIN,350.0,3,350.0,3,0.0,193.0,2,0.0,13,215.8,0.6,0.6,103.2,1.0,215.8,0.6,0.2
2014_15_CIN_CLE,CIN,80.0,0,80.0,0,2.0,53.0,0,0.0,14,236.4,0.8,0.4,115.4,1.2,236.4,0.8,0.2
2014_16_DEN_CIN,CIN,311.0,2,311.0,2,4.0,85.0,1,0.0,15,212.8,0.8,0.8,92.0,0.6,212.8,0.8,0.2
2014_17_CIN_PIT,CIN,317.0,2,317.0,2,2.0,29.0,0,1.0,16,224.0,1.0,1.6,94.0,0.8,224.0,1.0,0.0
2015_01_CIN_OAK,CIN,203.0,2,203.0,2,1.0,63.0,0,1.0,17,249.6,1.4,1.8,87.0,0.8,249.6,1.4,0.2
2015_02_SD_CIN,CIN,241.0,2,241.0,2,1.0,131.0,0,1.0,18,252.2,1.8,1.8,84.6,0.6,252.2,1.8,0.4
2015_03_CIN_BAL,CIN,362.0,2,362.0,2,1.0,36.0,0,0.0,19,230.4,1.6,2.0,72.2,0.2,230.4,1.6,0.6
2015_04_KC_CIN,CIN,386.0,0,386.0,0,0.0,113.0,0,1.0,20,286.8,2.0,1.8,68.8,0.2,286.8,2.0,0.6
2015_05_SEA_CIN,CIN,213.0,1,213.0,1,1.0,200.0,1,0.0,21,301.8,1.6,1.0,74.4,0.0,301.8,1.6,0.8
2015_06_CIN_BUF,CIN,263.0,1,263.0,1,1.0,112.0,2,0.0,22,281.0,1.4,0.8,108.6,0.2,281.0,1.4,0.6
2015_08_CIN_PIT,CIN,262.0,1,262.0,1,3.0,116.0,0,0.0,23,293.0,1.2,0.8,118.4,0.6,293.0,1.2,0.4
2015_09_CLE_CIN,CIN,168.0,1,168.0,1,0.0,69.0,0,0.0,24,297.2,1.0,1.2,115.4,0.6,297.2,1.0,0.2
2015_10_HOU_CIN,CIN,192.0,1,192.0,1,1.0,82.0,0,0.0,25,258.4,0.8,1.0,122.0,0.6,258.4,0.8,0.2
2015_11_CIN_ARI,CIN,317.0,4,317.0,4,2.0,82.0,0,0.0,26,219.6,1.0,1.2,115.8,0.6,219.6,1.0,0.0
2015_12_STL_CIN,CIN,259.0,0,259.0,0,3.0,94.0,1,0.0,27,240.4,1.6,1.4,92.2,0.4,240.4,1.6,0.0
2015_13_CIN_CLE,CIN,230.0,0,230.0,0,1.0,68.0,0,1.0,28,239.6,1.4,1.8,88.6,0.2,239.6,1.4,0.0
2015_14_PIT_CIN,CIN,282.0,0,282.0,0,1.0,84.0,2,0.0,29,233.2,1.2,1.4,79.0,0.2,233.2,1.2,0.2
2015_15_CIN_SF,CIN,295.0,1,295.0,1,3.0,55.0,1,1.0,30,256.0,1.0,1.6,82.0,0.6,256.0,1.0,0.2
2015_16_CIN_DEN,CIN,299.0,1,299.0,1,0.0,113.0,1,1.0,31,276.6,1.0,2.0,76.6,0.8,276.6,1.0,0.4
2015_17_BAL_CIN,CIN,292.0,1,292.0,1,2.0,59.0,0,0.0,32,273.0,0.4,1.6,82.8,1.0,273.0,0.4,0.6
2016_01_CIN_NYJ,CIN,189.0,2,189.0,2,1.0,152.0,0,0.0,33,279.6,0.6,1.4,75.8,0.8,279.6,0.6,0.6
2016_02_CIN_PIT,CIN,259.0,3,259.0,3,2.0,124.0,0,0.0,34,271.4,1.0,1.4,92.6,0.8,271.4,1.0,0.4
2016_03_DEN_CIN,CIN,312.0,4,312.0,4,0.0,52.0,0,1.0,35,266.8,1.6,1.6,100.6,0.4,266.8,1.6,0.4
2016_04_MIA_CIN,CIN,189.0,1,189.0,1,1.0,62.0,0,1.0,36,270.2,2.2,1.0,100.0,0.2,270.2,2.2,0.4
2016_05_CIN_DAL,CIN,227.0,1,227.0,1,0.0,180.0,3,1.0,37,248.2,2.2,1.2,89.8,0.0,248.2,2.2,0.4
2016_06_CIN_NE,CIN,376.0,3,376.0,3,0.0,79.0,1,0.0,38,235.2,2.2,0.8,114.0,0.6,235.2,2.2,0.6
2016_07_CLE_CIN,CIN,182.0,0,182.0,0,2.0,180.0,2,0.0,39,272.6,2.4,0.6,99.4,0.8,272.6,2.4,0.6
2016_08_WAS_CIN,CIN,458.0,2,458.0,2,1.0,100.0,1,0.0,40,257.2,1.8,0.6,110.6,1.2,257.2,1.8,0.6
2016_10_CIN_NYG,CIN,240.0,3,240.0,3,2.0,122.0,0,0.0,41,286.4,1.4,0.8,120.2,1.4,286.4,1.4,0.4
2016_11_BUF_CIN,CIN,166.0,0,166.0,0,1.0,183.0,1,0.0,42,296.6,1.8,1.0,132.2,1.4,296.6,1.8,0.2
2016_12_CIN_BAL,CIN,234.0,1,234.0,1,1.0,92.0,0,0.0,43,284.4,1.6,1.2,132.8,1.0,284.4,1.6,0.0
2016_13_PHI_CIN,CIN,308.0,1,308.0,1,3.0,53.0,1,0.0,44,256.0,1.2,1.4,135.4,0.8,256.0,1.2,0.0
2016_14_CIN_CLE,CIN,104.0,0,104.0,0,1.0,169.0,1,0.0,45,281.2,1.4,1.6,110.0,0.6,281.2,1.4,0.0
2016_15_PIT_CIN,CIN,286.0,1,286.0,1,0.0,97.0,0,0.0,46,210.4,1.0,1.6,123.8,0.6,210.4,1.0,0.0
2016_16_CIN_HOU,CIN,176.0,0,176.0,0,0.0,95.0,1,0.0,47,219.6,0.6,1.2,118.8,0.6,219.6,0.6,0.0
2016_17_BAL_CIN,CIN,279.0,0,279.0,0,2.0,72.0,1,0.0,48,221.6,0.6,1.0,101.2,0.6,221.6,0.6,0.0
2017_01_BAL_CIN,CIN,121.0,1,121.0,1,1.0,157.0,1,0.0,49,230.6,0.4,1.2,97.2,0.8,230.6,0.4,0.0
2017_02_HOU_CIN,CIN,125.0,0,125.0,0,0.0,168.0,1,0.0,50,193.2,0.4,0.8,118.0,0.8,193.2,0.4,0.0
2017_03_CIN_GB,CIN,313.0,3,313.0,3,1.0,64.0,0,0.0,51,197.4,0.4,0.6,117.8,0.8,197.4,0.4,0.0
2017_04_CIN_CLE,CIN,183.0,0,183.0,0,1.0,45.0,1,0.0,52,202.8,0.8,0.8,111.2,0.8,202.8,0.8,0.0
2017_05_BUF_CIN,CIN,166.0,1,166.0,1,1.0,82.0,0,0.0,53,204.2,0.8,1.0,101.2,0.8,204.2,0.8,0.0
2017_07_CIN_PIT,CIN,268.0,2,268.0,2,0.0,152.0,0,0.0,54,181.6,1.0,0.8,103.2,0.6,181.6,1.0,0.0
2017_08_IND_CIN,CIN,233.0,2,233.0,2,1.0,115.0,0,0.0,55,211.0,1.2,0.6,102.2,0.4,211.0,1.2,0.0
2017_09_CIN_JAX,CIN,259.0,1,259.0,1,0.0,149.0,0,1.0,56,232.6,1.6,0.8,91.6,0.2,232.6,1.6,0.0
2017_10_CIN_TEN,CIN,264.0,1,264.0,1,1.0,180.0,2,0.0,57,221.8,1.2,0.6,108.6,0.2,221.8,1.2,0.2
2017_11_CIN_DEN,CIN,254.0,1,254.0,1,1.0,112.0,1,1.0,58,238.0,1.4,0.6,135.6,0.4,238.0,1.4,0.2
2017_12_CLE_CIN,CIN,268.0,0,268.0,0,0.0,169.0,1,0.0,59,255.6,1.4,0.6,141.6,0.6,255.6,1.4,0.4
2017_13_PIT_CIN,CIN,290.0,2,290.0,2,1.0,92.0,0,0.0,60,255.6,1.0,0.6,145.0,0.8,255.6,1.0,0.4
2017_14_CHI_CIN,CIN,271.0,1,271.0,1,0.0,232.0,3,0.0,61,267.0,1.0,0.6,140.4,0.8,267.0,1.0,0.4
2017_15_CIN_MIN,CIN,236.0,2,236.0,2,1.0,124.0,1,0.0,62,269.4,1.0,0.6,157.0,1.4,269.4,1.0,0.2
2017_16_DET_CIN,CIN,203.0,1,203.0,1,1.0,87.0,1,0.0,63,263.8,1.2,0.6,145.8,1.2,263.8,1.2,0.2
2017_17_CIN_BAL,CIN,203.0,2,203.0,2,1.0,118.0,1,0.0,64,253.6,1.2,0.6,140.8,1.2,253.6,1.2,0.0
2018_01_CIN_IND,CIN,319.0,2,319.0,2,1.0,75.0,0,1.0,65,240.6,1.6,0.8,130.6,1.2,240.6,1.6,0.0
2018_02_BAL_CIN,CIN,376.0,2,376.0,2,2.0,66.0,1,1.0,66,246.4,1.6,0.8,127.2,1.2,246.4,1.6,0.2
2018_03_CIN_CAR,CIN,150.0,2,150.0,2,0.0,230.0,2,0.0,67,267.4,1.8,1.2,94.0,0.8,267.4,1.8,0.4
2018_04_CIN_ATL,CIN,419.0,3,419.0,3,0.0,92.0,1,0.0,68,250.2,1.8,1.0,115.2,1.0,250.2,1.8,0.4
2018_05_MIA_CIN,CIN,185.0,1,185.0,1,2.0,128.0,0,1.0,69,293.4,2.2,0.8,116.2,1.0,293.4,2.2,0.4
2018_06_PIT_CIN,CIN,369.0,1,369.0,1,0.0,112.0,2,0.0,70,289.8,2.0,1.0,118.2,0.8,289.8,2.0,0.6
2018_07_CIN_KC,CIN,358.0,4,358.0,4,1.0,198.0,1,0.0,71,299.8,1.8,0.8,125.6,1.2,299.8,1.8,0.4
2018_08_TB_CIN,CIN,470.0,3,470.0,3,4.0,126.0,1,0.0,72,296.2,2.2,0.6,152.0,1.2,296.2,2.2,0.2
2018_10_NO_CIN,CIN,265.0,3,265.0,3,0.0,244.0,3,0.0,73,360.2,2.4,1.4,131.2,1.0,360.2,2.4,0.2
2018_11_CIN_BAL,CIN,150.0,0,150.0,0,1.0,262.0,2,0.0,74,329.4,2.4,1.4,161.6,1.4,329.4,2.4,0.2
2018_12_CLE_CIN,CIN,258.0,4,258.0,4,0.0,84.0,1,0.0,75,322.4,2.2,1.2,188.4,1.8,322.4,2.2,0.0
2018_13_DEN_CIN,CIN,151.0,1,151.0,1,0.0,218.0,2,1.0,76,300.2,2.8,1.2,182.8,1.6,300.2,2.8,0.0
2018_14_CIN_LAC,CIN,220.0,1,220.0,1,0.0,85.0,1,0.0,77,258.8,2.2,1.0,186.8,1.8,258.8,2.2,0.2
2018_15_OAK_CIN,CIN,263.0,1,263.0,1,0.0,68.0,0,2.0,78,208.8,1.8,0.2,178.6,1.8,208.8,1.8,0.2
2018_16_CIN_CLE,CIN,347.0,3,347.0,3,0.0,146.0,0,0.0,79,208.4,1.4,0.2,143.4,1.2,208.4,1.4,0.6
2018_17_CIN_PIT,CIN,287.0,1,287.0,1,1.0,65.0,0,0.0,80,247.8,2.0,0.0,120.2,0.8,247.8,2.0,0.6
2019_01_CIN_SEA,CIN,195.0,2,195.0,2,0.0,72.0,1,1.0,81,253.6,1.4,0.2,116.4,0.6,253.6,1.4,0.6
2019_02_SF_CIN,CIN,312.0,3,312.0,3,1.0,259.0,2,0.0,82,262.4,1.6,0.2,87.2,0.4,262.4,1.6,0.6
2019_03_CIN_BUF,CIN,243.0,1,243.0,1,1.0,175.0,1,1.0,83,280.8,2.0,0.4,122.0,0.6,280.8,2.0,0.6
2019_04_CIN_PIT,CIN,260.0,2,260.0,2,0.0,66.0,1,1.0,84,276.8,2.0,0.6,143.4,0.8,276.8,2.0,0.4
2019_05_ARI_CIN,CIN,253.0,0,253.0,0,0.0,266.0,2,0.0,85,259.4,1.8,0.6,127.4,1.0,259.4,1.8,0.6
2019_06_CIN_BAL,CIN,236.0,0,236.0,0,0.0,269.0,2,1.0,86,252.6,1.6,0.4,167.6,1.4,252.6,1.6,0.6
2019_07_JAX_CIN,CIN,255.0,1,255.0,1,0.0,216.0,0,0.0,87,260.8,1.2,0.4,207.0,1.6,260.8,1.2,0.6
2019_08_CIN_LA,CIN,372.0,2,372.0,2,0.0,98.0,1,0.0,88,249.4,0.8,0.2,198.4,1.2,249.4,0.8,0.6
2019_10_BAL_CIN,CIN,243.0,3,243.0,3,1.0,127.0,2,0.0,89,275.2,1.0,0.0,183.0,1.2,275.2,1.0,0.4
2019_11_CIN_OAK,CIN,292.0,1,292.0,1,1.0,113.0,1,1.0,90,271.8,1.2,0.2,195.2,1.4,271.8,1.2,0.2
2019_12_PIT_CIN,CIN,203.0,1,203.0,1,1.0,159.0,0,0.0,91,279.6,1.4,0.4,164.6,1.2,279.6,1.4,0.4
2019_13_NYJ_CIN,CIN,239.0,0,239.0,0,0.0,62.0,0,0.0,92,273.0,1.6,0.6,142.6,0.8,273.0,1.6,0.2
2019_14_CIN_CLE,CIN,192.0,0,192.0,0,2.0,146.0,2,0.0,93,269.8,1.4,0.6,111.8,0.8,269.8,1.4,0.2
2019_15_NE_CIN,CIN,128.0,2,128.0,2,0.0,175.0,1,0.0,94,233.8,1.0,1.0,121.4,1.0,233.8,1.0,0.2
2019_16_CIN_MIA,CIN,419.0,4,419.0,4,1.0,96.0,1,0.0,95,210.8,0.8,0.8,131.0,0.8,210.8,0.8,0.2
2019_17_CLE_CIN,CIN,279.0,3,279.0,3,3.0,74.0,0,0.0,96,236.2,1.4,0.8,127.6,0.8,236.2,1.4,0.0
2020_01_LAC_CIN,CIN,208.0,0,208.0,0,0.0,155.0,1,0.0,97,251.4,1.8,1.2,110.6,0.8,251.4,1.8,0.0
2020_02_CIN_CLE,CIN,219.0,2,219.0,2,1.0,215.0,3,0.0,98,245.2,1.8,1.2,129.2,1.0,245.2,1.8,0.0
2020_03_CIN_PHI,CIN,225.0,1,225.0,1,2.0,172.0,1,0.0,99,250.6,2.2,1.0,143.0,1.2,250.6,2.2,0.0
2020_04_JAX_CIN,CIN,351.0,2,351.0,2,1.0,89.0,0,0.0,100,270.0,2.0,1.4,142.4,1.2,270.0,2.0,0.0
2020_05_CIN_BAL,CIN,180.0,2,180.0,2,1.0,161.0,0,0.0,101,256.4,1.6,1.4,141.0,1.0,256.4,1.6,0.0
2020_06_CIN_IND,CIN,371.0,3,371.0,3,1.0,59.0,1,1.0,102,236.6,1.4,1.0,158.4,1.0,236.6,1.4,0.0
2020_07_CLE_CIN,CIN,316.0,5,316.0,5,1.0,82.0,0,0.0,103,269.2,2.0,1.2,139.2,1.0,269.2,2.0,0.2
2020_08_TEN_CIN,CIN,233.0,2,233.0,2,1.0,218.0,1,0.0,104,288.6,2.6,1.2,112.6,0.4,288.6,2.6,0.2
2020_10_CIN_PIT,CIN,333.0,4,333.0,4,0.0,44.0,0,0.0,105,290.2,2.8,1.0,121.8,0.4,290.2,2.8,0.2
2020_11_CIN_WAS,CIN,166.0,1,166.0,1,1.0,164.0,1,0.0,106,286.6,3.2,0.8,112.8,0.4,286.6,3.2,0.2
2020_12_NYG_CIN,CIN,244.0,0,244.0,0,0.0,142.0,1,1.0,107,283.8,3.0,0.8,113.4,0.6,283.8,3.0,0.2
2020_13_CIN_MIA,CIN,296.0,1,296.0,1,0.0,110.0,0,1.0,108,258.4,2.4,0.6,130.0,0.6,258.4,2.4,0.2
2020_14_DAL_CIN,CIN,185.0,2,185.0,2,0.0,101.0,0,0.0,109,254.4,1.6,0.4,135.6,0.6,254.4,1.6,0.4
2020_15_PIT_CIN,CIN,170.0,1,170.0,1,1.0,86.0,1,2.0,110,244.8,1.6,0.2,112.2,0.4,244.8,1.6,0.4
2020_16_CIN_HOU,CIN,309.0,3,324.0,3,0.0,166.0,1,1.0,111,212.2,1.0,0.4,120.6,0.6,212.2,1.0,0.8
2020_17_BAL_CIN,CIN,121.0,3,121.0,3,1.0,404.0,2,0.0,112,243.8,1.4,0.2,121.0,0.6,240.8,1.4,1.0
2021_01_MIN_CIN,CIN,362.0,2,362.0,2,0.0,67.0,1,1.0,113,219.2,2.0,0.4,173.4,0.8,216.2,2.0,0.8
2021_02_CIN_CHI,CIN,116.0,1,116.0,1,1.0,123.0,0,0.0,114,232.4,2.2,0.4,164.8,1.0,229.4,2.2,0.8
2021_03_CIN_PIT,CIN,318.0,1,318.0,1,2.0,45.0,0,0.0,115,218.6,2.0,0.6,169.2,1.0,215.6,2.0,0.8
2021_04_JAX_CIN,CIN,204.0,0,204.0,0,0.0,139.0,3,0.0,116,248.2,2.0,0.8,161.0,0.8,245.2,2.0,0.4
2021_05_GB_CIN,CIN,344.0,2,344.0,2,1.0,133.0,0,0.0,117,224.2,1.4,0.8,155.6,1.2,224.2,1.4,0.2
2021_06_CIN_DET,CIN,202.0,0,202.0,0,1.0,36.0,1,0.0,118,268.8,1.2,0.8,101.4,0.8,268.8,1.2,0.2
2021_07_CIN_BAL,CIN,296.0,1,296.0,1,0.0,115.0,1,0.0,119,236.8,0.8,1.0,95.2,0.8,236.8,0.8,0.0
2021_08_CIN_NYJ,CIN,422.0,3,422.0,3,2.0,97.0,1,1.0,120,272.8,0.8,0.8,93.6,1.0,272.8,0.8,0.0
2021_09_CLE_CIN,CIN,218.0,2,218.0,2,0.0,153.0,2,0.0,121,293.6,1.2,0.8,104.0,1.2,293.6,1.2,0.2
2021_11_CIN_LV,CIN,215.0,1,215.0,1,1.0,72.0,0,1.0,122,296.4,1.6,0.8,106.8,1.0,296.4,1.6,0.2
2021_12_PIT_CIN,CIN,263.0,1,263.0,1,2.0,51.0,0,1.0,123,270.6,1.4,0.8,94.6,1.0,270.6,1.4,0.4
2021_13_LAC_CIN,CIN,317.0,3,317.0,3,1.0,79.0,1,2.0,124,282.8,1.6,1.0,97.6,0.8,282.8,1.6,0.6
2021_14_SF_CIN,CIN,296.0,2,296.0,2,0.0,100.0,1,0.0,125,287.0,2.0,1.2,90.4,0.8,287.0,2.0,1.0
2021_15_CIN_DEN,CIN,186.0,1,186.0,1,0.0,133.0,0,1.0,126,261.8,1.8,0.8,91.0,0.8,261.8,1.8,0.8
2021_16_BAL_CIN,CIN,304.0,2,304.0,2,1.0,39.0,1,0.0,127,255.4,1.6,0.8,87.0,0.4,255.4,1.6,1.0
2021_17_KC_CIN,CIN,259.0,2,259.0,2,0.0,155.0,2,0.0,128,273.2,1.8,0.8,80.4,0.6,273.2,1.8,0.8
2021_18_CIN_CLE,CIN,176.0,2,176.0,2,1.0,205.0,1,1.0,129,272.4,2.0,0.4,101.2,1.0,272.4,2.0,0.6
2022_01_PIT_CIN,CIN,194.0,1,194.0,1,0.0,75.0,0,0.0,130,244.2,1.8,0.4,126.4,1.0,244.2,1.8,0.4
2022_02_CIN_DAL,CIN,235.0,1,235.0,1,0.0,107.0,1,1.0,131,223.8,1.6,0.4,121.4,0.8,223.8,1.6,0.4
2022_03_CIN_NYJ,CIN,285.0,0,285.0,0,2.0,76.0,0,2.0,132,233.6,1.6,0.4,116.2,1.0,233.6,1.6,0.4
2022_04_MIA_CIN,CIN,303.0,1,303.0,1,2.0,85.0,0,0.0,133,229.8,1.2,0.6,123.6,0.8,229.8,1.2,0.8
2022_05_CIN_BAL,CIN,174.0,1,174.0,1,1.0,155.0,0,0.0,134,238.6,1.0,1.0,109.6,0.4,238.6,1.0,0.8
2022_06_CIN_NO,CIN,178.0,1,178.0,1,0.0,228.0,1,0.0,135,238.2,0.8,1.0,99.6,0.2,238.2,0.8,0.6
2022_07_ATL_CIN,CIN,124.0,1,124.0,1,0.0,107.0,1,0.0,136,235.0,0.8,1.0,130.2,0.4,235.0,0.8,0.6
2022_08_CIN_CLE,CIN,278.0,1,278.0,1,1.0,172.0,3,1.0,137,212.8,0.8,1.0,130.2,0.4,212.8,0.8,0.4
2022_09_CAR_CIN,CIN,164.0,2,164.0,2,2.0,64.0,1,0.0,138,211.4,1.0,0.8,149.4,1.0,211.4,1.0,0.2
2022_11_CIN_PIT,CIN,265.0,1,265.0,1,0.0,102.0,2,0.0,139,183.6,1.2,0.8,145.2,1.2,183.6,1.2,0.2
2022_12_CIN_TEN,CIN,291.0,0,291.0,1,0.0,63.0,0,0.0,140,201.8,1.2,0.6,134.6,1.6,201.8,1.2,0.2
2022_13_KC_CIN,CIN,223.0,1,223.0,1,0.0,138.0,2,1.0,141,224.4,1.2,0.6,101.6,1.4,224.4,1.0,0.2
2022_14_CLE_CIN,CIN,276.0,1,276.0,1,1.0,71.0,0,0.0,142,244.2,1.2,0.6,107.8,1.6,244.2,1.0,0.4
2022_15_CIN_TB,CIN,312.0,3,312.0,3,2.0,92.0,0,2.0,143,243.8,1.2,0.6,87.6,1.0,243.8,1.0,0.2
2022_16_CIN_NE,CIN,240.0,2,240.0,2,0.0,61.0,0,1.0,144,273.4,1.4,0.6,93.2,0.8,273.4,1.2,0.6
2022_18_BAL_CIN,CIN,286.0,0,286.0,0,2.0,110.0,1,2.0,145,268.4,1.6,0.6,85.0,0.4,268.4,1.4,0.8
2023_01_CIN_CLE,CIN,154.0,1,154.0,1,1.0,206.0,1,0.0,146,267.4,1.4,1.0,94.4,0.6,267.4,1.4,1.2
2023_02_BAL_CIN,CIN,237.0,2,237.0,2,0.0,178.0,1,0.0,147,253.6,1.4,1.2,108.0,0.4,253.6,1.4,1.0
2023_03_LA_CIN,CIN,269.0,1,269.0,1,2.0,71.0,0,0.0,148,245.8,1.6,1.0,129.4,0.6,245.8,1.6,1.0
2023_04_CIN_TEN,CIN,242.0,2,242.0,2,1.0,173.0,1,0.0,149,237.2,1.2,1.0,125.2,0.6,237.2,1.2,0.6
2023_05_CIN_ARI,CIN,166.0,2,166.0,2,2.0,142.0,1,1.0,150,237.6,1.2,1.2,147.6,0.8,237.6,1.2,0.4
2023_06_SEA_CIN,CIN,326.0,0,326.0,0,2.0,87.0,1,0.0,151,213.6,1.6,1.2,154.0,0.8,213.6,1.6,0.2
2023_08_CIN_SF,CIN,365.0,1,365.0,1,2.0,113.0,1,1.0,152,248.0,1.4,1.4,130.2,0.8,248.0,1.4,0.2
2023_09_BUF_CIN,CIN,258.0,1,258.0,1,1.0,68.0,1,1.0,153,273.6,1.2,1.8,117.2,0.8,273.6,1.2,0.4
2023_10_HOU_CIN,CIN,356.0,1,356.0,1,1.0,188.0,2,2.0,154,271.4,1.2,1.6,116.6,1.0,271.4,1.2,0.6
2023_11_CIN_BAL,CIN,264.0,2,264.0,2,0.0,157.0,2,0.0,155,294.2,1.0,1.6,119.6,1.2,294.2,1.0,1.0
2023_12_PIT_CIN,CIN,278.0,0,278.0,0,0.0,153.0,1,1.0,156,313.8,1.0,1.2,122.6,1.4,313.8,1.0,0.8
2023_13_CIN_JAX,CIN,321.0,2,321.0,2,0.0,71.0,2,0.0,157,304.2,1.0,0.8,135.8,1.4,304.2,1.0,1.0
2023_14_IND_CIN,CIN,240.0,1,240.0,1,1.0,46.0,0,0.0,158,295.4,1.2,0.4,127.4,1.6,295.4,1.2,0.8
2023_15_MIN_CIN,CIN,303.0,2,303.0,2,2.0,143.0,1,0.0,159,291.8,1.2,0.4,123.0,1.4,291.8,1.2,0.6
2023_16_CIN_PIT,CIN,290.0,2,290.0,2,0.0,113.0,2,0.0,160,281.2,1.4,0.6,114.0,1.2,281.2,1.4,0.2
2023_17_CIN_KC,CIN,245.0,1,245.0,1,0.0,132.0,0,1.0,161,286.4,1.4,0.6,105.2,1.2,286.4,1.4,0.2
2023_18_CLE_CIN,CIN,166.0,2,166.0,2,2.0,104.0,0,0.0,162,279.8,1.6,0.6,101.0,1.0,279.8,1.6,0.2
2024_01_NE_CIN,CIN,121.0,0,121.0,0,0.0,170.0,1,0.0,163,248.8,1.6,1.0,107.6,0.6,248.8,1.6,0.2
2024_02_CIN_KC,CIN,151.0,2,151.0,2,2.0,149.0,0,1.0,164,225.0,1.4,0.8,132.4,0.8,225.0,1.4,0.2
2024_03_WAS_CIN,CIN,254.0,2,254.0,2,0.0,108.0,3,0.0,165,194.6,1.4,0.8,133.6,0.6,194.6,1.4,0.4
2024_04_CIN_CAR,CIN,220.0,2,220.0,2,1.0,155.0,1,0.0,166,187.4,1.4,0.8,132.6,0.8,187.4,1.4,0.4
2024_05_BAL_CIN,CIN,348.0,4,348.0,4,0.0,175.0,1,1.0,167,182.4,1.6,1.0,137.2,1.0,182.4,1.6,0.2
2024_06_CIN_NYG,CIN,205.0,0,205.0,0,1.0,119.0,1,0.0,168,218.8,2.0,0.6,151.4,1.2,218.8,2.0,0.4
2024_07_CIN_CLE,CIN,277.0,1,277.0,1,2.0,77.0,1,0.0,169,235.6,2.0,0.8,141.2,1.2,235.6,2.0,0.4
2024_08_PHI_CIN,CIN,236.0,1,236.0,1,0.0,161.0,3,0.0,170,260.8,1.8,0.8,126.8,1.4,260.8,1.8,0.2
2024_09_LV_CIN,CIN,198.0,1,198.0,1,0.0,60.0,1,2.0,171,257.2,1.6,0.8,137.4,1.4,257.2,1.6,0.2
2024_10_CIN_BAL,CIN,290.0,4,290.0,4,0.0,99.0,1,0.0,172,252.8,1.4,0.6,118.4,1.4,252.8,1.4,0.6
2024_11_CIN_LAC,CIN,297.0,2,297.0,2,0.0,155.0,2,1.0,173,241.2,1.4,0.6,103.2,1.4,241.2,1.4,0.4
2024_13_PIT_CIN,CIN,414.0,3,414.0,3,1.0,110.0,1,0.0,174,259.6,1.8,0.4,110.4,1.6,259.6,1.8,0.6
2024_14_CIN_DAL,CIN,183.0,2,183.0,2,1.0,156.0,0,0.0,175,287.0,2.2,0.2,117.0,1.6,287.0,2.2,0.6
2024_15_CIN_TEN,CIN,298.0,2,298.0,2,4.0,83.0,2,2.0,176,276.4,2.4,0.4,116.0,1.0,276.4,2.4,0.6
2024_16_CLE_CIN,CIN,157.0,0,157.0,0,2.0,148.0,1,1.0,177,296.4,2.6,1.2,120.6,1.2,296.4,2.6,0.6
2024_17_DEN_CIN,CIN,219.0,3,219.0,3,1.0,123.0,0,0.0,178,269.8,1.8,1.6,130.4,1.2,269.8,1.8,0.8
2024_18_CIN_PIT,CIN,148.0,1,148.0,1,0.0,74.0,1,0.0,179,254.2,2.0,1.8,124.0,0.8,254.2,2.0,0.6
2014_01_CLE_PIT,CLE,390.0,1,390.0,1,1.0,127.0,2,0.0,1,,,,,,,,
2014_02_NO_CLE,CLE,237.0,2,237.0,2,1.0,174.0,1,0.0,2,390.0,1.0,1.0,127.0,2.0,390.0,1.0,0.0
2014_03_BAL_CLE,CLE,217.0,1,217.0,1,1.0,160.0,1,0.0,3,313.5,1.5,1.0,150.5,1.5,313.5,1.5,0.0
2014_05_CLE_TEN,CLE,273.0,3,273.0,3,0.0,149.0,1,0.0,4,281.3333333333333,1.3333333333333333,1.0,153.66666666666666,1.3333333333333333,281.3333333333333,1.3333333333333333,0.0
2014_06_PIT_CLE,CLE,228.0,1,228.0,1,1.0,138.0,0,0.0,5,279.25,1.75,0.75,152.5,1.25,279.25,1.75,0.0
2014_07_CLE_JAX,CLE,159.0,1,159.0,1,3.0,185.0,2,0.0,6,269.0,1.6,0.8,149.6,1.0,269.0,1.6,0.0
2014_08_OAK_CLE,CLE,328.0,1,328.0,1,1.0,76.0,0,2.0,7,222.8,1.6,1.2,161.2,1.0,222.8,1.6,0.0
2014_09_TB_CLE,CLE,260.0,2,260.0,2,2.0,113.0,0,0.0,8,241.0,1.4,1.2,141.6,0.8,241.0,1.4,0.4
2014_10_CLE_CIN,CLE,93.0,0,93.0,0,3.0,86.0,0,1.0,9,249.6,1.6,1.4,132.2,0.6,249.6,1.6,0.4
2014_11_HOU_CLE,CLE,211.0,2,211.0,2,1.0,213.0,0,0.0,10,213.6,1.0,2.0,119.6,0.4,213.6,1.0,0.6
2014_12_CLE_ATL,CLE,273.0,2,273.0,2,1.0,63.0,1,1.0,11,210.2,1.2,2.0,134.6,0.4,210.2,1.2,0.6
2014_13_CLE_BUF,CLE,190.0,1,190.0,1,2.0,106.0,0,0.0,12,233.0,1.4,1.6,110.2,0.2,233.0,1.4,0.8
2014_14_IND_CLE,CLE,294.0,2,294.0,2,2.0,93.0,1,2.0,13,205.4,1.4,1.8,116.2,0.2,205.4,1.4,0.4
2014_15_CIN_CLE,CLE,117.0,0,117.0,0,1.0,244.0,3,0.0,14,212.2,1.4,1.8,112.2,0.4,212.2,1.4,0.8
2014_16_CLE_CAR,CLE,201.0,1,201.0,1,1.0,209.0,1,0.0,15,217.0,1.4,1.4,143.8,1.0,217.0,1.4,0.6
2014_17_CLE_BAL,CLE,312.0,2,312.0,2,0.0,129.0,0,0.0,16,215.0,1.2,1.4,143.0,1.2,215.0,1.2,0.6
2015_01_CLE_NYJ,CLE,179.0,2,179.0,2,1.0,154.0,2,0.0,17,222.8,1.2,1.2,156.2,1.0,222.8,1.2,0.4
2015_02_TEN_CLE,CLE,257.0,2,257.0,2,0.0,166.0,0,3.0,18,220.6,1.4,1.0,165.8,1.4,220.6,1.4,0.4
2015_03_OAK_CLE,CLE,314.0,2,314.0,2,0.0,155.0,1,1.0,19,213.2,1.4,0.6,180.4,1.2,213.2,1.4,0.6
2015_04_CLE_SD,CLE,358.0,3,358.0,3,0.0,91.0,0,0.0,20,252.6,1.8,0.4,162.6,0.8,252.6,1.8,0.8
2015_05_CLE_BAL,CLE,210.0,1,210.0,1,0.0,181.0,3,0.0,21,284.0,2.2,0.2,139.0,0.6,284.0,2.2,0.8
2015_06_DEN_CLE,CLE,290.0,1,290.0,1,3.0,152.0,0,0.0,22,263.6,2.0,0.2,149.4,1.2,263.6,2.0,0.8
2015_07_CLE_STL,CLE,163.0,0,163.0,0,0.0,158.0,2,1.0,23,285.8,1.8,0.6,149.0,0.8,285.8,1.8,0.8
2015_08_ARI_CLE,CLE,374.0,4,374.0,4,1.0,119.0,0,3.0,24,267.0,1.4,0.6,147.4,1.2,267.0,1.4,0.4
2015_09_CLE_CIN,CLE,234.0,3,234.0,3,0.0,152.0,1,0.0,25,279.0,1.8,0.8,140.2,1.0,279.0,1.8,0.8
2015_10_CLE_PIT,CLE,402.0,3,402.0,3,1.0,60.0,0,1.0,26,254.2,1.8,0.8,152.4,1.2,254.2,1.8,0.8
2015_12_BAL_CLE,CLE,232.0,2,232.0,2,2.0,104.0,0,0.0,27,292.6,2.2,1.0,128.2,0.6,292.6,2.2,1.0
2015_13_CIN_CLE,CLE,239.0,2,239.0,2,0.0,144.0,2,0.0,28,281.0,2.4,0.8,118.6,0.6,281.0,2.4,1.0
2015_14_SF_CLE,CLE,194.0,1,194.0,1,0.0,71.0,0,0.0,29,296.2,2.8,0.8,115.8,0.6,296.2,2.8,0.8
2015_15_CLE_SEA,CLE,249.0,3,249.0,3,0.0,182.0,0,0.0,30,260.2,2.2,0.6,106.2,0.6,260.2,2.2,0.2
2015_16_CLE_KC,CLE,125.0,2,125.0,2,1.0,136.0,0,0.0,31,263.2,2.2,0.6,112.2,0.4,263.2,2.2,0.2
2015_17_PIT_CLE,CLE,349.0,3,349.0,3,2.0,30.0,0,1.0,32,207.8,2.0,0.6,127.4,0.4,207.8,2.0,0.0
2016_01_CLE_PHI,CLE,278.0,2,278.0,2,0.0,133.0,1,0.0,33,231.2,2.2,0.6,112.6,0.4,231.2,2.2,0.2
2016_02_BAL_CLE,CLE,302.0,2,302.0,2,2.0,80.0,0,0.0,34,239.0,2.2,0.6,110.4,0.2,239.0,2.2,0.2
2016_03_CLE_MIA,CLE,319.0,3,319.0,3,2.0,115.0,1,1.0,35,260.6,2.4,1.0,112.2,0.2,260.6,2.4,0.2
2016_04_CLE_WAS,CLE,183.0,3,183.0,3,1.0,145.0,1,0.0,36,274.6,2.4,1.4,98.8,0.4,274.6,2.4,0.4
2016_05_NE_CLE,CLE,406.0,3,406.0,3,0.0,98.0,1,0.0,37,286.2,2.6,1.4,100.6,0.6,286.2,2.6,0.4
2016_06_CLE_TEN,CLE,284.0,3,284.0,3,1.0,137.0,1,0.0,38,297.6,2.6,1.0,114.2,0.8,297.6,2.6,0.2
2016_07_CLE_CIN,CLE,308.0,2,308.0,2,0.0,271.0,2,0.0,39,298.8,2.8,1.2,115.0,0.8,298.8,2.8,0.2
2016_08_NYJ_CLE,CLE,228.0,1,228.0,1,0.0,171.0,3,0.0,40,300.0,2.8,0.8,153.2,1.2,300.0,2.8,0.2
2016_09_DAL_CLE,CLE,255.0,3,255.0,3,0.0,168.0,2,0.0,41,281.8,2.4,0.4,164.4,1.6,281.8,2.4,0.0
2016_10_CLE_BAL,CLE,296.0,3,296.0,3,2.0,119.0,0,0.0,42,296.2,2.4,0.2,169.0,1.8,296.2,2.4,0.0
2016_11_PIT_CLE,CLE,167.0,0,167.0,0,0.0,146.0,1,0.0,43,274.2,2.4,0.6,173.2,1.6,274.2,2.4,0.0
2016_12_NYG_CLE,CLE,194.0,3,194.0,3,0.0,104.0,0,0.0,44,250.8,1.8,0.4,175.0,1.6,250.8,1.8,0.0
2016_14_CIN_CLE,CLE,180.0,2,180.0,2,0.0,213.0,1,0.0,45,228.0,2.0,0.4,141.6,1.2,228.0,2.0,0.0
2016_15_CLE_BUF,CLE,174.0,1,174.0,1,0.0,280.0,3,0.0,46,218.4,2.2,0.4,150.0,0.8,218.4,2.2,0.0
2016_16_SD_CLE,CLE,322.0,2,322.0,2,1.0,34.0,0,0.0,47,202.2,1.8,0.4,172.4,1.0,202.2,1.8,0.0
2016_17_CLE_PIT,CLE,277.0,3,277.0,3,1.0,69.0,1,0.0,48,207.4,1.6,0.2,155.4,1.0,207.4,1.6,0.0
2017_01_PIT_CLE,CLE,263.0,2,263.0,2,1.0,35.0,0,0.0,49,229.4,2.2,0.4,140.0,1.0,229.4,2.2,0.0
2017_02_CLE_BAL,CLE,217.0,2,217.0,2,1.0,136.0,1,1.0,50,243.2,2.0,0.6,126.2,1.0,243.2,2.0,0.0
2017_03_CLE_IND,CLE,259.0,1,259.0,1,0.0,92.0,3,1.0,51,250.6,2.0,0.8,110.8,1.0,250.6,2.0,0.2
2017_04_CIN_CLE,CLE,286.0,4,286.0,4,0.0,86.0,0,1.0,52,267.6,2.0,0.8,73.2,1.0,267.6,2.0,0.4
2017_05_NYJ_CLE,CLE,194.0,2,194.0,2,1.0,34.0,0,0.0,53,260.4,2.4,0.6,83.6,1.0,260.4,2.4,0.6
2017_06_CLE_HOU,CLE,225.0,3,225.0,3,1.0,123.0,0,0.0,54,243.8,2.2,0.6,76.6,0.8,243.8,2.2,0.6
2017_07_TEN_CLE,CLE,203.0,0,203.0,0,0.0,80.0,0,1.0,55,236.2,2.4,0.6,94.2,0.8,236.2,2.4,0.6
2017_08_MIN_CLE,CLE,288.0,2,288.0,2,1.0,88.0,1,0.0,56,233.4,2.0,0.4,83.0,0.6,233.4,2.0,0.6
2017_10_CLE_DET,CLE,249.0,3,249.0,3,1.0,104.0,1,0.0,57,239.2,2.2,0.6,82.2,0.2,239.2,2.2,0.4
2017_11_JAX_CLE,CLE,154.0,1,154.0,1,0.0,139.0,0,1.0,58,231.8,2.0,0.8,85.8,0.4,231.8,2.0,0.2
2017_12_CLE_CIN,CLE,214.0,2,214.0,2,0.0,152.0,1,0.0,59,223.8,1.8,0.6,106.8,0.4,223.8,1.8,0.4
2017_13_CLE_LAC,CLE,344.0,1,344.0,1,0.0,94.0,0,0.0,60,221.6,1.6,0.4,112.6,0.6,221.6,1.6,0.4
2017_14_GB_CLE,CLE,265.0,3,265.0,3,0.0,85.0,1,0.0,61,249.8,1.8,0.4,115.4,0.6,249.8,1.8,0.2
2017_15_BAL_CLE,CLE,288.0,1,288.0,1,0.0,97.0,1,0.0,62,245.2,2.0,0.2,114.8,0.6,245.2,2.0,0.2
2017_16_CLE_CHI,CLE,193.0,0,193.0,0,0.0,97.0,3,0.0,63,253.0,1.6,0.0,113.4,0.6,253.0,1.6,0.2
2017_17_CLE_PIT,CLE,239.0,1,239.0,1,1.0,124.0,2,1.0,64,260.8,1.4,0.0,105.0,1.2,260.8,1.4,0.0
2018_01_PIT_CLE,CLE,335.0,1,335.0,1,3.0,159.0,2,3.0,65,265.8,1.2,0.2,99.4,1.4,265.8,1.2,0.2
2018_02_CLE_NO,CLE,243.0,2,243.0,2,0.0,62.0,0,2.0,66,264.0,1.2,0.8,112.4,1.8,264.0,1.2,0.8
2018_03_NYJ_CLE,CLE,169.0,0,169.0,0,2.0,107.0,2,1.0,67,259.6,1.0,0.8,107.8,1.6,259.6,1.0,1.2
2018_04_CLE_OAK,CLE,437.0,4,437.0,4,2.0,139.0,0,0.0,68,235.8,0.8,1.2,109.8,1.8,235.8,0.8,1.4
2018_05_BAL_CLE,CLE,298.0,0,298.0,0,1.0,116.0,0,1.0,69,284.6,1.6,1.6,118.2,1.2,284.6,1.6,1.4
2018_06_LAC_CLE,CLE,215.0,2,215.0,2,1.0,246.0,3,0.0,70,296.4,1.4,1.6,116.6,0.8,296.4,1.4,1.4
2018_07_CLE_TB,CLE,365.0,0,365.0,0,2.0,114.0,3,2.0,71,272.4,1.6,1.2,134.0,1.0,272.4,1.6,0.8
2018_08_CLE_PIT,CLE,257.0,2,257.0,2,1.0,168.0,2,1.0,72,296.8,1.2,1.6,144.4,1.6,296.8,1.2,0.8
2018_09_KC_CLE,CLE,375.0,3,375.0,3,1.0,139.0,2,0.0,73,314.4,1.6,1.4,156.6,1.6,314.4,1.6,0.8
2018_10_ATL_CLE,CLE,330.0,2,330.0,2,0.0,71.0,0,2.0,74,302.0,1.4,1.2,156.6,2.0,302.0,1.4,0.8
2018_12_CLE_CIN,CLE,255.0,2,255.0,2,1.0,129.0,1,0.0,75,308.4,1.8,1.0,147.6,2.0,308.4,1.8,1.0
2018_13_CLE_HOU,CLE,224.0,1,224.0,1,0.0,187.0,0,0.0,76,316.4,1.8,1.0,124.2,1.6,316.4,1.8,1.0
2018_14_CAR_CLE,CLE,298.0,0,298.0,0,1.0,96.0,2,0.0,77,288.2,2.0,0.6,138.8,1.0,288.2,2.0,0.6
2018_15_CLE_DEN,CLE,257.0,0,257.0,0,2.0,32.0,1,0.0,78,296.4,1.6,0.6,124.4,1.0,296.4,1.6,0.4
2018_16_CIN_CLE,CLE,133.0,2,133.0,2,0.0,102.0,0,0.0,79,272.8,1.0,0.8,103.0,0.8,272.8,1.0,0.4
2018_17_CLE_BAL,CLE,179.0,0,179.0,0,0.0,296.0,2,1.0,80,233.4,1.0,0.8,109.2,0.8,233.4,1.0,0.0
2019_01_TEN_CLE,CLE,248.0,3,248.0,3,0.0,123.0,1,0.0,81,218.2,0.6,0.6,142.6,1.0,218.2,0.6,0.2
2019_02_CLE_NYJ,CLE,201.0,0,201.0,0,0.0,93.0,0,1.0,82,223.0,1.0,0.6,129.8,1.2,223.0,1.0,0.2
2019_03_LA_CLE,CLE,268.0,2,268.0,2,2.0,90.0,0,1.0,83,203.6,1.0,0.4,129.2,0.8,203.6,1.0,0.4
2019_04_CLE_BAL,CLE,247.0,3,247.0,3,2.0,173.0,0,1.0,84,205.8,1.4,0.4,140.8,0.6,205.8,1.4,0.6
2019_05_CLE_SF,CLE,181.0,2,181.0,2,0.0,275.0,2,0.0,85,228.6,1.6,0.8,155.0,0.6,228.6,1.6,0.8
2019_06_SEA_CLE,CLE,295.0,2,295.0,2,0.0,170.0,2,1.0,86,229.0,2.0,0.8,150.8,0.6,229.0,2.0,0.6
2019_08_CLE_NE,CLE,259.0,2,259.0,2,0.0,79.0,0,0.0,87,238.4,1.8,0.8,160.2,0.8,238.4,1.8,0.8
2019_09_CLE_DEN,CLE,193.0,2,193.0,2,0.0,127.0,1,1.0,88,250.0,2.2,0.8,157.4,0.8,250.0,2.2,0.6
2019_10_BUF_CLE,CLE,266.0,0,266.0,0,0.0,84.0,2,0.0,89,235.0,2.2,0.4,164.8,1.0,235.0,2.2,0.6
2019_11_PIT_CLE,CLE,221.0,1,221.0,1,4.0,58.0,0,0.0,90,238.8,1.6,0.0,147.0,1.4,238.8,1.6,0.4
2019_12_MIA_CLE,CLE,214.0,2,214.0,2,2.0,92.0,1,0.0,91,246.8,1.4,0.8,103.6,1.0,246.8,1.4,0.4
2019_13_CLE_PIT,CLE,212.0,1,212.0,1,1.0,124.0,1,0.0,92,230.6,1.4,1.2,88.0,0.8,230.6,1.4,0.2
2019_14_CIN_CLE,CLE,288.0,0,288.0,0,1.0,179.0,1,0.0,93,221.2,1.2,1.4,97.0,1.0,221.2,1.2,0.2
2019_15_CLE_ARI,CLE,249.0,1,249.0,1,1.0,190.0,4,0.0,94,240.2,0.8,1.6,107.4,1.0,240.2,0.8,0.0
2019_16_BAL_CLE,CLE,238.0,3,238.0,3,0.0,243.0,1,1.0,95,236.8,1.0,1.8,128.6,1.4,236.8,1.0,0.0
2019_17_CLE_CIN,CLE,190.0,1,190.0,1,1.0,179.0,3,0.0,96,240.2,1.4,1.0,165.6,1.6,240.2,1.4,0.2
2020_01_CLE_BAL,CLE,284.0,3,284.0,3,0.0,111.0,2,1.0,97,235.4,1.2,0.8,183.0,2.0,235.4,1.2,0.2
2020_02_CIN_CLE,CLE,316.0,3,316.0,3,0.0,68.0,0,1.0,98,249.8,1.6,0.6,180.4,2.2,249.8,1.6,0.4
2020_03_WAS_CLE,CLE,224.0,2,224.0,2,3.0,103.0,1,2.0,99,255.4,2.2,0.4,158.2,2.0,255.4,2.2,0.6
2020_04_CLE_DAL,CLE,502.0,4,502.0,4,1.0,85.0,1,2.0,100,250.4,2.4,0.8,140.8,1.4,250.4,2.4,1.0
2020_05_IND_CLE,CLE,243.0,0,243.0,0,2.0,68.0,1,0.0,101,303.2,2.6,1.0,109.2,1.4,303.2,2.6,1.2
2020_06_CLE_PIT,CLE,168.0,1,168.0,1,0.0,129.0,3,0.0,102,313.8,2.4,1.2,87.0,1.0,313.8,2.4,1.2
2020_07_CLE_CIN,CLE,422.0,3,422.0,3,1.0,81.0,1,1.0,103,290.6,2.0,1.2,90.6,1.2,290.6,2.0,1.0
2020_08_LV_CLE,CLE,111.0,1,111.0,1,0.0,209.0,0,0.0,104,311.8,2.0,1.4,93.2,1.4,311.8,2.0,1.0
2020_10_HOU_CLE,CLE,163.0,1,163.0,1,0.0,90.0,0,0.0,105,289.2,1.8,0.8,114.4,1.2,289.2,1.8,0.6
2020_11_PHI_CLE,CLE,235.0,2,235.0,2,2.0,106.0,0,1.0,106,221.4,1.2,0.6,115.4,1.0,221.4,1.2,0.2
2020_12_CLE_JAX,CLE,235.0,2,235.0,2,0.0,140.0,1,0.0,107,219.8,1.6,0.6,123.0,0.8,219.8,1.6,0.4
2020_13_CLE_TEN,CLE,389.0,3,389.0,4,1.0,62.0,1,2.0,108,233.2,1.8,0.6,125.2,0.4,233.2,1.8,0.4
2020_14_BAL_CLE,CLE,176.0,1,176.0,1,0.0,231.0,5,0.0,109,226.6,2.0,0.6,121.4,0.4,226.6,1.8,0.6
2020_15_CLE_NYG,CLE,221.0,0,221.0,0,0.0,74.0,0,0.0,110,239.6,2.0,0.6,125.8,1.4,239.6,1.8,0.6
2020_16_CLE_NYJ,CLE,218.0,3,218.0,3,0.0,131.0,0,0.0,111,251.2,1.8,0.6,122.6,1.4,251.2,1.6,0.6
2020_17_PIT_CLE,CLE,317.0,2,317.0,2,1.0,85.0,0,0.0,112,247.8,2.0,0.2,127.6,1.4,247.8,1.8,0.4
2021_01_CLE_KC,CLE,337.0,3,337.0,3,0.0,73.0,1,0.0,113,264.2,2.0,0.4,116.6,1.2,264.2,1.8,0.4
2021_02_HOU_CLE,CLE,227.0,2,227.0,2,1.0,82.0,1,0.0,114,253.8,1.8,0.2,118.8,1.2,253.8,1.8,0.0
2021_03_CHI_CLE,CLE,68.0,0,68.0,0,0.0,46.0,0,0.0,115,264.0,2.0,0.4,89.0,0.4,264.0,2.0,0.0
2021_04_CLE_MIN,CLE,203.0,1,203.0,1,1.0,65.0,0,0.0,116,233.4,2.0,0.4,83.4,0.4,233.4,2.0,0.0
2021_05_CLE_LAC,CLE,398.0,4,398.0,4,0.0,112.0,3,1.0,117,230.4,1.6,0.6,70.2,0.4,230.4,1.6,0.0
2021_06_ARI_CLE,CLE,229.0,4,229.0,4,0.0,144.0,0,0.0,118,246.6,2.0,0.4,75.6,1.0,246.6,2.0,0.2
2021_07_DEN_CLE,CLE,187.0,2,187.0,2,1.0,41.0,0,0.0,119,225.0,2.2,0.4,89.8,0.8,225.0,2.2,0.2
2021_08_PIT_CLE,CLE,266.0,1,266.0,1,0.0,115.0,1,0.0,120,217.0,2.2,0.4,81.6,0.6,217.0,2.2,0.2
2021_09_CLE_CIN,CLE,288.0,0,288.0,0,2.0,85.0,2,1.0,121,256.6,2.4,0.4,95.4,0.8,256.6,2.4,0.2
2021_10_CLE_NE,CLE,283.0,4,283.0,4,0.0,184.0,2,0.0,122,273.6,2.2,0.6,99.4,1.2,273.6,2.2,0.4
2021_11_DET_CLE,CLE,77.0,0,77.0,0,2.0,168.0,1,0.0,123,250.6,2.2,0.6,113.8,1.0,250.6,2.2,0.2
2021_12_CLE_BAL,CLE,165.0,1,165.0,1,4.0,148.0,0,0.0,124,220.2,1.4,1.0,118.6,1.2,220.2,1.4,0.2
2021_14_BAL_CLE,CLE,287.0,1,287.0,1,0.0,118.0,1,2.0,125,215.8,1.2,1.6,140.0,1.2,215.8,1.2,0.2
2021_15_LV_CLE,CLE,236.0,1,236.0,1,1.0,98.0,0,1.0,126,220.0,1.2,1.6,140.6,1.2,220.0,1.2,0.6
2021_16_CLE_GB,CLE,202.0,3,202.0,3,0.0,109.0,0,0.0,127,209.6,1.4,1.4,143.2,0.8,209.6,1.4,0.6
2021_17_CLE_PIT,CLE,123.0,1,123.0,1,1.0,190.0,1,0.0,128,193.4,1.2,1.4,128.2,0.4,193.4,1.2,0.6
2021_18_CIN_CLE,CLE,136.0,1,136.0,1,0.0,79.0,0,0.0,129,202.6,1.4,1.2,132.6,0.4,202.6,1.4,0.6
2022_01_CLE_CAR,CLE,235.0,1,235.0,1,1.0,54.0,2,0.0,130,196.8,1.4,0.4,118.8,0.4,196.8,1.4,0.6
2022_02_NYJ_CLE,CLE,324.0,4,324.0,4,0.0,93.0,0,1.0,131,186.4,1.4,0.6,106.0,0.6,186.4,1.4,0.2
2022_03_PIT_CLE,CLE,207.0,0,207.0,0,0.0,104.0,2,1.0,132,204.0,2.0,0.4,105.0,0.6,204.0,2.0,0.2
2022_04_CLE_ATL,CLE,139.0,0,139.0,0,1.0,202.0,2,0.0,133,205.0,1.4,0.4,104.0,1.0,205.0,1.4,0.4
2022_05_LAC_CLE,CLE,228.0,1,228.0,1,0.0,238.0,2,0.0,134,208.2,1.2,0.4,106.4,1.2,208.2,1.2,0.4
2022_06_NE_CLE,CLE,309.0,2,309.0,2,0.0,98.0,3,1.0,135,226.6,1.2,0.4,138.2,1.6,226.6,1.2,0.4
2022_07_CLE_BAL,CLE,120.0,0,120.0,0,0.0,160.0,2,1.0,136,241.4,1.4,0.2,147.0,1.8,241.4,1.4,0.6
2022_08_CIN_CLE,CLE,232.0,2,232.0,2,1.0,36.0,0,1.0,137,200.6,0.6,0.2,160.4,2.2,200.6,0.6,0.6
2022_10_CLE_MIA,CLE,302.0,3,302.0,3,0.0,195.0,2,0.0,138,205.6,1.0,0.4,146.8,1.8,205.6,1.0,0.6
2022_11_CLE_BUF,CLE,197.0,1,197.0,1,0.0,171.0,1,0.0,139,238.2,1.6,0.2,145.4,1.8,238.2,1.6,0.6
2022_12_TB_CLE,CLE,246.0,2,246.0,2,0.0,96.0,0,0.0,140,232.0,1.6,0.2,132.0,1.6,232.0,1.6,0.6
2022_13_CLE_HOU,CLE,201.0,1,201.0,1,2.0,82.0,0,1.0,141,219.4,1.6,0.2,131.6,1.0,219.4,1.6,0.4
2022_14_CLE_CIN,CLE,239.0,2,239.0,2,1.0,136.0,1,0.0,142,235.6,1.8,0.6,116.0,0.6,235.6,1.8,0.4
2022_15_BAL_CLE,CLE,138.0,0,138.0,0,1.0,198.0,0,1.0,143,237.0,1.8,0.6,136.0,0.8,237.0,1.8,0.2
2022_16_NO_CLE,CLE,92.0,0,92.0,0,1.0,152.0,2,0.0,144,204.2,1.2,0.8,136.6,0.4,204.2,1.2,0.4
2022_17_CLE_WAS,CLE,143.0,0,143.0,0,3.0,136.0,1,0.0,145,183.2,1.0,1.0,132.8,0.6,183.2,1.0,0.4
2022_18_CLE_PIT,CLE,195.0,1,195.0,1,0.0,144.0,2,1.0,146,162.6,0.6,1.6,140.8,0.8,162.6,0.6,0.4
2023_01_CIN_CLE,CLE,82.0,0,82.0,0,0.0,75.0,0,0.0,147,161.4,0.6,1.2,153.2,1.2,161.4,0.6,0.4
2023_02_CLE_PIT,CLE,222.0,1,222.0,1,1.0,55.0,0,1.0,148,130.0,0.2,1.0,141.0,1.0,130.0,0.2,0.4
2023_03_TEN_CLE,CLE,104.0,0,104.0,0,0.0,26.0,0,0.0,149,146.8,0.4,1.0,112.4,1.0,146.8,0.4,0.4
2023_04_BAL_CLE,CLE,186.0,2,186.0,2,0.0,131.0,2,1.0,150,149.2,0.4,0.8,87.2,0.6,149.2,0.4,0.4
2023_06_SF_CLE,CLE,125.0,1,125.0,1,1.0,108.0,1,0.0,151,157.8,0.8,0.2,86.2,0.8,157.8,0.8,0.6
2023_07_CLE_IND,CLE,305.0,2,305.0,2,1.0,168.0,3,3.0,152,143.8,0.8,0.4,79.0,0.6,143.8,0.8,0.4
2023_08_CLE_SEA,CLE,254.0,2,254.0,2,2.0,114.0,1,0.0,153,188.4,1.2,0.6,97.6,1.2,188.4,1.2,1.0
2023_09_ARI_CLE,CLE,58.0,0,58.0,0,2.0,41.0,0,1.0,154,194.8,1.4,0.8,109.4,1.4,194.8,1.4,0.8
2023_10_CLE_BAL,CLE,223.0,1,223.0,1,2.0,106.0,2,0.0,155,185.6,1.4,1.2,112.4,1.4,185.6,1.4,1.0
2023_11_PIT_CLE,CLE,106.0,0,106.0,0,0.0,172.0,1,0.0,156,193.0,1.2,1.6,107.4,1.4,193.0,1.2,0.8
2023_12_CLE_DEN,CLE,134.0,1,134.0,1,0.0,169.0,2,1.0,157,189.2,1.0,1.4,120.2,1.4,189.2,1.0,0.8
2023_13_CLE_LA,CLE,279.0,3,279.0,3,0.0,120.0,1,0.0,158,155.0,0.8,1.2,120.4,1.2,155.0,0.8,0.4
2023_14_JAX_CLE,CLE,257.0,3,257.0,3,3.0,58.0,1,1.0,159,160.0,1.0,0.8,121.6,1.2,160.0,1.0,0.4
2023_15_CHI_CLE,CLE,166.0,1,166.0,1,2.0,88.0,0,0.0,160,199.8,1.6,1.0,125.0,1.4,199.8,1.6,0.4
2023_16_CLE_HOU,CLE,211.0,2,211.0,2,2.0,72.0,0,0.0,161,188.4,1.6,1.0,121.4,1.0,188.4,1.6,0.4
2023_17_NYJ_CLE,CLE,261.0,1,261.0,1,1.0,107.0,0,0.0,162,209.4,2.0,1.4,101.4,0.8,209.4,2.0,0.4
2023_18_CLE_CIN,CLE,176.0,3,176.0,3,1.0,183.0,1,0.0,163,234.8,2.0,1.6,89.0,0.4,234.8,2.0,0.2
2024_01_DAL_CLE,CLE,179.0,1,179.0,1,0.0,102.0,1,0.0,164,214.2,2.0,1.8,101.6,0.4,214.2,2.0,0.2
2024_02_CLE_JAX,CLE,220.0,0,220.0,0,0.0,127.0,1,0.0,165,198.6,1.6,1.2,110.4,0.4,198.6,1.6,0.0
2024_03_NYG_CLE,CLE,236.0,2,236.0,2,0.0,112.0,1,1.0,166,209.4,1.4,0.8,118.2,0.6,209.4,1.4,0.0
2024_04_CLE_LV,CLE,130.0,0,130.0,0,0.0,152.0,2,1.0,167,214.4,1.4,0.4,126.2,0.8,214.4,1.4,0.2
2024_05_CLE_WAS,CLE,236.0,1,236.0,1,1.0,215.0,3,1.0,168,188.2,1.2,0.2,135.2,1.2,188.2,1.2,0.4
2024_06_CLE_PHI,CLE,264.0,2,264.0,2,0.0,116.0,0,0.0,169,200.2,0.8,0.2,141.6,1.6,200.2,0.8,0.6
2024_07_CIN_CLE,CLE,181.0,2,181.0,2,0.0,59.0,0,0.0,170,217.2,1.0,0.2,144.4,1.4,217.2,1.0,0.6
2024_08_BAL_CLE,CLE,289.0,2,289.0,2,0.0,124.0,1,0.0,171,209.4,1.4,0.2,130.8,1.2,209.4,1.4,0.6
2024_09_LAC_CLE,CLE,282.0,2,282.0,2,0.0,96.0,2,0.0,172,220.0,1.4,0.2,133.2,1.2,220.0,1.4,0.4
2024_11_CLE_NO,CLE,266.0,2,266.0,2,1.0,214.0,3,1.0,173,250.4,1.8,0.2,122.0,1.2,250.4,1.8,0.2
2024_12_PIT_CLE,CLE,270.0,1,270.0,1,0.0,120.0,1,1.0,174,256.4,2.0,0.2,121.8,1.2,256.4,2.0,0.2
2024_13_CLE_DEN,CLE,294.0,1,294.0,1,2.0,106.0,2,0.0,175,257.6,1.8,0.2,122.6,1.4,257.6,1.8,0.4
2024_14_CLE_PIT,CLE,158.0,2,158.0,2,0.0,120.0,1,1.0,176,280.2,1.6,0.6,132.0,1.8,280.2,1.6,0.4
2024_15_KC_CLE,CLE,179.0,2,179.0,2,0.0,132.0,1,0.0,177,254.0,1.6,0.6,131.2,1.8,254.0,1.6,0.6
2024_16_CLE_CIN,CLE,252.0,3,252.0,3,0.0,116.0,0,1.0,178,233.4,1.6,0.6,138.4,1.6,233.4,1.6,0.6
2024_17_MIA_CLE,CLE,225.0,1,225.0,1,0.0,74.0,1,0.0,179,230.6,1.8,0.4,118.8,1.0,230.6,1.8,0.6
2024_18_CLE_BAL,CLE,217.0,2,217.0,2,0.0,220.0,2,0.0,180,221.6,1.8,0.4,109.6,1.0,221.6,1.8,0.4
2014_01_SF_DAL,DAL,201.0,2,201.0,2,0.0,127.0,1,0.0,1,,,,,,,,
2014_02_DAL_TEN,DAL,234.0,1,234.0,1,2.0,82.0,0,0.0,2,201.0,2.0,0.0,127.0,1.0,201.0,2.0,0.0
2014_03_DAL_STL,DAL,327.0,3,327.0,3,2.0,121.0,0,0.0,3,217.5,1.5,1.0,104.5,0.5,217.5,1.5,0.0
2014_04_NO_DAL,DAL,340.0,2,340.0,2,1.0,104.0,0,2.0,4,254.0,2.0,1.3333333333333333,110.0,0.3333333333333333,254.0,2.0,0.0
2014_05_HOU_DAL,DAL,154.0,0,154.0,0,1.0,176.0,2,0.0,5,275.5,2.0,1.25,108.5,0.25,275.5,2.0,0.5
2014_06_DAL_SEA,DAL,126.0,0,126.0,0,1.0,80.0,1,0.0,6,251.2,1.6,1.2,122.0,0.6,251.2,1.6,0.4
2014_07_NYG_DAL,DAL,248.0,3,248.0,3,0.0,104.0,0,2.0,7,236.2,1.2,1.4,112.6,0.6,236.2,1.2,0.4
2014_08_WAS_DAL,DAL,299.0,0,299.0,0,1.0,123.0,2,0.0,8,239.0,1.6,1.0,117.0,0.6,239.0,1.6,0.8
2014_09_ARI_DAL,DAL,249.0,3,249.0,3,1.0,102.0,1,0.0,9,233.4,1.0,0.8,117.4,1.0,233.4,1.0,0.8
2014_10_DAL_JAX,DAL,290.0,0,290.0,0,1.0,71.0,2,1.0,10,215.2,1.2,0.8,117.0,1.2,215.2,1.2,0.4
2014_12_DAL_NYG,DAL,338.0,3,338.0,3,1.0,89.0,1,0.0,11,242.4,1.2,0.8,96.0,1.2,242.4,1.2,0.6
2014_13_PHI_DAL,DAL,217.0,1,217.0,1,0.0,256.0,2,1.0,12,284.8,1.8,0.8,97.8,1.2,284.8,1.8,0.6
2014_14_DAL_CHI,DAL,341.0,2,341.0,2,1.0,35.0,2,1.0,13,278.6,1.4,0.8,128.2,1.6,278.6,1.4,0.4
2014_15_DAL_PHI,DAL,252.0,0,252.0,0,2.0,75.0,3,1.0,14,287.0,1.8,0.8,110.6,1.6,287.0,1.8,0.6
2014_16_IND_DAL,DAL,235.0,1,235.0,1,2.0,1.0,0,1.0,15,287.6,1.2,1.0,105.2,2.0,287.6,1.2,0.8
2014_17_DAL_WAS,DAL,336.0,1,336.0,1,2.0,104.0,1,2.0,16,276.6,1.4,1.2,91.2,1.6,276.6,1.4,0.8
2015_01_NYG_DAL,DAL,189.0,0,189.0,0,0.0,99.0,1,0.0,17,276.2,1.0,1.4,94.2,1.6,276.2,1.0,1.2
2015_02_DAL_PHI,DAL,224.0,1,224.0,1,2.0,7.0,0,1.0,18,270.6,0.8,1.4,62.8,1.4,270.6,0.8,1.0
2015_03_ATL_DAL,DAL,285.0,2,285.0,2,0.0,158.0,3,0.0,19,247.2,0.6,1.6,57.2,1.0,247.2,0.6,1.0
2015_04_DAL_NO,DAL,359.0,2,359.0,2,0.0,103.0,1,0.0,20,253.8,1.0,1.2,73.8,1.0,253.8,1.0,0.8
2015_05_NE_DAL,DAL,275.0,2,275.0,2,0.0,109.0,1,0.0,21,278.6,1.2,0.8,94.2,1.2,278.6,1.2,0.6
2015_07_DAL_NYG,DAL,170.0,0,170.0,0,0.0,132.0,1,0.0,22,266.4,1.4,0.4,95.2,1.2,266.4,1.4,0.2
2015_08_SEA_DAL,DAL,210.0,1,210.0,1,1.0,113.0,0,0.0,23,262.6,1.4,0.4,101.8,1.2,262.6,1.4,0.2
2015_09_PHI_DAL,DAL,295.0,1,295.0,1,0.0,172.0,2,0.0,24,259.8,1.4,0.2,123.0,1.2,259.8,1.4,0.0
2015_10_DAL_TB,DAL,264.0,0,264.0,0,2.0,84.0,1,0.0,25,261.8,1.2,0.2,125.8,1.0,261.8,1.2,0.0
2015_11_DAL_MIA,DAL,188.0,2,188.0,2,1.0,70.0,0,0.0,26,242.8,0.8,0.6,122.0,1.0,242.8,0.8,0.0
2015_12_CAR_DAL,DAL,183.0,0,183.0,0,0.0,129.0,1,0.0,27,225.4,0.8,0.8,114.2,0.8,225.4,0.8,0.0
2015_13_DAL_WAS,DAL,219.0,1,219.0,1,0.0,73.0,0,0.0,28,228.0,0.8,0.8,113.6,0.8,228.0,0.8,0.0
2015_14_DAL_GB,DAL,218.0,2,218.0,2,0.0,230.0,2,0.0,29,229.8,0.8,0.6,105.6,0.8,229.8,0.8,0.0
2015_15_NYJ_DAL,DAL,299.0,1,299.0,1,1.0,73.0,1,0.0,30,214.4,1.0,0.6,117.2,0.8,214.4,1.0,0.0
2015_16_DAL_BUF,DAL,179.0,0,179.0,0,1.0,236.0,2,1.0,31,221.4,1.2,0.4,115.0,0.8,221.4,1.2,0.0
2015_17_WAS_DAL,DAL,304.0,4,304.0,4,0.0,146.0,0,0.0,32,219.6,0.8,0.4,148.2,1.2,219.6,0.8,0.2
2016_01_NYG_DAL,DAL,207.0,3,207.0,3,1.0,113.0,0,0.0,33,243.8,1.6,0.4,151.6,1.0,243.8,1.6,0.2
2016_02_DAL_WAS,DAL,364.0,1,364.0,1,1.0,82.0,1,0.0,34,241.4,2.0,0.6,159.6,1.0,241.4,2.0,0.2
2016_03_CHI_DAL,DAL,317.0,2,317.0,2,0.0,78.0,0,2.0,35,270.6,1.8,0.8,130.0,0.8,270.6,1.8,0.2
2016_04_DAL_SF,DAL,196.0,1,196.0,1,1.0,106.0,1,0.0,36,274.2,2.0,0.6,131.0,0.6,274.2,2.0,0.6
2016_05_CIN_DAL,DAL,269.0,2,269.0,2,0.0,96.0,0,0.0,37,277.6,2.2,0.6,105.0,0.4,277.6,2.2,0.4
2016_06_DAL_GB,DAL,294.0,1,294.0,1,1.0,78.0,0,3.0,38,270.6,1.8,0.6,95.0,0.4,270.6,1.8,0.4
2016_08_PHI_DAL,DAL,202.0,1,202.0,1,0.0,97.0,1,1.0,39,288.0,1.4,0.6,88.0,0.4,288.0,1.4,1.0
2016_09_DAL_CLE,DAL,203.0,1,203.0,1,0.0,45.0,0,0.0,40,255.6,1.4,0.4,91.0,0.4,255.6,1.4,1.2
2016_10_DAL_PIT,DAL,408.0,3,408.0,3,0.0,48.0,1,0.0,41,232.8,1.2,0.4,84.4,0.4,232.8,1.2,0.8
2016_11_BAL_DAL,DAL,269.0,1,269.0,1,0.0,101.0,1,0.0,42,275.2,1.6,0.2,72.8,0.4,275.2,1.6,0.8
2016_12_WAS_DAL,DAL,449.0,3,449.0,3,0.0,56.0,0,0.0,43,275.2,1.4,0.2,73.8,0.6,275.2,1.4,0.8
2016_13_DAL_MIN,DAL,253.0,1,253.0,1,0.0,87.0,0,0.0,44,306.2,1.8,0.0,69.4,0.6,306.2,1.8,0.2
2016_14_DAL_NYG,DAL,193.0,1,193.0,1,1.0,93.0,0,2.0,45,316.4,1.8,0.0,67.4,0.4,316.4,1.8,0.0
2016_15_TB_DAL,DAL,247.0,2,247.0,2,3.0,52.0,0,1.0,46,314.4,1.8,0.2,77.0,0.4,314.4,1.8,0.4
2016_16_DET_DAL,DAL,260.0,0,260.0,0,1.0,90.0,3,1.0,47,282.2,1.6,0.8,77.8,0.2,282.2,1.6,0.6
2016_17_DAL_PHI,DAL,245.0,2,245.0,2,0.0,114.0,1,0.0,48,280.4,1.4,1.0,75.6,0.6,280.4,1.4,0.8
2017_01_NYG_DAL,DAL,220.0,0,220.0,0,1.0,35.0,0,0.0,49,239.6,1.2,1.0,87.2,0.8,239.6,1.2,0.8
2017_02_DAL_DEN,DAL,231.0,4,231.0,4,1.0,178.0,1,1.0,50,233.0,1.0,1.2,76.8,0.8,233.0,1.0,0.8
2017_03_DAL_ARI,DAL,325.0,2,325.0,2,0.0,49.0,0,0.0,51,240.6,1.6,1.2,93.8,1.0,240.6,1.6,0.6
2017_04_LA_DAL,DAL,255.0,2,255.0,2,0.0,168.0,0,0.0,52,256.2,1.6,0.6,93.2,1.0,256.2,1.6,0.4
2017_05_GB_DAL,DAL,221.0,3,221.0,3,0.0,160.0,1,0.0,53,255.2,2.0,0.4,108.8,0.4,255.2,2.0,0.2
2017_07_DAL_SF,DAL,235.0,0,235.0,0,0.0,103.0,1,2.0,54,250.4,2.2,0.4,118.0,0.4,250.4,2.2,0.2
2017_08_DAL_WAS,DAL,263.0,1,263.0,1,1.0,49.0,1,1.0,55,253.4,2.2,0.2,131.6,0.6,253.4,2.2,0.6
2017_09_KC_DAL,DAL,263.0,2,263.0,2,1.0,68.0,0,0.0,56,259.8,1.6,0.2,105.8,0.6,259.8,1.6,0.6
2017_10_DAL_ATL,DAL,215.0,2,215.0,2,1.0,132.0,1,0.0,57,247.4,1.6,0.4,109.6,0.6,247.4,1.6,0.6
2017_11_PHI_DAL,DAL,168.0,2,168.0,2,0.0,215.0,2,0.0,58,239.4,1.6,0.6,102.4,0.8,239.4,1.6,0.6
2017_12_LAC_DAL,DAL,434.0,3,434.0,3,0.0,81.0,0,0.0,59,228.8,1.4,0.6,113.4,1.0,228.8,1.4,0.6
2017_13_WAS_DAL,DAL,251.0,2,251.0,2,2.0,56.0,0,1.0,60,268.6,2.0,0.6,109.0,0.8,268.6,2.0,0.2
2017_14_DAL_NYG,DAL,228.0,1,228.0,1,2.0,102.0,0,0.0,61,266.2,2.2,0.8,110.4,0.6,266.2,2.2,0.2
2017_15_DAL_OAK,DAL,171.0,2,171.0,2,0.0,122.0,0,0.0,62,259.2,2.0,1.0,117.2,0.6,259.2,2.0,0.2
2017_16_SEA_DAL,DAL,93.0,2,93.0,2,0.0,76.0,0,0.0,63,250.4,2.0,0.8,115.2,0.4,250.4,2.0,0.2
2017_17_DAL_PHI,DAL,173.0,0,173.0,0,1.0,70.0,0,1.0,64,235.4,2.0,0.8,87.4,0.0,235.4,2.0,0.2
2018_01_DAL_CAR,DAL,161.0,0,161.0,0,0.0,147.0,2,1.0,65,183.2,1.4,1.0,85.2,0.0,183.2,1.4,0.4
2018_02_NYG_DAL,DAL,279.0,1,279.0,1,0.0,35.0,0,1.0,66,165.2,1.0,0.6,103.4,0.4,165.2,1.0,0.4
2018_03_DAL_SEA,DAL,192.0,2,192.0,2,0.0,113.0,1,0.0,67,175.4,1.0,0.2,90.0,0.4,175.4,1.0,0.6
2018_04_DET_DAL,DAL,307.0,2,307.0,2,0.0,96.0,1,0.0,68,179.6,1.0,0.2,88.2,0.6,179.6,1.0,0.6
2018_05_DAL_HOU,DAL,375.0,1,375.0,1,1.0,88.0,0,1.0,69,222.4,1.0,0.2,92.2,0.8,222.4,1.0,0.6
2018_06_JAX_DAL,DAL,149.0,1,149.0,1,1.0,65.0,0,1.0,70,262.8,1.2,0.2,95.8,0.8,262.8,1.2,0.6
2018_07_DAL_WAS,DAL,178.0,1,178.0,1,0.0,130.0,0,0.0,71,260.4,1.4,0.4,79.4,0.4,260.4,1.4,0.6
2018_09_TEN_DAL,DAL,240.0,2,240.0,2,0.0,125.0,2,2.0,72,240.2,1.4,0.4,98.4,0.4,240.2,1.4,0.4
2018_10_DAL_PHI,DAL,360.0,2,360.0,2,1.0,71.0,0,0.0,73,249.8,1.4,0.4,100.8,0.6,249.8,1.4,0.8
2018_11_DAL_ATL,DAL,291.0,1,291.0,1,1.0,80.0,0,0.0,74,260.4,1.4,0.6,95.8,0.4,260.4,1.4,0.8
2018_12_WAS_DAL,DAL,268.0,2,268.0,2,3.0,80.0,1,0.0,75,243.6,1.4,0.6,94.2,0.4,243.6,1.4,0.6
2018_13_NO_DAL,DAL,127.0,1,127.0,1,1.0,65.0,0,0.0,76,267.4,1.6,1.0,97.2,0.6,267.4,1.6,0.4
2018_14_PHI_DAL,DAL,228.0,3,228.0,3,0.0,34.0,0,1.0,77,257.2,1.6,1.2,84.2,0.6,257.2,1.6,0.4
2018_15_DAL_IND,DAL,192.0,0,192.0,0,0.0,178.0,2,1.0,78,254.8,1.8,1.2,66.0,0.2,254.8,1.8,0.2
2018_16_TB_DAL,DAL,336.0,1,336.0,1,0.0,63.0,1,2.0,79,221.2,1.4,1.0,87.4,0.6,221.2,1.4,0.4
2018_17_DAL_NYG,DAL,301.0,2,301.0,2,1.0,143.0,2,1.0,80,230.2,1.4,0.8,84.0,0.8,230.2,1.4,0.8
2019_01_NYG_DAL,DAL,323.0,1,323.0,1,0.0,151.0,1,2.0,81,236.8,1.4,0.4,96.6,1.0,236.8,1.4,1.0
2019_02_DAL_WAS,DAL,221.0,2,221.0,2,0.0,47.0,1,0.0,82,276.0,1.4,0.2,113.8,1.2,276.0,1.4,1.4
2019_03_MIA_DAL,DAL,229.0,0,229.0,0,0.0,72.0,0,1.0,83,274.6,1.2,0.2,116.4,1.4,274.6,1.2,1.2
2019_04_DAL_NO,DAL,193.0,0,193.0,0,1.0,117.0,0,0.0,84,282.0,1.2,0.2,95.2,1.0,282.0,1.2,1.2
2019_05_GB_DAL,DAL,238.0,0,238.0,0,0.0,120.0,4,0.0,85,253.4,1.0,0.4,106.0,0.8,253.4,1.0,0.8
2019_06_DAL_NYJ,DAL,338.0,2,338.0,2,1.0,56.0,1,0.0,86,240.8,0.6,0.2,101.4,1.2,240.8,0.6,0.6
2019_07_PHI_DAL,DAL,191.0,1,191.0,1,1.0,115.0,0,3.0,87,243.8,0.8,0.4,82.4,1.2,243.8,0.8,0.2
2019_09_DAL_NYG,DAL,210.0,1,210.0,1,1.0,100.0,0,2.0,88,237.8,0.6,0.6,96.0,1.0,237.8,0.6,0.8
2019_10_MIN_DAL,DAL,220.0,2,220.0,2,0.0,153.0,1,0.0,89,234.0,0.8,0.8,101.6,1.0,234.0,0.8,1.0
2019_11_DAL_DET,DAL,209.0,2,209.0,2,0.0,121.0,2,0.0,90,239.4,1.2,0.6,108.8,1.2,239.4,1.2,1.0
2019_12_DAL_NE,DAL,190.0,1,190.0,1,0.0,101.0,0,0.0,91,233.6,1.6,0.6,109.0,0.8,233.6,1.6,1.0
2019_13_BUF_DAL,DAL,259.0,2,259.0,2,0.0,124.0,1,0.0,92,204.0,1.4,0.4,118.0,0.6,204.0,1.4,1.0
2019_14_DAL_CHI,DAL,244.0,3,244.0,3,1.0,151.0,1,1.0,93,217.6,1.6,0.2,119.8,0.8,217.6,1.6,0.4
2019_15_LA_DAL,DAL,289.0,2,289.0,2,1.0,22.0,1,0.0,94,224.4,2.0,0.2,130.0,1.0,224.4,2.0,0.2
2019_16_DAL_PHI,DAL,319.0,1,319.0,1,0.0,118.0,1,0.0,95,238.2,2.0,0.4,103.8,1.0,238.2,2.0,0.2
2019_17_WAS_DAL,DAL,206.0,1,206.0,1,1.0,88.0,0,1.0,96,260.2,1.8,0.4,103.2,0.8,260.2,1.8,0.2
2020_01_DAL_LA,DAL,275.0,0,275.0,0,1.0,153.0,2,0.0,97,263.4,1.8,0.6,100.6,0.8,263.4,1.8,0.4
2020_02_ATL_DAL,DAL,273.0,4,273.0,4,0.0,113.0,0,0.0,98,266.6,1.4,0.8,106.4,1.0,266.6,1.4,0.4
2020_03_DAL_SEA,DAL,315.0,5,315.0,5,0.0,117.0,0,0.0,99,272.4,1.6,0.6,98.8,0.8,272.4,1.6,0.2
2020_04_CLE_DAL,DAL,202.0,3,202.0,3,0.0,307.0,3,0.0,100,277.6,2.2,0.4,117.8,0.6,277.6,2.2,0.2
2020_05_NYG_DAL,DAL,222.0,0,222.0,0,0.0,89.0,2,1.0,101,254.2,2.6,0.4,155.6,1.0,254.2,2.6,0.2
2020_06_ARI_DAL,DAL,188.0,2,188.0,2,0.0,261.0,3,0.0,102,257.4,2.4,0.2,155.8,1.4,257.4,2.4,0.2
2020_07_DAL_WAS,DAL,194.0,2,194.0,2,0.0,208.0,1,0.0,103,240.0,2.8,0.0,177.4,1.6,240.0,2.8,0.2
2020_08_DAL_PHI,DAL,132.0,2,132.0,2,2.0,119.0,0,2.0,104,224.2,2.4,0.0,196.4,1.8,224.2,2.4,0.2
2020_09_PIT_DAL,DAL,309.0,3,309.0,3,0.0,46.0,0,0.0,105,187.6,1.8,0.4,196.8,1.8,187.6,1.8,0.6
2020_11_DAL_MIN,DAL,314.0,3,314.0,3,0.0,125.0,1,2.0,106,209.0,1.8,0.4,144.6,1.2,209.0,1.8,0.6
2020_12_WAS_DAL,DAL,177.0,1,177.0,1,1.0,182.0,3,0.0,107,227.4,2.4,0.4,151.8,1.0,227.4,2.4,0.8
2020_13_DAL_BAL,DAL,107.0,2,107.0,2,1.0,294.0,2,0.0,108,225.2,2.2,0.6,136.0,1.0,225.2,2.2,0.8
2020_14_DAL_CIN,DAL,222.0,1,222.0,1,0.0,101.0,0,3.0,109,207.8,2.2,0.8,153.2,1.2,207.8,2.2,0.8
2020_15_SF_DAL,DAL,319.0,3,319.0,3,2.0,150.0,1,1.0,110,225.8,2.0,0.4,149.6,1.2,225.8,2.0,1.0
2020_16_PHI_DAL,DAL,342.0,1,342.0,1,2.0,151.0,1,1.0,111,227.8,2.0,0.8,170.4,1.4,227.8,2.0,1.2
2020_17_DAL_NYG,DAL,229.0,2,229.0,2,1.0,125.0,1,1.0,112,233.4,1.6,1.2,175.6,1.4,233.4,1.6,1.0
2021_01_DAL_TB,DAL,379.0,4,379.0,4,2.0,52.0,0,2.0,113,243.8,1.8,1.2,164.2,1.0,243.8,1.8,1.2
2021_02_DAL_LAC,DAL,338.0,1,338.0,1,2.0,95.0,0,0.0,114,298.2,2.2,1.4,115.8,0.6,298.2,2.2,1.6
2021_03_PHI_DAL,DAL,326.0,2,326.0,2,2.0,64.0,0,0.0,115,321.4,2.2,1.8,114.6,0.6,321.4,2.2,1.0
2021_04_CAR_DAL,DAL,301.0,2,301.0,2,2.0,113.0,2,0.0,116,322.8,2.0,1.8,97.4,0.4,322.8,2.0,0.8
2021_05_NYG_DAL,DAL,294.0,1,294.0,1,2.0,73.0,1,0.0,117,314.6,2.2,1.8,89.8,0.6,314.6,2.2,0.6
2021_06_DAL_NE,DAL,229.0,2,229.0,2,1.0,120.0,2,1.0,118,327.6,2.0,2.0,79.4,0.6,327.6,2.0,0.4
2021_08_DAL_MIN,DAL,184.0,1,184.0,1,0.0,101.0,0,0.0,119,297.6,1.6,1.8,93.0,1.0,297.6,1.6,0.2
2021_09_DEN_DAL,DAL,249.0,1,249.0,1,0.0,190.0,2,0.0,120,266.8,1.6,1.4,94.2,1.0,266.8,1.6,0.2
2021_10_ATL_DAL,DAL,131.0,0,131.0,0,3.0,103.0,0,0.0,121,251.4,1.4,1.0,119.4,1.4,251.4,1.4,0.2
2021_11_DAL_KC,DAL,260.0,0,260.0,0,1.0,126.0,2,1.0,122,217.4,1.0,1.2,117.4,1.0,217.4,1.0,0.2
2021_12_LV_DAL,DAL,373.0,1,373.0,1,0.0,143.0,2,0.0,123,210.6,0.8,1.0,128.0,1.2,210.6,0.8,0.4
2021_13_DAL_NO,DAL,264.0,2,264.0,2,4.0,153.0,0,0.0,124,239.4,0.6,0.8,132.6,1.2,239.4,0.6,0.2
2021_14_DAL_WAS,DAL,175.0,1,175.0,1,1.0,100.0,1,3.0,125,255.4,0.8,1.6,143.0,1.2,255.4,0.8,0.2
2021_15_DAL_NYG,DAL,181.0,0,181.0,0,3.0,124.0,0,1.0,126,240.6,0.8,1.8,125.0,1.0,240.6,0.8,0.8
2021_16_WAS_DAL,DAL,188.0,2,188.0,2,2.0,85.0,0,0.0,127,250.6,0.8,1.8,129.2,1.0,250.6,0.8,1.0
2021_17_ARI_DAL,DAL,286.0,2,286.0,2,0.0,127.0,0,0.0,128,236.2,1.2,2.0,121.0,0.6,236.2,1.2,0.8
2021_18_DAL_PHI,DAL,188.0,2,188.0,2,1.0,149.0,1,0.0,129,218.8,1.4,2.0,117.8,0.2,218.8,1.4,0.8
2022_01_TB_DAL,DAL,212.0,1,212.0,1,1.0,152.0,0,0.0,130,203.6,1.4,1.4,117.0,0.4,203.6,1.4,0.8
2022_02_CIN_DAL,DAL,199.0,1,199.0,1,0.0,89.0,0,0.0,131,211.0,1.4,1.4,127.4,0.2,211.0,1.4,0.2
2022_03_DAL_NYG,DAL,196.0,0,196.0,0,1.0,167.0,1,0.0,132,214.6,1.6,0.8,120.4,0.2,214.6,1.6,0.0
2022_04_WAS_DAL,DAL,170.0,1,170.0,1,2.0,142.0,0,0.0,133,216.2,1.2,0.6,136.8,0.4,216.2,1.2,0.0
2022_05_DAL_LA,DAL,320.0,1,320.0,1,1.0,38.0,0,2.0,134,193.0,1.0,1.0,139.8,0.4,193.0,1.0,0.0
2022_06_DAL_PHI,DAL,155.0,2,155.0,2,0.0,136.0,1,0.0,135,219.4,0.8,1.0,117.6,0.2,219.4,0.8,0.4
2022_07_DET_DAL,DAL,228.0,0,228.0,0,2.0,117.0,0,3.0,136,208.0,1.0,0.8,114.4,0.4,208.0,1.0,0.4
2022_08_CHI_DAL,DAL,156.0,2,156.0,2,0.0,240.0,2,1.0,137,213.8,0.8,1.2,120.0,0.4,213.8,0.8,1.0
2022_10_DAL_GB,DAL,224.0,3,224.0,3,0.0,207.0,1,1.0,138,205.8,1.2,1.0,134.6,0.6,205.8,1.2,1.2
2022_11_DAL_MIN,DAL,159.0,0,159.0,0,0.0,73.0,0,1.0,139,216.6,1.6,0.6,147.6,0.8,216.6,1.6,1.4
2022_12_NYG_DAL,DAL,228.0,1,228.0,1,0.0,90.0,1,0.0,140,184.4,1.4,0.4,154.6,0.8,184.4,1.4,1.2
2022_13_IND_DAL,DAL,233.0,2,233.0,2,3.0,106.0,0,2.0,141,199.0,1.2,0.4,145.4,0.8,199.0,1.2,1.2
2022_14_HOU_DAL,DAL,213.0,1,213.0,1,1.0,114.0,1,1.0,142,200.0,1.6,0.6,143.2,0.8,200.0,1.6,1.0
2022_15_DAL_JAX,DAL,318.0,4,318.0,4,1.0,192.0,0,2.0,143,211.4,1.4,0.8,118.0,0.6,211.4,1.4,1.0
2022_16_PHI_DAL,DAL,355.0,2,355.0,2,2.0,87.0,1,2.0,144,230.2,1.6,1.0,115.0,0.4,230.2,1.6,1.2
2022_17_DAL_TEN,DAL,232.0,1,232.0,1,1.0,97.0,0,1.0,145,269.4,2.0,1.4,117.8,0.6,269.4,2.0,1.4
2022_18_DAL_WAS,DAL,169.0,1,169.0,1,1.0,151.0,1,0.0,146,270.2,2.0,1.6,119.2,0.4,270.2,2.0,1.6
2023_01_DAL_NYG,DAL,110.0,0,110.0,0,2.0,108.0,0,1.0,147,257.4,1.8,1.2,128.2,0.6,257.4,1.8,1.2
2023_02_NYJ_DAL,DAL,170.0,1,170.0,1,3.0,64.0,0,1.0,148,236.8,1.6,1.4,127.0,0.4,236.8,1.6,1.2
2023_03_DAL_ARI,DAL,189.0,1,189.0,1,0.0,222.0,2,0.0,149,207.2,1.0,1.8,101.4,0.4,207.2,1.0,1.0
2023_04_NE_DAL,DAL,207.0,0,207.0,0,2.0,53.0,0,1.0,150,174.0,0.8,1.4,128.4,0.6,174.0,0.8,0.6
2023_05_DAL_SF,DAL,253.0,4,253.0,4,0.0,170.0,2,1.0,151,169.0,0.6,1.6,119.6,0.6,169.0,0.6,0.6
2023_06_DAL_LAC,DAL,227.0,2,227.0,2,1.0,53.0,0,0.0,152,185.8,1.2,1.4,123.4,0.8,185.8,1.2,0.8
2023_08_LA_DAL,DAL,204.0,1,204.0,1,1.0,92.0,1,0.0,153,209.2,1.6,1.2,112.4,0.8,209.2,1.6,0.6
2023_09_DAL_PHI,DAL,207.0,2,207.0,2,0.0,109.0,2,0.0,154,216.0,1.6,0.8,118.0,1.0,216.0,1.6,0.4
2023_10_NYG_DAL,DAL,86.0,2,86.0,2,1.0,111.0,0,0.0,155,219.6,1.8,0.8,95.4,1.0,219.6,1.8,0.4
2023_11_DAL_CAR,DAL,123.0,1,123.0,1,1.0,110.0,0,1.0,156,195.4,2.2,0.6,107.0,1.0,195.4,2.2,0.2
2023_12_WAS_DAL,DAL,300.0,0,300.0,0,1.0,108.0,1,0.0,157,169.4,1.6,0.8,95.0,0.6,169.4,1.6,0.2
2023_13_SEA_DAL,DAL,334.0,3,334.0,3,1.0,72.0,2,0.0,158,184.0,1.2,0.8,106.0,0.8,184.0,1.2,0.2
2023_14_PHI_DAL,DAL,225.0,0,225.0,0,0.0,106.0,0,3.0,159,210.0,1.6,0.8,102.0,1.0,210.0,1.6,0.2
2023_15_DAL_BUF,DAL,94.0,1,94.0,1,0.0,266.0,3,0.0,160,213.6,1.2,0.8,101.4,0.6,213.6,1.2,0.8
2023_16_DAL_MIA,DAL,293.0,1,293.0,1,0.0,91.0,0,0.0,161,215.2,1.0,0.6,132.4,1.2,215.2,1.0,0.8
2023_17_DET_DAL,DAL,302.0,1,302.0,1,2.0,125.0,1,0.0,162,249.2,1.0,0.4,128.6,1.2,249.2,1.0,0.6
2023_18_DAL_WAS,DAL,157.0,1,157.0,1,2.0,50.0,0,1.0,163,249.6,1.2,0.6,132.0,1.2,249.6,1.2,0.6
2024_01_DAL_CLE,DAL,169.0,1,169.0,1,2.0,93.0,1,0.0,164,214.2,0.8,0.8,127.6,0.8,214.2,0.8,0.8
2024_02_NO_DAL,DAL,243.0,2,243.0,2,1.0,190.0,4,0.0,165,203.0,1.0,1.2,125.0,1.0,203.0,1.0,0.2
2024_03_BAL_DAL,DAL,182.0,1,182.0,1,0.0,274.0,3,0.0,166,232.8,1.2,1.4,109.8,1.2,232.8,1.2,0.2
2024_04_DAL_NYG,DAL,281.0,0,281.0,0,1.0,26.0,0,0.0,167,210.6,1.2,1.4,146.4,1.8,210.6,1.2,0.2
2024_05_DAL_PIT,DAL,152.0,2,150.0,2,0.0,92.0,0,1.0,168,206.4,1.0,1.2,126.6,1.6,206.4,1.0,0.2
2024_06_DET_DAL,DAL,334.0,3,334.0,3,0.0,184.0,2,0.0,169,205.0,1.2,0.8,135.0,1.6,205.4,1.2,0.2
2024_08_DAL_SF,DAL,260.0,1,260.0,1,0.0,223.0,2,0.0,170,238.0,1.6,0.4,153.2,1.8,238.4,1.6,0.2
2024_09_DAL_ATL,DAL,222.0,3,222.0,3,0.0,100.0,1,1.0,171,241.4,1.4,0.2,159.8,1.4,241.8,1.4,0.2
2024_10_PHI_DAL,DAL,207.0,2,207.0,2,1.0,187.0,2,1.0,172,249.4,1.8,0.2,125.0,1.0,249.8,1.8,0.4
2024_11_HOU_DAL,DAL,257.0,0,257.0,0,1.0,141.0,3,0.0,173,234.6,2.2,0.2,157.2,1.4,235.0,2.2,0.6
2024_12_DAL_WAS,DAL,275.0,2,275.0,2,2.0,145.0,1,1.0,174,256.0,1.8,0.4,167.0,2.0,256.0,1.8,0.4
2024_13_NYG_DAL,DAL,178.0,0,178.0,0,1.0,116.0,2,1.0,175,244.2,1.6,0.8,159.2,1.8,244.2,1.6,0.6
2024_14_CIN_DAL,DAL,369.0,3,369.0,3,1.0,74.0,0,0.0,176,227.8,1.4,1.0,137.8,1.8,227.8,1.4,0.8
2024_15_DAL_CAR,DAL,219.0,1,219.0,1,2.0,60.0,1,2.0,177,257.2,1.4,1.2,132.6,1.6,257.2,1.4,0.6
2024_16_TB_DAL,DAL,303.0,2,303.0,2,1.0,134.0,1,1.0,178,259.6,1.2,1.4,107.2,1.4,259.6,1.2,0.8
2024_17_DAL_PHI,DAL,197.0,3,197.0,3,0.0,179.0,1,0.0,179,268.8,1.6,1.4,105.8,1.0,268.8,1.6,1.0
2024_18_WAS_DAL,DAL,199.0,2,199.0,2,0.0,113.0,1,0.0,180,253.2,1.8,1.0,112.6,1.0,253.2,1.8,0.8
2014_01_IND_DEN,DEN,370.0,2,370.0,2,2.0,54.0,1,0.0,1,,,,,,,,
2014_02_KC_DEN,DEN,255.0,0,255.0,0,0.0,133.0,2,0.0,2,370.0,2.0,2.0,54.0,1.0,370.0,2.0,0.0
2014_03_DEN_SEA,DEN,275.0,2,275.0,2,1.0,129.0,1,0.0,3,312.5,1.0,1.0,93.5,1.5,312.5,1.0,0.0
2014_05_ARI_DEN,DEN,199.0,1,199.0,1,0.0,37.0,1,0.0,4,300.0,1.3333333333333333,1.0,105.33333333333333,1.3333333333333333,300.0,1.3333333333333333,0.0
2014_06_DEN_NYJ,DEN,190.0,2,190.0,2,1.0,31.0,0,0.0,5,274.75,1.25,0.75,88.25,1.25,274.75,1.25,0.0
2014_07_SF_DEN,DEN,301.0,2,301.0,2,1.0,62.0,0,0.0,6,257.8,1.4,0.8,76.8,1.0,257.8,1.4,0.0
2014_08_SD_DEN,DEN,252.0,3,252.0,3,2.0,61.0,0,0.0,7,244.0,1.4,0.6,78.4,0.8,244.0,1.4,0.0
2014_09_DEN_NE,DEN,333.0,4,333.0,4,1.0,66.0,0,0.0,8,243.4,2.0,1.0,64.0,0.4,243.4,2.0,0.0
2014_10_DEN_OAK,DEN,192.0,2,192.0,2,2.0,30.0,0,1.0,9,255.0,2.4,1.0,51.4,0.2,255.0,2.4,0.0
2014_11_DEN_STL,DEN,220.0,1,220.0,1,0.0,131.0,0,0.0,10,253.6,2.6,1.4,50.0,0.0,253.6,2.6,0.2
2014_12_MIA_DEN,DEN,228.0,3,228.0,3,1.0,97.0,2,0.0,11,259.6,2.4,1.2,70.0,0.0,259.6,2.4,0.2
2014_13_DEN_KC,DEN,153.0,2,153.0,2,1.0,41.0,0,1.0,12,245.0,2.6,1.2,77.0,0.4,245.0,2.6,0.2
2014_14_BUF_DEN,DEN,355.0,1,355.0,1,2.0,74.0,1,1.0,13,225.2,2.4,1.0,73.0,0.4,225.2,2.4,0.4
2014_15_DEN_SD,DEN,232.0,1,232.0,1,2.0,56.0,0,0.0,14,229.6,1.8,1.2,74.6,0.6,229.6,1.8,0.6
2014_16_DEN_CIN,DEN,146.0,2,146.0,2,1.0,207.0,1,1.0,15,237.6,1.6,1.2,79.8,0.6,237.6,1.6,0.4
2014_17_OAK_DEN,DEN,158.0,1,158.0,1,1.0,67.0,0,1.0,16,222.8,1.8,1.4,95.0,0.8,222.8,1.8,0.6
2015_01_BAL_DEN,DEN,117.0,0,117.0,0,2.0,73.0,0,0.0,17,208.8,1.4,1.4,89.0,0.4,208.8,1.4,0.8
2015_02_DEN_KC,DEN,191.0,0,191.0,0,2.0,147.0,2,2.0,18,201.6,1.0,1.6,95.4,0.4,201.6,1.0,0.6
2015_03_DEN_DET,DEN,282.0,1,282.0,1,2.0,28.0,1,1.0,19,168.8,0.8,1.6,110.0,0.6,168.8,0.8,0.8
2015_04_MIN_DEN,DEN,269.0,1,269.0,1,0.0,113.0,1,1.0,20,178.8,0.8,1.6,104.4,0.8,178.8,0.8,1.0
2015_05_DEN_OAK,DEN,249.0,1,249.0,1,1.0,65.0,0,1.0,21,203.4,0.6,1.4,85.6,0.8,203.4,0.6,1.0
2015_06_DEN_CLE,DEN,213.0,2,213.0,2,2.0,109.0,0,1.0,22,221.6,0.6,1.4,85.2,0.8,221.6,0.6,1.0
2015_08_GB_DEN,DEN,77.0,0,77.0,0,0.0,90.0,1,0.0,23,240.8,1.0,1.4,92.4,0.8,240.8,1.0,1.2
2015_09_DEN_IND,DEN,252.0,2,252.0,2,0.0,120.0,1,0.0,24,218.0,1.0,1.0,81.0,0.6,218.0,1.0,0.8
2015_10_KC_DEN,DEN,204.0,1,204.0,1,0.0,106.0,1,0.0,25,212.0,1.2,0.6,99.4,0.6,212.0,1.2,0.6
2015_11_DEN_CHI,DEN,265.0,0,265.0,0,1.0,86.0,1,1.0,26,199.0,1.2,0.6,98.0,0.6,199.0,1.2,0.4
2015_12_NE_DEN,DEN,280.0,3,280.0,3,0.0,39.0,0,0.0,27,202.2,1.0,0.6,102.2,0.8,202.2,1.0,0.4
2015_13_DEN_SD,DEN,202.0,0,202.0,0,1.0,93.0,0,2.0,28,215.6,1.2,0.2,88.2,0.8,215.6,1.2,0.2
2015_14_OAK_DEN,DEN,135.0,2,135.0,2,0.0,27.0,0,0.0,29,240.6,1.2,0.4,88.8,0.6,240.6,1.2,0.6
2015_15_DEN_PIT,DEN,380.0,3,380.0,3,2.0,23.0,1,0.0,30,217.2,1.2,0.4,70.2,0.4,217.2,1.2,0.6
2015_16_CIN_DEN,DEN,200.0,1,200.0,1,0.0,108.0,1,1.0,31,252.4,1.6,0.8,53.6,0.4,252.4,1.6,0.6
2015_17_SD_DEN,DEN,228.0,2,228.0,2,1.0,110.0,0,0.0,32,239.4,1.8,0.6,58.0,0.4,239.4,1.8,0.6
2016_01_CAR_DEN,DEN,194.0,1,194.0,1,1.0,157.0,1,0.0,33,229.0,1.6,0.8,72.2,0.4,229.0,1.6,0.6
2016_02_IND_DEN,DEN,197.0,1,197.0,1,1.0,83.0,1,1.0,34,227.4,1.8,0.8,85.0,0.6,227.4,1.8,0.2
2016_03_DEN_CIN,DEN,206.0,0,206.0,0,1.0,143.0,2,0.0,35,239.8,1.6,1.0,96.2,0.8,239.8,1.6,0.4
2016_04_DEN_TB,DEN,179.0,0,179.0,0,2.0,72.0,1,1.0,36,205.0,1.0,0.8,120.2,1.0,205.0,1.0,0.4
2016_05_ATL_DEN,DEN,267.0,1,267.0,1,0.0,122.0,1,1.0,37,200.8,0.8,1.2,113.0,1.0,200.8,0.8,0.4
2016_06_DEN_SD,DEN,178.0,1,178.0,1,0.0,99.0,0,0.0,38,208.6,0.6,1.0,115.4,1.2,208.6,0.6,0.6
2016_07_HOU_DEN,DEN,131.0,0,131.0,0,0.0,140.0,0,2.0,39,205.4,0.6,0.8,103.8,1.0,205.4,0.6,0.6
2016_08_SD_DEN,DEN,267.0,2,267.0,2,3.0,123.0,0,0.0,40,192.2,0.4,0.6,115.2,0.8,192.2,0.4,0.8
2016_09_DEN_OAK,DEN,184.0,0,184.0,0,0.0,218.0,3,0.0,41,204.4,0.8,1.0,111.2,0.4,204.4,0.8,0.8
2016_10_DEN_NO,DEN,303.0,3,303.0,3,2.0,80.0,0,2.0,42,205.4,0.8,0.6,140.4,0.8,205.4,0.8,0.6
2016_12_KC_DEN,DEN,220.0,1,220.0,1,0.0,83.0,1,0.0,43,212.6,1.2,1.0,132.0,0.6,212.6,1.2,0.8
2016_13_DEN_JAX,DEN,181.0,0,181.0,0,2.0,154.0,1,1.0,44,221.0,1.2,1.0,128.8,0.8,221.0,1.2,0.8
2016_14_DEN_TEN,DEN,88.0,0,88.0,0,0.0,180.0,1,0.0,45,231.0,1.2,1.4,131.6,1.0,231.0,1.2,0.6
2016_15_NE_DEN,DEN,188.0,0,188.0,0,0.0,136.0,1,0.0,46,195.2,0.8,0.8,143.0,1.2,195.2,0.8,0.6
2016_16_DEN_KC,DEN,246.0,2,246.0,2,1.0,238.0,2,0.0,47,196.0,0.8,0.8,126.6,0.8,196.0,0.8,0.6
2016_17_OAK_DEN,DEN,171.0,1,171.0,1,1.0,57.0,0,2.0,48,184.6,0.6,0.6,158.2,1.2,184.6,0.6,0.2
2017_01_LAC_DEN,DEN,192.0,3,192.0,3,1.0,64.0,0,0.0,49,174.8,0.6,0.8,153.0,1.0,174.8,0.6,0.6
2017_02_DAL_DEN,DEN,238.0,2,238.0,2,2.0,40.0,0,0.0,50,177.0,1.2,0.6,135.0,0.8,177.0,1.2,0.4
2017_03_DEN_BUF,DEN,213.0,2,213.0,2,0.0,75.0,0,0.0,51,207.0,1.6,1.0,107.0,0.6,207.0,1.6,0.4
2017_04_OAK_DEN,DEN,249.0,1,249.0,1,1.0,24.0,0,0.0,52,212.0,2.0,1.0,94.8,0.4,212.0,2.0,0.4
2017_06_NYG_DEN,DEN,128.0,1,128.0,1,0.0,148.0,0,0.0,53,212.6,1.8,1.0,52.0,0.0,212.6,1.8,0.4
2017_07_DEN_LAC,DEN,183.0,2,183.0,2,0.0,80.0,0,0.0,54,204.0,1.8,0.8,70.2,0.0,204.0,1.8,0.0
2017_08_DEN_KC,DEN,202.0,1,202.0,1,1.0,79.0,0,1.0,55,202.2,1.6,0.6,73.4,0.0,202.2,1.6,0.0
2017_09_DEN_PHI,DEN,234.0,4,234.0,4,0.0,197.0,3,1.0,56,195.0,1.4,0.4,81.2,0.0,195.0,1.4,0.2
2017_10_NE_DEN,DEN,303.0,3,303.0,3,0.0,99.0,1,0.0,57,199.2,1.8,0.4,105.6,0.6,199.2,1.8,0.4
2017_11_CIN_DEN,DEN,154.0,3,154.0,3,0.0,49.0,0,0.0,58,210.0,2.2,0.2,120.6,0.8,210.0,2.2,0.4
2017_12_DEN_OAK,DEN,253.0,2,253.0,2,0.0,104.0,1,1.0,59,215.2,2.6,0.2,100.8,0.8,215.2,2.6,0.4
2017_13_DEN_MIA,DEN,235.0,2,235.0,2,2.0,145.0,1,1.0,60,229.2,2.6,0.2,105.6,1.0,229.2,2.6,0.6
2017_14_NYJ_DEN,DEN,60.0,0,60.0,0,1.0,59.0,0,1.0,61,235.8,2.8,0.4,118.8,1.2,235.8,2.8,0.6
2017_15_DEN_IND,DEN,158.0,0,158.0,0,0.0,70.0,1,0.0,62,201.0,2.0,0.6,91.2,0.6,201.0,2.0,0.6
2017_16_DEN_WAS,DEN,299.0,3,299.0,3,1.0,87.0,0,1.0,63,172.0,1.4,0.6,85.4,0.6,172.0,1.4,0.6
2017_17_KC_DEN,DEN,284.0,0,284.0,0,1.0,110.0,2,1.0,64,201.0,1.4,0.8,93.0,0.6,201.0,1.4,0.8
2018_01_SEA_DEN,DEN,298.0,3,298.0,3,2.0,64.0,0,1.0,65,207.2,1.0,1.0,94.2,0.8,207.2,1.0,0.8
2018_02_OAK_DEN,DEN,288.0,1,288.0,1,0.0,92.0,1,0.0,66,219.8,1.2,1.0,78.0,0.6,219.8,1.2,0.8
2018_03_DEN_BAL,DEN,277.0,1,277.0,1,0.0,77.0,2,0.0,67,265.4,1.4,0.8,84.6,0.8,265.4,1.4,0.6
2018_04_KC_DEN,DEN,304.0,1,304.0,1,0.0,142.0,2,0.0,68,289.2,1.6,0.8,86.0,1.0,289.2,1.6,0.6
2018_05_DEN_NYJ,DEN,198.0,3,198.0,3,1.0,323.0,1,1.0,69,290.2,1.2,0.6,97.0,1.4,290.2,1.2,0.4
2018_06_LA_DEN,DEN,201.0,0,201.0,0,1.0,270.0,2,0.0,70,273.0,1.8,0.6,139.6,1.2,273.0,1.8,0.4
2018_07_DEN_ARI,DEN,194.0,1,194.0,1,3.0,69.0,0,2.0,71,253.6,1.2,0.4,180.8,1.6,253.6,1.2,0.2
2018_08_DEN_KC,DEN,303.0,4,303.0,4,1.0,49.0,0,0.0,72,234.8,1.2,1.0,176.2,1.4,234.8,1.2,0.6
2018_09_HOU_DEN,DEN,213.0,2,213.0,2,0.0,98.0,0,0.0,73,240.0,1.8,1.2,170.6,1.0,240.0,1.8,0.6
2018_11_DEN_LAC,DEN,401.0,2,401.0,2,2.0,95.0,0,0.0,74,221.8,2.0,1.2,161.8,0.6,221.8,2.0,0.6
2018_12_PIT_DEN,DEN,464.0,2,464.0,2,2.0,75.0,0,1.0,75,262.4,1.8,1.4,116.2,0.4,262.4,1.8,0.4
2018_13_DEN_CIN,DEN,236.0,1,236.0,1,1.0,111.0,0,1.0,76,315.0,2.2,1.6,77.2,0.0,315.0,2.2,0.6
2018_14_DEN_SF,DEN,332.0,2,332.0,2,1.0,84.0,0,0.0,77,323.4,2.2,1.2,85.6,0.0,323.4,2.2,0.4
2018_15_CLE_DEN,DEN,188.0,2,188.0,2,1.0,134.0,0,1.0,78,329.2,1.8,1.2,92.6,0.0,329.2,1.8,0.4
2018_16_DEN_OAK,DEN,167.0,0,167.0,0,0.0,114.0,2,0.0,79,324.2,1.8,1.4,99.8,0.0,324.2,1.8,0.6
2018_17_LAC_DEN,DEN,176.0,1,176.0,1,2.0,116.0,1,1.0,80,277.4,1.4,1.0,103.6,0.4,277.4,1.4,0.6
2019_01_DEN_OAK,DEN,259.0,1,259.0,1,0.0,98.0,2,0.0,81,219.8,1.2,1.0,111.8,0.6,219.8,1.2,0.6
2019_02_CHI_DEN,DEN,120.0,0,120.0,0,0.0,153.0,1,0.0,82,224.4,1.2,0.8,109.2,1.0,224.4,1.2,0.4
2019_03_DEN_GB,DEN,235.0,1,235.0,1,0.0,77.0,2,0.0,83,182.0,0.8,0.6,123.0,1.2,182.0,0.8,0.4
2019_04_JAX_DEN,DEN,213.0,2,213.0,2,0.0,269.0,0,0.0,84,191.4,0.6,0.4,111.6,1.6,191.4,0.6,0.2
2019_05_DEN_LAC,DEN,211.0,0,211.0,0,2.0,35.0,0,0.0,85,200.6,1.0,0.4,142.6,1.2,200.6,1.0,0.2
2019_06_TEN_DEN,DEN,207.0,0,207.0,0,3.0,39.0,0,0.0,86,207.6,0.8,0.4,126.4,1.0,207.6,0.8,0.0
2019_07_KC_DEN,DEN,193.0,2,193.0,2,0.0,80.0,0,0.0,87,197.2,0.6,1.0,114.6,0.6,197.2,0.6,0.0
2019_08_DEN_IND,DEN,202.0,0,202.0,0,0.0,127.0,1,1.0,88,211.8,1.0,1.0,100.0,0.4,211.8,1.0,0.0
2019_09_CLE_DEN,DEN,273.0,1,273.0,1,0.0,90.0,0,0.0,89,205.2,0.8,1.0,110.0,0.2,205.2,0.8,0.2
2019_11_DEN_MIN,DEN,319.0,3,319.0,3,0.0,37.0,1,1.0,90,217.2,0.6,1.0,74.2,0.2,217.2,0.6,0.2
2019_12_DEN_BUF,DEN,185.0,2,185.0,2,1.0,244.0,0,0.0,91,238.8,1.2,0.6,74.6,0.4,238.8,1.2,0.4
2019_13_LAC_DEN,DEN,265.0,2,265.0,2,1.0,115.0,0,0.0,92,234.4,1.6,0.2,115.6,0.4,234.4,1.6,0.4
2019_14_DEN_HOU,DEN,292.0,1,292.0,1,2.0,134.0,2,1.0,93,248.8,1.6,0.4,122.6,0.4,248.8,1.6,0.4
2019_15_DEN_KC,DEN,340.0,2,340.0,2,1.0,92.0,0,0.0,94,266.8,1.8,0.8,124.0,0.6,266.8,1.8,0.4
2019_16_DET_DEN,DEN,117.0,1,117.0,1,0.0,96.0,0,0.0,95,280.2,2.0,1.0,124.4,0.6,280.2,2.0,0.4
2019_17_OAK_DEN,DEN,391.0,1,391.0,1,0.0,97.0,0,1.0,96,239.8,1.6,1.0,136.2,0.4,239.8,1.6,0.2
2020_01_TEN_DEN,DEN,249.0,2,249.0,2,0.0,130.0,0,0.0,97,281.0,1.4,0.8,106.8,0.4,281.0,1.4,0.4
2020_02_DEN_PIT,DEN,311.0,2,311.0,2,1.0,109.0,1,1.0,98,277.8,1.4,0.6,109.8,0.4,277.8,1.4,0.4
2020_03_TB_DEN,DEN,297.0,3,297.0,3,0.0,68.0,0,0.0,99,281.6,1.6,0.4,104.8,0.2,281.6,1.6,0.4
2020_04_DEN_NYJ,DEN,246.0,0,246.0,0,0.0,129.0,1,0.0,100,273.0,1.8,0.2,100.0,0.2,273.0,1.8,0.4
2020_06_DEN_NE,DEN,195.0,0,195.0,0,2.0,117.0,1,1.0,101,298.8,1.6,0.2,106.6,0.4,298.8,1.6,0.4
2020_07_KC_DEN,DEN,213.0,1,213.0,1,0.0,101.0,2,1.0,102,259.6,1.4,0.6,110.6,0.6,259.6,1.4,0.4
2020_08_LAC_DEN,DEN,278.0,3,278.0,3,2.0,210.0,0,0.0,103,252.4,1.2,0.6,104.8,1.0,252.4,1.2,0.6
2020_09_DEN_ATL,DEN,284.0,3,284.0,3,1.0,92.0,1,0.0,104,245.8,1.4,0.8,125.0,0.8,245.8,1.4,0.4
2020_10_DEN_LV,DEN,154.0,0,154.0,0,0.0,203.0,4,0.0,105,243.2,1.4,1.0,129.8,1.0,243.2,1.4,0.4
2020_11_MIA_DEN,DEN,200.0,1,200.0,1,1.0,56.0,0,0.0,106,224.8,1.4,1.0,144.6,1.6,224.8,1.4,0.4
2020_12_NO_DEN,DEN,78.0,0,78.0,0,1.0,229.0,4,0.0,107,225.8,1.6,0.8,132.4,1.4,225.8,1.6,0.2
2020_13_DEN_KC,DEN,318.0,1,318.0,1,0.0,134.0,0,0.0,108,198.8,1.4,1.0,158.0,1.8,198.8,1.4,0.0
2020_14_DEN_CAR,DEN,283.0,0,283.0,0,0.0,125.0,3,0.0,109,206.8,1.0,0.6,142.8,1.8,206.8,1.0,0.0
2020_15_BUF_DEN,DEN,359.0,2,359.0,2,0.0,182.0,3,0.0,110,206.6,0.4,0.4,149.4,2.2,206.6,0.4,0.0
2020_16_DEN_LAC,DEN,253.0,1,253.0,1,0.0,89.0,0,0.0,111,247.6,0.8,0.4,145.2,2.0,247.6,0.8,0.0
2020_17_LV_DEN,DEN,371.0,2,371.0,2,2.0,106.0,2,2.0,112,258.2,0.8,0.2,151.8,2.0,258.2,0.8,0.0
2021_01_DEN_NYG,DEN,267.0,1,267.0,1,0.0,60.0,1,1.0,113,316.8,1.2,0.4,127.2,1.6,316.8,1.2,0.4
2021_02_DEN_JAX,DEN,118.0,1,118.0,1,2.0,75.0,0,0.0,114,306.6,1.2,0.4,112.4,1.8,306.6,1.2,0.6
2021_03_NYJ_DEN,DEN,160.0,0,160.0,0,2.0,43.0,0,0.0,115,273.6,1.4,0.8,102.4,1.2,273.6,1.4,0.6
2021_04_BAL_DEN,DEN,316.0,1,316.0,1,0.0,102.0,1,0.0,116,233.8,1.0,1.2,74.6,0.6,233.8,1.0,0.6
2021_05_DEN_PIT,DEN,253.0,2,253.0,2,0.0,147.0,1,1.0,117,246.4,1.0,1.2,77.2,0.8,246.4,1.0,0.6
2021_06_LV_DEN,DEN,341.0,2,341.0,2,0.0,86.0,2,0.0,118,222.8,1.0,0.8,85.4,0.6,222.8,1.0,0.4
2021_07_DEN_CLE,DEN,199.0,1,199.0,1,0.0,182.0,1,0.0,119,237.6,1.2,0.8,90.6,0.8,237.6,1.2,0.2
2021_08_WAS_DEN,DEN,270.0,1,270.0,1,2.0,112.0,0,0.0,120,253.8,1.2,0.4,112.0,1.0,253.8,1.2,0.2
2021_09_DEN_DAL,DEN,232.0,2,232.0,2,1.0,78.0,0,0.0,121,275.8,1.4,0.4,125.8,1.0,275.8,1.4,0.2
2021_10_PHI_DEN,DEN,178.0,2,178.0,2,1.0,216.0,0,0.0,122,259.0,1.6,0.6,121.0,0.8,259.0,1.6,0.2
2021_12_LAC_DEN,DEN,303.0,2,303.0,2,2.0,72.0,0,0.0,123,244.0,1.6,0.8,134.8,0.6,244.0,1.6,0.0
2021_13_DEN_KC,DEN,184.0,0,184.0,0,1.0,89.0,1,0.0,124,236.4,1.6,1.2,132.0,0.2,236.4,1.6,0.0
2021_14_DET_DEN,DEN,215.0,1,215.0,1,1.0,118.0,0,1.0,125,233.4,1.4,1.4,113.4,0.2,233.4,1.4,0.0
2021_15_CIN_DEN,DEN,157.0,1,157.0,1,0.0,113.0,0,0.0,126,222.4,1.4,1.2,114.6,0.2,222.4,1.4,0.2
2021_16_DEN_LV,DEN,201.0,1,201.0,1,1.0,160.0,1,2.0,127,207.4,1.2,1.0,121.6,0.2,207.4,1.2,0.2
2021_17_DEN_LAC,DEN,237.0,2,237.0,2,0.0,104.0,1,0.0,128,212.0,1.0,1.0,110.4,0.4,212.0,1.0,0.6
2021_18_KC_DEN,DEN,270.0,2,270.0,2,0.0,135.0,0,0.0,129,198.8,1.0,0.6,116.8,0.6,198.8,1.0,0.6
2022_01_DEN_SEA,DEN,195.0,2,195.0,2,0.0,76.0,0,1.0,130,216.0,1.4,0.4,126.0,0.4,216.0,1.4,0.6
2022_02_HOU_DEN,DEN,177.0,0,177.0,0,0.0,80.0,0,0.0,131,212.0,1.6,0.2,117.6,0.4,212.0,1.6,0.6
2022_03_SF_DEN,DEN,211.0,1,211.0,1,1.0,88.0,0,2.0,132,216.0,1.4,0.2,111.0,0.4,216.0,1.4,0.6
2022_04_DEN_LV,DEN,188.0,0,188.0,0,0.0,212.0,2,0.0,133,218.0,1.4,0.2,96.6,0.2,218.0,1.4,0.6
2022_05_IND_DEN,DEN,251.0,0,251.0,0,2.0,106.0,0,0.0,134,208.2,1.0,0.2,118.2,0.4,208.2,1.0,0.6
2022_06_DEN_LAC,DEN,238.0,0,238.0,0,1.0,73.0,1,0.0,135,204.4,0.6,0.6,112.4,0.4,204.4,0.6,0.6
2022_07_NYJ_DEN,DEN,121.0,0,121.0,0,0.0,155.0,1,0.0,136,213.0,0.2,0.8,111.8,0.6,213.0,0.2,0.4
2022_08_DEN_JAX,DEN,133.0,1,133.0,1,2.0,191.0,1,0.0,137,201.8,0.2,0.8,126.8,0.8,201.8,0.2,0.4
2022_10_DEN_TEN,DEN,255.0,2,255.0,2,0.0,63.0,0,1.0,138,186.2,0.2,1.0,147.4,1.0,186.2,0.2,0.0
2022_11_LV_DEN,DEN,307.0,2,307.0,2,0.0,109.0,0,0.0,139,199.6,0.6,1.0,117.6,0.6,199.6,0.6,0.2
2022_12_DEN_CAR,DEN,164.0,1,164.0,1,0.0,185.0,1,0.0,140,210.8,1.0,0.6,118.2,0.6,210.8,1.0,0.2
2022_13_DEN_BAL,DEN,198.0,0,198.0,0,2.0,103.0,1,0.0,141,196.0,1.2,0.4,140.6,0.6,196.0,1.2,0.2
2022_14_KC_DEN,DEN,352.0,3,352.0,3,3.0,89.0,0,0.0,142,211.4,1.2,0.8,130.2,0.6,211.4,1.2,0.2
2022_15_ARI_DEN,DEN,173.0,0,173.0,0,3.0,73.0,1,0.0,143,255.2,1.6,1.0,109.8,0.4,255.2,1.6,0.2
2022_16_DEN_LA,DEN,230.0,2,230.0,2,0.0,158.0,3,0.0,144,238.8,1.2,1.6,111.8,0.6,238.8,1.2,0.0
2022_17_DEN_KC,DEN,328.0,3,328.0,3,1.0,46.0,1,0.0,145,223.4,1.2,1.6,121.6,1.2,223.4,1.2,0.0
2022_18_LAC_DEN,DEN,298.0,3,298.0,3,0.0,59.0,0,2.0,146,256.2,1.6,1.8,93.8,1.2,256.2,1.6,0.0
2023_01_LV_DEN,DEN,200.0,2,200.0,2,1.0,61.0,0,0.0,147,276.2,2.2,1.4,85.0,1.0,276.2,2.2,0.4
2023_02_WAS_DEN,DEN,299.0,2,299.0,2,0.0,122.0,2,0.0,148,245.8,2.0,1.0,79.4,1.0,245.8,2.0,0.4
2023_03_DEN_MIA,DEN,376.0,5,376.0,5,0.0,350.0,5,0.0,149,271.0,2.4,0.4,89.2,1.2,271.0,2.4,0.4
2023_04_DEN_CHI,DEN,335.0,4,335.0,4,1.0,171.0,0,1.0,150,300.2,3.0,0.4,127.6,1.6,300.2,3.0,0.4
2023_05_NYJ_DEN,DEN,199.0,0,199.0,0,1.0,234.0,1,0.0,151,301.6,3.2,0.4,152.6,1.4,301.6,3.2,0.6
2023_06_DEN_KC,DEN,306.0,1,306.0,1,1.0,96.0,0,0.0,152,281.8,2.6,0.6,187.6,1.6,281.8,2.6,0.2
2023_07_GB_DEN,DEN,194.0,2,194.0,2,1.0,137.0,0,0.0,153,303.0,2.4,0.6,194.6,1.6,303.0,2.4,0.2
2023_08_KC_DEN,DEN,240.0,0,240.0,0,2.0,62.0,0,2.0,154,282.0,2.4,0.8,197.6,1.2,282.0,2.4,0.2
2023_10_DEN_BUF,DEN,177.0,1,177.0,1,2.0,192.0,2,2.0,155,254.8,1.4,1.2,140.0,0.2,254.8,1.4,0.6
2023_11_MIN_DEN,DEN,221.0,1,221.0,1,1.0,175.0,1,2.0,156,223.2,0.8,1.4,144.2,0.6,223.2,0.8,0.8
2023_12_CLE_DEN,DEN,190.0,1,190.0,1,0.0,107.0,0,3.0,157,227.6,1.0,1.4,132.4,0.6,227.6,1.0,1.2
2023_13_DEN_HOU,DEN,292.0,1,292.0,1,0.0,89.0,1,0.0,158,204.4,1.0,1.2,134.6,0.6,204.4,1.0,1.8
2023_14_DEN_LAC,DEN,275.0,0,275.0,0,1.0,76.0,1,1.0,159,224.0,0.8,1.0,125.0,0.8,224.0,0.8,1.8
2023_15_DEN_DET,DEN,278.0,5,278.0,5,0.0,185.0,1,0.0,160,231.0,0.8,0.8,127.8,1.0,231.0,0.8,1.6
2023_16_NE_DEN,DEN,256.0,2,256.0,2,0.0,59.0,0,1.0,161,251.2,1.6,0.4,126.4,0.8,251.2,1.6,1.2
2023_17_LAC_DEN,DEN,220.0,0,220.0,0,0.0,86.0,0,1.0,162,258.2,1.8,0.2,103.2,0.6,258.2,1.8,1.0
2023_18_DEN_LV,DEN,244.0,2,244.0,2,0.0,129.0,1,0.0,163,264.2,1.6,0.2,99.0,0.6,264.2,1.6,0.6
2024_01_DEN_SEA,DEN,171.0,1,171.0,1,1.0,146.0,2,0.0,164,254.6,1.8,0.2,107.0,0.6,254.6,1.8,0.6
2024_02_PIT_DEN,DEN,117.0,1,117.0,1,0.0,141.0,0,0.0,165,233.8,2.0,0.2,121.0,0.8,233.8,2.0,0.4
2024_03_DEN_TB,DEN,163.0,1,163.0,1,1.0,91.0,0,1.0,166,201.6,1.2,0.2,112.2,0.6,201.6,1.2,0.4
2024_04_DEN_NYJ,DEN,225.0,0,225.0,0,0.0,64.0,0,1.0,167,183.0,1.0,0.4,118.6,0.6,183.0,1.0,0.4
2024_05_LV_DEN,DEN,231.0,1,231.0,1,3.0,115.0,1,0.0,168,184.0,1.0,0.4,114.2,0.6,184.0,1.0,0.4
2024_06_LAC_DEN,DEN,237.0,1,237.0,1,0.0,128.0,1,0.0,169,181.4,0.8,1.0,111.4,0.6,181.4,0.8,0.4
2024_07_DEN_NO,DEN,210.0,1,210.0,1,0.0,97.0,0,2.0,170,194.6,0.8,0.8,107.8,0.4,194.6,0.8,0.4
2024_08_CAR_DEN,DEN,224.0,2,224.0,2,2.0,69.0,0,0.0,171,213.2,0.8,0.8,99.0,0.4,213.2,0.8,0.8
2024_09_DEN_BAL,DEN,280.0,3,280.0,3,0.0,127.0,2,0.0,172,225.4,1.0,1.0,94.6,0.4,225.4,1.0,0.6
2024_10_DEN_KC,DEN,266.0,1,266.0,1,0.0,57.0,0,0.0,173,236.4,1.6,1.0,107.2,0.8,236.4,1.6,0.4
2024_11_ATL_DEN,DEN,197.0,0,197.0,0,1.0,50.0,0,0.0,174,243.4,1.6,0.4,95.6,0.6,243.4,1.6,0.4
2024_12_DEN_LV,DEN,328.0,1,328.0,1,1.0,69.0,0,1.0,175,235.4,1.4,0.6,80.0,0.4,235.4,1.4,0.4
2024_13_CLE_DEN,DEN,497.0,4,497.0,4,3.0,77.0,0,0.0,176,259.0,1.4,0.8,74.4,0.4,259.0,1.4,0.2
2024_15_IND_DEN,DEN,172.0,0,172.0,0,2.0,149.0,1,2.0,177,313.6,1.8,1.0,76.0,0.4,313.6,1.8,0.2
2024_16_DEN_LAC,DEN,284.0,2,284.0,2,1.0,117.0,2,0.0,178,292.0,1.2,1.4,80.4,0.2,292.0,1.2,0.6
2024_17_DEN_CIN,DEN,412.0,3,412.0,3,0.0,115.0,1,1.0,179,295.6,1.4,1.6,92.4,0.6,295.6,1.4,0.6
2024_18_KC_DEN,DEN,98.0,0,98.0,0,0.0,27.0,0,0.0,180,338.6,2.0,1.4,105.4,0.8,338.6,2.0,0.8
2014_01_NYG_DET,DET,163.0,1,163.0,1,2.0,53.0,1,0.0,1,,,,,,,,
2014_02_DET_CAR,DET,281.0,1,281.0,1,0.0,62.0,1,0.0,2,163.0,1.0,2.0,53.0,1.0,163.0,1.0,0.0
2014_03_GB_DET,DET,162.0,1,162.0,1,0.0,76.0,0,1.0,3,222.0,1.0,1.0,57.5,1.0,222.0,1.0,0.0
2014_04_DET_NYJ,DET,209.0,1,209.0,1,1.0,132.0,1,1.0,4,202.0,1.0,0.6666666666666666,63.666666666666664,0.6666666666666666,202.0,1.0,0.3333333333333333
2014_05_BUF_DET,DET,308.0,1,308.0,1,1.0,49.0,0,0.0,5,203.75,1.0,0.75,80.75,0.75,203.75,1.0,0.5
2014_06_DET_MIN,DET,188.0,0,188.0,0,3.0,69.0,0,0.0,6,224.6,1.0,0.8,74.4,0.6,224.6,1.0,0.4
2014_07_NO_DET,DET,342.0,2,342.0,2,1.0,73.0,0,1.0,7,229.6,0.8,1.0,77.6,0.4,229.6,0.8,0.4
2014_08_DET_ATL,DET,228.0,2,228.0,2,1.0,78.0,1,0.0,8,241.8,1.0,1.2,79.8,0.2,241.8,1.0,0.6
2014_10_MIA_DET,DET,207.0,1,207.0,1,1.0,50.0,0,1.0,9,255.0,1.2,1.4,80.2,0.4,255.0,1.2,0.4
2014_11_DET_ARI,DET,306.0,2,306.0,2,2.0,46.0,0,0.0,10,254.6,1.2,1.4,63.8,0.2,254.6,1.2,0.4
2014_12_DET_NE,DET,349.0,2,349.0,2,1.0,90.0,2,0.0,11,254.2,1.4,1.6,63.2,0.2,254.2,1.4,0.4
2014_13_CHI_DET,DET,280.0,2,280.0,2,2.0,13.0,0,0.0,12,286.4,1.8,1.2,67.4,0.6,286.4,1.8,0.4
2014_14_TB_DET,DET,250.0,2,250.0,2,2.0,26.0,0,1.0,13,274.0,1.8,1.4,55.4,0.6,274.0,1.8,0.2
2014_15_MIN_DET,DET,315.0,1,315.0,1,2.0,76.0,1,0.0,14,278.4,1.8,1.6,45.0,0.4,278.4,1.8,0.4
2014_16_DET_CHI,DET,181.0,2,181.0,2,1.0,64.0,0,0.0,15,300.0,1.8,1.8,50.2,0.6,300.0,1.8,0.2
2014_17_DET_GB,DET,232.0,2,232.0,2,0.0,152.0,1,1.0,16,275.0,1.8,1.6,53.8,0.6,275.0,1.8,0.2
2015_01_DET_SD,DET,403.0,2,403.0,2,2.0,96.0,2,1.0,17,251.6,1.8,1.4,66.2,0.4,251.6,1.8,0.4
2015_02_DET_MIN,DET,153.0,1,153.0,1,0.0,199.0,2,1.0,18,276.2,1.8,1.4,82.8,0.8,276.2,1.8,0.6
2015_03_DEN_DET,DET,324.0,2,324.0,2,1.0,41.0,1,1.0,19,256.8,1.6,1.0,117.4,1.2,256.8,1.6,0.6
2015_04_DET_SEA,DET,287.0,1,287.0,1,0.0,110.0,0,2.0,20,258.6,1.8,0.8,110.4,1.2,258.6,1.8,0.8
2015_05_ARI_DET,DET,171.0,3,171.0,3,0.0,187.0,3,0.0,21,279.8,1.6,0.6,119.6,1.2,279.8,1.6,1.2
2015_06_CHI_DET,DET,353.0,1,353.0,1,1.0,91.0,2,0.0,22,267.6,1.8,0.6,126.6,1.6,267.6,1.8,1.0
2015_07_MIN_DET,DET,316.0,2,316.0,2,0.0,140.0,0,1.0,23,257.6,1.6,0.4,125.6,1.6,257.6,1.6,0.8
2015_08_DET_KC,DET,149.0,2,149.0,2,0.0,206.0,4,0.0,24,290.2,1.8,0.4,113.8,1.2,290.2,1.8,0.8
2015_10_DET_GB,DET,333.0,2,333.0,2,0.0,47.0,0,0.0,25,255.2,1.8,0.2,146.8,1.8,255.2,1.8,0.6
2015_11_OAK_DET,DET,169.0,0,169.0,0,0.0,52.0,1,0.0,26,264.4,2.0,0.2,134.2,1.8,264.4,2.0,0.2
2015_12_PHI_DET,DET,199.0,2,199.0,2,0.0,68.0,0,1.0,27,264.0,1.4,0.2,107.2,1.4,264.0,1.4,0.2
2015_13_GB_DET,DET,289.0,2,273.0,2,1.0,67.0,1,0.0,28,233.2,1.6,0.0,102.6,1.0,233.2,1.6,0.4
2015_14_DET_STL,DET,124.0,0,124.0,0,1.0,203.0,2,0.0,29,224.6,1.6,0.2,88.0,1.2,227.8,1.6,0.2
2015_15_DET_NO,DET,341.0,3,341.0,3,0.0,69.0,0,0.0,30,219.6,1.2,0.4,87.4,0.8,222.8,1.2,0.2
2015_16_SF_DET,DET,225.0,2,225.0,2,0.0,121.0,0,1.0,31,221.2,1.4,0.4,91.8,0.8,224.4,1.4,0.2
2015_17_DET_CHI,DET,245.0,2,245.0,2,3.0,111.0,0,0.0,32,232.4,1.8,0.4,105.6,0.6,235.6,1.8,0.4
2016_01_DET_IND,DET,385.0,4,385.0,4,0.0,82.0,0,0.0,33,241.6,1.8,1.0,114.2,0.6,244.8,1.8,0.2
2016_02_TEN_DET,DET,238.0,2,238.0,2,1.0,139.0,0,0.0,34,264.0,2.2,0.8,117.2,0.4,264.0,2.2,0.2
2016_03_DET_GB,DET,205.0,4,205.0,4,0.0,123.0,0,0.0,35,286.8,2.6,0.8,104.4,0.0,286.8,2.6,0.2
2016_04_DET_CHI,DET,302.0,2,302.0,2,0.0,114.0,0,0.0,36,259.6,2.8,0.8,115.2,0.0,259.6,2.8,0.2
2016_05_PHI_DET,DET,238.0,2,238.0,2,1.0,116.0,0,1.0,37,275.0,2.8,0.8,113.8,0.0,275.0,2.8,0.0
2016_06_LA_DET,DET,321.0,3,321.0,3,1.0,76.0,1,0.0,38,273.6,2.8,0.4,114.8,0.0,273.6,2.8,0.2
2016_07_WAS_DET,DET,301.0,1,301.0,1,0.0,130.0,1,2.0,39,260.8,2.6,0.6,113.6,0.2,260.8,2.6,0.2
2016_08_DET_HOU,DET,186.0,1,186.0,1,1.0,105.0,1,0.0,40,273.4,2.4,0.4,111.8,0.4,273.4,2.4,0.6
2016_09_DET_MIN,DET,273.0,1,273.0,1,0.0,78.0,1,0.0,41,269.6,1.8,0.6,108.2,0.6,269.6,1.8,0.6
2016_11_JAX_DET,DET,202.0,2,202.0,2,2.0,83.0,0,1.0,42,263.8,1.6,0.6,101.0,0.8,263.8,1.6,0.6
2016_12_MIN_DET,DET,224.0,0,224.0,0,1.0,82.0,1,0.0,43,256.6,1.6,0.8,94.4,0.8,256.6,1.6,0.6
2016_13_DET_NO,DET,326.0,0,326.0,0,3.0,50.0,1,0.0,44,237.2,1.0,0.8,95.6,0.8,237.2,1.0,0.6
2016_14_CHI_DET,DET,212.0,1,212.0,1,0.0,92.0,0,0.0,45,242.2,0.8,1.4,79.6,0.8,242.2,0.8,0.2
2016_15_DET_NYG,DET,201.0,2,201.0,2,0.0,114.0,0,0.0,46,247.4,0.8,1.2,77.0,0.6,247.4,0.8,0.2
2016_16_DET_DAL,DET,222.0,4,222.0,4,0.0,164.0,2,0.0,47,233.0,1.0,1.2,84.2,0.4,233.0,1.0,0.2
2016_17_GB_DET,DET,300.0,4,300.0,4,0.0,153.0,0,0.0,48,237.0,1.4,0.8,100.4,0.8,237.0,1.4,0.0
2017_01_ARI_DET,DET,268.0,1,268.0,1,3.0,45.0,1,1.0,49,252.2,2.2,0.6,114.6,0.6,252.2,2.2,0.0
2017_02_DET_NYG,DET,239.0,1,239.0,1,1.0,62.0,0,0.0,50,240.6,2.4,0.6,113.6,0.6,240.6,2.4,0.2
2017_03_ATL_DET,DET,294.0,2,294.0,2,3.0,151.0,1,0.0,51,246.0,2.4,0.8,107.6,0.6,246.0,2.4,0.2
2017_04_DET_MIN,DET,219.0,0,219.0,0,0.0,87.0,1,3.0,52,264.6,2.4,1.4,115.0,0.8,264.6,2.4,0.2
2017_05_CAR_DET,DET,355.0,3,355.0,3,0.0,28.0,0,0.0,53,264.0,1.6,1.4,99.6,0.6,264.0,1.6,0.8
2017_06_DET_NO,DET,186.0,2,186.0,2,2.0,193.0,2,1.0,54,275.0,1.4,1.4,74.6,0.6,275.0,1.4,0.8
2017_08_PIT_DET,DET,317.0,1,317.0,1,1.0,75.0,1,1.0,55,258.6,1.6,1.2,104.2,0.8,258.6,1.6,0.8
2017_09_DET_GB,DET,245.0,0,245.0,0,0.0,78.0,2,0.0,56,274.2,1.6,1.2,106.8,1.0,274.2,1.6,1.0
2017_10_CLE_DET,DET,237.0,1,237.0,1,1.0,201.0,2,1.0,57,264.4,1.2,0.6,92.2,1.2,264.4,1.2,1.0
2017_11_DET_CHI,DET,179.0,1,179.0,1,0.0,222.0,2,1.0,58,268.0,1.4,0.8,115.0,1.4,268.0,1.4,0.6
2017_12_MIN_DET,DET,282.0,2,282.0,2,0.0,136.0,2,0.0,59,232.8,1.0,0.8,153.8,1.8,232.8,1.0,0.8
2017_13_DET_BAL,DET,269.0,2,269.0,2,0.0,101.0,2,0.0,60,252.0,1.0,0.4,142.4,1.8,252.0,1.0,0.6
2017_14_DET_TB,DET,285.0,2,285.0,2,2.0,133.0,1,3.0,61,242.4,1.2,0.2,147.6,2.0,242.4,1.2,0.4
2017_15_CHI_DET,DET,314.0,1,314.0,1,3.0,43.0,0,0.0,62,250.4,1.6,0.6,158.6,1.8,250.4,1.6,1.0
2017_16_DET_CIN,DET,238.0,1,238.0,1,1.0,142.0,1,0.0,63,265.8,1.6,1.0,127.0,1.4,265.8,1.6,0.8
2017_17_GB_DET,DET,193.0,1,193.0,1,2.0,103.0,0,1.0,64,277.6,1.6,1.2,111.0,1.2,277.6,1.6,0.6
2018_01_NYJ_DET,DET,198.0,2,198.0,2,1.0,169.0,2,0.0,65,259.8,1.4,1.6,104.4,0.8,259.8,1.4,0.8
2018_02_DET_SF,DET,206.0,2,206.0,2,0.0,190.0,1,0.0,66,245.6,1.4,1.8,118.0,0.8,245.6,1.4,0.8
2018_03_NE_DET,DET,133.0,1,133.0,1,1.0,89.0,0,0.0,67,229.8,1.4,1.4,129.4,0.8,229.8,1.4,0.2
2018_04_DET_DAL,DET,255.0,2,255.0,2,0.0,183.0,0,0.0,68,193.6,1.4,1.0,138.6,0.8,193.6,1.4,0.2
2018_05_GB_DET,DET,442.0,3,442.0,3,0.0,98.0,0,2.0,69,197.0,1.6,0.8,146.8,0.6,197.0,1.6,0.2
2018_07_DET_MIA,DET,239.0,2,239.0,2,0.0,107.0,1,0.0,70,246.8,2.0,0.4,145.8,0.6,246.8,2.0,0.4
2018_08_SEA_DET,DET,248.0,3,248.0,3,0.0,176.0,1,0.0,71,255.0,2.0,0.2,133.4,0.4,255.0,2.0,0.4
2018_09_DET_MIN,DET,164.0,1,164.0,1,1.0,128.0,1,1.0,72,263.4,2.2,0.2,130.6,0.4,263.4,2.2,0.4
2018_10_DET_CHI,DET,355.0,3,355.0,3,0.0,54.0,2,0.0,73,269.6,2.2,0.2,138.4,0.6,269.6,2.2,0.6
2018_11_CAR_DET,DET,357.0,3,357.0,3,1.0,56.0,0,0.0,74,289.6,2.4,0.2,112.6,1.0,289.6,2.4,0.6
2018_12_CHI_DET,DET,238.0,2,238.0,2,0.0,38.0,0,1.0,75,272.6,2.4,0.4,104.2,1.0,272.6,2.4,0.2
2018_13_LA_DET,DET,207.0,1,207.0,1,1.0,149.0,2,1.0,76,272.4,2.4,0.4,90.4,0.8,272.4,2.4,0.4
2018_14_DET_ARI,DET,240.0,0,240.0,0,1.0,61.0,0,0.0,77,264.2,2.0,0.6,85.0,1.0,264.2,2.0,0.6
2018_15_DET_BUF,DET,204.0,1,204.0,1,0.0,117.0,1,0.0,78,279.4,1.8,0.6,71.6,0.8,279.4,1.8,0.4
2018_16_MIN_DET,DET,253.0,3,253.0,3,0.0,100.0,0,0.0,79,249.2,1.4,0.6,84.2,0.6,249.2,1.4,0.4
2018_17_DET_GB,DET,158.0,0,158.0,0,1.0,46.0,0,0.0,80,228.4,1.4,0.4,93.0,0.6,228.4,1.4,0.4
2019_01_DET_ARI,DET,308.0,2,308.0,2,1.0,112.0,0,0.0,81,212.4,1.0,0.6,94.6,0.6,212.4,1.0,0.2
2019_02_LAC_DET,DET,293.0,0,293.0,0,1.0,137.0,1,1.0,82,232.6,1.2,0.6,87.2,0.2,232.6,1.2,0.0
2019_03_DET_PHI,DET,259.0,2,259.0,2,0.0,127.0,1,2.0,83,243.2,1.2,0.6,102.4,0.4,243.2,1.2,0.2
2019_04_KC_DET,DET,315.0,0,315.0,0,0.0,123.0,3,2.0,84,254.2,1.4,0.6,104.4,0.4,254.2,1.4,0.6
2019_06_DET_GB,DET,283.0,2,283.0,2,1.0,170.0,0,1.0,85,266.6,0.8,0.6,109.0,1.0,266.6,0.8,1.0
2019_07_MIN_DET,DET,338.0,4,338.0,4,0.0,166.0,2,0.0,86,291.6,1.2,0.6,133.8,1.0,291.6,1.2,1.2
2019_08_NYG_DET,DET,322.0,4,322.0,4,0.0,80.0,0,1.0,87,297.6,1.6,0.4,144.6,1.4,297.6,1.6,1.2
2019_09_DET_OAK,DET,289.0,2,289.0,2,0.0,171.0,2,0.0,88,303.4,2.4,0.2,133.2,1.2,303.4,2.4,1.2
2019_10_DET_CHI,DET,173.0,3,173.0,3,0.0,81.0,0,0.0,89,309.4,2.4,0.2,142.0,1.4,309.4,2.4,0.8
2019_11_DAL_DET,DET,444.0,3,444.0,3,0.0,75.0,1,1.0,90,281.0,3.0,0.2,133.6,0.8,281.0,3.0,0.4
2019_12_DET_WAS,DET,156.0,0,156.0,0,1.0,86.0,0,1.0,91,313.2,3.2,0.0,114.6,1.0,313.2,3.2,0.4
2019_13_CHI_DET,DET,338.0,3,338.0,3,1.0,88.0,0,0.0,92,276.8,2.4,0.2,98.6,0.6,276.8,2.4,0.6
2019_14_DET_MIN,DET,242.0,1,242.0,1,0.0,120.0,1,0.0,93,280.0,2.2,0.4,100.2,0.6,280.0,2.2,0.4
2019_15_TB_DET,DET,458.0,4,458.0,4,1.0,49.0,0,0.0,94,270.6,2.0,0.4,90.0,0.4,270.6,2.0,0.4
2019_16_DET_DEN,DET,198.0,1,198.0,1,0.0,150.0,2,0.0,95,327.6,2.2,0.6,83.6,0.4,327.6,2.2,0.4
2019_17_GB_DET,DET,323.0,2,323.0,2,1.0,120.0,0,0.0,96,278.4,1.8,0.6,98.6,0.6,278.4,1.8,0.2
2020_01_CHI_DET,DET,242.0,3,242.0,3,0.0,149.0,0,0.0,97,311.8,2.2,0.6,105.4,0.6,311.8,2.2,0.0
2020_02_DET_GB,DET,240.0,2,240.0,2,0.0,259.0,2,0.0,98,292.6,2.2,0.4,117.6,0.6,292.6,2.2,0.0
2020_03_DET_ARI,DET,270.0,2,270.0,2,3.0,109.0,1,0.0,99,292.2,2.4,0.4,145.4,0.8,292.2,2.4,0.0
2020_04_NO_DET,DET,246.0,2,246.0,2,1.0,164.0,3,0.0,100,254.6,2.0,0.8,157.4,1.0,254.6,2.0,0.0
2020_06_DET_JAX,DET,243.0,1,243.0,1,1.0,44.0,1,1.0,101,264.2,2.2,1.0,160.2,1.2,264.2,2.2,0.0
2020_07_DET_ATL,DET,338.0,1,338.0,1,0.0,66.0,2,1.0,102,248.2,2.0,1.0,145.0,1.4,248.2,2.0,0.2
2020_08_IND_DET,DET,262.0,3,262.0,3,0.0,119.0,2,0.0,103,267.4,1.6,1.0,128.4,1.8,267.4,1.6,0.4
2020_09_DET_MIN,DET,220.0,3,220.0,3,0.0,275.0,2,0.0,104,271.8,1.8,1.0,100.4,1.8,271.8,1.8,0.4
2020_10_WAS_DET,DET,390.0,0,390.0,0,0.0,89.0,3,1.0,105,261.8,2.0,0.4,133.6,2.0,261.8,2.0,0.4
2020_11_DET_CAR,DET,258.0,1,258.0,1,2.0,116.0,1,0.0,106,290.6,1.6,0.2,118.6,2.0,290.6,1.6,0.6
2020_12_HOU_DET,DET,318.0,4,318.0,4,0.0,77.0,0,1.0,107,293.6,1.6,0.4,133.0,2.0,293.6,1.6,0.4
2020_13_DET_CHI,DET,267.0,1,267.0,1,0.0,140.0,3,1.0,108,289.6,2.2,0.4,135.2,1.6,289.6,2.2,0.4
2020_14_GB_DET,DET,290.0,3,290.0,3,0.0,120.0,1,0.0,109,290.6,1.8,0.4,139.4,1.8,290.6,1.8,0.6
2020_15_DET_TEN,DET,273.0,3,273.0,3,0.0,195.0,3,0.0,110,304.6,1.8,0.4,108.4,1.6,304.6,1.8,0.6
2020_16_TB_DET,DET,491.0,6,491.0,6,0.0,111.0,1,0.0,111,281.2,2.4,0.4,129.6,1.6,281.2,2.4,0.4
2020_17_MIN_DET,DET,405.0,3,405.0,3,0.0,125.0,2,0.0,112,327.8,3.4,0.0,128.6,1.6,327.8,3.4,0.4
2021_01_SF_DET,DET,319.0,2,319.0,2,0.0,131.0,2,2.0,113,345.2,3.2,0.0,138.2,2.0,345.2,3.2,0.2
2021_02_DET_GB,DET,255.0,4,255.0,4,0.0,96.0,1,0.0,114,355.6,3.4,0.0,136.4,1.8,355.6,3.4,0.4
2021_03_BAL_DET,DET,287.0,1,287.0,1,1.0,116.0,0,0.0,115,348.6,3.6,0.0,131.6,1.8,348.6,3.6,0.4
2021_04_DET_CHI,DET,209.0,0,209.0,0,1.0,188.0,3,0.0,116,351.4,3.2,0.2,115.8,1.2,351.4,3.2,0.4
2021_05_DET_MIN,DET,275.0,1,275.0,1,1.0,120.0,0,1.0,117,295.0,2.0,0.4,131.2,1.6,295.0,2.0,0.4
2021_06_CIN_DET,DET,278.0,4,278.0,4,1.0,142.0,0,0.0,118,269.0,1.6,0.6,130.2,1.2,269.0,1.6,0.6
2021_07_DET_LA,DET,334.0,3,334.0,3,0.0,47.0,0,0.0,119,260.8,2.0,0.8,132.4,0.8,260.8,2.0,0.2
2021_08_PHI_DET,DET,114.0,0,114.0,0,0.0,236.0,4,0.0,120,276.6,1.8,0.8,122.6,0.6,276.6,1.8,0.2
2021_10_DET_PIT,DET,242.0,1,242.0,1,1.0,145.0,0,2.0,121,242.0,1.6,0.6,146.6,1.4,242.0,1.6,0.2
2021_11_DET_CLE,DET,176.0,1,176.0,1,2.0,184.0,1,0.0,122,248.6,1.8,0.6,138.0,0.8,248.6,1.8,0.6
2021_12_CHI_DET,DET,317.0,1,317.0,1,1.0,68.0,0,0.0,123,228.8,1.8,0.8,150.8,1.0,228.8,1.8,0.4
2021_13_MIN_DET,DET,340.0,2,340.0,2,0.0,100.0,1,1.0,124,236.6,1.2,0.8,136.0,1.0,236.6,1.2,0.4
2021_14_DET_DEN,DET,179.0,2,179.0,2,0.0,184.0,3,0.0,125,237.8,1.0,0.8,146.6,1.2,237.8,1.0,0.6
2021_15_ARI_DET,DET,313.0,1,313.0,1,1.0,105.0,0,0.0,126,250.8,1.4,0.8,136.2,1.0,250.8,1.4,0.6
2021_16_DET_ATL,DET,215.0,1,215.0,1,0.0,47.0,1,1.0,127,265.0,1.4,0.8,128.2,1.0,265.0,1.4,0.2
2021_17_DET_SEA,DET,236.0,4,236.0,4,0.0,265.0,2,0.0,128,272.8,1.4,0.4,100.8,1.0,272.8,1.4,0.4
2021_18_GB_DET,DET,272.0,3,272.0,3,2.0,122.0,1,1.0,129,256.6,2.0,0.2,140.2,1.4,256.6,2.0,0.4
2022_01_PHI_DET,DET,243.0,0,243.0,0,0.0,216.0,4,0.0,130,243.0,2.2,0.6,144.6,1.4,243.0,2.2,0.4
2022_02_WAS_DET,DET,337.0,3,337.0,3,1.0,88.0,1,0.0,131,255.8,1.8,0.6,151.0,1.6,255.8,1.8,0.4
2022_03_DET_MIN,DET,260.0,2,260.0,2,0.0,123.0,2,1.0,132,260.6,2.2,0.6,147.6,1.8,260.6,2.2,0.4
2022_04_SEA_DET,DET,320.0,2,320.0,2,0.0,235.0,3,0.0,133,269.6,2.4,0.6,162.8,2.0,269.6,2.4,0.4
2022_05_DET_NE,DET,188.0,1,188.0,1,1.0,176.0,0,0.0,134,286.4,2.0,0.6,156.8,2.2,286.4,2.0,0.4
2022_07_DET_DAL,DET,207.0,1,207.0,1,0.0,139.0,2,1.0,135,269.6,1.6,0.4,167.6,2.0,269.6,1.6,0.2
2022_08_MIA_DET,DET,382.0,3,382.0,3,0.0,107.0,1,1.0,136,262.4,1.8,0.4,152.2,1.6,262.4,1.8,0.4
2022_09_GB_DET,DET,291.0,1,291.0,1,3.0,106.0,0,0.0,137,271.4,1.8,0.2,156.0,1.6,271.4,1.8,0.6
2022_10_DET_CHI,DET,167.0,2,167.0,2,1.0,258.0,2,0.0,138,277.6,1.6,0.8,152.6,1.2,277.6,1.6,0.4
2022_11_DET_NYG,DET,341.0,1,341.0,1,2.0,89.0,2,1.0,139,247.0,1.6,1.0,157.2,1.0,247.0,1.6,0.4
2022_12_BUF_DET,DET,253.0,2,253.0,2,1.0,164.0,1,0.0,140,277.6,1.6,1.2,139.8,1.4,277.6,1.6,0.6
2022_13_JAX_DET,DET,185.0,1,185.0,1,0.0,95.0,0,1.0,141,286.8,1.8,1.4,144.8,1.2,286.8,1.8,0.4
2022_14_MIN_DET,DET,425.0,2,425.0,2,0.0,22.0,1,2.0,142,247.4,1.4,1.4,142.4,1.0,247.4,1.4,0.4
2022_15_DET_NYJ,DET,317.0,2,317.0,2,1.0,50.0,0,0.0,143,274.2,1.6,0.8,125.6,1.2,274.2,1.6,0.8
2022_16_DET_CAR,DET,250.0,1,250.0,1,0.0,320.0,3,0.0,144,304.2,1.6,0.8,84.0,0.8,304.2,1.6,0.8
2022_17_CHI_DET,DET,75.0,1,75.0,1,1.0,200.0,0,1.0,145,286.0,1.6,0.4,130.2,1.0,286.0,1.6,0.6
2022_18_DET_GB,DET,205.0,1,205.0,1,1.0,103.0,0,1.0,146,250.4,1.4,0.4,137.4,0.8,250.4,1.4,0.8
2023_01_DET_KC,DET,226.0,2,226.0,2,1.0,90.0,0,0.0,147,254.4,1.4,0.6,139.0,0.8,254.4,1.4,0.8
2023_02_SEA_DET,DET,328.0,2,328.0,2,0.0,82.0,2,0.0,148,214.6,1.4,0.8,152.6,0.6,214.6,1.4,0.4
2023_03_ATL_DET,DET,201.0,0,201.0,0,0.0,44.0,0,1.0,149,216.8,1.4,0.6,159.0,1.0,216.8,1.4,0.4
2023_04_DET_GB,DET,246.0,1,246.0,1,2.0,27.0,1,0.0,150,207.0,1.2,0.6,103.8,0.4,207.0,1.2,0.6
2023_05_CAR_DET,DET,247.0,3,247.0,3,2.0,99.0,0,1.0,151,241.2,1.2,0.8,69.2,0.6,241.2,1.2,0.4
2023_06_DET_TB,DET,206.0,0,206.0,0,1.0,46.0,0,0.0,152,249.6,1.6,1.0,68.4,0.6,249.6,1.6,0.4
2023_07_DET_BAL,DET,357.0,3,357.0,3,0.0,146.0,2,1.0,153,245.6,1.2,1.0,59.6,0.6,245.6,1.2,0.4
2023_08_LV_DET,DET,126.0,0,126.0,0,1.0,80.0,1,0.0,154,251.4,1.4,1.0,72.4,0.6,251.4,1.4,0.6
2023_10_DET_LAC,DET,323.0,4,323.0,4,1.0,98.0,1,0.0,155,236.4,1.4,1.2,79.6,0.8,236.4,1.4,0.4
2023_11_CHI_DET,DET,169.0,1,169.0,1,0.0,183.0,1,1.0,156,251.8,2.0,1.0,93.8,0.8,251.8,2.0,0.4
2023_12_GB_DET,DET,268.0,3,268.0,3,0.0,109.0,0,0.0,157,236.2,1.6,0.6,110.6,1.0,236.2,1.6,0.4
2023_13_DET_NO,DET,267.0,1,267.0,1,1.0,113.0,3,1.0,158,248.6,2.2,0.4,123.2,1.0,248.6,2.2,0.4
2023_14_DET_CHI,DET,223.0,1,223.0,1,0.0,142.0,2,0.0,159,230.6,1.8,0.6,116.6,1.2,230.6,1.8,0.4
2023_15_DEN_DET,DET,223.0,1,223.0,1,0.0,83.0,1,1.0,160,250.0,2.0,0.4,129.0,1.4,250.0,2.0,0.4
2023_16_DET_MIN,DET,411.0,2,411.0,2,4.0,17.0,1,0.0,161,230.0,1.4,0.2,126.0,1.4,230.0,1.4,0.6
2023_17_DET_DAL,DET,345.0,2,345.0,2,1.0,61.0,0,0.0,162,278.4,1.6,1.0,92.8,1.4,278.4,1.6,0.4
2023_18_MIN_DET,DET,396.0,2,396.0,2,2.0,89.0,0,0.0,163,293.8,1.4,1.2,83.2,1.4,293.8,1.4,0.4
2024_01_LA_DET,DET,317.0,1,317.0,1,1.0,83.0,1,0.0,164,319.6,1.6,1.4,78.4,0.8,319.6,1.6,0.2
2024_02_TB_DET,DET,185.0,1,185.0,1,1.0,70.0,1,0.0,165,338.4,1.6,1.6,66.6,0.6,338.4,1.6,0.2
2024_03_DET_ARI,DET,207.0,1,207.0,1,1.0,77.0,0,0.0,166,330.8,1.6,1.8,64.0,0.6,330.8,1.6,0.0
2024_04_SEA_DET,DET,395.0,1,395.0,1,1.0,133.0,3,1.0,167,290.0,1.4,1.2,76.0,0.4,290.0,1.4,0.0
2024_06_DET_DAL,DET,224.0,0,224.0,0,3.0,53.0,0,2.0,168,300.0,1.2,1.2,90.4,1.0,300.0,1.2,0.2
2024_07_DET_MIN,DET,259.0,1,259.0,1,1.0,139.0,1,0.0,169,265.6,0.8,1.4,83.2,1.0,265.6,0.8,0.6
2024_08_TEN_DET,DET,266.0,1,266.0,1,2.0,158.0,1,2.0,170,254.0,0.8,1.4,94.4,1.0,254.0,0.8,0.6
2024_09_DET_GB,DET,273.0,0,273.0,0,1.0,138.0,1,0.0,171,270.2,0.8,1.6,112.0,1.0,270.2,0.8,1.0
2024_10_DET_HOU,DET,232.0,1,232.0,1,2.0,56.0,1,0.0,172,283.4,0.6,1.6,124.2,1.2,283.4,0.6,1.0
2024_11_JAX_DET,DET,138.0,0,138.0,0,1.0,41.0,0,0.0,173,250.8,0.6,1.8,108.8,0.8,250.8,0.6,0.8
2024_12_DET_IND,DET,172.0,0,172.0,0,0.0,96.0,0,0.0,174,233.6,0.6,1.4,106.4,0.8,233.6,0.6,0.4
2024_13_CHI_DET,DET,256.0,3,256.0,3,0.0,78.0,0,0.0,175,216.2,0.4,1.2,97.8,0.6,216.2,0.4,0.4
2024_14_GB_DET,DET,206.0,1,206.0,1,0.0,99.0,3,1.0,176,214.2,0.8,0.8,81.8,0.4,214.2,0.8,0.0
2024_15_BUF_DET,DET,362.0,2,362.0,2,0.0,197.0,4,0.0,177,200.8,1.0,0.6,74.0,0.8,200.8,1.0,0.2
2024_16_DET_CHI,DET,334.0,2,334.0,2,0.0,59.0,0,2.0,178,226.8,1.2,0.2,102.2,1.4,226.8,1.2,0.2
2024_17_DET_SF,DET,412.0,3,412.0,3,2.0,75.0,2,0.0,179,266.0,1.6,0.0,105.8,1.4,266.0,1.6,0.6
2024_18_MIN_DET,DET,166.0,0,166.0,0,0.0,120.0,0,0.0,180,314.0,2.2,0.4,101.6,1.8,314.0,2.2,0.6
2014_01_GB_SEA,GB,191.0,2,191.0,2,0.0,207.0,2,0.0,1,,,,,,,,
2014_02_NYJ_GB,GB,176.0,1,176.0,1,1.0,110.0,2,0.0,2,191.0,2.0,0.0,207.0,2.0,191.0,2.0,0.0
2014_03_GB_DET,GB,246.0,0,246.0,0,2.0,115.0,1,1.0,3,183.5,1.5,0.5,158.5,2.0,183.5,1.5,0.0
2014_04_GB_CHI,GB,265.0,2,265.0,2,2.0,235.0,0,0.0,4,204.33333333333334,1.0,1.0,144.0,1.6666666666666667,204.33333333333334,1.0,0.3333333333333333
2014_05_MIN_GB,GB,222.0,0,222.0,0,2.0,111.0,1,1.0,5,219.5,1.25,1.25,166.75,1.25,219.5,1.25,0.25
2014_06_GB_MIA,GB,244.0,2,244.0,2,2.0,112.0,1,1.0,6,220.0,1.0,1.4,155.6,1.2,220.0,1.0,0.4
2014_07_CAR_GB,GB,248.0,2,248.0,2,1.0,108.0,0,0.0,7,230.6,1.0,1.8,136.6,1.0,230.6,1.0,0.6
2014_08_GB_NO,GB,311.0,3,311.0,3,0.0,193.0,2,1.0,8,245.0,1.2,1.8,136.2,0.6,245.0,1.2,0.6
2014_10_CHI_GB,GB,283.0,1,283.0,1,2.0,55.0,0,1.0,9,258.0,1.8,1.4,151.8,0.8,258.0,1.8,0.6
2014_11_PHI_GB,GB,346.0,2,346.0,2,2.0,109.0,0,2.0,10,261.6,1.6,1.4,115.8,0.8,261.6,1.6,0.8
2014_12_GB_MIN,GB,210.0,2,210.0,2,1.0,112.0,0,0.0,11,286.4,2.0,1.4,115.4,0.6,286.4,2.0,1.0
2014_13_NE_GB,GB,245.0,2,245.0,2,0.0,84.0,1,0.0,12,279.6,2.0,1.2,115.4,0.4,279.6,2.0,0.8
2014_14_ATL_GB,GB,375.0,4,375.0,4,1.0,91.0,1,0.0,13,279.0,2.0,1.0,110.6,0.6,279.0,2.0,0.8
2014_15_GB_BUF,GB,158.0,0,158.0,0,1.0,113.0,0,0.0,14,291.8,2.2,1.2,90.2,0.4,291.8,2.2,0.6
2014_16_GB_TB,GB,147.0,0,147.0,0,1.0,16.0,0,0.0,15,266.8,2.0,1.0,101.8,0.4,266.8,2.0,0.4
2014_17_DET_GB,GB,217.0,3,217.0,3,0.0,111.0,0,1.0,16,227.0,1.6,0.8,83.2,0.4,227.0,1.6,0.0
2015_01_GB_CHI,GB,225.0,1,225.0,1,1.0,189.0,1,0.0,17,228.4,1.8,0.6,83.0,0.4,228.4,1.8,0.2
2015_02_SEA_GB,GB,206.0,2,206.0,2,1.0,119.0,0,1.0,18,224.4,1.6,0.8,104.0,0.4,224.4,1.6,0.2
2015_03_KC_GB,GB,290.0,1,290.0,1,1.0,75.0,3,0.0,19,190.6,1.2,0.8,109.6,0.2,190.6,1.2,0.4
2015_04_GB_SF,GB,160.0,0,160.0,0,1.0,77.0,0,0.0,20,217.0,1.4,0.8,102.0,0.8,217.0,1.4,0.4
2015_05_STL_GB,GB,161.0,1,161.0,1,4.0,191.0,0,0.0,21,219.6,1.4,0.8,114.2,0.8,219.6,1.4,0.4
2015_06_SD_GB,GB,503.0,2,503.0,2,0.0,60.0,0,1.0,22,208.4,1.0,1.6,130.2,0.8,208.4,1.0,0.2
2015_08_GB_DEN,GB,340.0,0,340.0,0,1.0,160.0,3,0.0,23,264.0,1.2,1.4,104.4,0.6,264.0,1.2,0.4
2015_09_GB_CAR,GB,297.0,3,297.0,3,1.0,130.0,1,0.0,24,290.8,0.8,1.4,112.6,1.2,290.8,0.8,0.2
2015_10_DET_GB,GB,242.0,2,242.0,2,1.0,45.0,0,0.0,25,292.2,1.2,1.4,123.6,0.8,292.2,1.2,0.2
2015_11_GB_MIN,GB,296.0,1,296.0,1,0.0,94.0,1,1.0,26,308.6,1.6,1.4,117.2,0.8,308.6,1.6,0.2
2015_12_CHI_GB,GB,200.0,1,200.0,1,0.0,101.0,1,0.0,27,335.6,1.6,0.6,97.8,1.0,335.6,1.6,0.4
2015_13_GB_DET,GB,220.0,2,220.0,2,0.0,101.0,0,1.0,28,275.0,1.4,0.6,106.0,1.2,275.0,1.4,0.2
2015_14_DAL_GB,GB,114.0,0,114.0,0,1.0,171.0,1,0.0,29,251.0,1.8,0.4,94.2,0.6,251.0,1.8,0.4
2015_15_GB_OAK,GB,276.0,2,276.0,2,2.0,120.0,0,0.0,30,214.4,1.2,0.4,102.4,0.6,214.4,1.2,0.4
2015_16_GB_ARI,GB,269.0,2,269.0,2,1.0,121.0,1,1.0,31,221.2,1.2,0.6,117.4,0.6,221.2,1.2,0.4
2015_17_MIN_GB,GB,99.0,0,99.0,0,1.0,151.0,1,0.0,32,215.8,1.4,0.8,122.8,0.6,215.8,1.4,0.4
2016_01_GB_JAX,GB,320.0,1,320.0,1,1.0,48.0,1,0.0,33,195.6,1.2,1.0,132.8,0.6,195.6,1.2,0.4
2016_02_GB_MIN,GB,286.0,2,286.0,2,0.0,30.0,0,0.0,34,215.6,1.0,1.2,122.2,0.8,215.6,1.0,0.2
2016_03_DET_GB,GB,385.0,3,385.0,3,1.0,50.0,0,0.0,35,250.0,1.4,1.0,94.0,0.6,250.0,1.4,0.2
2016_05_NYG_GB,GB,199.0,1,199.0,1,0.0,43.0,0,1.0,36,271.8,1.6,0.8,80.0,0.6,271.8,1.6,0.2
2016_06_DAL_GB,GB,247.0,3,247.0,3,1.0,191.0,0,1.0,37,257.8,1.4,0.6,64.4,0.4,257.8,1.4,0.2
2016_07_CHI_GB,GB,130.0,0,130.0,0,2.0,69.0,0,0.0,38,287.4,2.0,0.6,72.4,0.2,287.4,2.0,0.4
2016_08_GB_ATL,GB,288.0,3,288.0,3,0.0,90.0,1,0.0,39,249.4,1.8,0.8,76.6,0.0,249.4,1.8,0.4
2016_09_IND_GB,GB,281.0,1,281.0,1,2.0,85.0,2,0.0,40,249.8,2.0,0.8,88.6,0.2,249.8,2.0,0.4
2016_10_GB_TEN,GB,305.0,5,305.0,5,0.0,154.0,1,0.0,41,229.0,1.6,1.0,95.6,0.6,229.0,1.6,0.4
2016_11_GB_WAS,GB,375.0,3,375.0,3,0.0,151.0,3,0.0,42,250.2,2.4,1.0,117.8,0.8,250.2,2.4,0.2
2016_12_GB_PHI,GB,254.0,0,254.0,0,1.0,81.0,1,0.0,43,275.8,2.4,0.8,109.8,1.4,275.8,2.4,0.0
2016_13_HOU_GB,GB,210.0,2,202.0,2,0.0,123.0,0,1.0,44,300.6,2.4,0.6,112.2,1.6,300.6,2.4,0.0
2016_14_SEA_GB,GB,240.0,1,240.0,1,5.0,136.0,0,1.0,45,283.4,2.2,0.6,118.8,1.4,285.0,2.2,0.2
2016_15_GB_CHI,GB,362.0,2,362.0,2,3.0,95.0,1,1.0,46,275.2,2.2,1.2,129.0,1.0,276.8,2.2,0.4
2016_16_MIN_GB,GB,382.0,3,382.0,3,0.0,93.0,0,1.0,47,286.6,1.6,1.8,117.2,1.0,288.2,1.6,0.6
2016_17_GB_DET,GB,347.0,2,347.0,2,1.0,76.0,1,0.0,48,288.0,1.6,1.8,105.6,0.4,289.6,1.6,0.8
2017_01_SEA_GB,GB,158.0,0,158.0,0,0.0,90.0,0,1.0,49,306.6,2.0,1.8,104.6,0.4,308.2,2.0,0.8
2017_02_GB_ATL,GB,252.0,1,252.0,1,0.0,141.0,2,0.0,50,297.8,1.6,1.8,98.0,0.4,297.8,1.6,0.8
2017_03_CIN_GB,GB,212.0,2,212.0,2,0.0,110.0,0,0.0,51,300.2,1.6,0.8,99.0,0.8,300.2,1.6,0.6
2017_04_CHI_GB,GB,218.0,1,218.0,1,2.0,103.0,1,2.0,52,270.2,1.6,0.2,102.0,0.6,270.2,1.6,0.4
2017_05_GB_DAL,GB,251.0,3,251.0,3,1.0,163.0,1,1.0,53,237.4,1.2,0.6,104.0,0.8,237.4,1.2,0.6
2017_06_GB_MIN,GB,239.0,1,239.0,1,1.0,112.0,1,1.0,54,218.2,1.4,0.6,121.4,0.8,218.2,1.4,0.8
2017_07_NO_GB,GB,331.0,1,331.0,1,2.0,161.0,2,0.0,55,234.4,1.6,0.8,125.8,1.0,234.4,1.6,0.8
2017_09_DET_GB,GB,361.0,2,361.0,2,0.0,64.0,1,1.0,56,250.2,1.6,1.2,129.8,1.0,250.2,1.6,0.8
2017_10_GB_CHI,GB,295.0,1,297.0,1,0.0,55.0,0,0.0,57,280.0,1.6,1.2,120.6,1.2,280.0,1.6,1.0
2017_11_BAL_GB,GB,183.0,1,183.0,1,1.0,58.0,1,0.0,58,295.8,1.6,0.8,111.0,1.0,295.4,1.6,0.6
2017_12_GB_PIT,GB,351.0,4,351.0,4,2.0,121.0,0,1.0,59,282.2,1.2,0.8,90.0,1.0,281.8,1.2,0.4
2017_13_TB_GB,GB,270.0,2,270.0,2,0.0,165.0,0,1.0,60,304.6,1.8,1.0,91.8,0.8,304.2,1.8,0.4
2017_14_GB_CLE,GB,214.0,3,214.0,3,2.0,136.0,0,0.0,61,292.4,2.0,0.6,92.6,0.4,292.0,2.0,0.6
2017_15_GB_CAR,GB,242.0,4,242.0,4,0.0,151.0,0,0.0,62,263.0,2.2,1.0,107.0,0.2,262.6,2.2,0.4
2017_16_MIN_GB,GB,139.0,1,139.0,1,0.0,112.0,0,0.0,63,252.0,2.8,1.0,126.2,0.2,252.0,2.8,0.4
2017_17_GB_DET,GB,323.0,3,323.0,3,0.0,51.0,1,0.0,64,243.2,2.8,0.8,137.0,0.0,243.2,2.8,0.4
2018_01_CHI_GB,GB,171.0,0,171.0,0,0.0,139.0,1,1.0,65,237.6,2.6,0.4,123.0,0.2,237.6,2.6,0.2
2018_02_MIN_GB,GB,425.0,4,425.0,4,1.0,68.0,0,0.0,66,217.8,2.2,0.4,117.8,0.4,217.8,2.2,0.2
2018_03_GB_WAS,GB,220.0,2,220.0,2,1.0,166.0,2,0.0,67,260.0,2.4,0.2,104.2,0.4,260.0,2.4,0.2
2018_04_BUF_GB,GB,151.0,0,151.0,0,2.0,58.0,0,1.0,68,255.6,2.0,0.4,107.2,0.8,255.6,2.0,0.2
2018_05_GB_DET,GB,183.0,2,183.0,2,0.0,94.0,2,0.0,69,258.0,1.8,0.8,96.4,0.8,258.0,1.8,0.4
2018_06_SF_GB,GB,245.0,2,245.0,2,1.0,174.0,1,1.0,70,230.0,1.6,0.8,105.0,1.0,230.0,1.6,0.4
2018_08_GB_LA,GB,307.0,3,307.0,3,0.0,135.0,0,0.0,71,244.8,2.0,1.0,112.0,1.0,244.8,2.0,0.4
2018_09_GB_NE,GB,331.0,1,331.0,1,0.0,123.0,3,0.0,72,221.2,1.8,0.8,125.4,1.0,221.2,1.8,0.4
2018_10_MIA_GB,GB,213.0,0,213.0,0,1.0,131.0,0,1.0,73,243.4,1.6,0.6,116.8,1.2,243.4,1.6,0.4
2018_11_GB_SEA,GB,225.0,2,225.0,2,0.0,173.0,1,1.0,74,255.8,1.6,0.4,131.4,1.2,255.8,1.6,0.4
2018_12_GB_MIN,GB,342.0,3,342.0,3,0.0,91.0,0,0.0,75,264.2,1.6,0.4,147.2,1.0,264.2,1.6,0.6
2018_13_ARI_GB,GB,149.0,0,149.0,0,0.0,182.0,2,0.0,76,283.6,1.8,0.2,130.6,0.8,283.6,1.8,0.4
2018_14_ATL_GB,GB,262.0,3,262.0,3,1.0,107.0,0,0.0,77,252.0,1.2,0.2,140.0,1.2,252.0,1.2,0.4
2018_15_GB_CHI,GB,235.0,2,235.0,2,0.0,100.0,1,1.0,78,238.2,1.6,0.4,136.8,0.6,238.2,1.6,0.4
2018_16_GB_NYJ,GB,341.0,3,341.0,3,0.0,47.0,1,0.0,79,242.6,2.0,0.2,130.6,0.8,242.6,2.0,0.4
2018_17_DET_GB,GB,274.0,3,274.0,3,0.0,130.0,1,0.0,80,265.8,2.2,0.2,105.4,0.8,265.8,2.2,0.2
2019_01_GB_CHI,GB,228.0,0,228.0,0,1.0,46.0,0,0.0,81,252.2,2.2,0.2,113.2,1.0,252.2,2.2,0.2
2019_02_MIN_GB,GB,230.0,1,230.0,1,2.0,198.0,1,2.0,82,268.0,2.2,0.4,86.0,0.6,268.0,2.2,0.2
2019_03_DEN_GB,GB,213.0,0,213.0,0,1.0,149.0,2,2.0,83,261.6,1.8,0.6,104.2,0.8,261.6,1.8,0.6
2019_04_PHI_GB,GB,160.0,3,160.0,3,0.0,176.0,2,0.0,84,257.2,1.4,0.8,114.0,1.0,257.2,1.4,0.8
2019_05_GB_DAL,GB,463.0,2,463.0,2,3.0,122.0,1,0.0,85,221.0,1.4,0.8,139.8,1.2,221.0,1.4,0.8
2019_06_DET_GB,GB,265.0,0,265.0,0,0.0,56.0,1,0.0,86,258.8,1.2,1.4,138.2,1.2,258.8,1.2,0.8
2019_07_OAK_GB,GB,329.0,3,329.0,3,1.0,155.0,0,0.0,87,266.2,1.2,1.2,140.2,1.4,266.2,1.2,0.8
2019_08_GB_KC,GB,267.0,2,267.0,2,0.0,88.0,1,1.0,88,286.0,1.6,1.0,131.6,1.2,286.0,1.6,0.4
2019_09_GB_LAC,GB,294.0,0,294.0,0,0.0,159.0,2,0.0,89,296.8,2.0,0.8,119.4,1.0,296.8,2.0,0.2
2019_10_CAR_GB,GB,307.0,1,307.0,1,1.0,120.0,1,1.0,90,323.6,1.4,0.8,116.0,1.0,323.6,1.4,0.2
2019_12_GB_SF,GB,253.0,2,253.0,2,0.0,112.0,2,0.0,91,292.4,1.2,0.4,115.6,1.0,292.4,1.2,0.4
2019_13_GB_NYG,GB,240.0,1,240.0,1,3.0,95.0,0,0.0,92,290.0,1.6,0.4,126.8,1.2,290.0,1.6,0.4
2019_14_WAS_GB,GB,170.0,1,170.0,1,1.0,121.0,1,0.0,93,272.2,1.2,0.8,114.8,1.2,272.2,1.2,0.4
2019_15_CHI_GB,GB,334.0,1,334.0,1,2.0,96.0,0,0.0,94,252.8,1.0,1.0,121.4,1.2,252.8,1.0,0.2
2019_16_GB_MIN,GB,122.0,1,122.0,1,1.0,57.0,0,0.0,95,260.8,1.2,1.4,108.8,0.8,260.8,1.2,0.2
2019_17_GB_DET,GB,141.0,1,141.0,1,1.0,171.0,1,0.0,96,223.8,1.2,1.4,96.2,0.6,223.8,1.2,0.0
2020_01_GB_MIN,GB,259.0,2,259.0,2,1.0,134.0,2,0.0,97,201.4,1.0,1.6,108.0,0.4,201.4,1.0,0.0
2020_02_DET_GB,GB,244.0,2,244.0,2,1.0,89.0,1,0.0,98,205.2,1.2,1.2,115.8,0.8,205.2,1.2,0.0
2020_03_GB_NO,GB,288.0,3,288.0,3,0.0,122.0,0,1.0,99,220.0,1.4,1.2,109.4,0.8,220.0,1.4,0.0
2020_04_ATL_GB,GB,285.0,0,285.0,0,0.0,78.0,2,0.0,100,210.8,1.8,0.8,114.6,0.8,210.8,1.8,0.2
2020_06_GB_TB,GB,166.0,2,166.0,2,0.0,158.0,2,0.0,101,243.4,1.6,0.6,118.8,1.2,243.4,1.6,0.2
2020_07_GB_HOU,GB,309.0,2,309.0,2,0.0,79.0,0,1.0,102,248.4,1.8,0.4,116.2,1.4,248.4,1.8,0.2
2020_08_MIN_GB,GB,160.0,1,160.0,1,0.0,173.0,3,0.0,103,258.4,1.8,0.2,105.2,1.0,258.4,1.8,0.4
2020_09_GB_SF,GB,291.0,1,291.0,1,1.0,55.0,1,1.0,104,241.6,1.6,0.0,122.0,1.4,241.6,1.6,0.4
2020_10_JAX_GB,GB,169.0,1,169.0,1,1.0,109.0,0,0.0,105,242.2,1.2,0.2,108.6,1.6,242.2,1.2,0.4
2020_11_GB_IND,GB,288.0,3,288.0,3,1.0,140.0,0,1.0,106,219.0,1.4,0.4,114.8,1.2,219.0,1.4,0.4
2020_12_CHI_GB,GB,242.0,3,242.0,3,2.0,121.0,0,1.0,107,243.4,1.6,0.6,111.2,0.8,243.4,1.6,0.6
2020_13_PHI_GB,GB,188.0,1,188.0,1,1.0,117.0,0,0.0,108,230.0,1.8,1.0,119.6,0.8,230.0,1.8,0.6
2020_14_GB_DET,GB,273.0,1,273.0,1,0.0,51.0,2,0.0,109,235.6,1.8,1.2,108.4,0.2,235.6,1.8,0.6
2020_15_CAR_GB,GB,258.0,0,258.0,0,0.0,115.0,1,1.0,110,232.0,1.8,1.0,107.6,0.4,232.0,1.8,0.4
2020_16_TEN_GB,GB,121.0,1,121.0,1,2.0,156.0,1,0.0,111,249.8,1.6,0.8,108.8,0.6,249.8,1.6,0.6
2020_17_GB_CHI,GB,252.0,0,252.0,0,1.0,108.0,1,1.0,112,216.4,1.2,1.0,112.0,0.8,216.4,1.2,0.4
2021_01_GB_NO,GB,151.0,5,151.0,5,0.0,171.0,0,0.0,113,218.4,0.6,0.8,109.4,1.0,218.4,0.6,0.4
2021_02_DET_GB,GB,246.0,2,246.0,2,1.0,108.0,0,1.0,114,211.0,1.4,0.6,120.2,1.0,211.0,1.4,0.4
2021_03_GB_SF,GB,257.0,2,257.0,2,1.0,67.0,2,1.0,115,205.6,1.6,0.8,131.6,0.6,205.6,1.6,0.6
2021_04_PIT_GB,GB,232.0,1,232.0,1,1.0,62.0,1,1.0,116,205.4,2.0,1.0,122.0,0.8,205.4,2.0,0.6
2021_05_GB_CIN,GB,281.0,2,281.0,2,2.0,103.0,1,0.0,117,227.6,2.0,0.8,103.2,0.8,227.6,2.0,0.8
2021_06_GB_CHI,GB,174.0,1,174.0,1,1.0,140.0,1,0.0,118,233.4,2.4,1.0,102.2,0.8,233.4,2.4,0.6
2021_07_WAS_GB,GB,268.0,1,268.0,1,1.0,195.0,0,1.0,119,238.0,1.6,1.2,96.0,1.0,238.0,1.6,0.6
2021_08_GB_ARI,GB,274.0,0,274.0,0,2.0,74.0,3,0.0,120,242.4,1.4,1.2,113.4,1.0,242.4,1.4,0.6
2021_09_GB_KC,GB,166.0,1,166.0,1,0.0,77.0,0,0.0,121,245.8,1.0,1.4,114.8,1.2,245.8,1.0,0.4
2021_10_SEA_GB,GB,161.0,0,161.0,0,2.0,75.0,0,0.0,122,232.6,1.0,1.2,117.8,1.0,232.6,1.0,0.2
2021_11_GB_MIN,GB,341.0,3,341.0,3,0.0,90.0,1,0.0,123,208.6,0.6,1.2,112.2,0.8,208.6,0.6,0.2
2021_12_LA_GB,GB,302.0,3,302.0,3,1.0,68.0,0,1.0,124,242.0,1.0,1.0,102.2,0.8,242.0,1.0,0.2
2021_14_CHI_GB,GB,224.0,2,224.0,2,2.0,137.0,0,1.0,125,248.8,1.4,1.0,76.8,0.8,248.8,1.4,0.2
2021_15_GB_BAL,GB,215.0,2,215.0,2,0.0,143.0,2,0.0,126,238.8,1.8,1.0,89.4,0.2,238.8,1.8,0.4
2021_16_CLE_GB,GB,222.0,2,222.0,2,4.0,219.0,1,0.0,127,248.6,2.0,1.0,102.6,0.6,248.6,2.0,0.4
2021_17_MIN_GB,GB,194.0,1,194.0,1,0.0,27.0,0,0.0,128,260.8,2.4,1.4,131.4,0.8,260.8,2.4,0.4
2021_18_GB_DET,GB,313.0,3,313.0,3,0.0,99.0,1,0.0,129,231.4,2.0,1.4,118.8,0.6,231.4,2.0,0.4
2022_01_GB_MIN,GB,277.0,2,277.0,2,0.0,126.0,0,0.0,130,233.6,2.0,1.2,125.0,0.8,233.6,2.0,0.2
2022_02_CHI_GB,GB,70.0,0,70.0,0,1.0,180.0,1,0.0,131,244.2,2.0,0.8,122.8,0.8,244.2,2.0,0.0
2022_03_GB_TB,GB,271.0,1,271.0,1,0.0,34.0,0,2.0,132,215.2,1.6,1.0,130.2,0.6,215.2,1.6,0.0
2022_04_NE_GB,GB,136.0,1,136.0,1,0.0,167.0,1,1.0,133,225.0,1.4,0.2,93.2,0.4,225.0,1.4,0.4
2022_05_NYG_GB,GB,217.0,0,217.0,0,0.0,125.0,3,0.0,134,213.4,1.4,0.2,121.2,0.6,213.4,1.4,0.6
2022_06_NYJ_GB,GB,110.0,0,110.0,0,0.0,179.0,2,0.0,135,194.2,0.8,0.2,126.4,1.0,194.2,0.8,0.6
2022_07_GB_WAS,GB,201.0,2,201.0,2,1.0,166.0,0,0.0,136,160.8,0.4,0.2,137.0,1.4,160.8,0.4,0.6
2022_08_GB_BUF,GB,218.0,2,218.0,2,2.0,153.0,1,0.0,137,187.0,0.8,0.2,134.2,1.2,187.0,0.8,0.6
2022_09_GB_DET,GB,137.0,2,137.0,2,1.0,117.0,0,0.0,138,176.4,1.0,0.6,158.0,1.4,176.4,1.0,0.2
2022_10_DAL_GB,GB,265.0,3,265.0,3,2.0,159.0,1,0.0,139,176.6,1.2,0.8,148.0,1.2,176.6,1.2,0.0
2022_11_TEN_GB,GB,337.0,3,337.0,3,1.0,88.0,1,0.0,140,186.2,1.8,1.2,154.8,0.8,186.2,1.8,0.0
2022_12_GB_PHI,GB,153.0,2,153.0,2,0.0,363.0,3,1.0,141,231.6,2.4,1.4,136.6,0.6,231.6,2.4,0.0
2022_13_GB_CHI,GB,254.0,0,254.0,0,2.0,155.0,2,1.0,142,222.0,2.4,1.2,176.0,1.2,222.0,2.4,0.2
2022_15_LA_GB,GB,111.0,1,111.0,1,1.0,72.0,0,0.0,143,229.2,2.0,1.2,176.4,1.4,229.2,2.0,0.4
2022_16_GB_MIA,GB,310.0,1,310.0,1,3.0,82.0,1,1.0,144,224.0,1.8,1.2,167.4,1.4,224.0,1.8,0.4
2022_17_MIN_GB,GB,262.0,2,262.0,2,3.0,102.0,0,1.0,145,233.0,1.4,1.4,152.0,1.4,233.0,1.4,0.6
2022_18_DET_GB,GB,224.0,0,224.0,0,0.0,104.0,2,0.0,146,218.0,1.2,1.8,154.8,1.2,218.0,1.2,0.8
2023_01_GB_CHI,GB,216.0,1,216.0,1,1.0,122.0,1,1.0,147,232.2,0.8,1.8,103.0,1.0,232.2,0.8,0.6
2023_02_GB_ATL,GB,237.0,1,237.0,1,1.0,211.0,1,0.0,148,224.6,1.0,1.6,96.4,0.8,224.6,1.0,0.6
2023_03_NO_GB,GB,204.0,1,204.0,1,0.0,77.0,0,0.0,149,249.8,1.0,1.6,124.2,1.0,249.8,1.0,0.6
2023_04_DET_GB,GB,210.0,1,210.0,1,1.0,211.0,3,0.0,150,228.6,1.0,1.0,123.2,0.8,228.6,1.0,0.4
2023_05_GB_LV,GB,208.0,1,208.0,1,1.0,96.0,1,0.0,151,218.2,0.8,0.6,145.0,1.4,218.2,0.8,0.2
2023_07_GB_DEN,GB,194.0,1,194.0,1,0.0,145.0,0,0.0,152,215.0,1.0,0.8,143.4,1.2,215.0,1.0,0.2
2023_08_MIN_GB,GB,297.0,2,297.0,2,0.0,62.0,1,1.0,153,210.6,1.0,0.6,148.0,1.0,210.6,1.0,0.0
2023_09_LA_GB,GB,130.0,0,130.0,0,1.0,68.0,0,0.0,154,222.6,1.2,0.4,118.2,1.0,222.6,1.2,0.2
2023_10_GB_PIT,GB,126.0,0,126.0,0,0.0,205.0,2,0.0,155,207.8,1.0,0.6,116.4,1.0,207.8,1.0,0.2
2023_11_LAC_GB,GB,260.0,2,260.0,2,0.0,150.0,0,1.0,156,191.0,0.8,0.4,115.2,0.8,191.0,0.8,0.2
2023_12_GB_DET,GB,332.0,2,332.0,2,0.0,140.0,1,3.0,157,201.4,1.0,0.2,126.0,0.6,201.4,1.0,0.4
2023_13_KC_GB,GB,210.0,1,210.0,1,1.0,148.0,1,0.0,158,229.0,1.2,0.2,125.0,0.8,229.0,1.2,1.0
2023_14_GB_NYG,GB,158.0,1,158.0,1,0.0,209.0,2,1.0,159,211.6,1.0,0.4,142.2,0.8,211.6,1.0,0.8
2023_15_TB_GB,GB,381.0,4,381.0,4,0.0,99.0,0,1.0,160,217.2,1.2,0.2,170.4,1.2,217.2,1.2,1.0
2023_16_GB_CAR,GB,312.0,2,312.0,2,0.0,96.0,2,0.0,161,268.2,2.0,0.2,149.2,0.8,268.2,2.0,1.2
2023_17_GB_MIN,GB,180.0,1,180.0,1,1.0,67.0,0,1.0,162,278.6,2.0,0.2,138.4,1.2,278.6,2.0,1.0
2023_18_CHI_GB,GB,148.0,0,148.0,0,0.0,75.0,0,0.0,163,248.2,1.8,0.4,123.8,1.0,248.2,1.8,0.6
2024_01_GB_PHI,GB,278.0,2,278.0,2,2.0,144.0,2,1.0,164,235.8,1.6,0.2,109.2,0.8,235.8,1.6,0.6
2024_02_IND_GB,GB,204.0,1,204.0,1,3.0,140.0,0,0.0,165,259.8,1.8,0.6,96.2,0.8,259.8,1.8,0.6
2024_03_GB_TEN,GB,260.0,2,260.0,2,2.0,33.0,0,1.0,166,224.4,1.2,1.2,104.4,0.8,224.4,1.2,0.4
2024_04_MIN_GB,GB,275.0,3,275.0,3,1.0,120.0,1,1.0,167,214.0,1.2,1.6,91.8,0.4,214.0,1.2,0.6
2024_05_GB_LA,GB,260.0,1,260.0,1,1.0,134.0,1,1.0,168,233.0,1.6,1.6,102.4,0.6,233.0,1.6,0.6
2024_06_ARI_GB,GB,214.0,1,214.0,1,0.0,89.0,0,3.0,169,255.4,1.8,1.8,114.2,0.8,255.4,1.8,0.8
2024_07_HOU_GB,GB,86.0,0,86.0,0,0.0,142.0,2,0.0,170,242.6,1.6,1.4,103.2,0.4,242.6,1.6,1.2
2024_08_GB_JAX,GB,308.0,2,308.0,2,1.0,91.0,1,1.0,171,219.0,1.4,0.8,103.6,0.8,219.0,1.4,1.2
2024_09_DET_GB,GB,145.0,1,145.0,1,0.0,124.0,1,0.0,172,228.6,1.4,0.6,115.2,1.0,228.6,1.4,1.2
2024_11_GB_CHI,GB,231.0,0,231.0,0,0.0,179.0,2,0.0,173,202.6,1.0,0.4,116.0,1.0,202.6,1.0,1.0
2024_12_SF_GB,GB,199.0,1,199.0,1,1.0,44.0,0,2.0,174,196.8,0.8,0.2,125.0,1.2,196.8,0.8,0.8
2024_13_MIA_GB,GB,365.0,2,365.0,2,0.0,39.0,0,0.0,175,193.8,0.8,0.4,116.0,1.2,193.8,0.8,0.6
2024_14_GB_DET,GB,283.0,3,283.0,3,1.0,111.0,1,0.0,176,249.6,1.2,0.4,95.4,0.8,249.6,1.2,0.6
2024_15_GB_SEA,GB,173.0,0,173.0,0,2.0,80.0,1,0.0,177,244.6,1.4,0.4,99.4,0.8,244.6,1.4,0.4
2024_16_NO_GB,GB,153.0,0,153.0,0,1.0,67.0,0,1.0,178,250.2,1.2,0.8,90.6,0.8,250.2,1.2,0.4
2024_17_GB_MIN,GB,377.0,3,377.0,3,1.0,69.0,0,0.0,179,234.6,1.2,1.0,68.2,0.4,234.6,1.2,0.6
2024_18_CHI_GB,GB,148.0,1,148.0,1,1.0,83.0,1,1.0,180,270.2,1.6,1.0,73.2,0.4,270.2,1.6,0.2
2014_01_WAS_HOU,HOU,267.0,0,267.0,0,0.0,131.0,1,2.0,1,,,,,,,,
2014_02_HOU_OAK,HOU,263.0,1,263.0,1,2.0,101.0,1,1.0,2,267.0,0.0,0.0,131.0,1.0,267.0,0.0,2.0
2014_03_HOU_NYG,HOU,234.0,2,234.0,2,0.0,193.0,1,1.0,3,265.0,0.5,1.0,116.0,1.0,265.0,0.5,1.5
2014_04_BUF_HOU,HOU,225.0,2,225.0,2,2.0,96.0,0,0.0,4,254.66666666666666,1.0,0.6666666666666666,141.66666666666666,1.0,254.66666666666666,1.0,1.3333333333333333
2014_05_HOU_DAL,HOU,324.0,2,324.0,2,1.0,140.0,0,1.0,5,247.25,1.25,1.0,130.25,0.75,247.25,1.25,1.0
2014_06_IND_HOU,HOU,370.0,3,370.0,3,1.0,93.0,1,1.0,6,262.6,1.4,1.0,132.2,0.6,262.6,1.4,1.0
2014_07_HOU_PIT,HOU,268.0,3,268.0,3,0.0,76.0,0,1.0,7,283.2,2.0,1.2,124.6,0.6,283.2,2.0,0.8
2014_08_HOU_TEN,HOU,299.0,2,299.0,2,1.0,36.0,0,1.0,8,284.2,2.4,0.8,119.6,0.4,284.2,2.4,0.8
2014_09_PHI_HOU,HOU,326.0,3,326.0,3,3.0,190.0,1,0.0,9,297.2,2.4,1.0,88.2,0.2,297.2,2.4,0.8
2014_11_HOU_CLE,HOU,330.0,1,330.0,1,1.0,65.0,0,1.0,10,317.4,2.6,1.2,107.0,0.4,317.4,2.6,0.8
2014_12_CIN_HOU,HOU,233.0,1,233.0,1,1.0,139.0,1,0.0,11,318.6,2.4,1.2,92.0,0.4,318.6,2.4,0.8
2014_13_TEN_HOU,HOU,275.0,2,275.0,2,3.0,83.0,0,1.0,12,291.2,2.0,1.2,101.2,0.4,291.2,2.0,0.6
2014_14_HOU_JAX,HOU,205.0,1,205.0,1,1.0,74.0,0,0.0,13,292.6,1.8,1.8,102.6,0.4,292.6,1.8,0.6
2014_15_HOU_IND,HOU,187.0,2,187.0,2,1.0,110.0,0,1.0,14,273.8,1.6,1.8,110.2,0.4,273.8,1.6,0.4
2014_16_BAL_HOU,HOU,195.0,2,195.0,2,3.0,33.0,0,0.0,15,246.0,1.4,1.4,94.2,0.2,246.0,1.4,0.6
2014_17_JAX_HOU,HOU,140.0,1,140.0,1,0.0,121.0,0,0.0,16,219.0,1.6,1.8,87.8,0.2,219.0,1.6,0.4
2015_01_KC_HOU,HOU,243.0,3,243.0,3,0.0,97.0,0,0.0,17,200.4,1.6,1.6,84.2,0.0,200.4,1.6,0.4
2015_02_HOU_CAR,HOU,195.0,2,195.0,2,1.0,172.0,1,0.0,18,194.0,1.8,1.0,87.0,0.0,194.0,1.8,0.2
2015_03_TB_HOU,HOU,261.0,1,261.0,1,1.0,57.0,0,0.0,19,192.0,2.0,1.0,106.6,0.2,192.0,2.0,0.2
2015_04_HOU_ATL,HOU,256.0,1,256.0,1,0.0,135.0,4,0.0,20,206.8,1.8,1.0,96.0,0.2,206.8,1.8,0.0
2015_05_IND_HOU,HOU,213.0,2,213.0,2,0.0,110.0,1,0.0,21,219.0,1.6,0.4,116.4,1.0,219.0,1.6,0.0
2015_06_HOU_JAX,HOU,331.0,3,331.0,3,3.0,83.0,0,0.0,22,233.6,1.8,0.4,114.2,1.2,233.6,1.8,0.0
2015_07_HOU_MIA,HOU,296.0,4,296.0,4,0.0,248.0,1,1.0,23,251.2,1.8,1.0,111.4,1.2,251.2,1.8,0.0
2015_08_TEN_HOU,HOU,171.0,0,171.0,0,1.0,86.0,0,1.0,24,271.4,2.2,0.8,126.6,1.2,271.4,2.2,0.2
2015_10_HOU_CIN,HOU,197.0,0,197.0,0,1.0,74.0,0,1.0,25,253.4,2.0,0.8,132.4,1.2,253.4,2.0,0.4
2015_11_NYJ_HOU,HOU,216.0,1,216.0,1,2.0,70.0,1,0.0,26,241.6,1.8,1.0,120.2,0.4,241.6,1.8,0.6
2015_12_NO_HOU,HOU,228.0,0,228.0,0,1.0,50.0,0,0.0,27,242.2,1.6,1.4,112.2,0.4,242.2,1.6,0.6
2015_13_HOU_BUF,HOU,211.0,3,211.0,3,0.0,187.0,1,0.0,28,221.6,1.0,1.0,105.6,0.4,221.6,1.0,0.6
2015_14_NE_HOU,HOU,226.0,2,226.0,2,0.0,116.0,1,0.0,29,204.6,0.8,1.0,93.4,0.4,204.6,0.8,0.4
2015_15_HOU_IND,HOU,160.0,1,160.0,1,1.0,50.0,0,1.0,30,215.6,1.2,0.8,99.4,0.6,215.6,1.2,0.2
2015_16_HOU_TEN,HOU,234.0,1,234.0,1,1.0,30.0,0,2.0,31,208.2,1.4,0.8,94.6,0.6,208.2,1.4,0.2
2015_17_JAX_HOU,HOU,239.0,0,239.0,0,2.0,32.0,0,2.0,32,211.8,1.4,0.6,86.6,0.4,211.8,1.4,0.6
2016_01_CHI_HOU,HOU,216.0,1,216.0,1,1.0,73.0,1,0.0,33,214.0,1.4,0.8,83.0,0.4,214.0,1.4,1.0
2016_02_KC_HOU,HOU,186.0,0,186.0,0,0.0,119.0,0,3.0,34,215.0,1.0,1.0,60.2,0.4,215.0,1.0,1.0
2016_03_HOU_NE,HOU,103.0,0,103.0,0,0.0,185.0,3,0.0,35,207.0,0.6,1.0,60.8,0.2,207.0,0.6,1.6
2016_04_TEN_HOU,HOU,202.0,0,202.0,0,1.0,124.0,2,0.0,36,195.6,0.4,0.8,87.8,0.8,195.6,0.4,1.4
2016_05_HOU_MIN,HOU,271.0,2,271.0,2,0.0,96.0,1,0.0,37,189.2,0.2,0.8,106.6,1.2,189.2,0.2,1.0
2016_06_IND_HOU,HOU,252.0,1,252.0,1,1.0,161.0,1,0.0,38,195.6,0.6,0.4,119.4,1.4,195.6,0.6,0.6
2016_07_HOU_DEN,HOU,157.0,1,157.0,1,0.0,190.0,2,0.0,39,202.8,0.6,0.4,137.0,1.4,202.8,0.6,0.6
2016_08_DET_HOU,HOU,240.0,1,240.0,1,0.0,58.0,0,0.0,40,197.0,0.8,0.4,151.2,1.8,197.0,0.8,0.0
2016_10_HOU_JAX,HOU,265.0,2,265.0,2,1.0,80.0,0,1.0,41,224.4,1.0,0.4,125.8,1.2,224.4,1.0,0.0
2016_11_HOU_OAK,HOU,295.0,3,295.0,3,1.0,30.0,0,0.0,42,237.0,1.4,0.4,117.0,0.8,237.0,1.4,0.2
2016_12_SD_HOU,HOU,242.0,3,242.0,3,1.0,67.0,0,0.0,43,241.8,1.6,0.6,103.8,0.6,241.8,1.6,0.2
2016_13_HOU_GB,HOU,209.0,2,209.0,2,0.0,109.0,1,1.0,44,239.8,2.0,0.6,85.0,0.4,239.8,2.0,0.2
2016_14_HOU_IND,HOU,276.0,2,276.0,2,2.0,83.0,0,1.0,45,250.2,2.2,0.6,68.8,0.2,250.2,2.2,0.4
2016_15_JAX_HOU,HOU,92.0,0,92.0,0,1.0,67.0,1,0.0,46,257.4,2.4,1.0,73.8,0.2,257.4,2.4,0.6
2016_16_CIN_HOU,HOU,268.0,1,268.0,1,1.0,50.0,0,0.0,47,222.8,2.0,1.0,71.2,0.4,222.8,2.0,0.4
2016_17_HOU_TEN,HOU,150.0,1,150.0,1,1.0,103.0,1,0.0,48,217.4,1.6,1.0,75.2,0.4,217.4,1.6,0.4
2017_01_JAX_HOU,HOU,125.0,1,125.0,1,0.0,155.0,1,0.0,49,199.0,1.2,1.0,82.4,0.6,199.0,1.2,0.4
2017_02_HOU_CIN,HOU,216.0,0,224.0,0,0.0,82.0,0,1.0,50,182.2,1.0,1.0,91.6,0.6,182.2,1.0,0.2
2017_03_HOU_NE,HOU,378.0,5,378.0,5,0.0,59.0,0,1.0,51,171.8,0.6,0.6,91.4,0.6,170.2,0.6,0.2
2017_04_TEN_HOU,HOU,117.0,0,117.0,0,4.0,86.0,2,1.0,52,229.0,1.6,0.4,89.8,0.4,227.4,1.6,0.4
2017_05_KC_HOU,HOU,324.0,3,324.0,3,0.0,127.0,0,0.0,53,198.8,1.4,1.0,97.0,0.8,197.2,1.4,0.6
2017_06_CLE_HOU,HOU,140.0,1,140.0,1,3.0,134.0,0,0.0,54,233.6,1.8,0.8,101.8,0.6,232.0,1.8,0.6
2017_08_HOU_SEA,HOU,452.0,4,452.0,4,1.0,33.0,0,0.0,55,236.6,1.8,1.4,97.6,0.4,235.0,1.8,0.6
2017_09_IND_HOU,HOU,308.0,2,308.0,2,0.0,92.0,0,1.0,56,282.2,2.6,1.6,87.8,0.4,282.2,2.6,0.4
2017_10_HOU_LA,HOU,361.0,3,361.0,3,0.0,104.0,0,0.0,57,268.2,2.0,1.6,94.4,0.4,268.2,2.0,0.4
2017_11_ARI_HOU,HOU,257.0,3,257.0,3,2.0,48.0,0,0.0,58,317.0,2.6,0.8,98.0,0.0,317.0,2.6,0.2
2017_12_HOU_BAL,HOU,163.0,0,163.0,0,0.0,139.0,2,0.0,59,303.6,2.6,1.2,82.2,0.0,303.6,2.6,0.2
2017_13_HOU_TEN,HOU,150.0,1,150.0,1,0.0,198.0,2,0.0,60,308.2,2.4,0.6,83.2,0.4,308.2,2.4,0.2
2017_14_SF_HOU,HOU,334.0,1,334.0,1,1.0,102.0,1,0.0,61,247.8,1.8,0.4,116.2,0.8,247.8,1.8,0.2
2017_15_HOU_JAX,HOU,326.0,3,326.0,3,0.0,138.0,3,0.0,62,253.0,1.6,0.6,118.2,1.0,253.0,1.6,0.0
2017_16_PIT_HOU,HOU,226.0,2,226.0,2,0.0,104.0,2,0.0,63,246.0,1.6,0.6,125.0,1.6,246.0,1.6,0.0
2017_17_HOU_IND,HOU,114.0,1,114.0,1,0.0,146.0,1,0.0,64,239.8,1.4,0.2,136.2,2.0,239.8,1.4,0.0
2018_01_HOU_NE,HOU,277.0,3,277.0,3,1.0,122.0,0,1.0,65,230.0,1.6,0.2,137.6,1.8,230.0,1.6,0.0
2018_02_HOU_TEN,HOU,191.0,2,191.0,2,0.0,100.0,0,0.0,66,255.4,2.0,0.4,122.4,1.4,255.4,2.0,0.2
2018_03_NYG_HOU,HOU,297.0,2,297.0,2,0.0,114.0,1,0.0,67,226.8,2.2,0.2,122.0,1.2,226.8,2.2,0.2
2018_04_HOU_IND,HOU,464.0,4,464.0,4,0.0,41.0,0,1.0,68,221.0,2.0,0.2,117.2,0.8,221.0,2.0,0.2
2018_05_DAL_HOU,HOU,208.0,1,208.0,1,2.0,98.0,0,0.0,69,268.6,2.4,0.2,104.6,0.4,268.6,2.4,0.4
2018_06_BUF_HOU,HOU,145.0,1,145.0,1,2.0,100.0,0,0.0,70,287.4,2.4,0.6,95.0,0.2,287.4,2.4,0.4
2018_07_HOU_JAX,HOU,217.0,1,217.0,1,1.0,70.0,0,2.0,71,261.0,2.0,0.8,90.6,0.2,261.0,2.0,0.2
2018_08_MIA_HOU,HOU,269.0,1,269.0,1,1.0,116.0,1,0.0,72,266.2,1.8,1.0,84.6,0.2,266.2,1.8,0.6
2018_09_HOU_DEN,HOU,290.0,1,290.0,1,0.0,75.0,1,1.0,73,260.6,1.6,1.2,85.0,0.2,260.6,1.6,0.6
2018_11_HOU_WAS,HOU,189.0,1,189.0,1,2.0,124.0,2,0.0,74,225.8,1.0,1.2,91.8,0.4,225.8,1.0,0.6
2018_12_TEN_HOU,HOU,303.0,2,303.0,2,0.0,105.0,0,1.0,75,222.0,1.0,1.2,97.0,0.8,222.0,1.0,0.6
2018_13_CLE_HOU,HOU,397.0,1,397.0,1,3.0,31.0,1,1.0,76,253.6,1.2,0.8,98.0,0.8,253.6,1.2,0.8
2018_14_IND_HOU,HOU,399.0,2,399.0,2,1.0,50.0,1,0.0,77,289.6,1.2,1.2,90.2,1.0,289.6,1.2,0.6
2018_15_HOU_NYJ,HOU,253.0,2,253.0,2,0.0,90.0,1,1.0,78,315.6,1.4,1.2,77.0,1.0,315.6,1.4,0.6
2018_16_HOU_PHI,HOU,471.0,4,471.0,4,1.0,57.0,0,2.0,79,308.2,1.6,1.2,80.0,1.0,308.2,1.6,0.6
2018_17_JAX_HOU,HOU,107.0,0,107.0,0,1.0,30.0,0,0.0,80,364.6,2.2,1.0,66.6,0.6,364.6,2.2,1.0
2019_01_HOU_NO,HOU,370.0,2,370.0,2,1.0,148.0,1,0.0,81,325.4,1.8,1.2,51.6,0.6,325.4,1.8,0.8
2019_02_JAX_HOU,HOU,213.0,1,213.0,1,0.0,103.0,0,1.0,82,320.0,2.0,0.8,75.0,0.6,320.0,2.0,0.6
2019_03_HOU_LAC,HOU,318.0,2,318.0,2,0.0,73.0,0,1.0,83,282.8,1.8,0.6,85.6,0.4,282.8,1.8,0.8
2019_04_CAR_HOU,HOU,232.0,0,232.0,0,0.0,94.0,1,3.0,84,295.8,1.8,0.6,82.2,0.2,295.8,1.8,0.8
2019_05_ATL_HOU,HOU,330.0,3,330.0,3,1.0,57.0,1,0.0,85,248.0,1.0,0.4,89.6,0.4,248.0,1.0,1.0
2019_06_HOU_KC,HOU,273.0,3,273.0,3,1.0,53.0,0,1.0,86,292.6,1.6,0.4,95.0,0.6,292.6,1.6,1.0
2019_07_HOU_IND,HOU,326.0,4,326.0,4,0.0,62.0,0,1.0,87,273.2,1.8,0.4,76.0,0.4,273.2,1.8,1.2
2019_08_OAK_HOU,HOU,285.0,3,285.0,3,0.0,93.0,0,0.0,88,295.8,2.4,0.4,67.8,0.4,295.8,2.4,1.2
2019_09_HOU_JAX,HOU,309.0,0,309.0,0,2.0,74.0,0,2.0,89,289.2,2.6,0.4,71.8,0.4,289.2,2.6,1.0
2019_11_HOU_BAL,HOU,235.0,4,235.0,4,0.0,256.0,1,0.0,90,304.6,2.6,0.8,67.8,0.2,304.6,2.6,0.8
2019_12_IND_HOU,HOU,129.0,0,129.0,0,0.0,175.0,2,0.0,91,285.6,2.8,0.6,107.6,0.2,285.6,2.8,0.8
2019_13_NE_HOU,HOU,326.0,3,326.0,3,1.0,145.0,0,0.0,92,256.8,2.2,0.4,132.0,0.6,256.8,2.2,0.6
2019_14_DEN_HOU,HOU,309.0,3,309.0,3,1.0,90.0,1,0.0,93,256.8,2.0,0.6,148.6,0.6,256.8,2.0,0.4
2019_15_HOU_TEN,HOU,279.0,2,279.0,2,1.0,163.0,1,0.0,94,261.6,2.0,0.8,148.0,0.8,261.6,2.0,0.4
2019_16_HOU_TB,HOU,335.0,1,335.0,1,4.0,106.0,1,1.0,95,255.6,2.4,0.6,165.8,1.0,255.6,2.4,0.0
2019_17_TEN_HOU,HOU,222.0,2,222.0,2,0.0,245.0,3,0.0,96,275.6,1.8,1.4,135.8,1.0,275.6,1.8,0.2
2020_01_HOU_KC,HOU,211.0,3,211.0,3,0.0,166.0,1,0.0,97,294.2,2.2,1.4,149.8,1.2,294.2,2.2,0.2
2020_02_BAL_HOU,HOU,204.0,1,204.0,1,0.0,230.0,1,0.0,98,271.2,2.2,1.2,154.0,1.4,271.2,2.2,0.2
2020_03_HOU_PIT,HOU,237.0,2,237.0,2,0.0,169.0,1,0.0,99,250.2,1.8,1.0,182.0,1.4,250.2,1.8,0.2
2020_04_MIN_HOU,HOU,260.0,1,260.0,1,0.0,162.0,3,0.0,100,241.8,1.8,0.8,183.2,1.4,241.8,1.8,0.2
2020_05_JAX_HOU,HOU,301.0,2,301.0,2,0.0,75.0,0,2.0,101,226.8,1.8,0.0,194.4,1.8,226.8,1.8,0.0
2020_06_HOU_TEN,HOU,366.0,4,366.0,4,1.0,263.0,2,1.0,102,242.6,1.8,0.0,160.4,1.2,242.6,1.8,0.4
2020_07_GB_HOU,HOU,283.0,4,283.0,4,0.0,96.0,1,0.0,103,273.6,2.0,0.2,179.8,1.4,273.6,2.0,0.6
2020_09_HOU_JAX,HOU,304.0,1,304.0,1,1.0,115.0,2,0.0,104,289.4,2.6,0.2,153.0,1.4,289.4,2.6,0.6
2020_10_HOU_CLE,HOU,132.0,0,132.0,0,0.0,231.0,1,0.0,105,302.8,2.4,0.4,142.2,1.6,302.8,2.4,0.6
2020_11_NE_HOU,HOU,365.0,1,365.0,1,0.0,86.0,1,0.0,106,277.2,2.2,0.4,156.0,1.2,277.2,2.2,0.6
2020_12_HOU_DET,HOU,295.0,1,295.0,1,1.0,109.0,2,2.0,107,290.0,2.0,0.4,158.2,1.4,290.0,2.0,0.2
2020_13_IND_HOU,HOU,285.0,2,285.0,2,0.0,109.0,1,0.0,108,275.8,1.4,0.4,127.4,1.4,275.8,1.4,0.4
2020_14_HOU_CHI,HOU,267.0,3,267.0,3,0.0,169.0,1,0.0,109,276.2,1.0,0.4,130.0,1.4,276.2,1.0,0.4
2020_15_HOU_IND,HOU,228.0,2,228.0,2,0.0,127.0,1,0.0,110,268.8,1.4,0.2,140.8,1.2,268.8,1.4,0.4
2020_16_CIN_HOU,HOU,371.0,2,371.0,2,0.0,169.0,2,0.0,111,288.0,1.8,0.2,120.0,1.2,288.0,1.8,0.4
2020_17_TEN_HOU,HOU,216.0,1,216.0,1,0.0,288.0,4,1.0,112,289.2,2.0,0.2,136.6,1.4,289.2,2.0,0.4
2021_01_JAX_HOU,HOU,332.0,3,332.0,3,3.0,76.0,0,0.0,113,273.4,2.0,0.0,172.4,1.8,273.4,2.0,0.2
2021_02_HOU_CLE,HOU,213.0,1,213.0,1,1.0,156.0,3,1.0,114,282.8,2.2,0.6,165.8,1.6,282.8,2.2,0.2
2021_03_CAR_HOU,HOU,304.0,0,304.0,0,0.0,117.0,3,0.0,115,272.0,1.8,0.8,163.2,2.0,272.0,1.8,0.4
2021_04_HOU_BUF,HOU,256.0,2,256.0,2,1.0,199.0,2,0.0,116,287.2,1.4,0.8,161.2,2.4,287.2,1.4,0.4
2021_05_NE_HOU,HOU,231.0,1,231.0,1,1.0,126.0,1,1.0,117,264.2,1.4,1.0,167.2,2.4,264.2,1.4,0.4
2021_06_HOU_IND,HOU,223.0,2,223.0,2,0.0,174.0,2,0.0,118,267.2,1.4,1.2,134.8,1.8,267.2,1.4,0.4
2021_07_HOU_ARI,HOU,261.0,3,261.0,3,1.0,172.0,1,0.0,119,245.4,1.2,0.6,154.4,2.2,245.4,1.2,0.4
2021_08_LA_HOU,HOU,310.0,3,310.0,3,0.0,165.0,2,0.0,120,255.0,1.6,0.6,157.6,1.8,255.0,1.6,0.2
2021_09_HOU_MIA,HOU,244.0,1,244.0,1,2.0,47.0,1,2.0,121,256.2,2.2,0.6,167.2,1.6,256.2,2.2,0.2
2021_11_HOU_TEN,HOU,323.0,1,323.0,2,4.0,103.0,0,0.0,122,253.8,2.0,0.8,136.8,1.4,253.8,2.0,0.6
2021_12_NYJ_HOU,HOU,145.0,0,145.0,0,1.0,157.0,2,0.0,123,272.2,2.2,1.4,132.2,1.2,272.2,2.0,0.4
2021_13_IND_HOU,HOU,158.0,1,158.0,1,0.0,238.0,3,1.0,124,256.6,1.8,1.6,128.8,1.2,256.6,1.6,0.4
2021_14_SEA_HOU,HOU,260.0,2,260.0,2,0.0,193.0,2,0.0,125,236.0,1.4,1.4,142.0,1.6,236.0,1.2,0.6
2021_15_HOU_JAX,HOU,210.0,0,210.0,0,0.0,107.0,1,0.0,126,226.0,1.2,1.4,147.6,1.6,226.0,1.0,0.6
2021_16_LAC_HOU,HOU,336.0,1,336.0,1,2.0,89.0,2,1.0,127,219.2,1.0,1.0,159.6,1.6,219.2,0.8,0.2
2021_17_HOU_SF,HOU,249.0,2,249.0,2,1.0,175.0,0,0.0,128,221.8,0.8,0.6,156.8,2.0,221.8,0.8,0.4
2021_18_TEN_HOU,HOU,287.0,4,287.0,4,0.0,124.0,0,0.0,129,242.6,1.2,0.6,160.4,1.6,242.6,1.2,0.4
2022_01_IND_HOU,HOU,352.0,1,352.0,1,1.0,177.0,1,1.0,130,268.4,1.8,0.6,137.6,1.0,268.4,1.8,0.2
2022_02_HOU_DEN,HOU,219.0,1,219.0,1,1.0,149.0,0,0.0,131,286.8,1.6,0.8,134.4,0.8,286.8,1.6,0.4
2022_03_HOU_CHI,HOU,106.0,0,106.0,0,2.0,281.0,2,0.0,132,288.6,1.8,1.0,142.8,0.6,288.6,1.8,0.4
2022_04_LAC_HOU,HOU,340.0,2,340.0,2,0.0,81.0,2,0.0,133,242.6,1.6,1.0,181.2,0.6,242.6,1.6,0.2
2022_05_HOU_JAX,HOU,286.0,0,286.0,0,2.0,136.0,0,0.0,134,260.8,1.6,0.8,162.4,1.0,260.8,1.6,0.2
2022_07_HOU_LV,HOU,241.0,1,241.0,1,0.0,164.0,3,0.0,135,260.6,0.8,1.2,164.8,1.0,260.6,0.8,0.2
2022_08_TEN_HOU,HOU,55.0,0,55.0,0,1.0,314.0,2,0.0,136,238.4,0.8,1.0,162.2,1.4,238.4,0.8,0.0
2022_09_PHI_HOU,HOU,243.0,2,243.0,2,0.0,143.0,2,1.0,137,205.6,0.6,1.0,195.2,1.8,205.6,0.6,0.0
2022_10_HOU_NYG,HOU,197.0,2,197.0,2,0.0,191.0,1,0.0,138,233.0,1.0,0.6,167.6,1.8,233.0,1.0,0.2
2022_11_WAS_HOU,HOU,191.0,0,191.0,0,0.0,153.0,1,0.0,139,204.4,1.0,0.6,189.6,1.6,204.4,1.0,0.2
2022_12_HOU_MIA,HOU,305.0,1,305.0,1,0.0,66.0,1,1.0,140,185.4,1.0,0.2,193.0,1.8,185.4,1.0,0.2
2022_13_CLE_HOU,HOU,131.0,0,131.0,0,1.0,174.0,0,1.0,141,198.2,1.0,0.2,173.4,1.4,198.2,1.0,0.4
2022_14_HOU_DAL,HOU,284.0,1,284.0,1,2.0,127.0,2,0.0,142,213.4,1.0,0.2,145.4,1.0,213.4,1.0,0.6
2022_15_KC_HOU,HOU,336.0,2,336.0,2,0.0,189.0,2,2.0,143,221.6,0.8,0.6,142.2,1.0,221.6,0.8,0.4
2022_16_HOU_TEN,HOU,99.0,0,99.0,0,2.0,184.0,2,1.0,144,249.4,0.8,0.6,141.8,1.2,249.4,0.8,0.8
2022_17_JAX_HOU,HOU,181.0,0,181.0,0,2.0,169.0,3,0.0,145,231.0,0.8,1.0,148.0,1.4,231.0,0.8,1.0
2022_18_HOU_IND,HOU,209.0,2,209.0,2,2.0,196.0,1,0.0,146,206.2,0.6,1.4,168.6,1.8,206.2,0.6,0.8
2023_01_HOU_BAL,HOU,169.0,0,169.0,0,1.0,110.0,3,1.0,147,221.8,1.0,1.6,173.0,2.0,221.8,1.0,0.6
2023_02_IND_HOU,HOU,227.0,1,227.0,1,0.0,126.0,3,0.0,148,198.8,0.8,1.4,169.6,2.2,198.8,0.8,0.8
2023_03_HOU_JAX,HOU,288.0,1,288.0,1,1.0,116.0,1,1.0,149,177.0,0.6,1.4,157.0,2.4,177.0,0.6,0.4
2023_04_PIT_HOU,HOU,132.0,0,132.0,0,1.0,114.0,0,0.0,150,214.8,0.8,1.2,143.4,2.2,214.8,0.8,0.4
2023_05_HOU_ATL,HOU,351.0,1,351.0,1,0.0,96.0,1,2.0,151,205.0,0.8,1.0,132.4,1.6,205.0,0.8,0.4
2023_06_NO_HOU,HOU,357.0,1,357.0,1,1.0,89.0,0,0.0,152,233.4,0.6,0.6,112.4,1.6,233.4,0.6,0.8
2023_08_HOU_CAR,HOU,235.0,1,235.0,1,0.0,44.0,0,0.0,153,271.0,0.8,0.6,108.2,1.0,271.0,0.8,0.6
2023_09_TB_HOU,HOU,268.0,2,265.0,2,0.0,81.0,2,1.0,154,272.6,0.8,0.6,91.8,0.4,272.6,0.8,0.6
2023_10_HOU_CIN,HOU,347.0,2,347.0,2,2.0,66.0,1,0.0,155,268.0,1.0,0.4,84.8,0.6,268.6,1.0,0.6
2023_11_ARI_HOU,HOU,214.0,1,214.0,1,1.0,123.0,1,0.0,156,311.0,1.4,0.6,75.2,0.8,311.6,1.4,0.6
2023_12_JAX_HOU,HOU,364.0,1,364.0,1,1.0,81.0,1,0.0,157,283.6,1.4,0.8,80.6,0.8,284.2,1.4,0.2
2023_13_DEN_HOU,HOU,186.0,1,186.0,1,3.0,118.0,1,0.0,158,285.0,1.4,0.8,79.0,1.0,285.6,1.4,0.2
2023_14_HOU_NYJ,HOU,301.0,2,301.0,2,0.0,79.0,1,1.0,159,275.2,1.4,1.4,93.8,1.2,275.8,1.4,0.2
2023_15_HOU_TEN,HOU,199.0,0,199.0,0,1.0,66.0,1,0.0,160,282.4,1.4,1.4,93.4,1.0,282.4,1.4,0.2
2023_16_CLE_HOU,HOU,374.0,3,374.0,3,2.0,54.0,2,0.0,161,252.8,1.0,1.2,93.4,1.0,252.8,1.0,0.2
2023_17_TEN_HOU,HOU,184.0,0,184.0,0,0.0,53.0,0,1.0,162,284.8,1.4,1.4,79.6,1.2,284.8,1.4,0.2
2023_18_HOU_IND,HOU,141.0,0,141.0,0,0.0,227.0,1,0.0,163,248.8,1.2,1.2,74.0,1.0,248.8,1.2,0.4
2024_01_HOU_IND,HOU,212.0,2,212.0,2,1.0,104.0,2,0.0,164,239.8,1.0,0.6,95.8,1.0,239.8,1.0,0.4
2024_02_CHI_HOU,HOU,174.0,0,174.0,0,2.0,71.0,1,0.0,165,222.0,1.0,0.8,100.8,1.2,222.0,1.0,0.2
2024_03_HOU_MIN,HOU,181.0,4,181.0,4,0.0,118.0,0,0.0,166,217.0,1.0,1.0,101.8,1.2,217.0,1.0,0.2
2024_04_JAX_HOU,HOU,174.0,2,169.0,2,0.0,158.0,0,0.0,167,178.4,1.2,0.6,114.6,0.8,178.4,1.2,0.2
2024_05_BUF_HOU,HOU,131.0,1,131.0,1,0.0,150.0,1,0.0,168,175.4,1.6,0.6,135.6,0.8,176.4,1.6,0.0
2024_06_HOU_NE,HOU,243.0,3,243.0,3,2.0,82.0,0,2.0,169,173.4,1.8,0.6,120.2,0.8,174.4,1.8,0.0
2024_07_HOU_GB,HOU,220.0,3,220.0,3,2.0,82.0,0,0.0,170,179.6,2.0,0.8,115.8,0.4,180.6,2.0,0.4
2024_08_IND_HOU,HOU,175.0,1,175.0,1,1.0,150.0,1,1.0,171,188.8,2.6,0.8,118.0,0.2,189.8,2.6,0.4
2024_09_HOU_NYJ,HOU,211.0,3,211.0,3,0.0,100.0,0,0.0,172,187.6,2.0,1.0,124.4,0.4,188.6,2.0,0.6
2024_10_DET_HOU,HOU,240.0,2,240.0,2,5.0,105.0,1,0.0,173,196.0,2.2,1.0,112.8,0.4,196.0,2.2,0.6
2024_11_HOU_DAL,HOU,358.0,1,358.0,1,1.0,64.0,0,0.0,174,217.8,2.4,2.0,103.8,0.4,217.8,2.4,0.6
2024_12_TEN_HOU,HOU,278.0,2,278.0,2,1.0,132.0,1,1.0,175,240.8,2.0,1.8,100.2,0.4,240.8,2.0,0.2
2024_13_HOU_JAX,HOU,276.0,2,276.0,2,1.0,97.0,0,0.0,176,252.4,1.8,1.6,110.2,0.6,252.4,1.8,0.4
2024_15_MIA_HOU,HOU,196.0,1,196.0,1,3.0,52.0,0,1.0,177,272.6,2.0,1.6,99.6,0.4,272.6,2.0,0.2
2024_16_HOU_KC,HOU,260.0,1,260.0,1,0.0,124.0,2,0.0,178,269.6,1.6,2.2,90.0,0.4,269.6,1.6,0.4
2024_17_BAL_HOU,HOU,184.0,2,184.0,2,0.0,251.0,2,0.0,179,273.6,1.4,1.2,93.8,0.6,273.6,1.4,0.4
2024_18_HOU_TEN,HOU,245.0,1,245.0,1,0.0,85.0,0,1.0,180,238.8,1.6,1.0,131.2,1.0,238.8,1.6,0.4
2014_01_IND_DEN,IND,269.0,3,269.0,3,0.0,102.0,1,0.0,1,,,,,,,,
2014_02_PHI_IND,IND,331.0,1,331.0,1,1.0,127.0,2,0.0,2,269.0,3.0,0.0,102.0,1.0,269.0,3.0,0.0
2014_03_IND_JAX,IND,256.0,2,256.0,2,2.0,105.0,0,1.0,3,300.0,2.0,0.5,114.5,1.5,300.0,2.0,0.0
2014_04_TEN_IND,IND,194.0,1,194.0,1,2.0,85.0,1,1.0,4,285.3333333333333,2.0,1.0,111.33333333333333,1.0,285.3333333333333,2.0,0.3333333333333333
2014_05_BAL_IND,IND,235.0,0,235.0,0,1.0,90.0,1,1.0,5,262.5,1.75,1.25,104.75,1.0,262.5,1.75,0.5
2014_06_IND_HOU,IND,212.0,1,212.0,1,0.0,136.0,2,2.0,6,257.0,1.4,1.2,101.8,1.0,257.0,1.4,0.6
2014_07_CIN_IND,IND,126.0,0,126.0,0,0.0,32.0,0,0.0,7,245.6,1.0,1.2,108.6,1.2,245.6,1.0,1.0
2014_08_IND_PIT,IND,522.0,6,522.0,6,0.0,117.0,0,2.0,8,204.6,0.8,1.0,89.6,0.8,204.6,0.8,1.0
2014_09_IND_NYG,IND,359.0,2,359.0,2,0.0,89.0,1,1.0,9,257.8,1.6,0.6,92.0,0.8,257.8,1.6,1.2
2014_11_NE_IND,IND,257.0,2,257.0,2,2.0,246.0,4,0.0,10,290.8,1.8,0.2,92.8,0.8,290.8,1.8,1.2
2014_12_JAX_IND,IND,146.0,0,146.0,0,1.0,80.0,0,1.0,11,295.2,2.2,0.4,124.0,1.4,295.2,2.2,1.0
2014_13_WAS_IND,IND,392.0,3,392.0,3,0.0,84.0,0,1.0,12,282.0,2.0,0.6,112.8,1.0,282.0,2.0,0.8
2014_14_IND_CLE,IND,136.0,0,136.0,0,2.0,115.0,1,0.0,13,335.2,2.6,0.6,123.2,1.0,335.2,2.6,1.0
2014_15_HOU_IND,IND,157.0,0,157.0,0,1.0,137.0,0,1.0,14,258.0,1.4,1.0,122.8,1.2,258.0,1.4,0.6
2014_16_IND_DAL,IND,261.0,5,261.0,5,0.0,127.0,1,1.0,15,217.6,1.0,1.2,132.4,1.0,217.6,1.0,0.6
2014_17_IND_TEN,IND,79.0,1,79.0,1,0.0,142.0,0,1.0,16,218.4,1.6,0.8,108.6,0.4,218.4,1.6,0.8
2015_01_IND_BUF,IND,195.0,1,195.0,1,0.0,147.0,2,0.0,17,205.0,1.8,0.6,121.0,0.4,205.0,1.8,0.8
2015_02_NYJ_IND,IND,244.0,2,244.0,2,1.0,101.0,0,0.0,18,165.6,1.4,0.6,133.6,0.8,165.6,1.4,0.6
2015_03_IND_TEN,IND,367.0,2,367.0,2,2.0,88.0,2,0.0,19,187.2,1.8,0.4,130.8,0.6,187.2,1.8,0.6
2015_04_JAX_IND,IND,298.0,1,298.0,1,0.0,142.0,0,0.0,20,229.2,2.2,0.6,121.0,1.0,229.2,2.2,0.4
2015_05_IND_HOU,IND,362.0,2,362.0,2,2.0,82.0,0,0.0,21,236.6,1.4,0.6,124.0,0.8,236.6,1.4,0.2
2015_06_NE_IND,IND,312.0,3,312.0,3,1.0,116.0,1,0.0,22,293.2,1.6,1.0,112.0,0.8,293.2,1.6,0.0
2015_07_NO_IND,IND,280.0,1,280.0,1,1.0,183.0,3,0.0,23,316.6,2.0,1.2,105.8,0.6,316.6,2.0,0.0
2015_08_IND_CAR,IND,248.0,2,248.0,2,1.0,140.0,1,2.0,24,323.8,1.8,1.2,122.2,1.2,323.8,1.8,0.0
2015_09_DEN_IND,IND,281.0,2,281.0,2,2.0,35.0,0,0.0,25,300.0,1.8,1.0,132.6,1.0,300.0,1.8,0.4
2015_11_IND_ATL,IND,280.0,3,280.0,3,3.0,100.0,0,1.0,26,296.6,2.0,1.4,111.2,1.0,296.6,2.0,0.4
2015_12_TB_IND,IND,245.0,1,245.0,1,1.0,132.0,0,0.0,27,280.2,2.2,1.6,114.8,1.0,280.2,2.2,0.6
2015_13_IND_PIT,IND,364.0,4,364.0,4,0.0,158.0,0,1.0,28,266.8,1.8,1.6,118.0,0.8,266.8,1.8,0.6
2015_14_IND_JAX,IND,250.0,3,250.0,3,0.0,154.0,2,2.0,29,283.6,2.4,1.4,113.0,0.2,283.6,2.4,0.8
2015_15_HOU_IND,IND,173.0,1,173.0,1,1.0,155.0,0,1.0,30,284.0,2.6,1.2,115.8,0.4,284.0,2.6,0.8
2015_16_IND_MIA,IND,329.0,0,329.0,0,1.0,82.0,1,0.0,31,262.4,2.4,1.0,139.8,0.4,262.4,2.4,1.0
2015_17_TEN_IND,IND,137.0,1,137.0,1,1.0,137.0,2,0.0,32,272.2,1.8,0.6,136.2,0.6,272.2,1.8,0.8
2016_01_DET_IND,IND,340.0,3,340.0,3,0.0,116.0,2,0.0,33,250.6,1.8,0.6,137.2,1.0,250.6,1.8,0.8
2016_02_IND_DEN,IND,266.0,0,266.0,0,1.0,134.0,1,0.0,34,245.8,1.6,0.6,128.8,1.4,245.8,1.6,0.6
2016_03_SD_IND,IND,326.0,0,326.0,0,0.0,37.0,1,3.0,35,249.0,1.0,0.8,124.8,1.2,249.0,1.0,0.2
2016_04_IND_JAX,IND,207.0,2,207.0,2,0.0,136.0,1,0.0,36,279.6,0.8,0.6,101.2,1.4,279.6,0.8,0.6
2016_05_CHI_IND,IND,397.0,2,397.0,2,0.0,125.0,0,1.0,37,255.2,1.2,0.4,112.0,1.4,255.2,1.2,0.6
2016_06_IND_HOU,IND,269.0,2,269.0,2,1.0,158.0,1,0.0,38,307.2,1.4,0.2,109.6,1.0,307.2,1.4,0.8
2016_07_IND_TEN,IND,232.0,2,232.0,2,0.0,124.0,1,1.0,39,293.0,1.2,0.4,118.0,0.8,293.0,1.2,0.8
2016_08_KC_IND,IND,350.0,3,350.0,3,0.0,88.0,0,0.0,40,286.2,1.6,0.2,116.0,0.8,286.2,1.6,1.0
2016_09_IND_GB,IND,297.0,3,297.0,3,1.0,116.0,0,0.0,41,291.0,2.2,0.2,126.2,0.6,291.0,2.2,0.4
2016_11_TEN_IND,IND,290.0,2,290.0,2,0.0,97.0,0,0.0,42,309.0,2.4,0.4,122.2,0.4,309.0,2.4,0.4
2016_12_PIT_IND,IND,221.0,3,221.0,3,0.0,148.0,1,0.0,43,287.6,2.4,0.4,116.6,0.4,287.6,2.4,0.2
2016_13_IND_NYJ,IND,216.0,1,216.0,1,3.0,36.0,0,0.0,44,278.0,2.6,0.2,114.6,0.4,278.0,2.6,0.2
2016_14_HOU_IND,IND,147.0,0,147.0,0,1.0,185.0,1,0.0,45,274.8,2.4,0.8,97.0,0.2,274.8,2.4,0.0
2016_15_IND_MIN,IND,291.0,0,291.0,0,1.0,34.0,0,2.0,46,234.2,1.8,1.0,116.4,0.4,234.2,1.8,0.0
2016_16_IND_OAK,IND,261.0,3,261.0,3,0.0,210.0,2,0.0,47,233.0,1.2,1.0,100.0,0.4,233.0,1.2,0.4
2016_17_JAX_IND,IND,301.0,1,301.0,1,0.0,182.0,1,2.0,48,227.2,1.4,1.0,122.6,0.8,227.2,1.4,0.4
2017_01_IND_LA,IND,318.0,1,318.0,1,0.0,63.0,2,0.0,49,243.2,1.0,1.0,129.4,0.8,243.2,1.0,0.8
2017_02_ARI_IND,IND,332.0,1,332.0,1,1.0,83.0,0,0.0,50,263.6,1.0,0.4,134.8,1.2,263.6,1.0,0.8
2017_03_CLE_IND,IND,242.0,2,242.0,2,3.0,111.0,2,0.0,51,300.6,1.2,0.4,114.4,1.0,300.6,1.2,0.8
2017_04_IND_SEA,IND,295.0,2,295.0,2,2.0,194.0,2,0.0,52,290.8,1.6,0.8,129.8,1.4,290.8,1.6,0.4
2017_05_SF_IND,IND,353.0,2,353.0,2,0.0,66.0,0,0.0,53,297.6,1.4,1.2,126.6,1.4,297.6,1.4,0.4
2017_06_IND_TEN,IND,306.0,1,306.0,1,1.0,168.0,2,0.0,54,308.0,1.6,1.2,103.4,1.2,308.0,1.6,0.0
2017_07_JAX_IND,IND,330.0,1,330.0,1,0.0,188.0,2,2.0,55,305.6,1.6,1.4,124.4,1.2,305.6,1.6,0.0
2017_08_IND_CIN,IND,243.0,2,243.0,2,0.0,58.0,0,1.0,56,305.2,1.6,1.2,145.4,1.6,305.2,1.6,0.4
2017_09_IND_HOU,IND,219.0,1,219.0,1,0.0,94.0,0,1.0,57,305.4,1.6,0.6,134.8,1.2,305.4,1.6,0.6
2017_10_PIT_IND,IND,236.0,2,236.0,2,1.0,88.0,0,0.0,58,290.2,1.4,0.2,114.8,0.8,290.2,1.4,0.8
2017_12_TEN_IND,IND,184.0,1,184.0,1,2.0,92.0,1,0.0,59,266.8,1.4,0.4,119.2,0.8,266.8,1.4,0.8
2017_13_IND_JAX,IND,338.0,2,338.0,2,0.0,96.0,1,0.0,60,242.4,1.4,0.6,104.0,0.6,242.4,1.4,0.8
2017_14_IND_BUF,IND,71.0,1,71.0,1,1.0,227.0,1,1.0,61,244.0,1.6,0.6,85.6,0.4,244.0,1.6,0.4
2017_15_DEN_IND,IND,261.0,2,261.0,2,1.0,211.0,1,0.0,62,209.6,1.4,0.8,119.4,0.6,209.6,1.4,0.4
2017_16_IND_BAL,IND,237.0,2,237.0,2,0.0,103.0,0,0.0,63,218.0,1.6,1.0,142.8,0.8,218.0,1.6,0.2
2017_17_HOU_IND,IND,137.0,0,137.0,0,1.0,85.0,1,0.0,64,218.2,1.6,0.8,145.8,0.8,218.2,1.6,0.2
2018_01_CIN_IND,IND,243.0,2,243.0,2,1.0,101.0,1,1.0,65,208.8,1.4,0.6,144.4,0.8,208.8,1.4,0.2
2018_02_IND_WAS,IND,292.0,0,292.0,0,0.0,65.0,0,1.0,66,189.8,1.4,0.8,145.4,0.8,189.8,1.4,0.4
2018_03_IND_PHI,IND,255.0,1,255.0,1,1.0,152.0,1,1.0,67,234.0,1.2,0.6,113.0,0.6,234.0,1.2,0.4
2018_04_HOU_IND,IND,375.0,2,375.0,2,1.0,119.0,1,0.0,68,232.8,1.0,0.6,101.2,0.6,232.8,1.0,0.6
2018_05_IND_NE,IND,341.0,3,341.0,3,2.0,97.0,2,0.0,69,260.4,1.0,0.8,104.4,0.8,260.4,1.0,0.6
2018_06_IND_NYJ,IND,280.0,2,280.0,2,1.0,107.0,0,1.0,70,301.2,1.6,1.0,106.8,1.0,301.2,1.6,0.6
2018_07_BUF_IND,IND,175.0,0,175.0,0,3.0,135.0,0,2.0,71,308.6,1.6,1.0,108.0,0.8,308.6,1.6,0.6
2018_08_IND_OAK,IND,244.0,3,244.0,3,0.0,103.0,1,1.0,72,285.2,1.6,1.6,122.0,0.8,285.2,1.6,0.8
2018_10_JAX_IND,IND,324.0,2,324.0,2,0.0,91.0,1,1.0,73,283.0,2.0,1.4,112.2,0.8,283.0,2.0,0.8
2018_11_TEN_IND,IND,203.0,1,203.0,1,2.0,87.0,0,0.0,74,272.8,2.0,1.2,106.6,0.8,272.8,2.0,1.0
2018_12_MIA_IND,IND,204.0,2,204.0,2,0.0,113.0,1,1.0,75,245.2,1.6,1.2,104.6,0.4,245.2,1.6,1.0
2018_13_IND_JAX,IND,150.0,0,150.0,0,0.0,79.0,0,1.0,76,230.0,1.6,1.0,105.8,0.6,230.0,1.6,1.0
2018_14_IND_HOU,IND,267.0,1,267.0,1,0.0,89.0,2,0.0,77,225.0,1.6,0.4,94.6,0.6,225.0,1.6,0.8
2018_15_DAL_IND,IND,206.0,0,206.0,0,1.0,112.0,0,0.0,78,229.6,1.2,0.4,91.8,0.8,229.6,1.2,0.6
2018_16_NYG_IND,IND,309.0,1,309.0,1,1.0,83.0,2,0.0,79,206.0,0.8,0.6,96.0,0.6,206.0,0.8,0.4
2018_17_IND_TEN,IND,165.0,1,165.0,1,2.0,93.0,0,0.0,80,227.2,0.8,0.4,95.2,1.0,227.2,0.8,0.4
2019_01_IND_LAC,IND,333.0,3,333.0,3,1.0,125.0,1,0.0,81,219.4,0.6,0.8,91.2,0.8,219.4,0.6,0.2
2019_02_IND_TEN,IND,154.0,1,154.0,1,0.0,124.0,1,0.0,82,256.0,1.2,1.0,100.4,1.0,256.0,1.2,0.0
2019_03_ATL_IND,IND,304.0,3,304.0,3,1.0,93.0,0,0.0,83,233.4,1.2,1.0,107.4,0.8,233.4,1.2,0.0
2019_04_OAK_IND,IND,189.0,2,189.0,2,0.0,188.0,1,1.0,84,253.0,1.8,1.0,103.6,0.8,253.0,1.8,0.0
2019_05_IND_KC,IND,321.0,1,321.0,1,0.0,36.0,0,1.0,85,229.0,2.0,0.8,124.6,0.6,229.0,2.0,0.2
2019_07_HOU_IND,IND,308.0,1,308.0,1,2.0,100.0,1,0.0,86,260.2,2.0,0.4,113.2,0.6,260.2,2.0,0.4
2019_08_DEN_IND,IND,174.0,0,174.0,0,0.0,113.0,1,0.0,87,255.2,1.6,0.6,108.2,0.6,255.2,1.6,0.4
2019_09_IND_PIT,IND,191.0,1,191.0,1,1.0,90.0,0,1.0,88,259.2,1.4,0.6,106.0,0.6,259.2,1.4,0.4
2019_10_MIA_IND,IND,169.0,0,169.0,0,1.0,70.0,1,1.0,89,236.6,1.0,0.6,105.4,0.6,236.6,1.0,0.6
2019_11_JAX_IND,IND,296.0,2,296.0,2,1.0,29.0,0,0.0,90,232.6,0.6,0.8,81.8,0.6,232.6,0.6,0.6
2019_12_IND_HOU,IND,298.0,2,298.0,2,1.0,99.0,0,0.0,91,227.6,0.8,1.0,80.4,0.6,227.6,0.8,0.4
2019_13_TEN_IND,IND,182.0,2,182.0,2,0.0,154.0,1,2.0,92,225.6,1.0,0.8,80.2,0.4,225.6,1.0,0.4
2019_14_IND_TB,IND,474.0,4,474.0,4,3.0,75.0,1,1.0,93,227.2,1.4,0.8,88.4,0.4,227.2,1.4,0.8
2019_15_IND_NO,IND,307.0,4,307.0,4,0.0,117.0,0,0.0,94,283.8,2.0,1.2,85.4,0.6,283.8,2.0,0.8
2019_16_CAR_IND,IND,236.0,0,236.0,0,3.0,87.0,0,0.0,95,311.4,2.8,1.0,94.8,0.4,311.4,2.8,0.6
2019_17_IND_JAX,IND,295.0,3,295.0,3,1.0,67.0,0,0.0,96,299.4,2.4,1.4,106.4,0.4,299.4,2.4,0.6
2020_01_IND_JAX,IND,173.0,3,173.0,3,0.0,91.0,0,0.0,97,298.8,2.6,1.4,100.0,0.4,298.8,2.6,0.6
2020_02_MIN_IND,IND,113.0,0,113.0,0,3.0,80.0,1,0.0,98,297.0,2.8,1.4,87.4,0.2,297.0,2.8,0.2
2020_03_NYJ_IND,IND,168.0,1,168.0,1,3.0,109.0,0,0.0,99,224.8,2.0,1.4,88.4,0.2,224.8,2.0,0.0
2020_04_IND_CHI,IND,249.0,1,249.0,1,1.0,28.0,0,0.0,100,197.0,1.4,2.0,86.8,0.2,197.0,1.4,0.0
2020_05_IND_CLE,IND,265.0,2,265.0,2,2.0,124.0,0,0.0,101,199.6,1.6,1.6,75.0,0.2,199.6,1.6,0.0
2020_06_CIN_IND,IND,313.0,0,313.0,0,1.0,98.0,3,0.0,102,193.6,1.4,1.8,86.4,0.2,193.6,1.4,0.0
2020_08_IND_DET,IND,336.0,3,336.0,3,1.0,29.0,0,1.0,103,221.6,0.8,2.0,87.8,0.8,221.6,0.8,0.0
2020_09_BAL_IND,IND,170.0,0,170.0,0,0.0,110.0,2,1.0,104,266.2,1.4,1.6,77.6,0.6,266.2,1.4,0.2
2020_10_IND_TEN,IND,147.0,1,147.0,1,0.0,157.0,1,0.0,105,266.6,1.2,1.0,77.8,1.0,266.6,1.2,0.4
2020_11_GB_IND,IND,311.0,3,311.0,3,1.0,66.0,1,2.0,106,246.2,1.2,0.8,103.6,1.2,246.2,1.2,0.4
2020_12_TEN_IND,IND,221.0,1,221.0,1,0.0,229.0,4,0.0,107,255.4,1.4,0.6,92.0,1.4,255.4,1.4,0.8
2020_13_IND_HOU,IND,341.0,0,341.0,0,1.0,90.0,2,1.0,108,237.0,1.6,0.4,118.2,1.6,237.0,1.6,0.8
2020_14_IND_LV,IND,345.0,2,345.0,2,2.0,79.0,1,1.0,109,238.0,1.0,0.4,130.4,2.0,238.0,1.0,0.8
2020_15_HOU_IND,IND,373.0,2,373.0,2,0.0,83.0,0,2.0,110,273.0,1.4,0.8,124.2,1.8,273.0,1.4,0.8
2020_16_IND_PIT,IND,341.0,3,341.0,3,0.0,22.0,1,0.0,111,318.2,1.6,0.8,109.4,1.6,318.2,1.6,1.2
2020_17_JAX_IND,IND,261.0,2,261.0,2,0.0,53.0,0,1.0,112,324.2,1.6,0.6,100.6,1.6,324.2,1.6,0.8
2021_01_SEA_IND,IND,254.0,4,254.0,4,0.0,140.0,0,1.0,113,332.2,1.8,0.6,65.4,0.8,332.2,1.8,1.0
2021_02_LA_IND,IND,278.0,2,278.0,2,1.0,101.0,1,0.0,114,314.8,2.6,0.4,75.4,0.4,314.8,2.6,1.0
2021_03_IND_TEN,IND,197.0,3,197.0,3,2.0,180.0,0,1.0,115,301.4,2.6,0.2,79.8,0.4,301.4,2.6,0.8
2021_04_IND_MIA,IND,199.0,2,199.0,2,0.0,35.0,0,1.0,116,266.2,2.8,0.6,99.2,0.4,266.2,2.8,0.6
2021_05_IND_BAL,IND,442.0,4,442.0,4,0.0,86.0,0,1.0,117,237.8,2.6,0.6,101.8,0.2,237.8,2.6,0.8
2021_06_HOU_IND,IND,243.0,0,243.0,0,2.0,124.0,0,1.0,118,274.0,3.0,0.6,108.4,0.2,274.0,3.0,0.8
2021_07_IND_SF,IND,181.0,1,181.0,1,2.0,111.0,1,2.0,119,271.8,2.2,1.0,105.2,0.2,271.8,2.2,0.8
2021_08_TEN_IND,IND,265.0,3,265.0,3,2.0,93.0,0,0.0,120,252.4,2.0,1.2,107.2,0.2,252.4,2.0,1.2
2021_09_NYJ_IND,IND,412.0,4,412.0,4,1.0,88.0,0,1.0,121,266.0,2.0,1.2,89.8,0.2,266.0,2.0,1.0
2021_10_JAX_IND,IND,162.0,0,162.0,0,0.0,179.0,2,1.0,122,308.6,2.4,1.4,100.4,0.2,308.6,2.4,1.0
2021_11_IND_BUF,IND,228.0,2,228.0,2,3.0,91.0,0,0.0,123,252.6,1.6,1.4,119.0,0.6,252.6,1.6,1.0
2021_12_TB_IND,IND,226.0,1,226.0,1,1.0,142.0,4,1.0,124,249.6,2.0,1.6,112.4,0.6,249.6,2.0,0.8
2021_13_IND_HOU,IND,94.0,0,94.0,0,1.0,84.0,0,1.0,125,258.6,2.0,1.4,118.6,1.2,258.6,2.0,0.6
2021_15_NE_IND,IND,299.0,2,299.0,2,2.0,81.0,0,0.0,126,224.4,1.4,1.2,116.8,1.2,224.4,1.4,0.8
2021_16_IND_ARI,IND,238.0,1,245.0,1,0.0,133.0,1,0.0,127,201.8,1.0,1.4,115.4,1.2,201.8,1.0,0.6
2021_17_LV_IND,IND,255.0,1,255.0,1,2.0,85.0,1,0.0,128,218.4,1.2,1.4,106.2,1.0,217.0,1.2,0.4
2021_18_IND_JAX,IND,223.0,2,223.0,2,0.0,101.0,0,0.0,129,223.8,1.0,1.2,105.0,1.2,222.4,1.0,0.4
2022_01_IND_HOU,IND,240.0,2,240.0,2,0.0,77.0,0,1.0,130,223.2,1.2,1.0,96.8,0.4,221.8,1.2,0.2
2022_02_IND_JAX,IND,235.0,2,235.0,2,0.0,96.0,1,0.0,131,252.4,1.6,0.8,95.4,0.4,251.0,1.6,0.2
2022_03_KC_IND,IND,262.0,1,262.0,1,1.0,58.0,1,0.0,132,239.6,1.6,0.4,98.4,0.6,238.2,1.6,0.2
2022_04_TEN_IND,IND,137.0,2,137.0,2,0.0,127.0,1,0.0,133,243.0,1.6,0.6,83.4,0.6,243.0,1.6,0.2
2022_05_IND_DEN,IND,274.0,0,274.0,0,2.0,125.0,0,0.0,134,219.4,1.8,0.2,91.8,0.6,219.4,1.8,0.2
2022_06_JAX_IND,IND,165.0,1,165.0,1,0.0,243.0,3,1.0,135,229.6,1.4,0.6,96.6,0.6,229.6,1.4,0.2
2022_07_IND_TEN,IND,132.0,0,132.0,0,0.0,138.0,0,1.0,136,214.6,1.2,0.6,129.8,1.2,214.6,1.2,0.2
2022_08_WAS_IND,IND,279.0,1,279.0,1,1.0,96.0,1,0.0,137,194.0,0.8,0.6,138.2,1.0,194.0,0.8,0.4
2022_09_IND_NE,IND,147.0,1,147.0,1,0.0,70.0,0,1.0,138,197.4,0.8,0.6,145.8,1.0,197.4,0.8,0.4
2022_10_IND_LV,IND,248.0,2,248.0,2,0.0,77.0,1,0.0,139,199.4,0.6,0.6,134.4,0.8,199.4,0.6,0.6
2022_11_PHI_IND,IND,190.0,1,190.0,1,0.0,141.0,1,2.0,140,194.2,1.0,0.2,124.8,1.0,194.2,1.0,0.6
2022_12_PIT_IND,IND,174.0,0,174.0,0,0.0,172.0,2,0.0,141,199.2,1.0,0.2,104.4,0.6,199.2,1.0,0.8
2022_13_IND_DAL,IND,170.0,3,170.0,3,1.0,220.0,4,0.0,142,207.6,1.0,0.2,111.2,1.0,207.6,1.0,0.6
2022_15_IND_MIN,IND,460.0,4,460.0,4,2.0,92.0,1,1.0,143,185.8,1.4,0.2,136.0,1.6,185.8,1.4,0.6
2022_16_LAC_IND,IND,235.0,0,235.0,0,1.0,101.0,2,1.0,144,248.4,2.0,0.6,140.4,1.8,248.4,2.0,0.6
2022_17_IND_NYG,IND,177.0,2,177.0,2,0.0,217.0,2,1.0,145,245.8,1.6,0.8,145.2,2.0,245.8,1.6,0.8
2022_18_HOU_IND,IND,311.0,3,311.0,3,2.0,59.0,0,1.0,146,243.2,1.8,0.8,160.4,2.2,243.2,1.8,0.6
2023_01_JAX_IND,IND,241.0,2,241.0,2,1.0,105.0,2,0.0,147,270.6,2.4,1.2,137.8,1.8,270.6,2.4,0.8
2023_02_IND_HOU,IND,384.0,2,384.0,2,0.0,52.0,0,1.0,148,284.8,2.2,1.2,114.8,1.4,284.8,2.2,0.8
2023_03_IND_BAL,IND,202.0,0,202.0,0,0.0,186.0,2,2.0,149,269.6,1.8,0.8,106.8,1.2,269.6,1.8,0.8
2023_04_LA_IND,IND,319.0,1,319.0,1,1.0,164.0,2,0.0,150,263.0,1.8,0.6,123.8,1.2,263.0,1.8,1.0
2023_05_TEN_IND,IND,264.0,0,264.0,0,1.0,89.0,1,0.0,151,291.4,1.6,0.8,113.2,1.2,291.4,1.6,0.8
2023_06_IND_JAX,IND,181.0,2,181.0,2,1.0,85.0,2,0.0,152,282.0,1.0,0.6,119.2,1.4,282.0,1.0,0.6
2023_07_CLE_IND,IND,183.0,0,183.0,0,2.0,150.0,3,0.0,153,270.0,1.0,0.6,115.2,1.4,270.0,1.0,0.6
2023_08_NO_IND,IND,354.0,2,354.0,2,0.0,161.0,3,1.0,154,229.8,0.6,1.0,134.8,2.0,229.8,0.6,0.4
2023_09_IND_CAR,IND,173.0,1,173.0,1,3.0,138.0,0,0.0,155,260.2,1.0,1.0,129.8,2.2,260.2,1.0,0.2
2023_10_IND_NE,IND,195.0,0,195.0,0,2.0,167.0,0,0.0,156,231.0,1.0,1.4,124.6,1.8,231.0,1.0,0.2
2023_12_TB_IND,IND,199.0,2,199.0,2,1.0,125.0,0,1.0,157,217.2,1.0,1.6,140.2,1.6,217.2,1.0,0.2
2023_13_IND_TEN,IND,224.0,1,224.0,1,0.0,177.0,2,2.0,158,220.8,1.0,1.6,148.2,1.2,220.8,1.0,0.4
2023_14_IND_CIN,IND,274.0,2,274.0,2,1.0,111.0,2,0.0,159,229.0,1.2,1.2,153.6,1.0,229.0,1.2,0.8
2023_15_PIT_IND,IND,172.0,1,172.0,1,2.0,74.0,1,1.0,160,213.0,1.2,1.4,143.6,0.8,213.0,1.2,0.6
2023_16_IND_ATL,IND,229.0,1,229.0,1,0.0,177.0,1,0.0,161,212.8,1.2,1.2,130.8,1.0,212.8,1.2,0.8
2023_17_LV_IND,IND,299.0,2,299.0,2,0.0,84.0,0,0.0,162,219.6,1.4,0.8,132.8,1.2,219.6,1.4,0.8
2023_18_HOU_IND,IND,264.0,2,264.0,2,0.0,60.0,1,0.0,163,239.6,1.4,0.6,124.6,1.2,239.6,1.4,0.6
2024_01_HOU_IND,IND,234.0,2,234.0,2,0.0,213.0,1,0.0,164,247.6,1.6,0.6,101.2,1.0,247.6,1.6,0.2
2024_02_IND_GB,IND,122.0,1,122.0,1,0.0,261.0,0,1.0,165,239.6,1.6,0.4,121.6,0.8,239.6,1.6,0.2
2024_03_CHI_IND,IND,363.0,2,363.0,2,2.0,63.0,0,1.0,166,229.6,1.6,0.0,159.0,0.6,229.6,1.6,0.2
2024_04_PIT_IND,IND,312.0,1,312.0,1,0.0,122.0,2,2.0,167,256.4,1.8,0.4,136.2,0.4,256.4,1.8,0.4
2024_05_IND_JAX,IND,371.0,2,371.0,2,1.0,126.0,2,1.0,168,259.0,1.6,0.4,143.8,0.8,259.0,1.6,0.8
2024_06_IND_TEN,IND,95.0,1,95.0,1,1.0,146.0,1,0.0,169,280.4,1.6,0.6,157.0,1.0,280.4,1.6,1.0
2024_07_MIA_IND,IND,161.0,1,161.0,1,0.0,188.0,0,2.0,170,252.6,1.4,0.8,143.6,1.0,252.6,1.4,1.0
2024_08_IND_HOU,IND,285.0,1,285.0,1,0.0,96.0,1,1.0,171,260.4,1.4,0.8,129.0,1.0,260.4,1.4,1.2
2024_09_IND_MIN,IND,312.0,3,312.0,3,2.0,133.0,0,1.0,172,244.8,1.2,0.4,135.6,1.2,244.8,1.2,1.2
2024_10_BUF_IND,IND,280.0,0,280.0,0,2.0,135.0,2,0.0,173,244.8,1.6,0.8,137.8,0.8,244.8,1.6,1.0
2024_11_IND_NYJ,IND,184.0,2,184.0,2,0.0,91.0,1,0.0,174,226.6,1.2,1.0,139.6,0.8,226.6,1.2,0.8
2024_12_DET_IND,IND,269.0,0,269.0,0,0.0,137.0,3,0.0,175,244.4,1.4,0.8,128.6,0.8,244.4,1.4,0.8
2024_13_IND_NE,IND,238.0,1,238.0,1,1.0,200.0,1,0.0,176,266.0,1.2,0.8,118.4,1.4,266.0,1.2,0.4
2024_15_IND_DEN,IND,130.0,3,130.0,3,3.0,72.0,0,0.0,177,256.6,1.2,1.0,139.2,1.4,256.6,1.2,0.2
2024_16_TEN_IND,IND,252.0,2,252.0,2,3.0,65.0,2,0.0,178,220.2,1.2,1.2,127.0,1.4,220.2,1.2,0.0
2024_17_IND_NYG,IND,309.0,4,309.0,4,0.0,80.0,1,0.0,179,214.6,1.6,1.4,113.0,1.4,214.6,1.6,0.0
2024_18_JAX_IND,IND,225.0,1,225.0,1,1.0,113.0,1,0.0,180,239.6,2.0,1.4,110.8,1.4,239.6,2.0,0.0
2014_01_JAX_PHI,JAX,322.0,2,322.0,2,1.0,145.0,1,2.0,1,,,,,,,,
2014_02_JAX_WAS,JAX,288.0,2,288.0,2,0.0,191.0,3,0.0,2,322.0,2.0,1.0,145.0,1.0,322.0,2.0,2.0
2014_03_IND_JAX,JAX,390.0,4,390.0,4,0.0,144.0,0,0.0,3,305.0,2.0,0.5,168.0,2.0,305.0,2.0,1.0
2014_04_JAX_SD,JAX,377.0,3,377.0,3,0.0,42.0,0,0.0,4,333.3333333333333,2.6666666666666665,0.3333333333333333,160.0,1.3333333333333333,333.3333333333333,2.6666666666666665,0.6666666666666666
2014_05_PIT_JAX,JAX,273.0,1,273.0,1,0.0,111.0,0,1.0,5,344.25,2.75,0.25,130.5,1.0,344.25,2.75,0.5
2014_06_JAX_TEN,JAX,233.0,0,233.0,0,0.0,70.0,1,0.0,6,330.0,2.4,0.2,126.6,0.8,330.0,2.4,0.6
2014_07_CLE_JAX,JAX,215.0,0,215.0,0,1.0,69.0,0,1.0,7,312.2,2.0,0.0,111.6,0.8,312.2,2.0,0.2
2014_08_MIA_JAX,JAX,196.0,1,196.0,1,1.0,148.0,0,0.0,8,297.6,1.6,0.2,87.2,0.2,297.6,1.6,0.4
2014_09_JAX_CIN,JAX,233.0,2,233.0,2,2.0,191.0,2,0.0,9,258.8,1.0,0.4,88.0,0.2,258.8,1.0,0.4
2014_10_DAL_JAX,JAX,254.0,3,254.0,3,0.0,151.0,1,1.0,10,230.0,0.8,0.8,117.8,0.6,230.0,0.8,0.4
2014_12_JAX_IND,JAX,253.0,1,253.0,1,0.0,175.0,1,3.0,11,226.2,1.2,0.8,125.8,0.8,226.2,1.2,0.4
2014_13_NYG_JAX,JAX,247.0,1,247.0,1,0.0,116.0,2,3.0,12,230.2,1.4,0.8,146.8,0.8,230.2,1.4,1.0
2014_14_HOU_JAX,JAX,135.0,0,135.0,0,0.0,169.0,3,0.0,13,236.6,1.6,0.6,156.2,1.2,236.6,1.6,1.4
2014_15_JAX_BAL,JAX,221.0,1,221.0,1,0.0,93.0,0,1.0,14,224.4,1.4,0.4,160.4,1.8,224.4,1.4,1.4
2014_16_TEN_JAX,JAX,287.0,1,287.0,1,0.0,95.0,0,0.0,15,222.0,1.2,0.0,140.8,1.4,222.0,1.2,1.6
2014_17_JAX_HOU,JAX,250.0,2,250.0,2,1.0,123.0,1,1.0,16,228.6,0.8,0.0,129.6,1.2,228.6,0.8,1.4
2015_01_CAR_JAX,JAX,175.0,1,175.0,1,1.0,105.0,0,0.0,17,228.0,1.0,0.2,119.2,1.2,228.0,1.0,1.0
2015_02_MIA_JAX,JAX,359.0,2,359.0,2,0.0,42.0,0,0.0,18,213.6,1.0,0.4,117.0,0.8,213.6,1.0,0.4
2015_03_JAX_NE,JAX,358.0,2,358.0,2,0.0,125.0,4,0.0,19,258.4,1.4,0.4,91.6,0.2,258.4,1.4,0.4
2015_04_JAX_IND,JAX,282.0,1,282.0,1,0.0,60.0,0,2.0,20,285.8,1.6,0.4,98.0,1.0,285.8,1.6,0.2
2015_05_JAX_TB,JAX,209.0,1,209.0,1,0.0,183.0,2,0.0,21,284.8,1.6,0.4,91.0,1.0,284.8,1.6,0.6
2015_06_HOU_JAX,JAX,293.0,3,293.0,3,0.0,95.0,0,0.0,22,276.6,1.4,0.2,103.0,1.2,276.6,1.4,0.4
2015_07_BUF_JAX,JAX,298.0,2,298.0,2,2.0,115.0,0,2.0,23,300.2,1.8,0.0,101.0,1.2,300.2,1.8,0.4
2015_09_JAX_NYJ,JAX,272.0,2,272.0,2,0.0,29.0,2,0.0,24,288.0,1.8,0.4,115.6,1.2,288.0,1.8,0.8
2015_10_JAX_BAL,JAX,316.0,3,316.0,3,2.0,89.0,0,1.0,25,270.8,1.8,0.4,96.4,0.8,270.8,1.8,0.8
2015_11_TEN_JAX,JAX,231.0,0,231.0,0,0.0,104.0,1,1.0,26,277.6,2.2,0.8,102.2,0.8,277.6,2.2,0.6
2015_12_SD_JAX,JAX,300.0,4,300.0,4,0.0,79.0,0,0.0,27,282.0,2.0,0.8,86.4,0.6,282.0,2.0,0.8
2015_13_JAX_TEN,JAX,268.0,3,268.0,3,1.0,210.0,2,1.0,28,283.4,2.2,0.8,83.2,0.6,283.4,2.2,0.8
2015_14_IND_JAX,JAX,260.0,0,260.0,0,1.0,95.0,0,1.0,29,277.4,2.4,0.6,102.2,1.0,277.4,2.4,0.6
2015_15_ATL_JAX,JAX,246.0,1,246.0,1,1.0,83.0,1,0.0,30,275.0,2.0,0.8,115.4,0.6,275.0,2.0,0.8
2015_16_JAX_NO,JAX,412.0,3,412.0,3,0.0,135.0,2,0.0,31,261.0,1.6,0.6,114.2,0.8,261.0,1.6,0.6
2015_17_JAX_HOU,JAX,249.0,1,249.0,1,1.0,160.0,1,0.0,32,297.2,2.2,0.6,120.4,1.0,297.2,2.2,0.4
2016_01_GB_JAX,JAX,199.0,2,199.0,2,0.0,95.0,1,0.0,33,287.0,1.6,0.8,136.6,1.2,287.0,1.6,0.4
2016_02_JAX_SD,JAX,220.0,4,220.0,4,0.0,150.0,1,1.0,34,273.2,1.4,0.6,113.6,1.0,273.2,1.4,0.2
2016_03_BAL_JAX,JAX,214.0,0,214.0,0,2.0,84.0,1,0.0,35,265.2,2.2,0.4,124.6,1.2,265.2,2.2,0.2
2016_04_IND_JAX,JAX,234.0,2,234.0,2,1.0,94.0,1,0.0,36,258.8,2.0,0.6,124.8,1.2,258.8,2.0,0.2
2016_06_JAX_CHI,JAX,302.0,0,302.0,0,0.0,92.0,1,0.0,37,223.2,1.8,0.8,116.6,1.0,223.2,1.8,0.2
2016_07_OAK_JAX,JAX,200.0,1,200.0,1,0.0,144.0,2,0.0,38,233.8,1.6,0.6,103.0,1.0,233.8,1.6,0.2
2016_08_JAX_TEN,JAX,280.0,2,280.0,2,0.0,214.0,2,0.0,39,234.0,1.4,0.6,112.8,1.2,234.0,1.4,0.2
2016_09_JAX_KC,JAX,187.0,1,187.0,1,0.0,62.0,0,0.0,40,246.0,1.0,0.6,125.6,1.4,246.0,1.0,0.0
2016_10_HOU_JAX,JAX,99.0,2,99.0,2,0.0,181.0,0,0.0,41,240.6,1.2,0.2,121.2,1.2,240.6,1.2,0.0
2016_11_JAX_DET,JAX,278.0,0,278.0,0,0.0,14.0,1,1.0,42,213.6,1.2,0.0,138.6,1.0,213.6,1.2,0.0
2016_12_JAX_BUF,JAX,166.0,1,166.0,1,0.0,153.0,3,0.0,43,208.8,1.2,0.0,123.0,1.0,208.8,1.2,0.2
2016_13_DEN_JAX,JAX,104.0,0,104.0,0,0.0,104.0,1,0.0,44,202.0,1.2,0.0,124.8,1.2,202.0,1.2,0.2
2016_14_MIN_JAX,JAX,292.0,1,292.0,1,0.0,85.0,1,1.0,45,166.8,0.8,0.0,102.8,1.0,166.8,0.8,0.2
2016_15_JAX_HOU,JAX,308.0,0,308.0,0,2.0,79.0,1,0.0,46,187.8,0.8,0.0,107.4,1.2,187.8,0.8,0.4
2016_16_TEN_JAX,JAX,223.0,2,223.0,2,1.0,58.0,0,0.0,47,229.6,0.4,0.4,87.0,1.4,229.6,0.4,0.4
2016_17_JAX_IND,JAX,321.0,2,321.0,2,1.0,94.0,1,1.0,48,218.6,0.8,0.6,95.8,1.2,218.6,0.8,0.2
2017_01_JAX_HOU,JAX,164.0,1,164.0,1,1.0,93.0,0,3.0,49,249.6,1.0,0.8,84.0,0.8,249.6,1.0,0.4
2017_02_TEN_JAX,JAX,215.0,1,215.0,1,1.0,179.0,3,0.0,50,261.6,1.2,1.0,81.8,0.6,261.6,1.2,1.0
2017_03_BAL_JAX,JAX,64.0,1,64.0,1,2.0,134.0,0,1.0,51,246.2,1.2,1.2,100.6,1.0,246.2,1.2,0.8
2017_04_JAX_NYJ,JAX,255.0,0,255.0,0,1.0,256.0,2,1.0,52,197.4,1.4,1.2,111.6,0.8,197.4,1.4,1.0
2017_05_JAX_PIT,JAX,312.0,0,312.0,0,5.0,70.0,0,0.0,53,203.8,1.0,1.2,151.2,1.2,203.8,1.0,1.2
2017_06_LA_JAX,JAX,124.0,1,124.0,1,0.0,142.0,0,1.0,54,202.0,0.6,2.0,146.4,1.0,202.0,0.6,1.0
2017_07_JAX_IND,JAX,200.0,0,200.0,0,0.0,96.0,0,0.0,55,194.0,0.6,1.8,156.2,1.0,194.0,0.6,0.6
2017_09_CIN_JAX,JAX,136.0,0,136.0,0,0.0,29.0,1,0.0,56,191.0,0.4,1.6,139.6,0.4,191.0,0.4,0.6
2017_10_LAC_JAX,JAX,235.0,2,235.0,2,1.0,87.0,0,1.0,57,205.4,0.2,1.2,118.6,0.6,205.4,0.2,0.4
2017_11_JAX_CLE,JAX,179.0,1,179.0,1,2.0,50.0,0,2.0,58,201.4,0.6,1.2,84.8,0.2,201.4,0.6,0.4
2017_12_JAX_ARI,JAX,241.0,2,241.0,2,1.0,108.0,0,1.0,59,174.8,0.8,0.6,80.8,0.2,174.8,0.8,0.8
2017_13_IND_JAX,JAX,174.0,1,174.0,1,2.0,141.0,0,0.0,60,198.2,1.0,0.8,74.0,0.2,198.2,1.0,0.8
2017_14_SEA_JAX,JAX,271.0,3,271.0,3,3.0,141.0,0,0.0,61,193.0,1.2,1.2,83.0,0.2,193.0,1.2,0.8
2017_15_HOU_JAX,JAX,128.0,1,128.0,1,1.0,87.0,0,0.0,62,220.0,1.8,1.8,105.4,0.0,220.0,1.8,0.8
2017_16_JAX_SF,JAX,242.0,2,242.0,2,1.0,131.0,3,0.0,63,198.6,1.6,1.8,105.4,0.0,198.6,1.6,0.6
2017_17_JAX_TEN,JAX,134.0,1,134.0,1,0.0,116.0,0,1.0,64,211.2,1.8,1.6,121.6,0.6,211.2,1.8,0.2
2018_01_JAX_NYG,JAX,224.0,0,224.0,0,1.0,114.0,1,0.0,65,189.8,1.6,1.4,123.2,0.6,189.8,1.6,0.2
2018_02_NE_JAX,JAX,234.0,2,234.0,2,0.0,82.0,0,1.0,66,199.8,1.4,1.2,117.8,0.8,199.8,1.4,0.2
2018_03_TEN_JAX,JAX,108.0,0,108.0,0,0.0,150.0,0,0.0,67,192.4,1.2,0.6,106.0,0.8,192.4,1.2,0.4
2018_04_NYJ_JAX,JAX,167.0,1,167.0,1,0.0,34.0,0,0.0,68,188.4,1.0,0.4,118.6,0.8,188.4,1.0,0.4
2018_05_JAX_KC,JAX,313.0,0,313.0,0,2.0,126.0,2,0.0,69,173.4,0.8,0.2,99.2,0.2,173.4,0.8,0.4
2018_06_JAX_DAL,JAX,183.0,2,183.0,2,0.0,206.0,2,0.0,70,209.2,0.6,0.6,101.2,0.6,209.2,0.6,0.2
2018_07_HOU_JAX,JAX,139.0,1,139.0,1,0.0,141.0,1,0.0,71,201.0,1.0,0.4,119.6,0.8,201.0,1.0,0.2
2018_08_PHI_JAX,JAX,286.0,3,286.0,3,1.0,133.0,0,1.0,72,182.0,0.8,0.4,131.4,1.0,182.0,0.8,0.0
2018_10_JAX_IND,JAX,285.0,3,285.0,3,1.0,81.0,1,0.0,73,217.6,1.4,0.6,128.0,1.0,217.6,1.4,0.2
2018_11_PIT_JAX,JAX,314.0,2,314.0,2,3.0,26.0,1,0.0,74,241.2,1.8,0.8,137.4,1.2,241.2,1.8,0.2
2018_12_JAX_BUF,JAX,160.0,1,160.0,1,0.0,167.0,2,0.0,75,241.4,2.2,1.0,117.4,1.0,241.4,2.2,0.2
2018_13_IND_JAX,JAX,248.0,0,248.0,0,1.0,41.0,0,1.0,76,236.8,2.0,1.0,109.6,1.0,236.8,2.0,0.2
2018_14_JAX_TEN,JAX,162.0,0,162.0,0,1.0,264.0,4,0.0,77,258.6,1.8,1.2,89.6,0.8,258.6,1.8,0.4
2018_15_WAS_JAX,JAX,151.0,1,151.0,1,0.0,109.0,0,0.0,78,233.8,1.2,1.2,115.8,1.6,233.8,1.2,0.2
2018_16_JAX_MIA,JAX,146.0,1,146.0,1,1.0,62.0,0,1.0,79,207.0,0.8,1.0,121.4,1.4,207.0,0.8,0.2
2018_17_JAX_HOU,JAX,234.0,0,234.0,0,0.0,134.0,2,0.0,80,173.4,0.6,0.6,128.6,1.2,173.4,0.6,0.4
2019_01_KC_JAX,JAX,378.0,3,378.0,3,0.0,113.0,1,0.0,81,188.2,0.4,0.6,122.0,1.2,188.2,0.4,0.4
2019_02_JAX_HOU,JAX,159.0,0,159.0,0,0.0,126.0,1,0.0,82,214.2,1.0,0.4,136.4,1.4,214.2,1.0,0.2
2019_03_TEN_JAX,JAX,304.0,0,304.0,0,0.0,91.0,1,0.0,83,213.6,1.0,0.2,108.8,0.8,213.6,1.0,0.2
2019_04_JAX_DEN,JAX,303.0,3,303.0,3,1.0,68.0,0,0.0,84,244.2,0.8,0.2,105.2,1.0,244.2,0.8,0.2
2019_05_JAX_CAR,JAX,181.0,1,181.0,1,0.0,285.0,3,0.0,85,275.6,1.2,0.2,106.4,1.0,275.6,1.2,0.0
2019_06_NO_JAX,JAX,240.0,1,240.0,1,0.0,104.0,0,0.0,86,265.0,1.4,0.2,136.6,1.2,265.0,1.4,0.0
2019_07_JAX_CIN,JAX,276.0,1,276.0,1,3.0,33.0,1,1.0,87,237.4,1.0,0.2,134.8,1.0,237.4,1.0,0.0
2019_08_NYJ_JAX,JAX,218.0,2,218.0,2,3.0,46.0,0,0.0,88,260.8,1.2,0.8,116.2,1.0,260.8,1.2,0.2
2019_09_HOU_JAX,JAX,201.0,2,201.0,2,0.0,216.0,1,1.0,89,243.6,1.6,1.4,107.2,0.8,243.6,1.6,0.2
2019_11_JAX_IND,JAX,148.0,1,148.0,1,1.0,264.0,3,0.0,90,223.2,1.4,1.2,136.8,1.0,223.2,1.4,0.4
2019_12_JAX_TEN,JAX,259.0,2,259.0,2,0.0,219.0,4,2.0,91,216.6,1.4,1.4,132.6,1.0,216.6,1.4,0.4
2019_13_TB_JAX,JAX,268.0,0,268.0,0,0.0,74.0,2,1.0,92,220.4,1.6,1.4,155.6,1.8,220.4,1.6,0.8
2019_14_LAC_JAX,JAX,340.0,4,340.0,4,0.0,195.0,2,0.0,93,218.8,1.4,0.8,163.8,2.0,218.8,1.4,0.8
2019_15_JAX_OAK,JAX,267.0,1,267.0,1,0.0,128.0,0,0.0,94,243.2,1.8,0.2,193.6,2.4,243.2,1.8,0.8
2019_16_JAX_ATL,JAX,384.0,1,384.0,1,2.0,135.0,2,0.0,95,256.4,1.6,0.2,176.0,2.2,256.4,1.6,0.6
2019_17_IND_JAX,JAX,162.0,0,162.0,0,0.0,132.0,2,2.0,96,303.6,1.6,0.4,150.2,2.0,303.6,1.6,0.6
2020_01_IND_JAX,JAX,363.0,1,363.0,1,2.0,88.0,1,0.0,97,284.2,1.2,0.4,132.8,1.6,284.2,1.2,0.6
2020_02_JAX_TEN,JAX,239.0,4,239.0,4,0.0,123.0,0,0.0,98,303.2,1.4,0.8,135.6,1.4,303.2,1.4,0.4
2020_03_MIA_JAX,JAX,160.0,2,160.0,2,0.0,138.0,2,0.0,99,283.0,1.4,0.8,121.2,1.0,283.0,1.4,0.4
2020_04_JAX_CIN,JAX,300.0,1,300.0,1,1.0,205.0,2,0.0,100,261.6,1.6,0.8,123.2,1.4,261.6,1.6,0.4
2020_05_JAX_HOU,JAX,359.0,3,359.0,3,2.0,129.0,0,0.0,101,244.8,1.6,0.6,137.2,1.4,244.8,1.6,0.4
2020_06_DET_JAX,JAX,223.0,1,223.0,1,1.0,180.0,3,0.0,102,284.2,2.2,1.0,136.6,1.0,284.2,2.2,0.0
2020_07_JAX_LAC,JAX,351.0,3,351.0,3,0.0,135.0,2,0.0,103,256.2,2.2,0.8,155.0,1.4,256.2,2.2,0.0
2020_09_HOU_JAX,JAX,281.0,2,281.0,2,0.0,107.0,1,1.0,104,278.6,2.0,0.8,157.4,1.8,278.6,2.0,0.0
2020_10_JAX_GB,JAX,325.0,2,325.0,2,1.0,80.0,1,1.0,105,302.8,2.0,0.8,151.2,1.6,302.8,2.0,0.2
2020_11_PIT_JAX,JAX,267.0,2,267.0,2,1.0,106.0,1,0.0,106,307.8,2.2,0.8,126.2,1.4,307.8,2.2,0.4
2020_12_CLE_JAX,JAX,258.0,2,258.0,2,0.0,207.0,1,1.0,107,289.4,2.0,0.6,121.6,1.6,289.4,2.0,0.4
2020_13_JAX_MIN,JAX,305.0,3,305.0,3,1.0,145.0,0,1.0,108,296.4,2.2,0.4,127.0,1.2,296.4,2.2,0.6
2020_14_TEN_JAX,JAX,212.0,2,212.0,2,0.0,249.0,2,1.0,109,287.2,2.2,0.6,129.0,0.8,287.2,2.2,0.8
2020_15_JAX_BAL,JAX,250.0,3,250.0,3,1.0,159.0,2,0.0,110,273.4,2.2,0.6,157.4,1.0,273.4,2.2,0.8
2020_16_CHI_JAX,JAX,265.0,2,265.0,2,1.0,128.0,3,0.0,111,258.4,2.4,0.6,173.2,1.2,258.4,2.4,0.6
2020_17_JAX_IND,JAX,164.0,1,164.0,1,1.0,273.0,2,0.0,112,258.0,2.4,0.6,177.6,1.6,258.0,2.4,0.6
2021_01_JAX_HOU,JAX,291.0,2,291.0,2,0.0,160.0,2,0.0,113,239.2,2.2,0.8,190.8,1.8,239.2,2.2,0.4
2021_02_DEN_JAX,JAX,328.0,2,328.0,2,0.0,96.0,0,0.0,114,236.4,2.0,0.6,193.8,2.2,236.4,2.0,0.2
2021_03_ARI_JAX,JAX,316.0,0,316.0,0,1.0,91.0,3,0.0,115,259.6,2.0,0.6,163.2,1.8,259.6,2.0,0.0
2021_04_JAX_CIN,JAX,348.0,2,348.0,2,0.0,78.0,1,0.0,116,272.8,1.4,0.6,149.6,2.0,272.8,1.4,0.0
2021_05_TEN_JAX,JAX,197.0,1,197.0,1,0.0,184.0,3,0.0,117,289.4,1.4,0.4,139.6,1.6,289.4,1.4,0.0
2021_06_MIA_JAX,JAX,354.0,2,354.0,2,1.0,77.0,0,0.0,118,296.0,1.4,0.2,121.8,1.8,296.0,1.4,0.0
2021_08_JAX_SEA,JAX,195.0,2,195.0,2,0.0,69.0,1,0.0,119,308.6,1.4,0.4,105.2,1.4,308.6,1.4,0.0
2021_09_BUF_JAX,JAX,264.0,0,264.0,0,2.0,72.0,0,1.0,120,282.0,1.4,0.4,99.8,1.6,282.0,1.4,0.0
2021_10_JAX_IND,JAX,180.0,0,180.0,0,0.0,127.0,1,0.0,121,271.6,1.4,0.6,96.0,1.0,271.6,1.4,0.2
2021_11_SF_JAX,JAX,176.0,2,176.0,2,0.0,171.0,1,0.0,122,238.0,1.0,0.6,105.8,1.0,238.0,1.0,0.2
2021_12_ATL_JAX,JAX,190.0,1,190.0,1,1.0,149.0,2,0.0,123,233.8,1.2,0.6,103.2,0.6,233.8,1.2,0.2
2021_13_JAX_LA,JAX,295.0,3,295.0,3,0.0,128.0,1,0.0,124,201.0,1.0,0.6,117.6,1.0,201.0,1.0,0.2
2021_14_JAX_TEN,JAX,191.0,0,191.0,0,0.0,102.0,2,0.0,125,221.0,1.2,0.6,129.4,1.0,221.0,1.2,0.2
2021_15_HOU_JAX,JAX,209.0,2,209.0,2,1.0,75.0,0,0.0,126,206.4,1.2,0.2,135.4,1.4,206.4,1.2,0.0
2021_16_JAX_NYJ,JAX,102.0,1,102.0,1,0.0,273.0,1,0.0,127,212.2,1.6,0.4,125.0,1.2,212.2,1.6,0.0
2021_17_JAX_NE,JAX,290.0,3,290.0,3,0.0,181.0,4,0.0,128,197.4,1.4,0.4,145.4,1.2,197.4,1.4,0.0
2021_18_IND_JAX,JAX,185.0,1,185.0,1,1.0,94.0,0,1.0,129,217.4,1.8,0.2,151.8,1.6,217.4,1.8,0.0
2022_01_JAX_WAS,JAX,313.0,4,313.0,4,2.0,85.0,0,1.0,130,195.4,1.4,0.4,145.0,1.4,195.4,1.4,0.2
2022_02_IND_JAX,JAX,195.0,0,195.0,0,3.0,54.0,0,0.0,131,219.8,2.2,0.8,141.6,1.0,219.8,2.2,0.4
2022_03_JAX_LAC,JAX,297.0,1,297.0,1,1.0,26.0,0,1.0,132,217.0,1.8,1.2,137.4,1.0,217.0,1.8,0.4
2022_04_JAX_PHI,JAX,204.0,0,204.0,0,1.0,210.0,4,0.0,133,256.0,1.8,1.4,88.0,0.8,256.0,1.8,0.6
2022_05_HOU_JAX,JAX,140.0,0,140.0,0,0.0,116.0,1,0.0,134,238.8,1.2,1.6,93.8,0.8,238.8,1.2,0.6
2022_06_JAX_IND,JAX,389.0,3,389.0,3,0.0,45.0,1,0.0,135,229.8,1.0,1.4,98.2,1.0,229.8,1.0,0.4
2022_07_NYG_JAX,JAX,202.0,1,202.0,1,0.0,236.0,1,0.0,136,245.0,0.8,1.0,90.2,1.2,245.0,0.8,0.2
2022_08_DEN_JAX,JAX,252.0,1,252.0,1,1.0,101.0,2,0.0,137,246.4,1.0,0.4,126.6,1.4,246.4,1.0,0.2
2022_09_LV_JAX,JAX,259.0,2,259.0,2,0.0,71.0,0,0.0,138,237.4,1.0,0.4,141.6,1.8,237.4,1.0,0.0
2022_10_JAX_KC,JAX,331.0,4,331.0,4,1.0,155.0,0,1.0,139,248.4,1.4,0.2,113.8,1.0,248.4,1.4,0.0
2022_12_BAL_JAX,JAX,254.0,1,254.0,1,0.0,162.0,1,2.0,140,286.6,2.2,0.4,121.6,0.8,286.6,2.2,0.2
2022_13_JAX_DET,JAX,340.0,2,340.0,2,0.0,100.0,2,0.0,141,259.6,1.8,0.4,145.0,0.8,259.6,1.8,0.6
2022_14_JAX_TEN,JAX,254.0,2,254.0,2,1.0,137.0,1,3.0,142,287.2,2.0,0.4,117.8,1.0,287.2,2.0,0.6
2022_15_DAL_JAX,JAX,256.0,3,256.0,3,2.0,154.0,1,0.0,143,287.6,2.2,0.4,125.0,0.8,287.6,2.2,1.2
2022_16_JAX_NYJ,JAX,182.0,0,182.0,0,1.0,66.0,0,1.0,144,287.0,2.4,0.8,141.6,1.0,287.0,2.4,1.2
2022_17_JAX_HOU,JAX,211.0,0,211.0,0,0.0,84.0,0,1.0,145,257.2,1.6,0.8,123.8,1.0,257.2,1.6,1.2
2022_18_TEN_JAX,JAX,179.0,1,179.0,1,1.0,147.0,0,1.0,146,248.6,1.4,0.8,108.2,0.8,248.6,1.4,1.0
2023_01_JAX_IND,JAX,223.0,1,223.0,1,1.0,65.0,1,2.0,147,216.4,1.2,1.0,117.6,0.4,216.4,1.2,1.2
2023_02_KC_JAX,JAX,305.0,2,305.0,2,1.0,101.0,0,1.0,148,210.2,1.0,1.0,103.2,0.4,210.2,1.0,1.0
2023_03_HOU_JAX,JAX,280.0,2,280.0,2,0.0,86.0,1,0.0,149,220.0,0.8,0.8,92.6,0.2,220.0,0.8,1.2
2023_04_ATL_JAX,JAX,191.0,1,191.0,1,2.0,127.0,0,1.0,150,239.6,1.2,0.6,96.6,0.4,239.6,1.2,1.0
2023_05_JAX_BUF,JAX,359.0,2,359.0,2,1.0,29.0,1,1.0,151,235.6,1.4,1.0,105.2,0.4,235.6,1.4,1.0
2023_06_IND_JAX,JAX,329.0,1,329.0,1,3.0,44.0,1,1.0,152,271.6,1.6,1.0,81.6,0.6,271.6,1.6,1.0
2023_07_JAX_NO,JAX,301.0,1,301.0,1,1.0,112.0,1,0.0,153,292.8,1.6,1.4,77.4,0.6,292.8,1.6,0.8
2023_08_JAX_PIT,JAX,211.0,1,211.0,1,2.0,70.0,0,0.0,154,292.0,1.4,1.4,79.6,0.8,292.0,1.4,0.6
2023_10_SF_JAX,JAX,302.0,3,302.0,3,0.0,144.0,1,0.0,155,278.2,1.2,1.8,76.4,0.6,278.2,1.2,0.6
2023_11_TEN_JAX,JAX,158.0,2,158.0,2,0.0,92.0,0,1.0,156,300.4,1.6,1.4,79.8,0.8,300.4,1.6,0.4
2023_12_JAX_HOU,JAX,304.0,2,304.0,2,0.0,91.0,1,0.0,157,260.2,1.6,1.2,92.4,0.6,260.2,1.6,0.4
2023_13_CIN_JAX,JAX,347.0,1,347.0,1,1.0,156.0,3,0.0,158,255.2,1.8,0.6,101.8,0.6,255.2,1.8,0.2
2023_14_JAX_CLE,JAX,311.0,3,311.0,3,1.0,82.0,1,2.0,159,264.4,1.8,0.6,110.6,1.0,264.4,1.8,0.2
2023_15_BAL_JAX,JAX,171.0,1,171.0,1,1.0,251.0,1,0.0,160,284.4,2.2,0.4,113.0,1.2,284.4,2.2,0.6
2023_16_JAX_TB,JAX,283.0,2,283.0,2,0.0,70.0,1,0.0,161,258.2,1.8,0.6,134.4,1.2,258.2,1.8,0.6
2023_17_CAR_JAX,JAX,112.0,0,112.0,0,1.0,57.0,0,0.0,162,283.2,1.8,0.6,130.0,1.4,283.2,1.8,0.4
2023_18_JAX_TEN,JAX,168.0,2,168.0,2,1.0,175.0,2,0.0,163,244.8,1.4,0.8,123.2,1.2,244.8,1.4,0.4
2024_01_JAX_MIA,JAX,338.0,1,338.0,1,0.0,81.0,1,0.0,164,209.0,1.6,0.8,127.0,1.0,209.0,1.6,0.4
2024_02_CLE_JAX,JAX,186.0,0,186.0,0,0.0,125.0,1,0.0,165,214.4,1.2,0.6,126.8,1.0,214.4,1.2,0.0
2024_03_JAX_BUF,JAX,266.0,4,266.0,4,0.0,122.0,2,0.0,166,217.4,1.0,0.4,101.6,1.0,217.4,1.0,0.0
2024_04_JAX_HOU,JAX,345.0,2,345.0,2,0.0,101.0,1,0.0,167,214.0,1.4,0.4,112.0,1.2,214.0,1.4,0.0
2024_05_IND_JAX,JAX,383.0,3,383.0,3,0.0,99.0,1,1.0,168,260.6,1.8,0.2,120.8,1.4,260.6,1.8,0.0
2024_06_JAX_CHI,JAX,226.0,4,226.0,4,1.0,152.0,1,0.0,169,303.6,2.0,0.0,105.6,1.2,303.6,2.0,0.2
2024_07_NE_JAX,JAX,276.0,2,276.0,2,0.0,38.0,0,0.0,170,281.2,2.6,0.2,119.8,1.2,281.2,2.6,0.2
2024_08_GB_JAX,JAX,252.0,1,252.0,1,1.0,170.0,2,0.0,171,299.2,3.0,0.2,102.4,1.0,299.2,3.0,0.2
2024_09_JAX_PHI,JAX,230.0,2,230.0,2,0.0,237.0,2,1.0,172,296.4,2.4,0.4,112.0,1.0,296.4,2.4,0.2
2024_10_MIN_JAX,JAX,241.0,0,241.0,0,3.0,169.0,0,0.0,173,273.4,2.4,0.4,139.2,1.2,273.4,2.4,0.4
2024_11_JAX_DET,JAX,449.0,4,449.0,4,0.0,196.0,3,0.0,174,245.0,1.8,1.0,153.2,1.0,245.0,1.8,0.2
2024_13_HOU_JAX,JAX,242.0,1,242.0,1,0.0,108.0,1,0.0,175,289.6,1.8,0.8,162.0,1.4,289.6,1.8,0.2
2024_14_JAX_TEN,JAX,168.0,0,168.0,0,0.0,126.0,0,0.0,176,282.8,1.6,0.8,176.0,1.6,282.8,1.6,0.2
2024_15_NYJ_JAX,JAX,289.0,3,289.0,3,0.0,125.0,1,0.0,177,266.0,1.4,0.6,167.2,1.2,266.0,1.4,0.2
2024_16_JAX_LV,JAX,257.0,0,257.0,0,0.0,69.0,2,0.0,178,277.8,1.6,0.6,144.8,1.0,277.8,1.6,0.0
2024_17_TEN_JAX,JAX,193.0,1,193.0,1,1.0,159.0,0,0.0,179,281.0,1.6,0.0,124.8,1.4,281.0,1.6,0.0
2024_18_JAX_IND,JAX,264.0,1,264.0,1,0.0,177.0,1,0.0,180,229.8,1.0,0.2,117.4,0.8,229.8,1.0,0.0
2014_01_TEN_KC,KC,266.0,2,266.0,2,0.0,162.0,0,0.0,1,,,,,,,,
2014_02_KC_DEN,KC,242.0,3,242.0,3,0.0,88.0,0,0.0,2,266.0,2.0,0.0,162.0,0.0,266.0,2.0,0.0
2014_03_KC_MIA,KC,205.0,1,205.0,1,0.0,141.0,0,0.0,3,254.0,2.5,0.0,125.0,0.0,254.0,2.5,0.0
2014_04_NE_KC,KC,229.0,2,229.0,2,2.0,75.0,0,1.0,4,237.66666666666666,2.0,0.0,130.33333333333334,0.0,237.66666666666666,2.0,0.0
2014_05_KC_SF,KC,201.0,1,201.0,1,0.0,171.0,0,0.0,5,235.5,2.0,0.5,116.5,0.0,235.5,2.0,0.25
2014_07_KC_SD,KC,205.0,2,205.0,2,1.0,69.0,0,0.0,6,228.6,1.8,0.4,127.4,0.0,228.6,1.8,0.2
2014_08_STL_KC,KC,160.0,1,160.0,1,1.0,84.0,0,0.0,7,216.4,1.8,0.6,108.8,0.0,216.4,1.8,0.2
2014_09_NYJ_KC,KC,235.0,1,235.0,1,0.0,139.0,0,0.0,8,200.0,1.4,0.8,108.0,0.0,200.0,1.4,0.2
2014_10_KC_BUF,KC,259.0,1,259.0,1,0.0,111.0,0,1.0,9,206.0,1.4,0.8,107.6,0.0,206.0,1.4,0.2
2014_11_SEA_KC,KC,178.0,2,178.0,2,0.0,204.0,0,0.0,10,212.0,1.2,0.4,114.8,0.0,212.0,1.2,0.2
2014_12_KC_OAK,KC,174.0,1,174.0,1,0.0,179.0,2,0.0,11,207.4,1.4,0.4,121.4,0.0,207.4,1.4,0.2
2014_13_DEN_KC,KC,179.0,2,179.0,2,0.0,214.0,0,1.0,12,201.2,1.2,0.2,143.4,0.4,201.2,1.2,0.2
2014_14_KC_ARI,KC,239.0,1,239.0,1,0.0,141.0,0,0.0,13,205.0,1.4,0.0,169.4,0.4,205.0,1.4,0.4
2014_15_OAK_KC,KC,222.0,1,222.0,1,0.0,78.0,0,1.0,14,205.8,1.4,0.0,169.8,0.4,205.8,1.4,0.4
2014_16_KC_PIT,KC,220.0,1,220.0,1,0.0,68.0,1,0.0,15,198.4,1.4,0.0,163.2,0.4,198.4,1.4,0.4
2014_17_SD_KC,KC,291.0,0,291.0,0,2.0,112.0,1,1.0,16,206.8,1.2,0.0,136.0,0.6,206.8,1.2,0.4
2015_01_KC_HOU,KC,334.0,2,334.0,2,1.0,98.0,0,1.0,17,230.2,1.0,0.4,122.6,0.4,230.2,1.0,0.6
2015_02_DEN_KC,KC,256.0,3,256.0,3,1.0,61.0,0,0.0,18,261.2,1.0,0.6,99.4,0.4,261.2,1.0,0.6
2015_03_KC_GB,KC,333.0,5,333.0,5,0.0,123.0,0,0.0,19,264.6,1.4,0.8,83.4,0.4,264.6,1.4,0.6
2015_04_KC_CIN,KC,321.0,1,321.0,1,0.0,124.0,4,0.0,20,286.8,2.2,0.8,92.4,0.4,286.8,2.2,0.4
2015_05_CHI_KC,KC,252.0,2,252.0,2,0.0,87.0,0,1.0,21,307.0,2.2,0.8,103.6,1.0,307.0,2.2,0.4
2015_06_KC_MIN,KC,249.0,1,249.0,1,2.0,84.0,0,0.0,22,299.2,2.6,0.4,98.6,0.8,299.2,2.6,0.4
2015_07_PIT_KC,KC,209.0,1,209.0,1,2.0,147.0,0,1.0,23,282.2,2.4,0.6,95.8,0.8,282.2,2.4,0.2
2015_08_DET_KC,KC,227.0,1,227.0,1,2.0,81.0,0,0.0,24,272.8,2.0,0.8,113.0,0.8,272.8,2.0,0.4
2015_10_KC_DEN,KC,181.0,1,181.0,1,5.0,69.0,1,0.0,25,251.6,1.2,1.2,104.6,0.8,251.6,1.2,0.4
2015_11_KC_SD,KC,178.0,0,178.0,0,1.0,52.0,0,0.0,26,223.6,1.2,2.2,93.6,0.2,223.6,1.2,0.4
2015_12_BUF_KC,KC,291.0,3,291.0,3,0.0,129.0,0,2.0,27,208.8,0.8,2.4,86.6,0.2,208.8,0.8,0.2
2015_13_KC_OAK,KC,283.0,2,283.0,2,3.0,99.0,1,0.0,28,217.2,1.2,2.0,95.6,0.2,217.2,1.2,0.6
2015_14_SD_KC,KC,263.0,0,263.0,0,1.0,44.0,0,0.0,29,232.0,1.4,2.2,86.0,0.4,232.0,1.4,0.4
2015_15_KC_BAL,KC,281.0,2,281.0,2,2.0,93.0,0,1.0,30,239.2,1.2,2.0,78.6,0.4,239.2,1.2,0.4
2015_16_CLE_KC,KC,136.0,0,136.0,0,1.0,232.0,1,0.0,31,259.2,1.4,1.4,83.4,0.2,259.2,1.4,0.6
2015_17_OAK_KC,KC,194.0,1,194.0,1,1.0,48.0,0,0.0,32,250.8,1.4,1.4,119.4,0.4,250.8,1.4,0.6
2016_01_SD_KC,KC,243.0,1,243.0,1,0.0,155.0,2,0.0,33,231.4,1.0,1.6,103.2,0.4,231.4,1.0,0.2
2016_02_KC_HOU,KC,268.0,1,268.0,1,2.0,97.0,0,0.0,34,223.4,0.8,1.0,114.4,0.6,223.4,0.8,0.2
2016_03_NYJ_KC,KC,188.0,0,188.0,0,6.0,117.0,0,1.0,35,224.4,1.0,1.2,125.0,0.6,224.4,1.0,0.2
2016_04_KC_PIT,KC,300.0,5,300.0,5,0.0,149.0,1,0.0,36,205.8,0.6,2.0,129.8,0.6,205.8,0.6,0.2
2016_06_KC_OAK,KC,225.0,1,225.0,1,1.0,64.0,0,1.0,37,238.6,1.6,1.8,113.2,0.6,238.6,1.6,0.2
2016_07_NO_KC,KC,367.0,3,367.0,3,1.0,104.0,0,1.0,38,244.8,1.6,1.8,116.4,0.6,244.8,1.6,0.4
2016_08_KC_IND,KC,210.0,2,210.0,2,1.0,105.0,0,1.0,39,269.6,2.0,2.0,106.2,0.2,269.6,2.0,0.6
2016_09_JAX_KC,KC,252.0,2,252.0,2,1.0,205.0,0,2.0,40,258.0,2.2,1.8,107.8,0.2,258.0,2.2,0.8
2016_10_KC_CAR,KC,261.0,1,261.0,1,1.0,99.0,1,1.0,41,270.8,2.6,0.8,125.4,0.2,270.8,2.6,1.0
2016_11_TB_KC,KC,331.0,1,331.0,1,0.0,116.0,0,1.0,42,263.0,1.8,1.0,115.4,0.2,263.0,1.8,1.2
2016_12_KC_DEN,KC,368.0,3,368.0,3,0.0,124.0,0,0.0,43,284.2,1.8,0.8,125.8,0.2,284.2,1.8,1.2
2016_13_KC_ATL,KC,297.0,1,297.0,1,1.0,128.0,2,0.0,44,284.4,1.8,0.6,129.8,0.2,284.4,1.8,1.0
2016_14_OAK_KC,KC,117.0,0,117.0,0,0.0,135.0,1,0.0,45,301.8,1.6,0.6,134.4,0.6,301.8,1.6,0.8
2016_15_TEN_KC,KC,241.0,0,241.0,0,1.0,148.0,2,2.0,46,274.8,1.2,0.4,120.4,0.8,274.8,1.2,0.4
2016_16_DEN_KC,KC,183.0,0,183.0,0,1.0,63.0,1,1.0,47,270.8,1.0,0.4,130.2,1.0,270.8,1.0,0.6
2016_17_KC_SD,KC,269.0,2,269.0,2,2.0,129.0,0,0.0,48,241.2,0.8,0.6,119.6,1.2,241.2,0.8,0.6
2017_01_KC_NE,KC,267.0,0,267.0,0,0.0,124.0,3,0.0,49,221.4,0.6,1.0,120.6,1.2,221.4,0.6,0.6
2017_02_PHI_KC,KC,333.0,2,333.0,2,1.0,107.0,0,0.0,50,215.4,0.4,0.8,119.8,1.4,215.4,0.4,0.6
2017_03_KC_LAC,KC,237.0,0,237.0,0,3.0,104.0,1,0.0,51,258.6,0.8,1.0,114.2,1.2,258.6,0.8,0.6
2017_04_WAS_KC,KC,220.0,2,220.0,2,0.0,111.0,0,0.0,52,257.8,0.8,1.4,105.4,1.0,257.8,0.8,0.2
2017_05_KC_HOU,KC,261.0,5,261.0,5,0.0,144.0,0,1.0,53,265.2,1.2,1.2,115.0,0.8,265.2,1.2,0.0
2017_06_PIT_KC,KC,252.0,1,252.0,1,1.0,194.0,1,0.0,54,263.6,1.8,0.8,118.0,0.8,263.6,1.8,0.2
2017_07_KC_OAK,KC,417.0,3,417.0,3,0.0,88.0,1,0.0,55,260.6,2.0,1.0,132.0,0.4,260.6,2.0,0.2
2017_08_DEN_KC,KC,198.0,1,198.0,1,3.0,177.0,1,1.0,56,277.4,2.2,0.8,128.2,0.6,277.4,2.2,0.2
2017_09_KC_DAL,KC,249.0,2,249.0,2,0.0,131.0,2,0.0,57,269.6,2.4,0.8,142.8,0.6,269.6,2.4,0.4
2017_11_KC_NYG,KC,205.0,0,205.0,0,1.0,112.0,1,0.0,58,275.4,2.4,0.8,146.8,1.0,275.4,2.4,0.4
2017_12_BUF_KC,KC,183.0,1,183.0,1,0.0,104.0,0,0.0,59,264.2,1.4,1.0,140.4,1.2,264.2,1.4,0.2
2017_13_KC_NYJ,KC,331.0,1,331.0,1,0.0,157.0,3,0.0,60,250.4,1.4,0.8,122.4,1.0,250.4,1.4,0.2
2017_14_OAK_KC,KC,211.0,1,211.0,1,2.0,70.0,1,1.0,61,233.2,1.0,0.8,136.2,1.4,233.2,1.0,0.2
2017_15_LAC_KC,KC,227.0,1,227.0,1,3.0,98.0,1,1.0,62,235.8,1.0,0.6,114.8,1.4,235.8,1.0,0.2
2017_16_MIA_KC,KC,286.0,1,286.0,1,0.0,59.0,0,2.0,63,231.4,0.8,1.2,108.2,1.2,231.4,0.8,0.4
2017_17_KC_DEN,KC,254.0,2,254.0,2,2.0,110.0,0,1.0,64,247.6,1.0,1.0,97.6,1.0,247.6,1.0,0.8
2018_01_KC_LAC,KC,424.0,3,424.0,3,1.0,123.0,0,0.0,65,261.8,1.2,1.4,98.8,1.0,261.8,1.2,1.0
2018_02_KC_PIT,KC,452.0,3,452.0,3,0.0,33.0,2,0.0,66,280.4,1.6,1.6,92.0,0.4,280.4,1.6,1.0
2018_03_SF_KC,KC,251.0,2,251.0,2,0.0,178.0,1,0.0,67,328.6,2.0,1.2,84.6,0.6,328.6,2.0,0.8
2018_04_KC_DEN,KC,245.0,0,245.0,0,1.0,159.0,2,0.0,68,333.4,2.2,0.6,100.6,0.6,333.4,2.2,0.6
2018_05_JAX_KC,KC,430.0,1,430.0,1,4.0,101.0,1,1.0,69,325.2,2.0,0.8,120.6,1.0,325.2,2.0,0.2
2018_06_KC_NE,KC,340.0,1,340.0,1,0.0,173.0,3,1.0,70,360.4,1.8,1.2,118.8,1.2,360.4,1.8,0.2
2018_07_CIN_KC,KC,187.0,1,187.0,1,1.0,65.0,0,0.0,71,343.6,1.4,1.0,128.8,1.8,343.6,1.4,0.4
2018_08_DEN_KC,KC,262.0,2,262.0,2,1.0,189.0,1,1.0,72,290.6,1.0,1.2,135.2,1.4,290.6,1.0,0.4
2018_09_KC_CLE,KC,308.0,2,308.0,2,1.0,102.0,1,0.0,73,292.8,1.0,1.4,137.4,1.4,292.8,1.0,0.6
2018_10_ARI_KC,KC,208.0,1,208.0,1,2.0,94.0,1,0.0,74,305.4,1.4,1.4,126.0,1.2,305.4,1.4,0.6
2018_11_KC_LA,KC,413.0,4,413.0,4,0.0,76.0,1,2.0,75,261.0,1.4,1.0,124.6,1.2,261.0,1.4,0.4
2018_13_KC_OAK,KC,285.0,3,285.0,3,0.0,171.0,1,3.0,76,275.6,2.0,1.0,105.2,0.8,275.6,2.0,0.6
2018_14_BAL_KC,KC,147.0,2,147.0,2,0.0,194.0,1,1.0,77,295.2,2.4,0.8,126.4,1.0,295.2,2.4,1.2
2018_15_LAC_KC,KC,313.0,2,313.0,2,2.0,119.0,2,0.0,78,272.2,2.4,0.6,127.4,1.0,272.2,2.4,1.2
2018_16_KC_SEA,KC,271.0,3,271.0,3,0.0,210.0,2,0.0,79,273.2,2.4,0.8,130.8,1.2,273.2,2.4,1.2
2018_17_OAK_KC,KC,185.0,0,185.0,0,2.0,127.0,0,2.0,80,285.8,2.8,0.4,154.0,1.4,285.8,2.8,1.2
2019_01_KC_JAX,KC,350.0,3,350.0,3,1.0,81.0,0,1.0,81,240.2,2.0,0.8,164.2,1.2,240.2,2.0,1.2
2019_02_KC_OAK,KC,198.0,1,198.0,1,2.0,129.0,0,0.0,82,253.2,2.0,1.0,146.2,1.0,253.2,2.0,0.8
2019_03_BAL_KC,KC,267.0,0,267.0,0,0.0,203.0,4,0.0,83,263.4,1.8,1.4,133.2,0.8,263.4,1.8,0.6
2019_04_KC_DET,KC,291.0,3,291.0,3,0.0,186.0,0,2.0,84,254.2,1.4,1.0,150.0,1.2,254.2,1.4,0.6
2019_05_IND_KC,KC,151.0,0,151.0,0,1.0,180.0,1,0.0,85,258.2,1.4,1.0,145.2,0.8,258.2,1.4,1.0
2019_06_HOU_KC,KC,280.0,1,280.0,1,2.0,192.0,3,1.0,86,251.4,1.4,0.8,155.8,1.0,251.4,1.4,0.6
2019_07_KC_DEN,KC,213.0,0,213.0,0,0.0,71.0,1,1.0,87,237.4,1.0,1.0,178.0,1.6,237.4,1.0,0.6
2019_08_GB_KC,KC,305.0,3,305.0,3,0.0,118.0,1,0.0,88,240.4,0.8,0.6,166.4,1.8,240.4,0.8,0.8
2019_09_MIN_KC,KC,220.0,3,220.0,3,0.0,96.0,0,0.0,89,248.0,1.4,0.6,149.4,1.2,248.0,1.4,0.8
2019_10_KC_TEN,KC,181.0,2,181.0,2,0.0,225.0,2,1.0,90,233.8,1.4,0.6,131.4,1.2,233.8,1.4,0.4
2019_11_KC_LAC,KC,353.0,1,353.0,1,4.0,93.0,0,0.0,91,239.8,1.8,0.4,140.4,1.4,239.8,1.8,0.6
2019_13_OAK_KC,KC,222.0,1,222.0,1,2.0,122.0,0,0.0,92,254.4,1.8,0.8,120.6,0.8,254.4,1.8,0.4
2019_14_KC_NE,KC,204.0,1,204.0,1,1.0,94.0,1,0.0,93,256.2,2.0,1.2,130.8,0.6,256.2,2.0,0.2
2019_15_DEN_KC,KC,208.0,0,208.0,0,1.0,52.0,0,0.0,94,236.0,1.6,1.4,126.0,0.6,236.0,1.6,0.2
2019_16_KC_CHI,KC,157.0,0,157.0,0,0.0,101.0,0,0.0,95,233.6,1.0,1.6,117.2,0.6,233.6,1.0,0.2
2019_17_LAC_KC,KC,281.0,2,281.0,2,2.0,108.0,1,0.0,96,228.8,0.6,1.6,92.4,0.2,228.8,0.6,0.0
2020_01_HOU_KC,KC,253.0,1,253.0,1,1.0,118.0,2,0.0,97,214.4,0.8,1.2,95.4,0.4,214.4,0.8,0.0
2020_02_KC_LAC,KC,311.0,1,311.0,1,1.0,183.0,1,0.0,98,220.6,0.8,1.0,94.6,0.8,220.6,0.8,0.0
2020_03_KC_BAL,KC,97.0,1,97.0,1,0.0,158.0,0,1.0,99,242.0,0.8,1.0,112.4,0.8,242.0,0.8,0.0
2020_04_NE_KC,KC,190.0,1,190.0,1,3.0,185.0,0,1.0,100,219.8,1.0,0.8,133.6,0.8,219.8,1.0,0.2
2020_05_LV_KC,KC,347.0,3,347.0,3,1.0,144.0,2,0.0,101,226.4,1.2,1.4,150.4,0.8,226.4,1.2,0.4
2020_06_KC_BUF,KC,122.0,2,122.0,2,1.0,84.0,0,0.0,102,239.6,1.4,1.2,157.6,1.0,239.6,1.4,0.4
2020_07_KC_DEN,KC,254.0,0,254.0,0,2.0,177.0,2,2.0,103,213.4,1.6,1.2,150.8,0.6,213.4,1.6,0.4
2020_08_NYJ_KC,KC,133.0,0,133.0,0,0.0,93.0,0,1.0,104,202.0,1.4,1.4,149.6,0.8,202.0,1.4,0.8
2020_09_CAR_KC,KC,338.0,2,338.0,2,0.0,104.0,2,0.0,105,209.2,1.2,1.4,136.6,0.8,209.2,1.2,0.8
2020_11_KC_LV,KC,275.0,3,275.0,3,1.0,89.0,1,0.0,106,238.8,1.4,0.8,120.4,1.2,238.8,1.4,0.6
2020_12_KC_TB,KC,345.0,3,345.0,3,2.0,75.0,0,0.0,107,224.4,1.4,0.8,109.4,1.0,224.4,1.4,0.6
2020_13_DEN_KC,KC,151.0,2,151.0,2,2.0,179.0,0,0.0,108,269.0,1.6,1.0,107.6,1.0,269.0,1.6,0.6
2020_14_KC_MIA,KC,316.0,2,316.0,2,1.0,80.0,1,0.0,109,248.4,2.0,1.0,108.0,0.6,248.4,2.0,0.2
2020_15_KC_NO,KC,234.0,3,234.0,3,1.0,60.0,1,0.0,110,285.0,2.4,1.2,105.4,0.8,285.0,2.4,0.0
2020_16_ATL_KC,KC,300.0,2,300.0,2,0.0,90.0,0,1.0,111,264.2,2.6,1.4,96.6,0.6,264.2,2.6,0.0
2020_17_LAC_KC,KC,302.0,3,302.0,3,0.0,135.0,2,0.0,112,269.2,2.4,1.2,96.8,0.4,269.2,2.4,0.2
2021_01_CLE_KC,KC,310.0,0,321.0,0,1.0,153.0,4,1.0,113,260.6,2.4,0.8,108.8,0.8,260.6,2.4,0.2
2021_02_KC_BAL,KC,239.0,1,239.0,1,2.0,251.0,3,0.0,114,294.6,2.0,0.6,103.6,1.6,292.4,2.0,0.4
2021_03_LAC_KC,KC,281.0,4,281.0,4,0.0,77.0,0,0.0,115,279.2,1.8,0.8,137.8,2.0,277.0,1.8,0.4
2021_04_KC_PHI,KC,387.0,2,387.0,2,0.0,103.0,1,0.0,116,288.6,2.0,0.6,141.2,1.8,286.4,2.0,0.4
2021_05_BUF_KC,KC,315.0,3,315.0,3,0.0,121.0,1,0.0,117,306.0,2.0,0.6,143.8,2.0,303.8,2.0,0.2
2021_06_KC_WAS,KC,182.0,1,182.0,1,1.0,94.0,0,1.0,118,308.6,2.0,0.6,141.0,1.8,306.4,2.0,0.2
2021_07_KC_TEN,KC,275.0,2,275.0,2,1.0,103.0,1,0.0,119,280.8,2.2,0.6,129.2,1.0,280.8,2.2,0.2
2021_08_NYG_KC,KC,241.0,2,241.0,2,1.0,72.0,0,0.0,120,288.0,2.4,0.4,99.6,0.6,288.0,2.4,0.2
2021_09_GB_KC,KC,190.0,1,190.0,1,1.0,122.0,0,0.0,121,280.0,2.0,0.6,98.6,0.6,280.0,2.0,0.2
2021_10_KC_LV,KC,261.0,2,261.0,2,1.0,50.0,0,1.0,122,240.6,1.8,0.8,102.4,0.4,240.6,1.8,0.2
2021_11_DAL_KC,KC,216.0,0,216.0,0,2.0,82.0,0,1.0,123,229.8,1.6,1.0,88.2,0.2,229.8,1.6,0.4
2021_13_DEN_KC,KC,257.0,1,257.0,1,2.0,154.0,0,0.0,124,236.6,1.4,1.2,85.8,0.2,236.6,1.4,0.4
2021_14_LV_KC,KC,263.0,1,263.0,1,1.0,44.0,0,4.0,125,233.0,1.2,1.4,96.0,0.0,233.0,1.2,0.4
2021_15_KC_LAC,KC,236.0,2,236.0,2,1.0,192.0,2,1.0,126,237.4,1.0,1.4,90.4,0.0,237.4,1.0,1.2
2021_16_PIT_KC,KC,194.0,1,194.0,1,1.0,130.0,0,2.0,127,246.6,1.2,1.4,104.4,0.4,246.6,1.2,1.4
2021_17_KC_CIN,KC,446.0,4,446.0,4,0.0,60.0,0,0.0,128,233.2,1.0,1.4,120.4,0.4,233.2,1.0,1.6
2021_18_KC_DEN,KC,178.0,0,178.0,0,0.0,191.0,3,1.0,129,279.2,1.8,1.0,116.0,0.4,279.2,1.8,1.4
2022_01_KC_ARI,KC,205.0,2,205.0,2,0.0,103.0,1,0.0,130,263.4,1.6,0.6,123.4,1.0,263.4,1.6,1.6
2022_02_LAC_KC,KC,334.0,3,334.0,3,1.0,75.0,0,0.0,131,251.8,1.8,0.4,135.2,1.2,251.8,1.8,0.8
2022_03_KC_IND,KC,222.0,2,222.0,2,0.0,82.0,0,1.0,132,271.4,2.0,0.4,111.8,0.8,271.4,2.0,0.6
2022_04_KC_TB,KC,385.0,3,385.0,3,0.0,3.0,1,1.0,133,277.0,2.2,0.2,102.2,0.8,277.0,2.2,0.4
2022_05_LV_KC,KC,241.0,2,241.0,2,0.0,155.0,1,0.0,134,264.8,2.0,0.2,90.8,1.0,264.8,2.0,0.6
2022_06_BUF_KC,KC,329.0,3,329.0,3,0.0,125.0,0,1.0,135,277.4,2.4,0.2,83.6,0.6,277.4,2.4,0.4
2022_07_KC_SF,KC,369.0,2,369.0,2,2.0,101.0,0,1.0,136,302.2,2.6,0.2,88.0,0.4,302.2,2.6,0.6
2022_09_TEN_KC,KC,80.0,0,80.0,0,0.0,172.0,2,0.0,137,309.2,2.4,0.4,93.2,0.4,309.2,2.4,0.8
2022_10_JAX_KC,KC,259.0,2,259.0,2,0.0,75.0,0,0.0,138,280.8,2.0,0.4,111.2,0.8,280.8,2.0,0.6
2022_11_KC_LAC,KC,280.0,2,280.0,2,1.0,115.0,1,1.0,139,255.6,1.8,0.4,125.6,0.6,255.6,1.8,0.4
2022_12_LA_KC,KC,106.0,1,106.0,1,2.0,116.0,0,0.0,140,263.4,1.8,0.6,117.6,0.6,263.4,1.8,0.6
2022_13_KC_CIN,KC,286.0,2,286.0,2,0.0,152.0,1,0.0,141,218.8,1.4,1.0,115.8,0.6,218.8,1.4,0.4
2022_14_KC_DEN,KC,263.0,4,263.0,4,2.0,106.0,0,0.0,142,202.2,1.4,0.6,126.0,0.8,202.2,1.4,0.2
2022_15_KC_HOU,KC,129.0,2,129.0,2,0.0,94.0,1,1.0,143,238.8,2.2,1.0,112.8,0.4,238.8,2.2,0.2
2022_16_SEA_KC,KC,215.0,1,215.0,1,1.0,133.0,0,0.0,144,212.8,2.2,1.0,116.6,0.6,212.8,2.2,0.4
2022_17_DEN_KC,KC,222.0,1,222.0,1,1.0,117.0,2,1.0,145,199.8,2.0,1.0,120.2,0.4,199.8,2.0,0.2
2022_18_KC_LV,KC,219.0,1,219.0,1,1.0,99.0,0,1.0,146,223.0,2.0,0.8,120.4,0.8,223.0,2.0,0.4
2023_01_DET_KC,KC,253.0,1,253.0,1,0.0,118.0,1,1.0,147,209.6,1.8,1.0,109.8,0.6,209.6,1.8,0.6
2023_02_KC_JAX,KC,215.0,0,215.0,0,0.0,74.0,0,1.0,148,207.6,1.2,0.6,112.2,0.8,207.6,1.2,0.8
2023_03_CHI_KC,KC,99.0,1,99.0,1,1.0,116.0,0,1.0,149,224.8,0.8,0.6,108.2,0.6,224.8,0.8,0.8
2023_04_KC_NYJ,KC,245.0,2,245.0,2,0.0,108.0,0,1.0,150,201.6,0.8,0.6,104.8,0.6,201.6,0.8,1.0
2023_05_KC_MIN,KC,284.0,2,284.0,2,0.0,70.0,0,1.0,151,206.2,1.0,0.4,103.0,0.2,206.2,1.0,1.0
2023_06_DEN_KC,KC,95.0,1,95.0,1,2.0,115.0,0,1.0,152,219.2,1.2,0.2,97.2,0.2,219.2,1.2,1.0
2023_07_LAC_KC,KC,259.0,1,259.0,1,2.0,139.0,1,0.0,153,187.6,1.2,0.6,96.6,0.0,187.6,1.2,1.0
2023_08_KC_DEN,KC,114.0,3,114.0,3,0.0,153.0,0,1.0,154,196.4,1.4,1.0,109.6,0.2,196.4,1.4,0.8
2023_09_MIA_KC,KC,193.0,1,193.0,1,0.0,117.0,1,1.0,155,199.4,1.8,0.8,117.0,0.2,199.4,1.8,0.8
2023_11_PHI_KC,KC,150.0,0,150.0,0,1.0,114.0,3,0.0,156,189.0,1.6,0.8,118.8,0.4,189.0,1.6,0.8
2023_12_KC_LV,KC,248.0,1,248.0,1,0.0,123.0,1,0.0,157,162.2,1.2,1.0,127.6,1.0,162.2,1.2,0.6
2023_13_KC_GB,KC,267.0,3,267.0,3,0.0,129.0,0,0.0,158,192.8,1.2,0.6,129.2,1.2,192.8,1.2,0.4
2023_14_BUF_KC,KC,233.0,1,233.0,1,1.0,118.0,1,0.0,159,194.4,1.6,0.2,127.2,1.0,194.4,1.6,0.4
2023_15_KC_NE,KC,180.0,1,180.0,1,1.0,52.0,1,0.0,160,218.2,1.2,0.4,120.2,1.2,218.2,1.2,0.2
2023_16_LV_KC,KC,62.0,0,62.0,0,0.0,157.0,0,0.0,161,215.6,1.2,0.6,107.2,1.2,215.6,1.2,0.0
2023_17_CIN_KC,KC,197.0,1,197.0,1,0.0,104.0,1,0.0,162,198.0,1.2,0.4,115.8,0.6,198.0,1.2,0.0
2023_18_KC_LAC,KC,258.0,0,258.0,0,0.0,118.0,0,1.0,163,187.8,1.2,0.4,112.0,0.6,187.8,1.2,0.0
2024_01_BAL_KC,KC,273.0,1,273.0,1,0.0,185.0,1,1.0,164,186.0,0.6,0.4,109.8,0.6,186.0,0.6,0.2
2024_02_CIN_KC,KC,258.0,2,258.0,2,0.0,74.0,0,1.0,165,194.0,0.6,0.2,123.2,0.6,194.0,0.6,0.4
2024_03_KC_ATL,KC,230.0,1,230.0,1,1.0,82.0,1,0.0,166,209.6,0.8,0.0,127.6,0.4,209.6,0.8,0.6
2024_04_KC_LAC,KC,179.0,1,179.0,1,0.0,55.0,0,0.0,167,243.2,1.0,0.2,112.6,0.6,243.2,1.0,0.6
2024_05_NO_KC,KC,182.0,2,182.0,2,1.0,46.0,0,0.0,168,239.6,1.0,0.2,102.8,0.4,239.6,1.0,0.6
2024_07_KC_SF,KC,212.0,0,212.0,0,3.0,101.0,2,0.0,169,224.4,1.4,0.4,88.4,0.4,224.4,1.4,0.4
2024_08_KC_LV,KC,209.0,2,209.0,2,0.0,33.0,0,1.0,170,212.2,1.2,1.0,71.6,0.6,212.2,1.2,0.2
2024_09_TB_KC,KC,200.0,2,200.0,2,0.0,95.0,1,0.0,171,202.4,1.2,1.0,63.4,0.6,202.4,1.2,0.2
2024_10_DEN_KC,KC,215.0,2,215.0,2,0.0,78.0,0,0.0,172,196.4,1.4,0.8,66.0,0.6,196.4,1.4,0.2
2024_11_KC_BUF,KC,262.0,1,262.0,1,1.0,104.0,3,0.0,173,203.6,1.6,0.8,70.6,0.6,203.6,1.6,0.2
2024_12_KC_CAR,KC,263.0,1,263.0,1,0.0,85.0,1,0.0,174,219.6,1.4,0.8,82.2,1.2,219.6,1.4,0.2
2024_13_LV_KC,KC,340.0,2,340.0,2,0.0,116.0,0,1.0,175,229.8,1.6,0.2,79.0,1.0,229.8,1.6,0.2
2024_14_LAC_KC,KC,213.0,1,213.0,1,0.0,94.0,1,0.0,176,256.0,1.6,0.2,95.6,1.0,256.0,1.6,0.2
2024_15_KC_CLE,KC,164.0,0,164.0,0,4.0,139.0,1,1.0,177,258.6,1.4,0.2,95.4,1.0,258.6,1.4,0.2
2024_16_HOU_KC,KC,244.0,2,244.0,2,2.0,84.0,0,0.0,178,248.4,1.0,1.0,107.6,1.2,248.4,1.0,0.4
2024_17_KC_PIT,KC,205.0,0,205.0,0,1.0,202.0,1,1.0,179,244.8,1.2,1.2,103.6,0.6,244.8,1.2,0.4
2024_18_KC_DEN,KC,321.0,4,321.0,4,0.0,158.0,1,0.0,180,233.2,1.0,1.4,127.0,0.6,233.2,1.0,0.6
2014_01_MIN_STL,LA,170.0,2,170.0,2,0.0,185.0,1,0.0,1,,,,,,,,
2014_02_STL_TB,LA,179.0,0,179.0,0,1.0,157.0,2,0.0,2,170.0,2.0,0.0,185.0,1.0,170.0,2.0,0.0
2014_03_DAL_STL,LA,217.0,2,217.0,2,1.0,123.0,1,1.0,3,174.5,1.0,0.5,171.0,1.5,174.5,1.0,0.0
2014_05_STL_PHI,LA,207.0,2,207.0,2,1.0,145.0,0,2.0,4,188.66666666666666,1.3333333333333333,0.6666666666666666,155.0,1.3333333333333333,188.66666666666666,1.3333333333333333,0.3333333333333333
2014_06_SF_STL,LA,343.0,3,343.0,3,0.0,89.0,0,1.0,5,193.25,1.5,0.75,152.5,1.0,193.25,1.5,0.75
2014_07_SEA_STL,LA,313.0,2,313.0,2,0.0,171.0,1,0.0,6,223.2,1.8,0.6,139.8,0.8,223.2,1.8,0.8
2014_08_STL_KC,LA,223.0,0,223.0,0,0.0,140.0,3,1.0,7,251.8,1.8,0.6,137.0,0.8,251.8,1.8,0.8
2014_09_STL_SF,LA,237.0,1,237.0,1,0.0,80.0,0,2.0,8,260.6,1.8,0.4,133.6,1.0,260.6,1.8,1.0
2014_10_STL_ARI,LA,326.0,1,326.0,1,1.0,28.0,1,0.0,9,264.6,1.6,0.2,125.0,0.8,264.6,1.6,1.2
2014_11_DEN_STL,LA,389.0,1,389.0,1,2.0,28.0,0,0.0,10,288.4,1.4,0.2,101.6,1.0,288.4,1.4,0.8
2014_12_STL_SD,LA,291.0,1,291.0,1,1.0,128.0,1,1.0,11,297.6,1.0,0.6,89.4,1.0,297.6,1.0,0.6
2014_13_OAK_STL,LA,230.0,0,230.0,0,3.0,61.0,0,2.0,12,293.2,0.8,0.8,80.8,1.0,293.2,0.8,0.8
2014_14_STL_WAS,LA,232.0,0,232.0,0,2.0,27.0,0,0.0,13,294.6,0.8,1.4,65.0,0.4,294.6,0.8,1.0
2014_15_ARI_STL,LA,139.0,0,139.0,0,0.0,143.0,0,0.0,14,293.6,0.6,1.8,54.4,0.4,293.6,0.6,0.6
2014_16_NYG_STL,LA,391.0,3,391.0,3,0.0,128.0,1,0.0,15,256.2,0.4,1.6,77.4,0.2,256.2,0.4,0.6
2014_17_STL_SEA,LA,239.0,0,239.0,0,1.0,132.0,1,1.0,16,256.6,0.8,1.2,97.4,0.4,256.6,0.8,0.6
2015_01_SEA_STL,LA,251.0,1,251.0,1,1.0,124.0,0,0.0,17,246.2,0.6,1.2,98.2,0.4,246.2,0.6,0.6
2015_02_STL_WAS,LA,203.0,1,203.0,1,0.0,182.0,2,1.0,18,250.4,0.8,0.8,110.8,0.4,250.4,0.8,0.2
2015_03_PIT_STL,LA,230.0,0,230.0,0,1.0,62.0,1,0.0,19,244.6,1.0,0.4,141.8,0.8,244.6,1.0,0.4
2015_04_STL_ARI,LA,352.0,1,352.0,1,1.0,113.0,0,1.0,20,262.8,1.0,0.6,125.6,1.0,262.8,1.0,0.4
2015_05_STL_GB,LA,241.0,2,241.0,2,2.0,86.0,0,1.0,21,255.0,0.6,0.8,122.6,0.8,255.0,0.6,0.6
2015_07_CLE_STL,LA,297.0,0,297.0,0,0.0,82.0,0,4.0,22,255.4,1.0,1.0,113.4,0.6,255.4,1.0,0.6
2015_08_SF_STL,LA,162.0,0,162.0,0,0.0,38.0,0,0.0,23,264.6,0.8,0.8,105.0,0.6,264.6,0.8,1.4
2015_09_STL_MIN,LA,159.0,0,159.0,0,1.0,145.0,2,0.0,24,256.4,0.6,0.8,76.2,0.2,256.4,0.6,1.2
2015_10_CHI_STL,LA,258.0,3,258.0,3,0.0,153.0,1,1.0,25,242.2,0.6,0.8,92.8,0.4,242.2,0.6,1.2
2015_11_STL_BAL,LA,299.0,1,299.0,1,2.0,96.0,0,0.0,26,223.4,1.0,0.6,100.8,0.6,223.4,1.0,1.2
2015_12_STL_CIN,LA,236.0,3,236.0,3,1.0,140.0,0,0.0,27,235.0,0.8,0.6,102.8,0.6,235.0,0.8,1.0
2015_13_ARI_STL,LA,362.0,2,362.0,2,0.0,175.0,1,0.0,28,222.8,1.4,0.8,114.4,0.6,222.8,1.4,0.2
2015_14_DET_STL,LA,245.0,2,245.0,2,1.0,111.0,0,0.0,29,262.8,1.8,0.8,141.8,0.8,262.8,1.8,0.2
2015_15_TB_STL,LA,363.0,2,363.0,2,1.0,146.0,0,1.0,30,280.0,2.2,0.8,135.0,0.4,280.0,2.2,0.2
2015_16_STL_SEA,LA,289.0,2,289.0,2,1.0,59.0,0,2.0,31,301.0,2.0,1.0,133.6,0.2,301.0,2.0,0.2
2015_17_STL_SF,LA,354.0,1,354.0,1,1.0,108.0,0,0.0,32,299.0,2.2,0.8,126.2,0.2,299.0,2.2,0.6
2016_01_LA_SF,LA,170.0,1,170.0,1,0.0,150.0,3,1.0,33,322.6,1.8,0.8,119.8,0.2,322.6,1.8,0.6
2016_02_SEA_LA,LA,254.0,0,254.0,0,0.0,67.0,0,1.0,34,284.2,1.6,0.8,114.8,0.6,284.2,1.6,0.8
2016_03_LA_TB,LA,405.0,3,405.0,3,1.0,83.0,1,1.0,35,286.0,1.2,0.6,106.0,0.6,286.0,1.2,1.0
2016_04_LA_ARI,LA,325.0,1,325.0,1,3.0,118.0,0,2.0,36,294.4,1.4,0.6,93.4,0.8,294.4,1.4,1.0
2016_05_BUF_LA,LA,124.0,2,124.0,2,0.0,193.0,1,0.0,37,301.6,1.2,1.0,105.2,0.8,301.6,1.2,1.0
2016_06_LA_DET,LA,270.0,4,270.0,4,0.0,83.0,0,0.0,38,255.6,1.4,0.8,122.2,1.0,255.6,1.4,1.0
2016_07_NYG_LA,LA,196.0,0,196.0,0,0.0,36.0,1,1.0,39,275.6,2.0,0.8,108.8,0.4,275.6,2.0,0.8
2016_09_CAR_LA,LA,225.0,1,225.0,1,0.0,59.0,0,0.0,40,264.0,2.0,0.8,102.6,0.6,264.0,2.0,0.8
2016_10_LA_NYJ,LA,163.0,1,163.0,1,1.0,139.0,0,0.0,41,228.0,1.6,0.6,97.8,0.4,228.0,1.6,0.6
2016_11_MIA_LA,LA,172.0,2,172.0,2,1.0,98.0,0,0.0,42,195.6,1.6,0.2,102.0,0.4,195.6,1.6,0.2
2016_12_LA_NO,LA,360.0,5,360.0,5,0.0,209.0,2,1.0,43,205.2,1.6,0.4,83.0,0.2,205.2,1.6,0.2
2016_13_LA_NE,LA,269.0,1,269.0,1,0.0,133.0,1,0.0,44,223.2,1.8,0.4,108.2,0.6,223.2,1.8,0.4
2016_14_ATL_LA,LA,237.0,3,237.0,3,0.0,66.0,1,0.0,45,237.8,2.0,0.4,127.6,0.6,237.8,2.0,0.2
2016_15_LA_SEA,LA,229.0,3,229.0,3,1.0,72.0,0,0.0,46,240.2,2.4,0.4,129.0,0.8,240.2,2.4,0.2
2016_16_SF_LA,LA,266.0,2,266.0,2,1.0,70.0,1,1.0,47,253.4,2.8,0.4,115.6,0.8,253.4,2.8,0.2
2016_17_ARI_LA,LA,263.0,3,263.0,3,2.0,84.0,1,0.0,48,272.2,2.8,0.4,110.0,1.0,272.2,2.8,0.4
2017_01_IND_LA,LA,179.0,0,179.0,0,2.0,75.0,1,1.0,49,252.8,2.4,0.8,85.0,0.8,252.8,2.4,0.2
2017_02_WAS_LA,LA,179.0,1,179.0,1,0.0,229.0,2,0.0,50,234.8,2.2,1.2,73.4,0.8,234.8,2.2,0.4
2017_03_LA_SF,LA,332.0,2,332.0,2,1.0,113.0,3,1.0,51,223.2,1.8,1.2,106.0,1.0,223.2,1.8,0.4
2017_04_LA_DAL,LA,252.0,3,252.0,3,1.0,189.0,1,0.0,52,243.8,1.6,1.2,114.2,1.6,243.8,1.6,0.6
2017_05_SEA_LA,LA,198.0,1,198.0,1,2.0,62.0,0,0.0,53,241.0,1.8,1.2,138.0,1.6,241.0,1.8,0.4
2017_06_LA_JAX,LA,241.0,1,241.0,1,1.0,169.0,1,0.0,54,228.0,1.4,1.2,133.6,1.4,228.0,1.4,0.4
2017_07_ARI_LA,LA,188.0,0,188.0,0,2.0,25.0,0,0.0,55,240.4,1.6,1.0,152.4,1.4,240.4,1.6,0.2
2017_09_LA_NYG,LA,220.0,2,220.0,2,1.0,111.0,0,2.0,56,242.2,1.4,1.4,111.6,1.0,242.2,1.4,0.2
2017_10_HOU_LA,LA,221.0,1,221.0,1,2.0,89.0,0,2.0,57,219.8,1.4,1.4,111.2,0.4,219.8,1.4,0.4
2017_11_LA_MIN,LA,280.0,1,280.0,1,0.0,171.0,2,0.0,58,213.6,1.0,1.6,91.2,0.2,213.6,1.0,0.8
2017_12_NO_LA,LA,246.0,1,246.0,1,0.0,123.0,1,0.0,59,230.0,1.0,1.2,113.0,0.6,230.0,1.0,0.8
2017_13_LA_ARI,LA,221.0,1,221.0,1,2.0,118.0,1,0.0,60,231.0,1.0,1.0,103.8,0.6,231.0,1.0,0.8
2017_14_PHI_LA,LA,333.0,4,333.0,4,1.0,139.0,0,0.0,61,237.6,1.2,1.0,122.4,0.8,237.6,1.2,0.8
2017_15_LA_SEA,LA,142.0,1,142.0,1,0.0,78.0,0,2.0,62,260.2,1.6,1.0,128.0,0.8,260.2,1.6,0.4
2017_16_LA_TEN,LA,275.0,0,275.0,0,1.0,97.0,1,0.0,63,244.4,1.6,0.6,125.8,0.8,244.4,1.6,0.4
2017_17_SF_LA,LA,292.0,2,292.0,2,2.0,169.0,2,1.0,64,243.4,1.4,0.8,111.0,0.6,243.4,1.4,0.4
2018_01_LA_OAK,LA,303.0,0,303.0,0,3.0,95.0,1,0.0,65,252.6,1.6,1.2,120.2,0.8,252.6,1.6,0.6
2018_02_ARI_LA,LA,90.0,0,90.0,0,1.0,54.0,0,0.0,66,269.0,1.4,1.4,115.6,0.8,269.0,1.4,0.6
2018_03_LAC_LA,LA,226.0,2,226.0,2,0.0,141.0,1,2.0,67,220.4,0.6,1.4,98.6,0.8,220.4,0.6,0.6
2018_04_MIN_LA,LA,422.0,3,422.0,3,0.0,54.0,0,1.0,68,237.2,0.8,1.4,111.2,1.0,237.2,0.8,0.6
2018_05_LA_SEA,LA,198.0,3,198.0,3,0.0,190.0,1,0.0,69,266.6,1.4,1.2,102.6,0.8,266.6,1.4,0.8
2018_06_LA_DEN,LA,322.0,2,322.0,2,1.0,60.0,0,0.0,70,247.8,1.6,0.8,106.8,0.6,247.8,1.6,0.6
2018_07_LA_SF,LA,170.0,1,170.0,1,2.0,107.0,0,2.0,71,251.6,2.0,0.4,99.8,0.4,251.6,2.0,0.6
2018_08_GB_LA,LA,286.0,1,286.0,1,0.0,106.0,2,0.0,72,267.6,2.2,0.6,110.4,0.4,267.6,2.2,1.0
2018_09_LA_NO,LA,346.0,4,346.0,4,0.0,141.0,2,1.0,73,279.6,2.0,0.6,103.4,0.6,279.6,2.0,0.6
2018_10_SEA_LA,LA,176.0,3,176.0,3,0.0,273.0,1,1.0,74,264.4,2.2,0.6,120.8,1.0,264.4,2.2,0.6
2018_11_KC_LA,LA,478.0,6,478.0,6,3.0,98.0,0,2.0,75,260.0,2.2,0.6,137.4,1.0,260.0,2.2,0.8
2018_13_LA_DET,LA,245.0,1,245.0,1,1.0,102.0,0,1.0,76,291.2,3.0,1.0,145.0,1.0,291.2,3.0,1.2
2018_14_LA_CHI,LA,110.0,1,110.0,1,3.0,194.0,0,0.0,77,306.2,3.0,0.8,144.0,1.0,306.2,3.0,1.0
2018_15_PHI_LA,LA,270.0,0,270.0,0,1.0,111.0,3,0.0,78,271.0,3.0,1.4,161.6,0.6,271.0,3.0,1.0
2018_16_LA_ARI,LA,182.0,1,182.0,1,0.0,104.0,0,0.0,79,255.8,2.2,1.6,155.6,0.8,255.8,2.2,0.8
2018_17_SF_LA,LA,282.0,3,282.0,3,3.0,127.0,1,1.0,80,257.0,1.8,1.6,121.8,0.6,257.0,1.8,0.6
2019_01_LA_CAR,LA,239.0,0,239.0,0,1.0,127.0,3,2.0,81,217.8,1.2,1.6,127.6,0.8,217.8,1.2,0.4
2019_02_NO_LA,LA,203.0,0,203.0,0,1.0,57.0,0,0.0,82,216.6,1.0,1.6,132.6,1.4,216.6,1.0,0.6
2019_03_LA_CLE,LA,195.0,1,195.0,1,1.0,95.0,0,0.0,83,235.2,0.8,1.2,105.2,1.4,235.2,0.8,0.6
2019_04_TB_LA,LA,385.0,4,385.0,4,1.0,88.0,2,0.0,84,220.2,1.0,1.2,102.0,0.8,220.2,1.0,0.6
2019_05_LA_SEA,LA,268.0,4,268.0,4,0.0,167.0,0,1.0,85,260.8,1.6,1.4,98.8,1.2,260.8,1.6,0.6
2019_06_SF_LA,LA,243.0,0,243.0,0,1.0,99.0,2,1.0,86,258.0,1.8,0.8,106.8,1.0,258.0,1.8,0.6
2019_07_LA_ATL,LA,224.0,1,224.0,1,1.0,38.0,0,1.0,87,258.8,1.8,0.8,101.2,0.8,258.8,1.8,0.4
2019_08_CIN_LA,LA,329.0,1,329.0,1,0.0,104.0,0,0.0,88,263.0,2.0,0.8,97.4,0.8,263.0,2.0,0.6
2019_10_LA_PIT,LA,242.0,1,242.0,1,0.0,42.0,0,1.0,89,289.8,2.0,0.6,99.2,0.8,289.8,2.0,0.6
2019_11_CHI_LA,LA,199.0,1,199.0,1,1.0,74.0,0,0.0,90,261.2,1.4,0.4,90.0,0.4,261.2,1.4,0.8
2019_12_BAL_LA,LA,208.0,5,208.0,5,0.0,285.0,1,0.0,91,247.4,0.8,0.6,71.4,0.4,247.4,0.8,0.6
2019_13_LA_ARI,LA,163.0,0,163.0,0,1.0,74.0,1,0.0,92,240.4,1.8,0.4,108.6,0.2,240.4,1.8,0.4
2019_14_SEA_LA,LA,245.0,0,245.0,0,1.0,106.0,0,0.0,93,228.2,1.6,0.4,115.8,0.4,228.2,1.6,0.2
2019_15_LA_DAL,LA,212.0,2,212.0,2,0.0,263.0,3,0.0,94,211.4,1.4,0.6,116.2,0.4,211.4,1.4,0.2
2019_16_LA_SF,LA,248.0,1,248.0,1,2.0,119.0,2,0.0,95,205.4,1.6,0.6,160.4,1.0,205.4,1.6,0.0
2019_17_ARI_LA,LA,325.0,2,325.0,2,2.0,71.0,1,3.0,96,215.2,1.6,0.8,169.4,1.4,215.2,1.6,0.0
2020_01_DAL_LA,LA,266.0,1,266.0,1,0.0,136.0,1,0.0,97,238.6,1.0,1.2,126.6,1.4,238.6,1.0,0.6
2020_02_LA_PHI,LA,242.0,0,242.0,0,2.0,121.0,2,1.0,98,259.2,1.2,1.0,139.0,1.4,259.2,1.2,0.6
2020_03_LA_BUF,LA,311.0,4,311.0,4,1.0,101.0,1,1.0,99,258.6,1.2,1.2,142.0,1.8,258.6,1.2,0.8
2020_04_NYG_LA,LA,190.0,0,190.0,0,1.0,136.0,0,0.0,100,278.4,1.6,1.4,109.6,1.4,278.4,1.6,1.0
2020_05_LA_WAS,LA,111.0,0,111.0,0,0.0,38.0,1,0.0,101,266.8,1.4,1.2,113.0,1.0,266.8,1.4,1.0
2020_06_LA_SF,LA,268.0,3,268.0,3,0.0,122.0,0,0.0,102,224.0,1.0,0.8,106.4,1.0,224.0,1.0,0.4
2020_07_CHI_LA,LA,261.0,0,261.0,0,2.0,49.0,0,0.0,103,224.4,1.4,0.8,103.6,0.8,224.4,1.4,0.4
2020_08_LA_MIA,LA,93.0,1,93.0,1,0.0,55.0,1,2.0,104,228.2,1.4,0.8,89.2,0.4,228.2,1.4,0.2
2020_10_SEA_LA,LA,248.0,0,248.0,0,2.0,113.0,1,1.0,105,184.6,0.8,0.6,80.0,0.4,184.6,0.8,0.4
2020_11_LA_TB,LA,216.0,2,216.0,2,2.0,42.0,1,0.0,106,196.2,0.8,0.8,75.4,0.6,196.2,0.8,0.6
2020_12_SF_LA,LA,252.0,0,252.0,0,1.0,112.0,1,2.0,107,217.2,1.2,1.2,76.2,0.6,217.2,1.2,0.6
2020_13_LA_ARI,LA,173.0,3,173.0,3,1.0,92.0,1,1.0,108,214.0,0.6,1.4,74.2,0.8,214.0,0.6,1.0
2020_14_NE_LA,LA,146.0,0,146.0,0,1.0,107.0,0,0.0,109,196.4,1.2,1.2,82.8,1.0,196.4,1.2,1.2
2020_15_NYJ_LA,LA,207.0,1,207.0,1,0.0,93.0,1,0.0,110,207.0,1.0,1.4,93.2,0.8,207.0,1.0,0.8
2020_16_LA_SEA,LA,225.0,1,225.0,1,0.0,95.0,1,0.0,111,198.8,1.2,1.0,89.2,0.8,198.8,1.2,0.6
2020_17_ARI_LA,LA,192.0,1,192.0,1,1.0,48.0,0,0.0,112,200.6,1.0,0.6,99.8,0.8,200.6,1.0,0.6
2021_01_CHI_LA,LA,216.0,0,216.0,0,1.0,134.0,2,1.0,113,188.6,1.2,0.6,87.0,0.6,188.6,1.2,0.2
2021_02_LA_IND,LA,272.0,1,272.0,1,2.0,109.0,0,0.0,114,197.2,0.6,0.6,95.4,0.8,197.2,0.6,0.2
2021_03_TB_LA,LA,432.0,1,432.0,1,0.0,35.0,2,0.0,115,222.4,0.8,0.8,95.8,0.8,222.4,0.8,0.2
2021_04_ARI_LA,LA,268.0,2,268.0,2,0.0,216.0,2,0.0,116,267.4,0.8,0.8,84.2,1.0,267.4,0.8,0.2
2021_05_LA_SEA,LA,283.0,2,283.0,2,2.0,92.0,0,0.0,117,276.0,1.0,0.8,108.4,1.2,276.0,1.0,0.2
2021_06_LA_NYG,LA,242.0,0,242.0,0,3.0,60.0,1,1.0,118,294.2,1.2,1.0,117.2,1.2,294.2,1.2,0.2
2021_07_DET_LA,LA,285.0,1,285.0,1,2.0,137.0,0,0.0,119,299.4,1.2,1.4,102.4,1.0,299.4,1.2,0.2
2021_08_LA_HOU,LA,310.0,2,310.0,2,1.0,44.0,1,0.0,120,302.0,1.2,1.4,108.0,1.0,302.0,1.2,0.2
2021_09_TEN_LA,LA,143.0,1,143.0,1,1.0,69.0,2,0.0,121,277.6,1.4,1.6,109.8,0.8,277.6,1.4,0.2
2021_10_LA_SF,LA,182.0,2,182.0,2,0.0,156.0,1,0.0,122,252.6,1.2,1.8,80.4,0.8,252.6,1.2,0.2
2021_12_LA_GB,LA,307.0,2,307.0,2,0.0,92.0,1,0.0,123,232.4,1.2,1.4,93.2,1.0,232.4,1.2,0.2
2021_13_JAX_LA,LA,145.0,0,145.0,0,0.0,61.0,1,2.0,124,245.4,1.6,0.8,99.6,1.0,245.4,1.6,0.0
2021_14_LA_ARI,LA,383.0,0,383.0,0,2.0,103.0,2,0.0,125,217.4,1.4,0.4,84.4,1.2,217.4,1.4,0.4
2021_15_SEA_LA,LA,156.0,0,156.0,0,1.0,80.0,1,0.0,126,232.0,1.0,0.6,96.2,1.4,232.0,1.0,0.4
2021_16_LA_MIN,LA,315.0,1,315.0,1,1.0,66.0,1,0.0,127,234.6,0.8,0.6,98.4,1.2,234.6,0.8,0.4
2021_17_LA_BAL,LA,197.0,0,197.0,0,1.0,165.0,0,1.0,128,261.2,0.6,0.8,80.4,1.2,261.2,0.6,0.4
2021_18_SF_LA,LA,340.0,2,340.0,2,2.0,135.0,1,0.0,129,239.2,0.2,1.0,95.0,1.0,239.2,0.2,0.6
2022_01_BUF_LA,LA,297.0,3,297.0,3,2.0,121.0,1,2.0,130,278.2,0.6,1.4,109.8,1.0,278.2,0.6,0.2
2022_02_ATL_LA,LA,196.0,2,196.0,2,2.0,90.0,0,1.0,131,261.0,1.2,1.4,113.4,0.8,261.0,1.2,0.6
2022_03_LA_ARI,LA,314.0,0,314.0,0,0.0,70.0,0,0.0,132,269.0,1.6,1.6,115.4,0.6,269.0,1.6,0.8
2022_04_LA_SF,LA,239.0,1,239.0,1,0.0,88.0,1,0.0,133,268.8,1.4,1.4,116.2,0.4,268.8,1.4,0.8
2022_05_DAL_LA,LA,102.0,0,102.0,0,0.0,163.0,1,0.0,134,277.2,1.6,1.2,100.8,0.6,277.2,1.6,0.6
2022_06_CAR_LA,LA,119.0,0,119.0,0,1.0,93.0,0,0.0,135,229.6,1.2,0.8,106.4,0.6,229.6,1.2,0.6
2022_08_SF_LA,LA,269.0,3,269.0,3,0.0,111.0,1,0.0,136,194.0,0.6,0.6,100.8,0.4,194.0,0.6,0.2
2022_09_LA_TB,LA,280.0,1,280.0,1,0.0,51.0,0,0.0,137,208.6,0.8,0.2,105.0,0.6,208.6,0.8,0.0
2022_10_ARI_LA,LA,238.0,1,238.0,1,0.0,78.0,2,0.0,138,201.8,1.0,0.2,101.2,0.6,201.8,1.0,0.0
2022_11_LA_NO,LA,274.0,3,274.0,3,0.0,88.0,0,0.0,139,201.6,1.0,0.2,99.2,0.8,201.6,1.0,0.0
2022_12_LA_KC,LA,320.0,1,320.0,1,1.0,117.0,1,0.0,140,236.0,1.6,0.2,84.2,0.6,236.0,1.6,0.0
2022_13_SEA_LA,LA,367.0,3,367.0,3,1.0,90.0,0,1.0,141,276.2,1.8,0.2,89.0,0.8,276.2,1.8,0.0
2022_14_LV_LA,LA,137.0,0,137.0,0,2.0,165.0,1,0.0,142,295.8,1.8,0.4,84.8,0.6,295.8,1.8,0.2
2022_15_LA_GB,LA,229.0,1,229.0,1,1.0,138.0,2,1.0,143,267.2,1.6,0.8,107.6,0.8,267.2,1.6,0.2
2022_16_DEN_LA,LA,259.0,1,259.0,1,4.0,104.0,0,0.0,144,265.4,1.6,1.0,119.6,0.8,265.4,1.6,0.4
2022_17_LA_LAC,LA,239.0,2,239.0,2,0.0,192.0,2,0.0,145,262.4,1.2,1.8,122.8,0.8,262.4,1.2,0.4
2022_18_LA_SEA,LA,213.0,1,213.0,1,2.0,197.0,0,0.0,146,246.2,1.4,1.6,137.8,1.0,246.2,1.4,0.4
2023_01_LA_SEA,LA,112.0,1,112.0,1,0.0,85.0,0,0.0,147,215.4,1.0,1.8,159.2,1.0,215.4,1.0,0.2
2023_02_SF_LA,LA,206.0,0,206.0,0,0.0,159.0,3,0.0,148,210.4,1.2,1.4,143.2,0.8,210.4,1.2,0.2
2023_03_LA_CIN,LA,259.0,0,259.0,0,1.0,67.0,1,0.0,149,205.8,1.0,1.2,147.4,1.0,205.8,1.0,0.0
2023_04_LA_IND,LA,200.0,2,200.0,2,0.0,133.0,1,1.0,150,205.8,0.8,0.6,140.0,1.2,205.8,0.8,0.0
2023_05_PHI_LA,LA,303.0,1,303.0,1,1.0,159.0,1,0.0,151,198.0,0.8,0.6,128.2,1.0,198.0,0.8,0.2
2023_06_ARI_LA,LA,235.0,0,235.0,0,1.0,130.0,0,1.0,152,216.0,0.8,0.4,120.6,1.2,216.0,0.8,0.2
2023_07_PIT_LA,LA,230.0,0,230.0,0,0.0,86.0,3,0.0,153,240.6,0.6,0.6,129.6,1.2,240.6,0.6,0.4
2023_08_LA_DAL,LA,307.0,4,307.0,4,1.0,102.0,0,0.0,154,245.4,0.6,0.6,115.0,1.2,245.4,0.6,0.4
2023_09_LA_GB,LA,228.0,1,228.0,1,0.0,184.0,1,2.0,155,255.0,1.4,0.6,122.0,1.0,255.0,1.4,0.4
2023_11_SEA_LA,LA,236.0,1,236.0,1,1.0,68.0,0,0.0,156,260.6,1.2,0.6,132.2,1.0,260.6,1.2,0.6
2023_12_LA_ARI,LA,256.0,1,256.0,1,0.0,73.0,1,0.0,157,247.2,1.2,0.6,114.0,0.8,247.2,1.2,0.6
2023_13_CLE_LA,LA,254.0,2,254.0,2,1.0,87.0,0,0.0,158,251.4,1.4,0.4,102.6,1.0,251.4,1.4,0.4
2023_14_LA_BAL,LA,316.0,3,316.0,3,1.0,139.0,0,0.0,159,256.2,1.8,0.6,102.8,0.4,256.2,1.8,0.4
2023_15_WAS_LA,LA,226.0,3,226.0,3,1.0,79.0,0,0.0,160,258.0,1.6,0.6,110.2,0.4,258.0,1.6,0.4
2023_16_NO_LA,LA,319.0,3,319.0,3,1.0,35.0,0,0.0,161,257.6,2.0,0.8,89.2,0.2,257.6,2.0,0.0
2023_17_LA_NYG,LA,319.0,1,319.0,1,1.0,105.0,1,0.0,162,274.2,2.4,0.8,82.6,0.2,274.2,2.4,0.0
2023_18_LA_SF,LA,189.0,1,189.0,1,0.0,125.0,2,1.0,163,286.8,2.4,1.0,89.0,0.2,286.8,2.4,0.0
2024_01_LA_DET,LA,217.0,1,217.0,1,1.0,163.0,2,0.0,164,273.8,2.2,0.8,96.6,0.6,273.8,2.2,0.2
2024_02_LA_ARI,LA,266.0,3,266.0,3,0.0,231.0,1,1.0,165,254.0,1.8,0.8,101.4,1.0,254.0,1.8,0.2
2024_03_SF_LA,LA,293.0,3,292.0,3,0.0,137.0,0,1.0,166,262.0,1.8,0.6,131.8,1.2,262.0,1.8,0.4
2024_04_LA_CHI,LA,157.0,1,157.0,1,0.0,131.0,2,0.0,167,256.6,1.8,0.4,152.2,1.2,256.8,1.8,0.6
2024_05_GB_LA,LA,224.0,2,224.0,2,1.0,126.0,1,0.0,168,224.2,1.8,0.2,157.4,1.4,224.4,1.8,0.6
2024_07_LV_LA,LA,206.0,0,206.0,0,3.0,122.0,0,1.0,169,231.2,2.0,0.4,157.6,1.2,231.4,2.0,0.4
2024_08_MIN_LA,LA,240.0,2,240.0,2,0.0,64.0,0,0.0,170,229.0,1.8,0.8,149.4,0.8,229.2,1.8,0.6
2024_09_LA_SEA,LA,363.0,3,363.0,3,3.0,107.0,0,0.0,171,223.8,1.6,0.8,116.0,0.6,224.0,1.6,0.4
2024_10_MIA_LA,LA,207.0,1,207.0,1,1.0,67.0,1,1.0,172,238.0,1.6,1.4,110.0,0.6,238.0,1.6,0.2
2024_11_LA_NE,LA,282.0,2,282.0,2,1.0,125.0,0,1.0,173,248.0,1.6,1.6,97.2,0.4,248.0,1.6,0.4
2024_12_PHI_LA,LA,179.0,1,179.0,1,0.0,314.0,3,0.0,174,259.6,1.6,1.6,97.0,0.2,259.6,1.6,0.6
2024_13_LA_NO,LA,184.0,1,184.0,1,0.0,143.0,0,0.0,175,254.2,1.8,1.0,135.4,0.8,254.2,1.8,0.4
2024_14_BUF_LA,LA,342.0,3,342.0,3,0.0,103.0,3,0.0,176,243.0,1.6,1.0,151.2,0.8,243.0,1.6,0.4
2024_15_LA_SF,LA,142.0,0,142.0,0,1.0,63.0,0,0.0,177,238.8,1.6,0.4,150.4,1.4,238.8,1.6,0.4
2024_16_LA_NYJ,LA,256.0,1,256.0,1,0.0,75.0,0,1.0,178,225.8,1.4,0.4,149.6,1.2,225.8,1.4,0.2
2024_17_ARI_LA,LA,321.0,1,321.0,1,2.0,113.0,0,0.0,179,220.6,1.2,0.2,139.6,1.2,220.6,1.2,0.2
2024_18_SEA_LA,LA,191.0,4,223.0,4,0.0,126.0,0,0.0,180,249.0,1.2,0.6,99.4,0.6,249.0,1.2,0.2
2014_01_SD_ARI,LAC,304.0,2,304.0,2,0.0,109.0,0,2.0,1,,,,,,,,
2014_02_SEA_SD,LAC,202.0,2,202.0,2,0.0,108.0,1,0.0,2,304.0,2.0,0.0,109.0,0.0,304.0,2.0,2.0
2014_03_SD_BUF,LAC,238.0,1,238.0,1,0.0,87.0,0,0.0,3,253.0,2.0,0.0,108.5,0.5,253.0,2.0,1.0
2014_04_JAX_SD,LAC,254.0,1,254.0,1,2.0,85.0,1,1.0,4,248.0,1.6666666666666667,0.0,101.33333333333333,0.3333333333333333,248.0,1.6666666666666667,0.6666666666666666
2014_05_NYJ_SD,LAC,74.0,0,74.0,0,1.0,91.0,0,1.0,5,249.5,1.5,0.5,97.25,0.5,249.5,1.5,0.75
2014_06_SD_OAK,LAC,282.0,4,282.0,4,1.0,114.0,0,0.0,6,214.4,1.2,0.6,96.0,0.4,214.4,1.2,0.8
2014_07_KC_SD,LAC,221.0,1,221.0,1,0.0,154.0,1,0.0,7,210.0,1.6,0.8,97.0,0.4,210.0,1.6,0.4
2014_08_SD_DEN,LAC,286.0,3,286.0,3,0.0,139.0,2,0.0,8,213.8,1.4,0.8,106.2,0.4,213.8,1.4,0.4
2014_09_SD_MIA,LAC,309.0,3,309.0,3,0.0,132.0,1,0.0,9,223.4,1.8,0.8,116.6,0.8,223.4,1.8,0.4
2014_11_OAK_SD,LAC,172.0,0,172.0,0,0.0,71.0,0,1.0,10,234.4,2.2,0.4,126.0,0.8,234.4,2.2,0.2
2014_12_STL_SD,LAC,217.0,1,217.0,1,2.0,107.0,1,1.0,11,254.0,2.2,0.2,122.0,0.8,254.0,2.2,0.2
2014_13_SD_BAL,LAC,225.0,2,225.0,2,0.0,125.0,1,0.0,12,241.0,1.6,0.4,120.6,1.0,241.0,1.6,0.4
2014_14_NE_SD,LAC,317.0,2,317.0,2,1.0,87.0,0,1.0,13,241.8,1.8,0.4,114.8,1.0,241.8,1.8,0.4
2014_15_DEN_SD,LAC,233.0,1,233.0,1,0.0,111.0,0,0.0,14,248.0,1.6,0.6,104.4,0.6,248.0,1.6,0.6
2014_16_SD_SF,LAC,114.0,1,114.0,1,0.0,355.0,3,3.0,15,232.8,1.2,0.6,100.2,0.4,232.8,1.2,0.6
2014_17_SD_KC,LAC,157.0,0,157.0,1,0.0,111.0,0,0.0,16,221.2,1.4,0.6,157.0,1.0,221.2,1.4,1.0
2015_01_DET_SD,LAC,246.0,2,246.0,2,2.0,69.0,1,0.0,17,209.2,1.4,0.2,157.8,0.8,209.2,1.2,0.8
2015_02_SD_CIN,LAC,214.0,3,214.0,3,0.0,175.0,0,2.0,18,213.4,1.4,0.6,146.6,0.8,213.4,1.2,0.8
2015_03_SD_MIN,LAC,121.0,0,121.0,0,1.0,163.0,3,0.0,19,192.8,1.6,0.4,164.2,0.8,192.8,1.4,1.0
2015_04_CLE_SD,LAC,356.0,2,356.0,2,0.0,100.0,0,1.0,20,170.4,1.4,0.6,174.6,1.4,170.4,1.2,1.0
2015_05_PIT_SD,LAC,203.0,1,203.0,1,1.0,155.0,1,0.0,21,218.8,1.6,0.6,123.6,0.8,218.8,1.4,0.6
2015_06_SD_GB,LAC,255.0,2,255.0,2,0.0,133.0,1,0.0,22,228.0,1.6,0.8,132.4,1.0,228.0,1.6,0.6
2015_07_OAK_SD,LAC,289.0,3,289.0,3,0.0,130.0,1,0.0,23,229.8,1.6,0.4,145.2,1.0,229.8,1.6,0.6
2015_08_SD_BAL,LAC,319.0,1,319.0,1,0.0,72.0,1,0.0,24,244.8,1.6,0.4,136.2,1.2,244.8,1.6,0.2
2015_09_CHI_SD,LAC,345.0,2,345.0,2,1.0,109.0,1,1.0,25,284.4,1.8,0.2,118.0,0.8,284.4,1.8,0.2
2015_11_KC_SD,LAC,253.0,0,253.0,0,0.0,153.0,3,0.0,26,282.2,1.8,0.4,119.8,1.0,282.2,1.8,0.2
2015_12_SD_JAX,LAC,329.0,2,329.0,2,1.0,102.0,0,0.0,27,292.2,1.6,0.2,119.4,1.4,292.2,1.6,0.2
2015_13_DEN_SD,LAC,166.0,1,166.0,1,1.0,134.0,0,0.0,28,307.0,1.6,0.4,113.2,1.2,307.0,1.6,0.2
2015_14_SD_KC,LAC,191.0,1,191.0,1,1.0,150.0,0,0.0,29,282.4,1.2,0.6,114.0,1.0,282.4,1.2,0.2
2015_15_MIA_SD,LAC,216.0,0,216.0,0,0.0,44.0,2,0.0,30,256.8,1.2,0.8,129.6,0.8,256.8,1.2,0.2
2015_16_SD_OAK,LAC,204.0,1,204.0,1,1.0,106.0,1,0.0,31,231.0,0.8,0.6,116.6,1.0,231.0,0.8,0.0
2015_17_SD_DEN,LAC,301.0,1,301.0,1,2.0,210.0,2,3.0,32,221.2,1.0,0.8,107.2,0.6,221.2,1.0,0.0
2016_01_SD_KC,LAC,363.0,2,363.0,2,1.0,83.0,2,0.0,33,215.6,0.8,1.0,128.8,1.0,215.6,0.8,0.6
2016_02_JAX_SD,LAC,329.0,2,329.0,2,2.0,69.0,0,1.0,34,255.0,1.0,1.0,118.6,1.4,255.0,1.0,0.6
2016_03_SD_IND,LAC,331.0,1,331.0,1,1.0,93.0,2,1.0,35,282.6,1.2,1.2,102.4,1.4,282.6,1.2,0.8
2016_04_NO_SD,LAC,207.0,2,207.0,2,2.0,83.0,3,0.0,36,305.6,1.4,1.4,112.2,1.4,305.6,1.4,1.0
2016_05_SD_OAK,LAC,317.0,2,317.0,2,1.0,89.0,1,0.0,37,306.2,1.6,1.6,107.6,1.8,306.2,1.6,1.0
2016_06_DEN_SD,LAC,230.0,1,230.0,1,0.0,84.0,0,2.0,38,309.4,1.8,1.4,83.4,1.6,309.4,1.8,0.4
2016_07_SD_ATL,LAC,273.0,1,273.0,1,1.0,130.0,1,0.0,39,282.8,1.6,1.2,83.6,1.2,282.8,1.6,0.8
2016_08_SD_DEN,LAC,276.0,0,276.0,0,1.0,57.0,2,2.0,40,271.6,1.4,1.0,95.8,1.4,271.6,1.4,0.6
2016_09_TEN_SD,LAC,313.0,3,313.0,3,2.0,80.0,2,1.0,41,260.6,1.2,1.0,88.6,1.4,260.6,1.2,0.8
2016_10_MIA_SD,LAC,240.0,2,240.0,2,0.0,106.0,1,0.0,42,281.8,1.4,1.0,88.0,1.2,281.8,1.4,1.0
2016_12_SD_HOU,LAC,246.0,0,246.0,0,3.0,114.0,1,1.0,43,266.4,1.4,0.8,91.4,1.2,266.4,1.4,1.0
2016_13_TB_SD,LAC,280.0,1,280.0,1,1.0,81.0,1,0.0,44,269.6,1.2,1.4,97.4,1.4,269.6,1.2,0.8
2016_14_SD_CAR,LAC,160.0,1,160.0,1,1.0,126.0,1,0.0,45,271.0,1.2,1.4,87.6,1.4,271.0,1.2,0.8
2016_15_OAK_SD,LAC,213.0,1,213.0,1,1.0,145.0,0,1.0,46,247.8,1.4,1.4,101.4,1.2,247.8,1.4,0.4
2016_16_SD_CLE,LAC,175.0,0,175.0,0,0.0,124.0,2,0.0,47,227.8,1.0,1.2,114.4,0.8,227.8,1.0,0.4
2016_17_KC_SD,LAC,264.0,2,264.0,2,1.0,103.0,1,0.0,48,214.8,0.6,1.2,118.0,1.0,214.8,0.6,0.4
2017_01_LAC_DEN,LAC,219.0,2,219.0,2,1.0,140.0,1,1.0,49,218.4,1.0,0.8,115.8,1.0,218.4,1.0,0.2
2017_02_MIA_LAC,LAC,230.0,1,230.0,1,0.0,111.0,0,0.0,50,206.2,1.2,0.8,127.6,1.0,206.2,1.2,0.4
2017_03_KC_LAC,LAC,155.0,2,155.0,2,0.0,189.0,1,0.0,51,220.2,1.2,0.6,124.6,0.8,220.2,1.2,0.4
2017_04_PHI_LAC,LAC,242.0,1,242.0,1,0.0,214.0,1,0.0,52,208.6,1.4,0.4,133.4,1.0,208.6,1.4,0.2
2017_05_LAC_NYG,LAC,225.0,2,225.0,2,1.0,152.0,1,1.0,53,222.0,1.6,0.4,151.4,0.8,222.0,1.6,0.2
2017_06_LAC_OAK,LAC,171.0,1,171.0,1,2.0,109.0,1,0.0,54,214.2,1.6,0.4,161.2,0.8,214.2,1.6,0.4
2017_07_DEN_LAC,LAC,207.0,0,207.0,0,1.0,69.0,0,2.0,55,204.6,1.4,0.6,155.0,0.8,204.6,1.4,0.2
2017_08_LAC_NE,LAC,333.0,1,333.0,1,0.0,97.0,0,0.0,56,200.0,1.2,0.8,146.6,0.8,200.0,1.2,0.6
2017_10_LAC_JAX,LAC,273.0,1,273.0,1,2.0,135.0,1,0.0,57,235.6,1.0,0.8,128.2,0.6,235.6,1.0,0.6
2017_11_BUF_LAC,LAC,224.0,1,224.0,1,5.0,173.0,2,1.0,58,241.8,1.0,1.2,112.4,0.6,241.8,1.0,0.6
2017_12_LAC_DAL,LAC,179.0,0,179.0,0,2.0,79.0,1,0.0,59,241.6,0.8,2.0,116.6,0.8,241.6,0.8,0.6
2017_13_CLE_LAC,LAC,215.0,1,215.0,1,1.0,89.0,0,1.0,60,243.2,0.6,2.0,110.6,0.8,243.2,0.6,0.6
2017_14_WAS_LAC,LAC,151.0,1,151.0,1,1.0,65.0,0,0.0,61,244.8,0.8,2.0,114.6,0.8,244.8,0.8,0.4
2017_15_LAC_KC,LAC,231.0,2,231.0,2,0.0,174.0,1,0.0,62,208.4,0.8,2.2,108.2,0.8,208.4,0.8,0.4
2017_16_LAC_NYJ,LAC,121.0,0,119.0,0,1.0,197.0,1,2.0,63,200.0,1.0,1.8,116.0,0.8,200.0,1.0,0.4
2017_17_OAK_LAC,LAC,243.0,1,243.0,1,1.0,105.0,0,1.0,64,179.0,0.8,1.0,120.8,0.6,179.4,0.8,0.6
2018_01_KC_LAC,LAC,256.0,4,256.0,4,0.0,106.0,0,0.0,65,191.8,1.0,0.8,126.0,0.4,192.2,1.0,0.8
2018_02_LAC_BUF,LAC,215.0,1,215.0,1,2.0,84.0,1,0.0,66,200.0,1.6,0.6,129.4,0.4,200.4,1.6,0.6
2018_03_LAC_LA,LAC,354.0,3,354.0,3,1.0,171.0,1,1.0,67,212.8,1.6,0.8,133.2,0.6,213.2,1.6,0.6
2018_04_SF_LAC,LAC,298.0,2,298.0,2,2.0,76.0,0,0.0,68,237.4,1.8,1.0,132.6,0.6,237.8,1.8,0.8
2018_05_OAK_LAC,LAC,268.0,1,268.0,1,1.0,41.0,0,1.0,69,273.2,2.2,1.2,108.4,0.4,273.2,2.2,0.4
2018_06_LAC_CLE,LAC,238.0,1,238.0,1,2.0,103.0,0,0.0,70,278.2,2.2,1.2,95.6,0.4,278.2,2.2,0.4
2018_07_TEN_LAC,LAC,237.0,1,237.0,1,1.0,164.0,1,0.0,71,274.6,1.6,1.6,95.0,0.4,274.6,1.6,0.4
2018_09_LAC_SEA,LAC,235.0,2,235.0,2,1.0,154.0,0,0.0,72,279.0,1.6,1.4,111.0,0.4,279.0,1.6,0.4
2018_10_LAC_OAK,LAC,243.0,0,243.0,0,0.0,114.0,0,1.0,73,255.2,1.4,1.4,107.6,0.2,255.2,1.4,0.2
2018_11_DEN_LAC,LAC,217.0,0,217.0,0,0.0,108.0,3,0.0,74,244.2,1.0,1.0,115.2,0.2,244.2,1.0,0.4
2018_12_ARI_LAC,LAC,105.0,1,105.0,1,1.0,62.0,0,0.0,75,234.0,0.8,0.8,128.6,0.8,234.0,0.8,0.2
2018_13_LAC_PIT,LAC,281.0,2,281.0,2,1.0,65.0,2,0.0,76,207.4,0.8,0.6,120.4,0.8,207.4,0.8,0.2
2018_14_CIN_LAC,LAC,170.0,1,170.0,1,0.0,144.0,1,0.0,77,216.2,1.0,0.6,100.6,1.0,216.2,1.0,0.2
2018_15_LAC_KC,LAC,243.0,2,243.0,2,0.0,60.0,2,0.0,78,203.2,0.8,0.4,98.6,1.2,203.2,0.8,0.2
2018_16_BAL_LAC,LAC,204.0,1,204.0,1,0.0,159.0,0,1.0,79,203.2,1.2,0.4,87.8,1.6,203.2,1.2,0.0
2018_17_LAC_DEN,LAC,292.0,1,292.0,1,1.0,82.0,0,2.0,80,200.6,1.4,0.4,98.0,1.0,200.6,1.4,0.2
2019_01_IND_LAC,LAC,190.0,2,190.0,2,0.0,203.0,1,0.0,81,238.0,1.4,0.4,102.0,1.0,238.0,1.4,0.6
2019_02_LAC_DET,LAC,245.0,2,245.0,2,2.0,94.0,0,0.0,82,219.8,1.4,0.2,129.6,0.8,219.8,1.4,0.6
2019_03_HOU_LAC,LAC,351.0,3,351.0,3,0.0,39.0,1,1.0,83,234.8,1.6,0.6,119.6,0.6,234.8,1.6,0.6
2019_04_LAC_MIA,LAC,180.0,1,180.0,1,1.0,72.0,0,0.0,84,256.4,1.8,0.6,115.4,0.4,256.4,1.8,0.8
2019_05_DEN_LAC,LAC,182.0,1,182.0,1,1.0,191.0,1,1.0,85,251.6,1.8,0.8,98.0,0.4,251.6,1.8,0.6
2019_06_PIT_LAC,LAC,132.0,1,132.0,1,1.0,124.0,1,0.0,86,229.6,1.8,0.8,119.8,0.6,229.6,1.8,0.4
2019_07_LAC_TEN,LAC,323.0,2,323.0,2,1.0,97.0,1,0.0,87,218.0,1.6,1.0,104.0,0.6,218.0,1.6,0.4
2019_08_LAC_CHI,LAC,253.0,0,253.0,0,1.0,162.0,1,1.0,88,233.6,1.6,0.8,104.6,0.8,233.6,1.6,0.4
2019_09_GB_LAC,LAC,161.0,1,161.0,1,0.0,45.0,0,0.0,89,214.0,1.0,1.0,129.2,0.8,214.0,1.0,0.4
2019_10_LAC_OAK,LAC,218.0,1,218.0,1,0.0,78.0,1,0.0,90,210.2,1.0,0.8,123.8,0.8,210.2,1.0,0.4
2019_11_KC_LAC,LAC,182.0,1,182.0,1,1.0,130.0,2,0.0,91,217.4,1.0,0.6,101.2,0.8,217.4,1.0,0.2
2019_13_LAC_DEN,LAC,134.0,2,134.0,2,1.0,84.0,0,0.0,92,227.4,1.0,0.6,102.4,1.0,227.4,1.0,0.2
2019_14_LAC_JAX,LAC,171.0,1,171.0,1,0.0,88.0,0,0.0,93,189.6,1.0,0.6,99.8,0.8,189.6,1.0,0.2
2019_15_MIN_LAC,LAC,207.0,1,207.0,1,1.0,137.0,2,0.0,94,173.2,1.2,0.4,85.0,0.6,173.2,1.2,0.0
2019_16_OAK_LAC,LAC,291.0,1,291.0,1,0.0,99.0,2,0.0,95,182.4,1.2,0.6,103.4,1.0,182.4,1.2,0.0
2019_17_LAC_KC,LAC,174.0,1,174.0,1,1.0,162.0,2,0.0,96,197.0,1.2,0.6,107.6,1.2,197.0,1.2,0.0
2020_01_LAC_CIN,LAC,193.0,0,193.0,0,1.0,122.0,1,1.0,97,195.4,1.2,0.6,114.0,1.2,195.4,1.2,0.0
2020_02_KC_LAC,LAC,302.0,2,302.0,2,0.0,125.0,0,0.0,98,207.2,0.8,0.6,121.6,1.4,207.2,0.8,0.2
2020_03_CAR_LAC,LAC,235.0,1,235.0,1,0.0,81.0,0,0.0,99,233.4,1.0,0.6,129.0,1.4,233.4,1.0,0.2
2020_04_LAC_TB,LAC,369.0,5,369.0,5,1.0,115.0,0,0.0,100,239.0,1.0,0.4,117.8,1.0,239.0,1.0,0.2
2020_05_LAC_NO,LAC,325.0,1,325.0,1,1.0,95.0,2,0.0,101,254.6,1.8,0.6,121.0,0.6,254.6,1.8,0.2
2020_07_JAX_LAC,LAC,173.0,2,173.0,2,0.0,140.0,1,0.0,102,284.8,1.8,0.6,107.6,0.6,284.8,1.8,0.2
2020_08_LAC_DEN,LAC,248.0,3,248.0,3,1.0,108.0,1,0.0,103,280.8,2.2,0.4,111.2,0.6,280.8,2.2,0.0
2020_09_LV_LAC,LAC,165.0,2,165.0,2,0.0,160.0,2,1.0,104,270.0,2.4,0.6,107.8,0.8,270.0,2.4,0.0
2020_10_LAC_MIA,LAC,169.0,2,169.0,2,0.0,111.0,1,0.0,105,256.0,2.6,0.6,123.6,1.2,256.0,2.6,0.2
2020_11_NYJ_LAC,LAC,205.0,2,205.0,2,1.0,96.0,2,0.0,106,216.0,2.0,0.4,122.8,1.4,216.0,2.0,0.2
2020_12_LAC_BUF,LAC,177.0,2,177.0,2,1.0,172.0,1,2.0,107,192.0,2.2,0.4,123.0,1.4,192.0,2.2,0.2
2020_13_NE_LAC,LAC,130.0,2,130.0,2,0.0,165.0,2,0.0,108,192.8,2.2,0.6,129.4,1.4,192.8,2.2,0.6
2020_14_ATL_LAC,LAC,263.0,2,263.0,2,3.0,70.0,0,0.0,109,169.2,2.0,0.4,140.8,1.6,169.2,2.0,0.6
2020_15_LAC_LV,LAC,279.0,1,279.0,1,1.0,173.0,2,0.0,110,188.8,2.0,1.0,122.8,1.2,188.8,2.0,0.4
2020_16_DEN_LAC,LAC,264.0,0,264.0,0,2.0,133.0,1,0.0,111,210.8,1.8,1.2,135.2,1.4,210.8,1.8,0.4
2020_17_LAC_KC,LAC,218.0,2,218.0,2,0.0,51.0,1,0.0,112,222.6,1.4,1.4,142.6,1.2,222.6,1.4,0.4
2021_01_LAC_WAS,LAC,135.0,1,135.0,1,0.0,126.0,0,1.0,113,230.8,1.4,1.2,118.4,1.2,230.8,1.4,0.0
2021_02_DAL_LAC,LAC,237.0,0,237.0,0,1.0,198.0,2,0.0,114,231.8,1.2,1.2,110.6,0.8,231.8,1.2,0.2
2021_03_LAC_KC,LAC,260.0,3,260.0,3,2.0,186.0,0,2.0,115,226.6,0.8,0.8,136.2,1.2,226.6,0.8,0.2
2021_04_LV_LAC,LAC,196.0,2,196.0,2,1.0,48.0,0,0.0,116,222.8,1.2,1.0,138.8,0.8,222.8,1.2,0.6
2021_05_CLE_LAC,LAC,305.0,2,305.0,2,0.0,230.0,3,0.0,117,209.2,1.6,0.8,121.8,0.6,209.2,1.6,0.6
2021_06_LAC_BAL,LAC,167.0,1,167.0,1,2.0,187.0,3,0.0,118,226.6,1.6,0.8,157.6,1.0,226.6,1.6,0.6
2021_08_NE_LAC,LAC,217.0,0,217.0,0,0.0,142.0,1,1.0,119,233.0,1.6,1.2,169.8,1.6,233.0,1.6,0.4
2021_09_LAC_PHI,LAC,162.0,1,162.0,1,0.0,176.0,2,0.0,120,229.0,1.6,1.0,158.6,1.4,229.0,1.6,0.6
2021_10_MIN_LAC,LAC,294.0,2,294.0,2,0.0,103.0,1,1.0,121,209.4,1.2,0.6,156.6,1.8,209.4,1.2,0.2
2021_11_PIT_LAC,LAC,273.0,3,273.0,3,0.0,55.0,1,0.0,122,229.0,1.2,0.4,167.6,2.0,229.0,1.2,0.4
2021_12_LAC_DEN,LAC,155.0,1,155.0,1,1.0,147.0,2,0.0,123,222.6,1.4,0.4,132.6,1.6,222.6,1.4,0.4
2021_13_LAC_CIN,LAC,300.0,1,300.0,1,2.0,96.0,2,2.0,124,220.2,1.4,0.2,124.6,1.4,220.2,1.4,0.4
2021_14_NYG_LAC,LAC,191.0,2,191.0,2,1.0,135.0,1,1.0,125,236.8,1.6,0.6,115.4,1.6,236.8,1.6,0.6
2021_15_KC_LAC,LAC,410.0,3,410.0,3,1.0,86.0,1,1.0,126,242.6,1.8,0.8,107.2,1.4,242.6,1.8,0.8
2021_16_LAC_HOU,LAC,254.0,2,254.0,2,0.0,189.0,2,0.0,127,265.8,2.0,1.0,103.8,1.4,265.8,2.0,0.8
2021_17_DEN_LAC,LAC,246.0,1,246.0,1,0.0,83.0,0,0.0,128,262.0,1.8,1.0,130.6,1.6,262.0,1.8,0.8
2021_18_LAC_LV,LAC,190.0,2,190.0,2,0.0,174.0,1,0.0,129,280.2,1.8,0.8,117.8,1.2,280.2,1.8,0.8
2022_01_LV_LAC,LAC,295.0,2,295.0,2,3.0,64.0,0,0.0,130,258.2,2.0,0.4,133.4,1.0,258.2,2.0,0.4
2022_02_LAC_KC,LAC,235.0,2,235.0,2,0.0,93.0,0,0.0,131,279.0,2.0,0.8,119.2,0.8,279.0,2.0,0.2
2022_03_JAX_LAC,LAC,262.0,3,262.0,3,0.0,151.0,1,0.0,132,244.0,1.8,0.6,120.6,0.6,244.0,1.8,0.0
2022_04_LAC_HOU,LAC,246.0,2,246.0,2,2.0,131.0,1,0.0,133,245.6,2.0,0.6,113.0,0.4,245.6,2.0,0.0
2022_05_LAC_CLE,LAC,230.0,1,230.0,1,1.0,213.0,3,0.0,134,245.6,2.2,1.0,122.6,0.6,245.6,2.2,0.0
2022_06_DEN_LAC,LAC,188.0,1,188.0,1,0.0,98.0,0,0.0,135,253.6,2.0,1.2,130.4,1.0,253.6,2.0,0.0
2022_07_SEA_LAC,LAC,210.0,2,210.0,2,1.0,213.0,2,1.0,136,232.2,1.8,0.6,137.2,1.0,232.2,1.8,0.0
2022_09_LAC_ATL,LAC,129.0,0,129.0,0,0.0,201.0,2,1.0,137,227.2,1.8,0.8,161.2,1.4,227.2,1.8,0.2
2022_10_LAC_SF,LAC,240.0,0,240.0,0,0.0,157.0,2,1.0,138,200.6,1.2,0.8,171.2,1.6,200.6,1.2,0.4
2022_11_KC_LAC,LAC,329.0,3,329.0,3,0.0,163.0,0,1.0,139,199.4,0.8,0.4,176.4,1.8,199.4,0.8,0.6
2022_12_LAC_ARI,LAC,191.0,2,191.0,2,1.0,181.0,1,1.0,140,219.2,1.2,0.2,166.4,1.2,219.2,1.2,0.8
2022_13_LAC_LV,LAC,250.0,2,250.0,2,1.0,154.0,1,1.0,141,219.8,1.4,0.4,183.0,1.4,219.8,1.4,1.0
2022_14_MIA_LAC,LAC,145.0,1,145.0,1,0.0,92.0,0,0.0,142,227.8,1.4,0.4,171.2,1.2,227.8,1.4,1.0
2022_15_TEN_LAC,LAC,185.0,0,185.0,0,1.0,127.0,2,0.0,143,231.0,1.6,0.4,149.4,0.8,231.0,1.6,0.8
2022_16_LAC_IND,LAC,143.0,0,144.0,0,3.0,69.0,0,0.0,144,220.0,1.6,0.6,143.4,0.8,220.0,1.6,0.6
2022_17_LA_LAC,LAC,132.0,0,132.0,0,0.0,166.0,1,1.0,145,183.0,1.0,1.2,124.6,0.8,182.8,1.0,0.4
2022_18_LAC_DEN,LAC,283.0,3,283.0,3,1.0,205.0,1,0.0,146,171.2,0.6,1.0,121.6,0.8,171.0,0.6,0.4
2023_01_MIA_LAC,LAC,466.0,3,466.0,3,1.0,70.0,1,1.0,147,177.8,0.8,1.0,131.8,0.8,177.6,0.8,0.2
2023_02_LAC_TEN,LAC,246.0,1,246.0,1,0.0,141.0,2,0.0,148,242.0,1.2,1.2,127.4,1.0,241.8,1.2,0.4
2023_03_LAC_MIN,LAC,367.0,3,367.0,3,1.0,130.0,0,1.0,149,254.2,1.4,1.0,130.2,1.0,254.0,1.4,0.4
2023_04_LV_LAC,LAC,238.0,0,238.0,0,1.0,76.0,2,2.0,150,298.8,2.0,0.6,142.4,1.0,298.8,2.0,0.6
2023_06_DAL_LAC,LAC,272.0,1,272.0,1,0.0,96.0,1,0.0,151,320.0,2.0,0.8,124.4,1.2,320.0,2.0,0.8
2023_07_LAC_KC,LAC,424.0,4,424.0,4,1.0,68.0,0,1.0,152,317.8,1.6,0.6,102.6,1.2,317.8,1.6,0.8
2023_08_CHI_LAC,LAC,232.0,0,232.0,0,2.0,73.0,2,0.0,153,309.4,1.8,0.6,102.2,1.0,309.4,1.8,0.8
2023_09_LAC_NYJ,LAC,263.0,0,263.0,0,0.0,64.0,0,3.0,154,306.6,1.6,1.0,88.6,1.0,306.6,1.6,0.8
2023_10_DET_LAC,LAC,333.0,2,333.0,2,0.0,200.0,3,0.0,155,285.8,1.0,0.8,75.4,1.0,285.8,1.0,1.2
2023_11_LAC_GB,LAC,322.0,2,322.0,2,0.0,102.0,1,0.0,156,304.8,1.4,0.6,100.2,1.2,304.8,1.4,0.8
2023_12_BAL_LAC,LAC,177.0,1,177.0,1,0.0,197.0,1,0.0,157,314.8,1.6,0.6,101.4,1.2,314.8,1.6,0.8
2023_13_LAC_NE,LAC,141.0,0,141.0,0,0.0,148.0,0,1.0,158,265.4,1.0,0.4,127.2,1.4,265.4,1.0,0.6
2023_14_DEN_LAC,LAC,224.0,2,224.0,2,1.0,106.0,1,0.0,159,247.2,1.0,0.0,142.2,1.0,247.2,1.0,0.8
2023_15_LAC_LV,LAC,260.0,5,260.0,5,0.0,124.0,2,0.0,160,239.4,1.4,0.2,150.6,1.2,239.4,1.4,0.2
2023_16_BUF_LAC,LAC,237.0,1,237.0,1,1.0,105.0,2,1.0,161,224.8,2.0,0.2,135.4,1.0,224.8,2.0,0.2
2023_17_LAC_DEN,LAC,224.0,1,224.0,1,0.0,101.0,0,0.0,162,207.8,1.8,0.4,136.0,1.2,207.8,1.8,0.4
2023_18_KC_LAC,LAC,154.0,0,154.0,0,1.0,123.0,0,0.0,163,217.2,1.8,0.4,116.8,1.0,217.2,1.8,0.4
2024_01_LV_LAC,LAC,257.0,1,257.0,1,1.0,71.0,0,2.0,164,219.8,1.8,0.6,111.8,1.0,219.8,1.8,0.2
2024_02_LAC_CAR,LAC,84.0,0,84.0,0,1.0,90.0,0,0.0,165,226.4,1.6,0.6,104.8,0.8,226.4,1.6,0.6
2024_03_LAC_PIT,LAC,245.0,1,245.0,1,1.0,114.0,1,0.0,166,191.2,0.6,0.8,98.0,0.4,191.2,0.6,0.6
2024_04_KC_LAC,LAC,245.0,1,245.0,1,1.0,101.0,1,1.0,167,192.8,0.6,0.8,99.8,0.2,192.8,0.6,0.4
2024_06_LAC_DEN,LAC,216.0,2,216.0,2,1.0,110.0,0,1.0,168,197.0,0.6,1.0,99.8,0.4,197.0,0.6,0.6
2024_07_LAC_ARI,LAC,145.0,1,145.0,1,1.0,181.0,1,0.0,169,209.4,1.0,1.0,97.2,0.4,209.4,1.0,0.8
2024_08_NO_LAC,LAC,281.0,0,281.0,0,0.0,117.0,0,0.0,170,187.0,1.0,1.0,119.2,0.6,187.0,1.0,0.4
2024_09_LAC_CLE,LAC,235.0,1,235.0,1,3.0,79.0,0,0.0,171,226.4,1.0,0.8,124.6,0.6,226.4,1.0,0.4
2024_10_TEN_LAC,LAC,175.0,2,175.0,2,0.0,132.0,0,0.0,172,224.4,1.0,1.2,117.6,0.4,224.4,1.0,0.4
2024_11_CIN_LAC,LAC,356.0,3,356.0,3,0.0,110.0,0,0.0,173,210.4,1.2,1.0,123.8,0.2,210.4,1.2,0.2
2024_12_BAL_LAC,LAC,177.0,2,177.0,2,0.0,212.0,2,0.0,174,238.4,1.4,0.8,123.8,0.2,238.4,1.4,0.0
2024_13_LAC_ATL,LAC,245.0,0,245.0,0,4.0,116.0,1,0.0,175,244.8,1.6,0.6,130.0,0.4,244.8,1.6,0.0
2024_14_LAC_KC,LAC,210.0,1,210.0,1,0.0,96.0,0,0.0,176,237.6,1.6,1.4,129.8,0.6,237.6,1.6,0.0
2024_15_TB_LAC,LAC,288.0,4,288.0,4,1.0,223.0,0,1.0,177,232.6,1.6,0.8,133.2,0.6,232.6,1.6,0.0
2024_16_DEN_LAC,LAC,263.0,2,263.0,2,0.0,110.0,1,0.0,178,255.2,2.0,1.0,151.4,0.6,255.2,2.0,0.2
2024_17_LAC_NE,LAC,115.0,1,115.0,1,0.0,96.0,0,1.0,179,236.6,1.8,1.0,151.4,0.8,236.6,1.8,0.2
2024_18_LAC_LV,LAC,225.0,2,225.0,2,1.0,39.0,0,0.0,180,224.2,1.6,1.0,128.2,0.4,224.2,1.6,0.4
2014_01_OAK_NYJ,LV,221.0,1,221.0,1,1.0,212.0,1,1.0,1,,,,,,,,
2014_02_HOU_OAK,LV,139.0,2,139.0,2,0.0,188.0,1,0.0,2,221.0,1.0,1.0,212.0,1.0,221.0,1.0,1.0
2014_03_OAK_NE,LV,234.0,1,234.0,1,0.0,76.0,0,0.0,3,180.0,1.5,0.5,200.0,1.0,180.0,1.5,0.5
2014_04_MIA_OAK,LV,278.0,2,278.0,2,1.0,157.0,2,1.0,4,198.0,1.3333333333333333,0.3333333333333333,158.66666666666666,0.6666666666666666,198.0,1.3333333333333333,0.3333333333333333
2014_06_SD_OAK,LV,313.0,3,313.0,3,0.0,116.0,1,0.0,5,218.0,1.5,0.5,158.25,1.0,218.0,1.5,0.5
2014_07_ARI_OAK,LV,253.0,2,253.0,2,1.0,123.0,1,0.0,6,237.0,1.8,0.4,149.8,1.0,237.0,1.8,0.4
2014_08_OAK_CLE,LV,275.0,1,275.0,1,0.0,39.0,1,0.0,7,243.4,2.0,0.4,132.0,1.0,243.4,2.0,0.2
2014_09_OAK_SEA,LV,179.0,0,179.0,0,0.0,149.0,2,0.0,8,270.6,1.8,0.4,102.2,1.0,270.6,1.8,0.2
2014_10_DEN_OAK,LV,353.0,5,353.0,5,2.0,118.0,0,0.0,9,259.6,1.6,0.4,116.8,1.4,259.6,1.6,0.2
2014_11_OAK_SD,LV,193.0,1,193.0,1,0.0,120.0,0,0.0,10,274.6,2.2,0.6,109.0,1.0,274.6,2.2,0.0
2014_12_KC_OAK,LV,234.0,2,234.0,2,0.0,96.0,0,0.0,11,250.6,1.8,0.6,109.8,0.8,250.6,1.8,0.0
2014_13_OAK_STL,LV,183.0,2,183.0,2,0.0,172.0,4,0.0,12,246.8,1.8,0.4,104.4,0.6,246.8,1.8,0.0
2014_14_SF_OAK,LV,174.0,1,174.0,1,2.0,97.0,0,0.0,13,228.4,2.0,0.4,131.0,1.2,228.4,2.0,0.0
2014_15_OAK_KC,LV,297.0,2,297.0,2,0.0,93.0,1,1.0,14,227.4,2.2,0.8,120.6,0.8,227.4,2.2,0.0
2014_16_BUF_OAK,LV,329.0,3,329.0,3,2.0,13.0,0,0.0,15,216.2,1.6,0.4,115.6,1.0,216.2,1.6,0.2
2014_17_OAK_DEN,LV,312.0,1,312.0,1,0.0,142.0,3,1.0,16,243.4,2.0,0.8,94.2,1.0,243.4,2.0,0.2
2015_01_CIN_OAK,LV,269.0,2,269.0,2,0.0,127.0,2,0.0,17,259.0,1.8,0.8,103.4,1.6,259.0,1.8,0.4
2015_02_BAL_OAK,LV,384.0,2,384.0,2,1.0,109.0,1,1.0,18,276.2,1.8,0.8,94.4,1.2,276.2,1.8,0.4
2015_03_OAK_CLE,LV,341.0,2,341.0,2,1.0,39.0,0,0.0,19,318.2,2.0,0.6,96.8,1.4,318.2,2.0,0.6
2015_04_OAK_CHI,LV,281.0,2,281.0,2,1.0,98.0,0,1.0,20,327.0,2.0,0.8,86.0,1.2,327.0,2.0,0.4
2015_05_DEN_OAK,LV,266.0,0,266.0,0,2.0,43.0,0,0.0,21,317.4,1.8,0.6,103.0,1.2,317.4,1.8,0.6
2015_07_OAK_SD,LV,336.0,3,336.0,3,2.0,90.0,0,0.0,22,308.2,1.6,1.0,83.2,0.6,308.2,1.6,0.4
2015_08_NYJ_OAK,LV,311.0,2,311.0,2,1.0,74.0,0,0.0,23,321.6,1.8,1.4,75.8,0.2,321.6,1.8,0.4
2015_09_OAK_PIT,LV,413.0,2,413.0,2,1.0,195.0,2,0.0,24,307.0,1.8,1.4,68.8,0.0,307.0,1.8,0.2
2015_10_MIN_OAK,LV,140.0,1,140.0,1,0.0,263.0,1,0.0,25,321.4,1.8,1.4,100.0,0.4,321.4,1.8,0.2
2015_11_OAK_DET,LV,282.0,0,282.0,0,0.0,109.0,1,0.0,26,293.2,1.6,1.2,133.0,0.6,293.2,1.6,0.0
2015_12_OAK_TEN,LV,218.0,3,218.0,3,2.0,44.0,0,0.0,27,296.4,1.6,0.8,146.2,0.8,296.4,1.6,0.0
2015_13_KC_OAK,LV,162.0,2,162.0,2,0.0,89.0,2,2.0,28,272.8,1.6,0.8,137.0,0.8,272.8,1.6,0.0
2015_14_OAK_DEN,LV,308.0,0,308.0,0,0.0,34.0,0,1.0,29,243.0,1.6,0.6,140.0,1.2,243.0,1.6,0.4
2015_15_GB_OAK,LV,204.0,1,204.0,1,1.0,103.0,1,1.0,30,222.0,1.2,0.4,107.8,0.8,222.0,1.2,0.6
2015_16_SD_OAK,LV,277.0,1,277.0,1,0.0,72.0,1,1.0,31,234.8,1.2,0.6,75.8,0.8,234.8,1.2,0.8
2015_17_OAK_KC,LV,159.0,2,159.0,2,2.0,189.0,1,0.0,32,233.8,1.4,0.6,68.4,0.8,233.8,1.4,1.0
2016_01_OAK_NO,LV,423.0,4,423.0,4,0.0,88.0,0,1.0,33,222.0,1.2,0.6,97.4,1.0,222.0,1.2,1.0
2016_02_ATL_OAK,LV,396.0,3,396.0,3,1.0,139.0,1,0.0,34,274.2,1.6,0.6,97.2,0.6,274.2,1.6,0.8
2016_03_OAK_TEN,LV,214.0,0,214.0,0,2.0,181.0,1,1.0,35,291.8,2.2,0.8,118.2,0.8,291.8,2.2,0.6
2016_04_OAK_BAL,LV,298.0,1,298.0,1,0.0,130.0,2,1.0,36,293.8,2.0,1.0,133.8,0.8,293.8,2.0,0.6
2016_05_SD_OAK,LV,359.0,4,359.0,4,2.0,72.0,0,2.0,37,298.0,2.0,1.0,145.4,1.0,298.0,2.0,0.6
2016_06_KC_OAK,LV,224.0,0,224.0,0,0.0,183.0,3,0.0,38,338.0,2.4,1.0,122.0,0.8,338.0,2.4,1.0
2016_07_OAK_JAX,LV,246.0,1,246.0,1,2.0,105.0,0,0.0,39,298.2,1.6,1.0,141.0,1.4,298.2,1.6,0.8
2016_08_OAK_TB,LV,180.0,2,180.0,2,0.0,102.0,1,0.0,40,268.2,1.2,1.2,134.2,1.2,268.2,1.2,0.8
2016_09_DEN_OAK,LV,283.0,2,283.0,2,1.0,33.0,0,1.0,41,261.4,1.6,0.8,118.4,1.2,261.4,1.6,0.6
2016_11_HOU_OAK,LV,243.0,1,243.0,1,1.0,124.0,1,0.0,42,258.4,1.8,1.0,99.0,0.8,258.4,1.8,0.6
2016_12_CAR_OAK,LV,246.0,2,246.0,2,1.0,129.0,3,1.0,43,235.2,1.2,0.8,109.4,1.0,235.2,1.2,0.2
2016_13_BUF_OAK,LV,191.0,0,191.0,0,1.0,212.0,3,1.0,44,239.6,1.6,1.0,98.6,1.0,239.6,1.6,0.4
2016_14_OAK_KC,LV,264.0,1,264.0,1,1.0,65.0,1,1.0,45,228.6,1.4,0.8,120.0,1.6,228.6,1.4,0.6
2016_15_OAK_SD,LV,206.0,2,206.0,2,1.0,73.0,0,1.0,46,245.4,1.2,1.0,112.6,1.6,245.4,1.2,0.8
2016_16_IND_OAK,LV,288.0,2,288.0,2,2.0,102.0,1,1.0,47,230.0,1.2,1.0,120.6,1.6,230.0,1.2,0.8
2016_17_OAK_DEN,LV,206.0,2,206.0,2,1.0,143.0,1,0.0,48,239.0,1.4,1.2,116.2,1.6,239.0,1.4,1.0
2017_01_OAK_TEN,LV,256.0,0,256.0,0,0.0,95.0,1,0.0,49,231.0,1.4,1.2,119.0,1.2,231.0,1.4,0.8
2017_02_NYJ_OAK,LV,166.0,2,166.0,2,0.0,126.0,0,1.0,50,244.0,1.4,1.0,95.6,0.8,244.0,1.4,0.6
2017_03_OAK_WAS,LV,365.0,3,365.0,3,0.0,116.0,0,1.0,51,224.4,1.6,0.8,107.8,0.6,224.4,1.6,0.6
2017_04_OAK_DEN,LV,179.0,1,179.0,1,0.0,143.0,0,0.0,52,256.2,1.8,0.6,116.4,0.6,256.2,1.8,0.6
2017_05_BAL_OAK,LV,222.0,0,222.0,0,0.0,143.0,2,0.0,53,234.4,1.6,0.2,124.6,0.4,234.4,1.6,0.4
2017_06_LAC_OAK,LV,268.0,1,268.0,1,0.0,80.0,1,1.0,54,237.6,1.2,0.0,124.6,0.6,237.6,1.2,0.4
2017_07_KC_OAK,LV,342.0,3,342.0,3,0.0,94.0,0,0.0,55,240.0,1.4,0.0,121.6,0.6,240.0,1.4,0.6
2017_08_OAK_BUF,LV,165.0,1,165.0,1,0.0,166.0,2,0.0,56,275.2,1.6,0.0,115.2,0.6,275.2,1.6,0.4
2017_09_OAK_MIA,LV,311.0,3,311.0,3,0.0,86.0,0,1.0,57,235.2,1.2,0.0,125.2,1.0,235.2,1.2,0.2
2017_11_NE_OAK,LV,340.0,3,340.0,3,0.0,89.0,0,0.0,58,261.6,1.6,0.0,113.8,1.0,261.6,1.6,0.4
2017_12_DEN_OAK,LV,190.0,2,190.0,2,1.0,56.0,0,0.0,59,285.2,2.2,0.0,103.0,0.6,285.2,2.2,0.4
2017_13_NYG_OAK,LV,212.0,1,212.0,1,0.0,65.0,1,2.0,60,269.6,2.4,0.2,98.2,0.4,269.6,2.4,0.2
2017_14_OAK_KC,LV,268.0,0,268.0,0,1.0,165.0,2,0.0,61,243.6,2.0,0.2,92.4,0.6,243.6,2.0,0.6
2017_15_DAL_OAK,LV,212.0,0,212.0,0,2.0,126.0,2,0.0,62,264.2,1.8,0.4,92.2,0.6,264.2,1.8,0.6
2017_16_OAK_PHI,LV,163.0,1,163.0,1,1.0,78.0,0,1.0,63,244.4,1.2,0.8,100.2,1.0,244.4,1.2,0.4
2017_17_OAK_LAC,LV,387.0,3,387.0,3,0.0,115.0,0,0.0,64,209.0,0.8,1.0,98.0,1.0,209.0,0.8,0.6
2018_01_LA_OAK,LV,233.0,2,233.0,2,0.0,140.0,0,0.0,65,248.4,1.0,0.8,109.8,1.0,248.4,1.0,0.6
2018_02_OAK_DEN,LV,222.0,0,222.0,0,1.0,168.0,2,0.0,66,252.6,1.2,0.8,124.8,0.8,252.6,1.2,0.2
2018_03_OAK_MIA,LV,341.0,4,341.0,4,0.0,41.0,0,0.0,67,243.4,1.2,0.8,125.4,0.8,243.4,1.2,0.2
2018_04_CLE_OAK,LV,295.0,2,295.0,2,2.0,208.0,3,2.0,68,269.2,2.0,0.4,108.4,0.4,269.2,2.0,0.2
2018_05_OAK_LAC,LV,339.0,2,339.0,2,0.0,79.0,1,0.0,69,295.6,2.2,0.6,134.4,1.0,295.6,2.2,0.4
2018_06_SEA_OAK,LV,222.0,3,222.0,3,1.0,155.0,0,0.0,70,286.0,2.0,0.6,127.2,1.2,286.0,2.0,0.4
2018_08_IND_OAK,LV,239.0,3,239.0,3,0.0,222.0,2,0.0,71,283.8,2.2,0.8,130.2,1.2,283.8,2.2,0.4
2018_09_OAK_SF,LV,262.0,3,262.0,3,0.0,143.0,1,0.0,72,287.2,2.8,0.6,141.0,1.2,287.2,2.8,0.4
2018_10_LAC_OAK,LV,223.0,2,223.0,2,1.0,113.0,0,0.0,73,271.4,2.6,0.6,161.4,1.4,271.4,2.6,0.4
2018_11_OAK_ARI,LV,136.0,3,136.0,3,2.0,154.0,0,0.0,74,257.0,2.6,0.4,142.4,0.8,257.0,2.6,0.0
2018_12_OAK_BAL,LV,178.0,1,178.0,1,2.0,242.0,1,0.0,75,216.4,2.8,0.8,157.4,0.6,216.4,2.8,0.0
2018_13_KC_OAK,LV,295.0,4,295.0,4,0.0,174.0,1,1.0,76,207.6,2.4,1.0,174.8,0.8,207.6,2.4,0.0
2018_14_PIT_OAK,LV,306.0,2,306.0,2,1.0,40.0,1,0.0,77,218.8,2.6,1.0,165.2,0.6,218.8,2.6,0.2
2018_15_OAK_CIN,LV,130.0,1,130.0,1,1.0,171.0,2,0.0,78,227.6,2.4,1.2,144.6,0.6,227.6,2.4,0.2
2018_16_DEN_OAK,LV,202.0,2,202.0,2,2.0,100.0,0,0.0,79,209.0,2.2,1.2,156.2,1.0,209.0,2.2,0.2
2018_17_OAK_KC,LV,310.0,2,310.0,2,1.0,99.0,2,0.0,80,222.2,2.0,1.2,145.4,1.0,222.2,2.0,0.2
2019_01_DEN_OAK,LV,268.0,1,268.0,1,0.0,95.0,0,0.0,81,248.6,2.2,1.0,116.8,1.2,248.6,2.2,0.2
2019_02_KC_OAK,LV,443.0,4,443.0,4,0.0,31.0,0,1.0,82,243.2,1.6,1.0,101.0,1.0,243.2,1.6,0.0
2019_03_OAK_MIN,LV,174.0,1,174.0,1,0.0,211.0,3,0.0,83,270.6,2.0,0.8,99.2,0.8,270.6,2.0,0.2
2019_04_OAK_IND,LV,265.0,3,265.0,3,1.0,81.0,0,1.0,84,279.4,2.0,0.6,107.2,1.0,279.4,2.0,0.2
2019_05_CHI_OAK,LV,231.0,2,231.0,2,2.0,42.0,1,0.0,85,292.0,2.2,0.4,103.4,1.0,292.0,2.2,0.4
2019_07_OAK_GB,LV,429.0,5,429.0,5,0.0,60.0,1,0.0,86,276.2,2.2,0.6,92.0,0.8,276.2,2.2,0.4
2019_08_OAK_HOU,LV,279.0,3,279.0,3,0.0,130.0,0,0.0,87,308.4,3.0,0.6,85.0,1.0,308.4,3.0,0.4
2019_09_DET_OAK,LV,406.0,3,406.0,3,1.0,90.0,0,1.0,88,275.6,2.8,0.6,104.8,1.0,275.6,2.8,0.2
2019_10_LAC_OAK,LV,207.0,2,207.0,2,3.0,146.0,1,0.0,89,322.0,3.2,0.8,80.6,0.4,322.0,3.2,0.4
2019_11_CIN_OAK,LV,115.0,0,115.0,0,1.0,173.0,1,1.0,90,310.4,3.0,1.2,93.6,0.6,310.4,3.0,0.2
2019_12_OAK_NYJ,LV,315.0,2,315.0,2,0.0,88.0,1,0.0,91,287.2,2.6,1.0,119.8,0.6,287.2,2.6,0.4
2019_13_OAK_KC,LV,175.0,1,175.0,1,0.0,96.0,3,0.0,92,264.4,2.0,1.0,125.4,0.6,264.4,2.0,0.4
2019_14_TEN_OAK,LV,391.0,3,391.0,3,1.0,161.0,2,0.0,93,243.6,1.6,1.0,118.6,1.2,243.6,1.6,0.4
2019_15_JAX_OAK,LV,201.0,2,201.0,2,0.0,77.0,0,0.0,94,240.6,1.6,1.0,132.8,1.6,240.6,1.6,0.2
2019_16_OAK_LAC,LV,279.0,0,279.0,0,0.0,19.0,2,0.0,95,239.4,1.6,0.4,119.0,1.4,239.4,1.6,0.2
2019_17_OAK_DEN,LV,177.0,1,177.0,1,0.0,70.0,0,1.0,96,272.2,1.6,0.2,88.2,1.6,272.2,1.6,0.0
2020_01_LV_CAR,LV,269.0,1,269.0,1,0.0,129.0,2,0.0,97,244.6,1.4,0.2,84.6,1.4,244.6,1.4,0.2
2020_02_NO_LV,LV,312.0,1,312.0,1,1.0,112.0,2,0.0,98,263.4,1.4,0.2,91.2,1.2,263.4,1.4,0.2
2020_03_LV_NE,LV,162.0,1,162.0,1,1.0,250.0,2,0.0,99,247.6,1.0,0.2,81.4,1.2,247.6,1.0,0.2
2020_04_BUF_LV,LV,288.0,2,288.0,2,0.0,63.0,2,0.0,100,239.8,0.8,0.4,116.0,1.6,239.8,0.8,0.2
2020_05_LV_KC,LV,340.0,2,340.0,2,1.0,80.0,2,0.0,101,241.6,1.2,0.4,124.8,1.6,241.6,1.2,0.2
2020_07_TB_LV,LV,369.0,4,369.0,4,0.0,85.0,2,0.0,102,274.2,1.4,0.6,126.8,2.0,274.2,1.4,0.0
2020_08_LV_CLE,LV,122.0,0,122.0,0,0.0,101.0,0,1.0,103,294.2,2.0,0.6,118.0,2.0,294.2,2.0,0.0
2020_09_LV_LAC,LV,326.0,2,326.0,2,0.0,128.0,1,0.0,104,256.2,1.8,0.4,115.8,1.6,256.2,1.8,0.2
2020_10_DEN_LV,LV,257.0,1,257.0,1,4.0,66.0,0,1.0,105,289.0,2.0,0.2,91.4,1.4,289.0,2.0,0.2
2020_11_KC_LV,LV,352.0,2,352.0,2,1.0,108.0,3,0.0,106,282.8,1.8,1.0,92.0,1.0,282.8,1.8,0.4
2020_12_LV_ATL,LV,185.0,2,185.0,2,1.0,125.0,1,0.0,107,285.2,1.8,1.0,97.6,1.2,285.2,1.8,0.4
2020_13_LV_NYJ,LV,186.0,2,186.0,2,1.0,206.0,2,2.0,108,248.4,1.4,1.2,105.6,1.0,248.4,1.4,0.4
2020_14_IND_LV,LV,244.0,2,244.0,2,0.0,212.0,2,0.0,109,261.2,1.8,1.4,126.6,1.4,261.2,1.8,0.6
2020_15_LAC_LV,LV,314.0,2,314.0,2,0.0,96.0,2,0.0,110,244.8,1.8,1.4,143.4,1.6,244.8,1.8,0.6
2020_16_MIA_LV,LV,276.0,2,276.0,2,0.0,130.0,0,0.0,111,256.2,2.0,0.6,149.4,2.0,256.2,2.0,0.4
2020_17_LV_DEN,LV,339.0,2,339.0,2,0.0,122.0,1,0.0,112,241.0,2.0,0.4,153.8,1.4,241.0,2.0,0.4
2021_01_BAL_LV,LV,235.0,1,235.0,1,0.0,189.0,2,2.0,113,271.8,2.0,0.2,153.2,1.4,271.8,2.0,0.4
2021_02_LV_PIT,LV,295.0,1,295.0,1,1.0,39.0,1,0.0,114,281.6,1.8,0.0,149.8,1.4,281.6,1.8,0.4
2021_03_MIA_LV,LV,215.0,0,215.0,0,0.0,133.0,2,0.0,115,291.8,1.6,0.2,115.2,1.2,291.8,1.6,0.4
2021_04_LV_LAC,LV,222.0,3,222.0,3,0.0,168.0,1,0.0,116,272.0,1.2,0.2,122.6,1.2,272.0,1.2,0.4
2021_05_CHI_LV,LV,119.0,1,119.0,1,0.0,143.0,1,0.0,117,261.2,1.4,0.2,130.2,1.4,261.2,1.4,0.4
2021_06_LV_DEN,LV,334.0,3,334.0,3,3.0,112.0,0,1.0,118,217.2,1.2,0.2,134.4,1.4,217.2,1.2,0.4
2021_07_PHI_LV,LV,236.0,2,236.0,2,0.0,135.0,1,2.0,119,237.0,1.6,0.8,119.0,1.0,237.0,1.6,0.2
2021_09_LV_NYG,LV,110.0,1,110.0,1,0.0,149.0,0,1.0,120,225.2,1.8,0.6,138.2,1.0,225.2,1.8,0.6
2021_10_KC_LV,LV,422.0,5,422.0,5,0.0,94.0,0,0.0,121,204.2,2.0,0.6,141.4,0.6,204.2,2.0,0.8
2021_11_CIN_LV,LV,148.0,1,148.0,1,0.0,159.0,2,1.0,122,244.2,2.4,0.6,126.6,0.4,244.2,2.4,0.8
2021_12_LV_DAL,LV,375.0,2,375.0,2,0.0,64.0,1,0.0,123,250.0,2.4,0.6,129.8,0.6,250.0,2.4,1.0
2021_13_WAS_LV,LV,196.0,2,196.0,2,1.0,112.0,0,0.0,124,258.2,2.2,0.0,120.2,0.8,258.2,2.2,0.8
2021_14_LV_KC,LV,258.0,2,258.0,2,0.0,132.0,3,0.0,125,250.2,2.2,0.2,115.6,0.6,250.2,2.2,0.4
2021_15_LV_CLE,LV,147.0,1,147.0,1,0.0,89.0,1,0.0,126,279.8,2.4,0.2,112.2,1.2,279.8,2.4,0.2
2021_16_DEN_LV,LV,153.0,0,153.0,0,0.0,18.0,1,0.0,127,224.8,1.6,0.2,111.2,1.4,224.8,1.6,0.2
2021_17_LV_IND,LV,148.0,1,148.0,1,0.0,122.0,1,0.0,128,225.8,1.4,0.2,83.0,1.2,225.8,1.4,0.0
2021_18_LAC_LV,LV,383.0,3,383.0,3,1.0,85.0,1,0.0,129,180.4,1.2,0.2,94.6,1.2,180.4,1.2,0.0
2022_01_LV_LAC,LV,279.0,3,279.0,3,0.0,76.0,0,0.0,130,217.8,1.4,0.2,89.2,1.4,217.8,1.4,0.0
2022_02_ARI_LV,LV,277.0,1,277.0,1,1.0,143.0,2,0.0,131,222.0,1.6,0.2,78.0,0.8,222.0,1.6,0.0
2022_03_LV_TEN,LV,264.0,1,264.0,1,1.0,109.0,2,0.0,132,248.0,1.6,0.4,88.8,1.0,248.0,1.6,0.0
2022_04_DEN_LV,LV,237.0,2,237.0,2,0.0,85.0,1,1.0,133,270.2,1.8,0.6,107.0,1.2,270.2,1.8,0.0
2022_05_LV_KC,LV,292.0,4,292.0,4,0.0,103.0,0,0.0,134,288.0,2.0,0.6,99.6,1.2,288.0,2.0,0.2
2022_07_HOU_LV,LV,302.0,2,302.0,2,1.0,108.0,0,0.0,135,269.8,2.2,0.4,103.2,1.0,269.8,2.2,0.2
2022_08_LV_NO,LV,231.0,2,231.0,2,0.0,136.0,1,0.0,136,274.4,2.0,0.6,109.6,1.0,274.4,2.0,0.2
2022_09_LV_JAX,LV,235.0,1,235.0,1,0.0,168.0,2,1.0,137,265.2,2.2,0.4,108.2,0.8,265.2,2.2,0.2
2022_10_IND_LV,LV,222.0,1,222.0,1,0.0,207.0,2,1.0,138,259.4,2.2,0.2,120.0,0.8,259.4,2.2,0.4
2022_11_LV_DEN,LV,247.0,0,247.0,0,0.0,94.0,1,0.0,139,256.4,2.0,0.2,144.4,1.0,256.4,2.0,0.4
2022_12_LV_SEA,LV,328.0,2,328.0,2,1.0,65.0,2,1.0,140,247.4,1.2,0.2,142.6,1.2,247.4,1.2,0.4
2022_13_LAC_LV,LV,335.0,1,335.0,1,0.0,72.0,0,1.0,141,252.6,1.2,0.2,134.0,1.6,252.6,1.2,0.6
2022_14_LV_LA,LV,230.0,1,230.0,1,0.0,71.0,1,1.0,142,273.4,1.0,0.2,121.2,1.4,273.4,1.0,0.8
2022_15_NE_LV,LV,112.0,0,112.0,0,0.0,226.0,1,0.0,143,272.4,1.0,0.2,101.8,1.2,272.4,1.0,0.8
2022_16_LV_PIT,LV,244.0,1,244.0,1,1.0,106.0,0,0.0,144,250.4,0.8,0.2,105.6,1.0,250.4,0.8,0.6
2022_17_SF_LV,LV,284.0,2,284.0,2,1.0,170.0,2,0.0,145,249.8,1.0,0.4,108.0,0.8,249.8,1.0,0.6
2022_18_KC_LV,LV,202.0,1,202.0,1,0.0,168.0,3,0.0,146,241.0,1.0,0.4,129.0,0.8,241.0,1.0,0.4
2023_01_LV_DEN,LV,177.0,2,177.0,2,0.0,94.0,0,0.0,147,214.4,1.0,0.4,148.2,1.4,214.4,1.0,0.2
2023_02_LV_BUF,LV,274.0,3,274.0,3,0.0,183.0,2,0.0,148,203.8,1.2,0.4,152.8,1.2,203.8,1.2,0.0
2023_03_PIT_LV,LV,235.0,2,235.0,2,0.0,105.0,0,0.0,149,236.2,1.8,0.4,144.2,1.4,236.2,1.8,0.0
2023_04_LV_LAC,LV,167.0,1,167.0,1,1.0,155.0,2,0.0,150,234.4,2.0,0.2,144.0,1.4,234.4,2.0,0.0
2023_05_GB_LV,LV,182.0,0,182.0,0,3.0,110.0,1,0.0,151,211.0,1.8,0.2,141.0,1.4,211.0,1.8,0.0
2023_06_NE_LV,LV,200.0,0,200.0,0,1.0,83.0,2,0.0,152,207.0,1.6,0.8,129.4,1.0,207.0,1.6,0.0
2023_07_LV_CHI,LV,162.0,1,162.0,1,0.0,173.0,2,0.0,153,211.6,1.2,1.0,127.2,1.4,211.6,1.2,0.0
2023_08_LV_DET,LV,272.0,1,272.0,1,1.0,222.0,1,2.0,154,189.2,0.8,1.0,125.2,1.4,189.2,0.8,0.0
2023_09_NYG_LV,LV,200.0,1,200.0,1,2.0,123.0,0,0.0,155,196.6,0.6,1.2,148.6,1.6,196.6,0.6,0.4
2023_10_NYJ_LV,LV,263.0,0,263.0,0,1.0,108.0,0,0.0,156,203.2,0.6,1.4,142.2,1.2,203.2,0.6,0.4
2023_11_LV_MIA,LV,325.0,2,325.0,2,1.0,99.0,0,2.0,157,219.4,0.6,1.0,141.8,1.0,219.4,0.6,0.4
2023_12_KC_LV,LV,298.0,2,298.0,2,0.0,69.0,2,0.0,158,244.4,1.0,1.0,145.0,0.6,244.4,1.0,0.8
2023_14_MIN_LV,LV,146.0,0,146.0,0,0.0,132.0,0,0.0,159,271.6,1.2,1.0,124.2,0.6,271.6,1.2,0.8
2023_15_LAC_LV,LV,257.0,3,257.0,3,1.0,92.0,0,3.0,160,246.4,1.0,0.8,106.2,0.4,246.4,1.0,0.4
2023_16_LV_KC,LV,246.0,1,246.0,1,1.0,85.0,1,1.0,161,257.8,1.4,0.6,100.0,0.4,257.8,1.4,1.0
2023_17_LV_IND,LV,224.0,1,224.0,1,0.0,134.0,1,0.0,162,254.4,1.6,0.6,95.4,0.6,254.4,1.6,1.2
2023_18_DEN_LV,LV,272.0,1,272.0,1,1.0,48.0,1,0.0,163,234.2,1.4,0.4,102.4,0.8,234.2,1.4,0.8
2024_01_LV_LAC,LV,144.0,1,144.0,1,0.0,176.0,1,0.0,164,229.0,1.2,0.6,98.2,0.6,229.0,1.2,0.8
2024_02_LV_BAL,LV,247.0,1,247.0,1,1.0,151.0,1,0.0,165,228.6,1.4,0.6,107.0,0.8,228.6,1.4,0.8
2024_03_CAR_LV,LV,319.0,3,319.0,3,0.0,131.0,1,0.0,166,226.6,1.0,0.6,118.8,1.0,226.6,1.0,0.2
2024_04_CLE_LV,LV,176.0,1,176.0,1,1.0,92.0,0,0.0,167,241.2,1.4,0.4,128.0,1.0,241.2,1.4,0.0
2024_05_LV_DEN,LV,206.0,2,206.0,2,0.0,109.0,1,0.0,168,231.6,1.4,0.6,119.6,0.8,231.6,1.4,0.0
2024_06_PIT_LV,LV,145.0,0,145.0,0,0.0,183.0,3,0.0,169,218.4,1.6,0.4,131.8,0.8,218.4,1.6,0.0
2024_07_LV_LA,LV,154.0,0,154.0,0,1.0,115.0,2,0.0,170,218.6,1.4,0.4,133.2,1.2,218.6,1.4,0.0
2024_08_KC_LV,LV,262.0,2,262.0,2,1.0,82.0,1,0.0,171,200.0,1.2,0.4,126.0,1.4,200.0,1.2,0.0
2024_09_LV_CIN,LV,251.0,5,251.0,5,1.0,130.0,0,0.0,172,188.6,1.0,0.6,116.2,1.4,188.6,1.0,0.0
2024_11_LV_MIA,LV,288.0,3,288.0,3,0.0,82.0,1,0.0,173,203.6,1.8,0.6,123.8,1.4,203.6,1.8,0.0
2024_12_DEN_LV,LV,273.0,2,273.0,2,0.0,63.0,0,0.0,174,220.0,2.0,0.6,118.4,1.4,220.0,2.0,0.0
2024_13_LV_KC,LV,306.0,1,306.0,1,0.0,63.0,0,0.0,175,245.6,2.4,0.6,94.4,0.8,245.6,2.4,0.0
2024_14_LV_TB,LV,295.0,3,295.0,3,2.0,152.0,1,1.0,176,276.0,2.6,0.4,84.0,0.4,276.0,2.6,0.0
2024_15_ATL_LV,LV,112.0,1,112.0,1,1.0,168.0,0,0.0,177,282.6,2.8,0.6,98.0,0.4,282.6,2.8,0.2
2024_16_JAX_LV,LV,247.0,1,247.0,1,0.0,72.0,1,2.0,178,254.8,2.0,0.6,105.6,0.4,254.8,2.0,0.2
2024_17_LV_NO,LV,218.0,1,218.0,1,2.0,81.0,0,0.0,179,246.6,1.6,0.6,103.6,0.4,246.6,1.6,0.6
2024_18_LAC_LV,LV,346.0,2,346.0,2,0.0,137.0,1,0.0,180,235.6,1.4,1.0,107.2,0.4,235.6,1.4,0.6
2014_01_NE_MIA,MIA,249.0,1,249.0,1,0.0,89.0,1,2.0,1,,,,,,,,
2014_02_MIA_BUF,MIA,202.0,1,202.0,1,0.0,113.0,0,0.0,2,249.0,1.0,0.0,89.0,1.0,249.0,1.0,2.0
2014_03_KC_MIA,MIA,186.0,3,186.0,3,0.0,174.0,2,2.0,3,225.5,1.0,0.0,101.0,0.5,225.5,1.0,1.0
2014_04_MIA_OAK,MIA,275.0,2,275.0,2,3.0,53.0,0,0.0,4,212.33333333333334,1.6666666666666667,0.0,125.33333333333333,1.0,212.33333333333334,1.6666666666666667,1.3333333333333333
2014_06_GB_MIA,MIA,264.0,3,264.0,3,0.0,121.0,0,0.0,5,228.0,1.75,0.75,107.25,0.75,228.0,1.75,1.0
2014_07_MIA_CHI,MIA,190.0,1,190.0,1,1.0,52.0,1,2.0,6,235.2,2.0,0.6,110.0,0.6,235.2,2.0,0.8
2014_08_MIA_JAX,MIA,221.0,1,221.0,1,2.0,176.0,0,1.0,7,223.4,2.0,0.8,102.6,0.6,223.4,2.0,0.8
2014_09_SD_MIA,MIA,148.0,0,148.0,0,3.0,50.0,0,1.0,8,227.2,2.0,1.2,115.2,0.6,227.2,2.0,1.0
2014_10_MIA_DET,MIA,307.0,2,307.0,2,1.0,63.0,0,0.0,9,219.6,1.4,1.8,90.4,0.2,219.6,1.4,0.8
2014_11_BUF_MIA,MIA,193.0,0,193.0,0,0.0,54.0,0,0.0,10,226.0,1.4,1.4,92.4,0.2,226.0,1.4,0.8
2014_12_MIA_DEN,MIA,257.0,4,257.0,4,0.0,201.0,1,0.0,11,211.8,0.8,1.4,79.0,0.2,211.8,0.8,0.8
2014_13_MIA_NYJ,MIA,65.0,0,65.0,0,1.0,277.0,1,0.0,12,225.2,1.4,1.2,108.8,0.2,225.2,1.4,0.4
2014_14_BAL_MIA,MIA,269.0,2,269.0,2,1.0,183.0,2,0.0,13,194.0,1.2,1.0,129.0,0.4,194.0,1.2,0.2
2014_15_MIA_NE,MIA,287.0,2,287.0,2,1.0,108.0,2,0.0,14,218.2,1.6,0.6,155.6,0.8,218.2,1.6,0.0
2014_16_MIN_MIA,MIA,259.0,2,259.0,2,1.0,119.0,2,0.0,15,214.2,1.6,0.6,164.6,1.2,214.2,1.6,0.0
2014_17_NYJ_MIA,MIA,396.0,3,396.0,3,0.0,104.0,1,1.0,16,227.4,2.0,0.8,177.6,1.6,227.4,2.0,0.0
2015_01_MIA_WAS,MIA,196.0,1,196.0,1,2.0,161.0,0,0.0,17,255.2,1.8,0.8,158.2,1.6,255.2,1.8,0.2
2015_02_MIA_JAX,MIA,273.0,2,273.0,2,0.0,123.0,0,0.0,18,281.4,2.0,1.0,135.0,1.4,281.4,2.0,0.2
2015_03_BUF_MIA,MIA,277.0,3,277.0,3,0.0,151.0,1,0.0,19,282.2,2.0,0.8,123.0,1.0,282.2,2.0,0.2
2015_04_NYJ_MIA,MIA,218.0,1,218.0,1,1.0,207.0,2,0.0,20,280.2,2.2,0.6,131.6,0.8,280.2,2.2,0.2
2015_06_MIA_TEN,MIA,282.0,1,282.0,1,2.0,63.0,0,2.0,21,272.0,2.0,0.6,149.2,0.8,272.0,2.0,0.2
2015_07_HOU_MIA,MIA,273.0,3,273.0,3,1.0,71.0,1,0.0,22,249.2,1.6,1.0,141.0,0.6,249.2,1.6,0.4
2015_08_MIA_NE,MIA,356.0,4,356.0,4,0.0,95.0,0,0.0,23,264.6,2.0,0.8,123.0,0.8,264.6,2.0,0.4
2015_09_MIA_BUF,MIA,181.0,1,181.0,1,0.0,266.0,3,0.0,24,281.2,2.4,0.8,117.4,0.8,281.2,2.4,0.4
2015_10_MIA_PHI,MIA,392.0,1,392.0,1,1.0,83.0,1,0.0,25,262.0,2.0,0.8,140.4,1.2,262.0,2.0,0.4
2015_11_DAL_MIA,MIA,227.0,2,227.0,2,2.0,166.0,0,0.0,26,296.8,2.0,0.8,115.6,1.0,296.8,2.0,0.4
2015_12_MIA_NYJ,MIA,277.0,4,277.0,4,0.0,137.0,1,0.0,27,285.8,2.2,0.8,136.2,1.0,285.8,2.2,0.0
2015_13_BAL_MIA,MIA,308.0,1,308.0,1,2.0,94.0,0,0.0,28,286.6,2.4,0.6,149.4,1.0,286.6,2.4,0.0
2015_14_NYG_MIA,MIA,337.0,4,337.0,4,0.0,92.0,0,1.0,29,277.0,1.8,1.0,149.2,1.0,277.0,1.8,0.0
2015_15_MIA_SD,MIA,311.0,3,311.0,3,2.0,140.0,1,0.0,30,308.2,2.4,1.0,114.4,0.4,308.2,2.4,0.2
2015_16_IND_MIA,MIA,177.0,0,177.0,0,0.0,100.0,2,0.0,31,292.0,2.8,1.2,125.8,0.4,292.0,2.8,0.2
2015_17_NE_MIA,MIA,140.0,0,140.0,0,0.0,70.0,1,0.0,32,282.0,2.4,0.8,112.6,0.8,282.0,2.4,0.2
2016_01_MIA_SEA,MIA,258.0,1,258.0,1,1.0,112.0,0,1.0,33,254.6,1.6,0.8,99.2,0.8,254.6,1.6,0.2
2016_02_MIA_NE,MIA,324.0,3,324.0,3,0.0,161.0,1,1.0,34,244.6,1.6,0.6,102.8,0.8,244.6,1.6,0.4
2016_03_CLE_MIA,MIA,279.0,0,279.0,0,0.0,169.0,1,1.0,35,242.0,1.4,0.6,116.6,1.0,242.0,1.4,0.4
2016_04_MIA_CIN,MIA,296.0,1,296.0,1,0.0,77.0,0,0.0,36,235.6,0.8,0.2,122.4,1.0,235.6,0.8,0.6
2016_05_TEN_MIA,MIA,163.0,3,163.0,3,0.0,235.0,1,0.0,37,259.4,1.0,0.2,117.8,0.6,259.4,1.0,0.6
2016_06_PIT_MIA,MIA,189.0,1,189.0,1,2.0,128.0,1,0.0,38,264.0,1.6,0.2,150.8,0.6,264.0,1.6,0.6
2016_07_BUF_MIA,MIA,221.0,1,221.0,1,0.0,67.0,2,0.0,39,250.2,1.6,0.4,154.0,0.8,250.2,1.6,0.4
2016_09_NYJ_MIA,MIA,213.0,1,213.0,1,2.0,140.0,1,0.0,40,229.6,1.2,0.4,135.2,1.0,229.6,1.2,0.2
2016_10_MIA_SD,MIA,326.0,3,326.0,3,4.0,70.0,0,0.0,41,216.4,1.4,0.8,129.4,1.0,216.4,1.4,0.0
2016_11_MIA_LA,MIA,134.0,0,134.0,0,0.0,102.0,1,1.0,42,222.4,1.8,1.6,128.0,1.0,222.4,1.8,0.0
2016_12_SF_MIA,MIA,296.0,3,296.0,3,1.0,193.0,0,1.0,43,216.6,1.2,1.6,101.4,1.0,216.6,1.2,0.2
2016_13_MIA_BAL,MIA,386.0,4,386.0,4,1.0,110.0,1,1.0,44,238.0,1.6,1.4,114.4,0.8,238.0,1.6,0.4
2016_14_ARI_MIA,MIA,145.0,2,145.0,2,2.0,175.0,1,2.0,45,271.0,2.2,1.6,123.0,0.6,271.0,2.2,0.6
2016_15_MIA_NYJ,MIA,266.0,1,266.0,1,3.0,116.0,0,1.0,46,257.4,2.4,1.6,130.0,0.6,257.4,2.4,1.0
2016_16_MIA_BUF,MIA,329.0,3,329.0,3,0.0,272.0,1,0.0,47,245.4,2.0,1.4,139.2,0.6,245.4,2.0,1.2
2016_17_NE_MIA,MIA,276.0,3,276.0,3,0.0,120.0,1,0.0,48,284.4,2.6,1.4,173.2,0.6,284.4,2.6,1.0
2017_02_MIA_LAC,MIA,331.0,1,331.0,1,0.0,44.0,1,0.0,49,280.4,2.6,1.2,158.6,0.8,280.4,2.6,0.8
2017_03_MIA_NYJ,MIA,249.0,1,249.0,1,0.0,103.0,1,1.0,50,269.4,2.0,1.0,145.4,0.8,269.4,2.0,0.6
2017_04_NO_MIA,MIA,268.0,2,268.0,2,0.0,86.0,0,0.0,51,290.2,1.8,0.6,131.0,0.8,290.2,1.8,0.4
2017_05_TEN_MIA,MIA,141.0,1,141.0,1,0.0,69.0,0,2.0,52,290.6,2.0,0.0,125.0,0.8,290.6,2.0,0.2
2017_06_MIA_ATL,MIA,248.0,1,248.0,1,1.0,100.0,1,0.0,53,253.0,1.6,0.0,84.4,0.6,253.0,1.6,0.6
2017_07_NYJ_MIA,MIA,209.0,3,209.0,3,1.0,92.0,1,1.0,54,247.4,1.2,0.2,80.4,0.6,247.4,1.2,0.6
2017_08_MIA_BAL,MIA,121.0,2,121.0,2,0.0,174.0,0,0.0,55,223.0,1.6,0.4,90.0,0.6,223.0,1.6,0.8
2017_09_OAK_MIA,MIA,300.0,1,300.0,1,1.0,84.0,2,0.0,56,197.4,1.8,0.4,104.2,0.4,197.4,1.8,0.6
2017_10_MIA_CAR,MIA,254.0,4,254.0,4,0.0,294.0,2,0.0,57,203.8,1.6,0.6,103.8,0.8,203.8,1.6,0.6
2017_11_TB_MIA,MIA,275.0,2,275.0,2,0.0,53.0,0,0.0,58,226.4,2.2,0.6,148.8,1.2,226.4,2.2,0.2
2017_12_MIA_NE,MIA,227.0,4,227.0,4,1.0,196.0,1,1.0,59,231.8,2.4,0.4,139.4,1.0,231.8,2.4,0.2
2017_13_DEN_MIA,MIA,200.0,0,200.0,0,3.0,103.0,0,0.0,60,235.4,2.6,0.4,160.2,1.0,235.4,2.6,0.2
2017_14_NE_MIA,MIA,233.0,1,233.0,1,2.0,25.0,1,0.0,61,251.2,2.2,1.0,146.0,1.0,251.2,2.2,0.2
2017_15_MIA_BUF,MIA,224.0,1,224.0,1,0.0,116.0,2,0.0,62,237.8,2.2,1.2,134.2,0.8,237.8,2.2,0.2
2017_16_MIA_KC,MIA,304.0,1,304.0,1,0.0,103.0,1,0.0,63,231.8,1.6,1.2,98.6,0.8,231.8,1.6,0.2
2017_17_BUF_MIA,MIA,204.0,1,204.0,1,0.0,126.0,1,0.0,64,237.6,1.4,1.2,108.6,1.0,237.6,1.4,0.2
2018_01_TEN_MIA,MIA,220.0,0,220.0,0,3.0,116.0,1,0.0,65,233.0,0.8,1.0,94.6,1.0,233.0,0.8,0.0
2018_02_MIA_NYJ,MIA,334.0,1,334.0,1,2.0,42.0,0,1.0,66,237.0,0.8,1.0,97.2,1.2,237.0,0.8,0.0
2018_03_OAK_MIA,MIA,345.0,1,345.0,1,2.0,109.0,1,0.0,67,257.2,0.8,1.0,100.6,1.0,257.2,0.8,0.2
2018_04_MIA_NE,MIA,274.0,3,274.0,3,2.0,175.0,2,0.0,68,281.4,0.8,1.4,99.2,0.8,281.4,0.8,0.2
2018_05_MIA_CIN,MIA,248.0,1,248.0,1,1.0,103.0,0,0.0,69,275.4,1.2,1.8,113.6,1.0,275.4,1.2,0.2
2018_06_CHI_MIA,MIA,316.0,3,316.0,3,1.0,164.0,1,2.0,70,284.2,1.2,2.0,109.0,0.8,284.2,1.2,0.2
2018_07_DET_MIA,MIA,217.0,2,217.0,2,0.0,248.0,1,0.0,71,303.4,1.8,1.6,118.6,0.8,303.4,1.8,0.6
2018_08_MIA_HOU,MIA,239.0,5,239.0,5,0.0,188.0,1,0.0,72,280.0,2.0,1.2,159.8,1.0,280.0,2.0,0.4
2018_09_NYJ_MIA,MIA,229.0,0,229.0,0,4.0,80.0,0,0.0,73,258.8,2.8,0.8,175.6,1.0,258.8,2.8,0.4
2018_10_MIA_GB,MIA,199.0,2,199.0,2,0.0,195.0,2,0.0,74,249.8,2.2,1.2,156.6,0.6,249.8,2.2,0.4
2018_12_MIA_IND,MIA,347.0,3,347.0,3,2.0,118.0,0,1.0,75,240.0,2.4,1.0,175.0,1.0,240.0,2.4,0.4
2018_13_BUF_MIA,MIA,231.0,2,231.0,2,2.0,198.0,0,0.0,76,246.2,2.4,1.2,165.8,0.8,246.2,2.4,0.2
2018_14_NE_MIA,MIA,358.0,3,358.0,3,0.0,77.0,1,0.0,77,249.0,2.4,1.6,155.8,0.6,249.0,2.4,0.2
2018_15_MIA_MIN,MIA,215.0,2,215.0,2,1.0,220.0,3,0.0,78,272.8,2.0,1.6,133.6,0.6,272.8,2.0,0.2
2018_16_JAX_MIA,MIA,145.0,0,145.0,0,0.0,126.0,1,1.0,79,270.0,2.4,1.0,161.6,1.2,270.0,2.4,0.2
2018_17_MIA_BUF,MIA,224.0,3,224.0,3,1.0,166.0,3,0.0,80,259.2,2.0,1.0,147.8,1.0,259.2,2.0,0.4
2019_01_BAL_MIA,MIA,379.0,6,379.0,6,0.0,265.0,2,0.0,81,234.6,2.0,0.8,157.4,1.6,234.6,2.0,0.2
2019_02_NE_MIA,MIA,264.0,2,264.0,2,0.0,124.0,2,1.0,82,264.2,2.8,0.4,170.8,2.0,264.2,2.8,0.2
2019_03_MIA_DAL,MIA,246.0,2,246.0,2,1.0,235.0,2,0.0,83,245.4,2.6,0.4,180.2,2.2,245.4,2.6,0.4
2019_04_LAC_MIA,MIA,317.0,2,317.0,2,0.0,79.0,1,0.0,84,251.6,2.6,0.4,183.2,2.0,251.6,2.6,0.4
2019_06_WAS_MIA,MIA,166.0,2,166.0,2,0.0,145.0,0,0.0,85,286.0,3.0,0.4,173.8,2.0,286.0,3.0,0.2
2019_07_MIA_BUF,MIA,202.0,2,202.0,2,0.0,117.0,0,0.0,86,274.4,2.8,0.2,169.6,1.4,274.4,2.8,0.2
2019_08_MIA_PIT,MIA,251.0,2,251.0,2,1.0,158.0,1,0.0,87,239.0,2.0,0.2,140.0,1.0,239.0,2.0,0.2
2019_09_NYJ_MIA,MIA,260.0,1,260.0,1,1.0,83.0,0,0.0,88,236.4,2.0,0.4,146.8,0.8,236.4,2.0,0.0
2019_10_MIA_IND,MIA,204.0,1,204.0,1,3.0,109.0,0,0.0,89,239.2,1.8,0.4,116.4,0.4,239.2,1.8,0.0
2019_11_BUF_MIA,MIA,256.0,3,256.0,3,0.0,168.0,1,0.0,90,216.6,1.6,1.0,122.4,0.2,216.6,1.6,0.0
2019_12_MIA_CLE,MIA,327.0,3,327.0,3,1.0,147.0,2,0.0,91,234.6,1.8,1.0,127.0,0.4,234.6,1.8,0.0
2019_13_PHI_MIA,MIA,310.0,3,310.0,3,1.0,92.0,0,0.0,92,259.6,2.0,1.2,133.0,0.8,259.6,2.0,0.0
2019_14_MIA_NYJ,MIA,270.0,2,270.0,2,1.0,112.0,0,0.0,93,271.4,2.2,1.2,119.8,0.6,271.4,2.2,0.0
2019_15_MIA_NYG,MIA,284.0,2,284.0,2,3.0,138.0,3,0.0,94,273.4,2.4,1.2,125.6,0.6,273.4,2.4,0.0
2019_16_CIN_MIA,MIA,396.0,4,396.0,4,0.0,59.0,0,1.0,95,289.4,2.6,1.2,131.4,1.2,289.4,2.6,0.0
2019_17_MIA_NE,MIA,221.0,2,221.0,2,1.0,135.0,1,0.0,96,317.4,2.8,1.2,109.6,1.0,317.4,2.8,0.2
2020_01_MIA_NE,MIA,155.0,0,155.0,0,0.0,217.0,3,0.0,97,296.2,2.6,1.2,107.2,0.8,296.2,2.6,0.2
2020_02_BUF_MIA,MIA,415.0,4,415.0,4,0.0,112.0,0,1.0,98,265.2,2.0,1.0,132.2,1.4,265.2,2.0,0.2
2020_03_MIA_JAX,MIA,275.0,0,275.0,0,1.0,72.0,2,1.0,99,294.2,2.4,0.8,132.2,1.4,294.2,2.4,0.4
2020_04_SEA_MIA,MIA,360.0,2,360.0,2,1.0,98.0,2,0.0,100,292.4,2.0,0.4,119.0,1.2,292.4,2.0,0.6
2020_05_MIA_SF,MIA,171.0,1,171.0,1,2.0,131.0,1,1.0,101,285.2,1.6,0.6,126.8,1.6,285.2,1.6,0.4
2020_06_NYJ_MIA,MIA,186.0,0,186.0,0,1.0,115.0,0,0.0,102,275.2,1.4,0.8,126.0,1.6,275.2,1.4,0.6
2020_08_LA_MIA,MIA,355.0,1,355.0,1,2.0,131.0,1,2.0,103,281.4,1.4,1.0,105.6,1.0,281.4,1.4,0.6
2020_09_MIA_ARI,MIA,283.0,3,283.0,3,0.0,178.0,1,1.0,104,269.4,0.8,1.4,109.4,1.2,269.4,0.8,0.8
2020_10_LAC_MIA,MIA,187.0,2,187.0,2,1.0,99.0,1,0.0,105,271.0,1.4,1.2,130.6,1.0,271.0,1.4,0.8
2020_11_MIA_DEN,MIA,270.0,0,270.0,0,1.0,189.0,2,1.0,106,236.4,1.4,1.2,130.8,0.8,236.4,1.4,0.8
2020_12_MIA_NYJ,MIA,197.0,0,197.0,0,2.0,87.0,0,0.0,107,256.2,1.2,1.0,142.4,1.0,256.2,1.2,0.8
2020_13_CIN_MIA,MIA,193.0,1,193.0,1,2.0,40.0,0,0.0,108,258.4,1.2,1.2,136.8,1.0,258.4,1.2,0.8
2020_14_KC_MIA,MIA,393.0,2,393.0,2,3.0,94.0,1,1.0,109,226.0,1.2,1.2,118.6,0.8,226.0,1.2,0.4
2020_15_NE_MIA,MIA,209.0,0,209.0,0,0.0,117.0,0,1.0,110,248.0,1.0,1.8,101.8,0.8,248.0,1.0,0.4
2020_16_MIA_LV,MIA,336.0,1,336.0,1,0.0,104.0,1,0.0,111,252.4,0.6,1.6,105.4,0.6,252.4,0.6,0.6
2020_17_MIA_BUF,MIA,388.0,4,388.0,4,2.0,78.0,2,0.0,112,265.6,0.8,1.4,88.4,0.4,265.6,0.8,0.4
2021_01_MIA_NE,MIA,281.0,1,281.0,1,0.0,125.0,0,2.0,113,303.8,1.6,1.4,86.6,0.8,303.8,1.6,0.4
2021_02_BUF_MIA,MIA,179.0,2,179.0,2,1.0,143.0,3,1.0,114,321.4,1.6,1.0,103.6,0.8,321.4,1.6,0.8
2021_03_MIA_LV,MIA,386.0,2,386.0,2,1.0,140.0,1,0.0,115,278.6,1.6,0.6,113.4,1.2,278.6,1.6,0.8
2021_04_IND_MIA,MIA,228.0,2,228.0,2,0.0,139.0,1,0.0,116,314.0,2.0,0.8,118.0,1.4,314.0,2.0,0.6
2021_05_MIA_TB,MIA,452.0,5,452.0,5,0.0,121.0,1,0.0,117,292.4,2.2,0.8,125.0,1.4,292.4,2.2,0.6
2021_06_MIA_JAX,MIA,319.0,1,319.0,1,0.0,84.0,1,1.0,118,305.2,2.4,0.4,133.6,1.2,305.2,2.4,0.6
2021_07_ATL_MIA,MIA,336.0,2,336.0,2,1.0,72.0,1,1.0,119,312.8,2.4,0.4,125.4,1.4,312.8,2.4,0.4
2021_08_MIA_BUF,MIA,249.0,2,249.0,2,0.0,102.0,1,0.0,120,344.2,2.4,0.4,111.2,1.0,344.2,2.4,0.4
2021_09_HOU_MIA,MIA,240.0,0,240.0,0,3.0,73.0,0,1.0,121,316.8,2.4,0.2,103.6,1.0,316.8,2.4,0.4
2021_10_BAL_MIA,MIA,238.0,1,238.0,1,1.0,94.0,0,1.0,122,319.2,2.0,0.8,90.4,0.8,319.2,2.0,0.6
2021_11_MIA_NYJ,MIA,291.0,2,291.0,2,0.0,102.0,0,1.0,123,276.4,1.2,1.0,85.0,0.6,276.4,1.2,0.8
2021_12_CAR_MIA,MIA,179.0,0,179.0,0,3.0,64.0,1,0.0,124,270.8,1.4,1.0,88.6,0.4,270.8,1.4,0.8
2021_13_NYG_MIA,MIA,187.0,0,187.0,0,1.0,91.0,0,0.0,125,239.4,1.0,1.4,87.0,0.4,239.4,1.0,0.6
2021_15_NYJ_MIA,MIA,170.0,0,170.0,0,0.0,102.0,2,1.0,126,227.0,0.6,1.6,84.8,0.2,227.0,0.6,0.6
2021_16_MIA_NO,MIA,135.0,0,135.0,0,2.0,83.0,0,0.0,127,213.0,0.6,1.0,90.6,0.6,213.0,0.6,0.6
2021_17_MIA_TEN,MIA,120.0,2,120.0,2,0.0,198.0,2,0.0,128,192.4,0.4,1.2,88.4,0.6,192.4,0.4,0.4
2021_18_NE_MIA,MIA,261.0,1,261.0,1,1.0,134.0,2,2.0,129,158.2,0.4,1.2,107.6,1.0,158.2,0.4,0.2
2022_01_NE_MIA,MIA,213.0,1,213.0,1,1.0,78.0,0,2.0,130,174.6,0.6,0.8,121.6,1.2,174.6,0.6,0.6
2022_02_MIA_BAL,MIA,318.0,3,318.0,3,0.0,155.0,1,0.0,131,179.8,0.8,0.8,119.0,1.2,179.8,0.8,1.0
2022_03_BUF_MIA,MIA,400.0,2,400.0,2,0.0,115.0,0,1.0,132,209.4,1.4,0.8,129.6,1.0,209.4,1.4,0.8
2022_04_MIA_CIN,MIA,310.0,2,310.0,2,0.0,67.0,1,0.0,133,262.4,1.8,0.4,136.0,1.0,262.4,1.8,1.0
2022_05_MIA_NYJ,MIA,210.0,0,210.0,0,0.0,135.0,5,0.0,134,300.4,1.8,0.4,109.8,0.8,300.4,1.8,1.0
2022_06_MIN_MIA,MIA,175.0,2,175.0,2,0.0,78.0,1,0.0,135,290.2,1.6,0.2,110.0,1.4,290.2,1.6,0.6
2022_07_PIT_MIA,MIA,257.0,1,257.0,1,3.0,95.0,0,0.0,136,282.6,1.8,0.0,110.0,1.6,282.6,1.8,0.2
2022_08_MIA_DET,MIA,321.0,1,321.0,1,0.0,82.0,2,0.0,137,270.4,1.4,0.6,98.0,1.4,270.4,1.4,0.2
2022_09_MIA_CHI,MIA,123.0,3,123.0,3,0.0,252.0,1,0.0,138,254.6,1.2,0.6,91.4,1.8,254.6,1.2,0.0
2022_10_CLE_MIA,MIA,212.0,1,212.0,1,0.0,112.0,1,1.0,139,217.2,1.4,0.6,128.4,1.8,217.2,1.4,0.0
2022_12_HOU_MIA,MIA,215.0,1,215.0,1,2.0,36.0,1,1.0,140,217.6,1.6,0.6,123.8,1.0,217.6,1.6,0.2
2022_13_MIA_SF,MIA,266.0,2,266.0,2,1.0,121.0,0,0.0,141,225.6,1.4,1.0,115.4,1.0,225.6,1.4,0.4
2022_14_MIA_LAC,MIA,367.0,1,367.0,1,0.0,82.0,1,0.0,142,227.4,1.6,0.6,120.6,1.0,227.4,1.6,0.4
2022_15_MIA_BUF,MIA,304.0,4,304.0,4,0.0,150.0,0,1.0,143,236.6,1.6,0.6,120.6,0.8,236.6,1.6,0.4
2022_16_GB_MIA,MIA,238.0,1,238.0,1,1.0,79.0,1,0.0,144,272.8,1.8,0.6,100.2,0.6,272.8,1.8,0.6
2022_17_MIA_NE,MIA,204.0,2,204.0,2,0.0,76.0,0,0.0,145,278.0,1.8,0.8,93.6,0.6,278.0,1.8,0.4
2022_18_NYJ_MIA,MIA,152.0,0,149.0,0,0.0,38.0,0,0.0,146,275.8,2.0,0.4,101.6,0.4,275.8,2.0,0.2
2023_01_MIA_LAC,MIA,229.0,1,229.0,1,0.0,233.0,3,0.0,147,252.4,1.6,0.2,85.0,0.4,253.0,1.6,0.2
2023_02_MIA_NE,MIA,228.0,1,231.0,1,1.0,88.0,1,1.0,148,224.8,1.6,0.2,115.2,0.8,225.4,1.6,0.2
2023_03_DEN_MIA,MIA,306.0,1,306.0,1,1.0,69.0,0,2.0,149,210.2,1.0,0.4,102.8,1.0,210.2,1.0,0.2
2023_04_MIA_BUF,MIA,320.0,4,320.0,4,0.0,104.0,2,0.0,150,223.8,1.0,0.4,100.8,0.8,223.8,1.0,0.6
2023_05_NYG_MIA,MIA,205.0,0,205.0,0,0.0,85.0,0,0.0,151,247.0,1.4,0.4,106.4,1.2,247.0,1.4,0.6
2023_06_CAR_MIA,MIA,224.0,1,224.0,1,0.0,108.0,1,0.0,152,258.2,1.4,0.4,115.8,1.2,257.6,1.4,0.6
2023_07_MIA_PHI,MIA,279.0,2,279.0,2,1.0,99.0,2,1.0,153,257.2,1.4,0.4,90.8,0.8,256.6,1.4,0.6
2023_08_NE_MIA,MIA,161.0,2,161.0,2,1.0,77.0,0,0.0,154,266.8,1.6,0.4,93.0,1.0,266.8,1.6,0.6
2023_09_MIA_KC,MIA,185.0,2,185.0,2,0.0,93.0,0,1.0,155,237.8,1.8,0.4,94.6,1.0,237.8,1.8,0.2
2023_11_LV_MIA,MIA,271.0,1,271.0,1,3.0,36.0,0,0.0,156,210.8,1.4,0.4,92.4,0.6,210.8,1.4,0.4
2023_12_MIA_NYJ,MIA,179.0,1,179.0,1,2.0,29.0,0,0.0,157,224.0,1.6,1.0,82.6,0.6,224.0,1.6,0.4
2023_13_MIA_WAS,MIA,127.0,0,127.0,0,1.0,138.0,2,0.0,158,215.0,1.6,1.4,66.8,0.4,215.0,1.6,0.4
2023_14_TEN_MIA,MIA,327.0,1,327.0,1,1.0,83.0,2,1.0,159,184.6,1.2,1.4,74.6,0.4,184.6,1.2,0.2
2023_15_NYJ_MIA,MIA,136.0,0,136.0,0,2.0,23.0,0,2.0,160,217.8,1.0,1.4,75.8,0.8,217.8,1.0,0.4
2023_16_DAL_MIA,MIA,253.0,2,253.0,2,0.0,97.0,0,1.0,161,208.0,0.6,1.8,61.8,0.8,208.0,0.6,0.6
2023_17_MIA_BAL,MIA,340.0,6,340.0,6,0.0,160.0,2,1.0,162,204.4,0.8,1.2,74.0,0.8,204.4,0.8,0.8
2023_18_BUF_MIA,MIA,359.0,2,359.0,2,2.0,128.0,0,1.0,163,236.6,1.8,0.8,100.2,1.2,236.6,1.8,1.0
2024_01_JAX_MIA,MIA,162.0,1,162.0,1,0.0,128.0,1,1.0,164,283.0,2.2,1.0,98.2,0.8,283.0,2.2,1.2
2024_02_BUF_MIA,MIA,139.0,1,139.0,1,0.0,108.0,2,0.0,165,250.0,2.2,0.8,107.2,0.6,250.0,2.2,1.2
2024_03_MIA_SEA,MIA,289.0,1,289.0,1,2.0,100.0,2,0.0,166,250.6,2.4,0.4,124.2,1.0,250.6,2.4,0.8
2024_04_TEN_MIA,MIA,110.0,0,110.0,0,1.0,142.0,2,0.0,167,257.8,2.2,0.8,124.8,1.4,257.8,2.2,0.6
2024_05_MIA_NE,MIA,160.0,0,160.0,0,0.0,151.0,1,0.0,168,211.8,1.0,1.0,121.2,1.4,211.8,1.0,0.4
2024_07_MIA_IND,MIA,129.0,0,129.0,0,0.0,155.0,1,1.0,169,172.0,0.6,0.6,125.8,1.6,172.0,0.6,0.2
2024_08_ARI_MIA,MIA,307.0,2,307.0,2,0.0,82.0,1,0.0,170,165.4,0.4,0.6,131.2,1.6,165.4,0.4,0.2
2024_09_MIA_BUF,MIA,235.0,3,235.0,3,1.0,94.0,0,0.0,171,199.0,0.6,0.6,126.0,1.4,199.0,0.6,0.2
2024_10_MIA_LA,MIA,293.0,0,293.0,0,1.0,70.0,0,1.0,172,188.2,1.0,0.4,124.8,1.0,188.2,1.0,0.2
2024_11_LV_MIA,MIA,282.0,2,282.0,2,1.0,60.0,0,0.0,173,224.8,1.0,0.4,110.4,0.6,224.8,1.0,0.4
2024_12_NE_MIA,MIA,222.0,1,222.0,1,1.0,86.0,0,1.0,174,249.2,1.4,0.6,92.2,0.4,249.2,1.4,0.4
2024_13_MIA_GB,MIA,274.0,2,274.0,2,0.0,114.0,1,0.0,175,267.8,1.6,0.8,78.4,0.2,267.8,1.6,0.4
2024_14_NYJ_MIA,MIA,339.0,1,339.0,1,0.0,83.0,1,0.0,176,261.2,1.6,0.8,84.8,0.2,261.2,1.6,0.4
2024_15_MIA_HOU,MIA,131.0,2,131.0,2,0.0,77.0,0,1.0,177,282.0,1.2,0.6,82.6,0.4,282.0,1.2,0.4
2024_16_SF_MIA,MIA,313.0,2,313.0,2,1.0,81.0,0,0.0,178,249.6,1.6,0.4,84.0,0.4,249.6,1.6,0.4
2024_17_MIA_CLE,MIA,170.0,0,170.0,0,1.0,114.0,0,1.0,179,255.8,1.6,0.4,88.2,0.4,255.8,1.6,0.4
2024_18_MIA_NYJ,MIA,274.0,4,274.0,4,1.0,118.0,0,0.0,180,245.4,1.4,0.4,93.8,0.4,245.4,1.4,0.4
2014_01_MIN_STL,MIN,273.0,0,273.0,0,2.0,72.0,0,0.0,1,,,,,,,,
2014_02_NE_MIN,MIN,149.0,1,149.0,1,0.0,150.0,1,0.0,2,273.0,0.0,2.0,72.0,0.0,273.0,0.0,0.0
2014_03_MIN_NO,MIN,293.0,2,293.0,2,0.0,108.0,1,0.0,3,211.0,0.5,1.0,111.0,0.5,211.0,0.5,0.0
2014_04_ATL_MIN,MIN,298.0,3,298.0,3,2.0,123.0,1,0.0,4,238.33333333333334,1.0,0.6666666666666666,110.0,0.6666666666666666,238.33333333333334,1.0,0.0
2014_05_MIN_GB,MIN,178.0,3,178.0,3,1.0,156.0,2,0.0,5,253.25,1.5,1.0,113.25,0.75,253.25,1.5,0.0
2014_06_DET_MIN,MIN,185.0,1,185.0,1,0.0,100.0,1,0.0,6,238.2,1.8,1.0,121.8,1.0,238.2,1.8,0.0
2014_07_MIN_BUF,MIN,283.0,2,283.0,2,1.0,118.0,0,3.0,7,220.6,2.0,0.6,127.4,1.2,220.6,2.0,0.0
2014_08_MIN_TB,MIN,171.0,1,171.0,1,1.0,66.0,0,1.0,8,247.4,2.2,0.8,121.0,1.0,247.4,2.2,0.6
2014_09_WAS_MIN,MIN,251.0,1,251.0,1,1.0,122.0,2,0.0,9,223.0,2.0,1.0,112.6,0.8,223.0,2.0,0.8
2014_11_MIN_CHI,MIN,330.0,3,330.0,3,2.0,138.0,0,0.0,10,213.6,1.6,0.8,112.4,1.0,213.6,1.6,0.8
2014_12_GB_MIN,MIN,209.0,2,209.0,2,0.0,155.0,1,0.0,11,244.0,1.6,1.0,108.8,0.6,244.0,1.6,0.8
2014_13_CAR_MIN,MIN,194.0,1,194.0,1,1.0,178.0,0,0.0,12,248.8,1.8,1.0,119.8,0.6,248.8,1.8,0.8
2014_14_NYJ_MIN,MIN,254.0,1,254.0,1,1.0,168.0,0,1.0,13,231.0,1.6,1.0,131.8,0.6,231.0,1.6,0.2
2014_15_MIN_DET,MIN,153.0,1,153.0,1,0.0,80.0,0,0.0,14,247.6,1.6,1.0,152.2,0.6,247.6,1.6,0.2
2014_16_MIN_MIA,MIN,396.0,4,396.0,4,1.0,110.0,1,0.0,15,228.0,1.6,0.8,143.8,0.2,228.0,1.6,0.2
2014_17_CHI_MIN,MIN,172.0,0,172.0,0,0.0,99.0,0,0.0,16,241.2,1.8,0.6,138.2,0.4,241.2,1.8,0.2
2015_01_MIN_SF,MIN,165.0,0,165.0,0,0.0,230.0,2,0.0,17,233.8,1.4,0.6,127.0,0.2,233.8,1.4,0.2
2015_02_DET_MIN,MIN,286.0,2,286.0,2,1.0,38.0,0,2.0,18,228.0,1.2,0.4,137.4,0.6,228.0,1.2,0.2
2015_03_SD_MIN,MIN,309.0,2,309.0,2,1.0,90.0,0,1.0,19,234.4,1.4,0.4,111.4,0.6,234.4,1.4,0.4
2015_04_MIN_DEN,MIN,213.0,1,213.0,1,2.0,144.0,1,0.0,20,265.6,1.6,0.6,113.4,0.6,265.6,1.6,0.6
2015_06_KC_MIN,MIN,282.0,1,282.0,1,0.0,57.0,0,1.0,21,229.0,1.0,0.8,120.2,0.6,229.0,1.0,0.6
2015_07_MIN_DET,MIN,256.0,2,256.0,2,0.0,77.0,0,0.0,22,251.0,1.2,0.8,111.8,0.6,251.0,1.2,0.8
2015_08_MIN_CHI,MIN,211.0,1,211.0,1,0.0,97.0,1,0.0,23,269.2,1.6,0.8,81.2,0.2,269.2,1.6,0.8
2015_09_STL_MIN,MIN,168.0,0,168.0,0,0.0,160.0,1,0.0,24,254.2,1.4,0.6,93.0,0.4,254.2,1.4,0.4
2015_10_MIN_OAK,MIN,302.0,2,302.0,2,2.0,84.0,0,0.0,25,226.0,1.0,0.4,107.0,0.6,226.0,1.0,0.2
2015_11_GB_MIN,MIN,212.0,2,212.0,2,0.0,124.0,0,0.0,26,243.8,1.2,0.4,95.0,0.4,243.8,1.2,0.2
2015_12_MIN_ATL,MIN,230.0,1,230.0,1,2.0,116.0,0,1.0,27,229.8,1.4,0.4,108.4,0.4,229.8,1.4,0.0
2015_13_SEA_MIN,MIN,274.0,3,274.0,3,0.0,173.0,2,1.0,28,224.6,1.2,0.8,116.2,0.4,224.6,1.2,0.2
2015_14_MIN_ARI,MIN,310.0,2,310.0,2,0.0,97.0,0,0.0,29,237.2,1.6,0.8,131.4,0.6,237.2,1.6,0.4
2015_15_CHI_MIN,MIN,231.0,2,231.0,2,1.0,94.0,0,1.0,30,265.6,2.0,0.8,118.8,0.4,265.6,2.0,0.4
2015_16_NYG_MIN,MIN,302.0,2,302.0,2,3.0,91.0,0,0.0,31,251.4,2.0,0.6,120.8,0.4,251.4,2.0,0.6
2015_17_MIN_GB,MIN,291.0,1,291.0,1,1.0,76.0,0,1.0,32,269.4,2.0,1.2,114.2,0.4,269.4,2.0,0.6
2016_01_MIN_TEN,MIN,271.0,2,271.0,2,1.0,64.0,0,2.0,33,281.6,2.0,1.0,106.2,0.4,281.6,2.0,0.6
2016_02_GB_MIN,MIN,213.0,1,213.0,1,1.0,83.0,1,2.0,34,281.0,1.8,1.2,84.4,0.0,281.0,1.8,0.8
2016_03_MIN_CAR,MIN,265.0,0,265.0,0,3.0,105.0,1,0.0,35,261.6,1.6,1.4,81.6,0.2,261.6,1.6,1.2
2016_04_NYG_MIN,MIN,261.0,0,261.0,0,1.0,78.0,1,0.0,36,268.4,1.2,1.8,83.8,0.4,268.4,1.2,1.0
2016_05_HOU_MIN,MIN,184.0,1,184.0,1,1.0,59.0,0,0.0,37,260.2,0.8,1.4,81.2,0.6,260.2,0.8,1.0
2016_07_MIN_PHI,MIN,138.0,1,138.0,1,2.0,101.0,0,2.0,38,238.8,0.8,1.4,77.8,0.6,238.8,0.8,0.8
2016_08_MIN_CHI,MIN,252.0,1,252.0,1,0.0,158.0,1,0.0,39,212.2,0.6,1.6,85.2,0.6,212.2,0.6,0.8
2016_09_DET_MIN,MIN,219.0,2,219.0,2,1.0,97.0,0,0.0,40,220.0,0.6,1.4,100.2,0.6,220.0,0.6,0.4
2016_10_MIN_WAS,MIN,262.0,2,262.0,2,0.0,128.0,0,1.0,41,210.8,1.0,1.0,98.6,0.4,210.8,1.0,0.4
2016_11_ARI_MIN,MIN,198.0,2,198.0,2,2.0,135.0,1,0.0,42,211.0,1.4,0.8,108.6,0.2,211.0,1.4,0.6
2016_12_MIN_DET,MIN,232.0,1,232.0,1,0.0,94.0,0,0.0,43,213.8,1.6,1.0,123.8,0.4,213.8,1.6,0.6
2016_13_DAL_MIN,MIN,139.0,1,139.0,1,0.0,140.0,1,2.0,44,232.6,1.6,0.6,122.4,0.4,232.6,1.6,0.2
2016_14_MIN_JAX,MIN,257.0,1,257.0,1,0.0,85.0,0,0.0,45,210.0,1.6,0.6,118.8,0.4,210.0,1.6,0.6
2016_15_IND_MIN,MIN,250.0,2,250.0,2,0.0,161.0,2,0.0,46,217.6,1.4,0.4,116.4,0.4,217.6,1.4,0.6
2016_16_MIN_GB,MIN,347.0,4,347.0,4,0.0,40.0,1,0.0,47,215.2,1.4,0.4,123.0,0.8,215.2,1.4,0.4
2016_17_CHI_MIN,MIN,149.0,1,149.0,1,2.0,183.0,0,2.0,48,245.0,1.8,0.0,104.0,0.8,245.0,1.8,0.4
2017_01_NO_MIN,MIN,291.0,1,291.0,1,0.0,60.0,0,0.0,49,228.4,1.8,0.4,121.8,0.8,228.4,1.8,0.8
2017_02_MIN_PIT,MIN,243.0,2,243.0,2,0.0,102.0,0,0.0,50,258.8,1.8,0.4,105.8,0.6,258.8,1.8,0.4
2017_03_TB_MIN,MIN,328.0,2,328.0,2,3.0,26.0,0,0.0,51,256.0,2.0,0.4,109.2,0.6,256.0,2.0,0.4
2017_04_DET_MIN,MIN,209.0,0,209.0,0,0.0,97.0,1,0.0,52,271.6,2.0,1.0,82.2,0.2,271.6,2.0,0.4
2017_05_MIN_CHI,MIN,166.0,2,166.0,2,1.0,115.0,0,1.0,53,244.0,1.2,1.0,93.6,0.2,244.0,1.2,0.4
2017_06_GB_MIN,MIN,175.0,1,175.0,1,3.0,72.0,0,0.0,54,247.4,1.4,0.8,80.0,0.2,247.4,1.4,0.2
2017_07_BAL_MIN,MIN,186.0,1,186.0,1,0.0,64.0,0,0.0,55,224.2,1.4,1.4,82.4,0.2,224.2,1.4,0.2
2017_08_MIN_CLE,MIN,179.0,0,179.0,0,0.0,115.0,2,1.0,56,212.8,1.2,1.4,74.8,0.2,212.8,1.2,0.2
2017_10_MIN_WAS,MIN,327.0,1,327.0,1,1.0,81.0,2,0.0,57,183.0,0.8,0.8,92.6,0.6,183.0,0.8,0.4
2017_11_LA_MIN,MIN,225.0,0,225.0,0,0.0,45.0,1,1.0,58,206.6,1.0,1.0,89.4,0.8,206.6,1.0,0.4
2017_12_MIN_DET,MIN,250.0,2,250.0,2,1.0,53.0,0,1.0,59,218.4,0.6,0.8,75.4,1.0,218.4,0.6,0.4
2017_13_MIN_ATL,MIN,173.0,0,173.0,0,0.0,102.0,0,0.0,60,233.4,0.8,0.4,71.6,1.0,233.4,0.8,0.6
2017_14_MIN_CAR,MIN,137.0,1,137.0,1,1.0,216.0,3,0.0,61,230.8,0.6,0.4,79.2,1.0,230.8,0.6,0.6
2017_15_CIN_MIN,MIN,132.0,0,132.0,0,2.0,46.0,1,0.0,62,222.4,0.8,0.6,99.4,1.2,222.4,0.8,0.4
2017_16_MIN_GB,MIN,130.0,0,130.0,0,2.0,113.0,0,0.0,63,183.4,0.6,0.8,92.4,1.0,183.4,0.6,0.4
2017_17_CHI_MIN,MIN,178.0,0,178.0,0,0.0,30.0,0,0.0,64,164.4,0.6,1.2,106.0,0.8,164.4,0.6,0.2
2018_01_SF_MIN,MIN,261.0,1,261.0,1,3.0,90.0,0,1.0,65,150.0,0.2,1.0,101.4,0.8,150.0,0.2,0.0
2018_02_MIN_GB,MIN,281.0,1,281.0,1,0.0,98.0,0,0.0,66,167.6,0.4,1.6,99.0,0.8,167.6,0.4,0.2
2018_03_BUF_MIN,MIN,196.0,1,196.0,1,0.0,128.0,2,0.0,67,196.4,0.4,1.4,75.4,0.2,196.4,0.4,0.2
2018_04_MIN_LA,MIN,465.0,5,465.0,5,0.0,100.0,0,0.0,68,209.2,0.6,1.0,91.8,0.4,209.2,0.6,0.2
2018_05_MIN_PHI,MIN,311.0,2,311.0,2,0.0,81.0,0,2.0,69,276.2,1.6,0.6,89.2,0.4,276.2,1.6,0.2
2018_06_ARI_MIN,MIN,240.0,0,240.0,0,1.0,60.0,1,1.0,70,302.8,2.0,0.6,99.4,0.4,302.8,2.0,0.6
2018_07_MIN_NYJ,MIN,206.0,1,206.0,1,3.0,71.0,1,1.0,71,298.6,1.8,0.2,93.4,0.6,298.6,1.8,0.6
2018_08_NO_MIN,MIN,164.0,1,164.0,1,1.0,106.0,1,0.0,72,283.6,1.8,0.8,88.0,0.8,283.6,1.8,0.8
2018_09_DET_MIN,MIN,199.0,0,199.0,0,0.0,66.0,0,1.0,73,277.2,1.8,1.0,83.6,0.6,277.2,1.8,0.8
2018_11_MIN_CHI,MIN,165.0,1,165.0,1,2.0,148.0,0,1.0,74,224.0,0.8,1.0,76.8,0.6,224.0,0.8,1.0
2018_12_GB_MIN,MIN,198.0,1,198.0,1,0.0,82.0,1,0.0,75,194.8,0.6,1.4,90.2,0.6,194.8,0.6,0.8
2018_13_MIN_NE,MIN,311.0,1,311.0,1,1.0,160.0,2,0.0,76,186.4,0.8,1.2,94.6,0.6,186.4,0.8,0.6
2018_14_MIN_SEA,MIN,72.0,0,72.0,0,1.0,214.0,1,0.0,77,207.4,0.8,0.8,112.4,0.8,207.4,0.8,0.4
2018_15_MIA_MIN,MIN,108.0,0,108.0,0,0.0,156.0,1,0.0,78,189.0,0.6,0.8,134.0,0.8,189.0,0.6,0.4
2018_16_MIN_DET,MIN,161.0,0,161.0,0,0.0,86.0,0,0.0,79,170.8,0.6,0.8,152.0,1.0,170.8,0.6,0.2
2018_17_CHI_MIN,MIN,163.0,0,163.0,0,0.0,169.0,3,0.0,80,170.0,0.4,0.4,139.6,1.0,170.0,0.4,0.0
2019_01_ATL_MIN,MIN,304.0,2,304.0,2,2.0,73.0,0,1.0,81,163.0,0.2,0.4,157.0,1.4,163.0,0.2,0.0
2019_02_MIN_GB,MIN,209.0,2,209.0,2,0.0,144.0,1,2.0,82,161.6,0.4,0.6,139.6,1.0,161.6,0.4,0.2
2019_03_OAK_MIN,MIN,242.0,2,242.0,2,1.0,88.0,0,0.0,83,189.0,0.8,0.4,125.6,1.0,189.0,0.8,0.6
2019_04_MIN_CHI,MIN,204.0,1,204.0,1,0.0,72.0,0,0.0,84,215.8,1.2,0.6,112.0,0.8,215.8,1.2,0.6
2019_05_MIN_NYG,MIN,182.0,1,182.0,1,1.0,64.0,0,0.0,85,224.4,1.4,0.6,109.2,0.8,224.4,1.4,0.6
2019_06_PHI_MIN,MIN,306.0,2,306.0,2,2.0,108.0,0,1.0,86,228.2,1.6,0.8,88.2,0.2,228.2,1.6,0.6
2019_07_MIN_DET,MIN,364.0,4,364.0,4,1.0,81.0,0,0.0,87,228.6,1.6,0.8,95.2,0.2,228.6,1.6,0.6
2019_08_WAS_MIN,MIN,163.0,0,163.0,0,1.0,85.0,0,1.0,88,259.6,2.0,1.0,82.6,0.0,259.6,2.0,0.2
2019_09_MIN_KC,MIN,275.0,1,275.0,1,0.0,147.0,1,0.0,89,243.8,1.6,1.0,82.0,0.0,243.8,1.6,0.4
2019_10_MIN_DAL,MIN,397.0,3,397.0,3,1.0,50.0,0,0.0,90,258.0,1.6,1.0,97.0,0.2,258.0,1.6,0.4
2019_11_DEN_MIN,MIN,278.0,1,278.0,1,1.0,124.0,1,0.0,91,301.0,2.0,1.0,94.2,0.2,301.0,2.0,0.4
2019_13_MIN_SEA,MIN,240.0,2,240.0,2,1.0,218.0,2,1.0,92,295.4,1.8,0.8,97.4,0.4,295.4,1.8,0.2
2019_14_DET_MIN,MIN,205.0,1,205.0,1,2.0,70.0,0,0.0,93,270.6,1.4,0.8,124.8,0.8,270.6,1.4,0.4
2019_15_MIN_LAC,MIN,307.0,1,307.0,1,3.0,62.0,0,4.0,94,279.0,1.6,1.0,121.8,0.8,279.0,1.6,0.2
2019_16_GB_MIN,MIN,216.0,0,216.0,0,1.0,184.0,2,2.0,95,285.4,1.6,1.6,104.8,0.6,285.4,1.6,1.0
2019_17_CHI_MIN,MIN,207.0,0,207.0,0,0.0,158.0,1,1.0,96,249.2,1.0,1.6,131.6,1.0,249.2,1.0,1.4
2020_01_GB_MIN,MIN,364.0,4,364.0,4,0.0,158.0,1,0.0,97,235.0,0.8,1.4,138.4,1.0,235.0,0.8,1.6
2020_02_MIN_IND,MIN,214.0,1,214.0,1,1.0,151.0,1,0.0,98,259.8,1.2,1.2,126.4,0.8,259.8,1.2,1.4
2020_03_TEN_MIN,MIN,321.0,0,321.0,0,1.0,134.0,2,0.0,99,261.6,1.2,1.0,142.6,1.0,261.6,1.2,1.4
2020_04_MIN_HOU,MIN,300.0,2,300.0,2,0.0,96.0,0,0.0,100,264.4,1.0,0.6,157.0,1.4,264.4,1.0,0.6
2020_05_MIN_SEA,MIN,217.0,3,217.0,3,1.0,124.0,1,0.0,101,281.2,1.4,0.4,139.4,1.0,281.2,1.4,0.2
2020_06_ATL_MIN,MIN,371.0,4,371.0,4,0.0,99.0,0,1.0,102,283.2,2.0,0.6,132.6,1.0,283.2,2.0,0.0
2020_08_MIN_GB,MIN,291.0,3,291.0,3,0.0,109.0,0,1.0,103,284.6,2.0,0.6,120.8,0.8,284.6,2.0,0.2
2020_09_DET_MIN,MIN,305.0,2,305.0,2,3.0,129.0,0,0.0,104,300.0,2.4,0.4,112.4,0.6,300.0,2.4,0.4
2020_10_MIN_CHI,MIN,124.0,0,124.0,0,1.0,41.0,0,0.0,105,296.8,2.8,0.8,111.4,0.2,296.8,2.8,0.4
2020_11_DAL_MIN,MIN,203.0,3,203.0,3,1.0,180.0,1,0.0,106,261.6,2.4,1.0,100.4,0.2,261.6,2.4,0.4
2020_12_CAR_MIN,MIN,267.0,1,267.0,1,1.0,107.0,0,0.0,107,258.8,2.4,1.0,111.6,0.2,258.8,2.4,0.4
2020_13_JAX_MIN,MIN,280.0,1,280.0,1,2.0,124.0,1,2.0,108,238.0,1.8,1.2,113.2,0.2,238.0,1.8,0.2
2020_14_MIN_TB,MIN,196.0,2,196.0,2,0.0,107.0,1,0.0,109,235.8,1.4,1.6,116.2,0.4,235.8,1.4,0.4
2020_15_CHI_MIN,MIN,202.0,1,202.0,1,1.0,199.0,2,0.0,110,214.0,1.4,1.0,111.8,0.6,214.0,1.4,0.4
2020_16_MIN_NO,MIN,319.0,0,319.0,0,2.0,264.0,7,0.0,111,229.6,1.6,1.0,143.4,1.0,229.6,1.6,0.4
2020_17_MIN_DET,MIN,293.0,3,293.0,3,1.0,129.0,2,0.0,112,252.8,1.0,1.2,160.2,2.2,252.8,1.0,0.4
2021_01_MIN_CIN,MIN,261.0,2,261.0,2,0.0,149.0,1,0.0,113,258.0,1.4,1.2,164.6,2.6,258.0,1.4,0.4
2021_02_MIN_ARI,MIN,400.0,3,400.0,3,2.0,103.0,1,0.0,114,254.2,1.6,0.8,169.6,2.6,254.2,1.6,0.0
2021_03_SEA_MIN,MIN,298.0,1,298.0,1,0.0,106.0,1,0.0,115,295.0,1.8,1.2,168.8,2.6,295.0,1.8,0.0
2021_04_CLE_MIN,MIN,155.0,0,155.0,0,0.0,184.0,1,0.0,116,314.2,1.8,1.0,150.2,2.4,314.2,1.8,0.0
2021_05_DET_MIN,MIN,203.0,0,203.0,0,1.0,108.0,1,1.0,117,281.4,1.8,0.6,134.2,1.2,281.4,1.8,0.0
2021_06_MIN_CAR,MIN,207.0,1,207.0,1,1.0,118.0,1,2.0,118,263.4,1.2,0.6,130.0,1.0,263.4,1.2,0.2
2021_08_DAL_MIN,MIN,360.0,2,360.0,2,1.0,78.0,0,1.0,119,252.6,1.0,0.8,123.8,1.0,252.6,1.0,0.6
2021_09_MIN_BAL,MIN,266.0,3,266.0,3,2.0,247.0,1,0.0,120,244.6,0.8,0.6,118.8,0.8,244.6,0.8,0.8
2021_10_MIN_LAC,MIN,195.0,1,195.0,1,1.0,82.0,1,0.0,121,238.2,1.2,1.0,147.0,0.8,238.2,1.2,0.8
2021_11_GB_MIN,MIN,385.0,4,385.0,4,0.0,95.0,0,0.0,122,246.2,1.4,1.2,126.6,0.8,246.2,1.4,0.8
2021_12_MIN_SF,MIN,230.0,1,230.0,1,1.0,208.0,3,0.0,123,282.6,2.2,1.0,124.0,0.6,282.6,2.2,0.6
2021_13_MIN_DET,MIN,296.0,3,296.0,3,1.0,100.0,0,1.0,124,287.2,2.2,1.0,142.0,1.0,287.2,2.2,0.2
2021_14_PIT_MIN,MIN,308.0,3,308.0,3,1.0,106.0,1,0.0,125,274.4,2.4,1.0,146.4,1.0,274.4,2.4,0.2
2021_15_MIN_CHI,MIN,285.0,1,285.0,1,0.0,115.0,0,2.0,126,282.8,2.4,0.8,118.2,1.0,282.8,2.4,0.2
2021_16_LA_MIN,MIN,197.0,1,197.0,1,3.0,159.0,1,0.0,127,300.8,2.4,0.6,124.8,0.8,300.8,2.4,0.6
2021_17_MIN_GB,MIN,307.0,2,307.0,2,0.0,174.0,2,0.0,128,263.2,1.8,1.2,137.6,1.0,263.2,1.8,0.6
2021_18_CHI_MIN,MIN,325.0,1,325.0,1,2.0,90.0,0,0.0,129,278.6,2.0,1.0,130.8,0.8,278.6,2.0,0.6
2022_01_GB_MIN,MIN,260.0,0,260.0,0,1.0,111.0,1,1.0,130,284.4,1.6,1.2,128.8,0.8,284.4,1.6,0.4
2022_02_MIN_PHI,MIN,333.0,1,333.0,1,1.0,163.0,2,0.0,131,274.8,1.0,1.2,129.8,0.8,274.8,1.0,0.6
2022_03_DET_MIN,MIN,277.0,1,277.0,1,1.0,139.0,2,0.0,132,284.4,1.0,1.4,139.4,1.2,284.4,1.0,0.2
2022_04_MIN_NO,MIN,236.0,1,236.0,1,0.0,111.0,2,1.0,133,300.4,1.0,1.0,135.4,1.4,300.4,1.0,0.2
2022_05_CHI_MIN,MIN,208.0,1,208.0,1,0.0,78.0,1,1.0,134,286.2,0.8,1.0,122.8,1.4,286.2,0.8,0.4
2022_06_MIN_MIA,MIN,418.0,2,418.0,2,2.0,73.0,0,1.0,135,262.8,0.8,0.6,120.4,1.6,262.8,0.8,0.6
2022_08_ARI_MIN,MIN,326.0,3,326.0,3,2.0,78.0,0,0.0,136,294.4,1.2,0.8,112.8,1.4,294.4,1.2,0.6
2022_09_MIN_WAS,MIN,149.0,2,149.0,2,1.0,137.0,0,0.0,137,293.0,1.6,1.0,95.8,1.0,293.0,1.6,0.6
2022_10_MIN_BUF,MIN,330.0,1,330.0,1,2.0,175.0,2,2.0,138,267.4,1.8,1.0,95.4,0.6,267.4,1.8,0.6
2022_11_DAL_MIN,MIN,307.0,2,307.0,2,0.0,151.0,2,0.0,139,286.2,1.8,1.4,108.2,0.6,286.2,1.8,0.8
2022_12_NE_MIN,MIN,382.0,2,382.0,2,0.0,45.0,0,0.0,140,306.0,2.0,1.4,122.8,0.8,306.0,2.0,0.6
2022_13_NYJ_MIN,MIN,369.0,0,369.0,0,2.0,120.0,1,0.0,141,298.8,2.0,1.0,117.2,0.8,298.8,2.0,0.4
2022_14_MIN_DET,MIN,330.0,3,330.0,3,0.0,134.0,1,0.0,142,307.4,1.4,1.0,125.6,1.0,307.4,1.4,0.4
2022_15_IND_MIN,MIN,182.0,1,182.0,1,0.0,171.0,0,1.0,143,343.6,1.6,0.8,125.0,1.2,343.6,1.6,0.4
2022_16_NYG_MIN,MIN,334.0,1,334.0,1,1.0,126.0,1,1.0,144,314.0,1.6,0.4,124.2,0.8,314.0,1.6,0.2
2022_17_MIN_GB,MIN,168.0,1,168.0,1,0.0,163.0,2,0.0,145,319.4,1.4,0.6,119.2,0.6,319.4,1.4,0.4
2022_18_MIN_CHI,MIN,147.0,1,147.0,1,2.0,118.0,1,0.0,146,276.6,1.2,0.6,142.8,1.0,276.6,1.2,0.4
2023_01_TB_MIN,MIN,173.0,2,173.0,2,0.0,73.0,0,0.0,147,232.2,1.4,0.6,142.4,1.0,232.2,1.4,0.4
2023_02_MIN_PHI,MIN,193.0,1,193.0,1,1.0,259.0,3,0.0,148,200.8,1.2,0.6,130.2,0.8,200.8,1.2,0.4
2023_03_LAC_MIN,MIN,454.0,4,454.0,4,0.0,30.0,0,1.0,149,203.0,1.2,0.8,147.8,1.4,203.0,1.2,0.2
2023_04_MIN_CAR,MIN,204.0,0,204.0,0,0.0,83.0,0,1.0,150,227.0,1.8,0.6,128.6,1.2,227.0,1.8,0.2
2023_05_KC_MIN,MIN,281.0,2,281.0,2,0.0,67.0,1,0.0,151,234.2,1.6,0.6,112.6,0.8,234.2,1.6,0.4
2023_06_MIN_CHI,MIN,141.0,0,141.0,0,2.0,162.0,1,1.0,152,261.0,1.8,0.2,102.4,0.8,261.0,1.8,0.4
2023_07_SF_MIN,MIN,272.0,1,272.0,1,2.0,65.0,1,1.0,153,254.6,1.4,0.6,120.2,1.0,254.6,1.4,0.6
2023_08_MIN_GB,MIN,229.0,1,229.0,1,1.0,74.0,0,0.0,154,270.4,1.4,0.8,81.4,0.6,270.4,1.4,0.8
2023_09_MIN_ATL,MIN,268.0,1,268.0,1,1.0,110.0,1,1.0,155,225.4,0.8,1.0,90.2,0.6,225.4,0.8,0.6
2023_10_NO_MIN,MIN,232.0,2,232.0,2,2.0,65.0,0,0.0,156,238.2,1.0,1.2,95.6,0.8,238.2,1.0,0.6
2023_11_MIN_DEN,MIN,259.0,1,259.0,1,0.0,46.0,0,0.0,157,228.4,1.0,1.6,95.2,0.6,228.4,1.0,0.6
2023_12_CHI_MIN,MIN,217.0,0,217.0,0,0.0,118.0,0,2.0,158,252.0,1.2,1.2,72.0,0.4,252.0,1.2,0.4
2023_14_MIN_LV,MIN,166.0,0,171.0,0,1.0,56.0,0,1.0,159,241.0,1.0,0.8,82.6,0.2,241.0,1.0,0.6
2023_15_MIN_CIN,MIN,324.0,2,324.0,2,1.0,80.0,1,0.0,160,229.4,0.8,0.8,79.0,0.2,228.4,0.8,0.8
2023_16_DET_MIN,MIN,257.0,1,257.0,1,0.0,143.0,3,1.0,161,240.6,1.0,0.8,73.0,0.2,239.6,1.0,0.6
2023_17_GB_MIN,MIN,293.0,3,293.0,3,0.0,177.0,1,0.0,162,245.6,0.8,0.4,88.6,0.8,244.6,0.8,0.8
2023_18_MIN_DET,MIN,320.0,2,320.0,2,0.0,70.0,2,0.0,163,252.4,1.2,0.4,114.8,1.0,251.4,1.2,0.8
2024_01_MIN_NYG,MIN,186.0,0,186.0,0,2.0,74.0,0,0.0,164,273.0,1.6,0.4,105.2,1.4,272.0,1.6,0.4
2024_02_SF_MIN,MIN,319.0,1,319.0,1,1.0,102.0,1,1.0,165,276.0,1.6,0.6,108.8,1.4,276.0,1.6,0.2
2024_03_HOU_MIN,MIN,307.0,1,307.0,1,2.0,38.0,0,0.0,166,275.0,1.4,0.6,113.2,1.4,275.0,1.4,0.4
2024_04_MIN_GB,MIN,389.0,4,389.0,4,3.0,86.0,0,1.0,167,285.0,1.4,1.0,92.2,0.8,285.0,1.4,0.2
2024_05_NYJ_MIN,MIN,244.0,2,244.0,2,3.0,36.0,0,0.0,168,304.2,1.6,1.6,74.0,0.6,304.2,1.6,0.4
2024_07_DET_MIN,MIN,280.0,2,280.0,2,0.0,144.0,2,1.0,169,289.0,1.6,2.2,67.2,0.2,289.0,1.6,0.4
2024_08_MIN_LA,MIN,279.0,4,279.0,4,1.0,107.0,0,0.0,170,307.8,2.0,1.8,81.2,0.6,307.8,2.0,0.6
2024_09_IND_MIN,MIN,179.0,0,179.0,0,1.0,68.0,0,1.0,171,299.8,2.6,1.8,82.2,0.4,299.8,2.6,0.4
2024_10_MIN_JAX,MIN,111.0,0,111.0,0,2.0,56.0,1,1.0,172,274.2,2.4,1.6,88.2,0.4,274.2,2.4,0.6
2024_11_MIN_TEN,MIN,295.0,1,295.0,1,1.0,33.0,0,0.0,173,218.6,1.6,1.4,82.2,0.6,218.6,1.6,0.6
2024_12_MIN_CHI,MIN,340.0,2,340.0,2,0.0,78.0,1,0.0,174,228.8,1.4,1.0,81.6,0.6,228.8,1.4,0.6
2024_13_ARI_MIN,MIN,260.0,1,260.0,1,2.0,154.0,0,0.0,175,240.8,1.4,1.0,68.4,0.4,240.8,1.4,0.4
2024_14_ATL_MIN,MIN,344.0,0,344.0,0,2.0,158.0,2,0.0,176,237.0,0.8,1.2,77.8,0.4,237.0,0.8,0.4
2024_15_CHI_MIN,MIN,196.0,1,196.0,1,0.0,113.0,0,1.0,177,270.0,0.8,1.4,95.8,0.8,270.0,0.8,0.2
2024_16_MIN_SEA,MIN,314.0,3,314.0,3,2.0,59.0,0,0.0,178,287.0,1.0,1.0,107.2,0.6,287.0,1.0,0.2
2024_17_GB_MIN,MIN,185.0,1,185.0,1,0.0,104.0,2,1.0,179,290.8,1.4,1.2,112.4,0.6,290.8,1.4,0.2
2024_18_MIN_DET,MIN,231.0,1,231.0,1,2.0,178.0,3,0.0,180,259.8,1.2,1.2,117.6,0.8,259.8,1.2,0.4
2014_01_NE_MIA,NE,178.0,2,178.0,2,1.0,191.0,1,2.0,1,,,,,,,,
2014_02_NE_MIN,NE,202.0,1,202.0,1,4.0,54.0,0,0.0,2,178.0,2.0,1.0,191.0,1.0,178.0,2.0,2.0
2014_03_OAK_NE,NE,174.0,0,174.0,0,1.0,67.0,0,0.0,3,190.0,1.5,2.5,122.5,0.5,190.0,1.5,1.0
2014_04_NE_KC,NE,248.0,3,248.0,3,0.0,207.0,1,0.0,4,184.66666666666666,1.0,2.0,104.0,0.3333333333333333,184.66666666666666,1.0,0.6666666666666666
2014_05_CIN_NE,NE,249.0,2,249.0,2,0.0,79.0,0,2.0,5,200.5,1.5,1.5,129.75,0.5,200.5,1.5,0.5
2014_06_NE_BUF,NE,299.0,2,299.0,2,1.0,68.0,1,2.0,6,210.2,1.6,1.2,119.6,0.4,210.2,1.6,0.8
2014_07_NYJ_NE,NE,226.0,1,226.0,1,0.0,218.0,1,0.0,7,234.4,1.6,1.2,95.0,0.4,234.4,1.6,0.8
2014_08_CHI_NE,NE,249.0,3,249.0,3,1.0,153.0,0,1.0,8,239.2,1.6,0.4,127.8,0.6,239.2,1.6,0.8
2014_09_DEN_NE,NE,438.0,2,438.0,2,2.0,43.0,1,0.0,9,254.2,2.2,0.4,145.0,0.6,254.2,2.2,1.0
2014_11_NE_IND,NE,303.0,2,303.0,2,1.0,19.0,0,0.0,10,292.2,2.0,0.8,112.2,0.6,292.2,2.0,1.0
2014_12_DET_NE,NE,264.0,0,264.0,0,1.0,91.0,0,0.0,11,303.0,2.0,1.0,100.2,0.6,303.0,2.0,0.6
2014_13_NE_GB,NE,368.0,2,368.0,2,0.0,130.0,0,0.0,12,296.0,1.6,1.0,104.8,0.4,296.0,1.6,0.2
2014_14_NE_SD,NE,189.0,1,189.0,1,1.0,53.0,0,0.0,13,324.4,1.8,1.0,87.2,0.2,324.4,1.8,0.2
2014_15_MIA_NE,NE,346.0,1,346.0,1,2.0,76.0,0,0.0,14,312.4,1.4,1.0,67.2,0.2,312.4,1.4,0.0
2014_16_NE_NYJ,NE,210.0,1,210.0,1,1.0,116.0,0,0.0,15,294.0,1.2,1.0,73.8,0.0,294.0,1.2,0.0
2014_17_BUF_NE,NE,176.0,1,176.0,1,0.0,104.0,1,1.0,16,275.4,1.0,1.0,93.2,0.0,275.4,1.0,0.0
2015_01_PIT_NE,NE,351.0,1,351.0,1,1.0,134.0,1,0.0,17,257.8,1.2,0.8,95.8,0.2,257.8,1.2,0.2
2015_02_NE_BUF,NE,242.0,3,242.0,3,3.0,160.0,2,0.0,18,254.4,1.0,1.0,96.6,0.4,254.4,1.0,0.2
2015_03_JAX_NE,NE,242.0,2,242.0,2,1.0,57.0,0,0.0,19,265.0,1.4,1.4,118.0,0.8,265.0,1.4,0.2
2015_05_NE_DAL,NE,187.0,0,187.0,0,1.0,102.0,0,1.0,20,244.2,1.6,1.2,114.2,0.8,244.2,1.6,0.2
2015_06_NE_IND,NE,312.0,3,312.0,3,0.0,120.0,0,0.0,21,239.6,1.4,1.2,111.4,0.8,239.6,1.4,0.4
2015_07_NYJ_NE,NE,295.0,2,295.0,2,0.0,89.0,0,1.0,22,266.8,1.8,1.2,114.6,0.6,266.8,1.8,0.2
2015_08_MIA_NE,NE,300.0,0,300.0,0,2.0,15.0,1,0.0,23,255.6,2.0,1.0,105.6,0.4,255.6,2.0,0.4
2015_09_WAS_NE,NE,217.0,1,217.0,1,1.0,37.0,0,1.0,24,267.2,1.4,0.8,76.6,0.2,267.2,1.4,0.4
2015_10_NE_NYG,NE,361.0,2,361.0,2,0.0,80.0,0,1.0,25,262.2,1.2,0.8,72.6,0.2,262.2,1.2,0.6
2015_11_BUF_NE,NE,233.0,0,233.0,0,0.0,94.0,1,0.0,26,297.0,1.6,0.6,68.2,0.2,297.0,1.6,0.6
2015_12_NE_DEN,NE,270.0,1,270.0,1,1.0,179.0,3,0.0,27,281.2,1.0,0.6,63.0,0.4,281.2,1.0,0.6
2015_13_PHI_NE,NE,120.0,2,120.0,2,0.0,128.0,0,1.0,28,276.2,0.8,0.8,81.0,1.0,276.2,0.8,0.4
2015_14_NE_HOU,NE,159.0,0,159.0,0,0.0,87.0,0,1.0,29,240.2,1.2,0.4,103.6,0.8,240.2,1.2,0.6
2015_15_TEN_NE,NE,274.0,2,274.0,2,2.0,59.0,0,1.0,30,228.6,1.0,0.2,113.6,0.8,228.6,1.0,0.6
2015_16_NE_NYJ,NE,296.0,3,296.0,3,0.0,143.0,0,1.0,31,211.2,1.0,0.6,109.4,0.8,211.2,1.0,0.6
2015_17_NE_MIA,NE,350.0,2,350.0,2,0.0,96.0,0,0.0,32,223.8,1.6,0.6,119.2,0.6,223.8,1.6,0.8
2016_01_NE_ARI,NE,271.0,2,271.0,2,0.0,92.0,1,0.0,33,239.8,1.8,0.4,102.6,0.0,239.8,1.8,0.8
2016_02_MIA_NE,NE,387.0,2,387.0,2,2.0,70.0,1,2.0,34,270.0,1.8,0.4,95.4,0.2,270.0,1.8,0.6
2016_03_HOU_NE,NE,196.0,0,196.0,0,1.0,109.0,0,0.0,35,315.6,2.2,0.8,92.0,0.4,315.6,2.2,0.8
2016_04_BUF_NE,NE,246.0,1,246.0,1,0.0,134.0,0,0.0,36,300.0,1.8,0.6,102.0,0.4,300.0,1.8,0.6
2016_05_NE_CLE,NE,249.0,2,249.0,2,1.0,27.0,0,0.0,37,290.0,1.4,0.6,100.2,0.4,290.0,1.4,0.4
2016_06_CIN_NE,NE,254.0,1,254.0,1,0.0,120.0,1,0.0,38,269.8,1.4,0.8,86.4,0.4,269.8,1.4,0.4
2016_07_NE_PIT,NE,281.0,1,281.0,1,1.0,94.0,0,0.0,39,266.4,1.2,0.8,92.0,0.4,266.4,1.2,0.4
2016_08_NE_BUF,NE,218.0,0,218.0,0,0.0,167.0,3,0.0,40,245.2,1.0,0.6,96.8,0.2,245.2,1.0,0.0
2016_10_SEA_NE,NE,348.0,3,348.0,3,0.0,96.0,0,0.0,41,249.6,1.0,0.4,108.4,0.8,249.6,1.0,0.0
2016_11_NE_SF,NE,206.0,2,206.0,2,0.0,122.0,0,0.0,42,270.0,1.4,0.4,100.8,0.8,270.0,1.4,0.0
2016_12_NE_NYJ,NE,269.0,2,269.0,2,0.0,64.0,0,2.0,43,261.4,1.4,0.2,119.8,0.8,261.4,1.4,0.0
2016_13_LA_NE,NE,161.0,1,161.0,1,2.0,36.0,0,0.0,44,264.4,1.6,0.2,108.6,0.6,264.4,1.6,0.4
2016_14_BAL_NE,NE,324.0,2,324.0,2,1.0,42.0,0,0.0,45,240.4,1.6,0.4,97.0,0.6,240.4,1.6,0.4
2016_15_NE_DEN,NE,282.0,0,282.0,0,1.0,58.0,0,1.0,46,261.6,2.0,0.6,72.0,0.0,261.6,2.0,0.4
2016_16_NYJ_NE,NE,136.0,0,136.0,0,3.0,111.0,0,1.0,47,248.4,1.4,0.8,64.4,0.0,248.4,1.4,0.6
2016_17_NE_MIA,NE,205.0,2,205.0,2,1.0,75.0,0,1.0,48,234.4,1.0,1.4,62.2,0.0,234.4,1.0,0.8
2017_01_KC_NE,NE,368.0,4,368.0,4,0.0,185.0,2,1.0,49,221.6,1.0,1.6,64.4,0.0,221.6,1.0,0.6
2017_02_NE_NO,NE,356.0,2,356.0,2,0.0,81.0,0,0.0,50,263.0,1.6,1.2,94.2,0.4,263.0,1.6,0.8
2017_03_HOU_NE,NE,301.0,2,301.0,2,2.0,125.0,0,0.0,51,269.4,1.6,1.0,102.0,0.4,269.4,1.6,0.8
2017_04_CAR_NE,NE,316.0,3,316.0,3,1.0,140.0,1,1.0,52,273.2,2.0,1.2,115.4,0.4,273.2,2.0,0.6
2017_05_NE_TB,NE,334.0,1,334.0,1,0.0,90.0,1,0.0,53,309.2,2.6,0.8,121.2,0.6,309.2,2.6,0.6
2017_06_NE_NYJ,NE,354.0,2,354.0,2,2.0,74.0,0,0.0,54,335.0,2.4,0.6,124.2,0.8,335.0,2.4,0.4
2017_07_ATL_NE,NE,233.0,1,233.0,1,0.0,120.0,0,0.0,55,332.2,2.0,1.0,102.0,0.4,332.2,2.0,0.2
2017_08_LAC_NE,NE,212.0,1,212.0,1,1.0,157.0,1,0.0,56,307.6,1.8,1.0,109.8,0.4,307.6,1.8,0.2
2017_10_NE_DEN,NE,221.0,1,221.0,1,1.0,118.0,0,0.0,57,289.8,1.6,0.8,116.2,0.6,289.8,1.6,0.2
2017_11_NE_OAK,NE,237.0,1,237.0,1,1.0,109.0,0,1.0,58,270.8,1.2,0.8,111.8,0.4,270.8,1.2,0.0
2017_12_MIA_NE,NE,215.0,1,215.0,1,2.0,67.0,0,1.0,59,251.4,1.2,1.0,115.6,0.2,251.4,1.2,0.2
2017_13_NE_BUF,NE,115.0,0,115.0,0,1.0,183.0,0,0.0,60,223.6,1.0,1.0,114.2,0.2,223.6,1.0,0.4
2017_14_NE_MIA,NE,263.0,3,263.0,3,0.0,120.0,0,0.0,61,200.0,0.8,1.2,126.8,0.2,200.0,0.8,0.4
2017_15_NE_PIT,NE,281.0,2,281.0,2,1.0,143.0,1,0.0,62,210.2,1.2,1.0,119.4,0.0,210.2,1.2,0.4
2017_16_BUF_NE,NE,281.0,0,281.0,0,0.0,84.0,0,0.0,63,222.2,1.4,1.0,124.4,0.2,222.2,1.4,0.4
2017_17_NYJ_NE,NE,232.0,0,232.0,0,0.0,40.0,0,0.0,64,231.0,1.2,0.8,119.4,0.2,231.0,1.2,0.2
2018_01_HOU_NE,NE,176.0,1,176.0,1,1.0,167.0,1,1.0,65,234.4,1.0,0.4,114.0,0.2,234.4,1.0,0.0
2018_02_NE_JAX,NE,376.0,4,376.0,4,1.0,104.0,0,1.0,66,246.6,1.2,0.4,110.8,0.4,246.6,1.2,0.2
2018_03_NE_DET,NE,262.0,2,262.0,2,1.0,159.0,0,0.0,67,269.2,1.4,0.6,107.6,0.4,269.2,1.4,0.4
2018_04_MIA_NE,NE,135.0,1,135.0,1,1.0,56.0,0,1.0,68,265.4,1.4,0.6,110.8,0.2,265.4,1.4,0.4
2018_05_IND_NE,NE,365.0,3,365.0,3,2.0,84.0,0,1.0,69,236.2,1.6,0.8,105.2,0.2,236.2,1.6,0.6
2018_06_KC_NE,NE,352.0,4,352.0,4,2.0,94.0,0,0.0,70,262.8,2.2,1.2,114.0,0.2,262.8,2.2,0.8
2018_07_NE_CHI,NE,333.0,2,333.0,2,2.0,134.0,2,0.0,71,298.0,2.8,1.4,99.4,0.0,298.0,2.8,0.6
2018_08_NE_BUF,NE,313.0,0,313.0,0,1.0,46.0,0,1.0,72,289.4,2.4,1.6,105.4,0.4,289.4,2.4,0.4
2018_09_GB_NE,NE,259.0,2,259.0,2,0.0,117.0,0,1.0,73,299.6,2.0,1.6,82.8,0.4,299.6,2.0,0.6
2018_10_NE_TEN,NE,249.0,2,249.0,2,0.0,150.0,2,0.0,74,324.4,2.2,1.4,95.0,0.4,324.4,2.2,0.6
2018_12_NE_NYJ,NE,276.0,1,276.0,1,1.0,74.0,0,0.0,75,301.2,2.0,1.0,108.2,0.8,301.2,2.0,0.4
2018_13_MIN_NE,NE,201.0,1,201.0,1,2.0,95.0,0,0.0,76,286.0,1.4,0.8,104.2,0.8,286.0,1.4,0.4
2018_14_NE_MIA,NE,265.0,3,265.0,3,0.0,189.0,2,0.0,77,259.6,1.2,0.8,96.4,0.4,259.6,1.2,0.4
2018_15_NE_PIT,NE,235.0,2,235.0,2,2.0,158.0,0,0.0,78,250.0,1.8,0.6,125.0,0.8,250.0,1.8,0.2
2018_16_BUF_NE,NE,217.0,1,217.0,1,2.0,72.0,0,1.0,79,245.2,1.8,1.0,133.2,0.8,245.2,1.8,0.0
2018_17_NYJ_NE,NE,167.0,0,167.0,0,0.0,104.0,0,3.0,80,238.8,1.6,1.4,117.6,0.4,238.8,1.6,0.2
2019_01_PIT_NE,NE,276.0,0,276.0,0,1.0,32.0,0,0.0,81,217.0,1.4,1.2,123.6,0.4,217.0,1.4,0.8
2019_02_NE_MIA,NE,186.0,0,186.0,0,4.0,42.0,0,0.0,82,232.0,1.2,1.0,111.0,0.4,232.0,1.2,0.8
2019_03_NYJ_NE,NE,98.0,0,98.0,0,1.0,36.0,0,0.0,83,216.2,0.6,1.8,81.6,0.0,216.2,0.6,0.8
2019_04_NE_BUF,NE,280.0,0,280.0,0,4.0,135.0,1,0.0,84,188.8,0.2,1.6,57.2,0.0,188.8,0.2,0.8
2019_05_NE_WAS,NE,122.0,0,122.0,0,1.0,145.0,1,1.0,85,201.4,0.0,2.0,69.8,0.2,201.4,0.0,0.6
2019_06_NYG_NE,NE,161.0,1,161.0,1,3.0,52.0,0,1.0,86,192.4,0.0,2.2,78.0,0.4,192.4,0.0,0.2
2019_07_NE_NYJ,NE,86.0,0,86.0,0,4.0,81.0,0,1.0,87,169.4,0.2,2.6,82.0,0.4,169.4,0.2,0.4
2019_08_CLE_NE,NE,194.0,1,194.0,1,1.0,159.0,0,2.0,88,149.4,0.2,2.6,89.8,0.4,149.4,0.2,0.6
2019_09_NE_BAL,NE,163.0,1,163.0,1,0.0,210.0,3,1.0,89,168.6,0.4,2.6,114.4,0.4,168.6,0.4,1.0
2019_11_NE_PHI,NE,214.0,1,214.0,1,0.0,81.0,0,1.0,90,145.2,0.6,1.8,129.4,0.8,145.2,0.6,1.2
2019_12_DAL_NE,NE,212.0,0,212.0,0,1.0,109.0,0,0.0,91,163.6,0.8,1.6,116.6,0.6,163.6,0.8,1.2
2019_13_NE_HOU,NE,240.0,4,240.0,4,0.0,52.0,0,0.0,92,173.8,0.6,1.2,128.0,0.6,173.8,0.6,1.0
2019_14_KC_NE,NE,283.0,1,283.0,1,1.0,75.0,1,1.0,93,204.6,1.4,0.4,122.2,0.6,204.6,1.4,0.8
2019_15_NE_CIN,NE,151.0,1,151.0,1,4.0,164.0,0,0.0,94,222.4,1.4,0.4,105.4,0.8,222.4,1.4,0.6
2019_16_BUF_NE,NE,208.0,2,208.0,2,0.0,92.0,0,0.0,95,220.0,1.4,1.2,96.2,0.2,220.0,1.4,0.4
2019_17_MIA_NE,NE,340.0,1,340.0,1,0.0,63.0,1,0.0,96,218.8,1.6,1.2,98.4,0.2,218.8,1.6,0.2
2020_01_MIA_NE,NE,191.0,0,191.0,0,3.0,87.0,1,0.0,97,244.4,1.8,1.0,89.2,0.4,244.4,1.8,0.2
2020_02_NE_SEA,NE,288.0,5,288.0,5,1.0,154.0,0,0.0,98,234.6,1.0,1.6,96.2,0.6,234.6,1.0,0.2
2020_03_LV_NE,NE,261.0,2,261.0,2,0.0,126.0,0,3.0,99,235.6,1.8,1.6,112.0,0.4,235.6,1.8,0.0
2020_04_NE_KC,NE,236.0,2,236.0,2,0.0,94.0,0,1.0,100,257.6,2.0,0.8,104.4,0.4,257.6,2.0,0.6
2020_06_DEN_NE,NE,189.0,0,189.0,0,2.0,135.0,0,0.0,101,263.2,2.0,0.8,104.8,0.4,263.2,2.0,0.8
2020_07_SF_NE,NE,277.0,0,277.0,0,2.0,197.0,4,0.0,102,233.0,1.8,1.2,119.2,0.2,233.0,1.8,0.8
2020_08_NE_BUF,NE,154.0,0,154.0,0,1.0,190.0,3,0.0,103,250.2,1.8,1.0,141.2,0.8,250.2,1.8,0.8
2020_09_NE_NYJ,NE,262.0,3,262.0,3,1.0,65.0,0,0.0,104,223.4,0.8,1.0,148.4,1.4,223.4,0.8,0.8
2020_10_BAL_NE,NE,249.0,2,249.0,2,1.0,115.0,0,0.0,105,223.6,1.0,1.2,136.2,1.4,223.6,1.0,0.2
2020_11_NE_HOU,NE,344.0,2,344.0,2,0.0,55.0,1,0.0,106,226.2,1.0,1.4,140.4,1.4,226.2,1.0,0.0
2020_12_ARI_NE,NE,170.0,0,170.0,0,1.0,138.0,2,0.0,107,257.2,1.4,1.0,124.4,1.6,257.2,1.4,0.0
2020_13_NE_LAC,NE,209.0,0,209.0,0,2.0,70.0,0,0.0,108,235.8,1.4,0.8,112.6,1.2,235.8,1.4,0.0
2020_14_NE_LA,NE,137.0,1,137.0,1,1.0,186.0,1,0.0,109,246.8,1.4,1.0,88.6,0.6,246.8,1.4,0.0
2020_15_NE_MIA,NE,145.0,0,145.0,0,1.0,250.0,3,0.0,110,221.8,1.0,1.0,112.8,0.8,221.8,1.0,0.0
2020_16_BUF_NE,NE,344.0,4,344.0,4,0.0,130.0,1,0.0,111,201.0,0.6,1.0,139.8,1.4,201.0,0.6,0.0
2020_17_NYJ_NE,NE,266.0,1,266.0,1,2.0,111.0,1,0.0,112,201.0,1.0,1.0,154.8,1.4,201.0,1.0,0.0
2021_01_MIA_NE,NE,202.0,1,202.0,1,1.0,74.0,1,0.0,113,220.2,1.2,1.2,149.4,1.2,220.2,1.2,0.0
2021_02_NE_NYJ,NE,210.0,0,210.0,0,4.0,152.0,0,0.0,114,218.8,1.4,1.0,150.2,1.4,218.8,1.4,0.0
2021_03_NO_NE,NE,128.0,2,128.0,2,0.0,142.0,1,0.0,115,233.4,1.2,1.6,143.4,1.2,233.4,1.2,0.0
2021_04_TB_NE,NE,269.0,0,269.0,0,0.0,120.0,1,0.0,116,230.0,1.6,1.4,121.8,0.8,230.0,1.6,0.0
2021_05_NE_HOU,NE,312.0,3,312.0,3,0.0,67.0,0,1.0,117,215.0,0.8,1.4,119.8,0.8,215.0,0.8,0.0
2021_06_DAL_NE,NE,445.0,3,445.0,3,1.0,122.0,0,1.0,118,224.2,1.2,1.0,111.0,0.6,224.2,1.2,0.2
2021_07_NYJ_NE,NE,253.0,1,253.0,1,2.0,62.0,1,1.0,119,272.8,1.6,1.0,120.6,0.4,272.8,1.6,0.4
2021_08_NE_LAC,NE,223.0,2,223.0,2,2.0,163.0,1,0.0,120,281.4,1.8,0.6,102.6,0.6,281.4,1.8,0.6
2021_09_NE_CAR,NE,172.0,0,172.0,0,3.0,78.0,0,0.0,121,300.4,1.8,1.0,106.8,0.6,300.4,1.8,0.6
2021_10_CLE_NE,NE,154.0,1,154.0,1,1.0,99.0,0,0.0,122,281.0,1.8,1.6,98.4,0.4,281.0,1.8,0.6
2021_11_NE_ATL,NE,158.0,0,158.0,0,4.0,40.0,0,0.0,123,249.4,1.4,1.8,104.8,0.4,249.4,1.4,0.4
2021_12_TEN_NE,NE,93.0,1,93.0,1,1.0,270.0,1,3.0,124,192.0,0.8,2.4,88.4,0.4,192.0,0.8,0.2
2021_13_NE_BUF,NE,145.0,1,145.0,1,0.0,99.0,0,1.0,125,160.0,0.8,2.2,130.0,0.4,160.0,0.8,0.6
2021_15_NE_IND,NE,57.0,1,57.0,1,1.0,226.0,1,0.0,126,144.4,0.6,1.8,117.2,0.2,144.4,0.6,0.8
2021_16_BUF_NE,NE,314.0,3,314.0,3,0.0,114.0,1,0.0,127,121.4,0.8,1.4,146.8,0.4,121.4,0.8,0.8
2021_17_JAX_NE,NE,193.0,1,193.0,1,3.0,80.0,0,0.0,128,153.4,1.2,1.2,149.8,0.6,153.4,1.2,0.8
2021_18_NE_MIA,NE,109.0,1,109.0,1,0.0,195.0,1,0.0,129,160.4,1.4,1.0,157.8,0.6,160.4,1.4,0.8
2022_01_NE_MIA,NE,270.0,1,270.0,1,0.0,65.0,0,0.0,130,163.6,1.4,0.8,142.8,0.6,163.6,1.4,0.2
2022_02_NE_PIT,NE,168.0,1,168.0,1,1.0,91.0,0,0.0,131,188.6,1.4,0.8,136.0,0.6,188.6,1.4,0.0
2022_03_BAL_NE,NE,218.0,4,218.0,4,1.0,188.0,1,1.0,132,210.8,1.4,0.8,109.0,0.4,210.8,1.4,0.0
2022_04_NE_GB,NE,251.0,2,251.0,2,1.0,199.0,1,1.0,133,191.6,1.6,1.0,123.8,0.4,191.6,1.6,0.2
2022_05_DET_NE,NE,229.0,0,229.0,0,1.0,101.0,0,1.0,134,203.2,1.8,0.6,147.6,0.6,203.2,1.8,0.4
2022_06_NE_CLE,NE,266.0,1,266.0,1,2.0,70.0,0,1.0,135,227.2,1.6,0.8,128.8,0.4,227.2,1.6,0.6
2022_07_CHI_NE,NE,179.0,1,179.0,1,1.0,243.0,2,0.0,136,226.4,1.6,1.2,129.8,0.4,226.4,1.6,0.8
2022_08_NE_NYJ,NE,355.0,2,355.0,2,3.0,51.0,0,0.0,137,228.6,1.6,1.2,160.2,0.8,228.6,1.6,0.8
2022_09_IND_NE,NE,103.0,0,103.0,0,1.0,78.0,0,0.0,138,256.0,1.2,1.6,132.8,0.6,256.0,1.2,0.6
2022_11_NYJ_NE,NE,77.0,0,77.0,0,0.0,59.0,0,0.0,139,226.4,0.8,1.6,108.6,0.4,226.4,0.8,0.4
2022_12_NE_MIN,NE,310.0,3,310.0,3,1.0,57.0,0,0.0,140,196.0,0.8,1.4,100.2,0.4,196.0,0.8,0.2
2022_13_BUF_NE,NE,223.0,2,223.0,2,0.0,132.0,1,1.0,141,204.8,1.2,1.2,97.6,0.4,204.8,1.2,0.0
2022_14_NE_ARI,NE,255.0,0,255.0,0,1.0,113.0,1,1.0,142,213.6,1.4,1.0,75.4,0.2,213.6,1.4,0.2
2022_15_NE_LV,NE,231.0,3,231.0,3,1.0,97.0,0,0.0,143,193.6,1.0,0.6,87.8,0.4,193.6,1.0,0.4
2022_16_CIN_NE,NE,375.0,3,375.0,3,2.0,73.0,0,1.0,144,219.2,1.6,0.6,91.6,0.4,219.2,1.6,0.4
2022_17_MIA_NE,NE,265.0,2,265.0,2,2.0,86.0,1,0.0,145,278.8,2.2,1.0,94.4,0.4,278.8,2.2,0.6
2022_18_NE_BUF,NE,254.0,3,254.0,3,1.0,90.0,0,1.0,146,269.8,2.0,1.2,100.2,0.6,269.8,2.0,0.6
2023_01_PHI_NE,NE,170.0,1,170.0,1,0.0,97.0,0,1.0,147,276.0,2.2,1.4,91.8,0.4,276.0,2.2,0.6
2023_02_MIA_NE,NE,249.0,1,249.0,1,1.0,145.0,2,0.0,148,259.0,2.4,1.2,88.6,0.2,259.0,2.4,0.6
2023_03_NE_NYJ,NE,157.0,0,157.0,0,0.0,38.0,1,0.0,149,262.6,2.0,1.2,98.2,0.6,262.6,2.0,0.6
2023_04_NE_DAL,NE,281.0,1,281.0,1,0.0,124.0,1,0.0,150,219.0,1.4,0.8,91.2,0.8,219.0,1.4,0.4
2023_05_NO_NE,NE,183.0,2,183.0,2,0.0,136.0,1,0.0,151,222.2,1.2,0.4,98.8,0.8,222.2,1.2,0.4
2023_06_NE_LV,NE,264.0,1,264.0,1,1.0,84.0,0,0.0,152,208.0,1.0,0.2,108.0,1.0,208.0,1.0,0.2
2023_07_BUF_NE,NE,265.0,2,265.0,2,1.0,81.0,1,1.0,153,226.8,1.0,0.4,105.4,1.0,226.8,1.0,0.0
2023_08_NE_MIA,NE,324.0,3,324.0,3,1.0,78.0,1,1.0,154,230.0,1.2,0.4,92.6,0.8,230.0,1.2,0.2
2023_09_WAS_NE,NE,325.0,1,325.0,1,1.0,124.0,1,1.0,155,263.4,1.8,0.6,100.6,0.8,263.4,1.8,0.4
2023_10_IND_NE,NE,194.0,0,194.0,0,1.0,70.0,1,0.0,156,272.2,1.8,0.8,100.6,0.8,272.2,1.8,0.6
2023_12_NE_NYG,NE,191.0,1,191.0,1,0.0,58.0,0,1.0,157,274.4,1.4,1.0,87.4,0.8,274.4,1.4,0.6
2023_13_LAC_NE,NE,212.0,0,212.0,0,0.0,29.0,0,0.0,158,259.8,1.4,0.8,82.2,0.8,259.8,1.4,0.8
2023_14_NE_PIT,NE,190.0,1,190.0,1,1.0,82.0,1,0.0,159,249.2,1.0,0.6,71.8,0.6,249.2,1.0,0.6
2023_15_KC_NE,NE,309.0,3,309.0,3,2.0,43.0,0,0.0,160,222.4,0.6,0.6,72.6,0.6,222.4,0.6,0.4
2023_16_NE_DEN,NE,238.0,2,238.0,2,0.0,83.0,1,1.0,161,219.2,1.0,0.8,56.4,0.4,219.2,1.0,0.2
2023_17_NE_BUF,NE,169.0,0,169.0,0,1.0,127.0,2,0.0,162,228.0,1.4,0.6,59.0,0.4,228.0,1.4,0.4
2023_18_NYJ_NE,NE,70.0,0,70.0,0,0.0,185.0,1,0.0,163,223.6,1.2,0.8,72.8,0.8,223.6,1.2,0.2
2024_01_NE_CIN,NE,164.0,0,164.0,0,0.0,70.0,1,1.0,164,195.2,1.2,0.8,104.0,1.0,195.2,1.2,0.2
2024_02_SEA_NE,NE,327.0,1,327.0,1,0.0,46.0,1,0.0,165,190.0,1.0,0.6,101.6,1.0,190.0,1.0,0.4
2024_03_NE_NYJ,NE,281.0,2,281.0,2,0.0,133.0,1,0.0,166,193.6,0.6,0.2,102.2,1.2,193.6,0.6,0.4
2024_04_NE_SF,NE,288.0,1,288.0,1,1.0,148.0,1,0.0,167,202.2,0.6,0.2,112.2,1.2,202.2,0.6,0.2
2024_05_MIA_NE,NE,194.0,0,194.0,0,1.0,193.0,1,0.0,168,226.0,0.8,0.2,116.4,1.0,226.0,0.8,0.2
2024_06_HOU_NE,NE,192.0,3,192.0,3,1.0,192.0,2,0.0,169,250.8,0.8,0.4,118.0,1.0,250.8,0.8,0.2
2024_07_NE_JAX,NE,193.0,1,193.0,1,0.0,171.0,2,0.0,170,256.4,1.4,0.6,142.4,1.2,256.4,1.4,0.0
2024_08_NYJ_NE,NE,233.0,2,233.0,2,0.0,112.0,1,0.0,171,229.6,1.4,0.6,167.4,1.4,229.6,1.4,0.0
2024_09_NE_TEN,NE,240.0,2,240.0,2,1.0,167.0,0,0.0,172,220.0,1.4,0.6,163.2,1.4,220.0,1.4,0.0
2024_10_NE_CHI,NE,120.0,0,120.0,0,0.0,73.0,0,0.0,173,210.4,1.6,0.6,167.0,1.2,210.4,1.6,0.0
2024_11_LA_NE,NE,295.0,4,295.0,4,0.0,107.0,0,0.0,174,195.6,1.6,0.4,143.0,1.0,195.6,1.6,0.0
2024_12_NE_MIA,NE,317.0,4,317.0,4,0.0,65.0,0,1.0,175,216.2,1.8,0.2,126.0,0.6,216.2,1.8,0.0
2024_13_IND_NE,NE,109.0,2,109.0,2,2.0,144.0,1,0.0,176,241.0,2.4,0.2,104.8,0.2,241.0,2.4,0.2
2024_15_NE_ARI,NE,232.0,0,232.0,0,0.0,163.0,2,0.0,177,216.2,2.4,0.6,111.2,0.2,216.2,2.4,0.2
2024_16_NE_BUF,NE,154.0,1,154.0,1,1.0,172.0,1,0.0,178,214.6,2.0,0.4,110.4,0.6,214.6,2.0,0.2
2024_17_LAC_NE,NE,281.0,3,281.0,3,0.0,147.0,1,0.0,179,221.4,2.2,0.6,130.2,0.8,221.4,2.2,0.2
2024_18_BUF_NE,NE,129.0,1,129.0,1,0.0,130.0,1,0.0,180,218.6,2.0,0.6,138.2,1.0,218.6,2.0,0.2
2014_01_NO_ATL,NO,448.0,3,448.0,3,0.0,123.0,1,1.0,1,,,,,,,,
2014_02_NO_CLE,NO,204.0,1,204.0,1,0.0,122.0,1,0.0,2,448.0,3.0,0.0,123.0,1.0,448.0,3.0,1.0
2014_03_MIN_NO,NO,203.0,0,203.0,0,0.0,59.0,0,0.0,3,326.0,2.0,0.0,122.5,1.0,326.0,2.0,0.5
2014_04_NO_DAL,NO,262.0,3,262.0,3,0.0,190.0,2,0.0,4,285.0,1.3333333333333333,0.0,101.33333333333333,0.6666666666666666,285.0,1.3333333333333333,0.3333333333333333
2014_05_TB_NO,NO,249.0,2,249.0,2,1.0,66.0,1,0.0,5,279.25,1.75,0.0,123.5,1.0,279.25,1.75,0.25
2014_07_NO_DET,NO,299.0,2,299.0,2,2.0,59.0,1,0.0,6,273.2,1.8,0.2,112.0,1.0,273.2,1.8,0.2
2014_08_GB_NO,NO,426.0,1,426.0,1,2.0,89.0,1,1.0,7,243.4,1.6,0.6,99.2,1.0,243.4,1.6,0.0
2014_09_NO_CAR,NO,151.0,0,151.0,0,1.0,109.0,1,1.0,8,287.8,1.6,1.0,92.6,1.0,287.8,1.6,0.2
2014_10_SF_NO,NO,210.0,1,210.0,1,0.0,144.0,2,1.0,9,277.4,1.6,1.2,102.6,1.2,277.4,1.6,0.4
2014_11_CIN_NO,NO,220.0,3,220.0,3,0.0,186.0,0,0.0,10,267.0,1.2,1.2,93.4,1.2,267.0,1.2,0.6
2014_12_BAL_NO,NO,243.0,1,243.0,1,0.0,215.0,2,1.0,11,261.2,1.4,1.0,117.4,1.0,261.2,1.4,0.6
2014_13_NO_PIT,NO,435.0,2,435.0,2,2.0,103.0,1,0.0,12,250.0,1.2,0.6,148.6,1.2,250.0,1.2,0.8
2014_14_CAR_NO,NO,226.0,3,226.0,3,0.0,271.0,2,0.0,13,251.8,1.4,0.6,151.4,1.2,251.8,1.4,0.6
2014_15_NO_CHI,NO,194.0,2,194.0,2,3.0,125.0,0,0.0,14,266.8,2.0,0.4,183.8,1.4,266.8,2.0,0.4
2014_16_ATL_NO,NO,322.0,1,322.0,1,0.0,81.0,1,0.0,15,263.6,2.2,1.0,180.0,1.0,263.6,2.2,0.2
2014_17_NO_TB,NO,115.0,1,115.0,1,1.0,183.0,1,0.0,16,284.0,1.8,1.0,159.0,1.2,284.0,1.8,0.2
2015_01_NO_ARI,NO,307.0,3,307.0,3,0.0,120.0,1,1.0,17,258.4,1.8,1.2,152.6,1.0,258.4,1.8,0.0
2015_02_TB_NO,NO,207.0,1,207.0,1,0.0,139.0,1,2.0,18,232.8,2.0,0.8,156.0,1.0,232.8,2.0,0.2
2015_03_NO_CAR,NO,315.0,2,315.0,2,0.0,119.0,1,0.0,19,229.0,1.6,0.8,129.6,0.8,229.0,1.6,0.6
2015_04_DAL_NO,NO,246.0,1,246.0,1,0.0,115.0,1,0.0,20,253.2,1.6,0.2,128.4,1.0,253.2,1.6,0.6
2015_05_NO_PHI,NO,333.0,2,333.0,2,2.0,186.0,2,0.0,21,238.0,1.6,0.2,135.2,1.0,238.0,1.6,0.6
2015_06_ATL_NO,NO,295.0,2,295.0,2,0.0,150.0,1,2.0,22,281.6,1.8,0.4,135.8,1.2,281.6,1.8,0.6
2015_07_NO_IND,NO,333.0,3,333.0,3,2.0,75.0,0,0.0,23,279.2,1.6,0.4,141.8,1.2,279.2,1.6,0.8
2015_08_NYG_NO,NO,350.0,6,350.0,6,0.0,87.0,0,1.0,24,304.4,2.0,0.8,129.0,1.0,304.4,2.0,0.4
2015_09_TEN_NO,NO,371.0,4,371.0,4,0.0,112.0,0,1.0,25,311.4,2.8,0.8,122.6,0.8,311.4,2.8,0.6
2015_10_NO_WAS,NO,324.0,4,324.0,4,0.0,209.0,0,0.0,26,336.4,3.4,0.8,122.0,0.6,336.4,3.4,0.8
2015_12_NO_HOU,NO,205.0,2,205.0,2,1.0,167.0,1,0.0,27,334.6,3.8,0.4,126.6,0.2,334.6,3.8,0.8
2015_13_CAR_NO,NO,331.0,5,331.0,5,1.0,175.0,1,2.0,28,316.6,3.8,0.6,130.0,0.2,316.6,3.8,0.4
2015_14_NO_TB,NO,182.0,1,182.0,1,0.0,115.0,1,0.0,29,316.2,4.2,0.4,150.0,0.4,316.2,4.2,0.8
2015_15_DET_NO,NO,254.0,3,254.0,3,0.0,150.0,2,1.0,30,282.6,3.2,0.4,155.6,0.6,282.6,3.2,0.6
2015_16_JAX_NO,NO,368.0,4,368.0,4,2.0,65.0,0,0.0,31,259.2,3.0,0.4,163.2,1.0,259.2,3.0,0.6
2015_17_NO_ATL,NO,334.0,2,334.0,2,1.0,87.0,0,1.0,32,268.0,3.0,0.8,134.4,1.0,268.0,3.0,0.6
2016_01_OAK_NO,NO,319.0,1,319.0,1,0.0,167.0,3,0.0,33,293.8,3.0,0.8,118.4,0.8,293.8,3.0,0.8
2016_02_NO_NYG,NO,368.0,0,368.0,0,0.0,64.0,0,3.0,34,291.4,2.2,0.6,116.8,1.2,291.4,2.2,0.4
2016_03_ATL_NO,NO,240.0,2,240.0,2,0.0,217.0,3,0.0,35,328.6,2.0,0.6,106.6,1.0,328.6,2.0,1.0
2016_04_NO_SD,NO,321.0,2,321.0,2,1.0,38.0,2,2.0,36,325.8,1.8,0.6,120.0,1.2,325.8,1.8,0.8
2016_06_CAR_NO,NO,322.0,2,322.0,2,1.0,103.0,3,1.0,37,316.4,1.4,0.4,114.6,1.6,316.4,1.4,1.2
2016_07_NO_KC,NO,214.0,2,214.0,2,0.0,112.0,0,0.0,38,314.0,1.4,0.4,117.8,2.2,314.0,1.4,1.2
2016_08_SEA_NO,NO,296.0,0,296.0,0,1.0,74.0,1,0.0,39,293.0,1.6,0.4,106.8,1.6,293.0,1.6,1.2
2016_09_NO_SF,NO,398.0,2,398.0,2,1.0,93.0,0,3.0,40,278.6,1.6,0.6,108.8,1.8,278.6,1.6,0.6
2016_10_DEN_NO,NO,258.0,2,258.0,2,2.0,103.0,0,0.0,41,310.2,1.6,0.8,84.0,1.2,310.2,1.6,1.2
2016_11_NO_CAR,NO,192.0,1,192.0,1,0.0,50.0,1,0.0,42,297.6,1.6,1.0,97.0,0.8,297.6,1.6,0.8
2016_12_LA_NO,NO,214.0,3,214.0,3,1.0,69.0,0,1.0,43,271.6,1.4,0.8,86.4,0.4,271.6,1.4,0.6
2016_13_DET_NO,NO,341.0,2,341.0,2,0.0,85.0,0,0.0,44,271.6,1.6,1.0,77.8,0.4,271.6,1.6,0.8
2016_14_NO_TB,NO,184.0,0,184.0,0,0.0,104.0,1,0.0,45,280.6,2.0,0.8,80.0,0.2,280.6,2.0,0.8
2016_15_NO_ARI,NO,318.0,2,318.0,2,0.0,116.0,3,2.0,46,237.8,1.6,0.6,82.2,0.4,237.8,1.6,0.2
2016_16_TB_NO,NO,277.0,2,277.0,2,2.0,89.0,1,0.0,47,249.8,1.6,0.2,84.8,1.0,249.8,1.6,0.6
2016_17_NO_ATL,NO,331.0,4,331.0,4,0.0,142.0,1,0.0,48,266.8,1.8,0.6,92.6,1.0,266.8,1.8,0.6
2017_01_NO_MIN,NO,346.0,3,346.0,3,0.0,129.0,0,0.0,49,290.2,2.0,0.4,107.2,1.2,290.2,2.0,0.4
2017_02_NE_NO,NO,447.0,3,447.0,3,0.0,119.0,1,0.0,50,291.2,2.2,0.4,116.0,1.2,291.2,2.2,0.4
2017_03_NO_CAR,NO,184.0,0,184.0,0,3.0,132.0,1,0.0,51,343.8,2.8,0.4,119.0,1.2,343.8,2.8,0.4
2017_04_NO_MIA,NO,164.0,0,164.0,0,1.0,58.0,0,0.0,52,317.0,2.4,1.0,122.2,0.8,317.0,2.4,0.0
2017_06_DET_NO,NO,312.0,3,312.0,3,3.0,66.0,0,2.0,53,294.4,2.0,0.8,116.0,0.6,294.4,2.0,0.0
2017_07_NO_GB,NO,87.0,0,87.0,0,1.0,181.0,2,0.0,54,290.6,1.8,1.4,100.8,0.4,290.6,1.8,0.4
2017_08_CHI_NO,NO,164.0,0,164.0,0,1.0,157.0,1,0.0,55,238.8,1.2,1.6,111.2,0.8,238.8,1.2,0.4
2017_09_TB_NO,NO,135.0,1,135.0,1,0.0,87.0,0,1.0,56,182.2,0.6,1.8,118.8,0.8,182.2,0.6,0.4
2017_10_NO_BUF,NO,135.0,1,135.0,1,1.0,69.0,0,0.0,57,172.4,0.8,1.2,109.8,0.6,172.4,0.8,0.6
2017_11_WAS_NO,NO,322.0,3,322.0,3,0.0,156.0,1,0.0,58,166.6,1.0,1.2,112.0,0.6,166.6,1.0,0.6
2017_12_NO_LA,NO,354.0,2,354.0,2,1.0,88.0,0,0.0,59,168.6,1.0,0.6,130.0,0.8,168.6,1.0,0.2
2017_13_CAR_NO,NO,183.0,2,183.0,2,0.0,112.0,1,0.0,60,222.0,1.4,0.6,111.4,0.4,222.0,1.4,0.2
2017_14_NO_ATL,NO,221.0,1,221.0,1,3.0,132.0,1,0.0,61,225.8,1.8,0.4,102.4,0.4,225.8,1.8,0.2
2017_15_NYJ_NO,NO,179.0,1,179.0,1,2.0,124.0,1,0.0,62,243.0,1.8,1.0,111.4,0.6,243.0,1.8,0.0
2017_16_ATL_NO,NO,288.0,1,288.0,1,1.0,67.0,0,1.0,63,251.8,1.8,1.2,122.4,0.8,251.8,1.8,0.0
2017_17_NO_TB,NO,363.0,1,363.0,1,3.0,110.0,2,0.0,64,245.0,1.4,1.4,104.6,0.6,245.0,1.4,0.2
2018_01_TB_NO,NO,417.0,4,417.0,4,0.0,112.0,1,0.0,65,246.8,1.2,1.8,109.0,1.0,246.8,1.2,0.2
2018_02_CLE_NO,NO,246.0,1,246.0,1,1.0,93.0,1,0.0,66,293.6,1.6,1.8,109.0,1.0,293.6,1.6,0.2
2018_03_NO_ATL,NO,374.0,5,374.0,5,0.0,48.0,0,0.0,67,298.6,1.6,1.4,101.2,1.0,298.6,1.6,0.2
2018_04_NO_NYG,NO,255.0,1,255.0,1,0.0,65.0,1,2.0,68,337.6,2.4,1.0,86.0,0.8,337.6,2.4,0.2
2018_05_WAS_NO,NO,275.0,0,275.0,0,1.0,39.0,2,1.0,69,331.0,2.4,0.8,85.6,1.0,331.0,2.4,0.4
2018_07_NO_BAL,NO,284.0,2,284.0,2,0.0,77.0,1,0.0,70,313.4,2.2,0.4,71.4,1.0,313.4,2.2,0.6
2018_08_NO_MIN,NO,359.0,2,359.0,2,1.0,85.0,1,1.0,71,286.8,1.8,0.4,64.4,1.0,286.8,1.8,0.6
2018_09_LA_NO,NO,391.0,3,391.0,3,1.0,92.0,1,0.0,72,309.4,2.0,0.4,62.8,1.0,309.4,2.0,0.8
2018_10_NO_CIN,NO,198.0,1,198.0,1,2.0,110.0,1,0.0,73,312.8,1.6,0.6,71.6,1.2,312.8,1.6,0.8
2018_11_PHI_NO,NO,156.0,0,156.0,0,3.0,58.0,1,0.0,74,301.4,1.6,1.0,80.6,1.2,301.4,1.6,0.4
2018_12_ATL_NO,NO,377.0,2,377.0,2,1.0,26.0,0,3.0,75,277.6,1.6,1.4,84.4,1.0,277.6,1.6,0.2
2018_13_NO_DAL,NO,249.0,1,249.0,1,0.0,99.0,0,2.0,76,296.2,1.6,1.6,74.2,0.8,296.2,1.6,0.8
2018_14_NO_TB,NO,213.0,2,213.0,2,1.0,105.0,0,0.0,77,274.2,1.4,1.4,77.0,0.6,274.2,1.4,1.0
2018_15_NO_CAR,NO,181.0,1,181.0,1,1.0,98.0,0,1.0,78,238.6,1.2,1.4,79.6,0.4,238.6,1.2,1.0
2018_16_PIT_NO,NO,380.0,3,380.0,3,0.0,65.0,0,2.0,79,235.2,1.2,1.2,77.2,0.2,235.2,1.2,1.2
2018_17_CAR_NO,NO,268.0,2,268.0,2,0.0,111.0,2,0.0,80,280.0,1.8,0.6,78.6,0.0,280.0,1.8,1.6
2019_01_HOU_NO,NO,268.0,3,268.0,3,1.0,180.0,1,0.0,81,258.2,1.8,0.4,95.6,0.4,258.2,1.8,1.0
2019_02_NO_LA,NO,283.0,1,283.0,1,0.0,115.0,2,1.0,82,262.0,2.2,0.6,111.8,0.6,262.0,2.2,0.6
2019_03_NO_SEA,NO,406.0,2,406.0,2,0.0,108.0,2,1.0,83,276.0,2.0,0.4,113.8,1.0,276.0,2.0,0.8
2019_04_DAL_NO,NO,223.0,0,223.0,0,1.0,45.0,1,2.0,84,321.0,2.2,0.2,115.8,1.4,321.0,2.2,0.8
2019_05_TB_NO,NO,204.0,2,204.0,2,0.0,94.0,1,0.0,85,289.6,1.6,0.4,111.8,1.6,289.6,1.6,0.8
2019_06_NO_JAX,NO,163.0,0,163.0,0,1.0,75.0,0,0.0,86,276.8,1.6,0.4,108.4,1.4,276.8,1.6,0.8
2019_07_NO_CHI,NO,251.0,2,251.0,2,0.0,17.0,0,2.0,87,255.8,1.0,0.4,87.4,1.2,255.8,1.0,0.8
2019_08_ARI_NO,NO,220.0,0,220.0,0,0.0,40.0,0,0.0,88,249.4,1.2,0.4,67.8,0.8,249.4,1.2,1.0
2019_10_ATL_NO,NO,182.0,2,182.0,2,1.0,143.0,0,0.0,89,212.2,0.8,0.4,54.2,0.4,212.2,0.8,0.8
2019_11_NO_TB,NO,313.0,2,313.0,2,4.0,36.0,0,0.0,90,204.0,1.2,0.4,73.8,0.2,204.0,1.2,0.4
2019_12_CAR_NO,NO,256.0,3,256.0,3,0.0,121.0,1,0.0,91,225.8,1.2,1.2,62.2,0.0,225.8,1.2,0.4
2019_13_NO_ATL,NO,312.0,2,312.0,2,2.0,89.0,0,1.0,92,244.4,1.8,1.0,71.4,0.2,244.4,1.8,0.4
2019_14_SF_NO,NO,384.0,5,384.0,5,1.0,162.0,1,0.0,93,256.6,1.8,1.4,85.8,0.2,256.6,1.8,0.2
2019_15_IND_NO,NO,165.0,0,165.0,0,0.0,46.0,1,0.0,94,289.4,2.8,1.6,110.2,0.4,289.4,2.8,0.2
2019_16_NO_TEN,NO,272.0,3,272.0,3,0.0,149.0,1,1.0,95,286.0,2.4,1.4,90.8,0.6,286.0,2.4,0.2
2019_17_NO_CAR,NO,299.0,0,299.0,0,2.0,41.0,1,1.0,96,277.8,2.6,0.6,113.4,0.8,277.8,2.6,0.4
2020_01_TB_NO,NO,239.0,2,239.0,2,2.0,86.0,1,0.0,97,286.4,2.0,1.0,97.4,0.8,286.4,2.0,0.6
2020_02_NO_LV,NO,284.0,3,284.0,3,0.0,116.0,1,1.0,98,271.8,2.0,1.0,96.8,1.0,271.8,2.0,0.4
2020_03_GB_NO,NO,283.0,3,283.0,3,0.0,98.0,1,0.0,99,251.8,1.6,0.8,87.6,1.0,251.8,1.6,0.6
2020_04_NO_DET,NO,206.0,3,206.0,3,1.0,90.0,1,0.0,100,275.4,2.2,0.8,98.0,1.0,275.4,2.2,0.6
2020_05_LAC_NO,NO,264.0,4,264.0,4,0.0,111.0,0,0.0,101,262.2,2.2,1.0,86.2,1.0,262.2,2.2,0.4
2020_07_CAR_NO,NO,254.0,2,254.0,2,0.0,37.0,1,0.0,102,255.2,3.0,0.6,100.2,0.8,255.2,3.0,0.2
2020_08_NO_CHI,NO,272.0,2,272.0,2,1.0,96.0,0,0.0,103,258.2,3.0,0.2,90.4,0.8,258.2,3.0,0.2
2020_09_NO_TB,NO,209.0,0,209.0,0,3.0,8.0,0,0.0,104,255.8,2.8,0.4,86.4,0.6,255.8,2.8,0.0
2020_10_SF_NO,NO,247.0,1,247.0,1,2.0,49.0,0,0.0,105,241.0,2.2,1.0,68.4,0.4,241.0,2.2,0.0
2020_11_ATL_NO,NO,232.0,0,232.0,0,2.0,52.0,0,0.0,106,249.2,1.8,1.2,60.2,0.2,249.2,1.8,0.0
2020_12_NO_DEN,NO,13.0,0,13.0,0,2.0,100.0,0,0.0,107,242.8,1.0,1.6,48.4,0.2,242.8,1.0,0.0
2020_13_NO_ATL,NO,273.0,1,273.0,1,0.0,70.0,0,1.0,108,194.6,0.6,2.0,61.0,0.0,194.6,0.6,0.0
2020_14_NO_PHI,NO,167.0,1,167.0,1,0.0,246.0,2,1.0,109,194.8,0.4,1.8,55.8,0.0,194.8,0.4,0.2
2020_15_KC_NO,NO,254.0,3,254.0,3,0.0,179.0,1,1.0,110,186.4,0.6,1.2,103.4,0.4,186.4,0.6,0.4
2020_16_MIN_NO,NO,291.0,3,291.0,3,0.0,90.0,2,0.0,111,187.8,1.0,0.8,129.4,0.6,187.8,1.0,0.6
2020_17_NO_CAR,NO,271.0,0,271.0,0,5.0,74.0,1,0.0,112,199.6,1.6,0.4,137.0,1.0,199.6,1.6,0.6
2021_01_GB_NO,NO,201.0,0,201.0,0,2.0,43.0,0,1.0,113,251.2,1.6,1.0,131.8,1.2,251.2,1.6,0.6
2021_02_NO_CAR,NO,305.0,2,305.0,2,1.0,89.0,1,0.0,114,236.8,1.4,1.4,126.4,1.2,236.8,1.4,0.6
2021_03_NO_NE,NO,270.0,1,270.0,1,3.0,49.0,0,0.0,115,264.4,1.6,1.6,95.0,1.0,264.4,1.6,0.4
2021_04_NYG_NO,NO,402.0,2,402.0,2,1.0,83.0,1,0.0,116,267.6,1.2,2.2,69.0,0.8,267.6,1.2,0.2
2021_05_NO_WAS,NO,248.0,0,248.0,0,2.0,131.0,2,0.0,117,289.8,1.0,2.4,67.6,0.6,289.8,1.0,0.2
2021_07_NO_SEA,NO,167.0,1,167.0,1,0.0,90.0,0,0.0,118,285.2,1.0,1.8,79.0,0.8,285.2,1.0,0.2
2021_08_TB_NO,NO,375.0,4,375.0,4,2.0,71.0,0,1.0,119,278.4,1.2,1.4,88.4,0.8,278.4,1.2,0.0
2021_09_ATL_NO,NO,343.0,2,343.0,2,0.0,34.0,1,0.0,120,292.4,1.6,1.6,84.8,0.6,292.4,1.6,0.2
2021_10_NO_TEN,NO,213.0,1,213.0,1,0.0,66.0,1,0.0,121,307.0,1.8,1.0,81.8,0.8,307.0,1.8,0.2
2021_11_NO_PHI,NO,147.0,0,147.0,0,0.0,242.0,3,1.0,122,269.2,1.6,0.8,78.4,0.8,269.2,1.6,0.2
2021_12_BUF_NO,NO,260.0,4,260.0,4,2.0,113.0,0,0.0,123,249.0,1.6,0.4,100.6,1.0,249.0,1.6,0.4
2021_13_DAL_NO,NO,238.0,1,238.0,1,1.0,146.0,1,0.0,124,267.6,2.2,0.8,105.2,1.0,267.6,2.2,0.4
2021_14_NO_NYJ,NO,202.0,0,202.0,0,0.0,78.0,0,0.0,125,240.2,1.6,0.6,120.2,1.2,240.2,1.6,0.2
2021_15_NO_TB,NO,214.0,0,214.0,0,1.0,118.0,0,1.0,126,212.0,1.2,0.6,129.0,1.0,212.0,1.2,0.2
2021_16_MIA_NO,NO,198.0,1,198.0,1,1.0,86.0,0,0.0,127,212.2,1.0,0.8,139.4,0.8,212.2,1.0,0.4
2021_17_CAR_NO,NO,132.0,0,132.0,0,1.0,88.0,1,1.0,128,222.4,1.2,1.0,108.2,0.2,222.4,1.2,0.2
2021_18_NO_ATL,NO,216.0,1,216.0,1,1.0,62.0,1,2.0,129,196.8,0.4,0.8,103.2,0.4,196.8,0.4,0.4
2022_01_NO_ATL,NO,215.0,0,215.0,0,0.0,201.0,2,2.0,130,192.4,0.4,0.8,86.4,0.4,192.4,0.4,0.8
2022_02_TB_NO,NO,190.0,1,190.0,1,0.0,72.0,0,1.0,131,195.0,0.4,0.8,111.0,0.8,195.0,0.4,1.2
2022_03_NO_CAR,NO,170.0,1,170.0,1,0.0,145.0,0,0.0,132,190.2,0.6,0.6,101.8,0.8,190.2,0.6,1.2
2022_04_MIN_NO,NO,286.0,1,286.0,1,1.0,81.0,1,0.0,133,184.6,0.6,0.4,113.6,0.8,184.6,0.6,1.2
2022_05_SEA_NO,NO,268.0,3,268.0,3,0.0,151.0,1,1.0,134,215.4,0.8,0.4,112.2,0.8,215.4,0.8,1.0
2022_06_CIN_NO,NO,300.0,3,300.0,3,0.0,75.0,1,0.0,135,225.8,1.2,0.2,130.0,0.8,225.8,1.2,0.8
2022_07_NO_ARI,NO,204.0,1,204.0,1,0.0,137.0,2,0.0,136,242.8,1.8,0.2,104.8,0.6,242.8,1.8,0.4
2022_08_LV_NO,NO,173.0,0,173.0,0,1.0,38.0,0,0.0,137,245.6,1.8,0.2,117.8,1.0,245.6,1.8,0.2
2022_09_BAL_NO,NO,133.0,1,133.0,1,0.0,188.0,2,0.0,138,246.2,1.6,0.4,96.4,1.0,246.2,1.6,0.2
2022_10_NO_PIT,NO,199.0,0,199.0,0,0.0,217.0,2,0.0,139,215.6,1.6,0.2,117.8,1.2,215.6,1.6,0.2
2022_11_LA_NO,NO,223.0,2,223.0,2,0.0,148.0,0,0.0,140,201.8,1.0,0.2,131.0,1.4,201.8,1.0,0.0
2022_12_NO_SF,NO,222.0,1,222.0,1,0.0,96.0,0,0.0,141,186.4,0.8,0.2,145.6,1.2,186.4,0.8,0.0
2022_13_NO_TB,NO,281.0,2,281.0,2,1.0,76.0,0,1.0,142,190.0,0.8,0.2,137.4,0.8,190.0,0.8,0.0
2022_15_ATL_NO,NO,97.0,0,97.0,0,0.0,231.0,2,1.0,143,211.6,1.2,0.2,145.0,0.8,211.6,1.2,0.2
2022_16_NO_CLE,NO,135.0,0,135.0,0,1.0,124.0,1,0.0,144,204.4,1.0,0.2,153.6,0.8,204.4,1.0,0.4
2022_17_NO_PHI,NO,274.0,1,274.0,1,1.0,67.0,0,0.0,145,191.6,1.0,0.4,135.0,0.6,191.6,1.0,0.4
2022_18_CAR_NO,NO,43.0,0,43.0,0,2.0,171.0,0,0.0,146,201.8,0.8,0.6,118.8,0.6,201.8,0.8,0.4
2023_01_TEN_NO,NO,198.0,0,198.0,0,3.0,104.0,0,0.0,147,166.0,0.6,1.0,133.8,0.6,166.0,0.6,0.4
2023_02_NO_CAR,NO,153.0,1,153.0,1,0.0,100.0,0,1.0,148,149.4,0.2,1.4,139.4,0.6,149.4,0.2,0.2
2023_03_NO_GB,NO,259.0,1,259.0,1,1.0,95.0,1,0.0,149,160.6,0.4,1.4,113.2,0.2,160.6,0.4,0.2
2023_04_TB_NO,NO,246.0,3,246.0,3,1.0,114.0,0,0.0,150,185.4,0.6,1.4,107.4,0.2,185.4,0.6,0.2
2023_05_NO_NE,NO,132.0,0,132.0,0,2.0,45.0,0,1.0,151,179.8,1.0,1.4,116.8,0.2,179.8,1.0,0.2
2023_06_NO_HOU,NO,199.0,2,199.0,2,1.0,120.0,0,0.0,152,197.6,1.0,1.4,91.6,0.2,197.6,1.0,0.4
2023_07_JAX_NO,NO,217.0,1,217.0,1,0.0,113.0,2,1.0,153,197.8,1.4,1.0,94.8,0.2,197.8,1.4,0.4
2023_08_NO_IND,NO,213.0,2,213.0,2,1.0,164.0,1,0.0,154,210.6,1.4,1.0,97.4,0.6,210.6,1.4,0.4
2023_09_CHI_NO,NO,220.0,2,220.0,2,3.0,156.0,0,2.0,155,201.4,1.6,1.0,111.2,0.6,201.4,1.6,0.4
2023_10_NO_MIN,NO,268.0,1,268.0,1,0.0,125.0,2,0.0,156,196.2,1.4,1.4,119.6,0.6,196.2,1.4,0.8
2023_12_NO_ATL,NO,168.0,1,168.0,1,2.0,228.0,1,0.0,157,223.4,1.6,1.0,135.6,1.0,223.4,1.6,0.6
2023_13_DET_NO,NO,213.0,2,213.0,2,0.0,142.0,2,0.0,158,217.2,1.4,1.2,157.2,1.2,217.2,1.4,0.6
2023_14_CAR_NO,NO,137.0,0,137.0,0,0.0,204.0,0,2.0,159,216.4,1.6,1.2,163.0,1.2,216.4,1.6,0.4
2023_15_NYG_NO,NO,190.0,0,190.0,0,0.0,60.0,0,0.0,160,201.2,1.2,1.0,171.0,1.0,201.2,1.2,0.8
2023_16_NO_LA,NO,328.0,2,328.0,2,0.0,133.0,1,0.0,161,195.2,0.8,0.4,151.8,1.0,195.2,0.8,0.4
2023_17_NO_TB,NO,309.0,2,309.0,2,2.0,57.0,0,2.0,162,207.2,1.0,0.4,153.4,0.8,207.2,1.0,0.4
2023_18_ATL_NO,NO,318.0,2,318.0,2,2.0,78.0,0,1.0,163,235.4,1.2,0.4,119.2,0.6,235.4,1.2,0.8
2024_01_CAR_NO,NO,161.0,0,161.0,0,2.0,58.0,1,1.0,164,256.4,1.2,0.8,106.4,0.2,256.4,1.2,1.0
2024_02_NO_DAL,NO,299.0,1,299.0,1,2.0,68.0,0,0.0,165,261.2,1.2,1.2,77.2,0.4,261.2,1.2,0.8
2024_03_PHI_NO,NO,311.0,0,311.0,0,1.0,172.0,2,1.0,166,283.0,1.4,1.6,78.8,0.4,283.0,1.4,0.8
2024_04_NO_ATL,NO,238.0,0,238.0,0,1.0,88.0,0,0.0,167,279.6,1.0,1.8,86.6,0.6,279.6,1.0,1.0
2024_05_NO_KC,NO,331.0,0,331.0,0,1.0,139.0,2,0.0,168,265.4,0.6,1.6,92.8,0.6,265.4,0.6,0.6
2024_06_TB_NO,NO,316.0,4,325.0,4,3.0,277.0,2,0.0,169,268.0,0.2,1.4,105.0,1.0,268.0,0.2,0.4
2024_07_DEN_NO,NO,164.0,0,164.0,0,0.0,225.0,2,1.0,170,300.8,1.0,1.6,148.8,1.2,299.0,1.0,0.2
2024_08_NO_LAC,NO,279.0,2,279.0,2,0.0,122.0,1,0.0,171,273.8,0.8,1.2,180.2,1.6,272.0,0.8,0.4
2024_09_NO_CAR,NO,171.0,1,171.0,1,1.0,80.0,2,0.0,172,267.4,1.2,1.0,170.2,1.4,265.6,1.2,0.2
2024_10_ATL_NO,NO,306.0,0,306.0,0,1.0,181.0,2,0.0,173,254.0,1.4,1.0,168.6,1.8,252.2,1.4,0.2
2024_11_CLE_NO,NO,395.0,2,395.0,2,0.0,66.0,0,0.0,174,249.0,1.4,1.0,177.0,1.8,247.2,1.4,0.2
2024_13_LA_NO,NO,183.0,2,183.0,2,0.0,156.0,1,0.0,175,263.0,1.0,0.4,134.8,1.4,263.0,1.0,0.2
2024_14_NO_NYG,NO,227.0,0,227.0,0,1.0,112.0,1,0.0,176,266.8,1.4,0.4,121.0,1.2,266.8,1.4,0.0
2024_15_WAS_NO,NO,226.0,2,226.0,2,0.0,137.0,0,0.0,177,256.4,1.0,0.6,119.0,1.2,256.4,1.0,0.0
2024_16_NO_GB,NO,216.0,1,216.0,1,0.0,188.0,3,0.0,178,267.4,1.2,0.4,130.4,0.8,267.4,1.2,0.0
2024_17_LV_NO,NO,242.0,2,242.0,2,0.0,156.0,0,0.0,179,249.4,1.4,0.2,131.8,1.0,249.4,1.4,0.0
2024_18_NO_TB,NO,221.0,2,221.0,2,1.0,179.0,1,0.0,180,218.8,1.4,0.2,149.8,1.0,218.8,1.4,0.0
2014_01_NYG_DET,NYG,346.0,2,346.0,2,0.0,76.0,2,0.0,1,,,,,,,,
2014_02_ARI_NYG,NYG,167.0,0,167.0,0,0.0,124.0,1,0.0,2,346.0,2.0,0.0,76.0,2.0,346.0,2.0,0.0
2014_03_HOU_NYG,NYG,299.0,1,299.0,1,3.0,119.0,1,0.0,3,256.5,1.0,0.0,100.0,1.5,256.5,1.0,0.0
2014_04_NYG_WAS,NYG,257.0,1,257.0,1,4.0,86.0,1,2.0,4,270.6666666666667,1.0,1.0,106.33333333333333,1.3333333333333333,270.6666666666667,1.0,0.0
2014_05_ATL_NYG,NYG,316.0,1,316.0,1,1.0,90.0,1,0.0,5,267.25,1.0,1.75,101.25,1.25,267.25,1.0,0.5
2014_06_NYG_PHI,NYG,248.0,2,248.0,2,2.0,203.0,1,0.0,6,277.0,1.0,1.6,99.0,1.2,277.0,1.0,0.4
2014_07_NYG_DAL,NYG,279.0,3,279.0,3,1.0,156.0,1,0.0,7,257.4,1.0,2.0,124.4,1.0,257.4,1.0,0.4
2014_09_IND_NYG,NYG,354.0,4,354.0,4,0.0,98.0,0,0.0,8,279.8,1.6,2.2,130.8,1.0,279.8,1.6,0.4
2014_10_NYG_SEA,NYG,172.0,0,172.0,0,2.0,350.0,5,1.0,9,290.8,2.2,1.6,126.6,0.8,290.8,2.2,0.4
2014_11_SF_NYG,NYG,193.0,1,193.0,1,0.0,148.0,0,1.0,10,273.8,2.0,1.2,179.4,1.6,273.8,2.0,0.2
2014_12_DAL_NYG,NYG,275.0,4,275.0,4,0.0,119.0,0,1.0,11,249.2,2.0,1.0,191.0,1.4,249.2,2.0,0.4
2014_13_NYG_JAX,NYG,194.0,1,194.0,1,0.0,118.0,0,0.0,12,254.6,2.4,0.6,174.2,1.2,254.6,2.4,0.6
2014_14_NYG_TEN,NYG,206.0,0,206.0,0,2.0,61.0,0,1.0,13,237.6,2.0,0.4,166.6,1.0,237.6,2.0,0.6
2014_15_WAS_NYG,NYG,275.0,1,275.0,1,0.0,144.0,0,0.0,14,208.0,1.2,0.8,159.2,1.0,208.0,1.2,0.8
2014_16_NYG_STL,NYG,290.0,2,290.0,2,1.0,106.0,1,0.0,15,228.6,1.4,0.4,118.0,0.0,228.6,1.4,0.6
2014_17_PHI_NYG,NYG,292.0,2,292.0,2,1.0,164.0,1,0.0,16,248.0,1.6,0.6,109.6,0.2,248.0,1.6,0.4
2015_01_NYG_DAL,NYG,356.0,3,356.0,3,2.0,80.0,0,1.0,17,251.4,1.2,0.8,118.6,0.4,251.4,1.2,0.2
2015_02_ATL_NYG,NYG,363.0,1,363.0,1,0.0,56.0,2,0.0,18,283.8,1.6,1.2,111.0,0.4,283.8,1.6,0.4
2015_03_WAS_NYG,NYG,316.0,1,316.0,1,2.0,88.0,0,0.0,19,315.2,1.8,0.8,110.0,0.8,315.2,1.8,0.2
2015_04_NYG_BUF,NYG,274.0,1,274.0,1,1.0,55.0,0,1.0,20,323.4,1.8,1.2,98.8,0.8,323.4,1.8,0.2
2015_05_SF_NYG,NYG,262.0,2,262.0,2,0.0,124.0,1,0.0,21,320.2,1.6,1.2,88.6,0.6,320.2,1.6,0.4
2015_06_NYG_PHI,NYG,280.0,1,280.0,1,3.0,158.0,1,1.0,22,314.2,1.6,1.0,80.6,0.6,314.2,1.6,0.4
2015_07_DAL_NYG,NYG,227.0,1,227.0,1,3.0,233.0,1,0.0,23,299.0,1.2,1.2,96.2,0.8,299.0,1.2,0.4
2015_08_NYG_NO,NYG,505.0,7,505.0,7,2.0,103.0,0,0.0,24,271.8,1.2,1.8,131.6,0.6,271.8,1.2,0.4
2015_09_NYG_TB,NYG,247.0,0,247.0,0,0.0,136.0,1,3.0,25,309.6,2.4,1.8,134.6,0.6,309.6,2.4,0.4
2015_10_NE_NYG,NYG,334.0,2,334.0,2,1.0,77.0,1,1.0,26,304.2,2.2,1.6,150.8,0.8,304.2,2.2,0.8
2015_12_NYG_WAS,NYG,302.0,1,302.0,1,0.0,105.0,1,0.0,27,318.6,2.2,1.8,141.4,0.8,318.6,2.2,1.0
2015_13_NYJ_NYG,NYG,390.0,2,390.0,2,0.0,90.0,0,1.0,28,323.0,2.2,1.2,130.8,0.8,323.0,2.2,0.8
2015_14_NYG_MIA,NYG,236.0,1,236.0,1,0.0,128.0,2,1.0,29,355.6,2.4,0.6,102.2,0.6,355.6,2.4,1.0
2015_15_CAR_NYG,NYG,340.0,5,340.0,5,0.0,171.0,0,1.0,30,301.8,1.2,0.2,107.2,1.0,301.8,1.2,1.2
2015_16_NYG_MIN,NYG,168.0,1,168.0,1,0.0,218.0,3,0.0,31,320.4,2.2,0.2,114.2,0.8,320.4,2.2,0.8
2015_17_PHI_NYG,NYG,320.0,2,320.0,2,1.0,120.0,2,1.0,32,287.2,2.0,0.0,142.4,1.2,287.2,2.0,0.6
2016_01_NYG_DAL,NYG,227.0,0,227.0,0,0.0,101.0,1,0.0,33,290.8,2.2,0.2,145.4,1.4,290.8,2.2,0.8
2016_02_NO_NYG,NYG,263.0,1,263.0,1,0.0,41.0,0,0.0,34,258.2,1.8,0.2,147.6,1.6,258.2,1.8,0.6
2016_03_WAS_NYG,NYG,327.0,2,327.0,2,0.0,90.0,0,0.0,35,263.6,1.8,0.2,130.2,1.2,263.6,1.8,0.4
2016_04_NYG_MIN,NYG,262.0,1,262.0,1,0.0,104.0,2,0.0,36,261.0,1.2,0.2,114.0,1.2,261.0,1.2,0.2
2016_05_NYG_GB,NYG,259.0,2,259.0,2,2.0,147.0,0,0.0,37,279.8,1.2,0.2,91.2,1.0,279.8,1.2,0.2
2016_06_BAL_NYG,NYG,307.0,0,307.0,0,0.0,98.0,2,0.0,38,267.6,1.2,0.4,96.6,0.6,267.6,1.2,0.0
2016_07_NYG_LA,NYG,291.0,1,291.0,1,4.0,74.0,0,0.0,39,283.6,1.2,0.4,96.0,0.8,283.6,1.2,0.0
2016_09_PHI_NYG,NYG,364.0,0,364.0,0,2.0,96.0,2,0.0,40,289.2,1.2,1.2,102.6,0.8,289.2,1.2,0.0
2016_10_CIN_NYG,NYG,204.0,1,204.0,1,1.0,78.0,1,0.0,41,296.6,0.8,1.6,103.8,1.2,296.6,0.8,0.0
2016_11_CHI_NYG,NYG,252.0,1,252.0,1,1.0,93.0,1,0.0,42,285.0,0.8,1.8,98.6,1.0,285.0,0.8,0.0
2016_12_NYG_CLE,NYG,322.0,1,322.0,1,0.0,58.0,0,3.0,43,283.6,0.6,1.6,87.8,1.2,283.6,0.6,0.0
2016_13_NYG_PIT,NYG,289.0,2,289.0,2,1.0,117.0,0,1.0,44,286.6,0.8,1.6,79.8,0.8,286.6,0.8,0.6
2016_14_DAL_NYG,NYG,165.0,1,165.0,1,2.0,108.0,0,1.0,45,286.2,1.0,1.0,88.4,0.8,286.2,1.0,0.8
2016_15_DET_NYG,NYG,273.0,0,273.0,0,1.0,56.0,0,1.0,46,246.4,1.2,1.0,90.8,0.4,246.4,1.2,1.0
2016_16_NYG_PHI,NYG,168.0,1,168.0,1,1.0,118.0,1,0.0,47,260.2,1.0,1.0,86.4,0.2,260.2,1.0,1.2
2016_17_NYG_WAS,NYG,287.0,1,287.0,1,2.0,38.0,0,1.0,48,243.4,1.0,1.0,91.4,0.2,243.4,1.0,1.2
2017_01_NYG_DAL,NYG,268.0,1,268.0,1,0.0,129.0,0,0.0,49,236.4,1.0,1.4,87.4,0.2,236.4,1.0,0.8
2017_02_DET_NYG,NYG,122.0,2,122.0,2,0.0,138.0,0,1.0,50,232.2,0.8,1.2,89.8,0.2,232.2,0.8,0.6
2017_03_NYG_PHI,NYG,176.0,1,176.0,1,0.0,193.0,2,1.0,51,223.6,1.0,0.8,95.8,0.2,223.6,1.0,0.6
2017_04_NYG_TB,NYG,332.0,3,332.0,3,0.0,111.0,0,0.0,52,204.2,1.2,0.6,123.2,0.6,204.2,1.2,0.6
2017_05_LAC_NYG,NYG,258.0,3,258.0,3,1.0,124.0,0,0.0,53,237.0,1.6,0.4,121.8,0.4,237.0,1.6,0.6
2017_06_NYG_DEN,NYG,394.0,1,394.0,1,2.0,46.0,0,1.0,54,231.2,2.0,0.2,139.0,0.4,231.2,2.0,0.4
2017_07_SEA_NYG,NYG,334.0,3,334.0,3,0.0,104.0,0,1.0,55,256.4,2.0,0.6,122.4,0.4,256.4,2.0,0.6
2017_09_LA_NYG,NYG,302.0,4,311.0,4,0.0,162.0,2,0.0,56,298.8,2.2,0.6,115.6,0.4,298.8,2.2,0.6
2017_10_NYG_SF,NYG,288.0,2,288.0,2,1.0,186.0,2,1.0,57,325.8,2.8,0.6,109.4,0.4,324.0,2.8,0.4
2017_11_KC_NYG,NYG,230.0,0,230.0,0,3.0,134.0,0,0.0,58,317.0,2.6,0.8,124.4,0.8,315.2,2.6,0.6
2017_12_NYG_WAS,NYG,242.0,2,242.0,2,1.0,122.0,0,0.0,59,311.4,2.0,1.2,126.4,0.8,309.6,2.0,0.6
2017_13_NYG_OAK,NYG,287.0,1,287.0,1,0.0,119.0,2,1.0,60,281.0,2.2,1.0,141.6,0.8,279.2,2.2,0.4
2017_14_DAL_NYG,NYG,332.0,3,332.0,3,0.0,122.0,1,0.0,61,271.6,1.8,1.0,144.6,1.2,269.8,1.8,0.4
2017_15_PHI_NYG,NYG,237.0,4,237.0,4,0.0,108.0,0,0.0,62,275.8,1.6,1.0,136.6,1.0,275.8,1.6,0.4
2017_16_NYG_ARI,NYG,230.0,2,230.0,2,2.0,74.0,0,0.0,63,265.6,2.0,0.8,121.0,0.6,265.6,2.0,0.2
2017_17_WAS_NYG,NYG,158.0,0,158.0,0,3.0,61.0,1,0.0,64,265.6,2.4,0.6,109.0,0.6,265.6,2.4,0.2
2018_01_JAX_NYG,NYG,176.0,1,176.0,1,1.0,137.0,0,0.0,65,248.8,2.0,1.0,96.8,0.8,248.8,2.0,0.2
2018_02_NYG_DAL,NYG,160.0,1,160.0,1,0.0,138.0,1,0.0,66,226.6,2.0,1.2,100.4,0.4,226.6,2.0,0.0
2018_03_NYG_HOU,NYG,385.0,2,385.0,2,1.0,59.0,0,1.0,67,192.2,1.6,1.2,103.6,0.4,192.2,1.6,0.0
2018_04_NO_NYG,NYG,227.0,0,227.0,0,0.0,170.0,3,0.0,68,221.8,1.2,1.4,93.8,0.4,221.8,1.2,0.2
2018_05_NYG_CAR,NYG,237.0,2,237.0,2,2.0,118.0,0,0.0,69,221.2,0.8,1.0,113.0,1.0,221.2,0.8,0.2
2018_06_PHI_NYG,NYG,278.0,3,278.0,3,0.0,108.0,1,0.0,70,237.0,1.2,0.8,124.4,0.8,237.0,1.2,0.2
2018_07_NYG_ATL,NYG,379.0,1,379.0,1,0.0,67.0,1,1.0,71,257.4,1.6,0.6,118.6,1.0,257.4,1.6,0.2
2018_08_WAS_NYG,NYG,178.0,1,178.0,1,0.0,182.0,1,1.0,72,301.2,1.6,0.6,104.4,1.0,301.2,1.6,0.4
2018_10_NYG_SF,NYG,250.0,1,250.0,1,2.0,124.0,1,0.0,73,259.8,1.4,0.4,129.0,1.2,259.8,1.4,0.4
2018_11_TB_NYG,NYG,366.0,2,366.0,2,4.0,151.0,2,0.0,74,264.4,1.6,0.8,119.8,0.8,264.4,1.6,0.4
2018_12_NYG_PHI,NYG,236.0,1,236.0,1,0.0,127.0,1,0.0,75,290.2,1.6,1.2,126.4,1.2,290.2,1.6,0.4
2018_13_CHI_NYG,NYG,286.0,2,286.0,2,2.0,118.0,1,1.0,76,281.8,1.2,1.2,130.2,1.2,281.8,1.2,0.4
2018_14_NYG_WAS,NYG,233.0,1,233.0,1,3.0,84.0,1,0.0,77,263.2,1.4,1.6,140.4,1.2,263.2,1.4,0.4
2018_15_TEN_NYG,NYG,94.0,0,94.0,0,0.0,215.0,2,0.0,78,274.2,1.4,2.2,120.8,1.2,274.2,1.4,0.2
2018_16_NYG_IND,NYG,357.0,2,357.0,2,1.0,49.0,2,0.0,79,243.0,1.2,1.8,139.0,1.4,243.0,1.2,0.2
2018_17_DAL_NYG,NYG,387.0,4,387.0,4,0.0,51.0,1,1.0,80,241.2,1.2,1.2,118.6,1.4,241.2,1.2,0.2
2019_01_NYG_DAL,NYG,405.0,4,405.0,4,0.0,89.0,1,0.0,81,271.4,1.8,1.2,103.4,1.4,271.4,1.8,0.4
2019_02_BUF_NYG,NYG,253.0,1,253.0,1,0.0,151.0,3,0.0,82,295.2,2.2,0.8,97.6,1.4,295.2,2.2,0.2
2019_03_NYG_TB,NYG,380.0,3,380.0,3,1.0,144.0,0,0.0,83,299.2,2.2,0.2,111.0,1.8,299.2,2.2,0.2
2019_04_WAS_NYG,NYG,144.0,0,144.0,0,4.0,55.0,0,0.0,84,356.4,2.8,0.4,96.8,1.4,356.4,2.8,0.2
2019_05_MIN_NYG,NYG,306.0,2,306.0,2,0.0,211.0,0,1.0,85,313.8,2.4,1.0,98.0,1.0,313.8,2.4,0.2
2019_06_NYG_NE,NYG,334.0,0,334.0,0,1.0,114.0,3,1.0,86,297.6,2.0,1.0,130.0,0.8,297.6,2.0,0.2
2019_07_ARI_NYG,NYG,104.0,0,104.0,0,0.0,156.0,3,0.0,87,283.4,1.2,1.2,135.0,1.2,283.4,1.2,0.4
2019_08_NYG_DET,NYG,342.0,3,342.0,3,1.0,59.0,0,1.0,88,253.6,1.0,1.2,136.0,1.2,253.6,1.0,0.4
2019_09_DAL_NYG,NYG,257.0,3,257.0,3,1.0,172.0,0,1.0,89,246.0,1.0,1.2,119.0,1.2,246.0,1.0,0.6
2019_10_NYG_NYJ,NYG,230.0,1,230.0,1,0.0,76.0,2,0.0,90,268.6,1.6,0.6,142.4,1.2,268.6,1.6,0.8
2019_12_NYG_CHI,NYG,278.0,1,278.0,1,2.0,65.0,1,0.0,91,253.4,1.4,0.6,115.4,1.6,253.4,1.4,0.6
2019_13_GB_NYG,NYG,243.0,4,243.0,4,0.0,79.0,0,0.0,92,242.2,1.6,0.8,105.6,1.2,242.2,1.6,0.4
2019_14_NYG_PHI,NYG,325.0,2,325.0,2,0.0,118.0,1,1.0,93,270.0,2.4,0.8,90.2,0.6,270.0,2.4,0.4
2019_15_MIA_NYG,NYG,279.0,2,279.0,2,0.0,122.0,0,1.0,94,266.6,2.2,0.6,102.0,0.8,266.6,2.2,0.4
2019_16_NYG_WAS,NYG,302.0,3,302.0,3,0.0,80.0,2,0.0,95,271.0,2.0,0.4,92.0,0.8,271.0,2.0,0.4
2019_17_PHI_NYG,NYG,289.0,1,289.0,1,0.0,121.0,3,0.0,96,285.4,2.4,0.4,92.8,0.8,285.4,2.4,0.4
2020_01_PIT_NYG,NYG,229.0,3,229.0,3,0.0,141.0,0,0.0,97,287.6,2.4,0.0,104.0,1.2,287.6,2.4,0.4
2020_02_NYG_CHI,NYG,190.0,2,190.0,2,2.0,135.0,0,0.0,98,284.8,2.2,0.0,116.4,1.2,284.8,2.2,0.4
2020_03_SF_NYG,NYG,343.0,1,343.0,1,0.0,93.0,3,0.0,99,257.8,2.2,0.4,119.8,1.0,257.8,2.2,0.2
2020_04_NYG_LA,NYG,200.0,1,200.0,1,0.0,58.0,1,1.0,100,270.6,2.0,0.4,114.0,1.6,270.6,2.0,0.0
2020_05_NYG_DAL,NYG,288.0,1,288.0,1,1.0,126.0,2,1.0,101,250.2,1.6,0.4,109.6,1.4,250.2,1.6,0.2
2020_06_WAS_NYG,NYG,280.0,2,280.0,2,1.0,86.0,0,1.0,102,250.0,1.6,0.6,110.6,1.2,250.0,1.6,0.4
2020_07_NYG_PHI,NYG,359.0,2,359.0,2,1.0,96.0,1,0.0,103,260.2,1.4,0.8,99.6,1.2,260.2,1.4,0.6
2020_08_TB_NYG,NYG,279.0,2,279.0,2,0.0,81.0,0,1.0,104,294.0,1.4,0.6,91.8,1.4,294.0,1.4,0.6
2020_09_NYG_WAS,NYG,387.0,1,387.0,1,3.0,37.0,1,1.0,105,281.2,1.6,0.6,89.4,0.8,281.2,1.6,0.8
2020_10_PHI_NYG,NYG,208.0,0,208.0,0,0.0,156.0,2,0.0,106,318.6,1.6,1.2,85.2,0.8,318.6,1.6,0.8
2020_12_NYG_CIN,NYG,136.0,1,136.0,1,1.0,40.0,0,2.0,107,302.6,1.4,1.0,91.2,0.8,302.6,1.4,0.6
2020_13_NYG_SEA,NYG,263.0,1,263.0,1,1.0,111.0,0,1.0,108,273.8,1.2,1.0,82.0,0.8,273.8,1.2,0.8
2020_14_ARI_NYG,NYG,244.0,1,244.0,1,0.0,159.0,1,0.0,109,254.6,1.0,1.0,85.0,0.6,254.6,1.0,1.0
2020_15_CLE_NYG,NYG,297.0,2,297.0,2,0.0,106.0,1,0.0,110,247.6,0.8,1.0,100.6,0.8,247.6,0.8,0.8
2020_16_NYG_BAL,NYG,183.0,2,183.0,2,0.0,249.0,1,1.0,111,229.6,1.0,0.4,114.4,0.8,229.6,1.0,0.6
2020_17_DAL_NYG,NYG,244.0,0,244.0,0,1.0,108.0,1,0.0,112,224.6,1.4,0.4,133.0,0.6,224.6,1.4,0.8
2021_01_DEN_NYG,NYG,264.0,2,264.0,2,0.0,165.0,1,1.0,113,246.2,1.2,0.4,146.6,0.8,246.2,1.2,0.4
2021_02_NYG_WAS,NYG,336.0,2,336.0,2,1.0,87.0,1,0.0,114,246.4,1.4,0.2,157.4,1.0,246.4,1.4,0.4
2021_03_ATL_NYG,NYG,243.0,2,243.0,2,0.0,69.0,0,1.0,115,264.8,1.6,0.4,143.0,1.0,264.8,1.6,0.4
2021_04_NYG_NO,NYG,235.0,1,235.0,1,1.0,170.0,2,0.0,116,254.0,1.6,0.4,135.6,0.8,254.0,1.6,0.6
2021_05_NYG_DAL,NYG,324.0,3,324.0,3,1.0,201.0,1,1.0,117,264.4,1.4,0.6,119.8,1.0,264.4,1.4,0.4
2021_06_LA_NYG,NYG,251.0,4,251.0,4,2.0,131.0,1,0.0,118,280.4,2.0,0.6,138.4,1.0,280.4,2.0,0.6
2021_07_CAR_NYG,NYG,145.0,0,145.0,0,1.0,56.0,0,0.0,119,277.8,2.4,1.0,131.6,1.0,277.8,2.4,0.4
2021_08_NYG_KC,NYG,275.0,1,275.0,1,1.0,107.0,1,1.0,120,239.6,2.0,1.0,125.4,0.8,239.6,2.0,0.4
2021_09_LV_NYG,NYG,296.0,1,296.0,1,2.0,117.0,0,1.0,121,246.0,1.8,1.2,133.0,1.0,246.0,1.8,0.4
2021_11_NYG_TB,NYG,318.0,2,318.0,2,1.0,94.0,1,0.0,122,258.2,1.8,1.4,122.4,0.6,258.2,1.8,0.6
2021_12_PHI_NYG,NYG,129.0,0,129.0,0,3.0,208.0,1,1.0,123,257.0,1.6,1.4,101.0,0.6,257.0,1.6,0.4
2021_13_NYG_MIA,NYG,244.0,2,244.0,2,0.0,68.0,0,0.0,124,232.6,0.8,1.6,116.4,0.6,232.6,0.8,0.6
2021_14_NYG_LAC,NYG,275.0,3,275.0,3,0.0,152.0,1,0.0,125,252.4,1.2,1.4,118.8,0.6,252.4,1.2,0.6
2021_15_DAL_NYG,NYG,217.0,1,217.0,1,0.0,125.0,1,1.0,126,252.4,1.6,1.2,127.8,0.6,252.4,1.6,0.4
2021_16_NYG_PHI,NYG,199.0,2,199.0,2,0.0,130.0,1,0.0,127,236.6,1.6,0.8,129.4,0.8,236.6,1.6,0.4
2021_17_NYG_CHI,NYG,173.0,1,173.0,1,2.0,87.0,2,0.0,128,212.8,1.6,0.6,136.6,0.8,212.8,1.6,0.4
2021_18_WAS_NYG,NYG,120.0,0,120.0,0,0.0,226.0,1,0.0,129,221.6,1.8,0.4,112.4,1.0,221.6,1.8,0.2
2022_01_NYG_TEN,NYG,266.0,2,266.0,2,0.0,93.0,0,0.0,130,196.8,1.4,0.4,144.0,1.2,196.8,1.4,0.2
2022_02_CAR_NYG,NYG,145.0,1,145.0,1,0.0,146.0,0,1.0,131,195.0,1.2,0.4,132.2,1.0,195.0,1.2,0.2
2022_03_DAL_NYG,NYG,215.0,1,215.0,1,0.0,176.0,1,0.0,132,180.6,1.2,0.4,136.4,0.8,180.6,1.2,0.2
2022_04_CHI_NYG,NYG,174.0,0,174.0,0,0.0,149.0,0,2.0,133,183.8,1.0,0.4,145.6,0.8,183.8,1.0,0.2
2022_05_NYG_GB,NYG,222.0,2,222.0,2,0.0,94.0,0,0.0,134,184.0,0.8,0.0,158.0,0.4,184.0,0.8,0.6
2022_06_BAL_NYG,NYG,210.0,1,210.0,1,1.0,211.0,1,1.0,135,204.4,1.2,0.0,131.6,0.2,204.4,1.2,0.6
2022_07_NYG_JAX,NYG,310.0,0,310.0,0,0.0,142.0,2,1.0,136,193.2,1.0,0.2,155.2,0.4,193.2,1.0,0.8
2022_08_NYG_SEA,NYG,212.0,2,212.0,2,0.0,87.0,1,1.0,137,226.2,0.8,0.2,154.4,0.8,226.2,0.8,0.8
2022_10_HOU_NYG,NYG,319.0,1,319.0,1,1.0,101.0,0,1.0,138,225.6,1.0,0.2,136.6,0.8,225.6,1.0,1.0
2022_11_DET_NYG,NYG,165.0,0,165.0,0,0.0,160.0,4,0.0,139,254.6,1.2,0.4,127.0,0.8,254.6,1.2,0.8
2022_12_NYG_DAL,NYG,261.0,2,261.0,2,2.0,169.0,2,0.0,140,243.2,0.8,0.4,140.2,1.6,243.2,0.8,0.8
2022_13_WAS_NYG,NYG,275.0,2,275.0,2,0.0,165.0,0,1.0,141,253.4,1.0,0.6,131.8,1.8,253.4,1.0,0.6
2022_14_PHI_NYG,NYG,217.0,2,217.0,2,0.0,253.0,4,0.0,142,246.4,1.4,0.6,136.4,1.4,246.4,1.4,0.6
2022_15_NYG_WAS,NYG,249.0,1,249.0,1,0.0,159.0,0,2.0,143,247.4,1.4,0.6,169.6,2.0,247.4,1.4,0.4
2022_16_NYG_MIN,NYG,299.0,3,299.0,3,0.0,83.0,0,0.0,144,233.4,1.4,0.4,181.2,2.0,233.4,1.4,0.6
2022_17_IND_NYG,NYG,141.0,1,141.0,1,1.0,128.0,0,0.0,145,260.2,2.0,0.4,165.8,1.2,260.2,2.0,0.6
2022_18_NYG_PHI,NYG,229.0,0,229.0,0,1.0,135.0,1,0.0,146,236.2,1.8,0.2,157.6,0.8,236.2,1.8,0.6
2023_01_DAL_NYG,NYG,143.0,0,143.0,0,0.0,122.0,3,0.0,147,227.0,1.4,0.4,151.6,1.0,227.0,1.4,0.4
2023_02_NYG_ARI,NYG,228.0,1,228.0,1,0.0,151.0,2,0.0,148,212.2,1.0,0.4,125.4,0.8,212.2,1.0,0.4
2023_03_NYG_SF,NYG,310.0,2,310.0,2,0.0,141.0,1,0.0,149,208.0,1.0,0.4,123.8,1.2,208.0,1.0,0.0
2023_04_SEA_NYG,NYG,173.0,1,173.0,1,0.0,121.0,1,0.0,150,210.2,0.8,0.4,135.4,1.4,210.2,0.8,0.0
2023_05_NYG_MIA,NYG,308.0,2,308.0,2,2.0,222.0,2,1.0,151,216.6,0.8,0.2,134.0,1.6,216.6,0.8,0.0
2023_06_NYG_BUF,NYG,169.0,2,169.0,2,1.0,128.0,0,1.0,152,232.4,1.2,0.4,151.4,1.8,232.4,1.2,0.2
2023_07_WAS_NYG,NYG,249.0,0,249.0,0,1.0,76.0,1,0.0,153,237.6,1.6,0.6,152.6,1.2,237.6,1.6,0.4
2023_08_NYJ_NYG,NYG,240.0,1,240.0,1,0.0,58.0,0,2.0,154,241.8,1.4,0.8,137.6,1.0,241.8,1.4,0.4
2023_09_NYG_LV,NYG,209.0,0,209.0,0,0.0,125.0,3,0.0,155,227.8,1.2,0.8,121.0,0.8,227.8,1.2,0.8
2023_10_NYG_DAL,NYG,472.0,4,472.0,4,2.0,168.0,3,0.0,156,235.0,1.0,0.8,121.8,1.2,235.0,1.0,0.8
2023_11_NYG_WAS,NYG,256.0,1,256.0,1,3.0,174.0,1,2.0,157,267.8,1.4,0.8,111.0,1.4,267.8,1.4,0.6
2023_12_NE_NYG,NYG,143.0,0,143.0,0,3.0,147.0,1,0.0,158,285.2,1.2,1.2,120.2,1.6,285.2,1.2,0.8
2023_14_GB_NYG,NYG,218.0,1,218.0,1,1.0,123.0,1,1.0,159,264.0,1.2,1.6,134.4,1.6,264.0,1.2,0.8
2023_15_NYG_NO,NYG,218.0,3,218.0,3,0.0,87.0,0,0.0,160,259.6,1.2,1.8,147.4,1.8,259.6,1.2,0.6
2023_16_NYG_PHI,NYG,301.0,1,301.0,1,1.0,170.0,2,0.0,161,261.4,1.8,1.8,139.8,1.2,261.4,1.8,0.6
2023_17_LA_NYG,NYG,317.0,1,317.0,1,2.0,105.0,3,1.0,162,227.2,1.2,1.6,140.2,1.0,227.2,1.2,0.6
2023_18_PHI_NYG,NYG,203.0,1,203.0,1,2.0,133.0,0,2.0,163,239.4,1.2,1.4,126.4,1.4,239.4,1.2,0.4
2024_01_MIN_NYG,NYG,208.0,2,208.0,2,1.0,111.0,1,1.0,164,251.4,1.4,1.2,123.6,1.2,251.4,1.4,0.8
2024_02_NYG_WAS,NYG,226.0,0,226.0,0,0.0,215.0,0,0.0,165,249.4,1.6,1.2,121.2,1.2,249.4,1.6,0.8
2024_03_NYG_CLE,NYG,196.0,2,196.0,2,0.0,69.0,0,2.0,166,251.0,1.0,1.2,146.8,1.2,251.0,1.0,0.8
2024_04_DAL_NYG,NYG,221.0,2,221.0,2,0.0,80.0,0,0.0,167,230.0,1.2,1.0,126.6,0.8,230.0,1.2,1.2
2024_05_NYG_SEA,NYG,284.0,1,284.0,1,0.0,102.0,0,1.0,168,210.8,1.4,0.6,121.6,0.2,210.8,1.4,1.0
2024_06_CIN_NYG,NYG,208.0,0,208.0,0,0.0,121.0,2,1.0,169,227.0,1.4,0.2,115.4,0.2,227.0,1.4,0.8
2024_07_PHI_NYG,NYG,114.0,1,114.0,1,0.0,269.0,3,0.0,170,227.0,1.0,0.0,117.4,0.4,227.0,1.0,0.8
2024_08_NYG_PIT,NYG,278.0,1,278.0,1,0.0,167.0,0,1.0,171,204.6,1.2,0.0,128.2,1.0,204.6,1.2,0.8
2024_09_WAS_NYG,NYG,209.0,2,209.0,2,0.0,149.0,1,0.0,172,221.0,1.0,0.0,147.8,1.0,221.0,1.0,0.6
2024_10_NYG_CAR,NYG,126.0,1,126.0,1,0.0,188.0,1,1.0,173,218.6,1.0,0.0,161.6,1.2,218.6,1.0,0.6
2024_12_TB_NYG,NYG,294.0,0,294.0,0,0.0,157.0,4,1.0,174,187.0,1.0,0.0,178.8,1.4,187.0,1.0,0.6
2024_13_NYG_DAL,NYG,195.0,1,195.0,1,0.0,122.0,1,0.0,175,204.2,1.0,0.0,186.0,1.8,204.2,1.0,0.6
2024_14_NO_NYG,NYG,219.0,1,219.0,1,1.0,92.0,1,0.0,176,220.4,1.0,0.0,156.6,1.4,220.4,1.0,0.6
2024_15_BAL_NYG,NYG,290.0,5,290.0,5,0.0,170.0,0,1.0,177,208.6,1.0,0.2,141.6,1.6,208.6,1.0,0.4
2024_16_NYG_ATL,NYG,202.0,0,202.0,0,1.0,127.0,2,0.0,178,224.8,1.6,0.2,145.8,1.4,224.8,1.6,0.6
2024_17_IND_NYG,NYG,330.0,2,330.0,2,2.0,126.0,2,1.0,179,240.0,1.4,0.4,133.6,1.6,240.0,1.4,0.4
2024_18_NYG_PHI,NYG,269.0,2,269.0,2,0.0,51.0,0,0.0,180,247.2,1.8,0.8,127.4,1.2,247.2,1.8,0.4
2014_01_OAK_NYJ,NYJ,151.0,2,151.0,2,0.0,25.0,0,0.0,1,,,,,,,,
2014_02_NYJ_GB,NYJ,346.0,3,346.0,3,0.0,80.0,0,1.0,2,151.0,2.0,0.0,25.0,0.0,151.0,2.0,0.0
2014_03_CHI_NYJ,NYJ,225.0,2,225.0,2,0.0,60.0,0,1.0,3,248.5,2.5,0.0,52.5,0.0,248.5,2.5,0.5
2014_04_DET_NYJ,NYJ,293.0,2,293.0,2,0.0,88.0,1,0.0,4,240.66666666666666,2.3333333333333335,0.0,55.0,0.0,240.66666666666666,2.3333333333333335,0.6666666666666666
2014_05_NYJ_SD,NYJ,288.0,3,288.0,3,1.0,162.0,1,0.0,5,253.75,2.25,0.0,63.25,0.25,253.75,2.25,0.5
2014_06_DEN_NYJ,NYJ,237.0,3,237.0,3,0.0,138.0,0,0.0,6,260.6,2.4,0.2,83.0,0.4,260.6,2.4,0.4
2014_07_NYJ_NE,NYJ,261.0,3,261.0,3,0.0,63.0,0,0.0,7,277.8,2.6,0.2,105.6,0.4,277.8,2.6,0.4
2014_08_BUF_NYJ,NYJ,238.0,4,238.0,4,0.0,67.0,1,0.0,8,260.8,2.6,0.2,102.2,0.4,260.8,2.6,0.2
2014_09_NYJ_KC,NYJ,199.0,2,199.0,2,0.0,113.0,1,0.0,9,263.4,3.0,0.2,103.6,0.6,263.4,3.0,0.0
2014_10_PIT_NYJ,NYJ,343.0,1,343.0,1,2.0,36.0,0,1.0,10,244.6,3.0,0.2,108.6,0.6,244.6,3.0,0.0
2014_12_NYJ_BUF,NYJ,230.0,2,230.0,2,0.0,116.0,2,0.0,11,255.6,2.6,0.4,83.4,0.4,255.6,2.6,0.2
2014_13_MIA_NYJ,NYJ,235.0,0,235.0,0,1.0,74.0,1,0.0,12,254.2,2.4,0.4,79.0,0.8,254.2,2.4,0.2
2014_14_NYJ_MIN,NYJ,309.0,2,309.0,3,1.0,114.0,0,0.0,13,249.0,1.8,0.6,81.2,1.0,249.0,1.8,0.2
2014_15_NYJ_TEN,NYJ,250.0,0,260.0,0,0.0,89.0,0,0.0,14,263.2,1.6,0.8,90.6,0.8,263.2,1.4,0.2
2014_16_NE_NYJ,NYJ,182.0,1,182.0,1,1.0,85.0,1,0.0,15,275.4,1.2,0.8,85.8,0.6,273.4,1.0,0.2
2014_17_NYJ_MIA,NYJ,259.0,1,259.0,1,0.0,179.0,2,1.0,16,243.2,1.2,0.6,95.6,0.8,241.2,1.0,0.0
2015_01_CLE_NYJ,NYJ,231.0,1,231.0,1,1.0,104.0,0,3.0,17,249.0,1.0,0.6,108.2,0.8,247.0,0.8,0.2
2015_02_NYJ_IND,NYJ,250.0,1,250.0,1,3.0,93.0,0,2.0,18,248.2,1.2,0.6,114.2,0.6,246.2,1.0,0.8
2015_03_PHI_NYJ,NYJ,118.0,1,118.0,1,0.0,123.0,1,1.0,19,236.4,0.8,1.0,110.0,0.6,234.4,0.8,1.2
2015_04_NYJ_MIA,NYJ,198.0,2,198.0,2,2.0,59.0,0,0.0,20,208.0,1.0,1.0,116.8,0.8,208.0,1.0,1.4
2015_06_WAS_NYJ,NYJ,196.0,1,196.0,1,2.0,34.0,0,0.0,21,211.2,1.2,1.2,111.6,0.6,211.2,1.2,1.4
2015_07_NYJ_NE,NYJ,355.0,2,355.0,2,0.0,16.0,1,0.0,22,198.6,1.2,1.6,82.6,0.2,198.6,1.2,1.2
2015_08_NYJ_OAK,NYJ,333.0,4,333.0,4,0.0,118.0,0,0.0,23,223.4,1.4,1.4,65.0,0.4,223.4,1.4,0.6
2015_09_JAX_NYJ,NYJ,381.0,2,381.0,2,2.0,98.0,0,1.0,24,240.0,2.0,0.8,70.0,0.4,240.0,2.0,0.2
2015_10_BUF_NYJ,NYJ,158.0,1,158.0,1,0.0,148.0,0,0.0,25,292.6,2.2,1.2,65.0,0.2,292.6,2.2,0.2
2015_11_NYJ_HOU,NYJ,250.0,3,250.0,3,0.0,123.0,0,1.0,26,284.6,2.0,0.8,82.8,0.2,284.6,2.0,0.2
2015_12_MIA_NYJ,NYJ,351.0,3,351.0,3,1.0,12.0,0,1.0,27,295.4,2.4,0.4,100.6,0.2,295.4,2.4,0.4
2015_13_NYJ_NYG,NYJ,297.0,1,297.0,1,1.0,74.0,0,0.0,28,294.6,2.6,0.6,99.8,0.0,294.6,2.6,0.6
2015_14_TEN_NYJ,NYJ,315.0,1,315.0,1,1.0,24.0,0,0.0,29,287.4,2.0,0.8,91.0,0.0,287.4,2.0,0.6
2015_15_NYJ_DAL,NYJ,195.0,1,195.0,1,4.0,133.0,0,0.0,30,274.2,1.8,0.6,76.2,0.0,274.2,1.8,0.4
2015_16_NE_NYJ,NYJ,231.0,1,231.0,1,1.0,63.0,0,0.0,31,281.6,1.8,1.4,73.2,0.0,281.6,1.8,0.4
2015_17_NYJ_BUF,NYJ,182.0,0,182.0,0,0.0,113.0,2,1.0,32,277.8,1.4,1.6,61.2,0.0,277.8,1.4,0.2
2016_01_CIN_NYJ,NYJ,366.0,1,366.0,1,1.0,57.0,1,0.0,33,244.0,0.8,1.4,81.4,0.4,244.0,0.8,0.2
2016_02_NYJ_BUF,NYJ,307.0,3,307.0,3,1.0,86.0,0,0.0,34,257.8,0.8,1.4,78.0,0.6,257.8,0.8,0.2
2016_03_NYJ_KC,NYJ,237.0,1,237.0,1,0.0,72.0,0,0.0,35,256.2,1.2,1.4,90.4,0.6,256.2,1.2,0.2
2016_04_SEA_NYJ,NYJ,309.0,3,309.0,3,0.0,66.0,0,0.0,36,264.6,1.2,0.6,78.2,0.6,264.6,1.2,0.2
2016_05_NYJ_PIT,NYJ,380.0,4,380.0,4,0.0,61.0,0,1.0,37,280.2,1.6,0.4,78.8,0.6,280.2,1.6,0.2
2016_06_NYJ_ARI,NYJ,225.0,1,225.0,1,0.0,171.0,3,0.0,38,319.8,2.4,0.4,68.4,0.2,319.8,2.4,0.2
2016_07_BAL_NYJ,NYJ,248.0,0,248.0,0,2.0,11.0,0,0.0,39,291.6,2.4,0.2,91.2,0.6,291.6,2.4,0.2
2016_08_NYJ_CLE,NYJ,345.0,2,345.0,2,2.0,68.0,1,0.0,40,279.8,1.8,0.4,76.2,0.6,279.8,1.8,0.2
2016_09_NYJ_MIA,NYJ,149.0,1,149.0,1,0.0,137.0,1,0.0,41,301.4,2.0,0.8,75.4,0.8,301.4,2.0,0.2
2016_10_LA_NYJ,NYJ,165.0,0,165.0,0,0.0,125.0,0,0.0,42,269.4,1.6,0.8,89.6,1.0,269.4,1.6,0.2
2016_12_NE_NYJ,NYJ,286.0,2,286.0,2,0.0,91.0,0,0.0,43,226.4,0.8,0.8,102.4,1.0,226.4,0.8,0.0
2016_13_IND_NYJ,NYJ,289.0,4,289.0,4,0.0,139.0,1,0.0,44,238.6,1.0,0.8,86.4,0.4,238.6,1.0,0.0
2016_14_NYJ_SF,NYJ,133.0,1,133.0,1,0.0,248.0,1,0.0,45,246.8,1.8,0.4,112.0,0.6,246.8,1.8,0.0
2016_15_MIA_NYJ,NYJ,236.0,4,236.0,4,1.0,67.0,0,0.0,46,204.4,1.6,0.0,148.0,0.6,204.4,1.6,0.0
2016_16_NYJ_NE,NYJ,220.0,3,220.0,3,0.0,114.0,2,0.0,47,221.8,2.2,0.2,134.0,0.4,221.8,2.2,0.0
2016_17_BUF_NYJ,NYJ,182.0,0,182.0,0,1.0,68.0,1,2.0,48,232.8,2.8,0.2,131.8,0.8,232.8,2.8,0.0
2017_01_NYJ_BUF,NYJ,224.0,2,224.0,2,1.0,190.0,1,0.0,49,212.0,2.4,0.4,127.2,1.0,212.0,2.4,0.4
2017_02_NYJ_OAK,NYJ,230.0,3,230.0,3,0.0,180.0,3,0.0,50,199.0,2.0,0.6,137.4,1.0,199.0,2.0,0.4
2017_03_MIA_NYJ,NYJ,220.0,1,220.0,1,2.0,30.0,0,0.0,51,218.4,2.4,0.6,123.8,1.4,218.4,2.4,0.4
2017_04_JAX_NYJ,NYJ,140.0,1,140.0,1,1.0,175.0,0,0.0,52,215.2,1.8,0.8,116.4,1.4,215.2,1.8,0.4
2017_05_NYJ_CLE,NYJ,281.0,2,281.0,2,2.0,140.0,0,1.0,53,199.2,1.4,1.0,128.6,1.0,199.2,1.4,0.4
2017_06_NE_NYJ,NYJ,257.0,2,257.0,2,1.0,118.0,1,1.0,54,219.0,1.8,1.2,143.0,0.8,219.0,1.8,0.2
2017_07_NYJ_MIA,NYJ,326.0,4,326.0,4,2.0,53.0,0,0.0,55,225.6,1.8,1.2,128.6,0.8,225.6,1.8,0.4
2017_08_ATL_NYJ,NYJ,254.0,2,254.0,2,0.0,140.0,0,2.0,56,244.8,2.0,1.6,103.2,0.2,244.8,2.0,0.4
2017_09_BUF_NYJ,NYJ,285.0,2,285.0,2,0.0,63.0,1,3.0,57,251.6,2.2,1.2,125.2,0.2,251.6,2.2,0.8
2017_10_NYJ_TB,NYJ,187.0,1,187.0,1,1.0,90.0,0,0.0,58,280.6,2.4,1.0,102.8,0.4,280.6,2.4,1.4
2017_12_CAR_NYJ,NYJ,168.0,0,168.0,0,0.0,145.0,2,0.0,59,261.8,2.2,0.8,92.8,0.4,261.8,2.2,1.2
2017_13_KC_NYJ,NYJ,366.0,4,366.0,4,0.0,112.0,0,0.0,60,244.0,1.8,0.6,98.2,0.6,244.0,1.8,1.0
2017_14_NYJ_DEN,NYJ,200.0,1,200.0,1,0.0,84.0,1,0.0,61,252.0,1.8,0.2,110.0,0.6,252.0,1.8,1.0
2017_15_NYJ_NO,NYJ,281.0,2,281.0,2,1.0,131.0,2,2.0,62,241.2,1.6,0.2,98.8,0.8,241.2,1.6,0.6
2017_16_LAC_NYJ,NYJ,290.0,1,290.0,1,0.0,89.0,1,0.0,63,240.4,1.6,0.4,112.4,1.0,240.4,1.6,0.4
2017_17_NYJ_NE,NYJ,195.0,2,195.0,2,0.0,147.0,1,0.0,64,261.0,1.6,0.2,112.2,1.2,261.0,1.6,0.4
2018_01_NYJ_DET,NYJ,300.0,1,300.0,1,5.0,39.0,0,0.0,65,266.4,2.0,0.2,112.6,1.0,266.4,2.0,0.4
2018_02_MIA_NYJ,NYJ,168.0,2,168.0,2,0.0,135.0,1,1.0,66,253.2,1.4,1.2,98.0,1.0,253.2,1.4,0.4
2018_03_NYJ_CLE,NYJ,220.0,0,220.0,0,0.0,133.0,2,0.0,67,246.8,1.6,1.2,108.2,1.0,246.8,1.6,0.6
2018_04_NYJ_JAX,NYJ,388.0,2,388.0,2,1.0,126.0,1,2.0,68,234.6,1.2,1.0,108.6,1.0,234.6,1.2,0.2
2018_05_DEN_NYJ,NYJ,377.0,2,377.0,2,1.0,92.0,0,0.0,69,254.2,1.4,1.2,116.0,1.0,254.2,1.4,0.6
2018_06_IND_NYJ,NYJ,301.0,4,301.0,4,3.0,127.0,0,1.0,70,290.6,1.4,1.4,105.0,0.8,290.6,1.4,0.6
2018_07_MIN_NYJ,NYJ,241.0,2,241.0,2,0.0,88.0,2,0.0,71,290.8,2.0,1.0,122.6,0.8,290.8,2.0,0.8
2018_08_NYJ_CHI,NYJ,220.0,2,220.0,2,0.0,179.0,1,0.0,72,305.4,2.0,1.0,113.2,1.0,305.4,2.0,0.6
2018_09_NYJ_MIA,NYJ,139.0,0,139.0,0,0.0,64.0,0,0.0,73,305.4,2.4,1.0,122.4,0.8,305.4,2.4,0.6
2018_10_BUF_NYJ,NYJ,247.0,2,247.0,3,0.0,212.0,2,0.0,74,255.6,2.0,0.8,110.0,0.6,255.6,2.0,0.2
2018_12_NE_NYJ,NYJ,283.0,2,283.0,2,0.0,215.0,1,0.0,75,229.6,2.2,0.6,134.0,1.0,229.6,2.0,0.2
2018_13_NYJ_TEN,NYJ,282.0,2,282.0,2,1.0,130.0,1,0.0,76,226.0,1.8,0.0,151.6,1.2,226.0,1.6,0.0
2018_14_NYJ_BUF,NYJ,206.0,0,206.0,0,2.0,176.0,2,1.0,77,234.2,1.8,0.2,160.0,1.0,234.2,1.6,0.0
2018_15_HOU_NYJ,NYJ,294.0,2,294.0,2,0.0,47.0,0,0.0,78,231.4,1.4,0.6,159.4,1.2,231.4,1.2,0.2
2018_16_GB_NYJ,NYJ,442.0,2,442.0,2,0.0,127.0,3,0.0,79,262.4,1.8,0.6,156.0,1.2,262.4,1.6,0.2
2018_17_NYJ_NE,NYJ,250.0,4,250.0,4,0.0,131.0,0,0.0,80,301.4,1.6,0.6,139.0,1.4,301.4,1.6,0.2
2019_01_BUF_NYJ,NYJ,254.0,1,254.0,1,2.0,128.0,1,2.0,81,294.8,2.0,0.6,122.2,1.2,294.8,2.0,0.2
2019_02_CLE_NYJ,NYJ,325.0,1,325.0,1,1.0,70.0,1,0.0,82,289.2,1.8,0.8,121.8,1.2,289.2,1.8,0.6
2019_03_NYJ_NE,NYJ,320.0,2,320.0,2,1.0,68.0,2,0.0,83,313.0,2.0,0.6,100.6,1.0,313.0,2.0,0.4
2019_05_NYJ_PHI,NYJ,189.0,1,189.0,1,0.0,84.0,1,0.0,84,318.2,2.0,0.8,104.8,1.4,318.2,2.0,0.4
2019_06_DAL_NYJ,NYJ,278.0,0,278.0,0,0.0,129.0,2,0.0,85,267.6,1.8,0.8,96.2,1.0,267.6,1.8,0.4
2019_07_NE_NYJ,NYJ,249.0,1,249.0,1,1.0,74.0,3,0.0,86,273.2,1.0,0.8,95.8,1.4,273.2,1.0,0.4
2019_08_NYJ_JAX,NYJ,279.0,3,279.0,3,0.0,111.0,0,1.0,87,272.2,1.0,0.6,85.0,1.8,272.2,1.0,0.0
2019_09_NYJ_MIA,NYJ,288.0,3,288.0,3,0.0,50.0,0,0.0,88,263.0,1.4,0.4,93.2,1.6,263.0,1.4,0.2
2019_10_NYG_NYJ,NYJ,308.0,4,308.0,4,0.0,23.0,0,2.0,89,256.6,1.6,0.2,89.6,1.2,256.6,1.6,0.2
2019_11_NYJ_WAS,NYJ,214.0,2,214.0,2,1.0,54.0,0,0.0,90,280.4,2.2,0.2,77.4,1.0,280.4,2.2,0.6
2019_12_OAK_NYJ,NYJ,147.0,0,147.0,0,1.0,68.0,0,1.0,91,267.6,2.6,0.4,62.4,0.6,267.6,2.6,0.6
2019_13_NYJ_CIN,NYJ,243.0,1,243.0,1,0.0,44.0,1,0.0,92,247.2,2.4,0.4,61.2,0.0,247.2,2.4,0.8
2019_14_MIA_NYJ,NYJ,245.0,0,245.0,0,1.0,118.0,0,0.0,93,240.0,2.0,0.4,47.8,0.2,240.0,2.0,0.6
2019_15_NYJ_BAL,NYJ,212.0,5,212.0,5,0.0,218.0,1,0.0,94,231.4,1.4,0.6,61.4,0.2,231.4,1.4,0.6
2019_16_PIT_NYJ,NYJ,213.0,1,213.0,1,2.0,75.0,0,0.0,95,212.2,1.6,0.6,100.4,0.4,212.2,1.6,0.2
2019_17_NYJ_BUF,NYJ,237.0,0,237.0,0,2.0,73.0,0,1.0,96,212.0,1.4,0.8,104.6,0.4,212.0,1.4,0.2
2020_01_NYJ_BUF,NYJ,312.0,2,312.0,2,0.0,98.0,1,2.0,97,230.0,1.4,1.0,105.6,0.4,230.0,1.4,0.2
2020_02_SF_NYJ,NYJ,202.0,2,202.0,2,1.0,182.0,2,0.0,98,243.8,1.6,1.0,116.4,0.4,243.8,1.6,0.6
2020_03_NYJ_IND,NYJ,234.0,1,234.0,1,0.0,119.0,1,0.0,99,235.2,2.0,1.0,129.2,0.8,235.2,2.0,0.6
2020_04_DEN_NYJ,NYJ,242.0,2,242.0,2,3.0,117.0,2,0.0,100,239.6,1.2,1.0,109.4,0.8,239.6,1.2,0.6
2020_05_ARI_NYJ,NYJ,380.0,1,380.0,1,1.0,127.0,3,0.0,101,245.4,1.4,1.2,117.8,1.2,245.4,1.4,0.6
2020_06_NYJ_MIA,NYJ,200.0,3,200.0,3,2.0,110.0,0,0.0,102,274.0,1.6,1.0,128.6,1.8,274.0,1.6,0.4
2020_07_BUF_NYJ,NYJ,307.0,0,307.0,0,0.0,126.0,0,1.0,103,251.6,1.8,1.4,131.0,1.6,251.6,1.8,0.0
2020_08_NYJ_KC,NYJ,446.0,5,446.0,5,0.0,50.0,0,0.0,104,272.6,1.4,1.2,119.8,1.2,272.6,1.4,0.2
2020_09_NE_NYJ,NYJ,274.0,0,274.0,0,0.0,159.0,3,0.0,105,315.0,2.2,1.2,106.0,1.0,315.0,2.2,0.2
2020_11_NYJ_LAC,NYJ,366.0,3,366.0,3,0.0,29.0,0,1.0,106,321.4,1.8,0.6,114.4,1.2,321.4,1.8,0.2
2020_12_MIA_NYJ,NYJ,257.0,2,257.0,2,0.0,104.0,0,2.0,107,318.6,2.2,0.4,94.8,0.6,318.6,2.2,0.4
2020_13_LV_NYJ,NYJ,381.0,3,381.0,3,1.0,72.0,1,1.0,108,330.0,2.0,0.0,93.6,0.6,330.0,2.0,0.8
2020_14_NYJ_SEA,NYJ,239.0,4,239.0,4,1.0,174.0,1,0.0,109,344.8,2.6,0.2,82.8,0.8,344.8,2.6,0.8
2020_15_NYJ_LA,NYJ,209.0,2,209.0,2,1.0,114.0,0,0.0,110,303.4,2.4,0.4,107.6,1.0,303.4,2.4,0.8
2020_16_CLE_NYJ,NYJ,285.0,0,285.0,0,0.0,45.0,2,2.0,111,290.4,2.8,0.6,98.6,0.4,290.4,2.8,0.8
2020_17_NYJ_NE,NYJ,261.0,4,261.0,4,0.0,166.0,0,0.0,112,274.2,2.2,0.6,101.8,0.8,274.2,2.2,1.0
2021_01_NYJ_CAR,NYJ,279.0,1,279.0,1,0.0,111.0,1,1.0,113,275.0,2.6,0.6,114.2,0.8,275.0,2.6,0.6
2021_02_NE_NYJ,NYJ,186.0,0,186.0,0,0.0,101.0,2,0.0,114,254.6,2.2,0.4,122.0,0.8,254.6,2.2,0.6
2021_03_NYJ_DEN,NYJ,235.0,0,235.0,0,0.0,120.0,2,1.0,115,244.0,1.4,0.2,107.4,1.0,244.0,1.4,0.6
2021_04_TEN_NYJ,NYJ,298.0,1,298.0,1,0.0,177.0,1,0.0,116,249.2,1.0,0.0,108.6,1.4,249.2,1.0,0.8
2021_05_NYJ_ATL,NYJ,342.0,2,342.0,2,0.0,108.0,1,2.0,117,251.8,1.2,0.0,135.0,1.2,251.8,1.2,0.4
2021_07_NYJ_NE,NYJ,411.0,3,411.0,3,0.0,148.0,4,0.0,118,268.0,0.8,0.0,123.4,1.4,268.0,0.8,0.8
2021_08_CIN_NYJ,NYJ,305.0,3,305.0,3,1.0,41.0,1,0.0,119,294.4,1.2,0.0,130.8,2.0,294.4,1.2,0.6
2021_09_NYJ_IND,NYJ,272.0,3,272.0,3,0.0,260.0,3,0.0,120,318.2,1.8,0.2,118.8,1.8,318.2,1.8,0.6
2021_10_BUF_NYJ,NYJ,366.0,2,366.0,2,1.0,139.0,4,1.0,121,325.6,2.4,0.2,146.8,2.0,325.6,2.4,0.4
2021_11_MIA_NYJ,NYJ,273.0,2,273.0,2,1.0,115.0,1,0.0,122,339.2,2.6,0.4,139.2,2.6,339.2,2.6,0.6
2021_12_NYJ_HOU,NYJ,158.0,2,158.0,2,1.0,96.0,0,0.0,123,325.4,2.6,0.6,140.6,2.6,325.4,2.6,0.2
2021_13_PHI_NYJ,NYJ,242.0,2,242.0,2,0.0,185.0,1,0.0,124,274.8,2.4,0.8,130.2,1.8,274.8,2.4,0.2
2021_14_NO_NYJ,NYJ,175.0,0,175.0,0,0.0,203.0,3,0.0,125,262.2,2.2,0.6,159.0,1.8,262.2,2.2,0.2
2021_15_NYJ_MIA,NYJ,196.0,2,196.0,2,2.0,183.0,2,1.0,126,242.8,1.6,0.6,147.6,1.8,242.8,1.6,0.2
2021_16_JAX_NYJ,NYJ,280.0,0,280.0,0,0.0,132.0,1,1.0,127,208.8,1.6,0.8,156.4,1.4,208.8,1.6,0.2
2021_17_TB_NYJ,NYJ,410.0,3,410.0,3,1.0,62.0,0,0.0,128,210.2,1.2,0.6,159.8,1.4,210.2,1.2,0.4
2021_18_NYJ_BUF,NYJ,254.0,2,254.0,2,0.0,166.0,1,0.0,129,260.6,1.4,0.6,153.0,1.4,260.6,1.4,0.4
2022_01_BAL_NYJ,NYJ,213.0,3,213.0,3,1.0,63.0,0,0.0,130,263.0,1.4,0.6,149.2,1.4,263.0,1.4,0.4
2022_02_NYJ_CLE,NYJ,229.0,1,229.0,1,1.0,184.0,3,0.0,131,270.6,2.0,0.8,121.2,0.8,270.6,2.0,0.4
2022_03_CIN_NYJ,NYJ,275.0,3,275.0,3,0.0,69.0,0,1.0,132,277.2,1.8,0.6,121.4,1.0,277.2,1.8,0.2
2022_04_NYJ_PIT,NYJ,204.0,0,204.0,0,4.0,119.0,2,0.0,133,276.2,2.4,0.6,108.8,0.8,276.2,2.4,0.2
2022_05_MIA_NYJ,NYJ,166.0,0,166.0,0,1.0,137.0,2,1.0,134,235.0,1.8,1.2,120.2,1.2,235.0,1.8,0.2
2022_06_NYJ_GB,NYJ,254.0,1,254.0,1,0.0,60.0,0,1.0,135,217.4,1.4,1.4,114.4,1.4,217.4,1.4,0.4
2022_07_NYJ_DEN,NYJ,225.0,0,225.0,0,1.0,105.0,1,0.0,136,225.6,1.0,1.2,113.8,1.4,225.6,1.0,0.6
2022_08_NE_NYJ,NYJ,194.0,1,194.0,1,1.0,127.0,0,0.0,137,224.8,0.8,1.2,98.0,1.0,224.8,0.8,0.6
2022_09_BUF_NYJ,NYJ,205.0,0,205.0,0,2.0,134.0,2,0.0,138,208.6,0.4,1.4,109.6,1.0,208.6,0.4,0.4
2022_11_NYJ_NE,NYJ,246.0,0,246.0,0,0.0,99.0,0,0.0,139,208.8,0.4,1.0,112.6,1.0,208.8,0.4,0.4
2022_12_CHI_NYJ,NYJ,179.0,1,179.0,1,1.0,127.0,0,0.0,140,224.8,0.4,0.8,105.0,0.6,224.8,0.4,0.2
2022_13_NYJ_MIN,NYJ,173.0,1,173.0,1,0.0,128.0,2,0.0,141,209.8,0.4,1.0,118.4,0.6,209.8,0.4,0.0
2022_14_NYJ_BUF,NYJ,147.0,1,147.0,1,0.0,102.0,1,0.0,142,199.4,0.6,0.8,123.0,0.8,199.4,0.6,0.0
2022_15_DET_NYJ,NYJ,252.0,1,252.0,1,0.0,107.0,0,0.0,143,190.0,0.6,0.6,118.0,1.0,190.0,0.6,0.0
2022_16_JAX_NYJ,NYJ,229.0,0,229.0,0,0.0,147.0,1,1.0,144,199.4,0.8,0.2,112.6,0.6,199.4,0.8,0.0
2022_17_NYJ_SEA,NYJ,183.0,2,183.0,2,0.0,198.0,0,0.0,145,196.0,0.8,0.2,122.2,0.8,196.0,0.8,0.2
2022_18_NYJ_MIA,NYJ,152.0,0,152.0,0,0.0,162.0,0,0.0,146,196.8,1.0,0.0,136.4,0.8,196.8,1.0,0.2
2023_01_BUF_NYJ,NYJ,236.0,1,236.0,1,3.0,97.0,0,0.0,147,192.6,0.8,0.0,143.2,0.4,192.6,0.8,0.2
2023_02_NYJ_DAL,NYJ,255.0,2,255.0,2,0.0,134.0,0,0.0,148,210.4,0.8,0.6,142.2,0.2,210.4,0.8,0.2
2023_03_NE_NYJ,NYJ,201.0,1,201.0,1,0.0,157.0,0,0.0,149,211.0,1.0,0.6,147.6,0.2,211.0,1.0,0.2
2023_04_KC_NYJ,NYJ,203.0,1,203.0,1,2.0,204.0,1,0.0,150,205.4,1.2,0.6,149.6,0.0,205.4,1.2,0.0
2023_05_NYJ_DEN,NYJ,196.0,2,196.0,2,0.0,139.0,0,2.0,151,209.4,1.0,1.0,150.8,0.2,209.4,1.0,0.0
2023_06_PHI_NYJ,NYJ,280.0,1,280.0,1,3.0,80.0,1,1.0,152,218.2,1.4,1.0,146.2,0.2,218.2,1.4,0.4
2023_08_NYJ_NYG,NYJ,7.0,0,7.0,0,0.0,203.0,1,0.0,153,227.0,1.4,1.0,142.8,0.4,227.0,1.4,0.6
2023_09_LAC_NYJ,NYJ,136.0,0,136.0,0,0.0,84.0,2,0.0,154,177.4,1.0,1.0,156.6,0.6,177.4,1.0,0.6
2023_10_NYJ_LV,NYJ,153.0,1,153.0,1,1.0,148.0,0,1.0,155,164.4,0.8,1.0,142.0,1.0,164.4,0.8,0.6
2023_11_NYJ_BUF,NYJ,275.0,3,275.0,3,1.0,130.0,0,0.0,156,154.4,0.8,0.8,130.8,0.8,154.4,0.8,0.8
2023_12_MIA_NYJ,NYJ,243.0,1,243.0,1,2.0,167.0,2,1.0,157,170.2,1.0,1.0,129.0,0.8,170.2,1.0,0.4
2023_13_ATL_NYJ,NYJ,121.0,1,121.0,1,0.0,90.0,0,0.0,158,162.8,1.0,0.8,146.4,1.0,162.8,1.0,0.4
2023_14_HOU_NYJ,NYJ,95.0,0,95.0,0,0.0,81.0,1,0.0,159,185.6,1.2,0.8,123.8,0.8,185.6,1.2,0.4
2023_15_NYJ_MIA,NYJ,228.0,1,228.0,1,0.0,77.0,2,0.0,160,177.4,1.2,0.8,123.2,0.6,177.4,1.2,0.4
2023_16_WAS_NYJ,NYJ,156.0,1,156.0,1,2.0,102.0,3,0.0,161,192.4,1.2,0.6,109.0,1.0,192.4,1.2,0.2
2023_17_NYJ_CLE,NYJ,309.0,3,309.0,3,1.0,127.0,1,2.0,162,168.6,0.8,0.8,103.4,1.6,168.6,0.8,0.2
2023_18_NYJ_NE,NYJ,88.0,0,88.0,0,2.0,88.0,0,0.0,163,181.8,1.2,0.6,95.4,1.4,181.8,1.2,0.4
2024_01_NYJ_SF,NYJ,231.0,0,231.0,0,0.0,180.0,2,0.0,164,175.2,1.0,1.0,95.0,1.4,175.2,1.0,0.4
2024_02_NYJ_TEN,NYJ,192.0,1,192.0,1,1.0,130.0,1,1.0,165,202.4,1.0,1.0,114.8,1.6,202.4,1.0,0.4
2024_03_NE_NYJ,NYJ,120.0,0,120.0,0,0.0,78.0,0,1.0,166,195.2,1.0,1.2,125.4,1.4,195.2,1.0,0.6
2024_04_DEN_NYJ,NYJ,60.0,1,60.0,1,0.0,126.0,0,1.0,167,188.0,0.8,0.8,120.6,0.8,188.0,0.8,0.8
2024_05_NYJ_MIN,NYJ,203.0,0,203.0,0,1.0,82.0,1,1.0,168,138.2,0.4,0.6,120.4,0.6,138.2,0.4,0.6
2024_06_BUF_NYJ,NYJ,215.0,2,215.0,2,0.0,149.0,1,0.0,169,161.2,0.4,0.4,119.2,0.8,161.2,0.4,0.8
2024_07_NYJ_PIT,NYJ,264.0,2,264.0,2,0.0,149.0,2,0.0,170,158.0,0.8,0.4,113.0,0.6,158.0,0.8,0.8
2024_08_NYJ_NE,NYJ,155.0,0,155.0,0,0.0,112.0,3,0.0,171,172.4,1.0,0.2,116.8,0.8,172.4,1.0,0.6
2024_09_HOU_NYJ,NYJ,191.0,0,191.0,0,0.0,187.0,1,1.0,172,179.4,1.0,0.2,123.6,1.4,179.4,1.0,0.4
2024_10_NYJ_ARI,NYJ,266.0,1,266.0,1,0.0,147.0,3,0.0,173,205.6,0.8,0.2,135.8,1.6,205.6,0.8,0.4
2024_11_IND_NYJ,NYJ,272.0,1,272.0,1,0.0,91.0,2,1.0,174,218.2,1.0,0.0,148.8,2.0,218.2,1.0,0.2
2024_13_SEA_NYJ,NYJ,206.0,1,206.0,1,0.0,84.0,1,0.0,175,229.6,0.8,0.0,137.2,2.2,229.6,0.8,0.4
2024_14_NYJ_MIA,NYJ,331.0,2,331.0,2,0.0,44.0,1,0.0,176,218.0,0.6,0.0,124.2,2.0,218.0,0.6,0.4
2024_15_NYJ_JAX,NYJ,294.0,2,294.0,2,2.0,136.0,0,0.0,177,253.2,1.0,0.0,110.6,1.6,253.2,1.0,0.4
2024_16_LA_NYJ,NYJ,110.0,1,110.0,1,1.0,132.0,1,0.0,178,273.8,1.4,0.4,100.4,1.4,273.8,1.4,0.2
2024_17_NYJ_BUF,NYJ,251.0,3,251.0,3,0.0,97.0,2,0.0,179,242.6,1.4,0.6,97.4,1.0,242.6,1.4,0.2
2024_18_MIA_NYJ,NYJ,227.0,1,227.0,1,2.0,135.0,1,2.0,180,238.4,1.8,0.6,98.6,1.0,238.4,1.8,0.0
2014_01_JAX_PHI,PHI,266.0,2,266.0,2,0.0,64.0,0,1.0,1,,,,,,,,
2014_02_PHI_IND,PHI,172.0,3,172.0,3,1.0,169.0,0,1.0,2,266.0,2.0,0.0,64.0,0.0,266.0,2.0,1.0
2014_03_WAS_PHI,PHI,427.0,3,427.0,3,1.0,84.0,1,0.0,3,219.0,2.5,0.5,116.5,0.0,219.0,2.5,1.0
2014_04_PHI_SF,PHI,218.0,2,218.0,2,1.0,218.0,0,0.0,4,288.3333333333333,2.6666666666666665,0.6666666666666666,105.66666666666667,0.3333333333333333,288.3333333333333,2.6666666666666665,0.6666666666666666
2014_05_STL_PHI,PHI,375.0,3,375.0,3,0.0,125.0,1,3.0,5,270.75,2.5,0.75,133.75,0.25,270.75,2.5,0.5
2014_06_NYG_PHI,PHI,211.0,0,211.0,0,0.0,86.0,0,1.0,6,291.6,2.6,0.6,132.0,0.4,291.6,2.6,1.0
2014_08_PHI_ARI,PHI,329.0,2,329.0,2,0.0,71.0,1,1.0,7,280.6,2.2,0.6,136.4,0.4,280.6,2.2,1.0
2014_09_PHI_HOU,PHI,203.0,2,203.0,2,1.0,118.0,0,0.0,8,312.0,2.0,0.4,116.8,0.6,312.0,2.0,1.0
2014_10_CAR_PHI,PHI,306.0,2,306.0,2,3.0,102.0,1,2.0,9,267.2,1.8,0.4,123.6,0.4,267.2,1.8,1.0
2014_11_PHI_GB,PHI,367.0,3,367.0,3,0.0,110.0,1,0.0,10,284.8,1.8,0.8,100.4,0.6,284.8,1.8,1.4
2014_12_TEN_PHI,PHI,345.0,2,345.0,2,1.0,52.0,1,2.0,11,283.2,1.8,0.8,97.4,0.6,283.2,1.8,0.8
2014_13_PHI_DAL,PHI,199.0,0,199.0,0,2.0,93.0,1,1.0,12,310.0,2.2,1.0,90.6,0.8,310.0,2.2,1.0
2014_14_SEA_PHI,PHI,263.0,2,263.0,2,0.0,188.0,1,2.0,13,284.0,1.8,1.4,95.0,0.8,284.0,1.8,1.0
2014_15_DAL_PHI,PHI,265.0,3,265.0,3,0.0,115.0,2,1.0,14,296.0,1.8,1.2,109.0,1.0,296.0,1.8,1.4
2014_16_PHI_WAS,PHI,220.0,0,220.0,0,1.0,100.0,3,0.0,15,287.8,2.0,0.6,111.6,1.2,287.8,2.0,1.2
2014_17_PHI_NYG,PHI,429.0,1,429.0,1,1.0,76.0,1,0.0,16,258.4,1.4,0.8,109.6,1.6,258.4,1.4,1.2
2015_01_PHI_ATL,PHI,298.0,2,298.0,2,2.0,105.0,0,0.0,17,275.2,1.2,0.8,114.4,1.6,275.2,1.2,0.8
2015_02_DAL_PHI,PHI,268.0,1,268.0,1,0.0,109.0,0,2.0,18,295.0,1.6,0.8,116.8,1.4,295.0,1.6,0.6
2015_03_PHI_NYJ,PHI,283.0,2,283.0,2,3.0,47.0,0,1.0,19,296.0,1.4,0.8,101.0,1.2,296.0,1.4,0.6
2015_04_PHI_WAS,PHI,290.0,1,290.0,1,0.0,127.0,1,1.0,20,299.6,1.2,1.4,87.4,0.8,299.6,1.2,0.6
2015_05_NO_PHI,PHI,335.0,2,335.0,2,1.0,96.0,0,3.0,21,313.6,1.4,1.2,92.8,0.4,313.6,1.4,0.8
2015_06_NYG_PHI,PHI,189.0,1,189.0,1,2.0,81.0,0,1.0,22,294.8,1.6,1.2,96.8,0.2,294.8,1.6,1.4
2015_07_PHI_CAR,PHI,197.0,1,197.0,1,3.0,204.0,2,0.0,23,273.0,1.4,1.2,92.0,0.2,273.0,1.4,1.6
2015_09_PHI_DAL,PHI,299.0,3,299.0,3,1.0,134.0,0,0.0,24,258.8,1.4,1.8,111.0,0.6,258.8,1.4,1.2
2015_10_MIA_PHI,PHI,217.0,2,217.0,2,0.0,99.0,0,0.0,25,262.0,1.6,1.4,128.4,0.6,262.0,1.6,1.0
2015_11_TB_PHI,PHI,246.0,5,246.0,5,0.0,283.0,0,0.0,26,247.4,1.8,1.4,122.8,0.4,247.4,1.8,0.8
2015_12_PHI_DET,PHI,337.0,5,337.0,5,0.0,108.0,1,0.0,27,229.6,2.4,1.2,160.2,0.4,229.6,2.4,0.2
2015_13_PHI_NE,PHI,348.0,3,348.0,3,2.0,103.0,1,0.0,28,259.2,3.2,0.8,165.6,0.6,259.2,3.2,0.0
2015_14_BUF_PHI,PHI,268.0,1,268.0,1,1.0,152.0,1,0.0,29,289.4,3.6,0.6,145.4,0.4,289.4,3.6,0.0
2015_15_ARI_PHI,PHI,274.0,1,274.0,1,0.0,230.0,3,0.0,30,283.2,3.2,0.6,149.0,0.6,283.2,3.2,0.0
2015_16_WAS_PHI,PHI,365.0,4,365.0,4,0.0,67.0,0,0.0,31,294.6,3.0,0.6,175.2,1.2,294.6,3.0,0.0
2015_17_PHI_NYG,PHI,302.0,2,302.0,2,0.0,208.0,1,1.0,32,318.4,2.8,0.6,132.0,1.2,318.4,2.8,0.0
2016_01_CLE_PHI,PHI,190.0,0,190.0,0,1.0,120.0,1,0.0,33,311.4,2.2,0.6,152.0,1.2,311.4,2.2,0.2
2016_02_PHI_CHI,PHI,235.0,0,235.0,0,1.0,64.0,1,2.0,34,279.8,1.6,0.4,155.4,1.2,279.8,1.6,0.2
2016_03_PIT_PHI,PHI,257.0,0,257.0,0,1.0,29.0,0,1.0,35,273.2,1.4,0.4,137.8,1.2,273.2,1.4,0.6
2016_05_PHI_DET,PHI,180.0,3,180.0,3,0.0,80.0,0,1.0,36,269.8,1.2,0.6,97.6,0.6,269.8,1.2,0.8
2016_06_PHI_WAS,PHI,263.0,2,263.0,2,1.0,230.0,1,0.0,37,232.8,1.0,0.6,100.2,0.6,232.8,1.0,1.0
2016_07_MIN_PHI,PHI,224.0,1,224.0,1,1.0,93.0,0,2.0,38,225.0,1.0,0.8,104.6,0.6,225.0,1.0,0.8
2016_08_PHI_DAL,PHI,287.0,2,287.0,2,1.0,187.0,1,0.0,39,231.8,1.2,0.8,99.2,0.4,231.8,1.2,1.2
2016_09_PHI_NYG,PHI,257.0,4,257.0,4,2.0,54.0,0,0.0,40,242.2,1.6,0.8,123.8,0.4,242.2,1.6,0.8
2016_10_ATL_PHI,PHI,267.0,1,267.0,1,1.0,48.0,0,0.0,41,242.2,2.4,1.0,128.8,0.4,242.2,2.4,0.6
2016_11_PHI_SEA,PHI,287.0,2,287.0,2,0.0,152.0,1,0.0,42,259.6,2.0,1.2,122.4,0.4,259.6,2.0,0.4
2016_12_GB_PHI,PHI,313.0,2,313.0,2,0.0,74.0,1,0.0,43,264.4,2.0,1.0,106.8,0.4,264.4,2.0,0.4
2016_13_PHI_CIN,PHI,332.0,2,332.0,2,0.0,80.0,1,2.0,44,282.2,2.2,0.8,103.0,0.6,282.2,2.2,0.0
2016_14_WAS_PHI,PHI,234.0,2,234.0,2,1.0,107.0,2,0.0,45,291.2,2.2,0.6,81.6,0.6,291.2,2.2,0.4
2016_15_PHI_BAL,PHI,206.0,2,206.0,2,1.0,151.0,1,1.0,46,286.6,1.8,0.4,92.2,1.0,286.6,1.8,0.4
2016_16_NYG_PHI,PHI,356.0,1,356.0,1,3.0,114.0,0,0.0,47,274.4,2.0,0.4,112.8,1.2,274.4,2.0,0.6
2016_17_DAL_PHI,PHI,151.0,1,151.0,1,2.0,69.0,0,0.0,48,288.2,1.8,1.0,105.2,1.0,288.2,1.8,0.6
2017_01_PHI_WAS,PHI,240.0,1,240.0,1,1.0,64.0,0,2.0,49,255.8,1.6,1.4,104.2,0.8,255.8,1.6,0.6
2017_02_PHI_KC,PHI,251.0,1,251.0,1,0.0,112.0,2,0.0,50,237.4,1.4,1.6,101.0,0.6,237.4,1.4,0.6
2017_03_NYG_PHI,PHI,366.0,3,366.0,3,2.0,49.0,0,0.0,51,240.8,1.2,1.4,102.0,0.6,240.8,1.2,0.6
2017_04_PHI_LAC,PHI,347.0,2,347.0,2,0.0,58.0,1,1.0,52,272.8,1.4,1.6,81.6,0.4,272.8,1.4,0.4
2017_05_ARI_PHI,PHI,291.0,1,291.0,1,0.0,31.0,0,0.0,53,271.0,1.6,1.0,70.4,0.6,271.0,1.6,0.6
2017_06_PHI_CAR,PHI,239.0,1,239.0,1,3.0,80.0,1,0.0,54,299.0,1.6,0.6,62.8,0.6,299.0,1.6,0.6
2017_07_WAS_PHI,PHI,303.0,3,303.0,3,1.0,75.0,0,0.0,55,298.8,1.6,1.0,66.0,0.8,298.8,1.6,0.2
2017_08_SF_PHI,PHI,167.0,1,167.0,1,2.0,94.0,0,0.0,56,309.2,2.0,1.2,58.6,0.4,309.2,2.0,0.2
2017_09_DEN_PHI,PHI,208.0,1,208.0,1,2.0,35.0,0,0.0,57,269.4,1.6,1.2,67.6,0.4,269.4,1.6,0.2
2017_11_PHI_DAL,PHI,145.0,0,145.0,0,3.0,112.0,0,1.0,58,241.6,1.4,1.6,63.0,0.2,241.6,1.4,0.0
2017_12_CHI_PHI,PHI,147.0,0,147.0,0,2.0,6.0,0,0.0,59,212.4,1.2,2.2,79.2,0.2,212.4,1.2,0.2
2017_13_PHI_SEA,PHI,227.0,3,227.0,3,0.0,101.0,0,0.0,60,194.0,1.0,2.0,64.4,0.0,194.0,1.0,0.2
2017_14_PHI_LA,PHI,208.0,2,199.0,2,0.0,109.0,2,1.0,61,178.8,1.0,1.8,69.6,0.0,178.8,1.0,0.2
2017_15_PHI_NYG,PHI,434.0,3,434.0,3,1.0,75.0,1,0.0,62,185.2,1.2,1.4,72.6,0.4,187.0,1.2,0.4
2017_16_OAK_PHI,PHI,140.0,1,140.0,1,2.0,137.0,0,3.0,63,230.4,1.6,1.2,80.6,0.6,232.2,1.6,0.4
2017_17_DAL_PHI,PHI,179.0,1,179.0,1,0.0,129.0,0,0.0,64,229.4,1.8,1.0,85.6,0.6,231.2,1.8,0.8
2018_01_ATL_PHI,PHI,251.0,0,251.0,0,1.0,74.0,1,0.0,65,235.8,2.0,0.6,110.2,0.6,237.6,2.0,0.8
2018_02_PHI_TB,PHI,402.0,4,402.0,4,1.0,43.0,0,1.0,66,240.6,1.4,0.8,104.8,0.8,242.4,1.4,0.8
2018_03_IND_PHI,PHI,164.0,1,164.0,1,0.0,68.0,0,0.0,67,281.2,1.8,1.0,91.6,0.4,281.2,1.8,0.8
2018_04_PHI_TEN,PHI,344.0,2,344.0,2,1.0,70.0,1,0.0,68,227.2,1.4,0.8,90.2,0.2,227.2,1.4,0.8
2018_05_MIN_PHI,PHI,301.0,1,301.0,1,0.0,77.0,0,1.0,69,268.0,1.6,0.6,76.8,0.4,268.0,1.6,0.2
2018_06_PHI_NYG,PHI,281.0,0,281.0,0,1.0,147.0,1,0.0,70,292.4,1.6,0.6,66.4,0.4,292.4,1.6,0.4
2018_07_CAR_PHI,PHI,269.0,2,269.0,2,0.0,121.0,1,0.0,71,298.4,1.6,0.6,81.0,0.4,298.4,1.6,0.4
2018_08_PHI_JAX,PHI,286.0,1,286.0,1,0.0,70.0,0,1.0,72,271.8,1.2,0.4,96.6,0.6,271.8,1.2,0.2
2018_10_DAL_PHI,PHI,270.0,1,270.0,1,0.0,171.0,2,0.0,73,296.2,1.2,0.4,97.0,0.6,296.2,1.2,0.4
2018_11_PHI_NO,PHI,373.0,4,373.0,4,0.0,173.0,2,0.0,74,281.4,1.0,0.2,117.2,0.8,281.4,1.0,0.4
2018_12_NYG_PHI,PHI,297.0,1,297.0,1,1.0,126.0,1,0.0,75,295.8,1.6,0.2,136.4,1.2,295.8,1.6,0.2
2018_13_WAS_PHI,PHI,150.0,0,150.0,0,1.0,104.0,1,0.0,76,299.0,1.8,0.2,132.2,1.2,299.0,1.8,0.2
2018_14_PHI_DAL,PHI,455.0,3,455.0,3,2.0,142.0,0,1.0,77,275.2,1.4,0.4,128.8,1.2,275.2,1.4,0.2
2018_15_PHI_LA,PHI,339.0,0,339.0,0,1.0,82.0,2,0.0,78,309.0,1.8,0.8,143.2,1.2,309.0,1.8,0.2
2018_16_HOU_PHI,PHI,339.0,2,339.0,2,0.0,62.0,2,1.0,79,322.8,1.6,1.0,125.4,1.2,322.8,1.6,0.2
2018_17_PHI_WAS,PHI,98.0,0,98.0,0,1.0,21.0,0,0.0,80,316.0,1.2,1.0,103.2,1.2,316.0,1.2,0.4
2019_01_WAS_PHI,PHI,380.0,3,380.0,3,0.0,28.0,0,0.0,81,276.2,1.0,1.0,82.2,1.0,276.2,1.0,0.4
2019_02_PHI_ATL,PHI,320.0,3,320.0,3,3.0,57.0,0,0.0,82,322.2,1.6,0.8,67.0,0.8,322.2,1.6,0.4
2019_03_DET_PHI,PHI,201.0,1,201.0,1,0.0,86.0,1,0.0,83,295.2,1.6,1.0,50.0,0.8,295.2,1.6,0.2
2019_04_PHI_GB,PHI,422.0,2,422.0,2,1.0,77.0,1,1.0,84,267.6,1.8,0.8,50.8,0.6,267.6,1.8,0.2
2019_05_NYJ_PHI,PHI,120.0,0,120.0,0,2.0,67.0,1,1.0,85,284.2,1.8,1.0,53.8,0.4,284.2,1.8,0.2
2019_06_PHI_MIN,PHI,333.0,4,333.0,4,1.0,122.0,1,1.0,86,288.6,1.8,1.2,63.0,0.6,288.6,1.8,0.4
2019_07_PHI_DAL,PHI,239.0,1,239.0,1,1.0,189.0,3,0.0,87,279.2,2.0,1.4,81.8,0.8,279.2,2.0,0.6
2019_08_PHI_BUF,PHI,169.0,2,169.0,2,0.0,98.0,0,1.0,88,263.0,1.6,1.0,108.2,1.4,263.0,1.6,0.6
2019_09_CHI_PHI,PHI,125.0,0,125.0,0,0.0,62.0,2,0.0,89,256.6,1.8,1.0,110.6,1.2,256.6,1.8,0.8
2019_11_NE_PHI,PHI,231.0,1,231.0,1,0.0,74.0,0,0.0,90,197.2,1.4,0.8,107.6,1.4,197.2,1.4,0.6
2019_12_SEA_PHI,PHI,200.0,1,200.0,1,1.0,174.0,1,1.0,91,219.4,1.6,0.4,109.0,1.2,219.4,1.6,0.4
2019_13_PHI_MIA,PHI,366.0,4,366.0,4,1.0,58.0,1,0.0,92,192.8,1.0,0.4,119.4,1.2,192.8,1.0,0.4
2019_14_NYG_PHI,PHI,203.0,2,203.0,2,0.0,73.0,0,0.0,93,218.2,1.6,0.4,93.2,0.8,218.2,1.6,0.4
2019_15_PHI_WAS,PHI,261.0,2,261.0,2,0.0,101.0,1,1.0,94,225.0,1.6,0.4,88.2,0.8,225.0,1.6,0.2
2019_16_DAL_PHI,PHI,265.0,0,265.0,0,0.0,54.0,0,1.0,95,252.2,2.0,0.4,96.0,0.6,252.2,2.0,0.4
2019_17_PHI_NYG,PHI,301.0,1,301.0,1,1.0,122.0,1,0.0,96,259.0,1.8,0.4,92.0,0.6,259.0,1.8,0.6
2020_01_PHI_WAS,PHI,178.0,1,178.0,1,0.0,80.0,2,0.0,97,279.2,1.8,0.4,81.6,0.6,279.2,1.8,0.4
2020_02_LA_PHI,PHI,267.0,3,267.0,3,0.0,191.0,2,0.0,98,241.6,1.2,0.2,86.0,0.8,241.6,1.2,0.4
2020_03_CIN_PHI,PHI,312.0,2,312.0,2,0.0,48.0,0,0.0,99,254.4,1.4,0.2,109.6,1.2,254.4,1.4,0.4
2020_04_PHI_SF,PHI,338.0,1,338.0,1,2.0,116.0,2,1.0,100,264.6,1.4,0.2,99.0,1.0,264.6,1.4,0.2
2020_05_PHI_PIT,PHI,239.0,3,239.0,3,0.0,136.0,2,1.0,101,279.2,1.6,0.6,111.4,1.4,279.2,1.6,0.2
2020_06_BAL_PHI,PHI,186.0,1,186.0,1,0.0,182.0,2,0.0,102,266.8,2.0,0.4,114.2,1.6,266.8,2.0,0.4
2020_07_NYG_PHI,PHI,187.0,2,187.0,2,1.0,160.0,1,2.0,103,268.4,2.0,0.4,134.6,1.6,268.4,2.0,0.4
2020_08_DAL_PHI,PHI,180.0,0,180.0,0,0.0,133.0,0,2.0,104,252.4,1.8,0.6,128.4,1.4,252.4,1.8,0.8
2020_10_PHI_NYG,PHI,244.0,0,244.0,0,0.0,151.0,3,0.0,105,226.0,1.4,0.6,145.4,1.4,226.0,1.4,1.2
2020_11_PHI_CLE,PHI,204.0,0,204.0,0,0.0,137.0,1,1.0,106,207.2,1.2,0.2,152.4,1.6,207.2,1.2,1.0
2020_12_SEA_PHI,PHI,230.0,1,230.0,1,0.0,76.0,1,0.0,107,200.2,0.6,0.2,152.6,1.4,200.2,0.6,1.0
2020_13_PHI_GB,PHI,295.0,3,295.0,3,0.0,149.0,1,0.0,108,209.0,0.6,0.2,131.4,1.2,209.0,0.6,1.0
2020_14_NO_PHI,PHI,291.0,2,291.0,2,1.0,96.0,1,1.0,109,230.6,0.8,0.0,129.2,1.2,230.6,0.8,0.6
2020_15_PHI_ARI,PHI,432.0,3,432.0,3,1.0,103.0,1,2.0,110,252.8,1.2,0.2,121.8,1.4,252.8,1.2,0.4
2020_16_PHI_DAL,PHI,377.0,3,377.0,3,1.0,151.0,1,0.0,111,290.4,1.8,0.4,112.2,1.0,290.4,1.8,0.8
2020_17_WAS_PHI,PHI,162.0,2,162.0,2,2.0,103.0,0,0.0,112,325.0,2.4,0.6,115.0,1.0,325.0,2.4,0.6
2021_01_PHI_ATL,PHI,164.0,0,164.0,0,0.0,124.0,0,0.0,113,311.4,2.6,1.0,120.4,0.8,311.4,2.6,0.6
2021_02_SF_PHI,PHI,189.0,1,189.0,1,0.0,117.0,1,0.0,114,285.2,2.0,1.0,115.4,0.6,285.2,2.0,0.6
2021_03_PHI_DAL,PHI,238.0,3,238.0,3,0.0,160.0,2,1.0,115,264.8,1.8,0.8,119.6,0.6,264.8,1.8,0.4
2021_04_KC_PHI,PHI,278.0,5,278.0,5,1.0,200.0,1,0.0,116,226.0,1.8,0.6,131.0,0.8,226.0,1.8,0.2
2021_05_PHI_CAR,PHI,177.0,1,177.0,1,3.0,109.0,0,0.0,117,206.2,2.2,0.6,140.8,0.8,206.2,2.2,0.2
2021_06_TB_PHI,PHI,297.0,2,297.0,2,1.0,102.0,2,0.0,118,209.2,2.0,0.8,142.0,0.8,209.2,2.0,0.2
2021_07_PHI_LV,PHI,323.0,2,323.0,2,1.0,119.0,2,0.0,119,235.8,2.4,1.0,137.6,1.2,235.8,2.4,0.2
2021_08_PHI_DET,PHI,222.0,0,222.0,0,0.0,57.0,1,1.0,120,262.6,2.6,1.2,138.0,1.4,262.6,2.6,0.2
2021_09_LAC_PHI,PHI,356.0,2,356.0,2,0.0,89.0,1,0.0,121,259.4,2.0,1.2,117.4,1.2,259.4,2.0,0.2
2021_10_PHI_DEN,PHI,226.0,0,226.0,0,0.0,96.0,1,1.0,122,275.0,1.4,1.0,95.2,1.2,275.0,1.4,0.2
2021_11_NO_PHI,PHI,214.0,3,214.0,3,2.0,109.0,1,1.0,123,284.8,1.2,0.4,92.6,1.4,284.8,1.2,0.4
2021_12_PHI_NYG,PHI,202.0,1,202.0,1,0.0,70.0,0,0.0,124,268.2,1.4,0.6,94.0,1.2,268.2,1.4,0.6
2021_13_PHI_NYJ,PHI,226.0,2,226.0,2,1.0,70.0,1,0.0,125,244.0,1.2,0.4,84.2,0.8,244.0,1.2,0.6
2021_15_WAS_PHI,PHI,194.0,0,194.0,0,0.0,63.0,2,0.0,126,244.8,1.6,0.6,86.8,0.8,244.8,1.6,0.4
2021_16_NYG_PHI,PHI,118.0,1,118.0,1,2.0,84.0,0,0.0,127,212.4,1.2,0.6,81.6,1.0,212.4,1.2,0.4
2021_17_PHI_WAS,PHI,247.0,0,247.0,0,1.0,94.0,1,0.0,128,190.8,1.4,1.0,79.2,0.8,190.8,1.4,0.2
2021_18_DAL_PHI,PHI,305.0,5,305.0,5,0.0,171.0,2,0.0,129,197.4,0.8,0.8,76.2,0.8,197.4,0.8,0.0
2022_01_PHI_DET,PHI,215.0,2,215.0,2,1.0,181.0,3,0.0,130,218.0,1.6,0.8,96.4,1.2,218.0,1.6,0.0
2022_02_MIN_PHI,PHI,221.0,1,221.0,1,3.0,62.0,0,0.0,131,215.8,1.6,0.8,118.6,1.6,215.8,1.6,0.0
2022_03_PHI_WAS,PHI,211.0,0,211.0,0,0.0,87.0,1,1.0,132,221.2,1.8,1.4,118.4,1.2,221.2,1.8,0.0
2022_04_JAX_PHI,PHI,174.0,2,174.0,2,1.0,71.0,0,4.0,133,239.8,1.6,1.0,119.0,1.4,239.8,1.6,0.2
2022_05_PHI_ARI,PHI,250.0,1,250.0,1,1.0,124.0,1,0.0,134,225.2,2.0,1.0,114.4,1.2,225.2,2.0,1.0
2022_06_DAL_PHI,PHI,181.0,1,181.0,1,3.0,134.0,1,0.0,135,214.2,1.2,1.2,105.0,1.0,214.2,1.2,1.0
2022_08_PIT_PHI,PHI,196.0,1,196.0,1,1.0,144.0,0,1.0,136,207.4,1.0,1.6,95.6,0.6,207.4,1.0,1.0
2022_09_PHI_HOU,PHI,154.0,2,154.0,2,2.0,168.0,0,0.0,137,202.4,1.0,1.2,112.0,0.6,202.4,1.0,1.2
2022_10_WAS_PHI,PHI,211.0,0,211.0,0,1.0,152.0,2,1.0,138,191.0,1.4,1.6,128.2,0.4,191.0,1.4,1.0
2022_11_PHI_IND,PHI,213.0,0,213.0,0,0.0,99.0,1,1.0,139,198.4,1.0,1.6,144.4,0.8,198.4,1.0,0.4
2022_12_GB_PHI,PHI,253.0,3,253.0,3,2.0,106.0,1,0.0,140,191.0,0.8,1.4,139.4,0.8,191.0,0.8,0.6
2022_13_TEN_PHI,PHI,157.0,1,157.0,1,0.0,87.0,0,0.0,141,205.4,1.2,1.2,133.8,0.8,205.4,1.2,0.6
2022_14_PHI_NYG,PHI,216.0,2,216.0,2,0.0,123.0,1,1.0,142,197.6,1.2,1.0,122.4,0.8,197.6,1.2,0.4
2022_15_PHI_CHI,PHI,152.0,2,152.0,2,0.0,157.0,1,1.0,143,210.0,1.2,0.6,113.4,1.0,210.0,1.2,0.6
2022_16_PHI_DAL,PHI,347.0,3,347.0,3,1.0,115.0,1,0.0,144,198.2,1.6,0.4,114.4,0.8,198.2,1.6,0.6
2022_17_NO_PHI,PHI,229.0,0,229.0,0,1.0,129.0,1,0.0,145,225.0,2.2,0.6,117.6,0.8,225.0,2.2,0.4
2022_18_NYG_PHI,PHI,168.0,1,168.0,1,0.0,129.0,1,0.0,146,220.2,1.6,0.4,122.2,0.8,220.2,1.6,0.4
2023_01_PHI_NE,PHI,316.0,3,316.0,3,1.0,76.0,0,1.0,147,222.4,1.6,0.4,130.6,1.0,222.4,1.6,0.4
2023_02_MIN_PHI,PHI,364.0,4,364.0,4,0.0,28.0,0,2.0,148,242.4,1.8,0.6,121.2,0.8,242.4,1.8,0.4
2023_03_PHI_TB,PHI,146.0,1,146.0,1,1.0,41.0,0,1.0,149,284.8,2.2,0.6,95.4,0.6,284.8,2.2,0.6
2023_04_WAS_PHI,PHI,290.0,1,290.0,1,0.0,107.0,2,0.0,150,244.6,1.8,0.6,80.6,0.4,244.6,1.8,0.8
2023_05_PHI_LA,PHI,222.0,2,222.0,2,0.0,54.0,0,0.0,151,256.8,2.0,0.4,76.2,0.6,256.8,2.0,0.8
2023_06_PHI_NYJ,PHI,186.0,0,186.0,0,0.0,89.0,1,0.0,152,267.6,2.2,0.4,61.2,0.4,267.6,2.2,0.8
2023_07_MIA_PHI,PHI,216.0,1,216.0,1,1.0,45.0,0,0.0,153,241.6,1.6,0.2,63.8,0.6,241.6,1.6,0.6
2023_08_PHI_WAS,PHI,397.0,4,397.0,4,1.0,84.0,0,0.0,154,212.0,1.0,0.4,67.2,0.6,212.0,1.0,0.2
2023_09_DAL_PHI,PHI,374.0,3,374.0,3,0.0,73.0,0,1.0,155,262.2,1.6,0.4,75.8,0.6,262.2,1.6,0.0
2023_11_PHI_KC,PHI,177.0,2,177.0,2,1.0,168.0,0,1.0,156,279.0,2.0,0.4,69.0,0.2,279.0,2.0,0.2
2023_12_BUF_PHI,PHI,339.0,2,339.0,2,1.0,173.0,2,0.0,157,270.0,2.0,0.6,91.8,0.2,270.0,2.0,0.4
2023_13_SF_PHI,PHI,314.0,4,314.0,4,0.0,146.0,2,0.0,158,300.6,2.4,0.8,108.6,0.4,300.6,2.4,0.4
2023_14_PHI_DAL,PHI,271.0,2,271.0,2,0.0,138.0,1,1.0,159,320.2,3.0,0.6,128.8,0.8,320.2,3.0,0.4
2023_15_PHI_SEA,PHI,208.0,1,208.0,1,0.0,100.0,1,0.0,160,295.0,2.6,0.4,139.6,1.0,295.0,2.6,0.6
2023_16_NYG_PHI,PHI,188.0,1,188.0,1,1.0,106.0,1,0.0,161,261.8,2.2,0.4,145.0,1.2,261.8,2.2,0.4
2023_17_ARI_PHI,PHI,232.0,3,232.0,3,1.0,221.0,1,0.0,162,264.0,2.0,0.4,132.6,1.4,264.0,2.0,0.2
2023_18_PHI_NYG,PHI,311.0,1,311.0,1,1.0,109.0,2,0.0,163,242.6,2.2,0.4,142.2,1.2,242.6,2.2,0.2
2024_01_GB_PHI,PHI,260.0,2,260.0,2,1.0,163.0,1,0.0,164,242.0,1.6,0.6,134.8,1.2,242.0,1.6,0.2
2024_02_ATL_PHI,PHI,241.0,2,241.0,2,0.0,152.0,0,0.0,165,239.8,1.6,0.8,139.8,1.2,239.8,1.6,0.0
2024_03_PHI_NO,PHI,142.0,1,142.0,1,1.0,89.0,0,0.0,166,246.4,1.8,0.8,150.2,1.0,246.4,1.8,0.0
2024_04_PHI_TB,PHI,347.0,2,347.0,2,0.0,111.0,2,0.0,167,237.2,1.8,0.8,146.8,0.8,237.2,1.8,0.0
2024_06_CLE_PHI,PHI,168.0,0,168.0,0,0.0,100.0,0,0.0,168,260.2,1.6,0.6,124.8,1.0,260.2,1.6,0.0
2024_07_PHI_NYG,PHI,105.0,0,105.0,0,0.0,76.0,0,0.0,169,231.6,1.4,0.4,123.0,0.6,231.6,1.4,0.0
2024_08_PHI_CIN,PHI,234.0,1,234.0,1,1.0,58.0,1,1.0,170,200.6,1.0,0.2,105.6,0.4,200.6,1.0,0.0
2024_09_JAX_PHI,PHI,169.0,0,169.0,0,2.0,60.0,2,0.0,171,199.2,0.8,0.4,86.8,0.6,199.2,0.8,0.2
2024_10_PHI_DAL,PHI,66.0,0,66.0,0,1.0,97.0,0,4.0,172,204.6,0.6,0.6,81.0,1.0,204.6,0.6,0.2
2024_11_WAS_PHI,PHI,191.0,1,191.0,1,1.0,93.0,1,0.0,173,148.4,0.2,0.8,78.2,0.6,148.4,0.2,1.0
2024_12_PHI_LA,PHI,243.0,2,243.0,2,0.0,92.0,1,1.0,174,153.0,0.4,1.0,76.8,0.8,153.0,0.4,1.0
2024_13_PHI_BAL,PHI,237.0,2,237.0,2,0.0,166.0,0,0.0,175,180.6,0.8,1.0,80.0,1.0,180.6,0.8,1.2
2024_14_CAR_PHI,PHI,191.0,1,191.0,1,1.0,118.0,1,0.0,176,181.2,1.0,0.8,101.6,0.8,181.2,1.0,1.0
2024_15_PIT_PHI,PHI,128.0,1,128.0,1,0.0,56.0,0,1.0,177,185.6,1.2,0.6,113.2,0.6,185.6,1.2,1.0
2024_16_PHI_WAS,PHI,258.0,5,258.0,5,2.0,113.0,0,3.0,178,198.0,1.4,0.4,105.0,0.6,198.0,1.4,0.4
2024_17_DAL_PHI,PHI,148.0,1,148.0,1,2.0,127.0,0,2.0,179,211.4,2.2,0.6,109.0,0.4,211.4,2.2,1.0
2024_18_NYG_PHI,PHI,138.0,1,138.0,1,1.0,100.0,0,0.0,180,192.4,2.0,1.0,116.0,0.2,192.4,2.0,1.2
2014_01_CLE_PIT,PIT,222.0,1,222.0,1,0.0,191.0,2,0.0,1,,,,,,,,
2014_02_PIT_BAL,PIT,166.0,2,166.0,2,0.0,157.0,0,0.0,2,222.0,1.0,0.0,191.0,2.0,222.0,1.0,0.0
2014_03_PIT_CAR,PIT,330.0,2,330.0,2,0.0,42.0,0,1.0,3,194.0,1.5,0.0,174.0,1.0,194.0,1.5,0.0
2014_04_TB_PIT,PIT,302.0,2,302.0,2,1.0,63.0,1,0.0,4,239.33333333333334,1.6666666666666667,0.0,130.0,0.6666666666666666,239.33333333333334,1.6666666666666667,0.3333333333333333
2014_05_PIT_JAX,PIT,191.0,0,191.0,0,2.0,56.0,0,0.0,5,255.0,1.75,0.25,113.25,0.75,255.0,1.75,0.25
2014_06_PIT_CLE,PIT,217.0,1,217.0,1,0.0,158.0,3,1.0,6,242.2,1.4,0.6,101.8,0.6,242.2,1.4,0.2
2014_07_HOU_PIT,PIT,262.0,2,262.0,2,1.0,132.0,0,2.0,7,241.2,1.4,0.6,95.2,0.8,241.2,1.4,0.4
2014_08_IND_PIT,PIT,400.0,3,400.0,3,2.0,63.0,1,0.0,8,260.4,1.4,0.8,90.2,0.8,260.4,1.4,0.8
2014_09_BAL_PIT,PIT,303.0,2,303.0,2,1.0,63.0,0,1.0,9,274.4,1.6,1.2,94.4,1.0,274.4,1.6,0.6
2014_10_PIT_NYJ,PIT,132.0,2,132.0,2,0.0,150.0,0,0.0,10,274.6,1.6,1.2,94.4,0.8,274.6,1.6,0.8
2014_11_PIT_TEN,PIT,263.0,2,263.0,2,1.0,49.0,1,0.0,11,262.8,2.0,0.8,113.2,0.8,262.8,2.0,0.8
2014_13_NO_PIT,PIT,257.0,5,257.0,5,0.0,143.0,0,0.0,12,272.0,2.2,1.0,91.4,0.4,272.0,2.2,0.6
2014_14_PIT_CIN,PIT,327.0,2,327.0,2,0.0,86.0,1,2.0,13,271.0,2.8,0.8,93.6,0.4,271.0,2.8,0.2
2014_15_PIT_ATL,PIT,310.0,2,310.0,2,1.0,97.0,0,0.0,14,256.4,2.6,0.4,98.2,0.4,256.4,2.6,0.6
2014_16_KC_PIT,PIT,317.0,0,317.0,0,0.0,39.0,0,1.0,15,257.8,2.6,0.4,105.0,0.4,257.8,2.6,0.4
2014_17_CIN_PIT,PIT,244.0,2,244.0,2,2.0,116.0,0,1.0,16,294.8,2.2,0.4,82.8,0.4,294.8,2.2,0.6
2015_01_PIT_NE,PIT,288.0,4,288.0,4,0.0,80.0,0,0.0,17,291.0,2.2,0.6,96.2,0.2,291.0,2.2,0.8
2015_02_SF_PIT,PIT,335.0,2,335.0,2,0.0,111.0,0,1.0,18,297.2,2.0,0.6,83.6,0.2,297.2,2.0,0.8
2015_03_PIT_STL,PIT,197.0,0,197.0,0,1.0,71.0,0,0.0,19,298.8,2.0,0.6,88.6,0.0,298.8,2.0,0.6
2015_04_BAL_PIT,PIT,186.0,1,186.0,1,1.0,191.0,1,1.0,20,276.2,1.6,0.6,83.4,0.0,276.2,1.6,0.6
2015_05_PIT_SD,PIT,365.0,2,365.0,2,1.0,52.0,0,1.0,21,250.0,1.8,0.8,113.8,0.2,250.0,1.8,0.6
2015_06_ARI_PIT,PIT,421.0,1,421.0,1,2.0,55.0,0,1.0,22,274.2,1.8,0.6,101.0,0.2,274.2,1.8,0.6
2015_07_PIT_KC,PIT,251.0,1,251.0,1,0.0,138.0,1,0.0,23,300.8,1.2,1.0,96.0,0.2,300.8,1.2,0.8
2015_08_CIN_PIT,PIT,231.0,1,231.0,1,2.0,78.0,0,0.0,24,284.0,1.0,1.0,101.4,0.4,284.0,1.0,0.6
2015_09_OAK_PIT,PIT,301.0,4,301.0,4,1.0,139.0,1,1.0,25,290.8,1.2,1.2,102.8,0.4,290.8,1.2,0.6
2015_10_CLE_PIT,PIT,372.0,1,372.0,1,1.0,15.0,0,2.0,26,313.8,1.8,1.2,92.4,0.4,313.8,1.8,0.6
2015_12_PIT_SEA,PIT,345.0,5,345.0,5,0.0,100.0,1,0.0,27,315.2,1.6,1.2,85.0,0.4,315.2,1.6,0.8
2015_13_IND_PIT,PIT,220.0,1,220.0,1,2.0,54.0,0,1.0,28,300.0,2.4,0.8,94.0,0.6,300.0,2.4,0.6
2015_14_PIT_CIN,PIT,339.0,2,339.0,2,3.0,64.0,0,0.0,29,293.8,2.4,1.2,77.2,0.4,293.8,2.4,0.8
2015_15_DEN_PIT,PIT,296.0,3,296.0,3,1.0,104.0,1,1.0,30,315.4,2.6,1.4,74.4,0.4,315.4,2.6,0.8
2015_16_PIT_BAL,PIT,274.0,1,274.0,1,0.0,121.0,1,0.0,31,314.4,2.4,1.4,67.4,0.4,314.4,2.4,0.8
2015_17_PIT_CLE,PIT,240.0,0,240.0,0,2.0,86.0,0,1.0,32,294.8,2.4,1.2,88.6,0.6,294.8,2.4,0.4
2016_01_PIT_WAS,PIT,329.0,0,329.0,0,2.0,55.0,1,0.0,33,273.8,1.4,1.6,85.8,0.4,273.8,1.4,0.6
2016_02_CIN_PIT,PIT,366.0,1,366.0,1,0.0,46.0,0,2.0,34,295.6,1.2,1.6,86.0,0.6,295.6,1.2,0.4
2016_03_PIT_PHI,PIT,301.0,2,301.0,2,0.0,125.0,2,0.0,35,301.0,1.0,1.0,82.4,0.6,301.0,1.0,0.8
2016_04_KC_PIT,PIT,287.0,2,287.0,2,1.0,87.0,0,1.0,36,302.0,0.8,0.8,86.6,0.8,302.0,0.8,0.6
2016_05_NYJ_PIT,PIT,255.0,1,255.0,1,0.0,72.0,0,0.0,37,304.6,1.0,1.0,79.8,0.6,304.6,1.0,0.8
2016_06_PIT_MIA,PIT,252.0,0,252.0,0,0.0,222.0,3,0.0,38,307.6,1.2,0.6,77.0,0.6,307.6,1.2,0.6
2016_07_NE_PIT,PIT,222.0,2,222.0,2,0.0,140.0,2,1.0,39,292.2,1.2,0.2,110.4,1.0,292.2,1.2,0.6
2016_09_PIT_BAL,PIT,250.0,1,250.0,1,1.0,50.0,0,0.0,40,263.4,1.4,0.2,129.2,1.4,263.4,1.4,0.4
2016_10_DAL_PIT,PIT,319.0,2,319.0,2,0.0,127.0,2,1.0,41,253.2,1.2,0.4,114.2,1.0,253.2,1.2,0.4
2016_11_PIT_CLE,PIT,246.0,1,246.0,1,1.0,33.0,0,1.0,42,259.6,1.2,0.2,122.2,1.4,259.6,1.2,0.4
2016_12_PIT_IND,PIT,240.0,1,240.0,1,2.0,91.0,0,0.0,43,257.8,1.2,0.4,114.4,1.4,257.8,1.2,0.6
2016_13_NYG_PIT,PIT,195.0,2,195.0,2,2.0,56.0,0,0.0,44,255.4,1.4,0.8,88.2,0.8,255.4,1.4,0.6
2016_14_PIT_BUF,PIT,228.0,2,228.0,2,1.0,67.0,1,0.0,45,250.0,1.4,1.2,71.4,0.4,250.0,1.4,0.4
2016_15_PIT_CIN,PIT,157.0,0,157.0,0,1.0,76.0,2,0.0,46,245.6,1.6,1.2,74.8,0.6,245.6,1.6,0.4
2016_16_BAL_PIT,PIT,262.0,1,262.0,1,1.0,122.0,1,0.0,47,213.2,1.2,1.4,64.6,0.6,213.2,1.2,0.2
2016_17_CLE_PIT,PIT,232.0,2,232.0,2,1.0,231.0,1,2.0,48,216.4,1.2,1.4,82.4,0.8,216.4,1.2,0.0
2017_01_PIT_CLE,PIT,222.0,1,222.0,1,1.0,57.0,1,0.0,49,214.8,1.4,1.2,110.4,1.0,214.8,1.4,0.4
2017_02_MIN_PIT,PIT,167.0,0,167.0,0,0.0,91.0,1,1.0,50,220.2,1.2,1.0,110.6,1.2,220.2,1.2,0.4
2017_03_PIT_CHI,PIT,101.0,1,101.0,1,1.0,222.0,2,1.0,51,208.0,0.8,0.8,115.4,1.2,208.0,0.8,0.6
2017_04_PIT_BAL,PIT,235.0,1,235.0,1,2.0,82.0,0,1.0,52,196.8,1.0,0.8,144.6,1.2,196.8,1.0,0.8
2017_05_JAX_PIT,PIT,95.0,0,95.0,0,1.0,231.0,2,0.0,53,191.4,1.0,1.0,136.6,1.0,191.4,1.0,1.0
2017_06_PIT_KC,PIT,246.0,1,246.0,1,0.0,28.0,0,0.0,54,164.0,0.6,1.0,136.6,1.2,164.0,0.6,0.6
2017_07_CIN_PIT,PIT,140.0,2,140.0,2,2.0,71.0,0,0.0,55,168.8,0.6,0.8,130.8,1.0,168.8,0.6,0.6
2017_08_PIT_DET,PIT,423.0,0,423.0,0,0.0,71.0,0,1.0,56,163.4,1.0,1.2,126.8,0.8,163.4,1.0,0.4
2017_10_PIT_IND,PIT,222.0,2,222.0,2,1.0,71.0,0,0.0,57,227.8,0.8,1.0,96.6,0.4,227.8,0.8,0.4
2017_11_TEN_PIT,PIT,306.0,1,306.0,1,4.0,52.0,1,0.0,58,225.2,1.0,0.8,94.4,0.4,225.2,1.0,0.2
2017_12_GB_PIT,PIT,245.0,3,245.0,3,0.0,80.0,1,0.0,59,267.4,1.2,1.4,58.6,0.2,267.4,1.2,0.2
2017_13_PIT_CIN,PIT,234.0,2,234.0,2,0.0,130.0,0,0.0,60,267.2,1.6,1.4,69.0,0.4,267.2,1.6,0.2
2017_14_BAL_PIT,PIT,269.0,2,269.0,2,1.0,152.0,3,0.0,61,286.0,1.6,1.0,80.8,0.4,286.0,1.6,0.2
2017_15_NE_PIT,PIT,298.0,1,298.0,1,1.0,77.0,2,0.0,62,255.2,2.0,1.2,97.0,1.0,255.2,2.0,0.0
2017_16_PIT_HOU,PIT,93.0,1,93.0,1,1.0,176.0,0,1.0,63,270.4,1.8,1.2,98.2,1.4,270.4,1.8,0.0
2017_17_CLE_PIT,PIT,314.0,2,314.0,2,1.0,102.0,1,1.0,64,227.8,1.8,0.6,123.0,1.2,227.8,1.8,0.2
2018_01_PIT_CLE,PIT,197.0,1,197.0,1,1.0,177.0,2,0.0,65,241.6,1.6,0.8,127.4,1.2,241.6,1.6,0.4
2018_02_KC_PIT,PIT,326.0,6,326.0,6,0.0,127.0,0,1.0,66,234.2,1.4,1.0,136.8,1.6,234.2,1.4,0.4
2018_03_PIT_TB,PIT,411.0,3,411.0,3,3.0,63.0,0,1.0,67,245.6,2.2,0.8,131.8,1.0,245.6,2.2,0.6
2018_04_BAL_PIT,PIT,363.0,2,363.0,2,0.0,96.0,0,1.0,68,268.2,2.6,1.2,129.0,0.6,268.2,2.6,0.8
2018_05_ATL_PIT,PIT,305.0,1,305.0,1,0.0,62.0,1,1.0,69,322.2,2.8,1.0,113.0,0.6,322.2,2.8,0.8
2018_06_PIT_CIN,PIT,229.0,2,229.0,2,0.0,62.0,1,0.0,70,320.4,2.6,0.8,105.0,0.6,320.4,2.6,0.8
2018_08_CLE_PIT,PIT,180.0,2,180.0,2,1.0,74.0,0,0.0,71,326.8,2.8,0.6,82.0,0.4,326.8,2.8,0.8
2018_09_PIT_BAL,PIT,218.0,0,218.0,0,0.0,61.0,1,0.0,72,297.6,2.0,0.8,71.4,0.4,297.6,2.0,0.6
2018_10_CAR_PIT,PIT,193.0,2,193.0,2,1.0,95.0,1,0.0,73,259.0,1.4,0.2,71.0,0.6,259.0,1.4,0.4
2018_11_PIT_JAX,PIT,104.0,0,104.0,0,0.0,179.0,1,1.0,74,225.0,1.4,0.4,70.8,0.8,225.0,1.4,0.2
2018_12_PIT_DEN,PIT,197.0,2,197.0,2,0.0,124.0,1,0.0,75,184.8,1.2,0.4,94.2,0.8,184.8,1.2,0.2
2018_13_LAC_PIT,PIT,299.0,2,299.0,2,0.0,85.0,1,0.0,76,178.4,1.2,0.4,106.6,0.8,178.4,1.2,0.2
2018_14_PIT_OAK,PIT,322.0,2,322.0,2,0.0,55.0,1,1.0,77,202.2,1.2,0.2,108.8,1.0,202.2,1.2,0.2
2018_15_NE_PIT,PIT,279.0,1,279.0,1,1.0,96.0,0,0.0,78,223.0,1.6,0.2,107.6,1.0,223.0,1.6,0.4
2018_16_PIT_NO,PIT,326.0,1,326.0,1,1.0,57.0,3,0.0,79,240.2,1.4,0.2,107.8,0.8,240.2,1.4,0.4
2018_17_CIN_PIT,PIT,95.0,0,95.0,0,0.0,125.0,0,0.0,80,284.6,1.6,0.4,83.4,1.2,284.6,1.6,0.2
2019_01_PIT_NE,PIT,373.0,3,373.0,3,0.0,99.0,0,0.0,81,264.2,1.2,0.4,83.6,1.0,264.2,1.2,0.2
2019_02_SEA_PIT,PIT,300.0,3,300.0,3,0.0,151.0,1,2.0,82,279.0,1.4,0.4,86.4,0.8,279.0,1.4,0.2
2019_03_PIT_SF,PIT,277.0,1,277.0,1,2.0,168.0,2,2.0,83,274.6,1.6,0.4,105.6,0.8,274.6,1.6,0.4
2019_04_CIN_PIT,PIT,171.0,0,171.0,0,1.0,73.0,0,1.0,84,274.2,1.6,0.6,120.0,1.2,274.2,1.6,0.8
2019_05_BAL_PIT,PIT,161.0,1,161.0,1,3.0,138.0,1,0.0,85,243.2,1.4,0.6,123.2,0.6,243.2,1.4,1.0
2019_06_PIT_LAC,PIT,320.0,2,320.0,2,2.0,32.0,0,1.0,86,256.4,1.6,1.2,125.8,0.8,256.4,1.6,1.0
2019_08_MIA_PIT,PIT,190.0,2,190.0,2,2.0,60.0,0,2.0,87,245.8,1.4,1.6,112.4,0.8,245.8,1.4,1.2
2019_09_IND_PIT,PIT,227.0,3,227.0,3,1.0,139.0,0,1.0,88,223.8,1.2,2.0,94.2,0.6,223.8,1.2,1.2
2019_10_LA_PIT,PIT,243.0,0,243.0,0,3.0,88.0,0,1.0,89,213.8,1.6,1.8,88.4,0.2,213.8,1.6,1.0
2019_11_PIT_CLE,PIT,193.0,2,193.0,2,0.0,104.0,1,0.0,90,228.2,1.6,2.2,91.4,0.2,228.2,1.6,1.0
2019_12_PIT_CIN,PIT,192.0,1,192.0,1,0.0,86.0,0,2.0,91,234.6,1.8,1.6,84.6,0.2,234.6,1.8,1.0
2019_13_CLE_PIT,PIT,196.0,1,196.0,1,1.0,106.0,0,1.0,92,209.0,1.6,1.2,95.4,0.2,209.0,1.6,1.2
2019_14_PIT_ARI,PIT,194.0,2,194.0,2,3.0,71.0,0,0.0,93,210.2,1.4,1.0,104.6,0.2,210.2,1.4,1.0
2019_15_BUF_PIT,PIT,139.0,1,139.0,1,1.0,130.0,1,1.0,94,203.6,1.2,1.4,91.0,0.2,203.6,1.2,0.8
2019_16_PIT_NYJ,PIT,183.0,1,183.0,1,0.0,85.0,0,1.0,95,182.8,1.4,1.0,99.4,0.4,182.8,1.4,0.8
2019_17_PIT_BAL,PIT,96.0,0,96.0,0,1.0,223.0,1,1.0,96,180.8,1.2,1.0,95.6,0.2,180.8,1.2,1.0
2020_01_PIT_NYG,PIT,279.0,2,279.0,2,2.0,29.0,0,0.0,97,161.6,1.0,1.2,123.0,0.4,161.6,1.0,0.8
2020_02_DEN_PIT,PIT,276.0,2,276.0,2,1.0,104.0,0,1.0,98,178.2,1.2,1.4,107.6,0.4,178.2,1.2,0.6
2020_03_HOU_PIT,PIT,264.0,2,264.0,2,1.0,29.0,1,0.0,99,194.6,1.2,1.0,114.2,0.4,194.6,1.2,0.8
2020_05_PHI_PIT,PIT,276.0,2,276.0,2,2.0,94.0,2,0.0,100,219.6,1.4,1.0,94.0,0.4,219.6,1.4,0.6
2020_06_CLE_PIT,PIT,165.0,1,165.0,1,2.0,75.0,0,0.0,101,238.2,1.6,1.4,95.8,0.8,238.2,1.6,0.4
2020_07_PIT_TEN,PIT,220.0,2,220.0,2,0.0,82.0,1,0.0,102,252.0,1.8,1.6,66.2,0.6,252.0,1.8,0.2
2020_08_PIT_BAL,PIT,208.0,2,208.0,2,2.0,265.0,1,2.0,103,240.2,1.8,1.2,76.8,0.8,240.2,1.8,0.2
2020_09_PIT_DAL,PIT,243.0,1,243.0,1,1.0,144.0,0,1.0,104,226.6,1.8,1.4,109.0,1.0,226.6,1.8,0.4
2020_10_CIN_PIT,PIT,213.0,1,213.0,1,0.0,139.0,0,1.0,105,222.4,1.6,1.4,132.0,0.8,222.4,1.6,0.6
2020_11_PIT_JAX,PIT,151.0,0,151.0,0,4.0,73.0,0,0.0,106,209.8,1.4,1.0,141.0,0.4,209.8,1.4,0.8
2020_12_BAL_PIT,PIT,110.0,1,110.0,1,1.0,129.0,1,1.0,107,207.0,1.2,1.4,140.6,0.4,207.0,1.2,0.8
2020_13_WAS_PIT,PIT,296.0,1,296.0,1,0.0,45.0,1,0.0,108,185.0,1.0,1.6,150.0,0.4,185.0,1.0,1.0
2020_14_PIT_BUF,PIT,238.0,2,238.0,2,1.0,104.0,0,1.0,109,202.6,0.8,1.2,106.0,0.4,202.6,0.8,0.6
2020_15_PIT_CIN,PIT,89.0,1,89.0,1,0.0,152.0,2,0.0,110,201.6,1.0,1.2,98.0,0.4,201.6,1.0,0.6
2020_16_IND_PIT,PIT,270.0,1,270.0,1,1.0,127.0,2,1.0,111,176.8,1.0,1.2,100.6,0.8,176.8,1.0,0.4
2020_17_PIT_CLE,PIT,196.0,1,196.0,1,0.0,192.0,2,0.0,112,200.6,1.2,0.6,111.4,1.2,200.6,1.2,0.6
2021_01_PIT_BUF,PIT,270.0,1,270.0,1,0.0,117.0,0,1.0,113,217.8,1.2,0.4,124.0,1.4,217.8,1.2,0.4
2021_02_LV_PIT,PIT,382.0,2,382.0,2,0.0,52.0,0,0.0,114,212.6,1.2,0.4,138.4,1.2,212.6,1.2,0.6
2021_03_CIN_PIT,PIT,172.0,3,172.0,3,1.0,96.0,0,0.0,115,241.4,1.2,0.2,128.0,1.2,241.4,1.2,0.4
2021_04_PIT_GB,PIT,248.0,2,248.0,2,0.0,131.0,1,1.0,116,258.0,1.6,0.4,116.8,0.8,258.0,1.6,0.4
2021_05_DEN_PIT,PIT,288.0,2,288.0,2,1.0,106.0,0,0.0,117,253.6,1.8,0.2,117.6,0.6,253.6,1.8,0.4
2021_06_SEA_PIT,PIT,209.0,1,209.0,1,0.0,144.0,1,1.0,118,272.0,2.0,0.4,100.4,0.2,272.0,2.0,0.4
2021_08_PIT_CLE,PIT,225.0,0,225.0,0,0.0,96.0,1,1.0,119,259.8,2.0,0.4,105.8,0.4,259.8,2.0,0.4
2021_09_CHI_PIT,PIT,291.0,1,291.0,1,1.0,136.0,1,0.0,120,228.4,1.6,0.4,114.6,0.6,228.4,1.6,0.6
2021_10_DET_PIT,PIT,114.0,0,114.0,0,0.0,229.0,2,0.0,121,252.2,1.2,0.4,122.6,0.8,252.2,1.2,0.6
2021_11_PIT_LAC,PIT,382.0,3,382.0,3,1.0,159.0,2,0.0,122,225.4,0.8,0.4,142.2,1.0,225.4,0.8,0.4
2021_12_PIT_CIN,PIT,190.0,1,190.0,1,1.0,198.0,3,0.0,123,244.2,1.0,0.4,152.8,1.4,244.2,1.0,0.4
2021_13_BAL_PIT,PIT,253.0,1,253.0,1,1.0,107.0,1,0.0,124,240.4,1.0,0.6,163.6,1.8,240.4,1.0,0.2
2021_14_PIT_MIN,PIT,216.0,2,216.0,2,2.0,242.0,2,0.0,125,246.0,1.2,0.8,165.8,1.8,246.0,1.2,0.0
2021_15_TEN_PIT,PIT,153.0,0,153.0,0,1.0,201.0,1,3.0,126,231.0,1.4,1.0,187.0,2.0,231.0,1.4,0.0
2021_16_PIT_KC,PIT,258.0,3,258.0,3,0.0,127.0,1,0.0,127,238.8,1.4,1.2,181.4,1.8,238.8,1.4,0.6
2021_17_CLE_PIT,PIT,185.0,2,185.0,2,2.0,93.0,0,0.0,128,214.0,1.4,1.0,175.0,1.6,214.0,1.4,0.6
2021_18_PIT_BAL,PIT,141.0,0,141.0,0,2.0,249.0,1,0.0,129,213.0,1.6,1.2,154.0,1.0,213.0,1.6,0.6
2022_01_PIT_CIN,PIT,338.0,2,338.0,2,4.0,133.0,0,1.0,130,190.6,1.4,1.4,182.4,1.0,190.6,1.4,0.6
2022_02_NE_PIT,PIT,252.0,1,252.0,1,1.0,124.0,1,0.0,131,215.0,1.4,1.8,160.6,0.6,215.0,1.4,0.8
2022_03_PIT_CLE,PIT,220.0,2,220.0,2,0.0,171.0,1,0.0,132,234.8,1.6,1.8,145.2,0.6,234.8,1.6,0.2
2022_04_NYJ_PIT,PIT,254.0,2,254.0,2,2.0,98.0,1,0.0,133,227.2,1.4,1.8,154.0,0.6,227.2,1.4,0.2
2022_05_PIT_BUF,PIT,432.0,4,432.0,4,1.0,120.0,1,1.0,134,241.0,1.4,1.8,155.0,0.8,241.0,1.4,0.2
2022_06_TB_PIT,PIT,243.0,1,243.0,1,0.0,75.0,0,0.0,135,299.2,2.2,1.6,129.2,0.8,299.2,2.2,0.4
2022_07_PIT_MIA,PIT,261.0,1,261.0,1,0.0,111.0,0,0.0,136,280.2,2.0,0.8,117.6,0.8,280.2,2.0,0.2
2022_08_PIT_PHI,PIT,308.0,4,308.0,4,0.0,111.0,1,0.0,137,282.0,2.0,0.6,115.0,0.6,282.0,2.0,0.2
2022_10_NO_PIT,PIT,174.0,1,174.0,1,2.0,29.0,0,0.0,138,299.6,2.4,0.6,103.0,0.6,299.6,2.4,0.2
2022_11_CIN_PIT,PIT,355.0,4,355.0,4,2.0,62.0,0,0.0,139,283.6,2.2,0.6,89.2,0.4,283.6,2.2,0.2
2022_12_PIT_IND,PIT,199.0,1,199.0,1,1.0,110.0,1,1.0,140,268.2,2.2,0.8,77.6,0.2,268.2,2.2,0.0
2022_13_PIT_ATL,PIT,167.0,1,167.0,1,1.0,146.0,0,0.0,141,259.4,2.2,1.0,84.6,0.4,259.4,2.2,0.2
2022_14_BAL_PIT,PIT,104.0,0,104.0,0,0.0,215.0,1,0.0,142,240.6,2.2,1.2,91.6,0.4,240.6,2.2,0.2
2022_15_PIT_CAR,PIT,225.0,1,225.0,1,0.0,21.0,0,0.0,143,199.8,1.4,1.2,112.4,0.4,199.8,1.4,0.2
2022_16_LV_PIT,PIT,174.0,1,174.0,1,3.0,58.0,0,0.0,144,210.0,1.4,0.8,110.8,0.4,210.0,1.4,0.2
2022_17_PIT_BAL,PIT,130.0,1,130.0,1,1.0,120.0,0,0.0,145,173.8,0.8,1.0,110.0,0.4,173.8,0.8,0.2
2022_18_CLE_PIT,PIT,230.0,2,230.0,2,2.0,134.0,0,0.0,146,160.0,0.8,1.0,112.0,0.2,160.0,0.8,0.0
2023_01_SF_PIT,PIT,220.0,2,220.0,2,0.0,188.0,1,1.0,147,172.6,1.0,1.2,109.6,0.2,172.6,1.0,0.0
2023_02_CLE_PIT,PIT,235.0,1,235.0,1,1.0,198.0,1,3.0,148,195.8,1.4,1.2,104.2,0.2,195.8,1.4,0.2
2023_03_PIT_LV,PIT,324.0,2,324.0,2,3.0,69.0,0,0.0,149,197.8,1.4,1.4,139.6,0.4,197.8,1.4,0.8
2023_04_PIT_HOU,PIT,312.0,3,312.0,3,0.0,139.0,0,0.0,150,227.8,1.6,1.4,141.8,0.4,227.8,1.6,0.8
2023_05_BAL_PIT,PIT,236.0,0,236.0,0,1.0,125.0,1,2.0,151,264.2,2.0,1.2,145.6,0.4,264.2,2.0,0.8
2023_07_PIT_LA,PIT,231.0,1,231.0,1,1.0,135.0,1,0.0,152,265.4,1.6,1.0,143.8,0.6,265.4,1.6,1.2
2023_08_JAX_PIT,PIT,292.0,1,292.0,1,1.0,106.0,0,2.0,153,267.6,1.4,1.2,133.2,0.6,267.6,1.4,1.0
2023_09_TEN_PIT,PIT,262.0,0,262.0,0,1.0,105.0,1,0.0,154,279.0,1.4,1.2,114.8,0.4,279.0,1.4,0.8
2023_10_GB_PIT,PIT,289.0,2,289.0,2,2.0,116.0,0,0.0,155,266.6,1.0,0.8,122.0,0.6,266.6,1.0,0.8
2023_11_PIT_CLE,PIT,165.0,0,165.0,0,1.0,96.0,1,0.0,156,262.0,0.8,1.2,117.4,0.6,262.0,0.8,0.8
2023_12_PIT_CIN,PIT,227.0,1,227.0,1,1.0,25.0,0,0.0,157,247.8,0.8,1.2,111.6,0.6,247.8,0.8,0.4
2023_13_ARI_PIT,PIT,145.0,1,145.0,1,0.0,150.0,2,0.0,158,247.0,0.8,1.2,89.6,0.4,247.0,0.8,0.4
2023_14_NE_PIT,PIT,240.0,3,240.0,3,1.0,81.0,0,0.0,159,217.6,0.8,1.0,98.4,0.8,217.6,0.8,0.0
2023_15_PIT_IND,PIT,215.0,3,215.0,3,0.0,170.0,0,0.0,160,213.2,1.4,1.0,93.6,0.6,213.2,1.4,0.0
2023_16_CIN_PIT,PIT,335.0,1,335.0,1,3.0,59.0,0,0.0,161,198.4,1.6,0.6,104.4,0.6,198.4,1.6,0.0
2023_17_PIT_SEA,PIT,290.0,1,290.0,1,0.0,88.0,1,1.0,162,232.4,1.8,1.0,97.0,0.4,232.4,1.8,0.0
2023_18_PIT_BAL,PIT,146.0,1,146.0,1,0.0,106.0,0,2.0,163,245.0,1.8,0.8,109.6,0.6,245.0,1.8,0.2
2024_01_PIT_ATL,PIT,155.0,1,155.0,1,2.0,89.0,0,0.0,164,245.2,1.8,0.8,100.8,0.2,245.2,1.8,0.6
2024_02_PIT_DEN,PIT,246.0,0,246.0,0,2.0,64.0,0,0.0,165,228.2,1.4,1.0,102.4,0.2,228.2,1.4,0.6
2024_03_LAC_PIT,PIT,149.0,1,149.0,1,0.0,61.0,0,0.0,166,234.4,0.8,1.4,81.2,0.2,234.4,0.8,0.6
2024_04_PIT_IND,PIT,239.0,2,239.0,2,0.0,133.0,1,0.0,167,197.2,0.8,0.8,81.6,0.2,197.2,0.8,0.6
2024_05_DAL_PIT,PIT,352.0,2,352.0,2,2.0,109.0,0,1.0,168,187.0,1.0,0.8,90.6,0.2,187.0,1.0,0.4
2024_06_PIT_LV,PIT,227.0,1,227.0,1,1.0,57.0,1,2.0,169,228.2,1.2,1.2,91.2,0.2,228.2,1.2,0.2
2024_07_NYJ_PIT,PIT,276.0,1,276.0,1,2.0,54.0,1,0.0,170,242.6,1.2,1.0,84.8,0.4,242.6,1.2,0.6
2024_08_NYG_PIT,PIT,264.0,0,264.0,0,1.0,157.0,1,1.0,171,248.6,1.4,1.0,82.8,0.6,248.6,1.4,0.6
2024_10_PIT_WAS,PIT,202.0,0,202.0,0,0.0,60.0,3,0.0,172,271.6,1.2,1.2,102.0,0.8,271.6,1.2,0.8
2024_11_BAL_PIT,PIT,207.0,1,207.0,1,1.0,124.0,1,2.0,173,264.2,0.8,1.2,87.4,1.2,264.2,0.8,0.8
2024_12_PIT_CLE,PIT,219.0,0,219.0,0,1.0,85.0,3,2.0,174,235.2,0.6,1.0,90.4,1.4,235.2,0.6,1.0
2024_13_PIT_CIN,PIT,309.0,3,309.0,3,1.0,93.0,1,2.0,175,233.6,0.4,1.0,96.0,1.8,233.6,0.4,1.0
2024_14_CLE_PIT,PIT,212.0,2,212.0,2,2.0,104.0,0,0.0,176,240.2,0.8,0.8,103.8,1.8,240.2,0.8,1.4
2024_15_PIT_PHI,PIT,290.0,2,290.0,2,0.0,131.0,1,1.0,177,229.8,1.2,1.0,93.2,1.6,229.8,1.2,1.2
2024_16_PIT_BAL,PIT,207.0,3,207.0,3,1.0,220.0,0,0.0,178,247.4,1.6,1.0,107.4,1.2,247.4,1.6,1.4
2024_17_KC_PIT,PIT,320.0,3,320.0,3,0.0,69.0,1,0.0,179,247.4,2.0,1.0,126.6,1.0,247.4,2.0,1.0
2024_18_CIN_PIT,PIT,277.0,1,277.0,1,1.0,68.0,0,0.0,180,267.6,2.6,0.8,123.4,0.6,267.6,2.6,0.6
2014_01_GB_SEA,SEA,189.0,1,189.0,1,1.0,80.0,1,0.0,1,,,,,,,,
2014_02_SEA_SD,SEA,284.0,3,284.0,3,0.0,101.0,0,0.0,2,189.0,1.0,1.0,80.0,1.0,189.0,1.0,0.0
2014_03_DEN_SEA,SEA,303.0,2,303.0,2,1.0,36.0,0,1.0,3,236.5,2.0,0.5,90.5,0.5,236.5,2.0,0.0
2014_05_SEA_WAS,SEA,283.0,2,283.0,2,0.0,32.0,0,0.0,4,258.6666666666667,2.0,0.6666666666666666,72.33333333333333,0.3333333333333333,258.6666666666667,2.0,0.3333333333333333
2014_06_DAL_SEA,SEA,250.0,2,250.0,2,0.0,162.0,1,1.0,5,264.75,2.0,0.5,62.25,0.25,264.75,2.0,0.25
2014_07_SEA_STL,SEA,173.0,2,173.0,2,0.0,102.0,1,0.0,6,261.8,2.0,0.4,82.2,0.4,261.8,2.0,0.4
2014_08_SEA_CAR,SEA,171.0,0,171.0,0,1.0,114.0,0,1.0,7,258.6,2.2,0.2,86.6,0.4,258.6,2.2,0.4
2014_09_OAK_SEA,SEA,194.0,2,194.0,2,2.0,37.0,0,0.0,8,236.0,1.6,0.4,89.2,0.4,236.0,1.6,0.6
2014_10_NYG_SEA,SEA,283.0,1,283.0,1,1.0,54.0,1,1.0,9,214.2,1.6,0.6,89.4,0.4,214.2,1.6,0.4
2014_11_SEA_KC,SEA,108.0,0,108.0,0,0.0,190.0,3,2.0,10,214.2,1.4,0.8,93.8,0.6,214.2,1.4,0.6
2014_12_ARI_SEA,SEA,149.0,0,149.0,0,1.0,64.0,0,0.0,11,185.8,1.0,0.8,99.4,1.0,185.8,1.0,0.8
2014_13_SEA_SF,SEA,121.0,0,121.0,0,2.0,64.0,0,0.0,12,181.0,0.6,1.0,91.8,0.8,181.0,0.6,0.8
2014_14_SEA_PHI,SEA,96.0,2,96.0,2,1.0,57.0,0,1.0,13,171.0,0.6,1.2,81.8,0.8,171.0,0.6,0.6
2014_15_SF_SEA,SEA,141.0,0,141.0,0,0.0,140.0,1,0.0,14,151.4,0.6,1.0,85.8,0.8,151.4,0.6,0.8
2014_16_SEA_ARI,SEA,216.0,0,216.0,0,1.0,29.0,0,0.0,15,123.0,0.4,0.8,103.0,0.8,123.0,0.4,0.6
2014_17_STL_SEA,SEA,243.0,0,243.0,0,2.0,42.0,0,0.0,16,144.6,0.4,1.0,70.8,0.2,144.6,0.4,0.2
2015_01_SEA_STL,SEA,297.0,1,297.0,1,0.0,76.0,2,3.0,17,163.4,0.4,1.2,66.4,0.2,163.4,0.4,0.2
2015_02_SEA_GB,SEA,249.0,2,249.0,2,0.0,127.0,0,1.0,18,198.6,0.6,0.8,68.8,0.6,198.6,0.6,0.8
2015_03_CHI_SEA,SEA,63.0,0,63.0,0,0.0,98.0,0,0.0,19,229.2,0.6,0.6,82.8,0.6,229.2,0.6,0.8
2015_04_DET_SEA,SEA,203.0,0,203.0,0,0.0,53.0,0,0.0,20,213.6,0.6,0.6,74.4,0.4,213.6,0.6,0.8
2015_05_SEA_CIN,SEA,331.0,2,331.0,2,1.0,109.0,1,1.0,21,211.0,0.6,0.4,79.2,0.4,211.0,0.6,0.8
2015_06_CAR_SEA,SEA,269.0,1,269.0,1,2.0,135.0,3,0.0,22,228.6,1.0,0.2,92.6,0.6,228.6,1.0,1.0
2015_07_SEA_SF,SEA,124.0,0,124.0,0,0.0,61.0,0,0.0,23,223.0,1.0,0.6,104.4,0.8,223.0,1.0,0.4
2015_08_SEA_DAL,SEA,97.0,0,97.0,0,0.0,129.0,0,0.0,24,198.0,0.6,0.6,91.2,0.8,198.0,0.6,0.2
2015_10_ARI_SEA,SEA,363.0,3,363.0,3,1.0,117.0,1,2.0,25,204.8,0.6,0.6,97.4,0.8,204.8,0.6,0.2
2015_11_SF_SEA,SEA,264.0,1,264.0,1,0.0,59.0,0,0.0,26,236.8,1.2,0.8,110.2,1.0,236.8,1.2,0.6
2015_12_PIT_SEA,SEA,490.0,1,490.0,1,4.0,58.0,2,0.0,27,223.4,1.0,0.6,100.2,0.8,223.4,1.0,0.4
2015_13_SEA_MIN,SEA,118.0,0,118.0,0,1.0,31.0,0,0.0,28,267.6,1.0,1.0,84.8,0.6,267.6,1.0,0.4
2015_14_SEA_BAL,SEA,274.0,0,274.0,0,1.0,28.0,0,1.0,29,266.4,1.0,1.2,78.8,0.6,266.4,1.0,0.4
2015_15_CLE_SEA,SEA,161.0,1,161.0,1,1.0,94.0,0,0.0,30,301.8,1.0,1.4,58.6,0.6,301.8,1.0,0.6
2015_16_STL_SEA,SEA,103.0,1,103.0,1,0.0,102.0,1,0.0,31,261.4,0.6,1.4,54.0,0.4,261.4,0.6,0.2
2015_17_SEA_ARI,SEA,213.0,1,213.0,1,3.0,27.0,0,0.0,32,229.2,0.6,1.4,62.6,0.6,229.2,0.6,0.2
2016_01_MIA_SEA,SEA,186.0,0,186.0,0,0.0,64.0,1,0.0,33,173.8,0.6,1.2,56.4,0.2,173.8,0.6,0.2
2016_02_SEA_LA,SEA,239.0,0,239.0,0,0.0,64.0,0,0.0,34,187.4,0.6,1.0,63.0,0.4,187.4,0.6,0.2
2016_03_SF_SEA,SEA,119.0,0,119.0,0,1.0,135.0,2,0.0,35,180.4,0.6,0.8,70.2,0.4,180.4,0.6,0.0
2016_04_SEA_NYJ,SEA,261.0,1,261.0,1,3.0,58.0,0,0.0,36,172.0,0.4,0.8,78.4,0.8,172.0,0.4,0.0
2016_06_ATL_SEA,SEA,335.0,3,335.0,3,1.0,52.0,0,1.0,37,203.6,0.4,1.4,69.6,0.6,203.6,0.4,0.0
2016_07_SEA_ARI,SEA,342.0,0,342.0,0,0.0,132.0,0,0.0,38,228.0,0.8,1.0,74.6,0.6,228.0,0.8,0.2
2016_08_SEA_NO,SEA,265.0,1,265.0,1,0.0,123.0,1,1.0,39,259.2,0.8,1.0,88.2,0.4,259.2,0.8,0.2
2016_09_BUF_SEA,SEA,289.0,1,289.0,1,1.0,162.0,2,0.0,40,264.4,1.0,1.0,100.0,0.6,264.4,1.0,0.4
2016_10_SEA_NE,SEA,316.0,0,316.0,0,1.0,81.0,3,1.0,41,298.4,1.2,1.0,105.4,0.6,298.4,1.2,0.4
2016_11_PHI_SEA,SEA,218.0,2,218.0,2,2.0,113.0,0,0.0,42,309.4,1.0,0.6,110.0,1.2,309.4,1.0,0.6
2016_12_SEA_TB,SEA,220.0,2,220.0,2,1.0,118.0,0,1.0,43,286.0,0.8,0.8,122.2,1.2,286.0,0.8,0.4
2016_13_CAR_SEA,SEA,182.0,1,182.0,1,1.0,89.0,0,1.0,44,261.6,1.2,1.0,119.4,1.2,261.6,1.2,0.6
2016_14_SEA_GB,SEA,246.0,3,246.0,3,0.0,93.0,2,0.0,45,245.0,1.2,1.2,112.6,1.0,245.0,1.2,0.6
2016_15_LA_SEA,SEA,167.0,0,167.0,0,0.0,47.0,0,0.0,46,236.4,1.6,1.0,98.8,1.0,236.4,1.6,0.6
2016_16_ARI_SEA,SEA,284.0,1,284.0,1,0.0,94.0,3,1.0,47,206.6,1.6,0.8,92.0,0.4,206.6,1.6,0.4
2016_17_SEA_SF,SEA,215.0,1,215.0,1,0.0,62.0,2,2.0,48,219.8,1.4,0.4,88.2,1.0,219.8,1.4,0.6
2017_01_SEA_GB,SEA,311.0,1,311.0,1,1.0,84.0,1,0.0,49,218.8,1.2,0.2,77.0,1.4,218.8,1.2,0.8
2017_02_SF_SEA,SEA,99.0,0,99.0,0,1.0,159.0,0,0.0,50,244.6,1.2,0.2,76.0,1.6,244.6,1.2,0.6
2017_03_SEA_TEN,SEA,225.0,2,225.0,2,0.0,195.0,1,0.0,51,215.2,0.6,0.4,89.2,1.2,215.2,0.6,0.6
2017_04_IND_SEA,SEA,157.0,1,157.0,1,1.0,98.0,1,1.0,52,226.8,1.0,0.4,118.8,1.4,226.8,1.0,0.6
2017_05_SEA_LA,SEA,288.0,0,288.0,0,2.0,100.0,1,1.0,53,201.4,1.0,0.6,119.6,1.0,201.4,1.0,0.6
2017_07_SEA_NYG,SEA,134.0,1,134.0,1,0.0,46.0,0,1.0,54,216.0,0.8,1.0,127.2,0.8,216.0,0.8,0.4
2017_08_HOU_SEA,SEA,402.0,4,402.0,4,3.0,142.0,1,0.0,55,180.6,0.8,0.8,119.6,0.6,180.6,0.8,0.6
2017_09_WAS_SEA,SEA,247.0,0,247.0,0,0.0,51.0,2,1.0,56,241.2,1.6,1.2,116.2,0.8,241.2,1.6,0.6
2017_10_SEA_ARI,SEA,273.0,1,273.0,1,0.0,34.0,1,1.0,57,245.6,1.2,1.2,87.4,1.0,245.6,1.2,0.8
2017_11_ATL_SEA,SEA,195.0,2,195.0,2,0.0,89.0,1,0.0,58,268.8,1.2,1.0,74.6,1.0,268.8,1.2,0.8
2017_12_SEA_SF,SEA,219.0,1,219.0,1,1.0,84.0,0,0.0,59,250.2,1.6,0.6,72.4,1.0,250.2,1.6,0.6
2017_13_PHI_SEA,SEA,348.0,1,348.0,1,1.0,98.0,0,0.0,60,267.2,1.6,0.8,80.0,1.0,267.2,1.6,0.4
2017_14_SEA_JAX,SEA,268.0,2,268.0,2,0.0,156.0,1,0.0,61,256.4,1.0,0.4,71.2,0.8,256.4,1.0,0.4
2017_15_LA_SEA,SEA,124.0,2,124.0,2,1.0,244.0,3,0.0,62,260.6,1.4,0.4,92.2,0.6,260.6,1.4,0.2
2017_16_SEA_DAL,SEA,181.0,0,181.0,0,2.0,128.0,0,1.0,63,230.8,1.6,0.6,134.2,1.0,230.8,1.6,0.0
2017_17_ARI_SEA,SEA,145.0,1,145.0,1,1.0,116.0,1,0.0,64,228.0,1.2,1.0,142.0,0.8,228.0,1.2,0.2
2018_01_SEA_DEN,SEA,329.0,3,329.0,3,3.0,146.0,0,0.0,65,213.2,1.2,1.0,148.4,1.0,213.2,1.2,0.2
2018_02_SEA_CHI,SEA,200.0,2,200.0,2,2.0,86.0,0,0.0,66,209.4,1.6,1.4,158.0,1.0,209.4,1.6,0.2
2018_03_DAL_SEA,SEA,168.0,1,168.0,1,2.0,166.0,0,1.0,67,195.8,1.6,1.8,144.0,0.8,195.8,1.6,0.2
2018_04_SEA_ARI,SEA,180.0,1,180.0,1,0.0,92.0,1,1.0,68,204.6,1.4,2.0,128.4,0.2,204.6,1.4,0.4
2018_05_LA_SEA,SEA,321.0,1,321.0,1,2.0,155.0,3,0.0,69,204.4,1.6,1.6,121.2,0.4,204.4,1.6,0.4
2018_06_SEA_OAK,SEA,142.0,0,142.0,0,0.0,79.0,0,2.0,70,239.6,1.6,1.8,129.0,0.8,239.6,1.6,0.4
2018_08_SEA_DET,SEA,310.0,2,310.0,2,1.0,34.0,0,1.0,71,202.2,1.0,1.2,115.6,0.8,202.2,1.0,0.8
2018_09_LAC_SEA,SEA,228.0,2,228.0,2,0.0,160.0,1,0.0,72,224.2,1.0,1.0,105.2,0.8,224.2,1.0,1.0
2018_10_SEA_LA,SEA,318.0,2,318.0,2,0.0,149.0,2,0.0,73,236.2,1.2,0.6,104.0,1.0,236.2,1.2,0.8
2018_11_GB_SEA,SEA,332.0,2,332.0,2,0.0,48.0,1,0.0,74,263.8,1.4,0.6,115.4,1.2,263.8,1.4,0.6
2018_12_SEA_CAR,SEA,256.0,2,256.0,2,1.0,220.0,1,0.0,75,266.0,1.6,0.2,94.0,0.8,266.0,1.6,0.6
2018_13_SF_SEA,SEA,414.0,2,414.0,2,1.0,66.0,0,1.0,76,288.8,2.0,0.4,122.2,1.0,288.8,2.0,0.2
2018_14_MIN_SEA,SEA,208.0,1,208.0,1,0.0,77.0,0,1.0,77,309.6,2.0,0.4,128.6,1.0,309.6,2.0,0.2
2018_15_SEA_SF,SEA,275.0,1,275.0,1,0.0,94.0,0,1.0,78,305.6,1.8,0.4,112.0,0.8,305.6,1.8,0.4
2018_16_KC_SEA,SEA,273.0,3,273.0,3,0.0,154.0,0,2.0,79,297.0,1.6,0.4,101.0,0.4,297.0,1.6,0.6
2018_17_ARI_SEA,SEA,149.0,1,149.0,1,0.0,85.0,0,2.0,80,285.2,1.8,0.4,122.2,0.2,285.2,1.8,1.0
2019_01_CIN_SEA,SEA,418.0,2,418.0,2,0.0,34.0,0,2.0,81,263.8,1.6,0.2,95.2,0.0,263.8,1.6,1.4
2019_02_SEA_PIT,SEA,187.0,2,187.0,2,1.0,81.0,1,0.0,82,264.6,1.6,0.0,88.8,0.0,264.6,1.6,1.6
2019_03_NO_SEA,SEA,177.0,2,177.0,2,0.0,88.0,1,0.0,83,260.4,1.8,0.2,89.6,0.2,260.4,1.8,1.4
2019_04_SEA_ARI,SEA,241.0,0,241.0,0,1.0,115.0,1,0.0,84,240.8,2.0,0.2,88.4,0.4,240.8,2.0,1.2
2019_05_LA_SEA,SEA,395.0,1,395.0,1,1.0,82.0,2,1.0,85,234.4,1.4,0.4,80.6,0.6,234.4,1.4,0.8
2019_06_SEA_CLE,SEA,249.0,1,249.0,1,3.0,157.0,3,1.0,86,283.6,1.4,0.6,80.0,1.0,283.6,1.4,0.6
2019_07_BAL_SEA,SEA,143.0,0,143.0,0,0.0,199.0,1,0.0,87,249.8,1.2,1.2,104.6,1.6,249.8,1.2,0.4
2019_08_SEA_ATL,SEA,460.0,1,460.0,1,1.0,69.0,1,2.0,88,241.0,0.8,1.0,128.2,1.6,241.0,0.8,0.4
2019_09_TB_SEA,SEA,335.0,2,335.0,2,0.0,99.0,2,1.0,89,297.6,0.6,1.2,124.4,1.6,297.6,0.6,0.8
2019_10_SEA_SF,SEA,248.0,1,248.0,1,1.0,87.0,0,2.0,90,316.4,1.0,1.0,121.2,1.8,316.4,1.0,1.0
2019_12_SEA_PHI,SEA,256.0,1,256.0,1,2.0,106.0,0,3.0,91,287.0,1.0,1.0,122.2,1.4,287.0,1.0,1.2
2019_13_MIN_SEA,SEA,276.0,2,276.0,2,1.0,78.0,1,1.0,92,288.4,1.0,0.8,112.0,0.8,288.4,1.0,1.6
2019_14_SEA_LA,SEA,293.0,2,293.0,2,2.0,162.0,2,0.0,93,315.0,1.4,1.0,87.8,0.8,315.0,1.4,1.8
2019_15_SEA_CAR,SEA,277.0,1,277.0,1,3.0,145.0,2,0.0,94,281.6,1.6,1.2,106.4,1.0,281.6,1.6,1.4
2019_16_ARI_SEA,SEA,167.0,1,167.0,1,0.0,253.0,2,0.0,95,270.0,1.4,1.8,115.6,1.0,270.0,1.4,1.2
2019_17_SF_SEA,SEA,285.0,0,285.0,0,0.0,128.0,3,0.0,96,253.8,1.4,1.6,148.8,1.4,253.8,1.4,0.8
2020_01_SEA_ATL,SEA,450.0,2,450.0,2,1.0,72.0,1,1.0,97,259.6,1.2,1.2,153.2,2.0,259.6,1.2,0.2
2020_02_NE_SEA,SEA,397.0,1,397.0,1,1.0,67.0,2,0.0,98,294.4,1.2,1.2,152.0,2.0,294.4,1.2,0.2
2020_03_DAL_SEA,SEA,472.0,3,472.0,3,2.0,61.0,1,1.0,99,315.2,1.0,1.0,133.0,2.0,315.2,1.0,0.2
2020_04_SEA_MIA,SEA,315.0,0,315.0,0,2.0,103.0,1,0.0,100,354.2,1.4,0.8,116.2,1.8,354.2,1.4,0.4
2020_05_MIN_SEA,SEA,249.0,2,249.0,2,1.0,201.0,1,1.0,101,383.8,1.2,1.2,86.2,1.6,383.8,1.2,0.4
2020_07_SEA_ARI,SEA,360.0,3,360.0,3,1.0,159.0,1,1.0,102,376.6,1.6,1.4,100.8,1.2,376.6,1.6,0.6
2020_08_SF_SEA,SEA,322.0,2,322.0,2,1.0,52.0,2,0.0,103,358.6,1.8,1.4,118.2,1.2,358.6,1.8,0.6
2020_09_SEA_BUF,SEA,415.0,3,415.0,3,0.0,34.0,2,0.0,104,343.6,2.0,1.4,115.2,1.2,343.6,2.0,0.6
2020_10_SEA_LA,SEA,302.0,0,302.0,0,0.0,106.0,3,1.0,105,332.2,2.0,1.0,109.8,1.4,332.2,2.0,0.4
2020_11_ARI_SEA,SEA,269.0,2,269.0,2,0.0,57.0,1,0.0,106,329.6,2.0,0.6,110.4,1.8,329.6,2.0,0.6
2020_12_SEA_PHI,SEA,221.0,2,221.0,2,1.0,70.0,0,0.0,107,333.6,2.0,0.4,81.6,1.8,333.6,2.0,0.4
2020_13_NYG_SEA,SEA,105.0,1,105.0,1,1.0,190.0,1,0.0,108,305.8,1.8,0.4,63.8,1.6,305.8,1.8,0.2
2020_14_NYJ_SEA,SEA,132.0,0,132.0,0,0.0,69.0,0,1.0,109,262.4,1.6,0.4,91.4,1.4,262.4,1.6,0.2
2020_15_SEA_WAS,SEA,295.0,1,295.0,1,2.0,84.0,1,0.0,110,205.8,1.0,0.4,98.4,1.0,205.8,1.0,0.4
2020_16_LA_SEA,SEA,234.0,0,234.0,0,1.0,118.0,0,0.0,111,204.4,1.2,0.8,94.0,0.6,204.4,1.2,0.2
2020_17_SEA_SF,SEA,273.0,1,273.0,1,0.0,86.0,1,1.0,112,197.4,0.8,1.0,106.2,0.4,197.4,0.8,0.2
2021_01_SEA_IND,SEA,251.0,2,251.0,2,0.0,113.0,0,1.0,113,207.8,0.6,0.8,109.4,0.6,207.8,0.6,0.4
2021_02_TEN_SEA,SEA,347.0,0,347.0,0,0.0,212.0,3,1.0,114,237.0,0.8,0.6,94.0,0.4,237.0,0.8,0.6
2021_03_SEA_MIN,SEA,323.0,3,323.0,3,0.0,140.0,0,0.0,115,280.0,0.8,0.6,122.6,1.0,280.0,0.8,0.6
2021_04_SEA_SF,SEA,322.0,3,322.0,3,1.0,143.0,0,0.0,116,285.6,1.2,0.2,133.8,0.8,285.6,1.2,0.6
2021_05_LA_SEA,SEA,365.0,1,365.0,1,1.0,118.0,2,0.0,117,303.2,1.8,0.2,138.8,0.8,303.2,1.8,0.6
2021_06_SEA_PIT,SEA,229.0,1,229.0,1,0.0,119.0,1,1.0,118,321.6,1.8,0.4,145.2,1.0,321.6,1.8,0.4
2021_07_NO_SEA,SEA,222.0,1,222.0,1,0.0,94.0,0,1.0,119,317.2,1.6,0.4,146.4,1.2,317.2,1.6,0.4
2021_08_JAX_SEA,SEA,238.0,1,238.0,1,1.0,82.0,0,0.0,120,292.2,1.8,0.4,122.8,0.6,292.2,1.8,0.4
2021_10_SEA_GB,SEA,292.0,0,292.0,0,1.0,106.0,2,0.0,121,275.2,1.4,0.6,111.2,0.6,275.2,1.4,0.4
2021_11_ARI_SEA,SEA,328.0,2,328.0,2,0.0,95.0,1,0.0,122,269.2,0.8,0.6,103.8,1.0,269.2,0.8,0.4
2021_12_SEA_WAS,SEA,223.0,1,223.0,1,1.0,152.0,1,0.0,123,261.8,1.0,0.4,99.2,0.8,261.8,1.0,0.4
2021_13_SF_SEA,SEA,299.0,2,299.0,2,2.0,71.0,1,0.0,124,260.6,1.0,0.6,105.8,0.8,260.6,1.0,0.2
2021_14_SEA_HOU,SEA,331.0,1,331.0,1,0.0,63.0,0,0.0,125,276.0,1.2,1.0,101.2,1.0,276.0,1.2,0.0
2021_15_SEA_LA,SEA,244.0,2,244.0,2,1.0,123.0,0,0.0,126,294.6,1.2,0.8,97.4,1.0,294.6,1.2,0.0
2021_16_CHI_SEA,SEA,250.0,1,250.0,1,0.0,88.0,2,0.0,127,285.0,1.6,0.8,100.8,0.6,285.0,1.6,0.0
2021_17_DET_SEA,SEA,262.0,2,262.0,2,3.0,95.0,2,0.0,128,269.4,1.4,0.8,99.4,0.8,269.4,1.4,0.0
2021_18_SEA_ARI,SEA,240.0,1,240.0,1,0.0,118.0,1,0.0,129,277.2,1.6,1.2,88.0,1.0,277.2,1.6,0.0
2022_01_DEN_SEA,SEA,340.0,1,340.0,1,0.0,103.0,0,2.0,130,265.4,1.4,0.8,97.4,1.0,265.4,1.4,0.0
2022_02_SEA_SF,SEA,184.0,1,184.0,1,0.0,189.0,2,0.0,131,267.2,1.4,0.8,105.4,1.0,267.2,1.4,0.4
2022_03_ATL_SEA,SEA,229.0,1,229.0,1,1.0,179.0,2,1.0,132,255.2,1.2,0.6,118.6,1.4,255.2,1.2,0.4
2022_04_SEA_DET,SEA,384.0,4,384.0,4,1.0,145.0,2,1.0,133,251.0,1.2,0.8,136.8,1.4,251.0,1.2,0.6
2022_05_SEA_NO,SEA,209.0,2,209.0,2,1.0,235.0,3,1.0,134,275.4,1.6,0.4,146.8,1.4,275.4,1.6,0.8
2022_06_ARI_SEA,SEA,222.0,0,222.0,0,1.0,144.0,0,1.0,135,269.2,1.8,0.6,170.2,1.8,269.2,1.8,1.0
2022_07_SEA_LAC,SEA,293.0,2,293.0,2,1.0,53.0,1,1.0,136,245.6,1.6,0.8,178.4,1.8,245.6,1.6,0.8
2022_08_NYG_SEA,SEA,176.0,0,176.0,0,0.0,78.0,1,0.0,137,267.4,1.8,1.0,151.2,1.6,267.4,1.8,1.0
2022_09_SEA_ARI,SEA,175.0,2,175.0,2,0.0,122.0,0,1.0,138,256.8,1.6,0.8,131.0,1.4,256.8,1.6,0.8
2022_10_SEA_TB,SEA,258.0,2,258.0,2,2.0,161.0,1,0.0,139,215.0,1.2,0.6,126.4,1.0,215.0,1.2,0.8
2022_12_LV_SEA,SEA,295.0,3,295.0,3,2.0,283.0,2,0.0,140,224.8,1.2,0.8,111.6,0.6,224.8,1.2,0.6
2022_13_SEA_LA,SEA,178.0,0,178.0,0,2.0,171.0,2,0.0,141,239.4,1.8,1.0,139.4,1.0,239.4,1.8,0.4
2022_14_CAR_SEA,SEA,120.0,1,120.0,1,0.0,223.0,2,0.0,142,216.4,1.4,1.2,163.0,1.2,216.4,1.4,0.2
2022_15_SF_SEA,SEA,217.0,2,217.0,2,0.0,170.0,1,0.0,143,205.2,1.6,1.2,192.0,1.4,205.2,1.6,0.2
2022_16_SEA_KC,SEA,224.0,2,224.0,2,0.0,77.0,1,0.0,144,213.6,1.6,1.2,201.6,1.6,213.6,1.6,0.0
2022_17_NYJ_SEA,SEA,240.0,0,240.0,0,2.0,75.0,0,1.0,145,206.8,1.6,0.8,184.8,1.6,206.8,1.6,0.0
2022_18_LA_SEA,SEA,147.0,0,147.0,0,1.0,146.0,1,0.0,146,195.8,1.0,0.8,143.2,1.2,195.8,1.0,0.2
2023_01_LA_SEA,SEA,334.0,0,334.0,0,0.0,92.0,3,0.0,147,189.6,1.0,0.6,138.2,1.0,189.6,1.0,0.2
2023_02_SEA_DET,SEA,323.0,3,323.0,3,1.0,102.0,1,2.0,148,232.4,0.8,0.6,112.0,1.2,232.4,0.8,0.2
2023_03_CAR_SEA,SEA,361.0,2,361.0,2,0.0,44.0,1,0.0,149,253.6,1.0,0.8,98.4,1.2,253.6,1.0,0.6
2023_04_SEA_NYG,SEA,203.0,0,203.0,0,2.0,112.0,0,1.0,150,281.0,1.0,0.8,91.8,1.2,281.0,1.0,0.6
2023_06_SEA_CIN,SEA,185.0,2,185.0,2,1.0,46.0,0,0.0,151,273.6,1.0,0.8,99.2,1.2,273.6,1.0,0.6
2023_07_ARI_SEA,SEA,150.0,0,150.0,0,0.0,127.0,1,0.0,152,281.2,1.4,0.8,79.2,1.0,281.2,1.4,0.6
2023_08_CLE_SEA,SEA,257.0,1,257.0,1,2.0,155.0,1,1.0,153,244.4,1.4,0.8,86.2,0.6,244.4,1.4,0.6
2023_09_SEA_BAL,SEA,225.0,1,225.0,1,0.0,298.0,3,2.0,154,231.2,1.0,1.0,96.8,0.6,231.2,1.0,0.4
2023_10_WAS_SEA,SEA,312.0,3,312.0,3,0.0,68.0,0,1.0,155,204.0,0.8,1.0,147.6,1.0,204.0,0.8,0.8
2023_11_SEA_LA,SEA,190.0,1,190.0,1,1.0,82.0,1,0.0,156,225.8,1.4,0.6,138.8,1.0,225.8,1.4,0.8
2023_12_SF_SEA,SEA,209.0,1,209.0,1,1.0,169.0,3,0.0,157,226.8,1.2,0.6,146.0,1.2,226.8,1.2,0.8
2023_13_SEA_DAL,SEA,299.0,3,299.0,3,0.0,136.0,1,0.0,158,238.6,1.4,0.8,154.4,1.6,238.6,1.4,0.8
2023_14_SEA_SF,SEA,368.0,2,368.0,2,1.0,173.0,2,1.0,159,247.0,1.8,0.4,150.6,1.6,247.0,1.8,0.6
2023_15_PHI_SEA,SEA,143.0,0,143.0,0,2.0,178.0,2,0.0,160,275.6,2.0,0.6,125.6,1.4,275.6,2.0,0.4
2023_16_SEA_TEN,SEA,164.0,1,164.0,1,0.0,162.0,1,0.0,161,241.8,1.4,1.0,147.6,1.8,241.8,1.4,0.2
2023_17_PIT_SEA,SEA,274.0,0,274.0,0,0.0,202.0,3,0.0,162,236.6,1.4,0.8,163.6,1.8,236.6,1.4,0.2
2023_18_SEA_ARI,SEA,262.0,1,262.0,1,0.0,206.0,1,0.0,163,249.6,1.2,0.6,170.2,1.8,249.6,1.2,0.2
2024_01_DEN_SEA,SEA,138.0,0,138.0,0,2.0,99.0,1,1.0,164,242.2,0.8,0.6,184.2,1.8,242.2,0.8,0.2
2024_02_SEA_NE,SEA,149.0,1,149.0,1,0.0,185.0,1,0.0,165,196.2,0.4,0.8,169.4,1.6,196.2,0.4,0.2
2024_03_MIA_SEA,SEA,186.0,0,186.0,0,0.0,65.0,0,0.0,166,197.4,0.6,0.4,170.8,1.4,197.4,0.6,0.2
2024_04_SEA_DET,SEA,299.0,3,299.0,3,0.0,116.0,3,0.0,167,201.8,0.4,0.4,151.4,1.2,201.8,0.4,0.2
2024_05_NYG_SEA,SEA,257.0,2,257.0,2,0.0,175.0,0,1.0,168,206.8,1.0,0.4,134.2,1.2,206.8,1.0,0.2
2024_06_SF_SEA,SEA,255.0,3,255.0,3,0.0,228.0,1,0.0,169,205.8,1.2,0.4,128.0,1.0,205.8,1.2,0.4
2024_07_SEA_ATL,SEA,246.0,1,246.0,1,2.0,155.0,1,1.0,170,229.2,1.8,0.0,153.8,1.0,229.2,1.8,0.2
2024_08_BUF_SEA,SEA,283.0,2,283.0,2,1.0,164.0,2,0.0,171,248.6,1.8,0.4,147.8,1.0,248.6,1.8,0.4
2024_09_LA_SEA,SEA,298.0,2,298.0,2,1.0,68.0,0,0.0,172,268.0,2.2,0.6,167.6,1.4,268.0,2.2,0.4
2024_11_SEA_SF,SEA,159.0,1,159.0,1,1.0,131.0,1,0.0,173,267.8,2.0,0.8,158.0,0.8,267.8,2.0,0.4
2024_12_ARI_SEA,SEA,285.0,0,285.0,0,1.0,49.0,0,0.0,174,248.2,1.8,1.0,149.2,1.0,248.2,1.8,0.2
2024_13_SEA_NYJ,SEA,185.0,2,185.0,2,1.0,89.0,0,1.0,175,254.2,1.2,1.2,113.4,0.8,254.2,1.2,0.2
2024_14_SEA_ARI,SEA,259.0,2,259.0,2,2.0,121.0,0,0.0,176,242.0,1.4,1.0,100.2,0.6,242.0,1.4,0.2
2024_15_GB_SEA,SEA,229.0,2,229.0,2,0.0,140.0,1,1.0,177,237.2,1.4,1.2,91.6,0.2,237.2,1.4,0.2
2024_16_MIN_SEA,SEA,246.0,3,246.0,3,0.0,81.0,0,0.0,178,223.4,1.4,1.0,106.0,0.4,223.4,1.4,0.4
2024_17_SEA_CHI,SEA,122.0,0,122.0,0,1.0,103.0,0,0.0,179,240.8,1.8,0.8,96.0,0.2,240.8,1.8,0.4
2024_18_SEA_LA,SEA,334.0,2,334.0,2,1.0,84.0,0,0.0,180,208.2,1.8,0.8,106.8,0.2,208.2,1.8,0.4
2014_01_SF_DAL,SF,281.0,1,281.0,1,3.0,127.0,1,1.0,1,,,,,,,,
2014_02_CHI_SF,SF,176.0,4,176.0,4,0.0,46.0,0,0.0,2,281.0,1.0,3.0,127.0,1.0,281.0,1.0,1.0
2014_03_SF_ARI,SF,254.0,2,254.0,2,0.0,84.0,0,1.0,3,228.5,2.5,1.5,86.5,0.5,228.5,2.5,0.5
2014_04_PHI_SF,SF,195.0,0,195.0,0,2.0,22.0,0,2.0,4,237.0,2.3333333333333335,1.0,85.66666666666667,0.3333333333333333,237.0,2.3333333333333335,0.6666666666666666
2014_05_KC_SF,SF,158.0,1,158.0,1,1.0,107.0,1,0.0,5,226.5,1.75,1.25,69.75,0.25,226.5,1.75,1.0
2014_06_SF_STL,SF,236.0,1,236.0,1,1.0,93.0,1,0.0,6,212.8,1.6,1.2,77.2,0.4,212.8,1.6,0.8
2014_07_SF_DEN,SF,318.0,4,318.0,4,0.0,115.0,2,0.0,7,203.8,1.6,0.8,70.4,0.4,203.8,1.6,0.6
2014_09_STL_SF,SF,105.0,1,105.0,1,2.0,91.0,0,0.0,8,232.2,1.6,0.8,84.2,0.8,232.2,1.6,0.6
2014_10_SF_NO,SF,292.0,3,292.0,3,2.0,136.0,0,1.0,9,202.4,1.4,1.2,85.6,0.8,202.4,1.4,0.4
2014_11_SF_NYG,SF,280.0,1,280.0,1,5.0,65.0,0,0.0,10,221.8,2.0,1.2,108.4,0.8,221.8,2.0,0.2
2014_12_WAS_SF,SF,106.0,0,106.0,0,0.0,136.0,1,1.0,11,246.2,2.0,2.0,100.0,0.6,246.2,2.0,0.2
2014_13_SEA_SF,SF,236.0,1,236.0,1,0.0,157.0,0,0.0,12,220.2,1.8,1.8,108.6,0.6,220.2,1.8,0.4
2014_14_SF_OAK,SF,254.0,3,254.0,3,0.0,85.0,0,0.0,13,203.8,1.2,1.8,117.0,0.2,203.8,1.2,0.4
2014_15_SF_SEA,SF,168.0,1,168.0,1,1.0,152.0,1,0.0,14,233.6,1.6,1.4,115.8,0.2,233.6,1.6,0.4
2014_16_SD_SF,SF,356.0,4,356.0,4,3.0,98.0,0,0.0,15,208.8,1.2,1.2,119.0,0.4,208.8,1.2,0.2
2014_17_ARI_SF,SF,316.0,2,316.0,2,3.0,98.0,0,0.0,16,224.0,1.8,0.8,125.6,0.4,224.0,1.8,0.2
2015_01_MIN_SF,SF,231.0,0,231.0,0,1.0,71.0,0,0.0,17,266.0,2.2,1.4,118.0,0.2,266.0,2.2,0.0
2015_02_SF_PIT,SF,369.0,3,369.0,3,0.0,84.0,3,0.0,18,265.0,2.0,1.6,100.8,0.2,265.0,2.0,0.0
2015_03_SF_ARI,SF,311.0,2,311.0,2,1.0,139.0,2,0.0,19,288.0,2.0,1.6,100.6,0.8,288.0,2.0,0.0
2015_04_GB_SF,SF,224.0,1,224.0,1,0.0,162.0,1,0.0,20,316.6,2.2,1.6,98.0,1.0,316.6,2.2,0.0
2015_05_SF_NYG,SF,441.0,3,441.0,3,1.0,84.0,0,0.0,21,290.2,1.6,1.0,110.8,1.2,290.2,1.6,0.0
2015_06_BAL_SF,SF,343.0,2,343.0,2,2.0,77.0,0,0.0,22,315.2,1.8,0.6,108.0,1.2,315.2,1.8,0.0
2015_07_SEA_SF,SF,235.0,1,235.0,1,2.0,176.0,1,0.0,23,337.6,2.2,0.8,109.2,1.2,337.6,2.2,0.0
2015_08_SF_STL,SF,191.0,1,191.0,1,0.0,197.0,2,1.0,24,310.8,1.8,1.2,127.6,0.8,310.8,1.8,0.0
2015_09_ATL_SF,SF,303.0,1,303.0,1,0.0,17.0,0,0.0,25,286.8,1.6,1.0,139.2,0.8,286.8,1.6,0.2
2015_11_SF_SEA,SF,260.0,3,260.0,3,0.0,255.0,1,0.0,26,302.6,1.6,1.0,110.2,0.6,302.6,1.6,0.2
2015_12_ARI_SF,SF,271.0,0,271.0,0,0.0,70.0,2,0.0,27,266.4,1.6,0.8,144.4,0.8,266.4,1.6,0.2
2015_13_SF_CHI,SF,202.0,0,202.0,0,1.0,170.0,2,0.0,28,252.0,1.2,0.4,143.0,1.2,252.0,1.2,0.2
2015_14_SF_CLE,SF,270.0,1,270.0,1,1.0,230.0,2,1.0,29,245.4,1.0,0.2,141.8,1.4,245.4,1.0,0.2
2015_15_CIN_SF,SF,192.0,1,192.0,1,0.0,68.0,2,1.0,30,261.2,1.0,0.4,148.4,1.4,261.2,1.0,0.2
2015_16_SF_DET,SF,301.0,2,301.0,2,0.0,87.0,1,0.0,31,239.0,1.0,0.4,158.6,1.8,239.0,1.0,0.4
2015_17_STL_SF,SF,231.0,0,231.0,0,0.0,133.0,1,0.0,32,247.2,0.8,0.4,125.0,1.8,247.2,0.8,0.4
2016_01_LA_SF,SF,130.0,0,130.0,0,2.0,65.0,0,0.0,33,239.2,0.8,0.4,137.6,1.6,239.2,0.8,0.4
2016_02_SF_CAR,SF,353.0,4,353.0,4,1.0,176.0,0,2.0,34,224.8,0.8,0.6,116.6,1.2,224.8,0.8,0.4
2016_03_SF_SEA,SF,308.0,2,308.0,2,1.0,127.0,2,1.0,35,241.4,1.4,0.6,105.8,0.8,241.4,1.4,0.6
2016_04_DAL_SF,SF,245.0,2,245.0,2,0.0,194.0,1,0.0,36,264.6,1.6,0.8,117.6,0.8,264.6,1.6,0.6
2016_05_ARI_SF,SF,124.0,2,124.0,2,0.0,172.0,2,0.0,37,253.4,1.6,0.8,139.0,0.8,253.4,1.6,0.6
2016_06_SF_BUF,SF,179.0,2,179.0,2,0.0,313.0,4,2.0,38,232.0,2.0,0.8,146.8,1.0,232.0,2.0,0.6
2016_07_TB_SF,SF,269.0,3,269.0,3,1.0,249.0,1,0.0,39,241.8,2.4,0.4,196.4,1.8,241.8,2.4,1.0
2016_09_NO_SF,SF,323.0,3,323.0,3,0.0,248.0,2,0.0,40,225.0,2.2,0.4,211.0,2.0,225.0,2.2,0.6
2016_10_SF_ARI,SF,376.0,1,376.0,1,2.0,80.0,1,2.0,41,228.0,2.4,0.2,235.2,2.0,228.0,2.4,0.4
2016_11_NE_SF,SF,280.0,4,280.0,4,0.0,171.0,0,0.0,42,254.2,2.2,0.6,212.4,2.0,254.2,2.2,0.8
2016_12_SF_MIA,SF,285.0,3,285.0,3,0.0,95.0,1,0.0,43,285.4,2.6,0.6,212.2,1.6,285.4,2.6,0.8
2016_13_SF_CHI,SF,192.0,0,192.0,0,0.0,142.0,3,0.0,44,306.6,2.8,0.6,168.6,1.0,306.6,2.8,0.4
2016_14_NYJ_SF,SF,257.0,0,257.0,0,1.0,188.0,2,0.0,45,291.2,2.2,0.4,147.2,1.4,291.2,2.2,0.4
2016_15_SF_ATL,SF,302.0,2,302.0,2,0.0,248.0,3,1.0,46,278.0,1.6,0.6,135.2,1.4,278.0,1.6,0.4
2016_16_SF_LA,SF,90.0,1,90.0,1,2.0,99.0,2,0.0,47,263.2,1.8,0.2,168.8,1.8,263.2,1.8,0.2
2016_17_SEA_SF,SF,300.0,1,300.0,1,0.0,87.0,1,0.0,48,225.2,1.2,0.6,154.4,2.2,225.2,1.2,0.2
2017_01_CAR_SF,SF,171.0,2,171.0,2,1.0,116.0,0,1.0,49,228.2,0.8,0.6,152.8,2.2,228.2,0.8,0.2
2017_02_SF_SEA,SF,198.0,1,198.0,1,0.0,131.0,0,0.0,50,224.0,1.2,0.8,147.6,1.6,224.0,1.2,0.4
2017_03_LA_SF,SF,292.0,3,292.0,3,0.0,126.0,2,0.0,51,212.2,1.4,0.6,136.2,1.2,212.2,1.4,0.4
2017_04_SF_ARI,SF,357.0,1,357.0,1,1.0,51.0,0,0.0,52,210.2,1.6,0.6,111.8,1.0,210.2,1.6,0.2
2017_05_SF_IND,SF,314.0,0,314.0,0,1.0,159.0,2,0.0,53,263.6,1.6,0.4,102.2,0.6,263.6,1.6,0.2
2017_06_SF_WAS,SF,330.0,2,330.0,2,1.0,94.0,1,1.0,54,266.4,1.4,0.6,116.6,0.8,266.4,1.4,0.2
2017_07_DAL_SF,SF,236.0,3,236.0,3,0.0,265.0,3,0.0,55,298.2,1.4,0.6,112.2,1.0,298.2,1.4,0.2
2017_08_SF_PHI,SF,211.0,2,211.0,2,1.0,112.0,1,0.0,56,305.8,1.8,0.6,139.0,1.6,305.8,1.8,0.2
2017_09_ARI_SF,SF,201.0,2,201.0,2,1.0,167.0,0,1.0,57,289.6,1.6,0.8,136.2,1.4,289.6,1.6,0.2
2017_10_NYG_SF,SF,273.0,2,273.0,2,0.0,114.0,0,1.0,58,258.4,1.8,0.8,159.4,1.4,258.4,1.8,0.4
2017_12_SEA_SF,SF,228.0,2,228.0,2,1.0,90.0,1,0.0,59,250.2,2.2,0.6,150.4,1.0,250.2,2.2,0.6
2017_13_SF_CHI,SF,102.0,1,102.0,1,0.0,62.0,0,0.0,60,229.8,2.2,0.6,149.6,1.0,229.8,2.2,0.4
2017_14_SF_HOU,SF,238.0,2,238.0,2,0.0,90.0,0,1.0,61,203.0,1.8,0.6,109.0,0.4,203.0,1.8,0.4
2017_15_TEN_SF,SF,241.0,2,241.0,2,0.0,90.0,0,1.0,62,208.4,1.8,0.4,104.6,0.2,208.4,1.8,0.6
2017_16_JAX_SF,SF,382.0,2,382.0,2,3.0,92.0,2,0.0,63,216.4,1.8,0.2,89.2,0.2,216.4,1.8,0.6
2017_17_SF_LA,SF,169.0,0,169.0,0,0.0,102.0,1,2.0,64,238.2,1.8,0.8,84.8,0.6,238.2,1.8,0.4
2018_01_SF_MIN,SF,244.0,2,244.0,2,0.0,116.0,0,1.0,65,226.4,1.4,0.6,87.2,0.6,226.4,1.4,0.8
2018_02_DET_SF,SF,347.0,3,347.0,3,0.0,98.0,0,1.0,66,254.8,1.6,0.6,98.0,0.6,254.8,1.6,1.0
2018_03_SF_KC,SF,314.0,3,314.0,3,0.0,77.0,2,0.0,67,276.6,1.8,0.6,99.6,0.6,276.6,1.8,1.0
2018_04_SF_LAC,SF,250.0,3,250.0,3,1.0,126.0,0,0.0,68,291.2,2.0,0.6,97.0,1.0,291.2,2.0,0.8
2018_05_ARI_SF,SF,170.0,1,170.0,1,0.0,56.0,2,0.0,69,264.8,2.2,0.2,103.8,0.6,264.8,2.2,0.8
2018_06_SF_GB,SF,425.0,2,425.0,2,0.0,116.0,1,0.0,70,265.0,2.4,0.2,94.6,0.8,265.0,2.4,0.4
2018_07_LA_SF,SF,202.0,2,202.0,2,0.0,146.0,2,0.0,71,301.2,2.4,0.2,94.6,1.0,301.2,2.4,0.2
2018_08_SF_ARI,SF,252.0,2,252.0,2,1.0,88.0,0,1.0,72,272.2,2.2,0.2,104.2,1.4,272.2,2.2,0.0
2018_09_OAK_SF,SF,179.0,0,179.0,0,0.0,102.0,0,0.0,73,259.8,2.0,0.4,106.4,1.0,259.8,2.0,0.2
2018_10_NYG_SF,SF,188.0,3,188.0,3,0.0,97.0,0,0.0,74,245.6,1.4,0.2,101.6,1.0,245.6,1.4,0.2
2018_12_SF_TB,SF,312.0,2,312.0,2,0.0,108.0,1,0.0,75,249.2,1.8,0.2,109.8,0.6,249.2,1.8,0.2
2018_13_SF_SEA,SF,185.0,4,185.0,4,0.0,168.0,1,0.0,76,226.6,1.8,0.2,108.2,0.6,226.6,1.8,0.2
2018_14_DEN_SF,SF,186.0,1,186.0,1,0.0,103.0,1,0.0,77,223.2,2.2,0.2,112.6,0.4,223.2,2.2,0.2
2018_15_SEA_SF,SF,237.0,2,237.0,2,0.0,168.0,1,0.0,78,210.0,2.0,0.0,115.6,0.6,210.0,2.0,0.0
2018_16_CHI_SF,SF,246.0,1,246.0,1,0.0,90.0,1,2.0,79,221.6,2.4,0.0,128.8,0.8,221.6,2.4,0.0
2018_17_SF_LA,SF,222.0,4,222.0,4,0.0,155.0,1,0.0,80,233.2,2.0,0.0,127.4,1.0,233.2,2.0,0.4
2019_01_SF_TB,SF,194.0,1,194.0,1,3.0,121.0,0,1.0,81,215.2,2.4,0.0,136.8,1.0,215.2,2.4,0.4
2019_02_SF_CIN,SF,311.0,2,311.0,2,1.0,25.0,0,0.0,82,217.0,1.8,0.6,127.4,0.8,217.0,1.8,0.6
2019_03_PIT_SF,SF,174.0,2,174.0,2,1.0,79.0,0,1.0,83,242.0,2.0,0.8,111.8,0.6,242.0,2.0,0.6
2019_05_CLE_SF,SF,120.0,0,120.0,0,2.0,102.0,0,1.0,84,229.4,2.0,1.0,94.0,0.4,229.4,2.0,0.8
2019_06_SF_LA,SF,78.0,0,78.0,0,0.0,109.0,1,1.0,85,204.2,1.8,1.4,96.4,0.2,204.2,1.8,0.6
2019_07_SF_WAS,SF,77.0,0,77.0,0,0.0,104.0,0,1.0,86,175.4,1.0,1.4,87.2,0.2,175.4,1.0,0.8
2019_08_CAR_SF,SF,158.0,0,158.0,0,3.0,130.0,1,0.0,87,152.0,0.8,0.8,83.8,0.2,152.0,0.8,0.8
2019_09_SF_ARI,SF,241.0,2,241.0,2,0.0,153.0,1,0.0,88,121.4,0.4,1.2,104.8,0.4,121.4,0.4,0.8
2019_10_SEA_SF,SF,232.0,1,232.0,1,1.0,147.0,1,2.0,89,134.8,0.4,1.0,119.6,0.6,134.8,0.4,0.6
2019_11_ARI_SF,SF,150.0,2,150.0,2,0.0,135.0,1,2.0,90,157.2,0.6,0.8,128.6,0.8,157.2,0.6,0.8
2019_12_GB_SF,SF,119.0,1,119.0,1,0.0,117.0,0,1.0,91,171.6,1.0,0.8,133.8,0.8,171.6,1.0,1.0
2019_13_SF_BAL,SF,105.0,1,105.0,1,0.0,178.0,1,1.0,92,180.0,1.2,0.8,136.4,0.8,180.0,1.2,1.0
2019_14_SF_NO,SF,349.0,5,349.0,5,0.0,116.0,1,1.0,93,169.4,1.4,0.2,146.0,0.8,169.4,1.4,1.2
2019_15_ATL_SF,SF,210.0,2,210.0,2,0.0,89.0,1,0.0,94,191.0,2.0,0.2,138.6,0.8,191.0,2.0,1.4
2019_16_LA_SF,SF,323.0,2,323.0,2,1.0,72.0,2,0.0,95,186.6,2.2,0.0,127.0,0.8,186.6,2.2,1.0
2019_17_SF_SEA,SF,233.0,2,233.0,2,0.0,125.0,1,0.0,96,221.2,2.2,0.2,114.4,1.0,221.2,2.2,0.6
2020_01_ARI_SF,SF,230.0,1,230.0,1,1.0,180.0,2,0.0,97,244.0,2.4,0.2,116.0,1.2,244.0,2.4,0.4
2020_02_SF_NYJ,SF,179.0,1,179.0,1,0.0,104.0,0,0.0,98,269.0,2.4,0.4,116.4,1.4,269.0,2.4,0.2
2020_03_SF_NYG,SF,179.0,0,179.0,0,1.0,66.0,0,2.0,99,235.0,1.6,0.4,114.0,1.2,235.0,1.6,0.0
2020_04_PHI_SF,SF,193.0,1,193.0,1,1.0,93.0,1,0.0,100,228.8,1.2,0.6,109.4,1.0,228.8,1.2,0.4
2020_05_MIA_SF,SF,350.0,3,350.0,3,0.0,94.0,1,0.0,101,202.8,1.0,0.6,113.6,0.8,202.8,1.0,0.4
2020_06_LA_SF,SF,194.0,2,198.0,2,1.0,113.0,0,0.0,102,226.2,1.2,0.6,107.4,0.8,226.2,1.2,0.4
2020_07_SF_NE,SF,162.0,0,162.0,0,4.0,94.0,0,0.0,103,219.8,1.4,0.6,94.0,0.4,219.0,1.4,0.4
2020_08_SF_SEA,SF,261.0,4,261.0,4,0.0,101.0,1,0.0,104,216.4,1.2,1.4,92.0,0.4,215.6,1.2,0.4
2020_09_GB_SF,SF,305.0,4,305.0,4,0.0,111.0,0,0.0,105,232.8,2.0,1.2,99.0,0.6,232.0,2.0,0.0
2020_10_SF_NO,SF,139.0,1,139.0,1,0.0,114.0,2,1.0,106,255.2,2.6,1.0,102.6,0.4,254.4,2.6,0.0
2020_12_SF_LA,SF,198.0,0,198.0,0,2.0,126.0,1,2.0,107,213.0,2.2,1.0,106.6,0.6,212.2,2.2,0.2
2020_13_BUF_SF,SF,375.0,4,375.0,4,0.0,81.0,0,1.0,108,213.0,1.8,1.2,109.2,0.8,213.0,1.8,0.6
2020_14_WAS_SF,SF,108.0,0,108.0,0,1.0,98.0,0,0.0,109,255.6,2.6,0.4,106.6,0.8,255.6,2.6,0.8
2020_15_SF_DAL,SF,221.0,2,221.0,2,0.0,87.0,2,0.0,110,225.0,1.8,0.6,106.0,0.6,225.0,1.8,0.8
2020_16_SF_ARI,SF,247.0,0,247.0,0,1.0,120.0,1,1.0,111,208.2,1.4,0.6,101.2,1.0,208.2,1.4,0.8
2020_17_SEA_SF,SF,181.0,2,181.0,2,0.0,121.0,1,0.0,112,229.8,1.2,0.8,102.4,0.8,229.8,1.2,0.8
2021_01_SF_DET,SF,338.0,3,338.0,3,1.0,116.0,1,0.0,113,226.4,1.6,0.4,101.4,0.8,226.4,1.6,0.4
2021_02_SF_PHI,SF,190.0,0,190.0,0,0.0,151.0,1,0.0,114,219.0,1.4,0.6,108.4,1.0,219.0,1.4,0.2
2021_03_GB_SF,SF,261.0,2,261.0,2,0.0,100.0,1,0.0,115,235.4,1.4,0.4,119.0,1.2,235.4,1.4,0.2
2021_04_SEA_SF,SF,149.0,2,149.0,2,0.0,105.0,2,0.0,116,243.4,1.4,0.4,121.6,1.0,243.4,1.4,0.2
2021_05_SF_ARI,SF,239.0,1,239.0,1,0.0,94.0,1,1.0,117,223.8,1.8,0.2,118.6,1.2,223.8,1.8,0.0
2021_07_IND_SF,SF,150.0,2,150.0,2,0.0,148.0,2,2.0,118,235.4,1.6,0.2,113.2,1.2,235.4,1.6,0.2
2021_08_SF_CHI,SF,175.0,1,175.0,1,1.0,176.0,1,0.0,119,197.8,1.4,0.0,119.6,1.4,197.8,1.4,0.6
2021_09_ARI_SF,SF,282.0,1,282.0,1,0.0,163.0,3,0.0,120,194.8,1.6,0.2,124.6,1.4,194.8,1.6,0.6
2021_10_LA_SF,SF,245.0,1,245.0,1,2.0,52.0,0,0.0,121,199.0,1.4,0.2,137.2,1.8,199.0,1.4,0.6
2021_11_SF_JAX,SF,158.0,0,158.0,0,0.0,54.0,1,1.0,122,218.2,1.2,0.6,126.6,1.4,218.2,1.2,0.6
2021_12_MIN_SF,SF,262.0,2,262.0,2,1.0,67.0,1,1.0,123,202.0,1.0,0.6,118.6,1.4,202.0,1.0,0.6
2021_13_SF_SEA,SF,231.0,2,231.0,2,1.0,146.0,2,2.0,124,224.4,1.0,0.8,102.4,1.2,224.4,1.0,0.4
2021_14_SF_CIN,SF,348.0,2,348.0,2,0.0,86.0,0,0.0,125,235.6,1.2,0.8,96.4,1.4,235.6,1.2,0.8
2021_15_ATL_SF,SF,236.0,1,236.0,1,0.0,62.0,0,1.0,126,248.8,1.4,0.8,81.0,0.8,248.8,1.4,0.8
2021_16_SF_TEN,SF,209.0,1,209.0,1,0.0,90.0,1,0.0,127,247.0,1.4,0.4,83.0,0.8,247.0,1.4,1.0
2021_17_HOU_SF,SF,163.0,1,163.0,1,1.0,86.0,0,0.0,128,257.2,1.6,0.4,90.2,0.8,257.2,1.6,0.8
2021_18_SF_LA,SF,238.0,3,238.0,3,2.0,64.0,0,0.0,129,237.4,1.4,0.4,94.0,0.6,237.4,1.4,0.6
2022_01_SF_CHI,SF,121.0,2,121.0,2,1.0,99.0,1,0.0,130,238.8,1.6,0.6,77.6,0.2,238.8,1.6,0.2
2022_02_SEA_SF,SF,197.0,0,197.0,0,2.0,36.0,0,0.0,131,193.4,1.6,0.8,80.2,0.4,193.4,1.6,0.2
2022_03_SF_DEN,SF,184.0,0,184.0,0,0.0,101.0,1,0.0,132,185.6,1.4,1.2,75.0,0.4,185.6,1.4,0.0
2022_04_LA_SF,SF,254.0,0,254.0,0,1.0,57.0,0,1.0,133,180.6,1.2,1.2,77.2,0.4,180.6,1.2,0.0
2022_05_SF_CAR,SF,275.0,0,275.0,0,1.0,64.0,1,0.0,134,198.8,1.0,1.2,71.4,0.4,198.8,1.0,0.2
2022_06_SF_ATL,SF,129.0,2,129.0,2,0.0,168.0,1,0.0,135,206.2,0.4,1.0,71.4,0.6,206.2,0.4,0.2
2022_07_KC_SF,SF,423.0,3,423.0,3,1.0,112.0,3,0.0,136,207.8,0.4,0.8,85.2,0.6,207.8,0.4,0.2
2022_08_SF_LA,SF,187.0,1,187.0,1,0.0,56.0,1,0.0,137,253.0,1.0,0.6,100.4,1.2,253.0,1.0,0.2
2022_10_LAC_SF,SF,196.0,1,196.0,1,1.0,51.0,0,0.0,138,253.6,1.2,0.6,91.4,1.2,253.6,1.2,0.2
2022_11_SF_ARI,SF,277.0,0,277.0,0,2.0,67.0,1,0.0,139,242.0,1.4,0.6,90.2,1.2,242.0,1.4,0.0
2022_12_NO_SF,SF,204.0,0,204.0,0,0.0,63.0,0,2.0,140,242.4,1.4,0.8,90.8,1.2,242.4,1.4,0.0
2022_13_MIA_SF,SF,295.0,2,295.0,2,3.0,33.0,0,1.0,141,257.4,1.0,0.8,69.8,1.0,257.4,1.0,0.4
2022_14_TB_SF,SF,253.0,1,253.0,1,2.0,69.0,0,1.0,142,231.8,0.8,1.2,54.0,0.4,231.8,0.8,0.6
2022_15_SF_SEA,SF,238.0,1,238.0,1,0.0,70.0,0,1.0,143,245.0,0.8,1.6,56.6,0.2,245.0,0.8,0.8
2022_16_WAS_SF,SF,289.0,3,289.0,3,1.0,79.0,0,1.0,144,253.4,0.8,1.4,60.4,0.2,253.4,0.8,1.0
2022_17_SF_LV,SF,365.0,3,365.0,3,2.0,135.0,1,0.0,145,255.8,1.4,1.2,62.8,0.0,255.8,1.4,1.2
2022_18_ARI_SF,SF,209.0,1,209.0,1,3.0,61.0,1,1.0,146,288.0,2.0,1.6,77.2,0.2,288.0,2.0,0.8
2023_01_SF_PIT,SF,232.0,1,232.0,1,2.0,41.0,0,0.0,147,270.8,1.8,1.6,82.8,0.4,270.8,1.8,0.8
2023_02_SF_LA,SF,307.0,1,307.0,1,2.0,89.0,1,0.0,148,266.6,1.8,1.6,77.2,0.4,266.6,1.8,0.6
2023_03_NYG_SF,SF,137.0,0,137.0,0,1.0,29.0,1,0.0,149,280.4,1.8,2.0,81.0,0.6,280.4,1.8,0.4
2023_04_ARI_SF,SF,265.0,2,265.0,2,0.0,105.0,0,0.0,150,250.0,1.2,2.0,71.0,0.8,250.0,1.2,0.2
2023_05_DAL_SF,SF,161.0,1,161.0,1,3.0,57.0,0,1.0,151,230.0,1.0,1.6,65.0,0.6,230.0,1.0,0.2
2023_06_SF_CLE,SF,192.0,0,192.0,0,2.0,160.0,1,0.0,152,220.4,1.0,1.6,64.2,0.4,220.4,1.0,0.2
2023_07_SF_MIN,SF,378.0,2,378.0,2,1.0,74.0,0,0.0,153,212.4,0.8,1.6,88.0,0.6,212.4,0.8,0.2
2023_08_CIN_SF,SF,283.0,3,283.0,3,0.0,134.0,1,1.0,154,226.6,1.0,1.4,85.0,0.4,226.6,1.0,0.2
2023_10_SF_JAX,SF,190.0,0,190.0,0,2.0,59.0,0,2.0,155,255.8,1.6,1.2,106.0,0.4,255.8,1.6,0.4
2023_11_TB_SF,SF,246.0,1,246.0,1,1.0,66.0,1,1.0,156,240.8,1.2,1.6,96.8,0.4,240.8,1.2,0.8
2023_12_SF_SEA,SF,180.0,0,180.0,0,1.0,88.0,0,0.0,157,257.8,1.2,1.2,98.6,0.6,257.8,1.2,0.8
2023_13_SF_PHI,SF,314.0,1,314.0,1,0.0,46.0,1,0.0,158,255.4,1.2,1.0,84.2,0.4,255.4,1.2,0.8
2023_14_SEA_SF,SF,269.0,2,269.0,2,2.0,70.0,0,0.0,159,242.6,1.0,0.8,78.6,0.6,242.6,1.0,0.8
2023_15_SF_ARI,SF,211.0,1,211.0,1,2.0,234.0,2,0.0,160,239.8,0.8,1.2,65.8,0.4,239.8,0.8,0.6
2023_16_BAL_SF,SF,252.0,2,252.0,2,0.0,102.0,1,0.0,161,244.0,1.0,1.2,100.8,0.8,244.0,1.0,0.2
2023_17_SF_WAS,SF,169.0,1,169.0,1,2.0,62.0,0,0.0,162,245.2,1.2,1.0,108.0,0.8,245.2,1.2,0.0
2023_18_LA_SF,SF,163.0,2,163.0,2,1.0,109.0,1,0.0,163,243.0,1.4,1.2,102.8,0.8,243.0,1.4,0.0
2024_01_NYJ_SF,SF,203.0,2,203.0,2,1.0,68.0,1,1.0,164,212.8,1.6,1.4,115.4,0.8,212.8,1.6,0.0
2024_02_SF_MIN,SF,268.0,2,268.0,2,1.0,146.0,0,1.0,165,199.6,1.6,1.2,115.0,1.0,199.6,1.6,0.2
2024_03_SF_LA,SF,221.0,1,221.0,1,0.0,98.0,2,0.0,166,211.0,1.8,1.0,97.4,0.6,211.0,1.8,0.4
2024_04_NE_SF,SF,168.0,1,168.0,1,1.0,73.0,0,2.0,167,204.8,1.6,1.0,96.6,0.8,204.8,1.6,0.4
2024_05_ARI_SF,SF,195.0,1,195.0,1,1.0,169.0,1,0.0,168,204.6,1.6,0.8,98.8,0.8,204.6,1.6,0.8
2024_06_SF_SEA,SF,312.0,1,312.0,1,2.0,52.0,1,0.0,169,211.0,1.4,0.8,110.8,0.8,211.0,1.4,0.8
2024_07_KC_SF,SF,154.0,0,154.0,0,2.0,184.0,4,0.0,170,232.8,1.2,1.0,107.6,0.8,232.8,1.2,0.6
2024_08_DAL_SF,SF,243.0,2,243.0,2,2.0,56.0,1,0.0,171,210.0,0.8,1.2,115.2,1.6,210.0,0.8,0.4
2024_10_SF_TB,SF,116.0,1,116.0,1,0.0,110.0,1,0.0,172,214.4,1.0,1.6,106.8,1.4,214.4,1.0,0.4
2024_11_SEA_SF,SF,221.0,0,221.0,0,1.0,94.0,2,0.0,173,204.0,1.0,1.4,114.2,1.6,204.0,1.0,0.0
2024_12_SF_GB,SF,163.0,2,163.0,2,0.0,169.0,3,0.0,174,209.2,0.8,1.4,99.2,1.8,209.2,0.8,0.0
2024_13_SF_BUF,SF,145.0,1,152.0,2,0.0,220.0,3,0.0,175,179.4,1.0,1.0,122.6,2.2,179.4,1.0,0.0
2024_14_CHI_SF,SF,140.0,2,140.0,2,0.0,68.0,0,1.0,176,179.0,1.4,0.6,129.8,2.0,177.6,1.2,0.0
2024_15_LA_SF,SF,160.0,0,160.0,0,0.0,142.0,0,0.0,177,158.4,1.4,0.2,132.2,1.8,157.0,1.2,0.2
2024_16_SF_MIA,SF,215.0,1,215.0,1,0.0,166.0,1,0.0,178,167.2,1.2,0.2,138.6,1.6,165.8,1.0,0.2
2024_17_DET_SF,SF,303.0,3,303.0,3,0.0,152.0,2,0.0,179,166.0,1.4,0.0,153.0,1.4,164.6,1.2,0.2
2024_18_SF_ARI,SF,242.0,4,242.0,4,0.0,151.0,2,0.0,180,194.0,1.6,0.0,149.6,1.2,192.6,1.4,0.2
2014_01_CAR_TB,TB,230.0,2,230.0,2,0.0,113.0,0,0.0,1,,,,,,,,
2014_02_STL_TB,TB,235.0,0,235.0,0,0.0,119.0,1,1.0,2,230.0,2.0,0.0,113.0,0.0,230.0,2.0,0.0
2014_03_TB_ATL,TB,350.0,3,350.0,3,1.0,144.0,3,3.0,3,232.5,1.0,0.0,116.0,0.5,232.5,1.0,0.5
2014_04_TB_PIT,TB,337.0,3,331.0,3,0.0,85.0,0,1.0,4,271.6666666666667,1.6666666666666667,0.3333333333333333,125.33333333333333,1.3333333333333333,271.6666666666667,1.6666666666666667,1.3333333333333333
2014_05_TB_NO,TB,371.0,2,371.0,2,3.0,140.0,2,0.0,5,286.5,2.0,0.25,115.25,1.0,288.0,2.0,1.25
2014_06_BAL_TB,TB,306.0,5,306.0,5,0.0,169.0,1,0.0,6,303.4,2.0,0.8,120.2,1.2,304.6,2.0,1.0
2014_08_MIN_TB,TB,241.0,1,241.0,1,0.0,97.0,0,0.0,7,318.6,2.6,0.8,131.4,1.4,319.8,2.6,1.0
2014_09_TB_CLE,TB,300.0,2,300.0,2,2.0,56.0,0,0.0,8,319.8,2.8,0.8,127.0,1.2,321.0,2.8,0.8
2014_10_ATL_TB,TB,219.0,1,219.0,1,0.0,110.0,1,0.0,9,309.8,2.6,1.0,109.4,0.6,311.0,2.6,0.2
2014_11_TB_WAS,TB,207.0,1,207.0,1,2.0,155.0,0,1.0,10,287.4,2.2,1.0,114.4,0.8,287.4,2.2,0.0
2014_12_TB_CHI,TB,130.0,1,130.0,1,0.0,92.0,2,1.0,11,254.6,2.0,0.8,117.4,0.4,254.6,2.0,0.2
2014_13_CIN_TB,TB,187.0,1,187.0,1,3.0,112.0,1,0.0,12,219.4,1.2,0.8,102.0,0.6,219.4,1.2,0.4
2014_14_TB_DET,TB,311.0,3,311.0,3,0.0,113.0,1,0.0,13,208.6,1.2,1.4,105.0,0.8,208.6,1.2,0.4
2014_15_TB_CAR,TB,277.0,1,277.0,1,0.0,123.0,0,1.0,14,210.8,1.4,1.0,116.4,1.0,210.8,1.4,0.4
2014_16_GB_TB,TB,318.0,1,318.0,1,0.0,121.0,1,1.0,15,222.4,1.4,1.0,119.0,0.8,222.4,1.4,0.6
2014_17_NO_TB,TB,281.0,1,281.0,1,3.0,70.0,2,0.0,16,244.6,1.4,0.6,112.2,1.0,244.6,1.4,0.6
2015_01_TEN_TB,TB,209.0,4,209.0,4,0.0,124.0,1,1.0,17,274.8,1.4,1.2,107.8,1.0,274.8,1.4,0.4
2015_02_TB_NO,TB,255.0,1,255.0,1,1.0,104.0,2,2.0,18,279.2,2.0,0.6,110.2,1.0,279.2,2.0,0.6
2015_03_TB_HOU,TB,228.0,1,228.0,1,1.0,186.0,1,0.0,19,268.0,1.6,0.8,108.4,1.2,268.0,1.6,1.0
2015_04_CAR_TB,TB,124.0,2,124.0,2,0.0,133.0,0,1.0,20,258.2,1.6,1.0,121.0,1.4,258.2,1.6,0.8
2015_05_JAX_TB,TB,303.0,4,303.0,4,1.0,55.0,0,1.0,21,219.4,1.8,1.0,123.4,1.2,219.4,1.8,0.8
2015_07_TB_WAS,TB,317.0,3,317.0,3,0.0,50.0,1,1.0,22,223.8,2.4,0.6,120.4,0.8,223.8,2.4,1.0
2015_08_TB_ATL,TB,397.0,2,397.0,2,1.0,101.0,0,2.0,23,245.4,2.2,0.6,105.6,0.8,245.4,2.2,1.0
2015_09_NYG_TB,TB,213.0,2,213.0,2,2.0,114.0,0,0.0,24,273.8,2.4,0.6,105.0,0.4,273.8,2.4,1.0
2015_10_DAL_TB,TB,186.0,0,186.0,0,1.0,42.0,0,0.0,25,270.8,2.6,0.8,90.6,0.2,270.8,2.6,1.0
2015_11_TB_PHI,TB,261.0,2,261.0,2,3.0,136.0,0,1.0,26,283.2,2.2,1.0,72.4,0.2,283.2,2.2,0.8
2015_12_TB_IND,TB,315.0,2,315.0,2,0.0,27.0,0,0.0,27,274.8,1.8,1.4,88.6,0.2,274.8,1.8,0.8
2015_13_ATL_TB,TB,269.0,1,269.0,1,1.0,64.0,0,0.0,28,274.4,1.6,1.4,84.0,0.0,274.4,1.6,0.6
2015_14_NO_TB,TB,312.0,2,312.0,2,0.0,87.0,1,0.0,29,248.8,1.4,1.4,76.6,0.0,248.8,1.4,0.2
2015_15_TB_STL,TB,234.0,2,234.0,2,0.0,98.0,2,0.0,30,268.6,1.4,1.0,71.2,0.2,268.6,1.4,0.2
2015_16_CHI_TB,TB,156.0,1,156.0,1,0.0,174.0,1,0.0,31,278.2,1.8,0.8,82.4,0.6,278.2,1.8,0.2
2015_17_TB_CAR,TB,293.0,2,293.0,2,0.0,111.0,3,2.0,32,257.2,1.6,0.2,90.0,0.8,257.2,1.6,0.0
2016_01_TB_ATL,TB,334.0,2,334.0,2,0.0,52.0,0,0.0,33,252.8,1.6,0.2,106.8,1.4,252.8,1.6,0.4
2016_02_TB_ARI,TB,315.0,3,315.0,3,0.0,105.0,1,0.0,34,265.8,1.8,0.0,104.4,1.4,265.8,1.8,0.4
2016_03_LA_TB,TB,190.0,2,190.0,2,1.0,137.0,2,1.0,35,266.4,2.0,0.0,108.0,1.4,266.4,2.0,0.4
2016_04_DEN_TB,TB,238.0,2,238.0,2,0.0,89.0,1,0.0,36,257.6,2.0,0.2,115.8,1.4,257.6,2.0,0.6
2016_05_TB_CAR,TB,278.0,0,278.0,0,2.0,136.0,2,1.0,37,274.0,2.2,0.2,98.8,1.4,274.0,2.2,0.6
2016_07_TB_SF,TB,143.0,1,143.0,1,1.0,160.0,1,1.0,38,271.0,1.8,0.6,103.8,1.2,271.0,1.8,0.4
2016_08_OAK_TB,TB,513.0,4,513.0,4,0.0,128.0,0,1.0,39,232.8,1.6,0.8,125.4,1.4,232.8,1.6,0.6
2016_09_ATL_TB,TB,344.0,4,344.0,4,0.0,136.0,1,1.0,40,272.4,1.8,0.8,130.0,1.2,272.4,1.8,0.8
2016_10_CHI_TB,TB,182.0,1,182.0,1,2.0,122.0,0,2.0,41,303.2,2.2,0.6,129.8,1.0,303.2,2.2,0.8
2016_11_TB_KC,TB,266.0,1,261.0,1,1.0,82.0,1,0.0,42,292.0,2.0,1.0,136.4,0.8,292.0,2.0,1.2
2016_12_SEA_TB,TB,151.0,0,151.0,0,2.0,127.0,0,1.0,43,288.6,2.2,0.8,125.6,0.6,289.6,2.2,1.0
2016_13_TB_SD,TB,225.0,2,225.0,2,2.0,119.0,1,0.0,44,290.2,2.0,1.0,119.0,0.4,291.2,2.0,1.0
2016_14_NO_TB,TB,257.0,0,257.0,0,3.0,46.0,0,0.0,45,232.6,1.6,1.4,117.2,0.6,233.6,1.6,0.8
2016_15_TB_DAL,TB,279.0,0,279.0,0,0.0,185.0,2,1.0,46,215.2,0.8,2.0,99.2,0.4,216.2,0.8,0.6
2016_16_TB_NO,TB,299.0,1,299.0,1,0.0,123.0,2,0.0,47,234.6,0.6,1.6,111.8,0.8,235.6,0.6,0.4
2016_17_CAR_TB,TB,237.0,1,237.0,1,3.0,128.0,1,0.0,48,242.2,0.6,1.4,120.0,1.0,242.2,0.6,0.4
2017_02_CHI_TB,TB,301.0,1,301.0,1,2.0,20.0,0,1.0,49,259.4,0.8,1.6,120.2,1.2,259.4,0.8,0.2
2017_03_TB_MIN,TB,369.0,3,369.0,3,0.0,125.0,1,0.0,50,274.6,0.6,1.6,100.4,1.0,274.6,0.6,0.4
2017_04_NYG_TB,TB,288.0,2,288.0,2,0.0,91.0,1,0.0,51,297.0,1.2,1.0,116.2,1.2,297.0,1.2,0.4
2017_05_NE_TB,TB,303.0,1,303.0,1,1.0,113.0,0,1.0,52,298.8,1.6,1.0,97.4,1.0,298.8,1.6,0.2
2017_06_TB_ARI,TB,283.0,3,283.0,3,1.0,160.0,2,1.0,53,299.6,1.6,1.2,95.4,0.6,299.6,1.6,0.4
2017_07_TB_BUF,TB,268.0,1,268.0,1,0.0,173.0,2,1.0,54,308.8,2.0,0.8,101.8,0.8,308.8,2.0,0.6
2017_08_CAR_TB,TB,154.0,1,154.0,1,1.0,100.0,1,0.0,55,302.2,2.0,0.4,132.4,1.2,302.2,2.0,0.6
2017_09_TB_NO,TB,263.0,2,263.0,2,0.0,151.0,1,1.0,56,259.2,1.6,0.6,127.4,1.2,259.2,1.6,0.6
2017_10_NYJ_TB,TB,262.0,1,262.0,1,1.0,56.0,0,1.0,57,254.2,1.6,0.6,139.4,1.2,254.2,1.6,0.8
2017_11_TB_MIA,TB,365.0,2,365.0,2,3.0,83.0,0,1.0,58,246.0,1.6,0.6,128.0,1.2,246.0,1.6,0.8
2017_12_TB_ATL,TB,368.0,2,368.0,2,0.0,148.0,2,1.0,59,262.4,1.4,1.0,112.6,0.8,262.4,1.4,0.8
2017_13_TB_GB,TB,84.0,0,84.0,0,1.0,199.0,2,0.0,60,282.4,1.6,1.0,107.6,0.8,282.4,1.6,0.8
2017_14_DET_TB,TB,381.0,1,381.0,1,2.0,53.0,2,1.0,61,268.4,1.4,1.0,127.4,1.0,268.4,1.4,0.8
2017_15_ATL_TB,TB,212.0,1,212.0,1,0.0,201.0,1,0.0,62,292.0,1.2,1.4,107.8,1.2,292.0,1.2,0.8
2017_16_TB_CAR,TB,160.0,0,160.0,0,1.0,115.0,1,0.0,63,282.0,1.2,1.2,136.8,1.4,282.0,1.2,0.6
2017_17_NO_TB,TB,245.0,1,245.0,1,0.0,92.0,1,0.0,64,241.0,0.8,0.8,143.2,1.6,241.0,0.8,0.4
2018_01_TB_NO,TB,439.0,3,439.0,3,0.0,43.0,2,2.0,65,216.4,0.6,0.8,132.0,1.4,216.4,0.6,0.2
2018_02_PHI_TB,TB,339.0,1,334.0,1,0.0,91.0,2,2.0,66,287.4,1.2,0.6,100.8,1.4,287.4,1.2,0.6
2018_03_PIT_TB,TB,353.0,3,353.0,3,1.0,78.0,0,0.0,67,278.0,1.2,0.2,108.4,1.4,279.0,1.2,0.8
2018_04_TB_CHI,TB,354.0,6,354.0,6,0.0,139.0,0,0.0,68,306.2,1.6,0.4,83.8,1.2,307.2,1.6,0.8
2018_06_TB_ATL,TB,355.0,3,355.0,3,0.0,70.0,1,0.0,69,345.0,2.8,0.2,88.6,1.0,346.0,2.8,0.8
2018_07_CLE_TB,TB,215.0,2,215.0,2,0.0,119.0,1,0.0,70,367.0,3.2,0.2,84.2,1.0,368.0,3.2,0.8
2018_08_TB_CIN,TB,280.0,2,280.0,2,0.0,138.0,2,0.0,71,322.2,3.0,0.2,99.4,0.8,323.2,3.0,0.4
2018_09_TB_CAR,TB,247.0,2,247.0,2,0.0,179.0,4,0.0,72,311.4,3.2,0.2,108.8,0.8,311.4,3.2,0.0
2018_10_WAS_TB,TB,178.0,1,178.0,1,0.0,116.0,0,0.0,73,290.2,3.0,0.0,129.0,1.6,290.2,3.0,0.0
2018_11_TB_NYG,TB,231.0,2,231.0,2,0.0,163.0,2,0.0,74,255.0,2.0,0.0,124.4,1.6,255.0,2.0,0.0
2018_12_SF_TB,TB,221.0,1,221.0,1,2.0,148.0,0,0.0,75,230.2,1.8,0.0,143.0,1.8,230.2,1.8,0.0
2018_13_CAR_TB,TB,300.0,2,300.0,2,4.0,168.0,0,0.0,76,231.4,1.6,0.4,148.8,1.6,231.4,1.6,0.0
2018_14_NO_TB,TB,201.0,1,201.0,1,1.0,100.0,2,1.0,77,235.4,1.6,1.2,154.8,1.2,235.4,1.6,0.0
2018_15_TB_BAL,TB,131.0,1,131.0,1,0.0,242.0,1,1.0,78,226.2,1.4,1.4,139.0,0.8,226.2,1.4,0.2
2018_16_TB_DAL,TB,161.0,1,161.0,1,0.0,80.0,1,0.0,79,216.8,1.4,1.4,164.2,1.0,216.8,1.4,0.4
2018_17_ATL_TB,TB,383.0,3,383.0,3,1.0,109.0,1,0.0,80,202.8,1.2,1.4,147.6,0.8,202.8,1.2,0.4
2019_01_SF_TB,TB,166.0,1,166.0,1,1.0,98.0,0,1.0,81,235.2,1.6,1.2,139.8,1.0,235.2,1.6,0.4
2019_02_TB_CAR,TB,333.0,0,333.0,0,0.0,39.0,0,1.0,82,208.4,1.4,0.6,125.8,1.0,208.4,1.4,0.6
2019_03_NYG_TB,TB,336.0,2,336.0,2,0.0,72.0,2,2.0,83,234.8,1.2,0.4,113.6,0.6,234.8,1.2,0.6
2019_04_TB_LA,TB,517.0,2,517.0,2,3.0,28.0,2,1.0,84,275.8,1.4,0.4,79.6,0.8,275.8,1.4,0.8
2019_05_TB_NO,TB,345.0,4,345.0,4,1.0,112.0,0,0.0,85,347.0,1.6,1.0,69.2,1.0,347.0,1.6,1.0
2019_06_CAR_TB,TB,227.0,2,227.0,2,0.0,59.0,2,0.0,86,339.4,1.8,1.0,69.8,0.8,339.4,1.8,1.0
2019_08_TB_TEN,TB,193.0,3,193.0,3,0.0,72.0,0,1.0,87,351.6,2.0,0.8,62.0,1.2,351.6,2.0,0.8
2019_09_TB_SEA,TB,378.0,5,378.0,5,0.0,145.0,0,1.0,88,323.6,2.6,0.8,68.6,1.2,323.6,2.6,0.8
2019_10_ARI_TB,TB,350.0,3,350.0,3,1.0,75.0,0,1.0,89,332.0,3.2,0.8,83.2,0.8,332.0,3.2,0.6
2019_11_NO_TB,TB,228.0,3,228.0,3,0.0,109.0,0,0.0,90,298.6,3.4,0.4,92.6,0.4,298.6,3.4,0.6
2019_12_TB_ATL,TB,326.0,1,326.0,1,1.0,57.0,1,1.0,91,275.2,3.2,0.2,92.0,0.4,275.2,3.2,0.6
2019_13_TB_JAX,TB,240.0,1,240.0,1,2.0,49.0,0,2.0,92,295.0,3.0,0.4,91.6,0.2,295.0,3.0,0.8
2019_14_IND_TB,TB,251.0,2,251.0,2,0.0,66.0,1,1.0,93,304.4,2.6,0.8,87.0,0.2,304.4,2.6,1.0
2019_15_TB_DET,TB,260.0,0,260.0,0,2.0,45.0,2,1.0,94,279.0,2.0,0.8,71.2,0.4,279.0,2.0,1.0
2019_16_HOU_TB,TB,184.0,0,184.0,0,1.0,68.0,1,1.0,95,261.0,1.4,1.0,65.2,0.8,261.0,1.4,1.0
2019_17_ATL_TB,TB,313.0,1,313.0,1,0.0,87.0,0,1.0,96,252.2,0.8,1.2,57.0,1.0,252.2,0.8,1.2
2020_01_TB_NO,TB,198.0,2,198.0,2,0.0,82.0,1,0.0,97,249.6,0.8,1.0,63.0,0.8,249.6,0.8,1.2
2020_02_CAR_TB,TB,367.0,0,367.0,0,2.0,87.0,2,2.0,98,241.2,1.0,0.6,69.6,1.0,241.2,1.0,0.8
2020_03_TB_DEN,TB,229.0,1,229.0,1,2.0,42.0,0,0.0,99,264.4,0.6,1.0,73.8,1.2,264.4,0.6,1.0
2020_04_LAC_TB,TB,290.0,3,290.0,3,1.0,46.0,0,1.0,100,258.2,0.8,1.0,73.2,0.8,258.2,0.8,0.8
2020_05_TB_CHI,TB,243.0,1,243.0,1,1.0,35.0,1,0.0,101,279.4,1.4,1.0,68.8,0.6,279.4,1.4,0.8
2020_06_GB_TB,TB,160.0,0,160.0,0,2.0,94.0,1,0.0,102,265.4,1.4,1.2,58.4,0.8,265.4,1.4,0.6
2020_07_TB_LV,TB,284.0,2,284.0,2,1.0,76.0,0,0.0,103,257.8,1.0,1.6,60.8,0.8,257.8,1.0,0.6
2020_08_TB_NYG,TB,274.0,2,274.0,2,2.0,101.0,1,0.0,104,241.2,1.4,1.4,58.6,0.4,241.2,1.4,0.2
2020_09_NO_TB,TB,282.0,4,282.0,4,0.0,138.0,1,2.0,105,250.2,1.6,1.4,70.4,0.6,250.2,1.6,0.2
2020_10_TB_CAR,TB,148.0,2,148.0,2,1.0,65.0,1,0.0,106,248.6,1.8,1.2,88.8,0.8,248.6,1.8,0.4
2020_11_LA_TB,TB,376.0,3,376.0,3,2.0,37.0,0,0.0,107,229.6,2.0,1.2,94.8,0.8,229.6,2.0,0.4
2020_12_KC_TB,TB,462.0,3,462.0,3,0.0,87.0,0,1.0,108,272.8,2.6,1.2,83.4,0.6,272.8,2.6,0.4
2020_14_MIN_TB,TB,225.0,1,225.0,1,0.0,162.0,1,1.0,109,308.4,2.8,1.0,85.6,0.6,308.4,2.8,0.6
2020_15_TB_ATL,TB,356.0,3,356.0,3,0.0,37.0,0,0.0,110,298.6,2.6,0.6,97.8,0.6,298.6,2.6,0.8
2020_16_TB_DET,TB,152.0,0,152.0,0,1.0,73.0,0,1.0,111,313.4,2.4,0.6,77.6,0.4,313.4,2.4,0.4
2020_17_ATL_TB,TB,265.0,2,265.0,2,0.0,127.0,1,2.0,112,314.2,2.0,0.6,79.2,0.2,314.2,2.0,0.6
2021_01_DAL_TB,TB,403.0,3,403.0,3,1.0,60.0,0,0.0,113,292.0,1.8,0.2,97.2,0.4,292.0,1.8,1.0
2021_02_ATL_TB,TB,300.0,2,300.0,2,3.0,55.0,1,0.0,114,280.2,1.8,0.4,91.8,0.4,280.2,1.8,0.8
2021_03_TB_LA,TB,343.0,4,343.0,4,0.0,76.0,0,0.0,115,295.2,2.0,1.0,70.4,0.4,295.2,2.0,0.6
2021_04_TB_NE,TB,320.0,2,320.0,2,1.0,-1.0,0,1.0,116,292.6,2.2,1.0,78.2,0.4,292.6,2.2,0.6
2021_05_MIA_TB,TB,275.0,2,275.0,2,1.0,39.0,0,1.0,117,326.2,2.6,1.0,63.4,0.4,326.2,2.6,0.6
2021_06_TB_PHI,TB,115.0,1,115.0,1,1.0,100.0,2,0.0,118,328.2,2.6,1.2,45.8,0.2,328.2,2.6,0.4
2021_07_CHI_TB,TB,184.0,0,184.0,0,3.0,143.0,0,2.0,119,270.6,2.2,1.2,53.8,0.6,270.6,2.2,0.4
2021_08_TB_NO,TB,215.0,2,215.0,2,0.0,152.0,1,0.0,120,247.4,1.8,1.2,71.4,0.4,247.4,1.8,0.8
2021_10_TB_WAS,TB,256.0,1,256.0,1,0.0,94.0,2,1.0,121,221.8,1.4,1.2,86.6,0.6,221.8,1.4,0.8
2021_11_NYG_TB,TB,167.0,1,167.0,1,2.0,66.0,0,1.0,122,209.0,1.2,1.0,105.6,1.0,209.0,1.2,0.8
2021_12_TB_IND,TB,306.0,3,306.0,3,2.0,107.0,1,2.0,123,187.4,1.0,1.2,111.0,1.0,187.4,1.0,0.8
2021_13_TB_ATL,TB,297.0,0,297.0,0,0.0,121.0,1,1.0,124,225.6,1.4,1.4,112.4,0.8,225.6,1.4,1.2
2021_14_BUF_TB,TB,308.0,2,308.0,2,1.0,173.0,1,0.0,125,248.2,1.4,0.8,108.0,1.0,248.2,1.4,1.0
2021_15_NO_TB,TB,154.0,0,154.0,0,0.0,61.0,0,0.0,126,266.8,1.4,1.0,112.2,1.0,266.8,1.4,1.0
2021_16_TB_CAR,TB,251.0,0,251.0,0,1.0,67.0,0,0.0,127,246.4,1.2,1.0,105.6,0.6,246.4,1.2,0.8
2021_17_TB_NYJ,TB,234.0,1,234.0,1,0.0,150.0,2,1.0,128,263.2,1.0,0.8,105.8,0.6,263.2,1.0,0.6
2021_18_CAR_TB,TB,219.0,2,219.0,2,1.0,110.0,0,1.0,129,248.8,0.6,0.4,114.4,0.8,248.8,0.6,0.4
2022_01_TB_DAL,TB,198.0,0,198.0,0,1.0,71.0,0,0.0,130,233.2,1.0,0.6,112.2,0.6,233.2,1.0,0.4
2022_02_TB_NO,TB,236.0,1,236.0,1,3.0,100.0,0,2.0,131,211.2,0.6,0.6,91.8,0.4,211.2,0.6,0.4
2022_03_GB_TB,TB,255.0,2,255.0,2,1.0,67.0,0,1.0,132,227.6,0.8,1.2,99.6,0.4,227.6,0.8,0.8
2022_04_KC_TB,TB,249.0,3,249.0,3,1.0,189.0,2,0.0,133,228.4,1.2,1.2,99.6,0.4,228.4,1.2,1.0
2022_05_ATL_TB,TB,147.0,1,147.0,1,0.0,151.0,1,0.0,134,231.4,1.6,1.4,107.4,0.4,231.4,1.6,0.8
2022_06_TB_PIT,TB,211.0,2,211.0,2,0.0,77.0,0,0.0,135,217.0,1.4,1.2,115.6,0.6,217.0,1.4,0.6
2022_07_TB_CAR,TB,177.0,2,177.0,2,0.0,173.0,1,0.0,136,219.6,1.8,1.0,116.8,0.6,219.6,1.8,0.6
2022_08_BAL_TB,TB,238.0,2,238.0,2,0.0,231.0,1,0.0,137,207.8,2.0,0.4,131.4,0.8,207.8,2.0,0.2
2022_09_LA_TB,TB,165.0,1,165.0,1,0.0,68.0,0,0.0,138,204.4,2.0,0.2,164.2,1.0,204.4,2.0,0.0
2022_10_SEA_TB,TB,275.0,2,275.0,2,0.0,39.0,0,1.0,139,187.6,1.6,0.0,140.0,0.6,187.6,1.6,0.0
2022_12_TB_CLE,TB,210.0,1,210.0,1,1.0,189.0,2,0.0,140,213.2,1.8,0.0,117.6,0.4,213.2,1.8,0.2
2022_13_NO_TB,TB,250.0,1,250.0,1,0.0,66.0,0,0.0,141,213.0,1.6,0.2,140.0,0.8,213.0,1.6,0.2
2022_14_TB_SF,TB,195.0,2,195.0,2,0.0,209.0,3,1.0,142,227.6,1.4,0.2,118.6,0.6,227.6,1.4,0.2
2022_15_CIN_TB,TB,200.0,4,200.0,4,1.0,53.0,0,0.0,143,219.0,1.4,0.2,114.2,1.0,219.0,1.4,0.4
2022_16_TB_ARI,TB,221.0,0,221.0,0,1.0,121.0,1,2.0,144,226.0,2.0,0.4,111.2,1.0,226.0,2.0,0.4
2022_17_CAR_TB,TB,341.0,3,341.0,3,1.0,74.0,0,2.0,145,215.2,1.6,0.6,127.6,1.2,215.2,1.6,0.6
2022_18_TB_ATL,TB,224.0,2,224.0,2,0.0,174.0,1,1.0,146,241.4,2.0,0.6,104.6,0.8,241.4,2.0,1.0
2023_01_TB_MIN,TB,344.0,2,344.0,2,1.0,41.0,0,2.0,147,236.2,2.2,0.6,126.2,1.0,236.2,2.2,1.2
2023_02_CHI_TB,TB,211.0,1,211.0,1,2.0,67.0,1,0.0,148,266.0,2.2,0.8,92.6,0.4,266.0,2.2,1.4
2023_03_PHI_TB,TB,277.0,1,277.0,1,2.0,201.0,1,0.0,149,268.2,1.6,1.0,95.4,0.6,268.2,1.6,1.4
2023_04_TB_NO,TB,140.0,0,140.0,0,1.0,70.0,0,2.0,150,279.4,1.8,1.2,111.4,0.6,279.4,1.8,1.0
2023_06_DET_TB,TB,353.0,2,353.0,2,0.0,40.0,0,0.0,151,239.2,1.2,1.2,110.6,0.6,239.2,1.2,1.0
2023_07_ATL_TB,TB,250.0,0,250.0,0,0.0,156.0,1,1.0,152,265.0,1.2,1.2,83.8,0.4,265.0,1.2,0.8
2023_08_TB_BUF,TB,324.0,2,324.0,2,1.0,115.0,1,0.0,153,246.2,0.8,1.0,106.8,0.6,246.2,0.8,0.6
2023_09_TB_HOU,TB,470.0,5,470.0,5,0.0,43.0,0,1.0,154,268.8,1.0,0.8,116.4,0.6,268.8,1.0,0.6
2023_10_TEN_TB,TB,199.0,0,199.0,0,1.0,42.0,0,0.0,155,307.4,1.8,0.4,84.8,0.4,307.4,1.8,0.8
2023_11_TB_SF,TB,333.0,3,333.0,3,0.0,115.0,0,0.0,156,319.2,1.8,0.4,79.2,0.4,319.2,1.8,0.4
2023_12_TB_IND,TB,251.0,0,251.0,0,1.0,155.0,3,0.0,157,315.2,2.0,0.4,94.2,0.4,315.2,2.0,0.4
2023_13_CAR_TB,TB,178.0,0,178.0,0,1.0,133.0,2,0.0,158,315.4,2.0,0.6,94.0,0.8,315.4,2.0,0.2
2023_14_TB_ATL,TB,347.0,1,347.0,1,1.0,96.0,2,0.0,159,286.2,1.6,0.6,97.6,1.0,286.2,1.6,0.2
2023_15_TB_GB,TB,284.0,2,284.0,2,0.0,60.0,0,1.0,160,261.6,0.8,0.8,108.2,1.4,261.6,0.8,0.0
2023_16_JAX_TB,TB,305.0,2,305.0,2,2.0,37.0,0,2.0,161,278.6,1.2,0.6,111.8,1.4,278.6,1.2,0.2
2023_17_NO_TB,TB,208.0,2,208.0,2,0.0,108.0,0,0.0,162,273.0,1.0,1.0,96.2,1.4,273.0,1.0,0.6
2023_18_TB_CAR,TB,94.0,0,94.0,0,0.0,131.0,0,2.0,163,264.4,1.4,0.8,86.8,0.8,264.4,1.4,0.6
2024_01_WAS_TB,TB,184.0,0,184.0,0,0.0,138.0,3,0.0,164,247.6,1.4,0.6,86.4,0.4,247.6,1.4,1.0
2024_02_TB_DET,TB,324.0,0,324.0,0,2.0,139.0,1,0.0,165,215.0,1.2,0.4,94.8,0.6,215.0,1.2,1.0
2024_03_DEN_TB,TB,216.0,0,216.0,0,0.0,136.0,2,1.0,166,223.0,0.8,0.8,110.6,0.8,223.0,0.8,0.8
2024_04_PHI_TB,TB,158.0,1,158.0,1,0.0,113.0,1,1.0,167,205.2,0.4,0.4,130.4,1.2,205.2,0.4,0.6
2024_05_TB_ATL,TB,509.0,4,509.0,4,1.0,73.0,0,0.0,168,195.2,0.2,0.4,131.4,1.4,195.2,0.2,0.8
2024_06_TB_NO,TB,243.0,1,243.0,1,2.0,81.0,1,1.0,169,278.2,1.0,0.6,119.8,1.4,278.2,1.0,0.4
2024_07_BAL_TB,TB,281.0,5,281.0,5,0.0,244.0,0,1.0,170,290.0,1.2,1.0,108.4,1.0,290.0,1.2,0.6
2024_08_ATL_TB,TB,276.0,4,276.0,4,0.0,129.0,0,0.0,171,281.4,2.2,0.6,129.4,0.8,281.4,2.2,0.8
2024_09_TB_KC,TB,291.0,3,291.0,3,0.0,124.0,1,1.0,172,293.4,3.0,0.6,128.0,0.4,293.4,3.0,0.6
2024_10_SF_TB,TB,353.0,2,353.0,2,0.0,75.0,0,0.0,173,320.0,3.4,0.6,130.2,0.4,320.0,3.4,0.6
2024_12_TB_NYG,TB,192.0,0,192.0,0,0.0,76.0,1,1.0,174,288.8,3.0,0.4,130.6,0.4,288.8,3.0,0.6
2024_13_TB_CAR,TB,298.0,1,298.0,1,0.0,78.0,1,1.0,175,278.6,2.8,0.0,129.6,0.4,278.6,2.8,0.6
2024_14_LV_TB,TB,205.0,0,205.0,0,1.0,91.0,1,1.0,176,282.0,2.0,0.0,96.4,0.6,282.0,2.0,0.6
2024_15_TB_LAC,TB,199.0,2,199.0,2,1.0,32.0,0,1.0,177,267.8,1.2,0.2,88.8,0.8,267.8,1.2,0.8
2024_16_TB_DAL,TB,292.0,1,292.0,1,0.0,31.0,1,0.0,178,249.4,1.0,0.4,70.4,0.6,249.4,1.0,0.8
2024_17_CAR_TB,TB,203.0,2,203.0,2,0.0,39.0,0,0.0,179,237.2,0.8,0.4,61.6,0.8,237.2,0.8,0.8
2024_18_NO_TB,TB,240.0,1,240.0,1,0.0,64.0,0,0.0,180,239.4,1.2,0.4,54.2,0.6,239.4,1.2,0.6
2014_01_TEN_KC,TEN,202.0,1,202.0,1,3.0,67.0,0,0.0,1,,,,,,,,
2014_02_DAL_TEN,TEN,176.0,1,176.0,1,0.0,220.0,1,1.0,2,202.0,1.0,3.0,67.0,0.0,202.0,1.0,0.0
2014_03_TEN_CIN,TEN,184.0,1,184.0,1,1.0,116.0,3,0.0,3,189.0,1.0,1.5,143.5,0.5,189.0,1.0,0.5
2014_04_TEN_IND,TEN,393.0,4,393.0,4,1.0,105.0,1,0.0,4,187.33333333333334,1.0,1.3333333333333333,134.33333333333334,1.3333333333333333,187.33333333333334,1.0,0.3333333333333333
2014_05_CLE_TEN,TEN,291.0,3,291.0,3,1.0,176.0,0,0.0,5,238.75,1.75,1.25,127.0,1.25,238.75,1.75,0.25
2014_06_JAX_TEN,TEN,336.0,1,336.0,1,1.0,82.0,1,1.0,6,249.2,2.0,1.2,136.8,1.0,249.2,2.0,0.2
2014_07_TEN_WAS,TEN,267.0,1,267.0,1,1.0,100.0,0,1.0,7,276.0,2.0,0.8,139.8,1.2,276.0,2.0,0.4
2014_08_HOU_TEN,TEN,227.0,1,227.0,1,0.0,212.0,2,0.0,8,294.2,2.0,1.0,115.8,1.0,294.2,2.0,0.4
2014_10_TEN_BAL,TEN,169.0,1,169.0,1,0.0,151.0,2,0.0,9,302.8,2.0,0.8,135.0,0.8,302.8,2.0,0.4
2014_11_PIT_TEN,TEN,207.0,1,207.0,1,1.0,206.0,1,0.0,10,258.0,1.4,0.6,144.2,1.0,258.0,1.4,0.4
2014_12_TEN_PHI,TEN,307.0,1,307.0,1,2.0,164.0,2,0.0,11,241.2,1.0,0.6,150.2,1.2,241.2,1.0,0.4
2014_13_TEN_HOU,TEN,358.0,6,358.0,6,0.0,99.0,0,1.0,12,235.4,1.0,0.8,166.6,1.4,235.4,1.0,0.2
2014_14_NYG_TEN,TEN,260.0,1,260.0,1,1.0,142.0,1,0.0,13,253.6,2.0,0.6,166.4,1.4,253.6,2.0,0.2
2014_15_NYJ_TEN,TEN,179.0,1,179.0,1,0.0,114.0,1,0.0,14,260.2,2.0,0.8,152.4,1.2,260.2,2.0,0.2
2014_16_TEN_JAX,TEN,124.0,1,124.0,1,0.0,177.0,2,0.0,15,262.2,2.0,0.8,145.0,1.0,262.2,2.0,0.2
2014_17_IND_TEN,TEN,315.0,3,315.0,3,0.0,64.0,0,0.0,16,245.6,2.0,0.6,139.2,1.2,245.6,2.0,0.2
2015_01_TEN_TB,TEN,210.0,2,210.0,2,2.0,92.0,0,0.0,17,247.2,2.4,0.2,119.2,0.8,247.2,2.4,0.2
2015_02_TEN_CLE,TEN,172.0,2,172.0,2,0.0,116.0,1,0.0,18,217.6,1.6,0.6,117.8,0.8,217.6,1.6,0.0
2015_03_IND_TEN,TEN,260.0,2,260.0,2,2.0,133.0,2,0.0,19,200.0,1.8,0.4,112.6,0.8,200.0,1.8,0.0
2015_05_BUF_TEN,TEN,113.0,1,113.0,1,0.0,127.0,1,0.0,20,216.2,2.0,0.8,116.4,1.0,216.2,2.0,0.0
2015_06_MIA_TEN,TEN,266.0,2,266.0,2,2.0,180.0,2,0.0,21,214.0,2.0,0.8,106.4,0.8,214.0,2.0,0.0
2015_07_ATL_TEN,TEN,251.0,1,251.0,1,2.0,127.0,0,0.0,22,204.2,1.8,1.2,129.6,1.2,204.2,1.8,0.0
2015_08_TEN_HOU,TEN,235.0,2,235.0,2,0.0,56.0,0,0.0,23,212.4,1.6,1.2,136.6,1.2,212.4,1.6,0.0
2015_09_TEN_NO,TEN,387.0,3,387.0,3,1.0,61.0,1,0.0,24,225.0,1.6,1.2,124.6,1.0,225.0,1.6,0.0
2015_10_CAR_TEN,TEN,217.0,1,217.0,1,0.0,119.0,2,0.0,25,250.4,1.8,1.0,110.2,0.8,250.4,1.8,0.0
2015_11_TEN_JAX,TEN,242.0,1,242.0,1,1.0,90.0,0,1.0,26,271.2,1.8,1.0,108.6,1.0,271.2,1.8,0.0
2015_12_OAK_TEN,TEN,342.0,3,330.0,3,0.0,84.0,0,1.0,27,266.4,1.6,0.8,90.6,0.6,266.4,1.6,0.2
2015_13_JAX_TEN,TEN,322.0,5,322.0,5,0.0,81.0,1,0.0,28,282.2,2.0,0.4,82.0,0.6,284.6,2.0,0.4
2015_14_TEN_NYJ,TEN,263.0,3,263.0,3,0.0,183.0,0,0.0,29,299.6,2.6,0.4,87.0,0.8,302.0,2.6,0.4
2015_15_TEN_NE,TEN,267.0,2,267.0,2,0.0,93.0,0,0.0,30,274.8,2.6,0.2,111.4,0.6,277.2,2.6,0.4
2015_16_HOU_TEN,TEN,207.0,2,207.0,2,0.0,128.0,1,1.0,31,284.8,2.8,0.2,106.2,0.2,287.2,2.8,0.4
2015_17_TEN_IND,TEN,207.0,2,207.0,2,1.0,127.0,0,0.0,32,277.8,3.0,0.0,113.8,0.4,280.2,3.0,0.4
2016_01_MIN_TEN,TEN,236.0,0,236.0,0,0.0,65.0,0,0.0,33,253.2,2.8,0.2,122.4,0.4,253.2,2.8,0.2
2016_02_TEN_DET,TEN,260.0,1,260.0,1,1.0,137.0,0,0.0,34,236.0,1.8,0.2,119.2,0.2,236.0,1.8,0.2
2016_03_OAK_TEN,TEN,249.0,1,249.0,1,1.0,123.0,1,0.0,35,235.4,1.4,0.4,110.0,0.2,235.4,1.4,0.2
2016_04_TEN_HOU,TEN,254.0,2,254.0,2,2.0,115.0,0,0.0,36,231.8,1.2,0.6,116.0,0.4,231.8,1.2,0.2
2016_05_TEN_MIA,TEN,191.0,0,191.0,0,2.0,51.0,1,0.0,37,241.2,1.2,1.0,113.4,0.2,241.2,1.2,0.0
2016_06_CLE_TEN,TEN,337.0,2,337.0,2,0.0,40.0,1,0.0,38,238.0,0.8,1.2,98.2,0.4,238.0,0.8,0.0
2016_07_IND_TEN,TEN,353.0,3,353.0,3,0.0,81.0,0,0.0,39,258.2,1.2,1.2,93.2,0.6,258.2,1.2,0.0
2016_08_JAX_TEN,TEN,337.0,3,337.0,3,0.0,48.0,0,0.0,40,276.8,1.6,1.0,82.0,0.6,276.8,1.6,0.0
2016_09_TEN_SD,TEN,275.0,2,275.0,2,0.0,208.0,1,0.0,41,294.4,2.0,0.8,67.0,0.4,294.4,2.0,0.0
2016_10_GB_TEN,TEN,379.0,2,379.0,2,2.0,69.0,1,0.0,42,298.6,2.0,0.4,85.6,0.6,298.6,2.0,0.0
2016_11_TEN_IND,TEN,262.0,2,262.0,2,1.0,76.0,1,0.0,43,336.2,2.4,0.4,89.2,0.6,336.2,2.4,0.0
2016_12_TEN_CHI,TEN,316.0,3,316.0,3,2.0,95.0,0,0.0,44,321.2,2.4,0.6,96.4,0.6,321.2,2.4,0.0
2016_14_DEN_TEN,TEN,350.0,1,350.0,1,0.0,18.0,0,2.0,45,313.8,2.4,1.0,99.2,0.6,313.8,2.4,0.0
2016_15_TEN_KC,TEN,163.0,0,163.0,0,1.0,157.0,2,0.0,46,316.4,2.0,1.0,93.2,0.6,316.4,2.0,0.4
2016_16_TEN_JAX,TEN,345.0,2,345.0,2,0.0,84.0,1,1.0,47,294.0,1.6,1.2,83.0,0.8,294.0,1.6,0.4
2016_17_HOU_TEN,TEN,278.0,1,278.0,1,0.0,46.0,1,1.0,48,287.2,1.6,0.8,86.0,0.8,287.2,1.6,0.6
2017_01_OAK_TEN,TEN,262.0,2,262.0,2,0.0,109.0,0,0.0,49,290.4,1.4,0.6,80.0,0.8,290.4,1.4,0.8
2017_02_TEN_JAX,TEN,223.0,1,223.0,1,2.0,99.0,1,1.0,50,279.6,1.2,0.2,82.8,0.8,279.6,1.2,0.8
2017_03_SEA_TEN,TEN,373.0,4,373.0,4,0.0,69.0,0,0.0,51,254.2,1.2,0.6,99.0,1.0,254.2,1.2,0.6
2017_04_TEN_HOU,TEN,283.0,4,283.0,4,1.0,173.0,2,0.0,52,296.2,2.0,0.4,81.4,0.6,296.2,2.0,0.6
2017_05_TEN_MIA,TEN,92.0,1,92.0,1,1.0,100.0,0,1.0,53,283.8,2.4,0.6,99.2,0.8,283.8,2.4,0.4
2017_06_IND_TEN,TEN,212.0,1,212.0,1,0.0,85.0,0,1.0,54,246.6,2.4,0.8,110.0,0.6,246.6,2.4,0.4
2017_07_TEN_CLE,TEN,235.0,0,235.0,0,3.0,66.0,0,0.0,55,236.6,2.2,0.8,105.2,0.6,236.6,2.2,0.6
2017_09_BAL_TEN,TEN,277.0,2,277.0,2,2.0,73.0,0,0.0,56,239.0,2.0,1.0,98.6,0.4,239.0,2.0,0.4
2017_10_CIN_TEN,TEN,265.0,2,265.0,2,0.0,53.0,1,2.0,57,219.8,1.6,1.4,99.4,0.4,219.8,1.6,0.4
2017_11_TEN_PIT,TEN,307.0,4,307.0,4,0.0,65.0,0,0.0,58,216.2,1.2,1.2,75.4,0.2,216.2,1.2,0.8
2017_12_TEN_IND,TEN,196.0,0,196.0,0,0.0,89.0,1,1.0,59,259.2,1.8,1.0,68.4,0.2,259.2,1.8,0.6
2017_13_HOU_TEN,TEN,365.0,1,365.0,1,1.0,53.0,0,0.0,60,256.0,1.6,1.0,69.2,0.4,256.0,1.6,0.6
2017_14_TEN_ARI,TEN,178.0,0,178.0,0,0.0,136.0,0,0.0,61,282.0,1.8,0.6,66.6,0.4,282.0,1.8,0.6
2017_15_TEN_SF,TEN,381.0,1,381.0,1,0.0,51.0,0,0.0,62,262.2,1.4,0.2,79.2,0.4,262.2,1.4,0.6
2017_16_LA_TEN,TEN,301.0,4,301.0,4,0.0,116.0,0,1.0,63,285.4,1.2,0.2,78.8,0.2,285.4,1.2,0.2
2017_17_JAX_TEN,TEN,158.0,0,158.0,0,2.0,83.0,0,1.0,64,284.2,1.2,0.2,89.0,0.2,284.2,1.2,0.4
2018_01_TEN_MIA,TEN,230.0,2,230.0,2,2.0,120.0,0,0.0,65,276.6,1.2,0.6,87.8,0.0,276.6,1.2,0.4
2018_02_HOU_TEN,TEN,310.0,2,310.0,2,1.0,148.0,0,0.0,66,249.6,1.4,0.8,101.2,0.0,249.6,1.4,0.4
2018_03_TEN_JAX,TEN,155.0,0,155.0,0,0.0,87.0,0,1.0,67,276.0,1.8,1.0,103.6,0.0,276.0,1.8,0.4
2018_04_PHI_TEN,TEN,348.0,2,348.0,2,0.0,117.0,0,1.0,68,230.8,1.6,1.0,110.8,0.0,230.8,1.6,0.6
2018_05_TEN_BUF,TEN,82.0,0,82.0,0,1.0,144.0,1,0.0,69,240.2,1.2,1.0,111.0,0.0,240.2,1.2,0.6
2018_06_BAL_TEN,TEN,238.0,1,238.0,1,1.0,123.0,2,0.0,70,225.0,1.2,0.8,123.2,0.2,225.0,1.2,0.4
2018_07_TEN_LAC,TEN,306.0,2,306.0,2,0.0,47.0,0,0.0,71,226.6,1.0,0.6,123.8,0.6,226.6,1.0,0.4
2018_09_TEN_DAL,TEN,243.0,2,243.0,2,1.0,72.0,0,1.0,72,225.8,1.0,0.4,103.6,0.6,225.8,1.0,0.4
2018_10_NE_TEN,TEN,267.0,0,267.0,0,0.0,40.0,1,0.0,73,243.4,1.4,0.6,100.6,0.6,243.4,1.4,0.4
2018_11_TEN_IND,TEN,295.0,3,295.0,3,0.0,102.0,2,0.0,74,227.2,1.0,0.6,85.2,0.8,227.2,1.0,0.2
2018_12_TEN_HOU,TEN,210.0,2,210.0,2,0.0,281.0,2,0.0,75,269.8,1.6,0.4,76.8,1.0,269.8,1.6,0.2
2018_13_NYJ_TEN,TEN,128.0,0,128.0,0,1.0,156.0,0,0.0,76,264.2,1.8,0.2,108.4,1.0,264.2,1.8,0.2
2018_14_JAX_TEN,TEN,240.0,1,240.0,1,0.0,60.0,0,1.0,77,228.6,1.4,0.4,130.2,1.0,228.6,1.4,0.2
2018_15_TEN_NYG,TEN,229.0,0,229.0,0,1.0,47.0,0,1.0,78,228.0,1.2,0.2,127.8,1.0,228.0,1.2,0.2
2018_16_WAS_TEN,TEN,153.0,1,153.0,1,2.0,161.0,0,0.0,79,220.4,1.2,0.4,129.2,0.8,220.4,1.2,0.4
2018_17_IND_TEN,TEN,285.0,3,285.0,3,1.0,158.0,1,1.0,80,192.0,0.8,0.8,141.0,0.4,192.0,0.8,0.4
2019_01_TEN_CLE,TEN,285.0,1,285.0,1,3.0,102.0,1,0.0,81,207.0,1.0,1.0,116.4,0.2,207.0,1.0,0.6
2019_02_IND_TEN,TEN,146.0,3,146.0,3,1.0,167.0,0,1.0,82,238.4,1.2,1.4,105.6,0.4,238.4,1.2,0.6
2019_03_TEN_JAX,TEN,204.0,2,204.0,2,0.0,88.0,0,0.0,83,219.6,1.6,1.6,127.0,0.4,219.6,1.6,0.6
2019_04_TEN_ATL,TEN,397.0,0,397.0,0,0.0,58.0,1,1.0,84,214.6,2.0,1.4,135.2,0.4,214.6,2.0,0.4
2019_05_BUF_TEN,TEN,219.0,2,219.0,2,1.0,109.0,0,0.0,85,263.4,1.8,1.0,114.6,0.6,263.4,1.8,0.6
2019_06_TEN_DEN,TEN,177.0,0,177.0,0,1.0,103.0,1,0.0,86,250.2,1.6,1.0,104.8,0.4,250.2,1.6,0.4
2019_07_LAC_TEN,TEN,329.0,2,329.0,2,0.0,39.0,0,1.0,87,228.6,1.4,0.6,105.0,0.4,228.6,1.4,0.4
2019_08_TB_TEN,TEN,301.0,2,301.0,2,2.0,106.0,0,2.0,88,265.2,1.2,0.4,79.4,0.4,265.2,1.2,0.4
2019_09_TEN_CAR,TEN,232.0,2,232.0,2,1.0,156.0,2,0.0,89,284.6,1.2,0.8,83.0,0.4,284.6,1.2,0.8
2019_10_KC_TEN,TEN,446.0,3,446.0,3,0.0,97.0,0,1.0,90,251.6,1.6,1.0,102.6,0.6,251.6,1.6,0.6
2019_12_JAX_TEN,TEN,272.0,0,272.0,0,0.0,117.0,2,0.0,91,297.0,1.8,0.8,100.2,0.6,297.0,1.8,0.8
2019_13_TEN_IND,TEN,319.0,1,319.0,1,2.0,82.0,1,1.0,92,316.0,1.8,0.6,103.0,0.8,316.0,1.8,0.8
2019_14_TEN_OAK,TEN,262.0,2,262.0,2,0.0,97.0,1,1.0,93,314.0,1.6,1.0,111.6,1.0,314.0,1.6,0.8
2019_15_HOU_TEN,TEN,243.0,2,243.0,2,2.0,140.0,1,0.0,94,306.2,1.6,0.6,109.8,1.2,306.2,1.6,0.6
2019_16_NO_TEN,TEN,299.0,3,299.0,3,0.0,102.0,2,0.0,95,308.4,1.6,0.8,106.6,1.0,308.4,1.6,0.6
2019_17_TEN_HOU,TEN,225.0,0,225.0,0,1.0,109.0,2,0.0,96,279.0,1.6,0.8,107.6,1.4,279.0,1.6,0.4
2020_01_TEN_DEN,TEN,216.0,1,216.0,1,0.0,107.0,1,1.0,97,269.6,1.6,1.0,106.0,1.4,269.6,1.6,0.4
2020_02_JAX_TEN,TEN,339.0,3,339.0,3,2.0,165.0,1,0.0,98,249.0,1.6,0.6,111.0,1.4,249.0,1.6,0.4
2020_03_TEN_MIN,TEN,251.0,3,251.0,3,2.0,226.0,1,1.0,99,264.4,1.8,1.0,124.6,1.4,264.4,1.8,0.2
2020_05_BUF_TEN,TEN,285.0,2,285.0,2,2.0,95.0,0,0.0,100,266.0,2.0,1.0,141.8,1.4,266.0,2.0,0.4
2020_06_HOU_TEN,TEN,335.0,4,335.0,4,0.0,92.0,1,0.0,101,263.2,1.8,1.4,140.4,1.0,263.2,1.8,0.4
2020_07_PIT_TEN,TEN,268.0,2,268.0,2,3.0,94.0,1,0.0,102,285.2,2.6,1.2,137.0,0.8,285.2,2.6,0.4
2020_08_TEN_CIN,TEN,249.0,2,249.0,2,0.0,118.0,2,0.0,103,295.6,2.8,1.8,134.4,0.8,295.6,2.8,0.2
2020_09_CHI_TEN,TEN,335.0,2,335.0,2,0.0,56.0,0,2.0,104,277.6,2.6,1.4,125.0,1.0,277.6,2.6,0.2
2020_10_IND_TEN,TEN,308.0,1,308.0,1,0.0,133.0,2,0.0,105,294.4,2.4,1.0,91.0,0.8,294.4,2.4,0.4
2020_11_TEN_BAL,TEN,186.0,1,186.0,1,1.0,129.0,1,0.0,106,299.0,2.2,0.6,98.6,1.2,299.0,2.2,0.4
2020_12_TEN_IND,TEN,295.0,2,295.0,2,1.0,56.0,2,0.0,107,269.2,1.6,0.8,106.0,1.2,269.2,1.6,0.4
2020_13_CLE_TEN,TEN,340.0,4,340.0,4,0.0,118.0,1,1.0,108,274.6,1.6,0.4,98.4,1.4,274.6,1.6,0.4
2020_14_TEN_JAX,TEN,263.0,1,263.0,1,1.0,91.0,0,0.0,109,292.8,2.0,0.4,98.4,1.2,292.8,2.0,0.6
2020_15_DET_TEN,TEN,307.0,1,307.0,1,1.0,123.0,2,2.0,110,278.4,1.8,0.6,105.4,1.2,278.4,1.8,0.2
2020_16_TEN_GB,TEN,231.0,4,231.0,4,1.0,234.0,2,0.0,111,278.2,1.8,0.8,103.4,1.2,278.2,1.8,0.6
2020_17_TEN_HOU,TEN,385.0,3,385.0,3,1.0,96.0,1,0.0,112,287.2,2.4,0.8,124.4,1.4,287.2,2.4,0.6
2021_01_ARI_TEN,TEN,289.0,4,289.0,4,1.0,136.0,1,0.0,113,305.2,2.6,0.8,132.4,1.2,305.2,2.6,0.6
2021_02_TEN_SEA,TEN,343.0,2,343.0,2,0.0,77.0,2,0.0,114,295.0,2.6,1.0,136.0,1.2,295.0,2.6,0.4
2021_03_IND_TEN,TEN,194.0,0,194.0,0,0.0,87.0,1,0.0,115,311.0,2.8,0.8,133.2,1.6,311.0,2.8,0.4
2021_04_TEN_NYJ,TEN,297.0,2,297.0,2,1.0,66.0,1,0.0,116,288.4,2.6,0.6,126.0,1.4,288.4,2.6,0.0
2021_05_TEN_JAX,TEN,273.0,1,273.0,1,1.0,198.0,2,1.0,117,301.6,2.2,0.6,92.4,1.2,301.6,2.2,0.0
2021_06_BUF_TEN,TEN,353.0,3,353.0,3,1.0,82.0,0,0.0,118,279.2,1.8,0.6,112.8,1.4,279.2,1.8,0.2
2021_07_KC_TEN,TEN,288.0,0,288.0,0,1.0,77.0,0,2.0,119,292.0,1.6,0.6,102.0,1.2,292.0,1.6,0.2
2021_08_TEN_IND,TEN,231.0,3,231.0,3,2.0,83.0,1,0.0,120,281.0,1.2,0.8,102.0,0.8,281.0,1.2,0.6
2021_09_TEN_LA,TEN,294.0,1,294.0,1,2.0,94.0,0,0.0,121,288.4,1.8,1.2,101.2,0.8,288.4,1.8,0.6
2021_10_NO_TEN,TEN,309.0,2,309.0,2,0.0,86.0,1,0.0,122,287.8,1.6,1.4,106.8,0.6,287.8,1.6,0.6
2021_11_HOU_TEN,TEN,107.0,0,107.0,0,0.0,83.0,2,0.0,123,295.0,1.8,1.2,84.4,0.4,295.0,1.8,0.4
2021_12_TEN_NE,TEN,310.0,2,310.0,2,0.0,105.0,1,0.0,124,245.8,1.2,1.0,84.6,0.8,245.8,1.2,0.4
2021_14_JAX_TEN,TEN,221.0,0,221.0,0,4.0,8.0,0,0.0,125,250.2,1.6,0.8,90.2,1.0,250.2,1.6,0.0
2021_15_TEN_PIT,TEN,148.0,0,148.0,0,0.0,35.0,1,0.0,126,248.2,1.0,1.2,75.2,0.8,248.2,1.0,0.0
2021_16_SF_TEN,TEN,322.0,1,322.0,1,2.0,83.0,1,0.0,127,219.0,0.8,0.8,63.4,1.0,219.0,0.8,0.0
2021_17_MIA_TEN,TEN,205.0,0,205.0,0,1.0,74.0,0,1.0,128,221.6,0.6,1.2,62.8,1.0,221.6,0.6,0.0
2021_18_TEN_HOU,TEN,301.0,3,301.0,3,0.0,64.0,0,0.0,129,241.2,0.6,1.4,61.0,0.6,241.2,0.6,0.2
2022_01_NYG_TEN,TEN,188.0,2,188.0,2,1.0,238.0,1,1.0,130,239.4,0.8,1.4,52.8,0.4,239.4,0.8,0.2
2022_02_TEN_BUF,TEN,317.0,4,317.0,4,0.0,101.0,0,0.0,131,232.8,1.2,0.8,98.8,0.6,232.8,1.2,0.4
2022_03_LV_TEN,TEN,307.0,2,307.0,2,1.0,96.0,0,0.0,132,266.6,2.0,0.8,112.0,0.4,266.6,2.0,0.4
2022_04_TEN_IND,TEN,356.0,2,356.0,2,1.0,38.0,0,2.0,133,263.6,2.2,0.6,114.6,0.2,263.6,2.2,0.4
2022_05_TEN_WAS,TEN,359.0,2,359.0,2,1.0,43.0,0,0.0,134,293.8,2.6,0.6,107.4,0.2,293.8,2.6,0.6
2022_07_IND_TEN,TEN,243.0,1,243.0,1,2.0,65.0,0,1.0,135,305.4,2.4,0.8,103.2,0.2,305.4,2.4,0.6
2022_08_TEN_HOU,TEN,152.0,1,152.0,1,1.0,43.0,0,0.0,136,316.4,2.2,1.0,68.6,0.0,316.4,2.2,0.6
2022_09_TEN_KC,TEN,446.0,1,446.0,1,1.0,77.0,1,0.0,137,283.4,1.6,1.2,57.0,0.0,283.4,1.6,0.6
2022_10_DEN_TEN,TEN,286.0,1,286.0,1,1.0,65.0,0,0.0,138,311.2,1.4,1.2,53.2,0.2,311.2,1.4,0.6
2022_11_TEN_GB,TEN,227.0,2,227.0,2,0.0,56.0,0,0.0,139,297.2,1.2,1.2,58.6,0.2,297.2,1.2,0.2
2022_12_CIN_TEN,TEN,270.0,1,270.0,1,0.0,108.0,1,0.0,140,270.8,1.2,1.0,61.2,0.2,270.8,1.2,0.2
2022_13_TEN_PHI,TEN,391.0,3,391.0,3,0.0,67.0,2,0.0,141,276.2,1.2,0.6,69.8,0.4,276.2,1.2,0.0
2022_14_JAX_TEN,TEN,368.0,3,368.0,3,0.0,60.0,1,0.0,142,324.0,1.6,0.4,74.6,0.8,324.0,1.6,0.0
2022_15_TEN_LAC,TEN,313.0,0,313.0,0,2.0,74.0,2,0.0,143,308.4,2.0,0.2,71.2,0.8,308.4,2.0,0.0
2022_16_HOU_TEN,TEN,218.0,1,218.0,1,1.0,70.0,0,0.0,144,313.8,1.8,0.4,73.0,1.2,313.8,1.8,0.0
2022_17_DAL_TEN,TEN,282.0,2,282.0,2,2.0,87.0,1,1.0,145,312.0,1.6,0.6,75.8,1.2,312.0,1.6,0.0
2022_18_TEN_JAX,TEN,212.0,1,212.0,1,0.0,19.0,0,1.0,146,314.4,1.8,1.0,71.6,1.2,314.4,1.8,0.2
2023_01_TEN_NO,TEN,305.0,1,305.0,1,1.0,69.0,0,0.0,147,278.6,1.4,1.0,62.0,0.8,278.6,1.4,0.4
2023_02_LAC_TEN,TEN,305.0,2,305.0,2,0.0,61.0,0,0.0,148,266.0,1.0,1.2,63.8,0.6,266.0,1.0,0.4
2023_03_TEN_CLE,TEN,289.0,2,289.0,2,0.0,78.0,1,1.0,149,264.4,1.4,0.8,61.2,0.2,264.4,1.4,0.4
2023_04_CIN_TEN,TEN,165.0,0,165.0,0,0.0,72.0,0,1.0,150,278.6,1.6,0.6,62.8,0.4,278.6,1.6,0.6
2023_05_TEN_IND,TEN,253.0,0,253.0,0,0.0,193.0,2,0.0,151,255.2,1.2,0.2,59.8,0.2,255.2,1.2,0.6
2023_06_BAL_TEN,TEN,223.0,1,223.0,1,1.0,139.0,0,0.0,152,263.4,1.0,0.2,94.6,0.6,263.4,1.0,0.4
2023_08_ATL_TEN,TEN,246.0,1,246.0,1,0.0,140.0,1,1.0,153,247.0,1.0,0.2,108.6,0.6,247.0,1.0,0.4
2023_09_TEN_PIT,TEN,160.0,1,160.0,1,0.0,166.0,1,0.0,154,235.2,0.8,0.2,124.4,0.8,235.2,0.8,0.6
2023_10_TEN_TB,TEN,278.0,2,278.0,2,1.0,77.0,0,0.0,155,209.4,0.6,0.2,142.0,0.8,209.4,0.6,0.4
2023_11_TEN_JAX,TEN,262.0,2,262.0,2,0.0,128.0,2,0.0,156,232.0,1.0,0.4,143.0,0.8,232.0,1.0,0.2
2023_12_CAR_TEN,TEN,194.0,0,194.0,0,0.0,96.0,1,1.0,157,233.8,1.4,0.4,130.0,0.8,233.8,1.4,0.2
2023_13_IND_TEN,TEN,312.0,2,312.0,2,0.0,55.0,0,1.0,158,228.0,1.2,0.2,121.4,1.0,228.0,1.2,0.4
2023_14_TEN_MIA,TEN,240.0,0,240.0,0,0.0,158.0,2,0.0,159,241.2,1.4,0.2,104.4,0.8,241.2,1.4,0.4
2023_15_HOU_TEN,TEN,229.0,1,229.0,1,1.0,148.0,0,0.0,160,257.2,1.2,0.2,102.8,1.0,257.2,1.2,0.4
2023_16_SEA_TEN,TEN,227.0,2,227.0,2,0.0,58.0,0,0.0,161,247.4,1.0,0.2,117.0,1.0,247.4,1.0,0.4
2023_17_TEN_HOU,TEN,213.0,1,213.0,1,0.0,111.0,0,0.0,162,240.4,1.0,0.2,103.0,0.6,240.4,1.0,0.4
2023_18_JAX_TEN,TEN,280.0,2,280.0,2,2.0,82.0,0,0.0,163,244.2,1.2,0.2,106.0,0.4,244.2,1.2,0.2
2024_01_TEN_CHI,TEN,93.0,0,93.0,0,0.0,84.0,0,0.0,164,237.8,1.2,0.6,111.4,0.4,237.8,1.2,0.0
2024_02_NYJ_TEN,TEN,176.0,2,176.0,2,0.0,101.0,1,0.0,165,208.4,1.2,0.6,96.6,0.0,208.4,1.2,0.0
2024_03_GB_TEN,TEN,202.0,1,202.0,1,0.0,188.0,1,0.0,166,197.8,1.4,0.4,87.2,0.2,197.8,1.4,0.0
2024_04_TEN_MIA,TEN,96.0,0,96.0,0,0.0,106.0,1,1.0,167,192.8,1.2,0.4,113.2,0.4,192.8,1.2,0.0
2024_06_IND_TEN,TEN,189.0,2,189.0,2,1.0,80.0,0,0.0,168,169.4,1.0,0.4,112.2,0.6,169.4,1.0,0.2
2024_07_TEN_BUF,TEN,323.0,2,323.0,2,0.0,74.0,2,0.0,169,151.2,1.0,0.2,111.8,0.6,151.2,1.0,0.2
2024_08_TEN_DET,TEN,94.0,4,94.0,4,0.0,164.0,2,0.0,170,197.2,1.4,0.2,109.8,1.0,197.2,1.4,0.2
2024_09_NE_TEN,TEN,206.0,1,206.0,1,2.0,110.0,1,1.0,171,180.8,1.8,0.2,122.4,1.2,180.8,1.8,0.2
2024_10_TEN_LAC,TEN,164.0,1,164.0,1,0.0,145.0,2,0.0,172,181.6,1.8,0.6,106.8,1.2,181.6,1.8,0.4
2024_11_MIN_TEN,TEN,246.0,2,246.0,2,0.0,82.0,1,1.0,173,195.2,2.0,0.6,114.6,1.4,195.2,2.0,0.2
2024_12_TEN_HOU,TEN,247.0,2,247.0,2,2.0,40.0,0,0.0,174,206.6,2.0,0.4,115.0,1.6,206.6,2.0,0.4
2024_13_TEN_WAS,TEN,206.0,3,206.0,3,1.0,267.0,3,0.0,175,191.4,2.0,0.8,108.2,1.2,191.4,2.0,0.4
2024_14_JAX_TEN,TEN,220.0,0,220.0,0,2.0,71.0,1,0.0,176,213.8,1.8,1.0,128.8,1.4,213.8,1.8,0.4
2024_15_CIN_TEN,TEN,271.0,3,271.0,3,2.0,101.0,1,1.0,177,216.6,1.6,1.0,121.0,1.4,216.6,1.6,0.2
2024_16_TEN_IND,TEN,131.0,1,131.0,1,1.0,335.0,4,0.0,178,238.0,2.0,1.4,112.2,1.2,238.0,2.0,0.4
2024_17_TEN_JAX,TEN,174.0,2,174.0,2,0.0,122.0,0,0.0,179,215.0,1.8,1.6,162.8,1.8,215.0,1.8,0.2
2024_18_HOU_TEN,TEN,178.0,1,178.0,1,0.0,207.0,1,1.0,180,200.4,1.8,1.2,179.2,1.8,200.4,1.8,0.2
2014_01_WAS_HOU,WAS,206.0,1,206.0,1,0.0,115.0,0,1.0,1,,,,,,,,
2014_02_JAX_WAS,WAS,193.0,1,193.0,1,1.0,25.0,0,0.0,2,206.0,1.0,0.0,115.0,0.0,206.0,1.0,1.0
2014_03_WAS_PHI,WAS,325.0,3,325.0,3,0.0,54.0,0,1.0,3,199.5,1.0,0.5,70.0,0.0,199.5,1.0,0.5
2014_04_NYG_WAS,WAS,300.0,4,300.0,4,1.0,154.0,2,0.0,4,241.33333333333334,1.6666666666666667,0.3333333333333333,64.66666666666667,0.0,241.33333333333334,1.6666666666666667,0.6666666666666666
2014_05_SEA_WAS,WAS,201.0,2,201.0,2,0.0,225.0,1,0.0,5,256.0,2.25,0.5,87.0,0.5,256.0,2.25,0.5
2014_06_WAS_ARI,WAS,250.0,2,250.0,2,0.0,74.0,0,0.0,6,245.0,2.2,0.4,114.6,0.6,245.0,2.2,0.4
2014_07_TEN_WAS,WAS,160.0,2,160.0,2,1.0,76.0,0,0.0,7,253.8,2.4,0.4,106.4,0.6,253.8,2.4,0.2
2014_08_WAS_DAL,WAS,278.0,2,278.0,2,0.0,171.0,0,2.0,8,247.2,2.6,0.4,116.6,0.6,247.2,2.6,0.2
2014_09_WAS_MIN,WAS,268.0,1,268.0,1,0.0,100.0,3,0.0,9,237.8,2.4,0.4,140.0,0.6,237.8,2.4,0.4
2014_11_TB_WAS,WAS,288.0,2,288.0,2,0.0,48.0,0,0.0,10,231.4,1.8,0.2,129.2,0.8,231.4,1.8,0.4
2014_12_WAS_SF,WAS,256.0,1,256.0,1,1.0,66.0,1,2.0,11,248.8,1.8,0.2,93.8,0.6,248.8,1.8,0.4
2014_13_WAS_IND,WAS,370.0,5,370.0,5,1.0,126.0,1,2.0,12,250.0,1.6,0.4,92.2,0.8,250.0,1.6,0.8
2014_14_STL_WAS,WAS,213.0,2,213.0,2,0.0,131.0,0,0.0,13,292.0,2.2,0.4,102.2,1.0,292.0,2.2,1.2
2014_15_WAS_NYG,WAS,250.0,3,250.0,3,0.0,49.0,0,0.0,14,279.0,2.2,0.4,94.2,1.0,279.0,2.2,0.8
2014_16_PHI_WAS,WAS,374.0,2,374.0,2,1.0,134.0,1,1.0,15,275.4,2.6,0.4,84.0,0.4,275.4,2.6,0.8
2014_17_DAL_WAS,WAS,299.0,2,299.0,2,1.0,174.0,2,0.0,16,292.6,2.6,0.6,101.2,0.6,292.6,2.6,1.0
2015_01_MIA_WAS,WAS,226.0,1,226.0,1,0.0,74.0,0,1.0,17,301.2,2.8,0.6,122.8,0.8,301.2,2.8,0.6
2015_02_STL_WAS,WAS,150.0,1,150.0,1,0.0,67.0,0,0.0,18,272.4,2.0,0.4,112.4,0.6,272.4,2.0,0.4
2015_03_WAS_NYG,WAS,279.0,2,279.0,2,0.0,84.0,1,0.0,19,259.8,1.8,0.4,99.6,0.6,259.8,1.8,0.4
2015_04_PHI_WAS,WAS,270.0,3,270.0,3,0.0,87.0,0,2.0,20,265.6,1.6,0.4,106.6,0.8,265.6,1.6,0.4
2015_05_WAS_ATL,WAS,254.0,0,254.0,0,2.0,176.0,1,1.0,21,244.8,1.8,0.2,97.2,0.6,244.8,1.8,0.6
2015_06_WAS_NYJ,WAS,253.0,2,253.0,2,1.0,221.0,2,2.0,22,235.8,1.4,0.4,97.6,0.4,235.8,1.4,0.8
2015_07_TB_WAS,WAS,297.0,2,297.0,2,0.0,190.0,0,1.0,23,241.2,1.6,0.6,127.0,0.8,241.2,1.6,1.0
2015_09_WAS_NE,WAS,299.0,2,299.0,2,1.0,161.0,1,1.0,24,270.6,1.8,0.6,151.6,0.8,270.6,1.8,1.2
2015_10_NO_WAS,WAS,209.0,2,209.0,2,2.0,158.0,0,0.0,25,274.6,1.8,0.8,167.0,0.8,274.6,1.8,1.4
2015_11_WAS_CAR,WAS,246.0,5,246.0,5,0.0,142.0,0,0.0,26,262.4,1.6,1.2,181.2,0.8,262.4,1.6,1.0
2015_12_NYG_WAS,WAS,325.0,2,321.0,2,3.0,33.0,0,0.0,27,260.8,2.6,0.8,174.4,0.6,260.8,2.6,0.8
2015_13_DAL_WAS,WAS,223.0,0,223.0,0,0.0,97.0,1,3.0,28,274.4,2.6,1.2,136.8,0.2,275.2,2.6,0.4
2015_14_WAS_CHI,WAS,315.0,2,315.0,2,0.0,87.0,1,1.0,29,259.6,2.2,1.2,118.2,0.4,260.4,2.2,0.8
2015_15_BUF_WAS,WAS,235.0,2,235.0,2,0.0,240.0,1,0.0,30,262.8,2.2,1.0,103.4,0.4,263.6,2.2,0.8
2015_16_WAS_PHI,WAS,380.0,1,380.0,1,0.0,45.0,2,2.0,31,268.0,2.2,0.6,119.8,0.6,268.8,2.2,0.8
2015_17_WAS_DAL,WAS,435.0,3,435.0,3,2.0,100.0,0,1.0,32,294.8,1.4,0.6,100.4,1.0,295.6,1.4,1.2
2016_01_PIT_WAS,WAS,300.0,3,300.0,3,1.0,147.0,2,0.0,33,317.6,1.6,0.4,113.8,1.0,317.6,1.6,1.4
2016_02_DAL_WAS,WAS,292.0,0,292.0,0,0.0,102.0,3,1.0,34,333.0,2.2,0.6,123.8,1.2,333.0,2.2,0.8
2016_03_WAS_NYG,WAS,350.0,1,350.0,1,2.0,120.0,2,1.0,35,328.4,1.8,0.6,126.8,1.6,328.4,1.8,0.8
2016_04_CLE_WAS,WAS,223.0,1,223.0,1,1.0,163.0,1,2.0,36,351.4,1.6,1.0,102.8,1.8,351.4,1.6,1.0
2016_05_WAS_BAL,WAS,210.0,1,210.0,1,0.0,118.0,0,0.0,37,320.0,1.6,1.2,126.4,1.6,320.0,1.6,1.0
2016_06_PHI_WAS,WAS,179.0,0,179.0,0,0.0,94.0,0,0.0,38,275.0,1.2,0.8,130.0,1.6,275.0,1.2,0.8
2016_07_WAS_DET,WAS,266.0,1,266.0,1,0.0,94.0,1,0.0,39,250.8,0.6,0.6,119.4,1.2,250.8,0.6,0.8
2016_08_WAS_CIN,WAS,284.0,1,284.0,1,1.0,152.0,3,1.0,40,245.6,0.8,0.6,117.8,0.8,245.6,0.8,0.6
2016_10_MIN_WAS,WAS,307.0,2,307.0,2,1.0,47.0,1,0.0,41,232.4,0.8,0.4,124.2,1.0,232.4,0.8,0.6
2016_11_GB_WAS,WAS,360.0,3,360.0,3,1.0,84.0,0,1.0,42,249.2,1.0,0.4,101.0,1.0,249.2,1.0,0.2
2016_12_WAS_DAL,WAS,195.0,1,195.0,1,0.0,163.0,3,0.0,43,279.2,1.4,0.6,94.2,1.0,279.2,1.4,0.4
2016_13_WAS_ARI,WAS,300.0,3,300.0,3,0.0,88.0,1,0.0,44,282.4,1.6,0.6,108.0,1.6,282.4,1.6,0.4
2016_14_WAS_PHI,WAS,314.0,1,314.0,1,1.0,95.0,0,1.0,45,289.2,2.0,0.6,106.8,1.6,289.2,2.0,0.4
2016_15_CAR_WAS,WAS,300.0,2,300.0,2,0.0,148.0,0,0.0,46,295.2,2.0,0.6,95.4,1.0,295.2,2.0,0.4
2016_16_WAS_CHI,WAS,323.0,2,323.0,2,5.0,140.0,1,0.0,47,293.8,2.0,0.4,115.6,0.8,293.8,2.0,0.4
2016_17_NYG_WAS,WAS,180.0,0,180.0,0,0.0,161.0,1,0.0,48,286.4,1.8,1.2,126.8,1.0,286.4,1.8,0.2
2017_01_PHI_WAS,WAS,307.0,2,307.0,2,1.0,58.0,0,1.0,49,283.4,1.6,1.2,126.4,0.6,283.4,1.6,0.2
2017_02_WAS_LA,WAS,247.0,1,247.0,1,1.0,97.0,1,1.0,50,284.8,1.4,1.4,120.4,0.4,284.8,1.4,0.4
2017_03_OAK_WAS,WAS,118.0,1,118.0,1,2.0,32.0,0,1.0,51,271.4,1.4,1.4,120.8,0.6,271.4,1.4,0.4
2017_04_WAS_KC,WAS,293.0,1,293.0,1,0.0,168.0,1,0.0,52,235.0,1.2,1.8,97.6,0.6,235.0,1.2,0.6
2017_06_SF_WAS,WAS,279.0,1,279.0,1,1.0,85.0,2,0.0,53,229.0,1.0,0.8,103.2,0.6,229.0,1.0,0.6
2017_07_WAS_PHI,WAS,268.0,4,268.0,4,1.0,127.0,0,0.0,54,248.8,1.2,1.0,88.0,0.8,248.8,1.2,0.6
2017_08_DAL_WAS,WAS,143.0,0,143.0,0,0.0,169.0,2,1.0,55,241.0,1.6,1.0,101.8,0.8,241.0,1.6,0.4
2017_09_WAS_SEA,WAS,297.0,2,297.0,2,2.0,148.0,0,0.0,56,220.2,1.4,0.8,116.2,1.0,220.2,1.4,0.4
2017_10_MIN_WAS,WAS,304.0,4,304.0,4,2.0,102.0,1,0.0,57,256.0,1.6,0.8,139.4,1.0,256.0,1.6,0.2
2017_11_WAS_NO,WAS,385.0,2,385.0,2,1.0,160.0,1,0.0,58,258.2,2.2,1.2,126.2,1.0,258.2,2.2,0.2
2017_12_NYG_WAS,WAS,113.0,0,113.0,0,1.0,84.0,0,0.0,59,279.4,2.4,1.2,141.2,0.8,279.4,2.4,0.2
2017_13_WAS_DAL,WAS,102.0,2,102.0,2,0.0,182.0,2,0.0,60,248.4,1.6,1.2,132.6,0.8,248.4,1.6,0.2
2017_14_WAS_LAC,WAS,322.0,2,322.0,2,1.0,174.0,1,0.0,61,240.2,2.0,1.2,135.2,0.8,240.2,2.0,0.0
2017_15_ARI_WAS,WAS,189.0,0,189.0,0,1.0,141.0,0,1.0,62,245.2,2.0,1.0,140.4,1.0,245.2,2.0,0.0
2017_16_DEN_WAS,WAS,193.0,0,193.0,0,1.0,159.0,1,2.0,63,222.2,1.2,0.8,148.2,0.8,222.2,1.2,0.2
2017_17_WAS_NYG,WAS,132.0,1,132.0,1,1.0,260.0,1,0.0,64,183.8,0.8,0.8,148.0,0.8,183.8,0.8,0.6
2018_01_WAS_ARI,WAS,153.0,0,153.0,0,1.0,68.0,1,1.0,65,187.6,1.0,0.8,183.2,1.0,187.6,1.0,0.6
2018_02_IND_WAS,WAS,179.0,2,179.0,2,2.0,104.0,1,0.0,66,197.8,0.6,1.0,160.4,0.8,197.8,0.6,0.8
2018_03_GB_WAS,WAS,265.0,2,265.0,2,0.0,100.0,0,1.0,67,169.2,0.6,1.2,146.4,0.8,169.2,0.6,0.8
2018_05_WAS_NO,WAS,363.0,3,363.0,3,0.0,98.0,3,1.0,68,184.4,1.0,1.0,138.2,0.8,184.4,1.0,0.8
2018_06_CAR_WAS,WAS,275.0,2,275.0,2,1.0,81.0,0,1.0,69,218.4,1.6,0.8,126.0,1.2,218.4,1.6,0.6
2018_07_DAL_WAS,WAS,273.0,1,273.0,1,0.0,73.0,1,2.0,70,247.0,1.8,0.8,90.2,1.0,247.0,1.8,0.8
2018_08_WAS_NYG,WAS,316.0,1,316.0,1,2.0,37.0,0,0.0,71,271.0,2.0,0.6,91.2,1.0,271.0,2.0,1.0
2018_09_ATL_WAS,WAS,350.0,4,350.0,4,1.0,154.0,1,0.0,72,298.4,1.8,0.6,77.8,0.8,298.4,1.8,1.0
2018_10_WAS_TB,WAS,406.0,0,406.0,0,2.0,103.0,0,2.0,73,315.4,2.2,0.8,88.6,1.0,315.4,2.2,0.8
2018_11_HOU_WAS,WAS,208.0,1,208.0,1,2.0,139.0,0,1.0,74,324.0,1.6,1.2,89.6,0.4,324.0,1.6,1.0
2018_12_WAS_DAL,WAS,289.0,2,289.0,2,0.0,146.0,2,0.0,75,310.6,1.4,1.4,101.2,0.4,310.6,1.4,1.0
2018_13_WAS_PHI,WAS,306.0,2,306.0,2,1.0,130.0,1,0.0,76,313.8,1.6,1.4,115.8,0.6,313.8,1.6,0.6
2018_14_NYG_WAS,WAS,197.0,3,197.0,3,1.0,227.0,1,0.0,77,311.8,1.8,1.2,134.4,0.8,311.8,1.8,0.6
2018_15_WAS_JAX,WAS,57.0,0,57.0,0,1.0,172.0,0,1.0,78,281.2,1.6,1.2,149.0,0.8,281.2,1.6,0.6
2018_16_WAS_TEN,WAS,211.0,1,211.0,1,0.0,99.0,1,0.0,79,211.4,1.6,1.0,162.8,0.8,211.4,1.6,0.4
2018_17_PHI_WAS,WAS,243.0,3,243.0,3,1.0,129.0,0,0.0,80,212.0,1.6,0.6,154.8,1.0,212.0,1.6,0.2
2019_01_WAS_PHI,WAS,313.0,3,313.0,3,0.0,123.0,1,0.0,81,202.8,1.8,0.8,151.4,0.6,202.8,1.8,0.2
2019_02_DAL_WAS,WAS,269.0,3,269.0,3,1.0,213.0,1,0.0,82,204.2,2.0,0.6,150.0,0.6,204.2,2.0,0.2
2019_03_CHI_WAS,WAS,231.0,3,231.0,3,1.0,90.0,0,0.0,83,218.6,2.0,0.6,147.2,0.6,218.6,2.0,0.2
2019_04_WAS_NYG,WAS,225.0,1,225.0,1,2.0,164.0,1,2.0,84,253.4,2.6,0.6,130.8,0.6,253.4,2.6,0.0
2019_05_NE_WAS,WAS,348.0,3,348.0,3,1.0,130.0,1,0.0,85,256.2,2.6,1.0,143.8,0.6,256.2,2.6,0.4
2019_06_WAS_MIA,WAS,217.0,1,217.0,1,2.0,84.0,1,0.0,86,277.2,2.6,1.0,144.0,0.8,277.2,2.6,0.4
2019_07_SF_WAS,WAS,151.0,0,151.0,0,1.0,137.0,0,0.0,87,258.0,2.2,1.4,136.2,0.8,258.0,2.2,0.4
2019_08_WAS_MIN,WAS,285.0,0,285.0,0,0.0,161.0,1,1.0,88,234.4,1.6,1.4,121.0,0.6,234.4,1.6,0.4
2019_09_WAS_BUF,WAS,160.0,1,160.0,1,0.0,122.0,2,0.0,89,245.2,1.0,1.2,135.2,0.8,245.2,1.0,0.6
2019_11_NYJ_WAS,WAS,293.0,4,293.0,4,1.0,115.0,1,0.0,90,232.2,1.0,0.8,126.8,1.0,232.2,1.0,0.2
2019_12_DET_WAS,WAS,207.0,1,207.0,1,3.0,175.0,0,1.0,91,221.2,1.2,0.8,123.8,1.0,221.2,1.2,0.2
2019_13_WAS_CAR,WAS,278.0,2,278.0,2,1.0,65.0,1,1.0,92,219.2,1.2,1.0,142.0,0.8,219.2,1.2,0.4
2019_14_WAS_GB,WAS,195.0,1,195.0,1,0.0,174.0,1,1.0,93,244.6,1.6,1.0,127.6,1.0,244.6,1.6,0.6
2019_15_PHI_WAS,WAS,266.0,3,266.0,3,0.0,157.0,1,1.0,94,226.6,1.8,1.0,130.2,1.0,226.6,1.8,0.6
2019_16_NYG_WAS,WAS,352.0,5,352.0,5,0.0,206.0,1,0.0,95,247.8,2.2,1.0,137.2,0.8,247.8,2.2,0.8
2019_17_WAS_DAL,WAS,303.0,4,303.0,4,0.0,223.0,1,1.0,96,259.6,2.4,0.8,155.4,0.8,259.6,2.4,0.8
2020_01_PHI_WAS,WAS,270.0,2,270.0,2,2.0,57.0,0,1.0,97,278.8,3.0,0.2,165.0,1.0,278.8,3.0,0.8
2020_02_WAS_ARI,WAS,286.0,1,286.0,1,1.0,160.0,2,0.0,98,277.2,3.0,0.4,163.4,0.8,277.2,3.0,0.8
2020_03_WAS_CLE,WAS,156.0,2,156.0,2,0.0,158.0,2,0.0,99,295.4,3.0,0.6,160.6,1.0,295.4,3.0,0.6
2020_04_BAL_WAS,WAS,208.0,2,208.0,2,2.0,144.0,2,0.0,100,273.4,2.8,0.6,160.8,1.2,273.4,2.8,0.4
2020_05_LA_WAS,WAS,309.0,2,309.0,2,1.0,129.0,2,0.0,101,244.6,2.2,1.0,148.4,1.4,244.6,2.2,0.4
2020_06_WAS_NYG,WAS,112.0,1,112.0,1,1.0,132.0,0,0.0,102,245.8,1.8,1.2,129.6,1.6,245.8,1.8,0.2
2020_07_DAL_WAS,WAS,114.0,0,114.0,0,1.0,83.0,0,0.0,103,214.2,1.6,1.0,144.6,1.6,214.2,1.6,0.0
2020_09_NYG_WAS,WAS,212.0,1,212.0,1,0.0,166.0,1,0.0,104,179.8,1.4,1.0,129.2,1.2,179.8,1.4,0.0
2020_10_WAS_DET,WAS,276.0,3,276.0,3,0.0,105.0,0,0.0,105,191.0,1.2,1.0,130.8,1.0,191.0,1.2,0.0
2020_11_CIN_WAS,WAS,233.0,1,233.0,1,1.0,70.0,0,1.0,106,204.6,1.4,0.6,123.0,0.6,204.6,1.4,0.0
2020_12_WAS_DAL,WAS,215.0,1,215.0,1,1.0,60.0,0,1.0,107,189.4,1.2,0.6,111.2,0.2,189.4,1.2,0.2
2020_13_WAS_PIT,WAS,305.0,2,305.0,2,1.0,21.0,0,0.0,108,210.0,1.2,0.6,96.8,0.2,210.0,1.2,0.4
2020_14_WAS_SF,WAS,260.0,1,260.0,1,1.0,108.0,1,2.0,109,248.2,1.6,0.6,84.4,0.2,248.2,1.6,0.4
2020_15_SEA_WAS,WAS,121.0,1,121.0,1,1.0,181.0,1,0.0,110,257.8,1.6,0.8,72.8,0.2,257.8,1.6,0.8
2020_16_CAR_WAS,WAS,197.0,1,197.0,1,1.0,113.0,1,1.0,111,226.8,1.2,1.0,88.0,0.4,226.8,1.2,0.8
2020_17_WAS_PHI,WAS,119.0,0,119.0,0,2.0,118.0,2,1.0,112,219.6,1.2,1.0,96.6,0.6,219.6,1.2,0.8
2021_01_LAC_WAS,WAS,337.0,1,337.0,1,1.0,90.0,1,0.0,113,200.4,1.0,1.2,108.2,1.0,200.4,1.0,0.8
2021_02_NYG_WAS,WAS,249.0,1,249.0,1,0.0,163.0,1,0.0,114,206.8,0.8,1.2,122.0,1.2,206.8,0.8,0.8
2021_03_WAS_BUF,WAS,359.0,4,359.0,4,0.0,122.0,1,0.0,115,204.6,0.8,1.0,133.0,1.2,204.6,0.8,0.4
2021_04_WAS_ATL,WAS,283.0,4,283.0,4,0.0,99.0,0,0.0,116,252.2,1.4,0.8,121.2,1.2,252.2,1.4,0.4
2021_05_NO_WAS,WAS,279.0,4,279.0,4,1.0,98.0,1,1.0,117,269.4,2.0,0.6,118.4,1.0,269.4,2.0,0.2
2021_06_KC_WAS,WAS,397.0,2,397.0,2,2.0,109.0,2,1.0,118,301.4,2.8,0.4,114.4,0.8,301.4,2.8,0.2
2021_07_WAS_GB,WAS,274.0,3,274.0,3,0.0,57.0,0,1.0,119,313.4,3.0,0.6,118.2,1.0,313.4,3.0,0.4
2021_08_WAS_DEN,WAS,213.0,1,213.0,1,0.0,83.0,1,1.0,120,318.4,3.4,0.6,97.0,0.8,318.4,3.4,0.6
2021_10_TB_WAS,WAS,220.0,2,220.0,2,2.0,53.0,0,0.0,121,289.2,2.8,0.6,89.2,0.8,289.2,2.8,0.8
2021_11_WAS_CAR,WAS,189.0,2,189.0,2,0.0,111.0,1,0.0,122,276.6,2.4,1.0,80.0,0.8,276.6,2.4,0.8
2021_12_SEA_WAS,WAS,247.0,2,247.0,2,0.0,34.0,0,1.0,123,258.6,2.0,0.8,82.6,0.8,258.6,2.0,0.6
2021_13_WAS_LV,WAS,249.0,0,249.0,0,0.0,76.0,1,0.0,124,228.6,2.0,0.4,67.6,0.4,228.6,2.0,0.6
2021_14_DAL_WAS,WAS,211.0,1,211.0,1,2.0,122.0,0,0.0,125,223.6,1.4,0.4,71.4,0.6,223.6,1.4,0.4
2021_15_WAS_PHI,WAS,296.0,1,296.0,1,1.0,238.0,2,1.0,126,223.2,1.4,0.8,79.2,0.4,223.2,1.4,0.2
2021_16_WAS_DAL,WAS,400.0,5,400.0,5,0.0,108.0,1,0.0,127,238.4,1.2,0.6,116.2,0.8,238.4,1.2,0.4
2021_17_PHI_WAS,WAS,214.0,0,214.0,0,0.0,118.0,2,0.0,128,280.6,1.8,0.6,115.6,0.8,280.6,1.8,0.4
2021_18_WAS_NYG,WAS,103.0,1,103.0,1,2.0,94.0,0,1.0,129,274.0,1.4,0.6,132.4,1.2,274.0,1.4,0.2
2022_01_JAX_WAS,WAS,275.0,1,275.0,1,1.0,123.0,1,0.0,130,244.8,1.6,1.0,136.0,1.0,244.8,1.6,0.4
2022_02_WAS_DET,WAS,256.0,4,256.0,4,0.0,191.0,0,0.0,131,257.6,1.6,0.8,136.2,1.2,257.6,1.6,0.4
2022_03_PHI_WAS,WAS,340.0,3,340.0,3,0.0,72.0,0,0.0,132,249.6,2.2,0.6,126.8,0.8,249.6,2.2,0.2
2022_04_WAS_DAL,WAS,223.0,2,223.0,2,0.0,62.0,0,0.0,133,237.6,1.8,0.6,119.6,0.6,237.6,1.8,0.2
2022_05_TEN_WAS,WAS,181.0,1,181.0,1,0.0,105.0,2,0.0,134,239.4,2.2,0.6,108.4,0.2,239.4,2.2,0.2
2022_06_WAS_CHI,WAS,190.0,1,190.0,1,1.0,237.0,0,0.0,135,255.0,2.2,0.2,110.6,0.6,255.0,2.2,0.0
2022_07_GB_WAS,WAS,194.0,2,194.0,2,0.0,38.0,0,0.0,136,238.0,2.2,0.2,133.4,0.4,238.0,2.2,0.0
2022_08_WAS_IND,WAS,201.0,0,201.0,0,0.0,135.0,1,2.0,137,225.6,1.8,0.2,102.8,0.4,225.6,1.8,0.0
2022_09_MIN_WAS,WAS,262.0,2,262.0,2,1.0,56.0,0,0.0,138,197.8,1.2,0.2,115.4,0.6,197.8,1.2,0.4
2022_10_WAS_PHI,WAS,175.0,2,175.0,2,1.0,94.0,1,3.0,139,205.6,1.2,0.4,114.2,0.6,205.6,1.2,0.4
2022_11_WAS_HOU,WAS,169.0,0,169.0,0,2.0,21.0,1,0.0,140,204.4,1.4,0.6,112.0,0.4,204.4,1.4,1.0
2022_12_ATL_WAS,WAS,174.0,1,174.0,1,1.0,167.0,0,0.0,141,200.2,1.2,0.8,68.8,0.6,200.2,1.2,1.0
2022_13_WAS_NYG,WAS,200.0,1,200.0,1,0.0,134.0,1,1.0,142,196.2,1.0,1.0,94.6,0.6,196.2,1.0,1.0
2022_15_NYG_WAS,WAS,160.0,0,160.0,0,0.0,128.0,1,0.0,143,196.0,1.2,1.0,94.4,0.6,196.0,1.2,0.8
2022_16_WAS_SF,WAS,234.0,2,234.0,2,1.0,153.0,2,0.0,144,175.6,0.8,0.8,108.8,0.8,175.6,0.8,0.8
2022_17_CLE_WAS,WAS,169.0,3,169.0,3,0.0,146.0,0,0.0,145,187.4,0.8,0.8,120.6,1.0,187.4,0.8,0.2
2022_18_DAL_WAS,WAS,128.0,1,128.0,1,1.0,64.0,0,0.0,146,187.4,1.4,0.4,145.6,0.8,187.4,1.4,0.2
2023_01_ARI_WAS,WAS,132.0,0,132.0,0,0.0,96.0,0,1.0,147,178.2,1.4,0.4,125.0,0.8,178.2,1.4,0.2
2023_02_WAS_DEN,WAS,308.0,3,308.0,3,1.0,122.0,1,1.0,148,164.6,1.2,0.4,117.4,0.6,164.6,1.2,0.2
2023_03_BUF_WAS,WAS,218.0,1,218.0,1,1.0,168.0,2,0.0,149,194.2,1.8,0.6,116.2,0.6,194.2,1.8,0.4
2023_04_WAS_PHI,WAS,319.0,2,319.0,2,0.0,104.0,1,0.0,150,191.0,1.6,0.6,119.2,0.6,191.0,1.6,0.4
2023_05_CHI_WAS,WAS,282.0,4,282.0,4,0.0,178.0,0,0.0,151,221.0,1.4,0.6,110.8,0.8,221.0,1.4,0.4
2023_06_WAS_ATL,WAS,307.0,2,307.0,2,3.0,106.0,0,0.0,152,251.8,2.0,0.4,133.6,0.8,251.8,2.0,0.4
2023_07_WAS_NYG,WAS,279.0,2,279.0,2,0.0,106.0,0,1.0,153,286.8,2.4,1.0,135.6,0.8,286.8,2.4,0.2
2023_08_PHI_WAS,WAS,319.0,4,319.0,4,0.0,59.0,1,2.0,154,281.0,2.2,0.8,132.4,0.6,281.0,2.2,0.2
2023_09_WAS_NE,WAS,220.0,1,220.0,1,1.0,107.0,1,0.0,155,301.2,2.8,0.6,110.6,0.4,301.2,2.8,0.6
2023_10_WAS_SEA,WAS,369.0,2,369.0,2,0.0,120.0,0,0.0,156,281.4,2.6,0.8,111.2,0.4,281.4,2.6,0.6
2023_11_NYG_WAS,WAS,246.0,3,246.0,3,0.0,91.0,0,0.0,157,298.8,2.2,0.8,99.6,0.4,298.8,2.2,0.6
2023_12_WAS_DAL,WAS,331.0,4,331.0,4,0.0,100.0,1,0.0,158,286.6,2.4,0.2,96.6,0.4,286.6,2.4,0.6
2023_13_MIA_WAS,WAS,283.0,2,283.0,2,0.0,123.0,3,0.0,159,297.0,2.8,0.2,95.4,0.6,297.0,2.8,0.4
2023_15_WAS_LA,WAS,258.0,2,258.0,2,0.0,196.0,1,2.0,160,289.8,2.4,0.2,108.2,1.0,289.8,2.4,0.0
2023_16_WAS_NYJ,WAS,217.0,1,217.0,1,1.0,164.0,2,1.0,161,297.4,2.6,0.0,126.0,1.0,297.4,2.6,0.4
2023_17_SF_WAS,WAS,230.0,2,230.0,2,0.0,184.0,1,0.0,162,267.0,2.4,0.2,134.8,1.4,267.0,2.4,0.6
2023_18_DAL_WAS,WAS,309.0,4,309.0,4,1.0,131.0,1,0.0,163,263.8,2.2,0.2,153.4,1.6,263.8,2.2,0.6
2024_01_WAS_TB,WAS,289.0,4,289.0,4,0.0,112.0,0,0.0,164,259.4,2.2,0.4,159.6,1.6,259.4,2.2,0.6
2024_02_NYG_WAS,WAS,178.0,2,178.0,2,0.0,129.0,1,1.0,165,260.6,2.6,0.4,157.4,1.0,260.6,2.6,0.6
2024_03_WAS_CIN,WAS,324.0,3,324.0,3,0.0,124.0,1,0.0,166,244.6,2.6,0.4,144.0,1.0,244.6,2.6,0.4
2024_04_WAS_ARI,WAS,142.0,1,142.0,1,0.0,181.0,1,1.0,167,266.0,3.0,0.2,136.0,0.8,266.0,3.0,0.2
2024_05_CLE_WAS,WAS,141.0,1,141.0,1,0.0,104.0,0,1.0,168,248.4,2.8,0.2,135.4,0.8,248.4,2.8,0.4
2024_06_WAS_BAL,WAS,323.0,1,323.0,1,1.0,176.0,2,0.0,169,214.8,2.2,0.0,130.0,0.6,214.8,2.2,0.6
2024_07_CAR_WAS,WAS,89.0,0,89.0,0,2.0,95.0,1,0.0,170,221.6,1.6,0.2,142.8,1.0,221.6,1.6,0.6
2024_08_CHI_WAS,WAS,131.0,0,131.0,0,0.0,202.0,2,1.0,171,203.8,1.2,0.6,136.0,1.0,203.8,1.2,0.4
2024_09_WAS_NYG,WAS,174.0,2,174.0,2,0.0,164.0,1,1.0,172,165.2,0.6,0.6,151.6,1.2,165.2,0.6,0.6
2024_10_PIT_WAS,WAS,195.0,3,195.0,3,1.0,140.0,1,1.0,173,171.6,0.8,0.6,148.2,1.2,171.6,0.8,0.6
2024_11_WAS_PHI,WAS,221.0,0,221.0,0,0.0,228.0,3,0.0,174,182.4,1.2,0.8,155.4,1.4,182.4,1.2,0.6
2024_12_DAL_WAS,WAS,247.0,2,247.0,2,0.0,91.0,0,1.0,175,162.0,1.0,0.6,165.8,1.6,162.0,1.0,0.6
2024_13_TEN_WAS,WAS,212.0,2,212.0,2,0.0,35.0,0,1.0,176,193.6,1.4,0.2,165.0,1.4,193.6,1.4,0.8
2024_15_WAS_NO,WAS,205.0,2,205.0,2,1.0,69.0,0,0.0,177,209.8,1.8,0.2,131.6,1.0,209.8,1.8,0.8
2024_16_PHI_WAS,WAS,154.0,1,154.0,1,1.0,211.0,2,0.0,178,216.0,1.8,0.4,112.6,0.8,216.0,1.8,0.6
2024_17_ATL_WAS,WAS,223.0,1,223.0,1,1.0,126.0,2,0.0,179,207.8,1.4,0.4,126.8,1.0,207.8,1.4,0.4
2024_18_WAS_DAL,WAS,244.0,0,244.0,0,0.0,150.0,1,0.0,180,208.2,1.6,0.6,106.4,0.8,208.2,1.6,0.4
