opponent_team,season,game_id,rn,passing_yards_season_avg,passing_tds_season_avg,interceptions_season_avg,rushing_yards_season_avg,rushing_tds_season_avg,receiving_yards_season_avg,receiving_tds_season_avg,fumbles_lost_season_avg
ARI,2014,2014_01_SD_ARI,1,,,,,,,,
ARI,2014,2014_02_ARI_NYG,2,238.0,1.0,1.0,52.0,1.0,238.0,1.0,0.0
ARI,2014,2014_03_SF_ARI,3,257.5,1.5,1.5,66.5,0.5,257.5,1.5,0.5
ARI,2014,2014_05_ARI_DEN,4,253.33333333333334,1.3333333333333333,1.0,71.66666666666667,0.6666666666666666,253.33333333333334,1.3333333333333333,0.3333333333333333
ARI,2014,2014_06_WAS_ARI,5,309.75,2.0,1.25,76.75,0.75,309.75,2.0,0.25
ARI,2014,2014_07_ARI_OAK,6,318.6,2.0,1.6,75.8,0.6,318.6,2.0,0.4
ARI,2014,2014_08_PHI_ARI,7,294.3333333333333,1.6666666666666667,1.3333333333333333,72.5,0.6666666666666666,294.3333333333333,1.6666666666666667,0.3333333333333333
ARI,2014,2014_09_ARI_DAL,8,311.0,1.7142857142857142,1.4285714285714286,77.85714285714286,0.5714285714285714,311.0,1.7142857142857142,0.42857142857142855
ARI,2014,2014_10_STL_ARI,9,295.0,1.625,1.5,79.625,0.5,295.0,1.625,0.375
ARI,2014,2014_11_DET_ARI,10,286.22222222222223,1.5555555555555556,1.5555555555555556,78.55555555555556,0.5555555555555556,286.22222222222223,1.5555555555555556,0.4444444444444444
ARI,2014,2014_12_ARI_SEA,11,275.9,1.4,1.5,80.5,0.5,275.9,1.4,0.4
ARI,2014,2014_13_ARI_ATL,12,270.0,1.3636363636363635,1.3636363636363635,84.45454545454545,0.45454545454545453,270.0,1.3636363636363635,0.36363636363636365
ARI,2014,2014_14_KC_ARI,13,277.5833333333333,1.4166666666666667,1.3333333333333333,89.25,0.4166666666666667,277.5833333333333,1.4166666666666667,0.3333333333333333
ARI,2014,2014_15_ARI_STL,14,278.7692307692308,1.3846153846153846,1.3076923076923077,92.07692307692308,0.46153846153846156,278.7692307692308,1.3846153846153846,0.38461538461538464
ARI,2014,2014_16_SEA_ARI,15,275.2142857142857,1.2857142857142858,1.2857142857142858,90.42857142857143,0.42857142857142855,275.2142857142857,1.2857142857142858,0.42857142857142855
ARI,2014,2014_17_ARI_SF,16,279.46666666666664,1.3333333333333333,1.2,102.2,0.6,279.46666666666664,1.3333333333333333,0.4
ARI,2015,2015_01_NO_ARI,17,,,,,,,,
ARI,2015,2015_02_ARI_CHI,18,355.0,1.0,1.0,54.0,0.0,355.0,1.0,0.0
ARI,2015,2015_03_SF_ARI,19,298.0,1.0,1.5,81.5,0.5,298.0,1.0,0.0
ARI,2015,2015_04_STL_ARI,20,221.0,0.6666666666666666,2.3333333333333335,88.66666666666667,0.6666666666666666,221.0,0.6666666666666666,0.0
ARI,2015,2015_05_ARI_DET,21,208.5,1.25,1.75,107.5,0.5,208.5,1.25,0.0
ARI,2015,2015_06_ARI_PIT,22,242.6,1.4,2.2,97.2,0.4,242.6,1.4,0.4
ARI,2015,2015_07_BAL_ARI,23,231.16666666666666,1.5,1.8333333333333333,104.5,0.3333333333333333,231.16666666666666,1.5,0.3333333333333333
ARI,2015,2015_08_ARI_CLE,24,234.14285714285714,1.4285714285714286,1.7142857142857142,97.42857142857143,0.42857142857142855,234.14285714285714,1.4285714285714286,0.2857142857142857
ARI,2015,2015_10_ARI_SEA,25,232.75,1.625,1.625,90.125,0.375,232.75,1.625,0.375
ARI,2015,2015_11_CIN_ARI,26,233.55555555555554,1.5555555555555556,1.5555555555555556,92.88888888888889,0.5555555555555556,233.55555555555554,1.5555555555555556,0.3333333333333333
ARI,2015,2015_12_ARI_SF,27,241.7,1.6,1.4,93.5,0.7,241.7,1.6,0.4
ARI,2015,2015_13_ARI_STL,28,248.63636363636363,1.5454545454545454,1.3636363636363635,91.0909090909091,0.6363636363636364,248.63636363636363,1.5454545454545454,0.36363636363636365
ARI,2015,2015_14_MIN_ARI,29,240.08333333333334,1.4166666666666667,1.3333333333333333,89.0,0.5833333333333334,240.08333333333334,1.4166666666666667,0.3333333333333333
ARI,2015,2015_15_ARI_PHI,30,247.3846153846154,1.3846153846153846,1.2307692307692308,87.6923076923077,0.6153846153846154,247.3846153846154,1.3846153846153846,0.5384615384615384
ARI,2015,2015_16_GB_ARI,31,255.5,1.4285714285714286,1.2857142857142858,86.71428571428571,0.5714285714285714,255.5,1.4285714285714286,0.6428571428571429
ARI,2015,2015_17_SEA_ARI,32,248.8,1.4,1.2666666666666666,87.66666666666667,0.5333333333333333,248.8,1.4,0.8
ARI,2016,2016_01_NE_ARI,33,,,,,,,,
ARI,2016,2016_02_TB_ARI,34,264.0,1.0,0.0,106.0,1.0,264.0,1.0,2.0
ARI,2016,2016_03_ARI_BUF,35,253.5,1.0,2.0,95.5,0.5,253.5,1.0,1.5
ARI,2016,2016_04_LA_ARI,36,208.66666666666666,0.6666666666666666,1.6666666666666667,133.0,1.3333333333333333,208.66666666666666,0.6666666666666666,1.0
ARI,2016,2016_05_ARI_SF,37,223.0,1.0,1.25,110.0,1.0,223.0,1.0,1.0
ARI,2016,2016_06_NYJ_ARI,38,210.8,1.0,1.4,118.2,1.2,210.8,1.0,0.8
ARI,2016,2016_07_SEA_ARI,39,209.83333333333334,0.8333333333333334,1.5,104.0,1.0,209.83333333333334,0.8333333333333334,0.6666666666666666
ARI,2016,2016_08_ARI_CAR,40,212.0,0.7142857142857143,1.2857142857142858,96.57142857142857,0.8571428571428571,212.0,0.7142857142857143,0.5714285714285714
ARI,2016,2016_10_SF_ARI,41,212.0,0.625,1.125,102.125,1.0,212.0,0.625,0.625
ARI,2016,2016_11_ARI_MIN,42,211.77777777777777,0.6666666666666666,1.0,100.0,1.0,211.77777777777777,0.6666666666666666,0.5555555555555556
ARI,2016,2016_12_ARI_ATL,43,207.5,0.7,0.9,97.2,1.0,207.5,0.7,0.6
ARI,2016,2016_13_WAS_ARI,44,213.0909090909091,0.8181818181818182,0.9090909090909091,98.9090909090909,1.1818181818181819,213.0909090909091,0.8181818181818182,0.5454545454545454
ARI,2016,2016_14_ARI_MIA,45,217.91666666666666,0.8333333333333334,0.9166666666666666,97.91666666666667,1.1666666666666667,217.91666666666666,0.8333333333333334,0.5833333333333334
ARI,2016,2016_15_NO_ARI,46,219.76923076923077,1.0,0.9230769230769231,96.76923076923077,1.0769230769230769,219.76923076923077,1.0,0.6153846153846154
ARI,2016,2016_16_ARI_SEA,47,231.85714285714286,1.2142857142857142,0.8571428571428571,99.14285714285714,1.1428571428571428,231.85714285714286,1.2142857142857142,0.6428571428571429
ARI,2016,2016_17_ARI_LA,48,239.73333333333332,1.4,0.8,97.73333333333333,1.0666666666666667,239.73333333333332,1.4,0.6666666666666666
ARI,2017,2017_01_ARI_DET,49,,,,,,,,
ARI,2017,2017_02_ARI_IND,50,292.0,4.0,1.0,82.0,0.0,292.0,4.0,0.0
ARI,2017,2017_03_DAL_ARI,51,254.0,2.0,1.0,79.0,0.5,254.0,2.0,0.0
ARI,2017,2017_04_SF_ARI,52,230.33333333333334,2.0,0.6666666666666666,85.66666666666667,1.0,230.33333333333334,2.0,0.0
ARI,2017,2017_05_ARI_PHI,53,231.25,1.5,0.75,88.0,0.75,231.25,1.5,0.0
ARI,2017,2017_06_TB_ARI,54,245.8,2.0,0.8,94.8,0.6,245.8,2.0,0.0
ARI,2017,2017_07_ARI_LA,55,263.3333333333333,2.1666666666666665,1.0,90.66666666666667,0.6666666666666666,263.3333333333333,2.1666666666666665,0.0
ARI,2017,2017_09_ARI_SF,56,259.2857142857143,2.0,1.0,105.85714285714286,0.8571428571428571,259.2857142857143,2.0,0.0
ARI,2017,2017_10_SEA_ARI,57,263.625,1.75,1.0,100.5,0.875,263.625,1.75,0.125
ARI,2017,2017_11_ARI_HOU,58,260.77777777777777,1.7777777777777777,0.8888888888888888,97.66666666666667,0.7777777777777778,260.77777777777777,1.7777777777777777,0.1111111111111111
ARI,2017,2017_12_JAX_ARI,59,257.7,1.8,0.9,101.3,0.9,257.7,1.8,0.2
ARI,2017,2017_13_LA_ARI,60,248.8181818181818,1.6363636363636365,0.9090909090909091,100.36363636363636,1.0,248.8181818181818,1.6363636363636365,0.2727272727272727
ARI,2017,2017_14_TEN_ARI,61,246.41666666666666,1.6666666666666667,0.9166666666666666,99.5,0.9166666666666666,246.41666666666666,1.6666666666666667,0.25
ARI,2017,2017_15_ARI_WAS,62,239.69230769230768,1.5384615384615385,1.0,96.84615384615384,0.9230769230769231,239.69230769230768,1.5384615384615385,0.23076923076923078
ARI,2017,2017_16_NYG_ARI,63,236.57142857142858,1.5714285714285714,0.9285714285714286,92.14285714285714,0.8571428571428571,236.57142857142858,1.5714285714285714,0.2857142857142857
ARI,2017,2017_17_ARI_SEA,64,238.33333333333334,1.4666666666666666,1.0,88.86666666666666,0.8,238.33333333333334,1.4666666666666666,0.3333333333333333
ARI,2018,2018_01_WAS_ARI,65,,,,,,,,
ARI,2018,2018_02_ARI_LA,66,255.0,2.0,0.0,182.0,1.0,255.0,2.0,1.0
ARI,2018,2018_03_CHI_ARI,67,304.5,1.5,0.5,136.0,2.0,304.5,1.5,0.5
ARI,2018,2018_04_SEA_ARI,68,276.3333333333333,1.0,0.6666666666666666,131.33333333333334,1.6666666666666667,276.3333333333333,1.0,0.6666666666666666
ARI,2018,2018_05_ARI_SF,69,250.25,0.75,0.5,141.25,1.75,250.25,0.75,0.5
ARI,2018,2018_06_ARI_MIN,70,270.0,1.0,0.8,142.4,1.6,270.0,1.0,1.0
ARI,2018,2018_07_DEN_ARI,71,263.8333333333333,1.0,0.8333333333333334,151.16666666666666,1.6666666666666667,263.8333333333333,1.0,1.0
ARI,2018,2018_08_SF_ARI,72,253.14285714285714,1.1428571428571428,0.8571428571428571,148.28571428571428,1.7142857142857142,253.14285714285714,1.1428571428571428,0.8571428571428571
ARI,2018,2018_10_ARI_KC,73,245.25,1.125,0.75,143.125,1.5,245.25,1.125,0.75
ARI,2018,2018_11_OAK_ARI,74,245.66666666666666,1.2222222222222223,0.6666666666666666,140.33333333333334,1.4444444444444444,245.66666666666666,1.2222222222222223,0.6666666666666666
ARI,2018,2018_12_ARI_LAC,75,240.3,1.3,0.6,141.5,1.3,240.3,1.3,0.6
ARI,2018,2018_13_ARI_GB,76,242.0,1.4545454545454546,0.5454545454545454,144.8181818181818,1.4545454545454546,242.0,1.4545454545454546,0.6363636363636364
ARI,2018,2018_14_DET_ARI,77,241.25,1.4166666666666667,0.5,140.91666666666666,1.4166666666666667,241.25,1.4166666666666667,0.5833333333333334
ARI,2018,2018_15_ARI_ATL,78,230.46153846153845,1.3076923076923077,0.46153846153846156,139.46153846153845,1.3846153846153846,230.46153846153845,1.3076923076923077,0.6153846153846154
ARI,2018,2018_16_LA_ARI,79,230.5,1.3571428571428572,0.42857142857142855,144.85714285714286,1.4285714285714286,230.5,1.3571428571428572,0.5714285714285714
ARI,2018,2018_17_ARI_SEA,80,229.53333333333333,1.3333333333333333,0.4,153.13333333333333,1.5333333333333334,229.53333333333333,1.3333333333333333,0.6
ARI,2019,2019_01_DET_ARI,81,,,,,,,,
ARI,2019,2019_02_ARI_BAL,82,385.0,3.0,0.0,116.0,0.0,385.0,3.0,1.0
ARI,2019,2019_03_CAR_ARI,83,328.5,2.5,0.0,149.0,0.0,328.5,2.5,0.5
ARI,2019,2019_04_SEA_ARI,84,306.0,3.0,0.0,157.0,0.3333333333333333,306.0,3.0,0.6666666666666666
ARI,2019,2019_05_ARI_CIN,85,289.5,2.5,0.0,146.5,0.5,289.5,2.5,0.5
ARI,2019,2019_06_ATL_ARI,86,284.0,2.4,0.0,138.8,0.4,284.0,2.4,0.4
ARI,2019,2019_07_ARI_NYG,87,296.0,2.6666666666666665,0.0,132.83333333333334,0.3333333333333333,296.0,2.6666666666666665,0.3333333333333333
ARI,2019,2019_08_ARI_NO,88,285.57142857142856,2.4285714285714284,0.14285714285714285,129.14285714285714,0.42857142857142855,285.57142857142856,2.4285714285714284,0.5714285714285714
ARI,2019,2019_09_SF_ARI,89,296.5,2.5,0.25,130.125,0.5,296.5,2.5,0.5
ARI,2019,2019_10_ARI_TB,90,298.77777777777777,2.6666666666666665,0.2222222222222222,126.88888888888889,0.4444444444444444,298.77777777777777,2.6666666666666665,0.4444444444444444
ARI,2019,2019_11_ARI_SF,91,304.7,2.5,0.4,126.0,0.6,304.7,2.5,0.5
ARI,2019,2019_13_LA_ARI,92,315.54545454545456,2.6363636363636362,0.5454545454545454,117.63636363636364,0.5454545454545454,315.54545454545456,2.6363636363636362,0.45454545454545453
ARI,2019,2019_14_PIT_ARI,93,324.8333333333333,2.5833333333333335,0.5,118.83333333333333,0.5833333333333334,324.8333333333333,2.5833333333333335,0.4166666666666667
ARI,2019,2019_15_CLE_ARI,94,311.53846153846155,2.4615384615384617,0.46153846153846156,120.46153846153847,0.5384615384615384,311.53846153846155,2.4615384615384617,0.5384615384615384
ARI,2019,2019_16_ARI_SEA,95,310.92857142857144,2.5,0.5,124.07142857142857,0.5714285714285714,310.92857142857144,2.5,0.5714285714285714
ARI,2019,2019_17_ARI_LA,96,301.46666666666664,2.4,0.4666666666666667,121.86666666666666,0.5333333333333333,301.46666666666664,2.4,0.6
ARI,2020,2020_01_ARI_SF,97,,,,,,,,
ARI,2020,2020_02_WAS_ARI,98,259.0,2.0,0.0,123.0,0.0,259.0,2.0,0.0
ARI,2020,2020_03_DET_ARI,99,241.0,1.5,0.0,120.0,0.5,241.0,1.5,0.5
ARI,2020,2020_04_ARI_CAR,100,250.66666666666666,1.6666666666666667,0.0,110.0,0.3333333333333333,250.66666666666666,1.6666666666666667,0.3333333333333333
ARI,2020,2020_05_ARI_NYJ,101,257.0,1.75,0.25,124.5,0.75,257.0,1.75,0.25
ARI,2020,2020_06_ARI_DAL,102,244.6,1.6,0.2,124.2,0.6,244.6,1.6,0.2
ARI,2020,2020_07_SEA_ARI,103,248.16666666666666,1.5,0.5,119.66666666666667,0.5,248.16666666666666,1.5,0.5
ARI,2020,2020_09_MIA_ARI,104,268.14285714285717,1.7142857142857142,0.8571428571428571,131.14285714285714,0.5714285714285714,268.14285714285717,1.7142857142857142,0.42857142857142855
ARI,2020,2020_10_BUF_ARI,105,265.625,1.75,0.75,126.125,0.625,265.625,1.75,0.375
ARI,2020,2020_11_ARI_SEA,106,269.0,1.8888888888888888,0.8888888888888888,120.22222222222223,0.5555555555555556,269.0,1.8888888888888888,0.3333333333333333
ARI,2020,2020_12_ARI_NE,107,261.8,1.9,0.8,124.7,0.6,261.8,1.9,0.3
ARI,2020,2020_13_LA_ARI,108,245.63636363636363,1.7272727272727273,0.9090909090909091,123.36363636363636,0.7272727272727273,245.63636363636363,1.7272727272727273,0.2727272727272727
ARI,2020,2020_14_ARI_NYG,109,254.41666666666666,1.6666666666666667,0.8333333333333334,123.0,0.9166666666666666,254.41666666666666,1.6666666666666667,0.25
ARI,2020,2020_15_PHI_ARI,110,246.0,1.5384615384615385,0.7692307692307693,119.53846153846153,0.9230769230769231,246.0,1.5384615384615385,0.38461538461538464
ARI,2020,2020_16_SF_ARI,111,252.57142857142858,1.6428571428571428,0.7142857142857143,119.35714285714286,0.9285714285714286,252.57142857142858,1.6428571428571428,0.35714285714285715
ARI,2020,2020_17_ARI_LA,112,247.86666666666667,1.7333333333333334,0.6666666666666666,126.53333333333333,0.8666666666666667,247.86666666666667,1.7333333333333334,0.4
ARI,2021,2021_01_ARI_TEN,113,,,,,,,,
ARI,2021,2021_02_MIN_ARI,114,218.0,1.0,1.0,86.0,1.0,218.0,1.0,2.0
ARI,2021,2021_03_ARI_JAX,115,231.0,2.0,0.5,131.5,0.5,231.0,2.0,1.0
ARI,2021,2021_04_ARI_LA,116,227.0,1.6666666666666667,1.0,140.66666666666666,0.6666666666666666,227.0,1.6666666666666667,1.3333333333333333
ARI,2021,2021_05_SF_ARI,117,240.25,1.75,1.0,135.75,0.5,240.25,1.75,1.25
ARI,2021,2021_06_ARI_CLE,118,230.6,1.4,1.0,139.0,0.6,230.6,1.4,1.0
ARI,2021,2021_07_HOU_ARI,119,232.16666666666666,1.5,1.0,128.0,0.5,232.16666666666666,1.5,1.1666666666666667
ARI,2021,2021_08_GB_ARI,120,218.28571428571428,1.2857142857142858,0.8571428571428571,115.71428571428571,0.42857142857142855,218.28571428571428,1.2857142857142858,1.1428571428571428
ARI,2021,2021_09_ARI_SF,121,214.0,1.375,0.75,120.125,0.5,214.0,1.375,1.0
ARI,2021,2021_10_CAR_ARI,122,226.44444444444446,1.4444444444444444,0.7777777777777778,111.11111111111111,0.4444444444444444,226.44444444444446,1.4444444444444444,1.1111111111111112
ARI,2021,2021_11_ARI_SEA,123,221.3,1.4,0.8,116.6,0.6,221.3,1.4,1.1
ARI,2021,2021_13_ARI_CHI,124,220.0,1.2727272727272727,0.7272727272727273,113.81818181818181,0.6363636363636364,220.0,1.2727272727272727,1.0
ARI,2021,2021_14_LA_ARI,125,220.75,1.3333333333333333,1.0,113.66666666666667,0.6666666666666666,220.75,1.3333333333333333,0.9166666666666666
ARI,2021,2021_15_ARI_DET,126,225.84615384615384,1.4615384615384615,0.9230769230769231,111.76923076923077,0.6153846153846154,225.84615384615384,1.4615384615384615,0.8461538461538461
ARI,2021,2021_16_IND_ARI,127,225.14285714285714,1.5714285714285714,0.8571428571428571,112.78571428571429,0.5714285714285714,225.14285714285714,1.5714285714285714,0.8571428571428571
ARI,2021,2021_17_ARI_DAL,128,225.13333333333333,1.6,0.8,113.66666666666667,0.5333333333333333,225.13333333333333,1.6,0.8
ARI,2021,2021_18_SEA_ARI,129,227.125,1.6875,0.75,109.375,0.5,227.125,1.6875,0.8125
ARI,2022,2022_01_KC_ARI,130,,,,,,,,
ARI,2022,2022_02_ARI_LV,131,360.0,5.0,0.0,128.0,1.0,360.0,5.0,1.0
ARI,2022,2022_03_LA_ARI,132,306.0,3.5,0.0,104.0,0.5,306.0,3.5,1.0
ARI,2022,2022_04_ARI_CAR,133,287.0,2.3333333333333335,0.0,102.66666666666667,1.0,287.0,2.3333333333333335,1.0
ARI,2022,2022_05_PHI_ARI,134,264.5,2.0,0.5,87.0,0.75,264.5,2.0,1.0
ARI,2022,2022_06_ARI_SEA,135,259.4,1.6,0.4,97.4,1.0,259.4,1.6,0.8
ARI,2022,2022_07_NO_ARI,136,249.0,1.3333333333333333,0.3333333333333333,103.83333333333333,1.0,249.0,1.3333333333333333,0.8333333333333334
ARI,2022,2022_08_ARI_MIN,137,271.85714285714283,1.7142857142857142,0.7142857142857143,101.14285714285714,0.8571428571428571,271.85714285714283,1.7142857142857142,0.7142857142857143
ARI,2022,2022_09_SEA_ARI,138,266.875,1.75,0.625,110.125,1.125,266.875,1.75,0.75
ARI,2022,2022_10_ARI_LA,139,267.77777777777777,1.7777777777777777,0.6666666666666666,115.44444444444444,1.2222222222222223,267.77777777777777,1.7777777777777777,0.6666666666666666
ARI,2022,2022_11_SF_ARI,140,261.9,1.7,0.7,110.5,1.2,261.9,1.7,0.7
ARI,2022,2022_12_LAC_ARI,141,258.8181818181818,1.9090909090909092,0.6363636363636364,114.9090909090909,1.1818181818181819,258.8181818181818,1.9090909090909092,0.6363636363636364
ARI,2022,2022_14_NE_ARI,142,260.0833333333333,2.0,0.5833333333333334,110.75,1.0833333333333333,260.0833333333333,2.0,0.5833333333333334
ARI,2022,2022_15_ARI_DEN,143,258.15384615384613,1.8461538461538463,0.6153846153846154,110.15384615384616,1.1538461538461537,258.15384615384613,1.8461538461538463,0.5384615384615384
ARI,2022,2022_16_TB_ARI,144,253.78571428571428,1.7857142857142858,0.6428571428571429,114.28571428571429,1.2142857142857142,253.78571428571428,1.7857142857142858,0.5714285714285714
ARI,2022,2022_17_ARI_ATL,145,255.6,1.7333333333333334,0.7333333333333333,114.33333333333333,1.1333333333333333,255.6,1.7333333333333334,0.5333333333333333
ARI,2022,2022_18_ARI_SF,146,250.1875,1.625,0.6875,115.4375,1.1875,250.1875,1.625,0.5625
ARI,2023,2023_01_ARI_WAS,147,,,,,,,,
ARI,2023,2023_02_NYG_ARI,148,202.0,1.0,1.0,92.0,1.0,202.0,1.0,2.0
ARI,2023,2023_03_DAL_ARI,149,261.5,1.5,1.0,109.5,1.5,261.5,1.5,1.0
ARI,2023,2023_04_ARI_SF,150,257.3333333333333,1.3333333333333333,1.0,134.66666666666666,1.0,257.3333333333333,1.3333333333333333,0.6666666666666666
ARI,2023,2023_05_CIN_ARI,151,263.75,1.25,0.75,132.0,1.75,263.75,1.25,0.5
ARI,2023,2023_06_ARI_LA,152,274.4,1.6,0.8,124.2,1.4,274.4,1.6,0.4
ARI,2023,2023_07_ARI_SEA,153,266.3333333333333,1.5,0.6666666666666666,133.33333333333334,1.3333333333333333,266.3333333333333,1.5,0.3333333333333333
ARI,2023,2023_08_BAL_ARI,154,259.57142857142856,1.5714285714285714,0.7142857142857143,130.71428571428572,1.1428571428571428,259.57142857142856,1.5714285714285714,0.42857142857142855
ARI,2023,2023_09_ARI_CLE,155,246.75,1.5,0.625,130.625,1.375,246.75,1.5,0.375
ARI,2023,2023_10_ATL_ARI,156,243.66666666666666,1.5555555555555556,0.5555555555555556,128.66666666666666,1.3333333333333333,243.66666666666666,1.5555555555555556,0.3333333333333333
ARI,2023,2023_11_ARI_HOU,157,228.7,1.5,0.5,134.2,1.4,228.7,1.5,0.3
ARI,2023,2023_12_LA_ARI,158,238.63636363636363,1.5454545454545454,0.7272727272727273,132.0909090909091,1.3636363636363635,238.63636363636363,1.5454545454545454,0.2727272727272727
ARI,2023,2023_13_ARI_PIT,159,237.83333333333334,1.75,0.75,140.08333333333334,1.3333333333333333,237.83333333333334,1.75,0.25
ARI,2023,2023_15_SF_ARI,160,233.92307692307693,1.6923076923076923,0.6923076923076923,139.30769230769232,1.2307692307692308,233.92307692307693,1.6923076923076923,0.3076923076923077
ARI,2023,2023_16_ARI_CHI,161,235.92857142857142,1.8571428571428572,0.6428571428571429,139.64285714285714,1.2142857142857142,235.92857142857142,1.8571428571428572,0.2857142857142857
ARI,2023,2023_17_ARI_PHI,162,231.53333333333333,1.8,0.6666666666666666,147.0,1.2666666666666666,231.53333333333333,1.8,0.26666666666666666
ARI,2023,2023_18_SEA_ARI,163,228.5625,1.875,0.6875,143.5,1.1875,228.5625,1.875,0.25
ARI,2024,2024_01_ARI_BUF,164,,,,,,,,
ARI,2024,2024_02_LA_ARI,165,232.0,2.0,0.0,130.0,2.0,232.0,2.0,1.0
ARI,2024,2024_03_DET_ARI,166,224.0,1.0,0.0,91.5,1.5,224.0,1.0,1.0
ARI,2024,2024_04_WAS_ARI,167,215.66666666666666,1.3333333333333333,0.3333333333333333,123.33333333333333,1.3333333333333333,209.0,1.0,0.6666666666666666
ARI,2024,2024_05_ARI_SF,168,220.0,1.25,0.5,146.5,2.0,215.0,1.0,0.5
ARI,2024,2024_06_ARI_GB,169,224.8,1.2,0.8,147.8,1.6,220.8,1.0,0.6
ARI,2024,2024_07_LAC_ARI,170,230.33333333333334,1.6666666666666667,0.8333333333333334,153.0,1.3333333333333333,227.0,1.5,0.5
ARI,2024,2024_08_ARI_MIA,171,247.28571428571428,1.4285714285714286,0.7142857142857143,139.57142857142858,1.1428571428571428,244.42857142857142,1.2857142857142858,0.5714285714285714
ARI,2024,2024_09_CHI_ARI,172,245.625,1.375,0.625,140.875,1.25,243.125,1.25,0.5
ARI,2024,2024_10_NYJ_ARI,173,242.44444444444446,1.2222222222222223,0.5555555555555556,132.88888888888889,1.1111111111111112,240.22222222222223,1.1111111111111112,0.4444444444444444
ARI,2024,2024_12_ARI_SEA,174,233.3,1.1,0.5,127.5,1.0,231.3,1.0,0.5
ARI,2024,2024_13_ARI_MIN,175,235.1818181818182,1.0909090909090908,0.5454545454545454,121.81818181818181,0.9090909090909091,233.36363636363637,1.0,0.45454545454545453
ARI,2024,2024_14_SEA_ARI,176,235.16666666666666,1.1666666666666667,0.5,117.33333333333333,0.8333333333333334,233.5,1.0833333333333333,0.5
ARI,2024,2024_15_NE_ARI,177,235.0,1.1538461538461537,0.46153846153846156,121.84615384615384,0.9230769230769231,233.46153846153845,1.0769230769230769,0.46153846153846156
ARI,2024,2024_16_ARI_CAR,178,232.64285714285714,1.1428571428571428,0.5,121.42857142857143,0.9285714285714286,231.21428571428572,1.0714285714285714,0.42857142857142855
ARI,2024,2024_17_ARI_LA,179,227.66666666666666,1.2,0.4666666666666667,129.53333333333333,1.0666666666666667,226.33333333333334,1.1333333333333333,0.4
ARI,2024,2024_18_SF_ARI,180,225.25,1.125,0.4375,125.6875,1.0625,224.0,1.0625,0.375
ATL,2014,2014_01_NO_ATL,1,,,,,,,,
ATL,2014,2014_02_ATL_CIN,2,333.0,1.0,1.0,139.0,3.0,333.0,1.0,1.0
ATL,2014,2014_03_TB_ATL,3,317.5,1.0,0.5,154.5,2.5,317.5,1.0,0.5
ATL,2014,2014_04_ATL_MIN,4,271.3333333333333,1.0,0.6666666666666666,124.33333333333333,1.6666666666666667,271.3333333333333,1.0,1.0
ATL,2014,2014_05_ATL_NYG,5,282.75,0.75,0.5,153.5,2.25,282.75,0.75,0.75
ATL,2014,2014_06_CHI_ATL,6,266.2,1.0,0.4,147.6,2.0,266.2,1.0,0.6
ATL,2014,2014_07_ATL_BAL,7,285.3333333333333,1.0,0.3333333333333333,140.16666666666666,2.0,285.3333333333333,1.0,0.5
ATL,2014,2014_08_DET_ATL,8,281.42857142857144,1.1428571428571428,0.5714285714285714,137.71428571428572,1.8571428571428572,281.42857142857144,1.1428571428571428,0.42857142857142855
ATL,2014,2014_10_ATL_TB,9,286.875,1.25,0.625,128.0,1.625,286.875,1.25,0.375
ATL,2014,2014_11_ATL_CAR,10,288.44444444444446,1.3333333333333333,0.7777777777777778,124.0,1.4444444444444444,288.44444444444446,1.3333333333333333,0.4444444444444444
ATL,2014,2014_12_CLE_ATL,11,288.8,1.4,0.9,122.2,1.3,288.8,1.4,0.4
ATL,2014,2014_13_ARI_ATL,12,291.8181818181818,1.2727272727272727,1.0909090909090908,125.81818181818181,1.3636363636363635,291.8181818181818,1.2727272727272727,0.36363636363636365
ATL,2014,2014_14_ATL_GB,13,292.0,1.25,1.1666666666666667,118.25,1.25,292.0,1.25,0.4166666666666667
ATL,2014,2014_15_PIT_ATL,14,294.6923076923077,1.3846153846153846,1.0769230769230769,122.92307692307692,1.3076923076923077,294.6923076923077,1.3846153846153846,0.38461538461538464
ATL,2014,2014_16_ATL_NO,15,299.35714285714283,1.2857142857142858,1.0,117.35714285714286,1.3571428571428572,299.35714285714283,1.2857142857142858,0.35714285714285715
ATL,2014,2014_17_CAR_ATL,16,300.26666666666665,1.2666666666666666,1.0666666666666667,113.33333333333333,1.3333333333333333,300.26666666666665,1.2666666666666666,0.4666666666666667
ATL,2015,2015_01_PHI_ATL,17,,,,,,,,
ATL,2015,2015_02_ATL_NYG,18,336.0,1.0,2.0,63.0,2.0,336.0,1.0,0.0
ATL,2015,2015_03_ATL_DAL,19,314.0,1.5,1.0,80.0,1.0,314.0,1.5,0.5
ATL,2015,2015_04_HOU_ATL,20,286.6666666666667,1.0,1.0,95.66666666666667,2.0,286.6666666666667,1.0,0.3333333333333333
ATL,2015,2015_05_WAS_ATL,21,310.5,1.25,1.0,85.25,1.75,310.5,1.25,1.0
ATL,2015,2015_06_ATL_NO,22,292.2,1.2,1.2,78.4,1.6,292.2,1.2,0.8
ATL,2015,2015_07_ATL_TEN,23,295.5,1.1666666666666667,1.0,78.83333333333333,1.6666666666666667,295.5,1.1666666666666667,0.6666666666666666
ATL,2015,2015_08_TB_ATL,24,280.0,1.1428571428571428,1.1428571428571428,78.57142857142857,1.4285714285714286,280.0,1.1428571428571428,0.5714285714285714
ATL,2015,2015_09_ATL_SF,25,267.125,1.125,1.0,83.375,1.375,267.125,1.125,0.5
ATL,2015,2015_11_IND_ATL,26,258.0,1.2222222222222223,1.1111111111111112,88.88888888888889,1.2222222222222223,258.0,1.2222222222222223,0.4444444444444444
ATL,2015,2015_12_MIN_ATL,27,253.5,1.3,1.2,87.4,1.1,253.5,1.3,0.5
ATL,2015,2015_13_ATL_TB,28,246.27272727272728,1.1818181818181819,1.1818181818181819,96.81818181818181,1.1818181818181819,246.27272727272728,1.1818181818181819,0.45454545454545453
ATL,2015,2015_14_ATL_CAR,29,244.66666666666666,1.1666666666666667,1.1666666666666667,102.58333333333333,1.25,244.66666666666666,1.1666666666666667,0.5
ATL,2015,2015_15_ATL_JAX,30,249.0,1.3076923076923077,1.0769230769230769,105.61538461538461,1.3076923076923077,249.0,1.3076923076923077,0.46153846153846156
ATL,2015,2015_16_CAR_ATL,31,252.42857142857142,1.2857142857142858,1.0714285714285714,104.14285714285714,1.2857142857142858,252.42857142857142,1.2857142857142858,0.42857142857142855
ATL,2015,2015_17_NO_ATL,32,245.06666666666666,1.2,1.0,107.53333333333333,1.2666666666666666,245.06666666666666,1.2,0.4666666666666667
ATL,2016,2016_01_TB_ATL,33,,,,,,,,
ATL,2016,2016_02_ATL_OAK,34,281.0,4.0,1.0,90.0,0.0,281.0,4.0,0.0
ATL,2016,2016_03_ATL_NO,35,290.0,3.5,0.5,122.5,0.5,290.0,3.5,0.0
ATL,2016,2016_04_CAR_ATL,36,318.6666666666667,3.3333333333333335,0.6666666666666666,120.0,0.6666666666666666,318.6666666666667,3.3333333333333335,0.0
ATL,2016,2016_05_ATL_DEN,37,323.25,3.25,1.0,102.25,0.5,323.25,3.25,0.0
ATL,2016,2016_06_ATL_SEA,38,303.2,2.8,1.0,98.6,0.4,303.2,2.8,0.0
ATL,2016,2016_07_SD_ATL,39,297.6666666666667,2.3333333333333335,0.8333333333333334,94.16666666666667,0.8333333333333334,297.6666666666667,2.3333333333333335,0.0
ATL,2016,2016_08_GB_ATL,40,308.14285714285717,2.142857142857143,0.8571428571428571,91.85714285714286,1.0,308.14285714285717,2.142857142857143,0.14285714285714285
ATL,2016,2016_09_ATL_TB,41,300.375,2.375,0.75,93.875,0.875,300.375,2.375,0.125
ATL,2016,2016_10_ATL_PHI,42,304.3333333333333,2.5555555555555554,0.6666666666666666,91.22222222222223,0.7777777777777778,304.3333333333333,2.5555555555555554,0.3333333333333333
ATL,2016,2016_12_ARI_ATL,43,297.0,2.3,0.6,102.9,0.9,297.0,2.3,0.4
ATL,2016,2016_13_KC_ATL,44,296.27272727272725,2.272727272727273,0.6363636363636364,98.81818181818181,0.8181818181818182,296.27272727272725,2.272727272727273,0.36363636363636365
ATL,2016,2016_14_ATL_LA,45,294.0833333333333,2.1666666666666665,0.5833333333333334,100.83333333333333,0.9166666666666666,294.0833333333333,2.1666666666666665,0.4166666666666667
ATL,2016,2016_15_SF_ATL,46,289.53846153846155,2.0,0.6923076923076923,101.07692307692308,1.0,289.53846153846155,2.0,0.5384615384615384
ATL,2016,2016_16_ATL_CAR,47,281.92857142857144,2.0,0.6428571428571429,101.5,0.9285714285714286,281.92857142857144,2.0,0.5714285714285714
ATL,2016,2016_17_NO_ATL,48,276.3333333333333,1.9333333333333333,0.7333333333333333,102.66666666666667,0.8666666666666667,276.3333333333333,1.9333333333333333,0.5333333333333333
ATL,2017,2017_01_ATL_CHI,49,,,,,,,,
ATL,2017,2017_02_GB_ATL,50,213.0,1.0,0.0,125.0,1.0,213.0,1.0,0.0
ATL,2017,2017_03_ATL_DET,51,278.0,1.5,0.5,92.0,1.0,278.0,1.5,0.5
ATL,2017,2017_04_BUF_ATL,52,273.3333333333333,1.3333333333333333,0.3333333333333333,85.0,0.6666666666666666,273.3333333333333,1.3333333333333333,0.3333333333333333
ATL,2017,2017_06_MIA_ATL,53,250.5,1.25,0.25,93.0,0.5,250.5,1.25,0.25
ATL,2017,2017_07_ATL_NE,54,230.6,1.4,0.4,102.0,0.4,230.6,1.4,0.2
ATL,2017,2017_08_ATL_NYJ,55,233.66666666666666,1.5,0.3333333333333333,112.0,0.3333333333333333,233.66666666666666,1.5,0.16666666666666666
ATL,2017,2017_09_ATL_CAR,56,237.0,1.5714285714285714,0.2857142857142857,102.14285714285714,0.2857142857142857,237.0,1.5714285714285714,0.14285714285714285
ATL,2017,2017_10_DAL_ATL,57,224.5,1.375,0.25,114.5,0.5,224.5,1.375,0.375
ATL,2017,2017_11_ATL_SEA,58,219.11111111111111,1.2222222222222223,0.2222222222222222,113.66666666666667,0.5555555555555556,219.11111111111111,1.2222222222222223,0.5555555555555556
ATL,2017,2017_12_TB_ATL,59,222.6,1.3,0.3,115.9,0.6,222.6,1.3,0.6
ATL,2017,2017_13_MIN_ATL,60,228.0909090909091,1.1818181818181819,0.2727272727272727,113.9090909090909,0.7272727272727273,228.0909090909091,1.1818181818181819,0.5454545454545454
ATL,2017,2017_14_NO_ATL,61,228.0,1.25,0.25,113.16666666666667,0.6666666666666666,228.0,1.25,0.5
ATL,2017,2017_15_ATL_TB,62,231.30769230769232,1.3076923076923077,0.3076923076923077,108.3076923076923,0.6153846153846154,231.30769230769232,1.3076923076923077,0.46153846153846156
ATL,2017,2017_16_ATL_NO,63,236.14285714285714,1.4285714285714286,0.2857142857142857,106.57142857142857,0.5714285714285714,236.14285714285714,1.4285714285714286,0.5
ATL,2017,2017_17_CAR_ATL,64,236.33333333333334,1.4,0.3333333333333333,105.2,0.6,236.33333333333334,1.4,0.4666666666666667
ATL,2018,2018_01_ATL_PHI,65,,,,,,,,
ATL,2018,2018_02_CAR_ATL,66,132.0,0.0,1.0,113.0,2.0,132.0,0.0,0.0
ATL,2018,2018_03_NO_ATL,67,233.5,1.5,1.0,117.0,1.0,233.5,1.5,0.0
ATL,2018,2018_04_CIN_ATL,68,287.6666666666667,2.0,0.6666666666666666,125.66666666666667,1.3333333333333333,287.6666666666667,2.0,0.0
ATL,2018,2018_05_ATL_PIT,69,300.0,2.25,0.75,119.0,1.5,300.0,2.25,0.0
ATL,2018,2018_06_TB_ATL,70,290.0,2.4,0.8,121.4,1.6,290.0,2.4,0.0
ATL,2018,2018_07_NYG_ATL,71,307.5,2.6666666666666665,1.0,121.33333333333333,1.3333333333333333,307.5,2.6666666666666665,0.0
ATL,2018,2018_09_ATL_WAS,72,320.57142857142856,2.4285714285714284,0.8571428571428571,112.71428571428571,1.2857142857142858,320.57142857142856,2.4285714285714284,0.0
ATL,2018,2018_10_ATL_CLE,73,318.75,2.25,0.875,108.5,1.25,318.75,2.25,0.0
ATL,2018,2018_11_DAL_ATL,74,307.3333333333333,2.3333333333333335,0.8888888888888888,119.88888888888889,1.2222222222222223,307.3333333333333,2.3333333333333335,0.0
ATL,2018,2018_12_ATL_NO,75,297.4,2.1,0.8,121.1,1.3,297.4,2.1,0.0
ATL,2018,2018_13_BAL_ATL,76,285.90909090909093,2.272727272727273,0.8181818181818182,123.72727272727273,1.1818181818181819,285.90909090909093,2.272727272727273,0.0
ATL,2018,2018_14_ATL_GB,77,276.0,2.0833333333333335,0.75,130.66666666666666,1.1666666666666667,276.0,2.0833333333333335,0.08333333333333333
ATL,2018,2018_15_ARI_ATL,78,269.84615384615387,2.076923076923077,0.6923076923076923,131.23076923076923,1.1538461538461537,269.84615384615387,2.076923076923077,0.07692307692307693
ATL,2018,2018_16_ATL_CAR,79,267.92857142857144,2.0,0.7857142857142857,126.14285714285714,1.1428571428571428,267.92857142857144,2.0,0.14285714285714285
ATL,2018,2018_17_ATL_TB,80,270.8666666666667,1.9333333333333333,0.9333333333333333,127.13333333333334,1.0666666666666667,270.8666666666667,1.9333333333333333,0.2
ATL,2019,2019_01_ATL_MIN,81,,,,,,,,
ATL,2019,2019_02_PHI_ATL,82,98.0,1.0,0.0,172.0,3.0,98.0,1.0,0.0
ATL,2019,2019_03_ATL_IND,83,176.5,1.0,1.0,110.5,2.0,176.5,1.0,0.0
ATL,2019,2019_04_TEN_ATL,84,221.0,1.3333333333333333,0.6666666666666666,100.0,1.6666666666666667,221.0,1.3333333333333333,0.0
ATL,2019,2019_05_ATL_HOU,85,222.5,1.75,0.5,109.5,1.25,222.5,1.75,0.0
ATL,2019,2019_06_ATL_ARI,86,263.2,2.4,0.4,120.8,1.2,263.2,2.4,0.0
ATL,2019,2019_07_LA_ATL,87,276.0,2.5,0.3333333333333333,117.66666666666667,1.1666666666666667,276.0,2.5,0.0
ATL,2019,2019_08_SEA_ATL,88,278.14285714285717,2.4285714285714284,0.2857142857142857,113.71428571428571,1.1428571428571428,278.14285714285717,2.4285714285714284,0.0
ATL,2019,2019_10_ATL_NO,89,266.125,2.375,0.25,118.375,1.125,266.125,2.375,0.0
ATL,2019,2019_11_ATL_CAR,90,270.3333333333333,2.111111111111111,0.2222222222222222,111.0,1.0,270.3333333333333,2.111111111111111,0.0
ATL,2019,2019_12_TB_ATL,91,275.8,1.9,0.6,107.6,0.9,275.8,1.9,0.0
ATL,2019,2019_13_NO_ATL,92,279.1818181818182,2.0,0.7272727272727273,109.9090909090909,0.9090909090909091,279.1818181818182,2.0,0.0
ATL,2019,2019_14_CAR_ATL,93,271.25,1.9166666666666667,0.6666666666666666,108.66666666666667,0.9166666666666666,271.25,1.9166666666666667,0.0
ATL,2019,2019_15_ATL_SF,94,272.9230769230769,1.8461538461538463,0.7692307692307693,108.0,0.9230769230769231,272.9230769230769,1.8461538461538463,0.07692307692307693
ATL,2019,2019_16_JAX_ATL,95,267.7142857142857,1.7857142857142858,0.7142857142857143,108.85714285714286,0.9285714285714286,267.7142857142857,1.7857142857142858,0.14285714285714285
ATL,2019,2019_17_ATL_TB,96,262.4,1.7333333333333334,0.6666666666666666,109.26666666666667,0.8666666666666667,262.4,1.7333333333333334,0.13333333333333333
ATL,2020,2020_01_SEA_ATL,97,,,,,,,,
ATL,2020,2020_02_ATL_DAL,98,322.0,4.0,0.0,84.0,1.0,322.0,4.0,0.0
ATL,2020,2020_03_CHI_ATL,99,386.0,2.5,0.0,104.5,2.5,386.0,2.5,1.5
ATL,2020,2020_04_ATL_GB,100,362.6666666666667,3.0,0.6666666666666666,113.0,1.6666666666666667,362.6666666666667,3.0,1.0
ATL,2020,2020_05_CAR_ATL,101,353.75,3.25,0.5,106.75,1.25,353.75,3.25,0.75
ATL,2020,2020_06_ATL_MIN,102,345.6,3.0,0.4,110.2,1.0,345.6,3.0,0.6
ATL,2020,2020_07_DET_ATL,103,345.1666666666667,3.0,0.8333333333333334,97.16666666666667,0.8333333333333334,345.1666666666667,3.0,0.5
ATL,2020,2020_08_ATL_CAR,104,344.42857142857144,2.7142857142857144,0.7142857142857143,92.42857142857143,0.8571428571428571,344.42857142857144,2.7142857142857144,0.42857142857142855
ATL,2020,2020_09_DEN_ATL,105,323.75,2.5,0.75,99.25,0.875,323.75,2.5,0.375
ATL,2020,2020_11_ATL_NO,106,322.55555555555554,2.4444444444444446,0.7777777777777778,99.66666666666667,0.8888888888888888,322.55555555555554,2.4444444444444446,0.3333333333333333
ATL,2020,2020_12_LV_ATL,107,313.6,2.2,0.7,106.3,1.1,313.6,2.2,0.4
ATL,2020,2020_13_NO_ATL,108,306.90909090909093,2.0,0.7272727272727273,100.27272727272727,1.0,306.90909090909093,2.0,0.7272727272727273
ATL,2020,2020_14_ATL_LAC,109,300.6666666666667,2.0,0.6666666666666666,109.16666666666667,1.0,300.6666666666667,2.0,0.75
ATL,2020,2020_15_TB_ATL,110,296.2307692307692,2.0,0.6923076923076923,108.84615384615384,0.9230769230769231,296.2307692307692,2.0,0.6923076923076923
ATL,2020,2020_16_ATL_KC,111,302.92857142857144,2.0,0.6428571428571429,104.71428571428571,1.0,302.92857142857144,2.0,0.6428571428571429
ATL,2020,2020_17_ATL_TB,112,301.26666666666665,2.0,0.7333333333333333,105.53333333333333,0.9333333333333333,301.26666666666665,2.0,0.6
ATL,2021,2021_01_PHI_ATL,113,,,,,,,,
ATL,2021,2021_02_ATL_TB,114,264.0,3.0,0.0,173.0,1.0,264.0,3.0,0.0
ATL,2021,2021_03_ATL_NYG,115,270.0,4.0,0.0,127.5,0.5,270.0,4.0,0.5
ATL,2021,2021_04_WAS_ATL,116,268.6666666666667,2.6666666666666665,0.0,118.33333333333333,0.6666666666666666,268.6666666666667,2.6666666666666665,0.6666666666666666
ATL,2021,2021_05_NYJ_ATL,117,274.0,2.75,0.0,119.25,0.75,274.0,2.75,0.5
ATL,2021,2021_07_ATL_MIA,118,257.6,2.2,0.2,108.2,1.0,257.6,2.2,0.4
ATL,2021,2021_08_CAR_ATL,119,263.1666666666667,2.5,0.5,112.16666666666667,0.8333333333333334,263.1666666666667,2.5,0.3333333333333333
ATL,2021,2021_09_ATL_NO,120,244.0,2.142857142857143,0.42857142857142855,125.14285714285714,0.8571428571428571,244.0,2.142857142857143,0.42857142857142855
ATL,2021,2021_10_ATL_DAL,121,248.75,2.125,0.375,123.125,0.875,248.75,2.125,0.5
ATL,2021,2021_11_NE_ATL,122,256.3333333333333,2.111111111111111,0.3333333333333333,122.11111111111111,1.1111111111111112,256.3333333333333,2.111111111111111,0.5555555555555556
ATL,2021,2021_12_ATL_JAX,123,251.4,2.0,0.4,123.3,1.0,251.4,2.0,0.5
ATL,2021,2021_13_TB_ATL,124,249.27272727272728,1.9090909090909092,0.45454545454545453,124.9090909090909,0.9090909090909091,249.27272727272728,1.9090909090909092,0.5454545454545454
ATL,2021,2021_14_ATL_CAR,125,259.1666666666667,2.0833333333333335,0.5,119.25,0.8333333333333334,259.1666666666667,2.0833333333333335,0.5
ATL,2021,2021_15_ATL_SF,126,258.6923076923077,2.0,0.6153846153846154,117.07692307692308,0.9230769230769231,258.6923076923077,2.0,0.5384615384615384
ATL,2021,2021_16_DET_ATL,127,257.0,1.9285714285714286,0.5714285714285714,120.28571428571429,1.0714285714285714,257.0,1.9285714285714286,0.5
ATL,2021,2021_17_ATL_BUF,128,253.73333333333332,1.8666666666666667,0.6,120.93333333333334,1.0,253.73333333333332,1.8666666666666667,0.4666666666666667
ATL,2021,2021_18_NO_ATL,129,245.375,1.75,0.75,127.9375,1.1875,245.375,1.75,0.4375
ATL,2022,2022_01_NO_ATL,130,,,,,,,,
ATL,2022,2022_02_ATL_LA,131,269.0,2.0,0.0,151.0,1.0,269.0,2.0,1.0
ATL,2022,2022_03_ATL_SEA,132,270.5,2.5,1.0,108.0,1.0,270.5,2.5,1.0
ATL,2022,2022_04_CLE_ATL,133,288.6666666666667,2.3333333333333335,1.0,109.33333333333333,0.6666666666666666,288.6666666666667,2.3333333333333335,0.6666666666666666
ATL,2022,2022_05_ATL_TB,134,275.0,1.75,1.0,126.25,1.0,275.0,1.75,0.75
ATL,2022,2022_06_SF_ATL,135,290.2,1.6,0.8,114.8,1.0,290.2,1.6,0.6
ATL,2022,2022_07_ATL_CIN,136,291.1666666666667,1.6666666666666667,1.0,104.0,0.8333333333333334,291.1666666666667,1.6666666666666667,0.6666666666666666
ATL,2022,2022_08_CAR_ATL,137,318.2857142857143,1.8571428571428572,0.8571428571428571,100.28571428571429,1.0,318.2857142857143,1.8571428571428572,0.5714285714285714
ATL,2022,2022_09_LAC_ATL,138,318.125,1.75,0.875,108.875,1.25,318.125,1.75,0.5
ATL,2022,2022_10_ATL_CAR,139,310.0,1.6666666666666667,0.8888888888888888,106.88888888888889,1.2222222222222223,310.0,1.6666666666666667,0.5555555555555556
ATL,2022,2022_11_CHI_ATL,140,289.8,1.5,0.8,119.4,1.3,289.8,1.5,0.5
ATL,2022,2022_12_ATL_WAS,141,277.3636363636364,1.4545454545454546,0.8181818181818182,123.0909090909091,1.3636363636363635,277.3636363636364,1.4545454545454546,0.45454545454545453
ATL,2022,2022_13_PIT_ATL,142,265.75,1.5,0.8333333333333334,127.5,1.25,265.75,1.5,0.4166666666666667
ATL,2022,2022_15_ATL_NO,143,260.46153846153845,1.4615384615384615,0.7692307692307693,129.53846153846155,1.1538461538461537,260.46153846153845,1.4615384615384615,0.38461538461538464
ATL,2022,2022_16_ATL_BAL,144,258.35714285714283,1.5714285714285714,0.7142857142857143,129.85714285714286,1.0714285714285714,258.35714285714283,1.5714285714285714,0.42857142857142855
ATL,2022,2022_17_ARI_ATL,145,248.8,1.5333333333333334,0.6666666666666666,133.46666666666667,1.0,248.8,1.5333333333333334,0.4
ATL,2022,2022_18_TB_ATL,146,247.125,1.5,0.625,133.0,0.9375,247.125,1.5,0.375
ATL,2023,2023_01_CAR_ATL,147,,,,,,,,
ATL,2023,2023_02_GB_ATL,148,146.0,1.0,2.0,154.0,0.0,146.0,1.0,1.0
ATL,2023,2023_03_ATL_DET,149,148.5,2.0,1.0,119.0,0.0,148.5,2.0,0.5
ATL,2023,2023_04_ATL_JAX,150,180.0,1.6666666666666667,1.0,117.66666666666667,0.3333333333333333,180.0,1.6666666666666667,0.3333333333333333
ATL,2023,2023_05_HOU_ATL,151,186.75,1.5,0.75,114.5,0.25,186.75,1.5,0.25
ATL,2023,2023_06_WAS_ATL,152,199.2,1.4,0.6,104.4,0.2,199.2,1.4,0.2
ATL,2023,2023_07_ATL_TB,153,191.16666666666666,1.6666666666666667,0.5,99.0,0.16666666666666666,191.16666666666666,1.6666666666666667,0.16666666666666666
ATL,2023,2023_08_ATL_TEN,154,203.14285714285714,1.5714285714285714,0.5714285714285714,95.28571428571429,0.14285714285714285,203.14285714285714,1.5714285714285714,0.2857142857142857
ATL,2023,2023_09_MIN_ATL,155,207.5,1.875,0.5,102.0,0.125,207.5,1.875,0.375
ATL,2023,2023_10_ATL_ARI,156,210.66666666666666,1.8888888888888888,0.4444444444444444,106.88888888888889,0.2222222222222222,210.66666666666666,1.8888888888888888,0.5555555555555556
ATL,2023,2023_12_NO_ATL,157,214.5,1.7,0.5,108.4,0.4,214.5,1.7,0.5
ATL,2023,2023_13_ATL_NYJ,158,222.63636363636363,1.5454545454545454,0.5454545454545454,112.0,0.36363636363636365,222.63636363636363,1.5454545454545454,0.5454545454545454
ATL,2023,2023_14_TB_ATL,159,221.91666666666666,1.4166666666666667,0.5833333333333334,107.83333333333333,0.3333333333333333,221.91666666666666,1.4166666666666667,0.6666666666666666
ATL,2023,2023_15_ATL_CAR,160,215.92307692307693,1.4615384615384615,0.5384615384615384,110.92307692307692,0.38461538461538464,215.92307692307693,1.4615384615384615,0.6153846153846154
ATL,2023,2023_16_IND_ATL,161,212.42857142857142,1.3571428571428572,0.5,112.21428571428571,0.35714285714285715,212.42857142857142,1.3571428571428572,0.5714285714285714
ATL,2023,2023_17_ATL_CHI,162,211.66666666666666,1.2666666666666666,0.5333333333333333,110.86666666666666,0.4,211.66666666666666,1.2666666666666666,0.5333333333333333
ATL,2023,2023_18_ATL_NO,163,215.1875,1.25,0.5,115.9375,0.5625,215.1875,1.25,0.5
ATL,2024,2024_01_PIT_ATL,164,,,,,,,,
ATL,2024,2024_02_ATL_PHI,165,156.0,0.0,0.0,137.0,0.0,156.0,0.0,0.0
ATL,2024,2024_03_KC_ATL,166,169.5,0.5,0.5,161.5,0.5,169.5,0.5,0.0
ATL,2024,2024_04_NO_ATL,167,185.33333333333334,1.0,0.6666666666666666,150.33333333333334,0.3333333333333333,185.33333333333334,1.0,0.0
ATL,2024,2024_05_TB_ATL,168,198.75,0.75,0.75,145.5,1.0,198.75,0.75,0.0
ATL,2024,2024_06_ATL_CAR,169,195.0,1.2,0.6,148.4,0.8,195.0,1.2,0.2
ATL,2024,2024_07_SEA_ATL,170,199.33333333333334,1.3333333333333333,0.8333333333333334,142.66666666666666,0.6666666666666666,199.33333333333334,1.3333333333333333,0.16666666666666666
ATL,2024,2024_08_ATL_TB,171,205.42857142857142,1.4285714285714286,0.7142857142857143,137.0,0.7142857142857143,205.42857142857142,1.4285714285714286,0.14285714285714285
ATL,2024,2024_09_DAL_ATL,172,221.0,1.625,0.875,132.625,0.625,221.0,1.625,0.25
ATL,2024,2024_10_ATL_NO,173,224.0,1.6666666666666667,0.7777777777777778,133.11111111111111,0.5555555555555556,224.0,1.6666666666666667,0.2222222222222222
ATL,2024,2024_11_ATL_DEN,174,228.5,1.7,0.7,129.4,0.5,228.5,1.7,0.2
ATL,2024,2024_13_LAC_ATL,175,235.63636363636363,1.9090909090909092,0.6363636363636364,127.18181818181819,0.5454545454545454,235.63636363636363,1.9090909090909092,0.18181818181818182
ATL,2024,2024_14_ATL_MIN,176,228.5,1.75,0.5833333333333334,121.25,0.5,228.5,1.75,0.25
ATL,2024,2024_15_ATL_LV,177,237.6153846153846,2.0,0.5384615384615384,120.76923076923077,0.5384615384615384,237.6153846153846,2.0,0.23076923076923078
ATL,2024,2024_16_NYG_ATL,178,235.5,1.9285714285714286,0.6428571428571429,116.78571428571429,0.5,235.5,1.9285714285714286,0.2857142857142857
ATL,2024,2024_17_ATL_WAS,179,233.8,1.8666666666666667,0.7333333333333333,112.0,0.4666666666666667,233.8,1.8666666666666667,0.3333333333333333
ATL,2024,2024_18_CAR_ATL,180,233.375,1.9375,0.75,118.5,0.5,233.375,1.9375,0.3125
BAL,2014,2014_01_CIN_BAL,1,,,,,,,,
BAL,2014,2014_02_PIT_BAL,2,301.0,1.0,0.0,79.0,0.0,301.0,1.0,0.0
BAL,2014,2014_03_BAL_CLE,3,259.0,0.5,0.5,89.0,0.0,259.0,0.5,1.0
BAL,2014,2014_04_CAR_BAL,4,269.3333333333333,0.6666666666666666,0.3333333333333333,87.66666666666667,0.6666666666666666,269.3333333333333,0.6666666666666666,0.6666666666666666
BAL,2014,2014_05_BAL_IND,5,269.0,0.75,0.25,82.5,0.5,269.0,0.75,0.75
BAL,2014,2014_06_BAL_TB,6,277.6,0.8,0.6,91.4,0.6,277.6,0.8,0.8
BAL,2014,2014_07_ATL_BAL,7,283.6666666666667,1.0,0.6666666666666666,90.66666666666667,0.5,283.6666666666667,1.0,0.6666666666666666
BAL,2014,2014_08_BAL_CIN,8,275.7142857142857,1.0,0.5714285714285714,87.42857142857143,0.42857142857142855,275.7142857142857,1.0,0.7142857142857143
BAL,2014,2014_09_BAL_PIT,9,274.5,0.875,0.625,90.375,0.75,274.5,0.875,0.75
BAL,2014,2014_10_TEN_BAL,10,281.77777777777777,1.4444444444444444,0.5555555555555556,86.44444444444444,0.6666666666666666,281.77777777777777,1.4444444444444444,0.7777777777777778
BAL,2014,2014_12_BAL_NO,11,271.5,1.4,0.6,84.5,0.6,271.5,1.4,0.8
BAL,2014,2014_13_SD_BAL,12,285.0,1.5454545454545454,0.6363636363636364,88.27272727272727,0.5454545454545454,285.0,1.5454545454545454,0.7272727272727273
BAL,2014,2014_14_BAL_MIA,13,293.1666666666667,1.6666666666666667,0.6666666666666666,86.25,0.5833333333333334,293.1666666666667,1.6666666666666667,0.75
BAL,2014,2014_15_JAX_BAL,14,288.0769230769231,1.6153846153846154,0.6153846153846154,84.46153846153847,0.5384615384615384,288.0769230769231,1.6153846153846154,0.6923076923076923
BAL,2014,2014_16_BAL_HOU,15,283.85714285714283,1.5,0.6428571428571429,84.28571428571429,0.5,283.85714285714283,1.5,0.6428571428571429
BAL,2014,2014_17_CLE_BAL,16,277.6,1.4666666666666666,0.6666666666666666,86.86666666666666,0.4666666666666667,277.6,1.4666666666666666,0.6
BAL,2015,2015_01_BAL_DEN,17,,,,,,,,
BAL,2015,2015_02_BAL_OAK,18,175.0,0.0,1.0,69.0,0.0,175.0,0.0,0.0
BAL,2015,2015_03_CIN_BAL,19,263.0,1.5,1.0,83.0,0.5,263.0,1.5,0.0
BAL,2015,2015_04_BAL_PIT,20,303.0,2.0,1.0,84.0,0.6666666666666666,303.0,2.0,0.3333333333333333
BAL,2015,2015_05_CLE_BAL,21,258.25,1.75,0.75,104.75,0.75,258.25,1.75,0.25
BAL,2015,2015_06_BAL_SF,22,298.0,1.8,0.6,100.4,0.8,298.0,1.8,0.2
BAL,2015,2015_07_BAL_ARI,23,305.0,1.8333333333333333,0.5,94.5,0.6666666666666666,305.0,1.8333333333333333,0.16666666666666666
BAL,2015,2015_08_SD_BAL,24,300.7142857142857,1.8571428571428572,0.42857142857142855,102.42857142857143,0.7142857142857143,300.7142857142857,1.8571428571428572,0.14285714285714285
BAL,2015,2015_10_JAX_BAL,25,300.75,2.0,0.375,99.75,0.625,300.75,2.0,0.125
BAL,2015,2015_11_STL_BAL,26,288.22222222222223,2.0,0.4444444444444444,98.66666666666667,0.5555555555555556,288.22222222222223,2.0,0.1111111111111111
BAL,2015,2015_12_BAL_CLE,27,273.0,1.9,0.4,97.0,0.6,273.0,1.9,0.4
BAL,2015,2015_13_BAL_MIA,28,274.45454545454544,1.9090909090909092,0.36363636363636365,93.9090909090909,0.5454545454545454,274.45454545454544,1.9090909090909092,0.36363636363636365
BAL,2015,2015_14_SEA_BAL,29,258.75,1.8333333333333333,0.3333333333333333,97.5,0.5,258.75,1.8333333333333333,0.4166666666666667
BAL,2015,2015_15_KC_BAL,30,262.0,2.076923076923077,0.3076923076923077,99.46153846153847,0.46153846153846156,262.0,2.076923076923077,0.46153846153846156
BAL,2015,2015_16_PIT_BAL,31,255.5,2.0,0.2857142857142857,100.42857142857143,0.5,255.5,2.0,0.42857142857142855
BAL,2015,2015_17_BAL_CIN,32,253.13333333333333,1.8666666666666667,0.4,101.06666666666666,0.6,253.33333333333334,1.8666666666666667,0.4
BAL,2016,2016_01_BUF_BAL,33,,,,,,,,
BAL,2016,2016_02_BAL_CLE,34,111.0,0.0,0.0,65.0,1.0,111.0,0.0,0.0
BAL,2016,2016_03_BAL_JAX,35,185.5,1.0,1.0,105.0,1.0,185.5,1.0,0.0
BAL,2016,2016_04_OAK_BAL,36,188.33333333333334,1.3333333333333333,1.6666666666666667,86.0,0.6666666666666666,188.33333333333334,1.3333333333333333,0.0
BAL,2016,2016_05_WAS_BAL,37,191.0,2.0,1.25,80.0,0.5,191.0,2.0,0.25
BAL,2016,2016_06_BAL_NYG,38,204.8,1.8,1.2,76.0,0.4,204.8,1.8,0.4
BAL,2016,2016_07_BAL_NYJ,39,237.83333333333334,2.0,1.3333333333333333,69.66666666666667,0.3333333333333333,237.83333333333334,2.0,0.5
BAL,2016,2016_09_PIT_BAL,40,234.57142857142858,2.0,1.1428571428571428,81.85714285714286,0.42857142857142855,234.57142857142858,2.0,0.7142857142857143
BAL,2016,2016_10_CLE_BAL,41,238.25,1.875,1.125,76.125,0.5,238.25,1.875,0.625
BAL,2016,2016_11_BAL_DAL,42,228.44444444444446,1.7777777777777777,1.2222222222222223,71.33333333333333,0.4444444444444444,228.44444444444446,1.7777777777777777,0.6666666666666666
BAL,2016,2016_12_CIN_BAL,43,235.7,1.9,1.1,76.0,0.4,235.7,1.9,0.6
BAL,2016,2016_13_MIA_BAL,44,240.0,1.8181818181818181,1.0,74.9090909090909,0.36363636363636365,240.0,1.8181818181818181,0.7272727272727273
BAL,2016,2016_14_BAL_NE,45,238.83333333333334,1.75,1.1666666666666667,73.83333333333333,0.3333333333333333,238.83333333333334,1.75,0.6666666666666666
BAL,2016,2016_15_PHI_BAL,46,251.69230769230768,1.8461538461538463,1.1538461538461537,75.46153846153847,0.38461538461538464,251.69230769230768,1.8461538461538463,0.6153846153846154
BAL,2016,2016_16_BAL_PIT,47,245.85714285714286,1.7142857142857142,1.1428571428571428,82.14285714285714,0.5,245.85714285714286,1.7142857142857142,0.5714285714285714
BAL,2016,2016_17_BAL_CIN,48,248.06666666666666,1.8,1.2,85.13333333333334,0.5333333333333333,248.06666666666666,1.8,0.5333333333333333
BAL,2017,2017_01_BAL_CIN,49,,,,,,,,
BAL,2017,2017_02_CLE_BAL,50,170.0,0.0,4.0,77.0,0.0,170.0,0.0,1.0
BAL,2017,2017_03_BAL_JAX,51,235.0,0.5,4.0,85.0,0.0,235.0,0.5,1.0
BAL,2017,2017_04_PIT_BAL,52,238.0,1.6666666666666667,2.6666666666666665,112.0,0.3333333333333333,238.0,1.6666666666666667,0.6666666666666666
BAL,2017,2017_05_BAL_OAK,53,232.5,1.5,2.25,127.25,0.75,232.5,1.5,0.5
BAL,2017,2017_06_CHI_BAL,54,217.8,1.4,1.8,123.4,0.8,217.8,1.4,0.6
BAL,2017,2017_07_BAL_MIN,55,203.83333333333334,1.5,1.5,141.33333333333334,0.6666666666666666,203.83333333333334,1.5,0.8333333333333334
BAL,2017,2017_08_MIA_BAL,56,201.57142857142858,1.2857142857142858,1.4285714285714286,145.28571428571428,0.7142857142857143,201.57142857142858,1.2857142857142858,0.7142857142857143
BAL,2017,2017_09_BAL_TEN,57,198.375,1.125,1.5,132.75,0.625,198.375,1.125,0.625
BAL,2017,2017_11_BAL_GB,58,200.55555555555554,1.2222222222222223,1.4444444444444444,125.88888888888889,0.6666666666666666,200.55555555555554,1.2222222222222223,0.5555555555555556
BAL,2017,2017_12_HOU_BAL,59,204.4,1.1,1.6,120.8,0.6,204.4,1.1,0.7
BAL,2017,2017_13_DET_BAL,60,208.72727272727272,1.0,1.6363636363636365,115.81818181818181,0.6363636363636364,208.72727272727272,1.0,0.7272727272727273
BAL,2017,2017_14_BAL_PIT,61,217.66666666666666,1.0,1.6666666666666667,112.66666666666667,0.75,217.66666666666666,1.0,0.75
BAL,2017,2017_15_BAL_CLE,62,239.84615384615384,1.0769230769230769,1.5384615384615385,108.53846153846153,0.8461538461538461,239.84615384615384,1.0769230769230769,0.6923076923076923
BAL,2017,2017_16_IND_BAL,63,233.14285714285714,1.0,1.5714285714285714,110.07142857142857,0.8571428571428571,233.14285714285714,1.0,0.7857142857142857
BAL,2017,2017_17_CIN_BAL,64,231.93333333333334,1.0,1.4666666666666666,108.93333333333334,0.8,231.93333333333334,1.0,0.7333333333333333
BAL,2018,2018_01_BUF_BAL,65,,,,,,,,
BAL,2018,2018_02_BAL_CIN,66,98.0,0.0,2.0,83.0,0.0,98.0,0.0,0.0
BAL,2018,2018_03_DEN_BAL,67,181.5,2.0,1.0,95.5,0.0,181.5,2.0,0.0
BAL,2018,2018_04_BAL_PIT,68,185.0,1.3333333333333333,1.0,103.66666666666667,0.6666666666666666,185.0,1.3333333333333333,0.0
BAL,2018,2018_05_BAL_CLE,69,207.25,1.25,1.0,82.5,0.5,207.25,1.25,0.25
BAL,2018,2018_06_BAL_TEN,70,234.2,1.2,1.0,88.4,0.4,234.2,1.2,0.2
BAL,2018,2018_07_NO_BAL,71,214.66666666666666,1.0,0.8333333333333334,82.83333333333333,0.3333333333333333,214.66666666666666,1.0,0.16666666666666666
BAL,2018,2018_08_BAL_CAR,72,214.28571428571428,1.1428571428571428,0.7142857142857143,90.14285714285714,0.42857142857142855,214.28571428571428,1.1428571428571428,0.2857142857142857
BAL,2018,2018_09_PIT_BAL,73,216.5,1.25,0.625,98.125,0.625,216.5,1.25,0.25
BAL,2018,2018_11_CIN_BAL,74,224.88888888888889,1.3333333333333333,0.5555555555555556,99.77777777777777,0.6666666666666666,224.88888888888889,1.3333333333333333,0.2222222222222222
BAL,2018,2018_12_OAK_BAL,75,223.5,1.4,0.5,94.6,0.7,223.5,1.4,0.2
BAL,2018,2018_13_BAL_ATL,76,220.8181818181818,1.3636363636363635,0.45454545454545453,92.0909090909091,0.7272727272727273,220.8181818181818,1.3636363636363635,0.2727272727272727
BAL,2018,2018_14_BAL_KC,77,213.33333333333334,1.3333333333333333,0.4166666666666667,87.25,0.6666666666666666,213.33333333333334,1.3333333333333333,0.3333333333333333
BAL,2018,2018_15_TB_BAL,78,225.92307692307693,1.3846153846153846,0.46153846153846156,87.76923076923077,0.6923076923076923,225.92307692307693,1.3846153846153846,0.3076923076923077
BAL,2018,2018_16_BAL_LAC,79,221.0,1.2857142857142858,0.5,87.57142857142857,0.7142857142857143,221.0,1.2857142857142858,0.2857142857142857
BAL,2018,2018_17_CLE_BAL,80,218.33333333333334,1.2,0.6,85.13333333333334,0.7333333333333333,218.33333333333334,1.2,0.3333333333333333
BAL,2019,2019_01_BAL_MIA,81,,,,,,,,
BAL,2019,2019_02_ARI_BAL,82,190.0,1.0,2.0,21.0,0.0,190.0,1.0,0.0
BAL,2019,2019_03_BAL_KC,83,269.5,0.5,1.0,20.5,0.5,269.5,0.5,0.0
BAL,2019,2019_04_CLE_BAL,84,304.3333333333333,1.3333333333333333,0.6666666666666666,60.333333333333336,0.6666666666666666,304.3333333333333,1.3333333333333333,0.0
BAL,2019,2019_05_BAL_PIT,85,313.75,1.25,0.75,93.5,1.5,313.75,1.25,0.0
BAL,2019,2019_06_CIN_BAL,86,291.6,1.2,0.8,90.2,1.4,291.6,1.2,0.2
BAL,2019,2019_07_BAL_SEA,87,282.1666666666667,1.0,0.8333333333333334,80.66666666666667,1.3333333333333333,282.1666666666667,1.0,0.16666666666666666
BAL,2019,2019_09_NE_BAL,88,276.2857142857143,1.0,0.8571428571428571,84.28571428571429,1.1428571428571428,276.2857142857143,1.0,0.2857142857142857
BAL,2019,2019_10_BAL_CIN,89,277.375,1.0,0.875,83.0,1.125,277.375,1.0,0.375
BAL,2019,2019_11_HOU_BAL,90,265.1111111111111,1.0,0.8888888888888888,91.22222222222223,1.0,265.1111111111111,1.0,0.5555555555555556
BAL,2019,2019_12_BAL_LA,91,255.5,0.9,0.9,94.3,1.0,255.5,0.9,0.6
BAL,2019,2019_13_SF_BAL,92,251.54545454545453,0.8181818181818182,1.0,87.72727272727273,0.9090909090909091,251.54545454545453,0.8181818181818182,0.5454545454545454
BAL,2019,2019_14_BAL_BUF,93,244.33333333333334,0.8333333333333334,0.9166666666666666,94.91666666666667,0.9166666666666666,244.33333333333334,0.8333333333333334,0.5833333333333334
BAL,2019,2019_15_NYJ_BAL,94,236.76923076923077,0.8461538461538461,0.8461538461538461,95.61538461538461,0.8461538461538461,236.76923076923077,0.8461538461538461,0.6153846153846154
BAL,2019,2019_16_BAL_CLE,95,235.42857142857142,0.9285714285714286,0.8571428571428571,96.14285714285714,0.7857142857142857,235.42857142857142,0.9285714285714286,0.6428571428571429
BAL,2019,2019_17_PIT_BAL,96,232.53333333333333,1.0,0.8666666666666667,93.53333333333333,0.7333333333333333,232.53333333333333,1.0,0.6
BAL,2020,2020_01_CLE_BAL,97,,,,,,,,
BAL,2020,2020_02_BAL_HOU,98,189.0,1.0,1.0,138.0,0.0,189.0,1.0,2.0
BAL,2020,2020_03_KC_BAL,99,232.0,1.0,1.0,94.5,0.0,232.0,1.0,1.5
BAL,2020,2020_04_BAL_WAS,100,283.0,2.0,0.6666666666666666,107.0,0.3333333333333333,283.0,2.0,1.3333333333333333
BAL,2020,2020_05_CIN_BAL,101,290.75,1.5,0.5,97.5,0.75,290.75,1.5,1.25
BAL,2020,2020_06_BAL_PHI,102,269.2,1.2,0.6,92.0,0.6,269.2,1.2,1.4
BAL,2020,2020_08_PIT_BAL,103,259.8333333333333,1.3333333333333333,0.5,109.0,0.6666666666666666,259.8333333333333,1.3333333333333333,1.3333333333333333
BAL,2020,2020_09_BAL_IND,104,248.71428571428572,1.4285714285714286,0.42857142857142855,100.28571428571429,0.7142857142857143,248.71428571428572,1.4285714285714286,1.2857142857142858
BAL,2020,2020_10_BAL_NE,105,246.0,1.25,0.5,101.75,0.75,246.0,1.25,1.25
BAL,2020,2020_11_TEN_BAL,106,234.44444444444446,1.3333333333333333,0.4444444444444444,109.66666666666667,0.7777777777777778,234.44444444444446,1.3333333333333333,1.1111111111111112
BAL,2020,2020_12_BAL_PIT,107,237.6,1.4,0.5,116.0,0.8,237.6,1.4,1.0
BAL,2020,2020_13_DAL_BAL,108,240.1818181818182,1.3636363636363635,0.5454545454545454,111.63636363636364,0.7272727272727273,240.1818181818182,1.3636363636363635,0.9090909090909091
BAL,2020,2020_14_BAL_CLE,109,243.91666666666666,1.4166666666666667,0.5833333333333334,111.58333333333333,0.6666666666666666,243.91666666666666,1.4166666666666667,0.8333333333333334
BAL,2020,2020_15_JAX_BAL,110,252.46153846153845,1.4615384615384615,0.6153846153846154,113.61538461538461,0.9230769230769231,252.46153846153845,1.4615384615384615,0.7692307692307693
BAL,2020,2020_16_NYG_BAL,111,250.57142857142858,1.5,0.5714285714285714,109.92857142857143,0.8571428571428571,250.57142857142858,1.5,0.7857142857142857
BAL,2020,2020_17_BAL_CIN,112,250.66666666666666,1.4666666666666666,0.5333333333333333,106.2,0.8,250.66666666666666,1.4666666666666666,0.7333333333333333
BAL,2021,2021_01_BAL_LV,113,,,,,,,,
BAL,2021,2021_02_KC_BAL,114,435.0,2.0,1.0,82.0,2.0,435.0,2.0,0.0
BAL,2021,2021_03_BAL_DET,115,389.0,2.5,1.0,72.0,1.5,389.0,2.5,0.5
BAL,2021,2021_04_BAL_DEN,116,331.6666666666667,1.6666666666666667,0.6666666666666666,79.0,1.6666666666666667,331.6666666666667,1.6666666666666667,0.3333333333333333
BAL,2021,2021_05_IND_BAL,117,293.25,1.5,0.75,85.75,1.25,293.25,1.5,0.25
BAL,2021,2021_06_LAC_BAL,118,315.0,1.6,0.6,93.2,1.2,315.0,1.6,0.4
BAL,2021,2021_07_CIN_BAL,119,295.0,1.5,0.6666666666666666,82.0,1.0,295.0,1.5,0.3333333333333333
BAL,2021,2021_09_MIN_BAL,120,312.2857142857143,1.7142857142857142,0.7142857142857143,86.14285714285714,1.1428571428571428,312.2857142857143,1.7142857142857142,0.2857142857142857
BAL,2021,2021_10_BAL_MIA,121,296.625,1.75,0.625,91.75,1.125,296.625,1.75,0.25
BAL,2021,2021_11_BAL_CHI,122,298.55555555555554,1.5555555555555556,0.5555555555555556,88.22222222222223,1.1111111111111112,298.55555555555554,1.5555555555555556,0.2222222222222222
BAL,2021,2021_12_CLE_BAL,123,296.7,1.6,0.5,88.6,1.0,296.7,1.6,0.3
BAL,2021,2021_13_BAL_PIT,124,292.1818181818182,1.5454545454545454,0.45454545454545453,84.18181818181819,0.9090909090909091,292.1818181818182,1.5454545454545454,0.45454545454545453
BAL,2021,2021_14_BAL_CLE,125,287.5,1.5833333333333333,0.4166666666666667,84.25,0.8333333333333334,287.5,1.5833333333333333,0.4166666666666667
BAL,2021,2021_15_GB_BAL,126,280.0,1.6153846153846154,0.46153846153846156,85.46153846153847,0.7692307692307693,280.0,1.6153846153846154,0.38461538461538464
BAL,2021,2021_16_BAL_CIN,127,279.14285714285717,1.7142857142857142,0.42857142857142855,86.21428571428571,0.7857142857142857,279.14285714285717,1.7142857142857142,0.35714285714285715
BAL,2021,2021_17_LA_BAL,128,295.53333333333336,1.8666666666666667,0.4,85.6,0.8,295.53333333333336,1.8666666666666667,0.3333333333333333
BAL,2021,2021_18_PIT_BAL,129,296.375,1.875,0.5,84.8125,0.8125,296.375,1.875,0.375
BAL,2022,2022_01_BAL_NYJ,130,,,,,,,,
BAL,2022,2022_02_MIA_BAL,131,309.0,1.0,1.0,83.0,0.0,309.0,1.0,1.0
BAL,2022,2022_03_BAL_NE,132,389.0,3.5,1.5,84.5,0.0,389.0,3.5,0.5
BAL,2022,2022_04_BUF_BAL,133,366.3333333333333,2.3333333333333335,2.0,104.66666666666667,1.0,366.3333333333333,2.3333333333333335,0.6666666666666666
BAL,2022,2022_05_CIN_BAL,134,328.0,2.0,1.75,109.75,1.0,328.0,2.0,0.75
BAL,2022,2022_06_BAL_NYG,135,305.8,1.8,1.6,108.0,1.0,305.8,1.8,0.6
BAL,2022,2022_07_CLE_BAL,136,283.6666666666667,1.8333333333333333,1.3333333333333333,103.83333333333333,1.0,283.6666666666667,1.8333333333333333,0.6666666666666666
BAL,2022,2022_08_BAL_TB,137,280.0,1.5714285714285714,1.1428571428571428,105.14285714285714,1.1428571428571428,280.0,1.5714285714285714,0.8571428571428571
BAL,2022,2022_09_BAL_NO,138,285.625,1.5,1.0,97.5,1.125,285.625,1.5,0.75
BAL,2022,2022_11_CAR_BAL,139,278.6666666666667,1.4444444444444444,1.0,92.0,1.0,278.6666666666667,1.4444444444444444,0.6666666666666666
BAL,2022,2022_12_BAL_JAX,140,270.4,1.3,1.1,86.4,0.9,270.4,1.3,0.7
BAL,2022,2022_13_DEN_BAL,141,275.0,1.4545454545454546,1.0,82.0,0.8181818181818182,275.0,1.4545454545454546,0.7272727272727273
BAL,2022,2022_14_BAL_PIT,142,267.8333333333333,1.3333333333333333,0.9166666666666666,82.5,0.75,267.8333333333333,1.3333333333333333,0.6666666666666666
BAL,2022,2022_15_BAL_CLE,143,268.46153846153845,1.3076923076923077,1.0769230769230769,81.15384615384616,0.7692307692307693,268.46153846153845,1.3076923076923077,0.6153846153846154
BAL,2022,2022_16_ATL_BAL,144,260.7857142857143,1.2857142857142858,1.0,85.57142857142857,0.7142857142857143,260.7857142857143,1.2857142857142858,0.5714285714285714
BAL,2022,2022_17_PIT_BAL,145,257.93333333333334,1.2,0.9333333333333333,87.53333333333333,0.6666666666666666,257.93333333333334,1.2,0.6
BAL,2022,2022_18_BAL_CIN,146,252.3125,1.1875,0.875,94.4375,0.625,252.3125,1.1875,0.5625
BAL,2023,2023_01_HOU_BAL,147,,,,,,,,
BAL,2023,2023_02_BAL_CIN,148,242.0,0.0,0.0,72.0,0.0,242.0,0.0,1.0
BAL,2023,2023_03_IND_BAL,149,232.0,1.0,0.5,69.0,0.0,232.0,1.0,0.5
BAL,2023,2023_04_BAL_CLE,150,230.33333333333334,1.0,0.3333333333333333,92.33333333333333,0.0,230.33333333333334,1.0,0.3333333333333333
BAL,2023,2023_05_BAL_PIT,151,203.0,0.75,1.0,92.5,0.0,203.0,0.75,0.25
BAL,2023,2023_06_BAL_TEN,152,207.2,0.8,0.8,91.4,0.0,207.2,0.8,0.2
BAL,2023,2023_07_DET_BAL,153,197.66666666666666,0.6666666666666666,0.8333333333333334,97.66666666666667,0.16666666666666666,197.66666666666666,0.6666666666666666,0.16666666666666666
BAL,2023,2023_08_BAL_ARI,154,210.0,0.5714285714285714,0.8571428571428571,95.71428571428571,0.2857142857142857,210.0,0.5714285714285714,0.14285714285714285
BAL,2023,2023_09_SEA_BAL,155,209.75,0.75,1.0,99.875,0.375,209.75,0.75,0.125
BAL,2023,2023_10_CLE_BAL,156,203.88888888888889,0.6666666666666666,1.0,91.88888888888889,0.3333333333333333,203.88888888888889,0.6666666666666666,0.2222222222222222
BAL,2023,2023_11_CIN_BAL,157,204.8,0.7,1.0,100.5,0.4,204.8,0.7,0.2
BAL,2023,2023_12_BAL_LAC,158,201.54545454545453,0.8181818181818182,0.9090909090909091,103.72727272727273,0.36363636363636365,201.54545454545453,0.8181818181818182,0.18181818181818182
BAL,2023,2023_14_LA_BAL,159,202.83333333333334,0.8333333333333334,0.9166666666666666,102.25,0.3333333333333333,202.83333333333334,0.8333333333333334,0.4166666666666667
BAL,2023,2023_15_BAL_JAX,160,209.84615384615384,1.0,0.8461538461538461,104.23076923076923,0.3076923076923077,209.84615384615384,1.0,0.38461538461538464
BAL,2023,2023_16_BAL_SF,161,213.71428571428572,1.0,0.7857142857142857,102.14285714285714,0.2857142857142857,213.71428571428572,1.0,0.5
BAL,2023,2023_17_MIA_BAL,162,221.86666666666667,1.0,1.0666666666666667,103.4,0.3333333333333333,221.86666666666667,1.0,0.4666666666666667
BAL,2023,2023_18_PIT_BAL,163,222.8125,1.0625,1.125,106.5625,0.3125,222.8125,1.0625,0.5
BAL,2024,2024_01_BAL_KC,164,,,,,,,,
BAL,2024,2024_02_LV_BAL,165,291.0,1.0,1.0,72.0,2.0,291.0,1.0,0.0
BAL,2024,2024_03_BAL_DAL,166,283.5,1.0,1.0,49.5,1.5,283.5,1.0,0.0
BAL,2024,2024_04_BUF_BAL,167,315.3333333333333,1.3333333333333333,0.6666666666666666,50.0,1.3333333333333333,315.3333333333333,1.3333333333333333,0.3333333333333333
BAL,2024,2024_05_BAL_CIN,168,282.0,1.0,0.5,57.75,1.25,282.0,1.0,0.5
BAL,2024,2024_06_WAS_BAL,169,304.0,1.8,0.6,60.4,1.0,304.0,1.8,0.4
BAL,2024,2024_07_BAL_TB,170,298.1666666666667,1.8333333333333333,0.5,59.0,0.8333333333333334,298.1666666666667,1.8333333333333333,0.3333333333333333
BAL,2024,2024_08_BAL_CLE,171,308.42857142857144,2.0,0.7142857142857143,68.42857142857143,0.8571428571428571,308.42857142857144,2.0,0.2857142857142857
BAL,2024,2024_09_DEN_BAL,172,311.625,2.125,0.625,69.875,0.75,311.625,2.125,0.375
BAL,2024,2024_10_CIN_BAL,173,302.0,2.0,0.6666666666666666,75.66666666666667,0.6666666666666666,302.0,2.0,0.3333333333333333
BAL,2024,2024_11_BAL_PIT,174,314.6,2.2,0.6,73.0,0.7,314.6,2.2,0.4
BAL,2024,2024_12_BAL_LAC,175,304.6363636363636,2.0,0.6363636363636364,77.45454545454545,0.6363636363636364,304.6363636363636,2.0,0.36363636363636365
BAL,2024,2024_13_PHI_BAL,176,297.4166666666667,1.8333333333333333,0.5833333333333334,77.91666666666667,0.75,297.4166666666667,1.8333333333333333,0.3333333333333333
BAL,2024,2024_15_BAL_NYG,177,283.61538461538464,1.7692307692307692,0.5384615384615384,82.6923076923077,0.8461538461538461,283.61538461538464,1.7692307692307692,0.3076923076923077
BAL,2024,2024_16_PIT_BAL,178,277.0,1.7142857142857142,0.5714285714285714,80.71428571428571,0.8571428571428571,277.0,1.7142857142857142,0.2857142857142857
BAL,2024,2024_17_BAL_HOU,179,273.0,1.7333333333333334,0.6,83.13333333333334,0.8,273.0,1.7333333333333334,0.3333333333333333
BAL,2024,2024_18_CLE_BAL,180,267.8125,1.625,0.625,81.5625,0.75,267.8125,1.625,0.3125
BUF,2014,2014_01_BUF_CHI,1,,,,,,,,
BUF,2014,2014_02_MIA_BUF,2,349.0,2.0,2.0,86.0,0.0,349.0,2.0,1.0
BUF,2014,2014_03_SD_BUF,3,295.0,1.5,1.5,83.0,0.0,295.0,1.5,0.5
BUF,2014,2014_04_BUF_HOU,4,282.0,1.6666666666666667,1.0,83.0,0.0,282.0,1.6666666666666667,0.3333333333333333
BUF,2014,2014_05_BUF_DET,5,278.5,1.5,1.25,71.5,0.0,278.5,1.5,0.5
BUF,2014,2014_06_NE_BUF,6,269.0,1.4,1.2,71.0,0.0,269.0,1.4,0.6
BUF,2014,2014_07_MIN_BUF,7,284.3333333333333,1.8333333333333333,1.0,67.5,0.0,284.3333333333333,1.8333333333333333,0.5
BUF,2014,2014_08_BUF_NYJ,8,266.14285714285717,1.7142857142857142,1.1428571428571428,80.42857142857143,0.0,266.14285714285717,1.7142857142857142,0.42857142857142855
BUF,2014,2014_10_KC_BUF,9,252.625,1.5,1.5,92.25,0.375,252.625,1.5,0.625
BUF,2014,2014_11_BUF_MIA,10,244.22222222222223,1.3333333333333333,1.3333333333333333,96.11111111111111,0.5555555555555556,244.22222222222223,1.3333333333333333,0.6666666666666666
BUF,2014,2014_12_NYJ_BUF,11,243.8,1.4,1.2,99.0,0.5,243.8,1.4,0.7
BUF,2014,2014_13_CLE_BUF,12,236.63636363636363,1.2727272727272727,1.1818181818181819,98.36363636363636,0.45454545454545453,236.63636363636363,1.2727272727272727,0.6363636363636364
BUF,2014,2014_14_BUF_DEN,13,238.16666666666666,1.1666666666666667,1.25,96.33333333333333,0.5,238.16666666666666,1.1666666666666667,0.6666666666666666
BUF,2014,2014_15_GB_BUF,14,233.15384615384616,1.0769230769230769,1.3076923076923077,99.15384615384616,0.6923076923076923,233.15384615384616,1.0769230769230769,0.6923076923076923
BUF,2014,2014_16_BUF_OAK,15,229.71428571428572,1.0,1.3571428571428572,103.35714285714286,0.7142857142857143,229.71428571428572,1.0,0.6428571428571429
BUF,2014,2014_17_BUF_NE,16,228.66666666666666,1.0666666666666667,1.2666666666666666,105.8,0.6666666666666666,228.66666666666666,1.0666666666666667,0.6
BUF,2015,2015_01_IND_BUF,17,,,,,,,,
BUF,2015,2015_02_NE_BUF,18,243.0,2.0,2.0,64.0,0.0,243.0,2.0,0.0
BUF,2015,2015_03_BUF_MIA,19,354.5,2.5,1.0,60.0,0.5,354.5,2.5,1.0
BUF,2015,2015_04_NYG_BUF,20,335.3333333333333,2.3333333333333335,1.6666666666666667,74.0,0.3333333333333333,335.3333333333333,2.3333333333333335,0.6666666666666666
BUF,2015,2015_05_BUF_TEN,21,304.5,2.5,1.5,78.5,0.25,304.5,2.5,0.5
BUF,2015,2015_06_CIN_BUF,22,281.0,2.0,1.4,82.2,0.4,281.0,2.0,0.4
BUF,2015,2015_07_BUF_JAX,23,274.6666666666667,2.1666666666666665,1.1666666666666667,87.16666666666667,0.5,274.6666666666667,2.1666666666666665,0.3333333333333333
BUF,2015,2015_09_MIA_BUF,24,261.42857142857144,2.142857142857143,1.1428571428571428,91.85714285714286,0.5714285714285714,261.42857142857144,2.142857142857143,0.2857142857142857
BUF,2015,2015_10_BUF_NYJ,25,268.25,1.875,1.0,93.875,0.75,268.25,1.875,0.375
BUF,2015,2015_11_BUF_NE,26,259.8888888888889,1.8888888888888888,1.1111111111111112,97.66666666666667,0.6666666666666666,259.8888888888889,1.8888888888888888,0.4444444444444444
BUF,2015,2015_12_BUF_KC,27,261.6,1.8,1.1,96.4,0.7,261.6,1.8,0.4
BUF,2015,2015_13_HOU_BUF,28,261.0,1.8181818181818181,1.0,102.0,0.7272727272727273,261.0,1.8181818181818181,0.36363636363636365
BUF,2015,2015_14_BUF_PHI,29,263.6666666666667,1.9166666666666667,1.0,104.0,0.6666666666666666,263.6666666666667,1.9166666666666667,0.3333333333333333
BUF,2015,2015_15_BUF_WAS,30,262.38461538461536,1.8461538461538463,1.0,104.92307692307692,0.6923076923076923,262.38461538461536,1.8461538461538463,0.3076923076923077
BUF,2015,2015_16_DAL_BUF,31,266.42857142857144,2.0,0.9285714285714286,106.21428571428571,0.7142857142857143,266.42857142857144,2.0,0.2857142857142857
BUF,2015,2015_17_NYJ_BUF,32,261.06666666666666,1.8666666666666667,0.9333333333333333,107.2,0.6666666666666666,261.06666666666666,1.8666666666666667,0.26666666666666666
BUF,2016,2016_01_BUF_BAL,33,,,,,,,,
BUF,2016,2016_02_NYJ_BUF,34,258.0,1.0,0.0,83.0,0.0,258.0,1.0,1.0
BUF,2016,2016_03_ARI_BUF,35,316.0,1.0,0.0,103.0,1.5,316.0,1.0,1.0
BUF,2016,2016_04_BUF_NE,36,306.3333333333333,0.6666666666666666,1.3333333333333333,98.0,1.6666666666666667,306.3333333333333,0.6666666666666666,1.0
BUF,2016,2016_05_BUF_LA,37,281.0,0.5,1.0,96.0,1.25,281.0,0.5,1.0
BUF,2016,2016_06_SF_BUF,38,279.0,0.4,1.2,97.2,1.2,279.0,0.4,1.0
BUF,2016,2016_07_BUF_MIA,39,263.6666666666667,0.5,1.0,103.16666666666667,1.0,263.6666666666667,0.5,0.8333333333333334
BUF,2016,2016_08_NE_BUF,40,255.14285714285714,0.5714285714285714,0.8571428571428571,125.0,1.1428571428571428,255.14285714285714,0.5714285714285714,0.7142857142857143
BUF,2016,2016_09_BUF_SEA,41,262.625,1.0,0.75,118.375,1.125,262.625,1.0,0.625
BUF,2016,2016_11_BUF_CIN,42,264.77777777777777,1.1111111111111112,0.6666666666666666,108.88888888888889,1.2222222222222223,264.77777777777777,1.1111111111111112,0.5555555555555556
BUF,2016,2016_12_JAX_BUF,43,259.0,1.1,0.8,107.3,1.2,259.0,1.1,0.5
BUF,2016,2016_13_BUF_OAK,44,246.9090909090909,1.1818181818181819,0.7272727272727273,114.18181818181819,1.1818181818181819,246.9090909090909,1.1818181818181819,0.45454545454545453
BUF,2016,2016_14_PIT_BUF,45,248.0,1.25,0.6666666666666666,116.25,1.25,248.0,1.25,0.4166666666666667
BUF,2016,2016_15_CLE_BUF,46,245.84615384615384,1.1538461538461537,0.8461538461538461,125.76923076923077,1.3846153846153846,245.84615384615384,1.1538461538461537,0.38461538461538464
BUF,2016,2016_16_MIA_BUF,47,242.28571428571428,1.0714285714285714,0.7857142857142857,124.42857142857143,1.3571428571428572,242.28571428571428,1.0714285714285714,0.35714285714285715
BUF,2016,2016_17_BUF_NYJ,48,241.66666666666666,1.1333333333333333,0.8,133.53333333333333,1.4,241.66666666666666,1.1333333333333333,0.3333333333333333
BUF,2017,2017_01_NYJ_BUF,49,,,,,,,,
BUF,2017,2017_02_BUF_CAR,50,187.0,0.0,2.0,38.0,1.0,187.0,0.0,0.0
BUF,2017,2017_03_DEN_BUF,51,207.5,0.0,1.0,57.5,0.5,207.5,0.0,0.0
BUF,2017,2017_04_BUF_ATL,52,224.66666666666666,0.0,1.3333333333333333,75.33333333333333,0.6666666666666666,224.66666666666666,0.0,0.0
BUF,2017,2017_05_BUF_CIN,53,229.0,0.25,1.5,93.25,0.75,229.0,0.25,0.25
BUF,2017,2017_07_TB_BUF,54,248.8,0.4,1.6,87.6,0.8,248.8,0.4,0.4
BUF,2017,2017_08_OAK_BUF,55,271.3333333333333,0.8333333333333334,1.5,84.5,0.6666666666666666,271.3333333333333,0.8333333333333334,0.6666666666666666
BUF,2017,2017_09_BUF_NYJ,56,277.2857142857143,0.8571428571428571,1.5714285714285714,80.14285714285714,0.7142857142857143,277.2857142857143,0.8571428571428571,0.7142857142857143
BUF,2017,2017_10_NO_BUF,57,260.125,0.875,1.375,94.375,1.0,260.125,0.875,0.625
BUF,2017,2017_11_BUF_LAC,58,251.66666666666666,0.7777777777777778,1.2222222222222223,117.0,1.5555555555555556,251.66666666666666,0.7777777777777778,0.6666666666666666
BUF,2017,2017_12_BUF_KC,59,254.9,0.9,1.1,119.9,1.6,254.9,0.9,0.6
BUF,2017,2017_13_NE_BUF,60,249.8181818181818,0.9090909090909091,1.0909090909090908,114.0,1.4545454545454546,249.8181818181818,0.9090909090909091,0.5454545454545454
BUF,2017,2017_14_IND_BUF,61,250.5,0.8333333333333334,1.0833333333333333,120.41666666666667,1.5,250.5,0.8333333333333334,0.5
BUF,2017,2017_15_MIA_BUF,62,236.53846153846155,0.8461538461538461,1.0,123.6923076923077,1.3846153846153846,236.53846153846155,0.8461538461538461,0.46153846153846156
BUF,2017,2017_16_BUF_NE,63,239.21428571428572,0.7857142857142857,1.1428571428571428,122.0,1.3571428571428572,239.21428571428572,0.7857142857142857,0.42857142857142855
BUF,2017,2017_17_BUF_MIA,64,238.2,0.8666666666666667,1.1333333333333333,126.73333333333333,1.4,238.2,0.8666666666666667,0.4
BUF,2018,2018_01_BUF_BAL,65,,,,,,,,
BUF,2018,2018_02_LAC_BUF,66,260.0,3.0,0.0,117.0,3.0,260.0,3.0,1.0
BUF,2018,2018_03_BUF_MIN,67,258.0,3.0,0.0,113.0,2.0,258.0,3.0,0.5
BUF,2018,2018_04_BUF_GB,68,270.6666666666667,2.3333333333333335,0.3333333333333333,80.0,1.3333333333333333,270.6666666666667,2.3333333333333335,1.0
BUF,2018,2018_05_TEN_BUF,69,277.5,2.0,0.5,95.25,1.25,277.5,2.0,1.0
BUF,2018,2018_06_BUF_HOU,70,247.8,1.6,0.6,96.2,1.0,247.8,1.6,1.2
BUF,2018,2018_07_BUF_IND,71,236.0,1.5,0.8333333333333334,92.5,0.8333333333333334,236.0,1.5,1.1666666666666667
BUF,2018,2018_08_NE_BUF,72,224.57142857142858,1.8571428571428572,0.7142857142857143,110.71428571428571,0.8571428571428571,224.57142857142858,1.8571428571428572,1.0
BUF,2018,2018_09_CHI_BUF,73,237.0,1.625,0.625,106.375,0.875,237.0,1.625,0.875
BUF,2018,2018_10_BUF_NYJ,74,225.66666666666666,1.5555555555555556,0.6666666666666666,101.66666666666667,1.0,225.66666666666666,1.5555555555555556,0.7777777777777778
BUF,2018,2018_12_JAX_BUF,75,216.6,1.4,0.8,99.8,1.0,216.6,1.4,0.7
BUF,2018,2018_13_BUF_MIA,76,208.45454545454547,1.3636363636363635,0.9090909090909091,111.27272727272727,1.0909090909090908,208.45454545454547,1.3636363636363635,0.6363636363636364
BUF,2018,2018_14_NYJ_BUF,77,202.5,1.5,0.9166666666666666,107.0,1.0,202.5,1.5,0.5833333333333334
BUF,2018,2018_15_DET_BUF,78,200.0,1.4615384615384615,0.9230769230769231,104.53846153846153,1.0769230769230769,200.0,1.4615384615384615,0.5384615384615384
BUF,2018,2018_16_BUF_NE,79,200.57142857142858,1.4285714285714286,0.8571428571428571,104.57142857142857,1.0714285714285714,200.57142857142858,1.4285714285714286,0.5
BUF,2018,2018_17_MIA_BUF,80,195.6,1.4,0.9333333333333333,115.8,1.1333333333333333,195.6,1.4,0.5333333333333333
BUF,2019,2019_01_BUF_NYJ,81,,,,,,,,
BUF,2019,2019_02_BUF_NYG,82,175.0,1.0,0.0,68.0,0.0,175.0,1.0,1.0
BUF,2019,2019_03_CIN_BUF,83,212.5,1.0,1.0,98.5,0.5,212.5,1.0,0.5
BUF,2019,2019_04_NE_BUF,84,225.0,1.0,1.3333333333333333,87.66666666666667,0.6666666666666666,225.0,1.0,1.0
BUF,2019,2019_05_BUF_TEN,85,206.25,0.75,1.25,84.25,0.75,206.25,0.75,0.75
BUF,2019,2019_07_MIA_BUF,86,201.6,0.6,1.0,87.8,0.8,201.6,0.6,0.6
BUF,2019,2019_08_PHI_BUF,87,215.0,0.6666666666666666,1.0,91.33333333333333,1.0,215.0,0.6666666666666666,0.6666666666666666
BUF,2019,2019_09_WAS_BUF,88,208.85714285714286,0.7142857142857143,0.8571428571428571,109.42857142857143,1.2857142857142858,208.85714285714286,0.7142857142857143,0.5714285714285714
BUF,2019,2019_10_BUF_CLE,89,200.75,0.625,0.75,111.625,1.125,200.75,0.625,0.5
BUF,2019,2019_11_BUF_MIA,90,204.88888888888889,0.7777777777777778,0.6666666666666666,115.55555555555556,1.0,204.88888888888889,0.7777777777777778,0.4444444444444444
BUF,2019,2019_12_DEN_BUF,91,216.7,0.7,0.6,106.3,1.1,216.7,0.7,0.5
BUF,2019,2019_13_BUF_DAL,92,204.45454545454547,0.6363636363636364,0.6363636363636364,104.36363636363636,1.0,204.45454545454547,0.6363636363636364,0.45454545454545453
BUF,2019,2019_14_BAL_BUF,93,217.0,0.75,0.6666666666666666,104.25,0.9166666666666666,217.0,0.75,0.5
BUF,2019,2019_15_BUF_PIT,94,211.46153846153845,0.9230769230769231,0.6923076923076923,105.3076923076923,0.8461538461538461,211.46153846153845,0.9230769230769231,0.46153846153846156
BUF,2019,2019_16_BUF_NE,95,210.78571428571428,0.9285714285714286,0.9285714285714286,101.42857142857143,0.7857142857142857,210.78571428571428,0.9285714285714286,0.42857142857142855
BUF,2019,2019_17_NYJ_BUF,96,214.8,0.9333333333333333,0.8666666666666667,104.2,0.8,214.8,0.9333333333333333,0.4666666666666667
BUF,2020,2020_01_NYJ_BUF,97,,,,,,,,
BUF,2020,2020_02_BUF_MIA,98,215.0,1.0,1.0,52.0,1.0,215.0,1.0,1.0
BUF,2020,2020_03_LA_BUF,99,271.5,1.5,0.5,75.5,1.0,271.5,1.5,0.5
BUF,2020,2020_04_BUF_LV,100,288.0,1.6666666666666667,0.6666666666666666,106.0,1.3333333333333333,288.0,1.6666666666666667,0.3333333333333333
BUF,2020,2020_05_BUF_TEN,101,293.75,1.75,0.5,101.0,1.0,293.75,1.75,0.75
BUF,2020,2020_06_KC_BUF,102,274.0,2.0,0.4,108.6,1.4,274.0,2.0,0.6
BUF,2020,2020_07_BUF_NYJ,103,265.8333333333333,2.0,0.3333333333333333,131.33333333333334,1.3333333333333333,265.8333333333333,2.0,0.6666666666666666
BUF,2020,2020_08_NE_BUF,104,245.0,1.7142857142857142,0.5714285714285714,126.85714285714286,1.2857142857142858,245.0,1.7142857142857142,0.5714285714285714
BUF,2020,2020_09_SEA_BUF,105,236.125,1.5,0.5,134.5,1.375,236.125,1.5,0.625
BUF,2020,2020_10_BUF_ARI,106,253.22222222222223,1.5555555555555556,0.6666666666666666,125.88888888888889,1.4444444444444444,253.22222222222223,1.5555555555555556,0.7777777777777778
BUF,2020,2020_12_LAC_BUF,107,252.4,1.5,0.7,135.0,1.5,252.4,1.5,0.8
BUF,2020,2020_13_BUF_SF,108,258.1818181818182,1.4545454545454546,0.7272727272727273,129.63636363636363,1.4545454545454546,258.1818181818182,1.4545454545454546,0.7272727272727273
BUF,2020,2020_14_PIT_BUF,109,263.0,1.5833333333333333,0.8333333333333334,126.0,1.3333333333333333,263.0,1.5833333333333333,0.6666666666666666
BUF,2020,2020_15_BUF_DEN,110,257.15384615384613,1.6153846153846154,0.9230769230769231,119.92307692307692,1.2307692307692308,257.15384615384613,1.6153846153846154,0.6153846153846154
BUF,2020,2020_16_BUF_NE,111,248.21428571428572,1.5714285714285714,0.8571428571428571,121.35714285714286,1.2857142857142858,248.21428571428572,1.5714285714285714,0.6428571428571429
BUF,2020,2020_17_MIA_BUF,112,236.86666666666667,1.4666666666666666,0.8,122.93333333333334,1.2666666666666666,236.86666666666667,1.4666666666666666,0.6
BUF,2021,2021_01_PIT_BUF,113,,,,,,,,
BUF,2021,2021_02_BUF_MIA,114,188.0,1.0,0.0,75.0,0.0,188.0,1.0,0.0
BUF,2021,2021_03_WAS_BUF,115,185.0,0.5,0.5,73.0,0.0,185.0,0.5,0.5
BUF,2021,2021_04_HOU_BUF,116,194.0,1.0,1.0,74.66666666666667,0.3333333333333333,194.0,1.0,0.6666666666666666
BUF,2021,2021_05_BUF_KC,117,167.25,0.75,1.75,68.0,0.25,167.25,0.75,0.75
BUF,2021,2021_06_BUF_TEN,118,188.2,1.0,1.8,78.4,0.2,188.2,1.0,0.8
BUF,2021,2021_08_MIA_BUF,119,192.83333333333334,0.8333333333333334,1.6666666666666667,89.66666666666667,0.8333333333333334,192.83333333333334,0.8333333333333334,0.6666666666666666
BUF,2021,2021_09_BUF_JAX,120,194.57142857142858,0.7142857142857143,1.5714285714285714,86.57142857142857,0.8571428571428571,194.57142857142858,0.7142857142857143,0.5714285714285714
BUF,2021,2021_10_BUF_NYJ,121,189.125,0.625,1.375,85.625,0.75,189.125,0.625,0.625
BUF,2021,2021_11_IND_BUF,122,201.22222222222223,0.6666666666666666,1.6666666666666667,83.88888888888889,0.7777777777777778,201.22222222222223,0.6666666666666666,0.6666666666666666
BUF,2021,2021_12_BUF_NO,123,191.7,0.7,1.5,101.9,1.1,191.7,0.7,0.6
BUF,2021,2021_13_NE_BUF,124,189.0909090909091,0.7272727272727273,1.4545454545454546,96.63636363636364,1.0,189.0909090909091,0.7272727272727273,0.5454545454545454
BUF,2021,2021_14_BUF_TB,125,174.91666666666666,0.6666666666666666,1.3333333333333333,107.08333333333333,1.0,174.91666666666666,0.6666666666666666,0.5
BUF,2021,2021_15_CAR_BUF,126,189.3846153846154,0.7692307692307693,1.2307692307692308,109.38461538461539,1.0769230769230769,189.3846153846154,0.7692307692307693,0.46153846153846156
BUF,2021,2021_16_BUF_NE,127,187.0,0.7857142857142857,1.2142857142857142,112.35714285714286,1.0714285714285714,187.0,0.7857142857142857,0.42857142857142855
BUF,2021,2021_17_ATL_BUF,128,184.2,0.7333333333333333,1.2666666666666666,114.8,1.2,184.2,0.7333333333333333,0.4
BUF,2021,2021_18_NYJ_BUF,129,185.0,0.6875,1.1875,113.625,1.1875,185.0,0.6875,0.4375
BUF,2022,2022_01_BUF_LA,130,,,,,,,,
BUF,2022,2022_02_TEN_BUF,131,240.0,1.0,3.0,52.0,0.0,240.0,1.0,0.0
BUF,2022,2022_03_BUF_MIA,132,181.5,0.5,2.5,66.0,0.5,181.5,0.5,0.5
BUF,2022,2022_04_BUF_BAL,133,183.0,0.6666666666666666,1.6666666666666667,57.666666666666664,1.0,183.0,0.6666666666666666,0.3333333333333333
BUF,2022,2022_05_PIT_BUF,134,173.25,0.75,1.75,83.75,1.0,173.25,0.75,0.25
BUF,2022,2022_06_BUF_KC,135,204.0,0.6,1.6,77.8,0.8,204.0,0.6,0.2
BUF,2022,2022_08_GB_BUF,136,226.33333333333334,0.8333333333333334,1.6666666666666667,76.16666666666667,0.6666666666666666,226.33333333333334,0.8333333333333334,0.16666666666666666
BUF,2022,2022_09_BUF_NYJ,137,223.0,1.0,1.5714285714285714,95.0,0.5714285714285714,223.0,1.0,0.14285714285714285
BUF,2022,2022_10_MIN_BUF,138,214.375,1.0,1.375,104.875,0.625,214.375,1.0,0.25
BUF,2022,2022_11_CLE_BUF,139,230.22222222222223,1.0,1.4444444444444444,109.55555555555556,0.7777777777777778,230.22222222222223,1.0,0.2222222222222222
BUF,2022,2022_12_BUF_DET,140,239.6,1.2,1.3,106.6,0.7,239.6,1.2,0.3
BUF,2022,2022_13_BUF_NE,141,239.63636363636363,1.2727272727272727,1.1818181818181819,105.63636363636364,0.7272727272727273,239.63636363636363,1.2727272727272727,0.36363636363636365
BUF,2022,2022_14_NYJ_BUF,142,235.91666666666666,1.25,1.0833333333333333,101.83333333333333,0.6666666666666666,235.91666666666666,1.25,0.3333333333333333
BUF,2022,2022_15_MIA_BUF,143,238.46153846153845,1.1538461538461537,1.0,99.84615384615384,0.6923076923076923,238.46153846153845,1.1538461538461537,0.46153846153846156
BUF,2022,2022_16_BUF_CHI,144,238.14285714285714,1.2142857142857142,0.9285714285714286,106.14285714285714,0.7142857142857143,238.14285714285714,1.2142857142857142,0.42857142857142855
BUF,2022,2022_18_NE_BUF,145,231.86666666666667,1.2,0.9333333333333333,104.4,0.6666666666666666,231.86666666666667,1.2,0.4666666666666667
BUF,2023,2023_01_BUF_NYJ,146,,,,,,,,
BUF,2023,2023_02_LV_BUF,147,140.0,1.0,1.0,172.0,0.0,140.0,1.0,0.0
BUF,2023,2023_03_BUF_WAS,148,162.5,1.0,1.5,113.5,0.0,162.5,1.0,0.5
BUF,2023,2023_04_MIA_BUF,149,165.0,0.6666666666666666,2.3333333333333335,110.66666666666667,0.0,165.0,0.6666666666666666,0.6666666666666666
BUF,2023,2023_05_JAX_BUF,150,194.25,0.75,2.0,118.5,0.5,194.25,0.75,0.75
BUF,2023,2023_06_NYG_BUF,151,218.4,0.8,1.6,134.0,0.8,218.4,0.8,1.0
BUF,2023,2023_07_BUF_NE,152,215.33333333333334,0.6666666666666666,1.3333333333333333,133.66666666666666,0.6666666666666666,215.33333333333334,0.6666666666666666,0.8333333333333334
BUF,2023,2023_08_TB_BUF,153,223.42857142857142,0.8571428571428571,1.1428571428571428,128.28571428571428,0.7142857142857143,223.42857142857142,0.8571428571428571,0.8571428571428571
BUF,2023,2023_09_BUF_CIN,154,225.125,1.0,1.0,122.0,0.625,225.125,1.0,0.75
BUF,2023,2023_10_DEN_BUF,155,238.77777777777777,1.1111111111111112,0.8888888888888888,114.44444444444444,0.6666666666666666,238.77777777777777,1.1111111111111112,0.6666666666666666
BUF,2023,2023_11_NYJ_BUF,156,234.2,1.2,0.8,115.2,0.6,234.2,1.2,0.7
BUF,2023,2023_12_BUF_PHI,157,224.9090909090909,1.1818181818181819,0.9090909090909091,110.45454545454545,0.5454545454545454,224.9090909090909,1.1818181818181819,0.7272727272727273
BUF,2023,2023_14_BUF_KC,158,222.83333333333334,1.3333333333333333,0.9166666666666666,116.66666666666667,0.6666666666666666,222.83333333333334,1.3333333333333333,0.75
BUF,2023,2023_15_DAL_BUF,159,226.53846153846155,1.3076923076923077,0.9230769230769231,114.0,0.6923076923076923,226.53846153846155,1.3076923076923077,0.7692307692307693
BUF,2023,2023_16_BUF_LAC,160,219.92857142857142,1.2142857142857142,0.9285714285714286,112.21428571428571,0.7142857142857143,219.92857142857142,1.2142857142857142,0.7142857142857143
BUF,2023,2023_17_NE_BUF,161,219.6,1.1333333333333333,0.8666666666666667,111.26666666666667,0.7333333333333333,219.6,1.1333333333333333,0.6666666666666666
BUF,2023,2023_18_BUF_MIA,162,218.9375,1.0625,1.0,110.75,0.8125,218.9375,1.0625,0.6875
BUF,2024,2024_01_ARI_BUF,163,,,,,,,,
BUF,2024,2024_02_BUF_MIA,164,162.0,1.0,0.0,124.0,1.0,162.0,1.0,1.0
BUF,2024,2024_03_JAX_BUF,165,193.5,1.0,1.5,131.5,0.5,193.5,1.0,0.5
BUF,2024,2024_04_BUF_BAL,166,195.66666666666666,1.0,1.3333333333333333,118.33333333333333,0.3333333333333333,195.66666666666666,1.0,0.6666666666666666
BUF,2024,2024_05_BUF_HOU,167,186.0,1.25,1.0,156.5,0.75,186.0,1.25,0.75
BUF,2024,2024_06_BUF_NYJ,168,215.0,1.2,1.0,144.0,0.8,215.0,1.2,0.8
BUF,2024,2024_07_TEN_BUF,169,228.16666666666666,1.3333333333333333,1.0,140.16666666666666,0.6666666666666666,228.16666666666666,1.3333333333333333,0.6666666666666666
BUF,2024,2024_08_BUF_SEA,170,226.28571428571428,1.2857142857142858,1.0,132.85714285714286,0.5714285714285714,226.28571428571428,1.2857142857142858,0.7142857142857143
BUF,2024,2024_09_MIA_BUF,171,224.5,1.125,1.0,120.25,0.625,224.5,1.125,0.625
BUF,2024,2024_10_BUF_IND,172,225.22222222222223,1.2222222222222223,0.8888888888888888,123.44444444444444,0.6666666666666666,225.22222222222223,1.2222222222222223,0.6666666666666666
BUF,2024,2024_11_KC_BUF,173,229.9,1.3,1.1,123.2,0.6,229.9,1.3,0.7
BUF,2024,2024_13_SF_BUF,174,226.8181818181818,1.4545454545454546,1.1818181818181819,119.0909090909091,0.5454545454545454,226.8181818181818,1.4545454545454546,0.6363636363636364
BUF,2024,2024_14_BUF_LA,175,215.75,1.3333333333333333,1.0833333333333333,121.91666666666667,0.5833333333333334,215.75,1.3333333333333333,0.75
BUF,2024,2024_15_BUF_DET,176,223.76923076923077,1.3846153846153846,1.0,123.07692307692308,0.7692307692307693,223.76923076923077,1.3846153846153846,0.6923076923076923
BUF,2024,2024_16_NE_BUF,177,243.07142857142858,1.6428571428571428,0.9285714285714286,117.71428571428571,0.7857142857142857,243.07142857142858,1.6428571428571428,0.7142857142857143
BUF,2024,2024_17_NYJ_BUF,178,244.26666666666668,1.6666666666666667,0.9333333333333333,118.26666666666667,0.8,244.26666666666668,1.6666666666666667,0.8
BUF,2024,2024_18_BUF_NE,179,241.1875,1.6875,1.0,117.875,0.75,241.1875,1.6875,0.8125
CAR,2014,2014_01_CAR_TB,1,,,,,,,,
CAR,2014,2014_02_DET_CAR,2,183.0,2.0,2.0,102.0,0.0,183.0,2.0,1.0
CAR,2014,2014_03_PIT_CAR,3,237.0,1.5,1.5,86.0,0.0,237.0,1.5,1.0
CAR,2014,2014_04_CAR_BAL,4,223.33333333333334,1.6666666666666667,1.0,145.33333333333334,0.3333333333333333,223.33333333333334,1.6666666666666667,0.6666666666666666
CAR,2014,2014_05_CHI_CAR,5,249.25,2.0,0.75,140.75,0.75,249.25,2.0,0.5
CAR,2014,2014_06_CAR_CIN,6,257.2,2.0,1.0,129.6,0.8,257.2,2.0,0.8
CAR,2014,2014_07_CAR_GB,7,268.1666666666667,2.0,1.1666666666666667,140.16666666666666,1.0,268.1666666666667,2.0,0.6666666666666666
CAR,2014,2014_08_SEA_CAR,8,266.2857142857143,2.142857142857143,1.0,137.57142857142858,1.1428571428571428,266.2857142857143,2.142857142857143,0.5714285714285714
CAR,2014,2014_09_NO_CAR,9,257.875,2.0,1.0,135.25,1.0,257.875,2.0,0.5
CAR,2014,2014_10_CAR_PHI,10,262.22222222222223,1.8888888888888888,1.0,131.88888888888889,1.2222222222222223,262.22222222222223,1.8888888888888888,0.5555555555555556
CAR,2014,2014_11_ATL_CAR,11,269.2,1.9,0.9,122.4,1.3,269.2,1.9,0.5
CAR,2014,2014_13_CAR_MIN,12,269.09090909090907,1.8181818181818181,0.8181818181818182,119.0909090909091,1.1818181818181819,269.09090909090907,1.8181818181818181,0.5454545454545454
CAR,2014,2014_14_CAR_NO,13,258.1666666666667,1.8333333333333333,0.75,116.83333333333333,1.0833333333333333,258.1666666666667,1.8333333333333333,0.5
CAR,2014,2014_15_TB_CAR,14,256.38461538461536,1.7692307692307692,0.7692307692307693,114.92307692307692,1.0,256.38461538461536,1.7692307692307692,0.5384615384615384
CAR,2014,2014_16_CLE_CAR,15,249.07142857142858,1.7142857142857142,0.7857142857142857,117.5,1.0,249.07142857142858,1.7142857142857142,0.6428571428571429
CAR,2014,2014_17_CAR_ATL,16,243.53333333333333,1.6666666666666667,0.8,115.26666666666667,0.9333333333333333,243.53333333333333,1.6666666666666667,0.6
CAR,2015,2015_01_CAR_JAX,17,,,,,,,,
CAR,2015,2015_02_HOU_CAR,18,183.0,1.0,2.0,96.0,0.0,183.0,1.0,1.0
CAR,2015,2015_03_NO_CAR,19,213.5,1.0,1.5,78.5,0.5,213.5,1.0,0.5
CAR,2015,2015_04_CAR_TB,20,245.66666666666666,0.6666666666666666,1.3333333333333333,75.66666666666667,1.0,245.66666666666666,0.6666666666666666,0.6666666666666666
CAR,2015,2015_06_CAR_SEA,21,256.0,1.0,2.0,92.0,1.0,256.0,1.0,0.5
CAR,2015,2015_07_PHI_CAR,22,253.0,1.0,1.6,96.6,1.0,253.4,1.0,0.4
CAR,2015,2015_08_IND_CAR,23,245.0,0.8333333333333334,1.5,110.0,1.0,245.33333333333334,0.8333333333333334,0.3333333333333333
CAR,2015,2015_09_GB_CAR,24,243.0,1.0,1.7142857142857142,113.71428571428571,0.8571428571428571,243.28571428571428,1.0,0.2857142857142857
CAR,2015,2015_10_CAR_TEN,25,258.75,1.375,1.625,108.375,0.75,260.5,1.375,0.375
CAR,2015,2015_11_WAS_CAR,26,250.55555555555554,1.2222222222222223,1.5555555555555556,103.44444444444444,0.7777777777777778,252.11111111111111,1.2222222222222223,0.4444444444444444
CAR,2015,2015_12_CAR_DAL,27,246.2,1.2,1.5,94.5,0.7,247.6,1.2,0.8
CAR,2015,2015_13_CAR_NO,28,241.9090909090909,1.1818181818181819,1.6363636363636365,88.72727272727273,0.6363636363636364,243.1818181818182,1.1818181818181819,0.7272727272727273
CAR,2015,2015_14_ATL_CAR,29,245.25,1.3333333333333333,1.5833333333333333,87.16666666666667,0.6666666666666666,246.41666666666666,1.3333333333333333,0.6666666666666666
CAR,2015,2015_15_CAR_NYG,30,244.46153846153845,1.2307692307692308,1.6153846153846154,84.61538461538461,0.6153846153846154,245.53846153846155,1.2307692307692308,0.7692307692307693
CAR,2015,2015_16_CAR_ATL,31,244.5,1.4285714285714286,1.5714285714285714,90.07142857142857,0.6428571428571429,245.5,1.4285714285714286,0.7857142857142857
CAR,2015,2015_17_TB_CAR,32,248.6,1.4,1.4666666666666666,89.2,0.6666666666666666,249.53333333333333,1.4,0.8
CAR,2016,2016_01_CAR_DEN,33,,,,,,,,
CAR,2016,2016_02_SF_CAR,34,178.0,1.0,2.0,148.0,2.0,178.0,1.0,1.0
CAR,2016,2016_03_MIN_CAR,35,210.5,1.5,2.0,106.5,1.5,210.5,1.5,1.0
CAR,2016,2016_04_CAR_ATL,36,197.33333333333334,1.3333333333333333,1.3333333333333333,90.33333333333333,1.0,197.33333333333334,1.3333333333333333,0.6666666666666666
CAR,2016,2016_05_TB_CAR,37,273.75,2.0,1.25,90.25,1.0,273.75,2.0,0.5
CAR,2016,2016_06_CAR_NO,38,262.8,1.8,1.0,94.8,0.8,262.8,1.8,0.4
CAR,2016,2016_08_ARI_CAR,39,296.5,2.1666666666666665,1.0,89.5,0.8333333333333334,296.5,2.1666666666666665,0.3333333333333333
CAR,2016,2016_09_CAR_LA,40,306.0,2.2857142857142856,1.0,80.14285714285714,0.7142857142857143,306.0,2.2857142857142856,0.42857142857142855
CAR,2016,2016_10_KC_CAR,41,304.75,2.125,1.0,77.5,0.625,304.75,2.125,0.375
CAR,2016,2016_11_NO_CAR,42,290.6666666666667,1.8888888888888888,1.0,79.0,0.5555555555555556,290.6666666666667,1.8888888888888888,0.3333333333333333
CAR,2016,2016_12_CAR_OAK,43,290.1,1.9,1.0,81.8,0.5,290.1,1.9,0.4
CAR,2016,2016_13_CAR_SEA,44,292.3636363636364,1.9090909090909092,1.0,79.45454545454545,0.5454545454545454,292.3636363636364,1.9090909090909092,0.45454545454545453
CAR,2016,2016_14_SD_CAR,45,294.25,1.8333333333333333,1.0,92.83333333333333,0.75,294.25,1.8333333333333333,0.4166666666666667
CAR,2016,2016_15_CAR_WAS,46,289.7692307692308,1.8461538461538463,1.1538461538461537,90.15384615384616,0.6923076923076923,289.7692307692308,1.8461538461538463,0.5384615384615384
CAR,2016,2016_16_ATL_CAR,47,291.57142857142856,1.7142857142857142,1.1428571428571428,85.78571428571429,0.7142857142857143,291.57142857142856,1.7142857142857142,0.6428571428571429
CAR,2016,2016_17_CAR_TB,48,290.6,1.7333333333333334,1.0666666666666667,90.2,0.7333333333333333,290.6,1.7333333333333334,0.6
CAR,2017,2017_01_CAR_SF,49,,,,,,,,
CAR,2017,2017_02_BUF_CAR,50,193.0,0.0,1.0,51.0,0.0,193.0,0.0,1.0
CAR,2017,2017_03_NO_CAR,51,159.0,0.0,0.5,60.0,0.0,159.0,0.0,0.5
CAR,2017,2017_04_CAR_NE,52,179.33333333333334,1.0,0.3333333333333333,89.66666666666667,0.3333333333333333,179.33333333333334,1.0,0.3333333333333333
CAR,2017,2017_05_CAR_DET,53,211.25,1.25,0.25,87.25,0.5,211.25,1.25,0.25
CAR,2017,2017_06_PHI_CAR,54,214.8,1.4,0.2,79.8,0.6,214.8,1.4,0.4
CAR,2017,2017_07_CAR_CHI,55,216.0,1.6666666666666667,0.16666666666666666,83.33333333333333,0.5,216.0,1.6666666666666667,0.5
CAR,2017,2017_08_CAR_TB,56,200.42857142857142,1.4285714285714286,0.14285714285714285,81.14285714285714,0.42857142857142855,200.42857142857142,1.4285714285714286,0.42857142857142855
CAR,2017,2017_09_ATL_CAR,57,201.625,1.25,0.375,81.625,0.375,201.625,1.25,0.5
CAR,2017,2017_10_MIA_CAR,58,214.0,1.3333333333333333,0.4444444444444444,78.44444444444444,0.3333333333333333,214.0,1.3333333333333333,0.4444444444444444
CAR,2017,2017_12_CAR_NYJ,59,213.9,1.4,0.5,80.6,0.4,213.9,1.4,0.4
CAR,2017,2017_13_CAR_NO,60,222.36363636363637,1.5454545454545454,0.45454545454545453,83.18181818181819,0.36363636363636365,222.36363636363637,1.5454545454545454,0.45454545454545453
CAR,2017,2017_14_MIN_CAR,61,226.25,1.5,0.4166666666666667,88.58333333333333,0.5833333333333334,226.25,1.5,0.5
CAR,2017,2017_15_GB_CAR,62,230.3846153846154,1.5384615384615385,0.5384615384615384,89.46153846153847,0.5384615384615384,230.3846153846154,1.5384615384615385,0.5384615384615384
CAR,2017,2017_16_TB_CAR,63,234.64285714285714,1.6428571428571428,0.7142857142857143,91.64285714285714,0.5,234.64285714285714,1.6428571428571428,0.5714285714285714
CAR,2017,2017_17_CAR_ATL,64,243.46666666666667,1.6,0.6666666666666666,89.93333333333334,0.4666666666666667,243.46666666666667,1.6,0.7333333333333333
CAR,2018,2018_01_DAL_CAR,65,,,,,,,,
CAR,2018,2018_02_CAR_ATL,66,170.0,0.0,0.0,94.0,1.0,170.0,0.0,1.0
CAR,2018,2018_03_CIN_CAR,67,221.0,1.0,0.5,132.0,1.5,221.0,1.0,0.5
CAR,2018,2018_05_NYG_CAR,68,264.6666666666667,1.3333333333333333,1.6666666666666667,110.0,1.3333333333333333,264.6666666666667,1.3333333333333333,0.3333333333333333
CAR,2018,2018_06_CAR_WAS,69,294.25,1.75,1.75,95.0,1.0,294.25,1.75,0.25
CAR,2018,2018_07_CAR_PHI,70,268.0,1.8,1.4,102.4,0.8,268.0,1.8,0.2
CAR,2018,2018_08_BAL_CAR,71,275.0,1.8333333333333333,1.1666666666666667,95.0,0.6666666666666666,275.0,1.8333333333333333,0.3333333333333333
CAR,2018,2018_09_TB_CAR,72,269.7142857142857,1.8571428571428572,1.2857142857142858,95.85714285714286,0.7142857142857143,269.7142857142857,1.8571428571428572,0.42857142857142855
CAR,2018,2018_10_CAR_PIT,73,266.375,2.125,1.375,94.125,0.625,266.375,2.125,0.375
CAR,2018,2018_11_CAR_DET,74,272.8888888888889,2.4444444444444446,1.2222222222222223,99.0,0.6666666666666666,272.8888888888889,2.4444444444444446,0.3333333333333333
CAR,2018,2018_12_SEA_CAR,75,267.6,2.3,1.1,98.5,0.7,267.6,2.3,0.3
CAR,2018,2018_13_CAR_TB,76,274.09090909090907,2.272727272727273,1.0,96.36363636363636,0.7272727272727273,274.09090909090907,2.272727272727273,0.2727272727272727
CAR,2018,2018_14_CAR_CLE,77,272.0,2.25,0.9166666666666666,96.25,0.75,272.0,2.25,0.3333333333333333
CAR,2018,2018_15_NO_CAR,78,269.38461538461536,2.1538461538461537,0.8461538461538461,97.76923076923077,0.8461538461538461,269.38461538461536,2.1538461538461537,0.46153846153846156
CAR,2018,2018_16_ATL_CAR,79,264.64285714285717,2.0,0.8571428571428571,101.85714285714286,0.8571428571428571,264.64285714285717,2.0,0.42857142857142855
CAR,2018,2018_17_CAR_NO,80,262.93333333333334,2.066666666666667,0.8,108.0,0.8,262.93333333333334,2.066666666666667,0.5333333333333333
CAR,2019,2019_01_LA_CAR,81,,,,,,,,
CAR,2019,2019_02_TB_CAR,82,186.0,1.0,1.0,166.0,2.0,186.0,1.0,0.0
CAR,2019,2019_03_CAR_ARI,83,197.0,1.0,0.5,133.0,1.5,197.0,1.0,0.0
CAR,2019,2019_04_CAR_HOU,84,189.0,1.3333333333333333,1.0,129.0,1.0,189.0,1.3333333333333333,0.0
CAR,2019,2019_05_JAX_CAR,85,181.75,1.0,1.0,130.75,1.0,181.75,1.0,0.25
CAR,2019,2019_06_CAR_TB,86,220.2,1.2,0.8,134.4,1.0,220.2,1.2,0.8
CAR,2019,2019_08_CAR_SF,87,250.16666666666666,1.1666666666666667,1.5,119.0,1.1666666666666667,250.16666666666666,1.1666666666666667,0.8333333333333334
CAR,2019,2019_09_TEN_CAR,88,239.42857142857142,1.2857142857142858,1.4285714285714286,135.14285714285714,1.7142857142857142,239.42857142857142,1.2857142857142858,0.7142857142857143
CAR,2019,2019_10_CAR_GB,89,250.875,1.25,1.5,133.375,1.75,250.875,1.25,0.75
CAR,2019,2019_11_ATL_CAR,90,248.88888888888889,1.1111111111111112,1.3333333333333333,136.66666666666666,1.8888888888888888,248.88888888888889,1.1111111111111112,0.6666666666666666
CAR,2019,2019_12_CAR_NO,91,255.4,1.1,1.2,128.4,1.8,255.4,1.1,0.6
CAR,2019,2019_13_WAS_CAR,92,260.45454545454544,1.2727272727272727,1.1818181818181819,127.45454545454545,1.7272727272727273,260.45454545454544,1.2727272727272727,0.5454545454545454
CAR,2019,2019_14_CAR_ATL,93,251.0,1.1666666666666667,1.0833333333333333,137.5,1.8333333333333333,251.0,1.1666666666666667,0.5
CAR,2019,2019_15_SEA_CAR,94,255.76923076923077,1.2307692307692308,1.0,139.15384615384616,1.8461538461538463,255.76923076923077,1.2307692307692308,0.46153846153846156
CAR,2019,2019_16_CAR_IND,95,257.92857142857144,1.2857142857142858,1.0,140.21428571428572,1.8571428571428572,257.92857142857144,1.2857142857142858,0.42857142857142855
CAR,2019,2019_17_NO_CAR,96,248.66666666666666,1.2,0.9333333333333333,145.4,1.9333333333333333,248.66666666666666,1.2,0.4
CAR,2020,2020_01_LV_CAR,97,,,,,,,,
CAR,2020,2020_02_CAR_TB,98,239.0,1.0,0.0,133.0,3.0,239.0,1.0,0.0
CAR,2020,2020_03_CAR_LAC,99,228.0,1.0,0.5,127.5,3.0,228.0,1.0,0.5
CAR,2020,2020_04_ARI_CAR,100,262.0,1.0,0.6666666666666666,124.0,2.3333333333333335,262.0,1.0,1.3333333333333333
CAR,2020,2020_05_CAR_ATL,101,229.75,1.5,0.5,125.25,1.75,229.75,1.5,1.25
CAR,2020,2020_06_CHI_CAR,102,229.0,1.2,0.6,133.4,1.6,229.0,1.2,1.0
CAR,2020,2020_07_CAR_NO,103,223.83333333333334,1.1666666666666667,0.6666666666666666,121.66666666666667,1.5,223.83333333333334,1.1666666666666667,0.8333333333333334
CAR,2020,2020_08_ATL_CAR,104,232.85714285714286,1.2857142857142858,0.5714285714285714,124.0,1.4285714285714286,232.85714285714286,1.2857142857142858,0.8571428571428571
CAR,2020,2020_09_CAR_KC,105,238.875,1.125,0.625,124.875,1.5,238.875,1.125,0.75
CAR,2020,2020_10_TB_CAR,106,253.66666666666666,1.4444444444444444,0.5555555555555556,115.0,1.3333333333333333,253.66666666666666,1.4444444444444444,0.7777777777777778
CAR,2020,2020_11_DET_CAR,107,262.4,1.6,0.5,124.5,1.4,262.4,1.6,0.8
CAR,2020,2020_12_CAR_MIN,108,254.72727272727272,1.4545454545454546,0.45454545454545453,116.81818181818181,1.2727272727272727,254.72727272727272,1.4545454545454546,0.7272727272727273
CAR,2020,2020_14_DEN_CAR,109,259.0833333333333,1.5833333333333333,0.4166666666666667,115.08333333333333,1.1666666666666667,259.0833333333333,1.5833333333333333,0.8333333333333334
CAR,2020,2020_15_CAR_GB,110,260.6923076923077,1.7692307692307692,0.38461538461538464,113.61538461538461,1.0769230769230769,260.6923076923077,1.7692307692307692,0.8461538461538461
CAR,2020,2020_16_CAR_WAS,111,252.28571428571428,1.7142857142857142,0.35714285714285715,119.42857142857143,1.1428571428571428,252.28571428571428,1.7142857142857142,0.7857142857142857
CAR,2020,2020_17_NO_CAR,112,254.86666666666667,1.6666666666666667,0.4666666666666667,118.66666666666667,1.0666666666666667,254.86666666666667,1.6666666666666667,0.8
CAR,2021,2021_01_NYJ_CAR,113,,,,,,,,
CAR,2021,2021_02_NO_CAR,114,258.0,2.0,1.0,45.0,0.0,258.0,2.0,0.0
CAR,2021,2021_03_CAR_HOU,115,184.5,1.0,1.5,46.5,0.5,184.5,1.0,0.0
CAR,2021,2021_04_CAR_DAL,116,179.0,1.0,1.0,45.0,0.3333333333333333,179.0,1.0,0.0
CAR,2021,2021_05_PHI_CAR,117,181.25,1.75,0.75,95.0,0.5,181.25,1.75,0.0
CAR,2021,2021_06_MIN_CAR,118,184.6,1.4,0.8,94.2,0.8,184.6,1.4,0.2
CAR,2021,2021_07_CAR_NYG,119,216.0,1.6666666666666667,0.6666666666666666,111.5,0.8333333333333334,216.0,1.6666666666666667,0.3333333333333333
CAR,2021,2021_08_CAR_ATL,120,216.42857142857142,1.5714285714285714,0.5714285714285714,110.28571428571429,0.8571428571428571,216.42857142857142,1.5714285714285714,0.2857142857142857
CAR,2021,2021_09_NE_CAR,121,207.625,1.5,0.75,106.75,0.75,207.625,1.5,0.25
CAR,2021,2021_10_CAR_ARI,122,200.0,1.4444444444444444,0.7777777777777778,111.66666666666667,0.7777777777777778,200.0,1.4444444444444444,0.3333333333333333
CAR,2021,2021_11_WAS_CAR,123,194.3,1.3,0.8,107.0,0.8,194.3,1.3,0.4
CAR,2021,2021_12_CAR_MIA,124,195.36363636363637,1.4545454545454546,0.7272727272727273,114.54545454545455,0.7272727272727273,195.36363636363637,1.4545454545454546,0.45454545454545453
CAR,2021,2021_14_ATL_CAR,125,198.25,1.4166666666666667,0.6666666666666666,114.25,0.8333333333333334,198.25,1.4166666666666667,0.4166666666666667
CAR,2021,2021_15_CAR_BUF,126,197.6153846153846,1.3846153846153846,0.6153846153846154,115.3076923076923,0.8461538461538461,197.6153846153846,1.3846153846153846,0.46153846153846156
CAR,2021,2021_16_TB_CAR,127,198.5,1.5,0.6428571428571429,115.57142857142857,0.8571428571428571,198.5,1.5,0.42857142857142855
CAR,2021,2021_17_CAR_NO,128,200.73333333333332,1.4666666666666666,0.6,118.46666666666667,0.9333333333333333,200.73333333333332,1.4666666666666666,0.4
CAR,2021,2021_18_CAR_TB,129,202.0625,1.4375,0.5625,115.625,0.875,202.0625,1.4375,0.375
CAR,2022,2022_01_CLE_CAR,130,,,,,,,,
CAR,2022,2022_02_CAR_NYG,131,147.0,1.0,0.0,217.0,1.0,147.0,1.0,0.0
CAR,2022,2022_03_NO_CAR,132,161.5,1.0,0.0,160.0,0.5,161.5,1.0,0.0
CAR,2022,2022_04_ARI_CAR,133,225.33333333333334,1.0,0.6666666666666666,134.66666666666666,0.6666666666666666,225.33333333333334,1.0,0.3333333333333333
CAR,2022,2022_05_SF_CAR,134,220.75,1.25,0.75,134.0,0.75,220.75,1.25,0.25
CAR,2022,2022_06_CAR_LA,135,227.2,1.4,0.6,137.8,1.0,227.2,1.4,0.4
CAR,2022,2022_07_TB_CAR,136,231.5,1.3333333333333333,0.6666666666666666,133.33333333333334,1.1666666666666667,231.5,1.3333333333333333,0.3333333333333333
CAR,2022,2022_08_CAR_ATL,137,239.85714285714286,1.1428571428571428,0.5714285714285714,120.85714285714286,1.0,239.85714285714286,1.1428571428571428,0.2857142857142857
CAR,2022,2022_09_CAR_CIN,138,241.5,1.375,0.75,126.625,0.875,241.5,1.375,0.25
CAR,2022,2022_10_ATL_CAR,139,240.0,1.3333333333333333,0.6666666666666666,139.33333333333334,1.3333333333333333,240.0,1.3333333333333333,0.2222222222222222
CAR,2022,2022_11_CAR_BAL,140,234.6,1.4,0.7,139.2,1.2,234.6,1.4,0.2
CAR,2022,2022_12_DEN_CAR,141,232.27272727272728,1.2727272727272727,0.7272727272727273,137.0,1.1818181818181819,232.27272727272728,1.2727272727272727,0.18181818181818182
CAR,2022,2022_14_CAR_SEA,142,224.75,1.25,0.6666666666666666,135.66666666666666,1.0833333333333333,224.75,1.25,0.25
CAR,2022,2022_15_PIT_CAR,143,227.76923076923077,1.3846153846153846,0.7692307692307693,128.76923076923077,1.0,227.76923076923077,1.3846153846153846,0.23076923076923078
CAR,2022,2022_16_DET_CAR,144,224.28571428571428,1.2857142857142858,0.7142857142857143,130.71428571428572,1.1428571428571428,224.28571428571428,1.2857142857142858,0.21428571428571427
CAR,2022,2022_17_CAR_TB,145,233.0,1.4,0.6666666666666666,125.0,1.0666666666666667,233.0,1.4,0.26666666666666666
CAR,2022,2022_18_CAR_NO,146,245.4375,1.5,0.625,121.375,1.0625,245.4375,1.5,0.3125
CAR,2023,2023_01_CAR_ATL,147,,,,,,,,
CAR,2023,2023_02_NO_CAR,148,115.0,1.0,0.0,130.0,2.0,115.0,1.0,0.0
CAR,2023,2023_03_CAR_SEA,149,175.5,0.5,0.5,132.0,2.0,175.5,0.5,0.0
CAR,2023,2023_04_MIN_CAR,150,215.66666666666666,0.6666666666666666,0.6666666666666666,136.66666666666666,2.0,215.66666666666666,0.6666666666666666,0.0
CAR,2023,2023_05_CAR_DET,151,196.5,1.0,1.0,136.25,1.5,196.5,1.0,0.0
CAR,2023,2023_06_CAR_MIA,152,204.4,1.4,0.8,140.8,1.8,204.4,1.4,0.0
CAR,2023,2023_08_HOU_CAR,153,214.0,1.6666666666666667,0.8333333333333334,144.33333333333334,2.0,214.0,1.6666666666666667,0.0
CAR,2023,2023_09_IND_CAR,154,203.42857142857142,1.4285714285714286,0.7142857142857143,139.42857142857142,2.0,203.42857142857142,1.4285714285714286,0.14285714285714285
CAR,2023,2023_10_CAR_CHI,155,193.875,1.375,0.625,131.75,1.75,193.875,1.375,0.125
CAR,2023,2023_11_DAL_CAR,156,190.33333333333334,1.2222222222222223,0.5555555555555556,131.88888888888889,1.6666666666666667,190.33333333333334,1.2222222222222223,0.1111111111111111
CAR,2023,2023_12_CAR_TEN,157,191.7,1.3,0.5,129.4,1.6,191.7,1.3,0.1
CAR,2023,2023_13_CAR_TB,158,191.0909090909091,1.1818181818181819,0.45454545454545453,124.9090909090909,1.6363636363636365,191.0909090909091,1.1818181818181819,0.09090909090909091
CAR,2023,2023_14_CAR_NO,159,192.0,1.1666666666666667,0.5,125.16666666666667,1.6666666666666667,192.0,1.1666666666666667,0.08333333333333333
CAR,2023,2023_15_ATL_CAR,160,186.3846153846154,1.2307692307692308,0.5384615384615384,123.0,1.6153846153846154,186.3846153846154,1.2307692307692308,0.07692307692307693
CAR,2023,2023_16_GB_CAR,161,183.92857142857142,1.2142857142857142,0.5714285714285714,117.92857142857143,1.5,183.92857142857142,1.2142857142857142,0.14285714285714285
CAR,2023,2023_17_CAR_JAX,162,186.26666666666668,1.2666666666666666,0.5333333333333333,120.86666666666666,1.5333333333333334,186.26666666666668,1.2666666666666666,0.13333333333333333
CAR,2023,2023_18_TB_CAR,163,185.75,1.1875,0.5,123.0,1.5625,185.75,1.1875,0.125
CAR,2024,2024_01_CAR_NO,164,,,,,,,,
CAR,2024,2024_02_LAC_CAR,165,200.0,3.0,0.0,180.0,2.0,200.0,3.0,0.0
CAR,2024,2024_03_CAR_LV,166,165.0,2.5,0.5,199.5,1.5,165.0,2.5,0.5
CAR,2024,2024_04_CIN_CAR,167,208.66666666666666,2.3333333333333335,0.6666666666666666,151.33333333333334,1.3333333333333333,208.66666666666666,2.3333333333333335,0.3333333333333333
CAR,2024,2024_05_CAR_CHI,168,214.5,2.25,0.75,148.75,1.5,214.5,2.25,0.25
CAR,2024,2024_06_ATL_CAR,169,232.4,2.2,0.6,144.6,1.8,232.4,2.2,0.2
CAR,2024,2024_07_CAR_WAS,170,231.16666666666666,2.0,0.5,153.5,2.0,231.16666666666666,2.0,0.3333333333333333
CAR,2024,2024_08_CAR_DEN,171,228.28571428571428,2.0,0.42857142857142855,162.14285714285714,1.8571428571428572,228.28571428571428,2.0,0.2857142857142857
CAR,2024,2024_09_NO_CAR,172,239.125,2.125,0.375,154.625,1.75,239.125,2.125,0.5
CAR,2024,2024_10_NYG_CAR,173,238.77777777777777,2.0,0.3333333333333333,159.33333333333334,1.6666666666666667,238.77777777777777,2.0,0.4444444444444444
CAR,2024,2024_12_KC_CAR,174,233.9,1.8,0.5,160.1,1.7,233.9,1.8,0.5
CAR,2024,2024_13_TB_CAR,175,237.0909090909091,1.9090909090909092,0.45454545454545453,160.54545454545453,1.5454545454545454,237.0909090909091,1.9090909090909092,0.45454545454545453
CAR,2024,2024_14_CAR_PHI,176,237.33333333333334,1.8333333333333333,0.5833333333333334,166.83333333333334,1.5,237.33333333333334,1.8333333333333333,0.4166666666666667
CAR,2024,2024_15_DAL_CAR,177,227.3846153846154,1.8461538461538463,0.5384615384615384,170.07692307692307,1.4615384615384615,227.3846153846154,1.8461538461538463,0.38461538461538464
CAR,2024,2024_16_ARI_CAR,178,226.42857142857142,1.9285714285714286,0.5,173.0,1.3571428571428572,226.42857142857142,1.9285714285714286,0.42857142857142855
CAR,2024,2024_17_CAR_TB,179,224.8,1.8666666666666667,0.5333333333333333,175.2,1.4,224.8,1.8666666666666667,0.4666666666666667
CAR,2024,2024_18_CAR_ATL,180,233.1875,2.0625,0.5,176.875,1.3125,233.1875,2.0625,0.4375
CHI,2014,2014_01_BUF_CHI,1,,,,,,,,
CHI,2014,2014_02_CHI_SF,2,173.0,1.0,1.0,193.0,1.0,173.0,1.0,0.0
CHI,2014,2014_03_CHI_NYJ,3,210.5,1.0,2.0,160.0,1.0,210.5,1.0,0.5
CHI,2014,2014_04_GB_CHI,4,245.66666666666666,1.0,2.0,144.66666666666666,0.6666666666666666,245.66666666666666,1.0,0.3333333333333333
CHI,2014,2014_05_CHI_CAR,5,259.75,1.75,1.5,122.5,0.75,259.75,1.75,0.25
CHI,2014,2014_06_CHI_ATL,6,258.8,1.8,1.4,116.2,0.8,258.8,1.8,0.6
CHI,2014,2014_07_MIA_CHI,7,260.8333333333333,1.6666666666666667,1.3333333333333333,103.83333333333333,0.6666666666666666,260.8333333333333,1.6666666666666667,0.5
CHI,2014,2014_08_CHI_NE,8,263.14285714285717,1.7142857142857142,1.1428571428571428,108.57142857142857,0.7142857142857143,263.14285714285717,1.7142857142857142,0.42857142857142855
CHI,2014,2014_10_CHI_GB,9,277.25,2.125,1.0,110.25,0.625,277.25,2.125,0.375
CHI,2014,2014_11_MIN_CHI,10,281.8888888888889,2.5555555555555554,0.8888888888888888,112.66666666666667,0.5555555555555556,281.8888888888889,2.5555555555555554,0.4444444444444444
CHI,2014,2014_12_TB_CHI,11,269.5,2.4,0.9,111.0,0.5,269.5,2.4,0.4
CHI,2014,2014_13_CHI_DET,12,276.0,2.272727272727273,1.0,106.9090909090909,0.45454545454545453,276.0,2.272727272727273,0.5454545454545454
CHI,2014,2014_14_DAL_CHI,13,285.5,2.25,0.9166666666666666,105.58333333333333,0.5833333333333334,285.5,2.25,0.5833333333333334
CHI,2014,2014_15_NO_CHI,14,279.3076923076923,2.3076923076923075,0.8461538461538461,112.38461538461539,0.6923076923076923,279.3076923076923,2.3076923076923075,0.5384615384615384
CHI,2014,2014_16_DET_CHI,15,286.14285714285717,2.357142857142857,0.7857142857142857,110.28571428571429,0.7142857142857143,286.14285714285717,2.357142857142857,0.5714285714285714
CHI,2014,2014_17_CHI_MIN,16,283.26666666666665,2.2,0.8666666666666667,112.13333333333334,0.8,283.26666666666665,2.2,0.5333333333333333
CHI,2015,2015_01_GB_CHI,17,,,,,,,,
CHI,2015,2015_02_ARI_CHI,18,189.0,3.0,0.0,133.0,1.0,189.0,3.0,0.0
CHI,2015,2015_03_CHI_SEA,19,187.0,3.5,0.5,124.0,1.0,187.0,3.5,0.0
CHI,2015,2015_04_OAK_CHI,20,203.0,2.6666666666666665,0.3333333333333333,135.66666666666666,0.6666666666666666,203.0,2.6666666666666665,0.0
CHI,2015,2015_05_CHI_KC,21,201.25,2.5,0.5,119.25,0.5,201.25,2.5,0.25
CHI,2015,2015_06_CHI_DET,22,197.2,2.2,0.4,118.8,0.4,197.2,2.2,0.2
CHI,2015,2015_08_MIN_CHI,23,231.83333333333334,2.5,0.5,124.83333333333333,0.3333333333333333,231.83333333333334,2.5,0.16666666666666666
CHI,2015,2015_09_CHI_SD,24,225.42857142857142,2.2857142857142856,0.5714285714285714,128.0,0.2857142857142857,225.42857142857142,2.2857142857142856,0.14285714285714285
CHI,2015,2015_10_CHI_STL,25,232.25,2.125,0.5,121.625,0.25,232.25,2.125,0.25
CHI,2015,2015_11_DEN_CHI,26,228.66666666666666,1.8888888888888888,0.5555555555555556,118.55555555555556,0.3333333333333333,228.66666666666666,1.8888888888888888,0.3333333333333333
CHI,2015,2015_12_CHI_GB,27,230.8,1.9,0.5,123.7,0.3,230.8,1.9,0.3
CHI,2015,2015_13_SF_CHI,28,228.1818181818182,1.8181818181818181,0.5454545454545454,128.54545454545453,0.2727272727272727,228.1818181818182,1.8181818181818181,0.36363636363636365
CHI,2015,2015_14_WAS_CHI,29,225.5,1.75,0.5,127.91666666666667,0.4166666666666667,225.5,1.75,0.3333333333333333
CHI,2015,2015_15_CHI_MIN,30,231.23076923076923,1.6923076923076923,0.5384615384615384,125.6923076923077,0.5384615384615384,231.23076923076923,1.6923076923076923,0.3076923076923077
CHI,2015,2015_16_CHI_TB,31,231.21428571428572,1.8571428571428572,0.5,125.92857142857143,0.5714285714285714,231.21428571428572,1.8571428571428572,0.2857142857142857
CHI,2015,2015_17_DET_CHI,32,235.46666666666667,1.8666666666666667,0.5333333333333333,124.46666666666667,0.6,235.46666666666667,1.8666666666666667,0.4
CHI,2016,2016_01_CHI_HOU,33,,,,,,,,
CHI,2016,2016_02_PHI_CHI,34,231.0,2.0,1.0,129.0,0.0,231.0,2.0,0.0
CHI,2016,2016_03_CHI_DAL,35,210.5,1.5,0.5,114.5,1.0,210.5,1.5,0.0
CHI,2016,2016_04_DET_CHI,36,223.0,1.3333333333333333,0.3333333333333333,142.66666666666666,1.6666666666666667,223.0,1.3333333333333333,0.3333333333333333
CHI,2016,2016_05_CHI_IND,37,220.5,1.0,0.75,123.5,1.25,220.5,1.0,0.25
CHI,2016,2016_06_JAX_CHI,38,240.8,1.2,0.6,118.4,1.0,240.8,1.2,0.2
CHI,2016,2016_07_CHI_GB,39,245.83333333333334,1.1666666666666667,0.6666666666666666,107.66666666666667,1.0,245.83333333333334,1.1666666666666667,0.3333333333333333
CHI,2016,2016_08_MIN_CHI,40,257.2857142857143,1.4285714285714286,0.5714285714285714,107.0,0.8571428571428571,257.2857142857143,1.4285714285714286,0.42857142857142855
CHI,2016,2016_10_CHI_TB,41,253.625,1.375,0.5,100.75,0.75,253.625,1.375,0.375
CHI,2016,2016_11_CHI_NYG,42,260.1111111111111,1.4444444444444444,0.5555555555555556,98.44444444444444,0.7777777777777778,260.1111111111111,1.4444444444444444,0.3333333333333333
CHI,2016,2016_12_TEN_CHI,43,256.8,1.5,0.5,98.8,0.8,256.8,1.5,0.3
CHI,2016,2016_13_SF_CHI,44,254.0,1.5454545454545454,0.45454545454545453,103.36363636363636,0.8181818181818182,254.0,1.5454545454545454,0.2727272727272727
CHI,2016,2016_14_CHI_DET,45,236.08333333333334,1.4166666666666667,0.4166666666666667,106.5,0.75,236.08333333333334,1.4166666666666667,0.25
CHI,2016,2016_15_GB_CHI,46,235.07692307692307,1.3846153846153846,0.5384615384615384,107.07692307692308,0.7692307692307693,235.07692307692307,1.3846153846153846,0.23076923076923078
CHI,2016,2016_16_WAS_CHI,47,236.28571428571428,1.2857142857142858,0.5,115.57142857142857,0.9285714285714286,236.28571428571428,1.2857142857142858,0.21428571428571427
CHI,2016,2016_17_CHI_MIN,48,238.53333333333333,1.2666666666666666,0.4666666666666667,121.73333333333333,1.1333333333333333,238.53333333333333,1.2666666666666666,0.2
CHI,2017,2017_01_ATL_CHI,49,,,,,,,,
CHI,2017,2017_02_CHI_TB,50,321.0,1.0,0.0,64.0,1.0,321.0,1.0,0.0
CHI,2017,2017_03_PIT_CHI,51,262.5,1.0,0.0,90.5,1.0,262.5,1.0,0.5
CHI,2017,2017_04_CHI_GB,52,253.33333333333334,1.0,0.0,83.66666666666667,1.0,253.33333333333334,1.0,0.6666666666666666
CHI,2017,2017_05_MIN_CHI,53,234.75,1.75,0.0,85.5,1.0,234.75,1.75,0.5
CHI,2017,2017_06_CHI_BAL,54,223.0,1.6,0.0,100.2,1.0,223.0,1.6,0.4
CHI,2017,2017_07_CAR_CHI,55,215.83333333333334,1.3333333333333333,0.3333333333333333,104.33333333333333,0.8333333333333334,215.83333333333334,1.3333333333333333,0.5
CHI,2017,2017_08_CHI_NO,56,215.14285714285714,1.1428571428571428,0.5714285714285714,104.85714285714286,0.7142857142857143,215.14285714285714,1.1428571428571428,0.5714285714285714
CHI,2017,2017_10_GB_CHI,57,225.625,1.0,0.5,104.375,0.875,225.625,1.0,0.75
CHI,2017,2017_11_DET_CHI,58,224.11111111111111,1.0,0.4444444444444444,110.55555555555556,0.8888888888888888,224.11111111111111,1.0,0.6666666666666666
CHI,2017,2017_12_CHI_PHI,59,231.6,1.1,0.4,106.0,0.8,231.6,1.1,0.7
CHI,2017,2017_13_SF_CHI,60,233.0909090909091,1.2727272727272727,0.36363636363636365,112.36363636363636,0.7272727272727273,233.0909090909091,1.2727272727272727,0.8181818181818182
CHI,2017,2017_14_CHI_CIN,61,238.08333333333334,1.1666666666666667,0.4166666666666667,112.16666666666667,0.6666666666666666,238.08333333333334,1.1666666666666667,0.75
CHI,2017,2017_15_CHI_DET,62,234.23076923076923,1.1538461538461537,0.46153846153846156,108.92307692307692,0.6153846153846154,234.23076923076923,1.1538461538461537,0.7692307692307693
CHI,2017,2017_16_CLE_CHI,63,234.42857142857142,1.2142857142857142,0.42857142857142855,107.64285714285714,0.5714285714285714,234.42857142857142,1.2142857142857142,0.7857142857142857
CHI,2017,2017_17_CHI_MIN,64,230.93333333333334,1.1333333333333333,0.5333333333333333,105.53333333333333,0.5333333333333333,230.93333333333334,1.1333333333333333,0.8
CHI,2018,2018_01_CHI_GB,65,,,,,,,,
CHI,2018,2018_02_SEA_CHI,66,341.0,3.0,1.0,69.0,0.0,341.0,3.0,1.0
CHI,2018,2018_03_CHI_ARI,67,283.5,2.5,1.0,71.5,0.0,283.5,2.5,1.0
CHI,2018,2018_04_TB_CHI,68,253.33333333333334,2.3333333333333335,1.6666666666666667,65.33333333333333,0.0,253.33333333333334,2.3333333333333335,1.0
CHI,2018,2018_06_CHI_MIA,69,257.75,2.0,2.0,64.0,0.0,257.75,2.0,0.75
CHI,2018,2018_07_NE_CHI,70,282.2,2.2,2.0,83.4,0.0,282.2,2.2,0.8
CHI,2018,2018_08_NYJ_CHI,71,281.3333333333333,2.3333333333333335,1.8333333333333333,87.5,0.0,281.3333333333333,2.3333333333333335,0.8333333333333334
CHI,2018,2018_09_CHI_BUF,72,263.0,2.142857142857143,1.5714285714285714,83.14285714285714,0.0,263.0,2.142857142857143,0.7142857142857143
CHI,2018,2018_10_DET_CHI,73,253.625,1.875,1.75,85.0,0.125,253.625,1.875,0.75
CHI,2018,2018_11_MIN_CHI,74,255.88888888888889,1.8888888888888888,1.7777777777777777,84.0,0.2222222222222222,255.88888888888889,1.8888888888888888,0.7777777777777778
CHI,2018,2018_12_CHI_DET,75,256.5,1.9,1.8,77.8,0.2,256.5,1.9,0.8
CHI,2018,2018_13_CHI_NYG,76,254.63636363636363,1.7272727272727273,1.8181818181818181,80.81818181818181,0.36363636363636365,254.63636363636363,1.7272727272727273,0.7272727272727273
CHI,2018,2018_14_LA_CHI,77,251.66666666666666,1.75,1.75,85.83333333333333,0.3333333333333333,251.66666666666666,1.75,0.6666666666666666
CHI,2018,2018_15_GB_CHI,78,246.69230769230768,1.6153846153846154,1.9230769230769231,83.23076923076923,0.3076923076923077,246.69230769230768,1.6153846153846154,0.6153846153846154
CHI,2018,2018_16_CHI_SF,79,248.64285714285714,1.5,1.8571428571428572,83.57142857142857,0.35714285714285715,248.64285714285714,1.5,0.5714285714285714
CHI,2018,2018_17_CHI_MIN,80,248.13333333333333,1.4,1.8,81.13333333333334,0.3333333333333333,248.13333333333333,1.4,0.5333333333333333
CHI,2019,2019_01_GB_CHI,81,,,,,,,,
CHI,2019,2019_02_CHI_DEN,82,203.0,1.0,0.0,47.0,0.0,203.0,1.0,0.0
CHI,2019,2019_03_CHI_WAS,83,247.5,1.0,0.5,68.5,0.0,247.5,1.0,0.0
CHI,2019,2019_04_MIN_CHI,84,275.6666666666667,1.3333333333333333,1.3333333333333333,68.66666666666667,0.0,275.6666666666667,1.3333333333333333,0.6666666666666666
CHI,2019,2019_05_CHI_OAK,85,265.0,1.0,1.0,61.5,0.25,265.0,1.0,1.0
CHI,2019,2019_07_NO_CHI,86,257.8,0.8,0.8,83.0,0.8,257.8,0.8,1.2
CHI,2019,2019_08_LAC_CHI,87,261.6666666666667,1.0,0.6666666666666666,94.33333333333333,1.0,261.6666666666667,1.0,1.0
CHI,2019,2019_09_CHI_PHI,88,253.0,1.0,0.7142857142857143,86.0,1.0,253.0,1.0,0.8571428571428571
CHI,2019,2019_10_DET_CHI,89,251.25,1.0,0.625,93.5,1.0,251.25,1.0,0.75
CHI,2019,2019_11_CHI_LA,90,253.22222222222223,1.0,0.6666666666666666,94.0,0.8888888888888888,253.22222222222223,1.0,0.6666666666666666
CHI,2019,2019_12_NYG_CHI,91,245.2,0.9,0.7,95.6,1.0,245.2,0.9,0.7
CHI,2019,2019_13_CHI_DET,92,236.54545454545453,1.0,0.6363636363636364,96.81818181818181,0.9090909090909091,236.54545454545453,1.0,0.7272727272727273
CHI,2019,2019_14_DAL_CHI,93,240.16666666666666,1.0833333333333333,0.6666666666666666,97.5,0.8333333333333334,240.16666666666666,1.0833333333333333,0.6666666666666666
CHI,2019,2019_15_CHI_GB,94,247.3846153846154,1.0769230769230769,0.6153846153846154,96.3076923076923,0.9230769230769231,247.3846153846154,1.0769230769230769,0.6153846153846154
CHI,2019,2019_16_KC_CHI,95,244.21428571428572,1.0714285714285714,0.5714285714285714,96.57142857142857,1.0,244.21428571428572,1.0714285714285714,0.5714285714285714
CHI,2019,2019_17_CHI_MIN,96,244.66666666666666,1.1333333333333333,0.5333333333333333,97.2,1.0,244.66666666666666,1.1333333333333333,0.5333333333333333
CHI,2020,2020_01_CHI_DET,97,,,,,,,,
CHI,2020,2020_02_NYG_CHI,98,297.0,1.0,1.0,138.0,1.0,297.0,1.0,0.0
CHI,2020,2020_03_CHI_ATL,99,269.0,0.5,1.0,106.5,1.0,269.0,0.5,0.5
CHI,2020,2020_04_IND_CHI,100,258.6666666666667,0.6666666666666666,1.0,119.0,1.3333333333333333,258.6666666666667,0.6666666666666666,0.3333333333333333
CHI,2020,2020_05_TB_CHI,101,241.5,0.75,0.75,115.0,1.0,241.5,0.75,0.25
CHI,2020,2020_06_CHI_CAR,102,243.8,0.8,0.6,113.2,0.8,243.8,0.8,0.4
CHI,2020,2020_07_CHI_LA,103,239.16666666666666,0.6666666666666666,0.8333333333333334,113.0,0.8333333333333334,239.16666666666666,0.6666666666666666,0.5
CHI,2020,2020_08_NO_CHI,104,236.42857142857142,0.8571428571428571,0.7142857142857143,119.71428571428571,0.8571428571428571,236.42857142857142,0.8571428571428571,0.5714285714285714
CHI,2020,2020_09_CHI_TEN,105,241.875,1.0,0.625,120.0,0.75,241.875,1.0,0.5
CHI,2020,2020_10_MIN_CHI,106,232.55555555555554,1.1111111111111112,0.5555555555555556,116.88888888888889,0.6666666666666666,232.55555555555554,1.1111111111111112,0.4444444444444444
CHI,2020,2020_12_CHI_GB,107,238.5,1.2,0.6,115.1,0.6,238.5,1.2,0.5
CHI,2020,2020_13_DET_CHI,108,236.0,1.4545454545454546,0.5454545454545454,121.18181818181819,0.6363636363636364,236.0,1.4545454545454546,0.45454545454545453
CHI,2020,2020_14_HOU_CHI,109,249.83333333333334,1.5833333333333333,0.5833333333333334,116.08333333333333,0.75,249.83333333333334,1.5833333333333333,0.4166666666666667
CHI,2020,2020_15_CHI_MIN,110,247.46153846153845,1.5384615384615385,0.5384615384615384,115.46153846153847,0.6923076923076923,247.46153846153845,1.5384615384615385,0.46153846153846156
CHI,2020,2020_16_CHI_JAX,111,249.14285714285714,1.5714285714285714,0.5714285714285714,118.5,0.7142857142857143,249.14285714285714,1.5714285714285714,0.42857142857142855
CHI,2020,2020_17_GB_CHI,112,246.6,1.6,0.6666666666666666,115.66666666666667,0.6666666666666666,246.6,1.6,0.4
CHI,2021,2021_01_CHI_LA,113,,,,,,,,
CHI,2021,2021_02_CIN_CHI,114,321.0,3.0,0.0,74.0,1.0,321.0,3.0,0.0
CHI,2021,2021_03_CHI_CLE,115,264.0,2.5,1.5,71.5,0.5,264.0,2.5,0.5
CHI,2021,2021_04_DET_CHI,116,258.0,2.0,1.0,119.33333333333333,0.6666666666666666,258.0,2.0,0.3333333333333333
CHI,2021,2021_05_CHI_LV,117,268.25,2.0,0.75,112.0,0.5,268.25,2.0,0.75
CHI,2021,2021_06_GB_CHI,118,255.8,1.6,0.8,103.8,0.6,255.8,1.6,0.6
CHI,2021,2021_07_CHI_TB,119,245.66666666666666,1.6666666666666667,0.6666666666666666,112.16666666666667,0.6666666666666666,245.66666666666666,1.6666666666666667,0.5
CHI,2021,2021_08_SF_CHI,120,242.85714285714286,2.0,0.5714285714285714,122.14285714285714,0.7142857142857143,242.85714285714286,2.0,0.5714285714285714
CHI,2021,2021_09_CHI_PIT,121,252.75,1.75,0.5,125.0,1.0,252.75,1.75,0.5
CHI,2021,2021_11_BAL_CHI,122,247.44444444444446,1.7777777777777777,0.4444444444444444,122.77777777777777,1.0,247.44444444444446,1.7777777777777777,0.4444444444444444
CHI,2021,2021_12_CHI_DET,123,244.6,1.6,0.5,122.8,1.0,244.6,1.6,0.4
CHI,2021,2021_13_ARI_CHI,124,237.9090909090909,1.6363636363636365,0.45454545454545453,118.54545454545455,0.9090909090909091,237.9090909090909,1.6363636363636365,0.45454545454545453
CHI,2021,2021_14_CHI_GB,125,228.33333333333334,1.6666666666666667,0.4166666666666667,120.08333333333333,1.0,228.33333333333334,1.6666666666666667,0.4166666666666667
CHI,2021,2021_15_MIN_CHI,126,237.0,1.8461538461538463,0.38461538461538464,120.0,1.0,237.0,1.8461538461538463,0.38461538461538464
CHI,2021,2021_16_CHI_SEA,127,226.28571428571428,1.8571428571428572,0.42857142857142855,120.85714285714286,0.9285714285714286,226.28571428571428,1.8571428571428572,0.35714285714285715
CHI,2021,2021_17_NYG_CHI,128,223.26666666666668,1.8666666666666667,0.4,124.13333333333334,0.9333333333333333,223.26666666666668,1.8666666666666667,0.3333333333333333
CHI,2021,2021_18_CHI_MIN,129,210.8125,1.75,0.5,126.4375,0.875,210.8125,1.75,0.4375
CHI,2022,2022_01_SF_CHI,130,,,,,,,,
CHI,2022,2022_02_CHI_GB,131,164.0,0.0,1.0,176.0,1.0,164.0,0.0,1.0
CHI,2022,2022_03_HOU_CHI,132,199.0,1.0,0.5,189.5,1.0,199.0,1.0,1.0
CHI,2022,2022_04_CHI_NYG,133,214.33333333333334,1.0,1.0,157.0,1.0,214.33333333333334,1.0,0.6666666666666666
CHI,2022,2022_05_CHI_MIN,134,181.25,0.75,1.0,183.25,1.25,181.25,0.75,0.5
CHI,2022,2022_06_WAS_CHI,135,208.8,0.8,1.0,170.0,1.6,208.8,0.8,0.4
CHI,2022,2022_07_CHI_NE,136,190.5,0.6666666666666666,0.8333333333333334,163.0,1.5,190.5,0.6666666666666666,0.3333333333333333
CHI,2022,2022_08_CHI_DAL,137,191.57142857142858,0.7142857142857143,1.1428571428571428,149.71428571428572,1.4285714285714286,191.57142857142858,0.7142857142857143,0.42857142857142855
CHI,2022,2022_09_MIA_CHI,138,198.875,0.875,1.125,156.0,1.75,198.875,0.875,0.375
CHI,2022,2022_10_DET_CHI,139,210.33333333333334,1.1111111111111112,1.0,147.22222222222223,1.6666666666666667,210.33333333333334,1.1111111111111112,0.3333333333333333
CHI,2022,2022_11_CHI_ATL,140,212.9,1.1,0.9,142.0,1.7,212.9,1.1,0.3
CHI,2022,2022_12_CHI_NYJ,141,205.45454545454547,1.0909090909090908,0.8181818181818182,142.63636363636363,1.6363636363636365,205.45454545454547,1.0909090909090908,0.36363636363636365
CHI,2022,2022_13_GB_CHI,142,214.58333333333334,1.25,0.75,143.91666666666666,1.5833333333333333,214.58333333333334,1.25,0.3333333333333333
CHI,2022,2022_15_PHI_CHI,143,212.07692307692307,1.2307692307692308,0.6923076923076923,146.30769230769232,1.6153846153846154,212.07692307692307,1.2307692307692308,0.3076923076923077
CHI,2022,2022_16_BUF_CHI,144,219.42857142857142,1.1428571428571428,0.7857142857142857,143.85714285714286,1.7142857142857142,219.42857142857142,1.1428571428571428,0.35714285714285715
CHI,2022,2022_17_CHI_DET,145,216.26666666666668,1.2,0.8666666666666667,151.2,1.8,216.26666666666668,1.2,0.4
CHI,2022,2022_18_MIN_CHI,146,218.6875,1.3125,0.8125,158.3125,1.8125,218.6875,1.3125,0.375
CHI,2023,2023_01_GB_CHI,147,,,,,,,,
CHI,2023,2023_02_CHI_TB,148,245.0,3.0,0.0,92.0,1.0,245.0,3.0,0.0
CHI,2023,2023_03_CHI_KC,149,281.0,2.0,0.0,106.0,1.0,281.0,2.0,0.0
CHI,2023,2023_04_DEN_CHI,150,288.3333333333333,2.3333333333333335,0.6666666666666666,121.66666666666667,1.3333333333333333,288.3333333333333,2.3333333333333335,0.0
CHI,2023,2023_05_CHI_WAS,151,272.0,2.5,0.5,115.5,1.0,272.0,2.5,0.0
CHI,2023,2023_06_MIN_CHI,152,295.2,2.4,0.6,98.2,0.8,295.2,2.4,0.2
CHI,2023,2023_07_LV_CHI,153,276.1666666666667,2.1666666666666665,0.5,89.5,0.6666666666666666,276.1666666666667,2.1666666666666665,0.3333333333333333
CHI,2023,2023_08_CHI_LAC,154,265.85714285714283,2.0,0.8571428571428571,82.28571428571429,0.5714285714285714,265.85714285714283,2.0,0.2857142857142857
CHI,2023,2023_09_CHI_NO,155,269.875,2.125,0.75,78.75,0.5,269.875,2.125,0.375
CHI,2023,2023_10_CAR_CHI,156,263.6666666666667,2.2222222222222223,0.6666666666666666,79.66666666666667,0.4444444444444444,263.6666666666667,2.2222222222222223,0.3333333333333333
CHI,2023,2023_11_CHI_DET,157,255.8,2.0,0.6,76.0,0.4,255.8,2.0,0.3
CHI,2023,2023_12_CHI_MIN,158,254.0,2.0,0.8181818181818182,79.54545454545455,0.5454545454545454,254.0,2.0,0.2727272727272727
CHI,2023,2023_14_DET_CHI,159,248.25,1.9166666666666667,1.0833333333333333,79.0,0.5,248.25,1.9166666666666667,0.25
CHI,2023,2023_15_CHI_CLE,160,241.53846153846155,1.8461538461538463,1.1538461538461537,83.6923076923077,0.5384615384615384,241.53846153846155,1.8461538461538463,0.3076923076923077
CHI,2023,2023_16_ARI_CHI,161,251.35714285714286,1.8571428571428572,1.2857142857142858,79.78571428571429,0.5,251.35714285714286,1.8571428571428572,0.2857142857142857
CHI,2023,2023_17_ATL_CHI,162,249.93333333333334,1.8666666666666667,1.2,80.66666666666667,0.4666666666666667,249.93333333333334,1.8666666666666667,0.26666666666666666
CHI,2023,2023_18_CHI_GB,163,245.5625,1.8125,1.375,84.0,0.5,245.5625,1.8125,0.25
CHI,2024,2024_01_TEN_CHI,164,,,,,,,,
CHI,2024,2024_02_CHI_HOU,165,127.0,1.0,2.0,140.0,1.0,127.0,1.0,1.0
CHI,2024,2024_03_CHI_IND,166,193.5,1.0,1.0,107.5,0.5,193.5,1.0,1.0
CHI,2024,2024_04_LA_CHI,167,184.66666666666666,0.6666666666666666,1.3333333333333333,121.66666666666667,1.3333333333333333,184.66666666666666,0.6666666666666666,0.6666666666666666
CHI,2024,2024_05_CAR_CHI,168,194.5,0.5,1.25,121.0,1.25,194.5,0.5,0.75
CHI,2024,2024_06_JAX_CHI,169,194.4,0.4,1.2,120.8,1.2,194.4,0.4,1.0
CHI,2024,2024_08_CHI_WAS,170,202.0,0.6666666666666666,1.1666666666666667,112.0,1.0,202.0,0.6666666666666666,1.0
CHI,2024,2024_09_CHI_ARI,171,219.71428571428572,0.7142857142857143,1.0,120.0,0.8571428571428571,219.71428571428572,0.7142857142857143,0.8571428571428571
CHI,2024,2024_10_NE_CHI,172,211.5,0.625,0.875,131.625,1.125,211.5,0.625,1.0
CHI,2024,2024_11_GB_CHI,173,208.44444444444446,0.6666666666666666,0.8888888888888888,133.0,1.0,208.44444444444446,0.6666666666666666,0.8888888888888888
CHI,2024,2024_12_MIN_CHI,174,213.7,0.7,0.9,130.3,1.1,213.7,0.7,0.8
CHI,2024,2024_13_CHI_DET,175,225.54545454545453,0.8181818181818182,0.8181818181818182,129.72727272727272,1.0909090909090908,225.54545454545453,0.8181818181818182,0.8181818181818182
CHI,2024,2024_14_CHI_SF,176,225.16666666666666,0.9166666666666666,0.75,135.08333333333334,1.0,225.16666666666666,0.9166666666666666,0.8333333333333334
CHI,2024,2024_15_CHI_MIN,177,232.84615384615384,1.0,0.7692307692307693,134.76923076923077,1.1538461538461537,232.84615384615384,1.0,0.7692307692307693
CHI,2024,2024_16_DET_CHI,178,232.71428571428572,1.0,0.7857142857142857,133.28571428571428,1.2142857142857142,232.71428571428572,1.0,0.7142857142857143
CHI,2024,2024_17_SEA_CHI,179,239.6,1.1333333333333333,0.7333333333333333,134.13333333333333,1.2,239.6,1.1333333333333333,0.6666666666666666
CHI,2024,2024_18_CHI_GB,180,234.625,1.0625,0.6875,133.375,1.125,234.625,1.0625,0.6875
CIN,2014,2014_01_CIN_BAL,1,,,,,,,,
CIN,2014,2014_02_ATL_CIN,2,345.0,1.0,1.0,94.0,1.0,345.0,1.0,1.0
CIN,2014,2014_03_TEN_CIN,3,288.0,1.0,2.0,95.5,0.5,288.0,1.0,0.5
CIN,2014,2014_05_CIN_NE,4,253.66666666666666,0.6666666666666666,2.0,113.33333333333333,0.6666666666666666,253.66666666666666,0.6666666666666666,0.3333333333333333
CIN,2014,2014_06_CAR_CIN,5,263.25,1.0,1.5,140.0,0.75,263.25,1.0,0.25
CIN,2014,2014_07_CIN_IND,6,267.4,1.2,1.4,141.4,1.0,267.4,1.2,0.2
CIN,2014,2014_08_BAL_CIN,7,280.1666666666667,1.3333333333333333,1.1666666666666667,146.33333333333334,1.0,280.1666666666667,1.3333333333333333,0.5
CIN,2014,2014_09_JAX_CIN,8,268.0,1.1428571428571428,1.2857142857142858,140.71428571428572,1.1428571428571428,268.0,1.1428571428571428,0.42857142857142855
CIN,2014,2014_10_CLE_CIN,9,265.375,1.25,1.25,139.625,1.125,265.375,1.25,0.375
CIN,2014,2014_11_CIN_NO,10,257.8888888888889,1.1111111111111112,1.1111111111111112,143.0,1.3333333333333333,257.8888888888889,1.1111111111111112,0.3333333333333333
CIN,2014,2014_12_CIN_HOU,11,257.6,1.1,1.0,136.2,1.2,257.6,1.1,0.4
CIN,2014,2014_13_CIN_TB,12,251.36363636363637,1.0,1.0,129.63636363636363,1.0909090909090908,251.36363636363637,1.0,0.36363636363636365
CIN,2014,2014_14_PIT_CIN,13,246.25,0.9166666666666666,1.0,125.08333333333333,1.0833333333333333,246.25,0.9166666666666666,0.3333333333333333
CIN,2014,2014_15_CIN_CLE,14,254.23076923076923,1.0769230769230769,0.9230769230769231,130.30769230769232,1.1538461538461537,254.23076923076923,1.0769230769230769,0.3076923076923077
CIN,2014,2014_16_DEN_CIN,15,241.78571428571428,1.0,1.0,124.78571428571429,1.0714285714285714,241.78571428571428,1.0,0.2857142857142857
CIN,2014,2014_17_CIN_PIT,16,246.4,1.0666666666666667,1.2,122.13333333333334,1.0666666666666667,246.4,1.0666666666666667,0.26666666666666666
CIN,2015,2015_01_CIN_OAK,17,,,,,,,,
CIN,2015,2015_02_SD_CIN,18,203.0,2.0,1.0,63.0,0.0,203.0,2.0,1.0
CIN,2015,2015_03_CIN_BAL,19,222.0,2.0,1.0,97.0,0.0,222.0,2.0,1.0
CIN,2015,2015_04_KC_CIN,20,268.6666666666667,2.0,1.0,76.66666666666667,0.0,268.6666666666667,2.0,0.6666666666666666
CIN,2015,2015_05_SEA_CIN,21,298.0,1.5,0.75,85.75,0.0,298.0,1.5,0.75
CIN,2015,2015_06_CIN_BUF,22,281.0,1.4,0.8,108.6,0.2,281.0,1.4,0.6
CIN,2015,2015_08_CIN_PIT,23,278.0,1.3333333333333333,0.8333333333333334,109.16666666666667,0.5,278.0,1.3333333333333333,0.5
CIN,2015,2015_09_CLE_CIN,24,275.7142857142857,1.2857142857142858,1.1428571428571428,110.14285714285714,0.42857142857142855,275.7142857142857,1.2857142857142858,0.42857142857142855
CIN,2015,2015_10_HOU_CIN,25,262.25,1.25,1.0,105.0,0.375,262.25,1.25,0.375
CIN,2015,2015_11_CIN_ARI,26,254.44444444444446,1.2222222222222223,1.0,102.44444444444444,0.3333333333333333,254.44444444444446,1.2222222222222223,0.3333333333333333
CIN,2015,2015_12_STL_CIN,27,260.7,1.5,1.1,100.4,0.3,260.7,1.5,0.3
CIN,2015,2015_13_CIN_CLE,28,260.54545454545456,1.3636363636363635,1.2727272727272727,99.81818181818181,0.36363636363636365,260.54545454545456,1.3636363636363635,0.2727272727272727
CIN,2015,2015_14_PIT_CIN,29,258.0,1.25,1.25,97.16666666666667,0.3333333333333333,258.0,1.25,0.3333333333333333
CIN,2015,2015_15_CIN_SF,30,259.84615384615387,1.1538461538461537,1.2307692307692308,96.15384615384616,0.46153846153846156,259.84615384615387,1.1538461538461537,0.3076923076923077
CIN,2015,2015_16_CIN_DEN,31,262.35714285714283,1.1428571428571428,1.3571428571428572,93.21428571428571,0.5,262.35714285714283,1.1428571428571428,0.35714285714285715
CIN,2015,2015_17_BAL_CIN,32,264.8,1.1333333333333333,1.2666666666666666,94.53333333333333,0.5333333333333333,264.8,1.1333333333333333,0.4
CIN,2016,2016_01_CIN_NYJ,33,,,,,,,,
CIN,2016,2016_02_CIN_PIT,34,189.0,2.0,1.0,152.0,0.0,189.0,2.0,0.0
CIN,2016,2016_03_DEN_CIN,35,224.0,2.5,1.5,138.0,0.0,224.0,2.5,0.0
CIN,2016,2016_04_MIA_CIN,36,253.33333333333334,3.0,1.0,109.33333333333333,0.0,253.33333333333334,3.0,0.3333333333333333
CIN,2016,2016_05_CIN_DAL,37,237.25,2.5,1.0,97.5,0.0,237.25,2.5,0.5
CIN,2016,2016_06_CIN_NE,38,235.2,2.2,0.8,114.0,0.6,235.2,2.2,0.6
CIN,2016,2016_07_CLE_CIN,39,258.6666666666667,2.3333333333333335,0.6666666666666666,108.16666666666667,0.6666666666666666,258.6666666666667,2.3333333333333335,0.5
CIN,2016,2016_08_WAS_CIN,40,247.71428571428572,2.0,0.8571428571428571,118.42857142857143,0.8571428571428571,247.71428571428572,2.0,0.42857142857142855
CIN,2016,2016_10_CIN_NYG,41,274.0,2.0,0.875,116.125,0.875,274.0,2.0,0.375
CIN,2016,2016_11_BUF_CIN,42,270.22222222222223,2.111111111111111,1.0,116.77777777777777,0.7777777777777778,270.22222222222223,2.111111111111111,0.3333333333333333
CIN,2016,2016_12_CIN_BAL,43,259.8,1.9,1.0,123.4,0.8,259.8,1.9,0.3
CIN,2016,2016_13_PHI_CIN,44,257.45454545454544,1.8181818181818181,1.0,120.54545454545455,0.7272727272727273,257.45454545454544,1.8181818181818181,0.2727272727272727
CIN,2016,2016_14_CIN_CLE,45,261.6666666666667,1.75,1.1666666666666667,114.91666666666667,0.75,261.6666666666667,1.75,0.25
CIN,2016,2016_15_PIT_CIN,46,249.53846153846155,1.6153846153846154,1.1538461538461537,119.07692307692308,0.7692307692307693,249.53846153846155,1.6153846153846154,0.23076923076923078
CIN,2016,2016_16_CIN_HOU,47,252.14285714285714,1.5714285714285714,1.0714285714285714,117.5,0.7142857142857143,252.14285714285714,1.5714285714285714,0.21428571428571427
CIN,2016,2016_17_BAL_CIN,48,247.06666666666666,1.4666666666666666,1.0,116.0,0.7333333333333333,247.06666666666666,1.4666666666666666,0.2
CIN,2017,2017_01_BAL_CIN,49,,,,,,,,
CIN,2017,2017_02_HOU_CIN,50,121.0,1.0,1.0,157.0,1.0,121.0,1.0,0.0
CIN,2017,2017_03_CIN_GB,51,123.0,0.5,0.5,162.5,1.0,123.0,0.5,0.0
CIN,2017,2017_04_CIN_CLE,52,186.33333333333334,1.3333333333333333,0.6666666666666666,129.66666666666666,0.6666666666666666,186.33333333333334,1.3333333333333333,0.0
CIN,2017,2017_05_BUF_CIN,53,185.5,1.0,0.75,108.5,0.75,185.5,1.0,0.0
CIN,2017,2017_07_CIN_PIT,54,181.6,1.0,0.8,103.2,0.6,181.6,1.0,0.0
CIN,2017,2017_08_IND_CIN,55,196.0,1.1666666666666667,0.6666666666666666,111.33333333333333,0.5,196.0,1.1666666666666667,0.0
CIN,2017,2017_09_CIN_JAX,56,201.28571428571428,1.2857142857142858,0.7142857142857143,111.85714285714286,0.42857142857142855,201.28571428571428,1.2857142857142858,0.0
CIN,2017,2017_10_CIN_TEN,57,208.5,1.25,0.625,116.5,0.375,208.5,1.25,0.125
CIN,2017,2017_11_CIN_DEN,58,214.66666666666666,1.2222222222222223,0.6666666666666666,123.55555555555556,0.5555555555555556,214.66666666666666,1.2222222222222223,0.1111111111111111
CIN,2017,2017_12_CLE_CIN,59,218.6,1.2,0.7,122.4,0.6,218.6,1.2,0.2
CIN,2017,2017_13_PIT_CIN,60,223.0909090909091,1.0909090909090908,0.6363636363636364,126.63636363636364,0.6363636363636364,223.0909090909091,1.0909090909090908,0.18181818181818182
CIN,2017,2017_14_CHI_CIN,61,228.66666666666666,1.1666666666666667,0.6666666666666666,123.75,0.5833333333333334,228.66666666666666,1.1666666666666667,0.16666666666666666
CIN,2017,2017_15_CIN_MIN,62,231.92307692307693,1.1538461538461537,0.6153846153846154,132.07692307692307,0.7692307692307693,231.92307692307693,1.1538461538461537,0.15384615384615385
CIN,2017,2017_16_DET_CIN,63,232.21428571428572,1.2142857142857142,0.6428571428571429,131.5,0.7857142857142857,232.21428571428572,1.2142857142857142,0.14285714285714285
CIN,2017,2017_17_CIN_BAL,64,230.26666666666668,1.2,0.6666666666666666,128.53333333333333,0.8,230.26666666666668,1.2,0.13333333333333333
CIN,2018,2018_01_CIN_IND,65,,,,,,,,
CIN,2018,2018_02_BAL_CIN,66,319.0,2.0,1.0,75.0,0.0,319.0,2.0,1.0
CIN,2018,2018_03_CIN_CAR,67,347.5,2.0,1.5,70.5,0.5,347.5,2.0,1.0
CIN,2018,2018_04_CIN_ATL,68,281.6666666666667,2.0,1.0,123.66666666666667,1.0,281.6666666666667,2.0,0.6666666666666666
CIN,2018,2018_05_MIA_CIN,69,316.0,2.25,0.75,115.75,1.0,316.0,2.25,0.5
CIN,2018,2018_06_PIT_CIN,70,289.8,2.0,1.0,118.2,0.8,289.8,2.0,0.6
CIN,2018,2018_07_CIN_KC,71,303.0,1.8333333333333333,0.8333333333333334,117.16666666666667,1.0,303.0,1.8333333333333333,0.5
CIN,2018,2018_08_TB_CIN,72,310.85714285714283,2.142857142857143,0.8571428571428571,128.71428571428572,1.0,310.85714285714283,2.142857142857143,0.42857142857142855
CIN,2018,2018_10_NO_CIN,73,330.75,2.25,1.25,128.375,1.0,330.75,2.25,0.375
CIN,2018,2018_11_CIN_BAL,74,323.44444444444446,2.3333333333333335,1.1111111111111112,141.22222222222223,1.2222222222222223,323.44444444444446,2.3333333333333335,0.3333333333333333
CIN,2018,2018_12_CLE_CIN,75,306.1,2.1,1.1,153.3,1.3,306.1,2.1,0.3
CIN,2018,2018_13_DEN_CIN,76,301.72727272727275,2.272727272727273,1.0,147.0,1.2727272727272727,301.72727272727275,2.272727272727273,0.2727272727272727
CIN,2018,2018_14_CIN_LAC,77,289.1666666666667,2.1666666666666665,0.9166666666666666,152.91666666666666,1.3333333333333333,289.1666666666667,2.1666666666666665,0.3333333333333333
CIN,2018,2018_15_OAK_CIN,78,283.84615384615387,2.076923076923077,0.8461538461538461,147.69230769230768,1.3076923076923077,283.84615384615387,2.076923076923077,0.3076923076923077
CIN,2018,2018_16_CIN_CLE,79,282.35714285714283,2.0,0.7857142857142857,142.0,1.2142857142857142,282.35714285714283,2.0,0.42857142857142855
CIN,2018,2018_17_CIN_PIT,80,286.6666666666667,2.066666666666667,0.7333333333333333,142.26666666666668,1.1333333333333333,286.6666666666667,2.066666666666667,0.4
CIN,2019,2019_01_CIN_SEA,81,,,,,,,,
CIN,2019,2019_02_SF_CIN,82,195.0,2.0,0.0,72.0,1.0,195.0,2.0,1.0
CIN,2019,2019_03_CIN_BUF,83,253.5,2.5,0.5,165.5,1.5,253.5,2.5,0.5
CIN,2019,2019_04_CIN_PIT,84,250.0,2.0,0.6666666666666666,168.66666666666666,1.3333333333333333,250.0,2.0,0.6666666666666666
CIN,2019,2019_05_ARI_CIN,85,252.5,2.0,0.5,143.0,1.25,252.5,2.0,0.75
CIN,2019,2019_06_CIN_BAL,86,252.6,1.6,0.4,167.6,1.4,252.6,1.6,0.6
CIN,2019,2019_07_JAX_CIN,87,249.83333333333334,1.3333333333333333,0.3333333333333333,184.5,1.5,249.83333333333334,1.3333333333333333,0.6666666666666666
CIN,2019,2019_08_CIN_LA,88,250.57142857142858,1.2857142857142858,0.2857142857142857,189.0,1.2857142857142858,250.57142857142858,1.2857142857142858,0.5714285714285714
CIN,2019,2019_10_BAL_CIN,89,265.75,1.375,0.25,177.625,1.25,265.75,1.375,0.5
CIN,2019,2019_11_CIN_OAK,90,263.22222222222223,1.5555555555555556,0.3333333333333333,172.0,1.3333333333333333,263.22222222222223,1.5555555555555556,0.4444444444444444
CIN,2019,2019_12_PIT_CIN,91,266.1,1.5,0.4,166.1,1.3,266.1,1.5,0.5
CIN,2019,2019_13_NYJ_CIN,92,260.3636363636364,1.4545454545454546,0.45454545454545453,165.45454545454547,1.1818181818181819,260.3636363636364,1.4545454545454546,0.45454545454545453
CIN,2019,2019_14_CIN_CLE,93,258.5833333333333,1.3333333333333333,0.4166666666666667,156.83333333333334,1.0833333333333333,258.5833333333333,1.3333333333333333,0.4166666666666667
CIN,2019,2019_15_NE_CIN,94,253.46153846153845,1.2307692307692308,0.5384615384615384,156.0,1.1538461538461537,253.46153846153845,1.2307692307692308,0.38461538461538464
CIN,2019,2019_16_CIN_MIA,95,244.5,1.2857142857142858,0.5,157.35714285714286,1.1428571428571428,244.5,1.2857142857142858,0.35714285714285715
CIN,2019,2019_17_CLE_CIN,96,256.1333333333333,1.4666666666666666,0.5333333333333333,153.26666666666668,1.1333333333333333,256.1333333333333,1.4666666666666666,0.3333333333333333
CIN,2020,2020_01_LAC_CIN,97,,,,,,,,
CIN,2020,2020_02_CIN_CLE,98,208.0,0.0,0.0,155.0,1.0,208.0,0.0,0.0
CIN,2020,2020_03_CIN_PHI,99,213.5,1.0,0.5,185.0,2.0,213.5,1.0,0.0
CIN,2020,2020_04_JAX_CIN,100,217.33333333333334,1.0,1.0,180.66666666666666,1.6666666666666667,217.33333333333334,1.0,0.0
CIN,2020,2020_05_CIN_BAL,101,250.75,1.25,1.0,157.75,1.25,250.75,1.25,0.0
CIN,2020,2020_06_CIN_IND,102,236.6,1.4,1.0,158.4,1.0,236.6,1.4,0.0
CIN,2020,2020_07_CLE_CIN,103,259.0,1.6666666666666667,1.0,141.83333333333334,1.0,259.0,1.6666666666666667,0.16666666666666666
CIN,2020,2020_08_TEN_CIN,104,267.14285714285717,2.142857142857143,1.0,133.28571428571428,0.8571428571428571,267.14285714285717,2.142857142857143,0.14285714285714285
CIN,2020,2020_10_CIN_PIT,105,262.875,2.125,1.0,143.875,0.875,262.875,2.125,0.125
CIN,2020,2020_11_CIN_WAS,106,270.6666666666667,2.3333333333333335,0.8888888888888888,132.77777777777777,0.7777777777777778,270.6666666666667,2.3333333333333335,0.1111111111111111
CIN,2020,2020_12_NYG_CIN,107,260.2,2.2,0.9,135.9,0.8,260.2,2.2,0.1
CIN,2020,2020_13_CIN_MIA,108,258.72727272727275,2.0,0.8181818181818182,136.45454545454547,0.8181818181818182,258.72727272727275,2.0,0.18181818181818182
CIN,2020,2020_14_DAL_CIN,109,261.8333333333333,1.9166666666666667,0.75,134.25,0.75,261.8333333333333,1.9166666666666667,0.25
CIN,2020,2020_15_PIT_CIN,110,255.92307692307693,1.9230769230769231,0.6923076923076923,131.69230769230768,0.6923076923076923,255.92307692307693,1.9230769230769231,0.23076923076923078
CIN,2020,2020_16_CIN_HOU,111,249.78571428571428,1.8571428571428572,0.7142857142857143,128.42857142857142,0.7142857142857143,249.78571428571428,1.8571428571428572,0.35714285714285715
CIN,2020,2020_17_BAL_CIN,112,254.73333333333332,1.9333333333333333,0.6666666666666666,130.93333333333334,0.7333333333333333,253.73333333333332,1.9333333333333333,0.4
CIN,2021,2021_01_MIN_CIN,113,,,,,,,,
CIN,2021,2021_02_CIN_CHI,114,362.0,2.0,0.0,67.0,1.0,362.0,2.0,1.0
CIN,2021,2021_03_CIN_PIT,115,239.0,1.5,0.5,95.0,0.5,239.0,1.5,0.5
CIN,2021,2021_04_JAX_CIN,116,265.3333333333333,1.3333333333333333,1.0,78.33333333333333,0.3333333333333333,265.3333333333333,1.3333333333333333,0.3333333333333333
CIN,2021,2021_05_GB_CIN,117,250.0,1.0,0.75,93.5,1.0,250.0,1.0,0.25
CIN,2021,2021_06_CIN_DET,118,268.8,1.2,0.8,101.4,0.8,268.8,1.2,0.2
CIN,2021,2021_07_CIN_BAL,119,257.6666666666667,1.0,0.8333333333333334,90.5,0.8333333333333334,257.6666666666667,1.0,0.16666666666666666
CIN,2021,2021_08_CIN_NYJ,120,263.14285714285717,1.0,0.7142857142857143,94.0,0.8571428571428571,263.14285714285717,1.0,0.14285714285714285
CIN,2021,2021_09_CLE_CIN,121,283.0,1.25,0.875,94.375,0.875,283.0,1.25,0.25
CIN,2021,2021_11_CIN_LV,122,275.77777777777777,1.3333333333333333,0.7777777777777778,100.88888888888889,1.0,275.77777777777777,1.3333333333333333,0.2222222222222222
CIN,2021,2021_12_PIT_CIN,123,269.7,1.3,0.8,98.0,0.9,269.7,1.3,0.3
CIN,2021,2021_13_LAC_CIN,124,269.09090909090907,1.2727272727272727,0.9090909090909091,93.72727272727273,0.8181818181818182,269.09090909090907,1.2727272727272727,0.36363636363636365
CIN,2021,2021_14_SF_CIN,125,273.0833333333333,1.4166666666666667,0.9166666666666666,92.5,0.8333333333333334,273.0833333333333,1.4166666666666667,0.5
CIN,2021,2021_15_CIN_DEN,126,274.84615384615387,1.4615384615384615,0.8461538461538461,93.07692307692308,0.8461538461538461,274.84615384615387,1.4615384615384615,0.46153846153846156
CIN,2021,2021_16_BAL_CIN,127,268.5,1.4285714285714286,0.7857142857142857,95.92857142857143,0.7857142857142857,268.5,1.4285714285714286,0.5
CIN,2021,2021_17_KC_CIN,128,270.8666666666667,1.4666666666666666,0.8,92.13333333333334,0.8,270.8666666666667,1.4666666666666666,0.4666666666666667
CIN,2021,2021_18_CIN_CLE,129,270.125,1.5,0.75,96.0625,0.875,270.125,1.5,0.4375
CIN,2022,2022_01_PIT_CIN,130,,,,,,,,
CIN,2022,2022_02_CIN_DAL,131,194.0,1.0,0.0,75.0,0.0,194.0,1.0,0.0
CIN,2022,2022_03_CIN_NYJ,132,214.5,1.0,0.0,91.0,0.5,214.5,1.0,0.5
CIN,2022,2022_04_MIA_CIN,133,238.0,0.6666666666666666,0.6666666666666666,86.0,0.3333333333333333,238.0,0.6666666666666666,1.0
CIN,2022,2022_05_CIN_BAL,134,254.25,0.75,1.0,85.75,0.25,254.25,0.75,0.75
CIN,2022,2022_06_CIN_NO,135,238.2,0.8,1.0,99.6,0.2,238.2,0.8,0.6
CIN,2022,2022_07_ATL_CIN,136,228.16666666666666,0.8333333333333334,0.8333333333333334,121.0,0.3333333333333333,228.16666666666666,0.8333333333333334,0.5
CIN,2022,2022_08_CIN_CLE,137,213.28571428571428,0.8571428571428571,0.7142857142857143,119.0,0.42857142857142855,213.28571428571428,0.8571428571428571,0.42857142857142855
CIN,2022,2022_09_CAR_CIN,138,221.375,0.875,0.75,125.625,0.75,221.375,0.875,0.5
CIN,2022,2022_11_CIN_PIT,139,215.0,1.0,0.8888888888888888,118.77777777777777,0.7777777777777778,215.0,1.0,0.4444444444444444
CIN,2022,2022_12_CIN_TEN,140,220.0,1.0,0.8,117.1,0.9,220.0,1.0,0.4
CIN,2022,2022_13_KC_CIN,141,226.45454545454547,1.0,0.7272727272727273,112.18181818181819,0.8181818181818182,226.45454545454547,0.9090909090909091,0.36363636363636365
CIN,2022,2022_14_CLE_CIN,142,226.16666666666666,1.0,0.6666666666666666,114.33333333333333,0.9166666666666666,226.16666666666666,0.9166666666666666,0.4166666666666667
CIN,2022,2022_15_CIN_TB,143,230.0,1.0,0.6923076923076923,111.0,0.8461538461538461,230.0,0.9230769230769231,0.38461538461538464
CIN,2022,2022_16_CIN_NE,144,235.85714285714286,1.1428571428571428,0.7857142857142857,109.64285714285714,0.7857142857142857,235.85714285714286,1.0714285714285714,0.5
CIN,2022,2022_18_BAL_CIN,145,236.13333333333333,1.2,0.7333333333333333,106.4,0.7333333333333333,236.13333333333333,1.1333333333333333,0.5333333333333333
CIN,2023,2023_01_CIN_CLE,146,,,,,,,,
CIN,2023,2023_02_BAL_CIN,147,154.0,1.0,1.0,206.0,1.0,154.0,1.0,0.0
CIN,2023,2023_03_LA_CIN,148,195.5,1.5,0.5,192.0,1.0,195.5,1.5,0.0
CIN,2023,2023_04_CIN_TEN,149,220.0,1.3333333333333333,1.0,151.66666666666666,0.6666666666666666,220.0,1.3333333333333333,0.0
CIN,2023,2023_05_CIN_ARI,150,225.5,1.5,1.0,157.0,0.75,225.5,1.5,0.0
CIN,2023,2023_06_SEA_CIN,151,213.6,1.6,1.2,154.0,0.8,213.6,1.6,0.2
CIN,2023,2023_08_CIN_SF,152,232.33333333333334,1.3333333333333333,1.3333333333333333,142.83333333333334,0.8333333333333334,232.33333333333334,1.3333333333333333,0.16666666666666666
CIN,2023,2023_09_BUF_CIN,153,251.28571428571428,1.2857142857142858,1.4285714285714286,138.57142857142858,0.8571428571428571,251.28571428571428,1.2857142857142858,0.2857142857142857
CIN,2023,2023_10_HOU_CIN,154,252.125,1.25,1.375,129.75,0.875,252.125,1.25,0.375
CIN,2023,2023_11_CIN_BAL,155,263.6666666666667,1.2222222222222223,1.3333333333333333,136.22222222222223,1.0,263.6666666666667,1.2222222222222223,0.5555555555555556
CIN,2023,2023_12_PIT_CIN,156,263.7,1.3,1.2,138.3,1.1,263.7,1.3,0.5
CIN,2023,2023_13_CIN_JAX,157,265.0,1.1818181818181819,1.0909090909090908,139.63636363636363,1.0909090909090908,265.0,1.1818181818181819,0.5454545454545454
CIN,2023,2023_14_IND_CIN,158,269.6666666666667,1.25,1.0,133.91666666666666,1.1666666666666667,269.6666666666667,1.25,0.5
CIN,2023,2023_15_MIN_CIN,159,267.38461538461536,1.2307692307692308,1.0,127.15384615384616,1.0769230769230769,267.38461538461536,1.2307692307692308,0.46153846153846156
CIN,2023,2023_16_CIN_PIT,160,269.92857142857144,1.2857142857142858,1.0714285714285714,128.28571428571428,1.0714285714285714,269.92857142857144,1.2857142857142858,0.42857142857142855
CIN,2023,2023_17_CIN_KC,161,271.26666666666665,1.3333333333333333,1.0,127.26666666666667,1.1333333333333333,271.26666666666665,1.3333333333333333,0.4
CIN,2023,2023_18_CLE_CIN,162,269.625,1.3125,0.9375,127.5625,1.0625,269.625,1.3125,0.4375
CIN,2024,2024_01_NE_CIN,163,,,,,,,,
CIN,2024,2024_02_CIN_KC,164,121.0,0.0,0.0,170.0,1.0,121.0,0.0,0.0
CIN,2024,2024_03_WAS_CIN,165,136.0,1.0,1.0,159.5,0.5,136.0,1.0,0.5
CIN,2024,2024_04_CIN_CAR,166,175.33333333333334,1.3333333333333333,0.6666666666666666,142.33333333333334,1.3333333333333333,175.33333333333334,1.3333333333333333,0.3333333333333333
CIN,2024,2024_05_BAL_CIN,167,186.5,1.5,0.75,145.5,1.25,186.5,1.5,0.25
CIN,2024,2024_06_CIN_NYG,168,218.8,2.0,0.6,151.4,1.2,218.8,2.0,0.4
CIN,2024,2024_07_CIN_CLE,169,216.5,1.6666666666666667,0.6666666666666666,146.0,1.1666666666666667,216.5,1.6666666666666667,0.3333333333333333
CIN,2024,2024_08_PHI_CIN,170,225.14285714285714,1.5714285714285714,0.8571428571428571,136.14285714285714,1.1428571428571428,225.14285714285714,1.5714285714285714,0.2857142857142857
CIN,2024,2024_09_LV_CIN,171,226.5,1.5,0.75,139.25,1.375,226.5,1.5,0.25
CIN,2024,2024_10_CIN_BAL,172,223.33333333333334,1.4444444444444444,0.6666666666666666,130.44444444444446,1.3333333333333333,223.33333333333334,1.4444444444444444,0.4444444444444444
CIN,2024,2024_11_CIN_LAC,173,230.0,1.7,0.6,127.3,1.3,230.0,1.7,0.4
CIN,2024,2024_13_PIT_CIN,174,236.0909090909091,1.7272727272727273,0.5454545454545454,129.8181818181818,1.3636363636363635,236.0909090909091,1.7272727272727273,0.45454545454545453
CIN,2024,2024_14_CIN_DAL,175,250.91666666666666,1.8333333333333333,0.5833333333333334,128.16666666666666,1.3333333333333333,250.91666666666666,1.8333333333333333,0.4166666666666667
CIN,2024,2024_15_CIN_TEN,176,245.69230769230768,1.8461538461538463,0.6153846153846154,130.30769230769232,1.2307692307692308,245.69230769230768,1.8461538461538463,0.38461538461538464
CIN,2024,2024_16_CLE_CIN,177,249.42857142857142,1.8571428571428572,0.8571428571428571,126.92857142857143,1.2857142857142858,249.42857142857142,1.8571428571428572,0.5
CIN,2024,2024_17_DEN_CIN,178,243.26666666666668,1.7333333333333334,0.9333333333333333,128.33333333333334,1.2666666666666666,243.26666666666668,1.7333333333333334,0.5333333333333333
CIN,2024,2024_18_CIN_PIT,179,241.75,1.8125,0.9375,128.0,1.1875,241.75,1.8125,0.5
CLE,2014,2014_01_CLE_PIT,1,,,,,,,,
CLE,2014,2014_02_NO_CLE,2,390.0,1.0,1.0,127.0,2.0,390.0,1.0,0.0
CLE,2014,2014_03_BAL_CLE,3,313.5,1.5,1.0,150.5,1.5,313.5,1.5,0.0
CLE,2014,2014_05_CLE_TEN,4,281.3333333333333,1.3333333333333333,1.0,153.66666666666666,1.3333333333333333,281.3333333333333,1.3333333333333333,0.0
CLE,2014,2014_06_PIT_CLE,5,279.25,1.75,0.75,152.5,1.25,279.25,1.75,0.0
CLE,2014,2014_07_CLE_JAX,6,269.0,1.6,0.8,149.6,1.0,269.0,1.6,0.0
CLE,2014,2014_08_OAK_CLE,7,250.66666666666666,1.5,1.1666666666666667,155.5,1.1666666666666667,250.66666666666666,1.5,0.0
CLE,2014,2014_09_TB_CLE,8,261.7142857142857,1.4285714285714286,1.1428571428571428,144.14285714285714,1.0,261.7142857142857,1.4285714285714286,0.2857142857142857
CLE,2014,2014_10_CLE_CIN,9,261.5,1.5,1.25,140.25,0.875,261.5,1.5,0.25
CLE,2014,2014_11_HOU_CLE,10,242.77777777777777,1.3333333333333333,1.4444444444444444,134.22222222222223,0.7777777777777778,242.77777777777777,1.3333333333333333,0.3333333333333333
CLE,2014,2014_12_CLE_ATL,11,239.6,1.4,1.4,142.1,0.7,239.6,1.4,0.3
CLE,2014,2014_13_CLE_BUF,12,242.63636363636363,1.4545454545454546,1.3636363636363635,134.9090909090909,0.7272727272727273,242.63636363636363,1.4545454545454546,0.36363636363636365
CLE,2014,2014_14_IND_CLE,13,238.25,1.4166666666666667,1.4166666666666667,132.5,0.6666666666666666,238.25,1.4166666666666667,0.3333333333333333
CLE,2014,2014_15_CIN_CLE,14,242.53846153846155,1.4615384615384615,1.4615384615384615,129.46153846153845,0.6923076923076923,242.53846153846155,1.4615384615384615,0.46153846153846156
CLE,2014,2014_16_CLE_CAR,15,233.57142857142858,1.3571428571428572,1.4285714285714286,137.64285714285714,0.8571428571428571,233.57142857142858,1.3571428571428572,0.42857142857142855
CLE,2014,2014_17_CLE_BAL,16,231.4,1.3333333333333333,1.4,142.4,0.8666666666666667,231.4,1.3333333333333333,0.4
CLE,2015,2015_01_CLE_NYJ,17,,,,,,,,
CLE,2015,2015_02_TEN_CLE,18,179.0,2.0,1.0,154.0,2.0,179.0,2.0,0.0
CLE,2015,2015_03_OAK_CLE,19,218.0,2.0,0.5,160.0,1.0,218.0,2.0,1.5
CLE,2015,2015_04_CLE_SD,20,250.0,2.0,0.3333333333333333,158.33333333333334,1.0,250.0,2.0,1.3333333333333333
CLE,2015,2015_05_CLE_BAL,21,277.0,2.25,0.25,141.5,0.75,277.0,2.25,1.0
CLE,2015,2015_06_DEN_CLE,22,263.6,2.0,0.2,149.4,1.2,263.6,2.0,0.8
CLE,2015,2015_07_CLE_STL,23,268.0,1.8333333333333333,0.6666666666666666,149.83333333333334,1.0,268.0,1.8333333333333333,0.6666666666666666
CLE,2015,2015_08_ARI_CLE,24,253.0,1.5714285714285714,0.5714285714285714,151.0,1.1428571428571428,253.0,1.5714285714285714,0.7142857142857143
CLE,2015,2015_09_CLE_CIN,25,268.125,1.875,0.625,147.0,1.0,268.125,1.875,1.0
CLE,2015,2015_10_CLE_PIT,26,264.3333333333333,2.0,0.5555555555555556,147.55555555555554,1.0,264.3333333333333,2.0,0.8888888888888888
CLE,2015,2015_12_BAL_CLE,27,278.1,2.1,0.6,138.8,0.9,278.1,2.1,0.9
CLE,2015,2015_13_CIN_CLE,28,273.90909090909093,2.090909090909091,0.7272727272727273,135.63636363636363,0.8181818181818182,273.90909090909093,2.090909090909091,0.8181818181818182
CLE,2015,2015_14_SF_CLE,29,271.0,2.0833333333333335,0.6666666666666666,136.33333333333334,0.9166666666666666,271.0,2.0833333333333335,0.75
CLE,2015,2015_15_CLE_SEA,30,265.0769230769231,2.0,0.6153846153846154,131.30769230769232,0.8461538461538461,265.0769230769231,2.0,0.6923076923076923
CLE,2015,2015_16_CLE_KC,31,263.92857142857144,2.0714285714285716,0.5714285714285714,134.92857142857142,0.7857142857142857,263.92857142857144,2.0714285714285716,0.6428571428571429
CLE,2015,2015_17_PIT_CLE,32,254.66666666666666,2.066666666666667,0.6,135.0,0.7333333333333333,254.66666666666666,2.066666666666667,0.6
CLE,2016,2016_01_CLE_PHI,33,,,,,,,,
CLE,2016,2016_02_BAL_CLE,34,278.0,2.0,0.0,133.0,1.0,278.0,2.0,0.0
CLE,2016,2016_03_CLE_MIA,35,290.0,2.0,1.0,106.5,0.5,290.0,2.0,0.0
CLE,2016,2016_04_CLE_WAS,36,299.6666666666667,2.3333333333333335,1.3333333333333333,109.33333333333333,0.6666666666666666,299.6666666666667,2.3333333333333335,0.3333333333333333
CLE,2016,2016_05_NE_CLE,37,270.5,2.5,1.25,118.25,0.75,270.5,2.5,0.25
CLE,2016,2016_06_CLE_TEN,38,297.6,2.6,1.0,114.2,0.8,297.6,2.6,0.2
CLE,2016,2016_07_CLE_CIN,39,295.3333333333333,2.6666666666666665,1.0,118.0,0.8333333333333334,295.3333333333333,2.6666666666666665,0.16666666666666666
CLE,2016,2016_08_NYJ_CLE,40,297.14285714285717,2.5714285714285716,0.8571428571428571,139.85714285714286,1.0,297.14285714285717,2.5714285714285716,0.14285714285714285
CLE,2016,2016_09_DAL_CLE,41,288.5,2.375,0.75,143.75,1.25,288.5,2.375,0.125
CLE,2016,2016_10_CLE_BAL,42,284.77777777777777,2.4444444444444446,0.6666666666666666,146.44444444444446,1.3333333333333333,284.77777777777777,2.4444444444444446,0.1111111111111111
CLE,2016,2016_11_PIT_CLE,43,285.9,2.5,0.8,143.7,1.2,285.9,2.5,0.1
CLE,2016,2016_12_NYG_CLE,44,275.09090909090907,2.272727272727273,0.7272727272727273,143.9090909090909,1.1818181818181819,275.09090909090907,2.272727272727273,0.09090909090909091
CLE,2016,2016_14_CIN_CLE,45,268.3333333333333,2.3333333333333335,0.6666666666666666,140.58333333333334,1.0833333333333333,268.3333333333333,2.3333333333333335,0.08333333333333333
CLE,2016,2016_15_CLE_BUF,46,261.53846153846155,2.3076923076923075,0.6153846153846154,146.15384615384616,1.0769230769230769,261.53846153846155,2.3076923076923075,0.07692307692307693
CLE,2016,2016_16_SD_CLE,47,255.28571428571428,2.2142857142857144,0.5714285714285714,155.71428571428572,1.2142857142857142,255.28571428571428,2.2142857142857144,0.07142857142857142
CLE,2016,2016_17_CLE_PIT,48,259.73333333333335,2.2,0.6,147.6,1.1333333333333333,259.73333333333335,2.2,0.06666666666666667
CLE,2017,2017_01_PIT_CLE,49,,,,,,,,
CLE,2017,2017_02_CLE_BAL,50,263.0,2.0,1.0,35.0,0.0,263.0,2.0,0.0
CLE,2017,2017_03_CLE_IND,51,240.0,2.0,1.0,85.5,0.5,240.0,2.0,0.5
CLE,2017,2017_04_CIN_CLE,52,246.33333333333334,1.6666666666666667,0.6666666666666666,87.66666666666667,1.3333333333333333,246.33333333333334,1.6666666666666667,0.6666666666666666
CLE,2017,2017_05_NYJ_CLE,53,256.25,2.25,0.5,87.25,1.0,256.25,2.25,0.75
CLE,2017,2017_06_CLE_HOU,54,243.8,2.2,0.6,76.6,0.8,243.8,2.2,0.6
CLE,2017,2017_07_TEN_CLE,55,240.66666666666666,2.3333333333333335,0.6666666666666666,84.33333333333333,0.6666666666666666,240.66666666666666,2.3333333333333335,0.5
CLE,2017,2017_08_MIN_CLE,56,235.28571428571428,2.0,0.5714285714285714,83.71428571428571,0.5714285714285714,235.28571428571428,2.0,0.5714285714285714
CLE,2017,2017_10_CLE_DET,57,241.875,2.0,0.625,84.25,0.625,241.875,2.0,0.5
CLE,2017,2017_11_JAX_CLE,58,242.66666666666666,2.111111111111111,0.6666666666666666,86.44444444444444,0.6666666666666666,242.66666666666666,2.111111111111111,0.4444444444444444
CLE,2017,2017_12_CLE_CIN,59,233.8,2.0,0.6,91.7,0.6,233.8,2.0,0.5
CLE,2017,2017_13_CLE_LAC,60,232.0,2.0,0.5454545454545454,97.18181818181819,0.6363636363636364,232.0,2.0,0.45454545454545453
CLE,2017,2017_14_GB_CLE,61,241.33333333333334,1.9166666666666667,0.5,96.91666666666667,0.5833333333333334,241.33333333333334,1.9166666666666667,0.4166666666666667
CLE,2017,2017_15_BAL_CLE,62,243.15384615384616,2.0,0.46153846153846156,96.0,0.6153846153846154,243.15384615384616,2.0,0.38461538461538464
CLE,2017,2017_16_CLE_CHI,63,246.35714285714286,1.9285714285714286,0.42857142857142855,96.07142857142857,0.6428571428571429,246.35714285714286,1.9285714285714286,0.35714285714285715
CLE,2017,2017_17_CLE_PIT,64,242.8,1.8,0.4,96.13333333333334,0.8,242.8,1.8,0.3333333333333333
CLE,2018,2018_01_PIT_CLE,65,,,,,,,,
CLE,2018,2018_02_CLE_NO,66,335.0,1.0,3.0,159.0,2.0,335.0,1.0,3.0
CLE,2018,2018_03_NYJ_CLE,67,289.0,1.5,1.5,110.5,1.0,289.0,1.5,2.5
CLE,2018,2018_04_CLE_OAK,68,249.0,1.0,1.6666666666666667,109.33333333333333,1.3333333333333333,249.0,1.0,2.0
CLE,2018,2018_05_BAL_CLE,69,296.0,1.75,1.75,116.75,1.0,296.0,1.75,1.5
CLE,2018,2018_06_LAC_CLE,70,296.4,1.4,1.6,116.6,0.8,296.4,1.4,1.4
CLE,2018,2018_07_CLE_TB,71,282.8333333333333,1.5,1.5,138.16666666666666,1.1666666666666667,282.8333333333333,1.5,1.1666666666666667
CLE,2018,2018_08_CLE_PIT,72,294.57142857142856,1.2857142857142858,1.5714285714285714,134.71428571428572,1.4285714285714286,294.57142857142856,1.2857142857142858,1.2857142857142858
CLE,2018,2018_09_KC_CLE,73,289.875,1.375,1.5,138.875,1.5,289.875,1.375,1.25
CLE,2018,2018_10_ATL_CLE,74,299.3333333333333,1.5555555555555556,1.4444444444444444,138.88888888888889,1.5555555555555556,299.3333333333333,1.5555555555555556,1.1111111111111112
CLE,2018,2018_12_CLE_CIN,75,302.4,1.6,1.3,132.1,1.4,302.4,1.6,1.2
CLE,2018,2018_13_CLE_HOU,76,298.09090909090907,1.6363636363636365,1.2727272727272727,131.8181818181818,1.3636363636363635,298.09090909090907,1.6363636363636365,1.0909090909090908
CLE,2018,2018_14_CAR_CLE,77,291.9166666666667,1.5833333333333333,1.1666666666666667,136.41666666666666,1.25,291.9166666666667,1.5833333333333333,1.0
CLE,2018,2018_15_CLE_DEN,78,292.38461538461536,1.4615384615384615,1.1538461538461537,133.30769230769232,1.3076923076923077,292.38461538461536,1.4615384615384615,0.9230769230769231
CLE,2018,2018_16_CIN_CLE,79,289.85714285714283,1.3571428571428572,1.2142857142857142,126.07142857142857,1.2857142857142858,289.85714285714283,1.3571428571428572,0.8571428571428571
CLE,2018,2018_17_CLE_BAL,80,279.4,1.4,1.1333333333333333,124.46666666666667,1.2,279.4,1.4,0.8
CLE,2019,2019_01_TEN_CLE,81,,,,,,,,
CLE,2019,2019_02_CLE_NYJ,82,248.0,3.0,0.0,123.0,1.0,248.0,3.0,0.0
CLE,2019,2019_03_LA_CLE,83,224.5,1.5,0.0,108.0,0.5,224.5,1.5,0.5
CLE,2019,2019_04_CLE_BAL,84,239.0,1.6666666666666667,0.6666666666666666,102.0,0.3333333333333333,239.0,1.6666666666666667,0.6666666666666666
CLE,2019,2019_05_CLE_SF,85,241.0,2.0,1.0,119.75,0.25,241.0,2.0,0.75
CLE,2019,2019_06_SEA_CLE,86,229.0,2.0,0.8,150.8,0.6,229.0,2.0,0.6
CLE,2019,2019_08_CLE_NE,87,240.0,2.0,0.6666666666666666,154.0,0.8333333333333334,240.0,2.0,0.6666666666666666
CLE,2019,2019_09_CLE_DEN,88,242.71428571428572,2.0,0.5714285714285714,143.28571428571428,0.7142857142857143,242.71428571428572,2.0,0.5714285714285714
CLE,2019,2019_10_BUF_CLE,89,236.5,2.0,0.5,141.25,0.75,236.5,2.0,0.625
CLE,2019,2019_11_PIT_CLE,90,239.77777777777777,1.7777777777777777,0.4444444444444444,134.88888888888889,0.8888888888888888,239.77777777777777,1.7777777777777777,0.5555555555555556
CLE,2019,2019_12_MIA_CLE,91,237.9,1.7,0.8,127.2,0.8,237.9,1.7,0.5
CLE,2019,2019_13_CLE_PIT,92,235.72727272727272,1.7272727272727273,0.9090909090909091,124.0,0.8181818181818182,235.72727272727272,1.7272727272727273,0.45454545454545453
CLE,2019,2019_14_CIN_CLE,93,233.75,1.6666666666666667,0.9166666666666666,124.0,0.8333333333333334,233.75,1.6666666666666667,0.4166666666666667
CLE,2019,2019_15_CLE_ARI,94,237.92307692307693,1.5384615384615385,0.9230769230769231,128.23076923076923,0.8461538461538461,237.92307692307693,1.5384615384615385,0.38461538461538464
CLE,2019,2019_16_BAL_CLE,95,238.71428571428572,1.5,0.9285714285714286,132.64285714285714,1.0714285714285714,238.71428571428572,1.5,0.35714285714285715
CLE,2019,2019_17_CLE_CIN,96,238.66666666666666,1.6,0.8666666666666667,140.0,1.0666666666666667,238.66666666666666,1.6,0.4
CLE,2020,2020_01_CLE_BAL,97,,,,,,,,
CLE,2020,2020_02_CIN_CLE,98,284.0,3.0,0.0,111.0,2.0,284.0,3.0,1.0
CLE,2020,2020_03_WAS_CLE,99,300.0,3.0,0.0,89.5,1.0,300.0,3.0,1.0
CLE,2020,2020_04_CLE_DAL,100,274.6666666666667,2.6666666666666665,1.0,94.0,1.0,274.6666666666667,2.6666666666666665,1.3333333333333333
CLE,2020,2020_05_IND_CLE,101,331.5,3.0,1.0,91.75,1.0,331.5,3.0,1.5
CLE,2020,2020_06_CLE_PIT,102,313.8,2.4,1.2,87.0,1.0,313.8,2.4,1.2
CLE,2020,2020_07_CLE_CIN,103,289.5,2.1666666666666665,1.0,94.0,1.3333333333333333,289.5,2.1666666666666665,1.0
CLE,2020,2020_08_LV_CLE,104,308.42857142857144,2.2857142857142856,1.0,92.14285714285714,1.2857142857142858,308.42857142857144,2.2857142857142856,1.0
CLE,2020,2020_10_HOU_CLE,105,283.75,2.125,0.875,106.75,1.125,283.75,2.125,0.875
CLE,2020,2020_11_PHI_CLE,106,270.3333333333333,2.0,0.7777777777777778,104.88888888888889,1.0,270.3333333333333,2.0,0.7777777777777778
CLE,2020,2020_12_CLE_JAX,107,266.8,2.0,0.9,105.0,0.9,266.8,2.0,0.8
CLE,2020,2020_13_CLE_TEN,108,263.90909090909093,2.0,0.8181818181818182,108.18181818181819,0.9090909090909091,263.90909090909093,2.0,0.7272727272727273
CLE,2020,2020_14_BAL_CLE,109,274.3333333333333,2.1666666666666665,0.8333333333333334,104.33333333333333,0.9166666666666666,274.3333333333333,2.0833333333333335,0.8333333333333334
CLE,2020,2020_15_CLE_NYG,110,266.7692307692308,2.076923076923077,0.7692307692307693,114.07692307692308,1.2307692307692308,266.7692307692308,2.0,0.7692307692307693
CLE,2020,2020_16_CLE_NYJ,111,263.5,1.9285714285714286,0.7142857142857143,111.21428571428571,1.1428571428571428,263.5,1.8571428571428572,0.7142857142857143
CLE,2020,2020_17_PIT_CLE,112,260.46666666666664,2.0,0.6666666666666666,112.53333333333333,1.0666666666666667,260.46666666666664,1.9333333333333333,0.6666666666666666
CLE,2021,2021_01_CLE_KC,113,,,,,,,,
CLE,2021,2021_02_HOU_CLE,114,337.0,3.0,0.0,73.0,1.0,337.0,3.0,0.0
CLE,2021,2021_03_CHI_CLE,115,282.0,2.5,0.5,77.5,1.0,282.0,2.5,0.0
CLE,2021,2021_04_CLE_MIN,116,210.66666666666666,1.6666666666666667,0.3333333333333333,67.0,0.6666666666666666,210.66666666666666,1.6666666666666667,0.0
CLE,2021,2021_05_CLE_LAC,117,208.75,1.5,0.5,66.5,0.5,208.75,1.5,0.0
CLE,2021,2021_06_ARI_CLE,118,246.6,2.0,0.4,75.6,1.0,246.6,2.0,0.2
CLE,2021,2021_07_DEN_CLE,119,243.66666666666666,2.3333333333333335,0.3333333333333333,87.0,0.8333333333333334,243.66666666666666,2.3333333333333335,0.16666666666666666
CLE,2021,2021_08_PIT_CLE,120,235.57142857142858,2.2857142857142856,0.42857142857142855,80.42857142857143,0.7142857142857143,235.57142857142858,2.2857142857142856,0.14285714285714285
CLE,2021,2021_09_CLE_CIN,121,239.375,2.125,0.375,84.75,0.75,239.375,2.125,0.125
CLE,2021,2021_10_CLE_NE,122,244.77777777777777,1.8888888888888888,0.5555555555555556,84.77777777777777,0.8888888888888888,244.77777777777777,1.8888888888888888,0.2222222222222222
CLE,2021,2021_11_DET_CLE,123,248.6,2.1,0.5,94.7,1.0,248.6,2.1,0.2
CLE,2021,2021_12_CLE_BAL,124,233.0,1.9090909090909092,0.6363636363636364,101.36363636363636,1.0,233.0,1.9090909090909092,0.18181818181818182
CLE,2021,2021_14_BAL_CLE,125,227.33333333333334,1.8333333333333333,0.9166666666666666,105.25,0.9166666666666666,227.33333333333334,1.8333333333333333,0.16666666666666666
CLE,2021,2021_15_LV_CLE,126,231.92307692307693,1.7692307692307692,0.8461538461538461,106.23076923076923,0.9230769230769231,231.92307692307693,1.7692307692307692,0.3076923076923077
CLE,2021,2021_16_CLE_GB,127,232.21428571428572,1.7142857142857142,0.8571428571428571,105.64285714285714,0.8571428571428571,232.21428571428572,1.7142857142857142,0.35714285714285715
CLE,2021,2021_17_CLE_PIT,128,230.2,1.8,0.8,105.86666666666666,0.8,230.2,1.8,0.3333333333333333
CLE,2021,2021_18_CIN_CLE,129,223.5,1.75,0.8125,111.125,0.8125,223.5,1.75,0.3125
CLE,2022,2022_01_CLE_CAR,130,,,,,,,,
CLE,2022,2022_02_NYJ_CLE,131,235.0,1.0,1.0,54.0,2.0,235.0,1.0,0.0
CLE,2022,2022_03_PIT_CLE,132,279.5,2.5,0.5,73.5,1.0,279.5,2.5,0.5
CLE,2022,2022_04_CLE_ATL,133,255.33333333333334,1.6666666666666667,0.3333333333333333,83.66666666666667,1.3333333333333333,255.33333333333334,1.6666666666666667,0.6666666666666666
CLE,2022,2022_05_LAC_CLE,134,226.25,1.25,0.5,113.25,1.5,226.25,1.25,0.5
CLE,2022,2022_06_NE_CLE,135,226.6,1.2,0.4,138.2,1.6,226.6,1.2,0.4
CLE,2022,2022_07_CLE_BAL,136,240.33333333333334,1.3333333333333333,0.3333333333333333,131.5,1.8333333333333333,240.33333333333334,1.3333333333333333,0.5
CLE,2022,2022_08_CIN_CLE,137,223.14285714285714,1.1428571428571428,0.2857142857142857,135.57142857142858,1.8571428571428572,223.14285714285714,1.1428571428571428,0.5714285714285714
CLE,2022,2022_10_CLE_MIA,138,224.25,1.25,0.375,123.125,1.625,224.25,1.25,0.625
CLE,2022,2022_11_CLE_BUF,139,232.88888888888889,1.4444444444444444,0.3333333333333333,131.11111111111111,1.6666666666666667,232.88888888888889,1.4444444444444444,0.5555555555555556
CLE,2022,2022_12_TB_CLE,140,229.3,1.4,0.3,135.1,1.6,229.3,1.4,0.5
CLE,2022,2022_13_CLE_HOU,141,230.8181818181818,1.4545454545454546,0.2727272727272727,131.54545454545453,1.4545454545454546,230.8181818181818,1.4545454545454546,0.45454545454545453
CLE,2022,2022_14_CLE_CIN,142,228.33333333333334,1.4166666666666667,0.4166666666666667,127.41666666666667,1.3333333333333333,228.33333333333334,1.4166666666666667,0.5
CLE,2022,2022_15_BAL_CLE,143,229.15384615384616,1.4615384615384615,0.46153846153846156,128.07692307692307,1.3076923076923077,229.15384615384616,1.4615384615384615,0.46153846153846156
CLE,2022,2022_16_NO_CLE,144,222.64285714285714,1.3571428571428572,0.5,133.07142857142858,1.2142857142857142,222.64285714285714,1.3571428571428572,0.5
CLE,2022,2022_17_CLE_WAS,145,213.93333333333334,1.2666666666666666,0.5333333333333333,134.33333333333334,1.2666666666666666,213.93333333333334,1.2666666666666666,0.4666666666666667
CLE,2022,2022_18_CLE_PIT,146,209.5,1.1875,0.6875,134.4375,1.25,209.5,1.1875,0.4375
CLE,2023,2023_01_CIN_CLE,147,,,,,,,,
CLE,2023,2023_02_CLE_PIT,148,82.0,0.0,0.0,75.0,0.0,82.0,0.0,0.0
CLE,2023,2023_03_TEN_CLE,149,152.0,0.5,0.5,65.0,0.0,152.0,0.5,0.5
CLE,2023,2023_04_BAL_CLE,150,136.0,0.3333333333333333,0.3333333333333333,52.0,0.0,136.0,0.3333333333333333,0.3333333333333333
CLE,2023,2023_06_SF_CLE,151,148.5,0.75,0.25,71.75,0.5,148.5,0.75,0.5
CLE,2023,2023_07_CLE_IND,152,143.8,0.8,0.4,79.0,0.6,143.8,0.8,0.4
CLE,2023,2023_08_CLE_SEA,153,170.66666666666666,1.0,0.5,93.83333333333333,1.0,170.66666666666666,1.0,0.8333333333333334
CLE,2023,2023_09_ARI_CLE,154,182.57142857142858,1.1428571428571428,0.7142857142857143,96.71428571428571,1.0,182.57142857142858,1.1428571428571428,0.7142857142857143
CLE,2023,2023_10_CLE_BAL,155,167.0,1.0,0.875,89.75,0.875,167.0,1.0,0.75
CLE,2023,2023_11_PIT_CLE,156,173.22222222222223,1.0,1.0,91.55555555555556,1.0,173.22222222222223,1.0,0.6666666666666666
CLE,2023,2023_12_CLE_DEN,157,166.5,0.9,0.9,99.6,1.0,166.5,0.9,0.6
CLE,2023,2023_13_CLE_LA,158,163.54545454545453,0.9090909090909091,0.8181818181818182,105.9090909090909,1.0909090909090908,163.54545454545453,0.9090909090909091,0.6363636363636364
CLE,2023,2023_14_JAX_CLE,159,173.16666666666666,1.0833333333333333,0.75,107.08333333333333,1.0833333333333333,173.16666666666666,1.0833333333333333,0.5833333333333334
CLE,2023,2023_15_CHI_CLE,160,179.6153846153846,1.2307692307692308,0.9230769230769231,103.3076923076923,1.0769230769230769,179.6153846153846,1.2307692307692308,0.6153846153846154
CLE,2023,2023_16_CLE_HOU,161,178.64285714285714,1.2142857142857142,1.0,102.21428571428571,1.0,178.64285714285714,1.2142857142857142,0.5714285714285714
CLE,2023,2023_17_NYJ_CLE,162,180.8,1.2666666666666666,1.0666666666666667,100.2,0.9333333333333333,180.8,1.2666666666666666,0.5333333333333333
CLE,2023,2023_18_CLE_CIN,163,185.8125,1.25,1.0625,100.625,0.875,185.8125,1.25,0.5
CLE,2024,2024_01_DAL_CLE,164,,,,,,,,
CLE,2024,2024_02_CLE_JAX,165,179.0,1.0,0.0,102.0,1.0,179.0,1.0,0.0
CLE,2024,2024_03_NYG_CLE,166,199.5,0.5,0.0,114.5,1.0,199.5,0.5,0.0
CLE,2024,2024_04_CLE_LV,167,211.66666666666666,1.0,0.0,113.66666666666667,1.0,211.66666666666666,1.0,0.3333333333333333
CLE,2024,2024_05_CLE_WAS,168,191.25,0.75,0.0,123.25,1.25,191.25,0.75,0.5
CLE,2024,2024_06_CLE_PHI,169,200.2,0.8,0.2,141.6,1.6,200.2,0.8,0.6
CLE,2024,2024_07_CIN_CLE,170,210.83333333333334,1.0,0.16666666666666666,137.33333333333334,1.3333333333333333,210.83333333333334,1.0,0.5
CLE,2024,2024_08_BAL_CLE,171,206.57142857142858,1.1428571428571428,0.14285714285714285,126.14285714285714,1.1428571428571428,206.57142857142858,1.1428571428571428,0.42857142857142855
CLE,2024,2024_09_LAC_CLE,172,216.875,1.25,0.125,125.875,1.125,216.875,1.25,0.375
CLE,2024,2024_11_CLE_NO,173,224.11111111111111,1.3333333333333333,0.1111111111111111,122.55555555555556,1.2222222222222223,224.11111111111111,1.3333333333333333,0.3333333333333333
CLE,2024,2024_12_PIT_CLE,174,228.3,1.4,0.2,131.7,1.4,228.3,1.4,0.4
CLE,2024,2024_13_CLE_DEN,175,232.0909090909091,1.3636363636363635,0.18181818181818182,130.63636363636363,1.3636363636363635,232.0909090909091,1.3636363636363635,0.45454545454545453
CLE,2024,2024_14_CLE_PIT,176,237.25,1.3333333333333333,0.3333333333333333,128.58333333333334,1.4166666666666667,237.25,1.3333333333333333,0.4166666666666667
CLE,2024,2024_15_KC_CLE,177,231.15384615384616,1.3846153846153846,0.3076923076923077,127.92307692307692,1.3846153846153846,231.15384615384616,1.3846153846153846,0.46153846153846156
CLE,2024,2024_16_CLE_CIN,178,227.42857142857142,1.4285714285714286,0.2857142857142857,128.21428571428572,1.3571428571428572,227.42857142857142,1.4285714285714286,0.42857142857142855
CLE,2024,2024_17_MIA_CLE,179,229.06666666666666,1.5333333333333334,0.26666666666666666,127.4,1.2666666666666666,229.06666666666666,1.5333333333333334,0.4666666666666667
CLE,2024,2024_18_CLE_BAL,180,228.8125,1.5,0.25,124.0625,1.25,228.8125,1.5,0.4375
DAL,2014,2014_01_SF_DAL,1,,,,,,,,
DAL,2014,2014_02_DAL_TEN,2,201.0,2.0,0.0,127.0,1.0,201.0,2.0,0.0
DAL,2014,2014_03_DAL_STL,3,217.5,1.5,1.0,104.5,0.5,217.5,1.5,0.0
DAL,2014,2014_04_NO_DAL,4,254.0,2.0,1.3333333333333333,110.0,0.3333333333333333,254.0,2.0,0.0
DAL,2014,2014_05_HOU_DAL,5,275.5,2.0,1.25,108.5,0.25,275.5,2.0,0.5
DAL,2014,2014_06_DAL_SEA,6,251.2,1.6,1.2,122.0,0.6,251.2,1.6,0.4
DAL,2014,2014_07_NYG_DAL,7,230.33333333333334,1.3333333333333333,1.1666666666666667,115.0,0.6666666666666666,230.33333333333334,1.3333333333333333,0.3333333333333333
DAL,2014,2014_08_WAS_DAL,8,232.85714285714286,1.5714285714285714,1.0,113.42857142857143,0.5714285714285714,232.85714285714286,1.5714285714285714,0.5714285714285714
DAL,2014,2014_09_ARI_DAL,9,241.125,1.375,1.0,114.625,0.75,241.125,1.375,0.5
DAL,2014,2014_10_DAL_JAX,10,242.0,1.5555555555555556,1.0,113.22222222222223,0.7777777777777778,242.0,1.5555555555555556,0.4444444444444444
DAL,2014,2014_12_DAL_NYG,11,246.8,1.4,1.0,109.0,0.9,246.8,1.4,0.5
DAL,2014,2014_13_PHI_DAL,12,255.0909090909091,1.5454545454545454,1.0,107.18181818181819,0.9090909090909091,255.0909090909091,1.5454545454545454,0.45454545454545453
DAL,2014,2014_14_DAL_CHI,13,251.91666666666666,1.5,0.9166666666666666,119.58333333333333,1.0,251.91666666666666,1.5,0.5
DAL,2014,2014_15_DAL_PHI,14,258.7692307692308,1.5384615384615385,0.9230769230769231,113.07692307692308,1.0769230769230769,258.7692307692308,1.5384615384615385,0.5384615384615384
DAL,2014,2014_16_IND_DAL,15,258.2857142857143,1.4285714285714286,1.0,110.35714285714286,1.2142857142857142,258.2857142857143,1.4285714285714286,0.5714285714285714
DAL,2014,2014_17_DAL_WAS,16,256.73333333333335,1.4,1.0666666666666667,103.06666666666666,1.1333333333333333,256.73333333333335,1.4,0.6
DAL,2015,2015_01_NYG_DAL,17,,,,,,,,
DAL,2015,2015_02_DAL_PHI,18,189.0,0.0,0.0,99.0,1.0,189.0,0.0,0.0
DAL,2015,2015_03_ATL_DAL,19,206.5,0.5,1.0,53.0,0.5,206.5,0.5,0.5
DAL,2015,2015_04_DAL_NO,20,232.66666666666666,1.0,0.6666666666666666,88.0,1.3333333333333333,232.66666666666666,1.0,0.3333333333333333
DAL,2015,2015_05_NE_DAL,21,264.25,1.25,0.5,91.75,1.25,264.25,1.25,0.25
DAL,2015,2015_07_DAL_NYG,22,266.4,1.4,0.4,95.2,1.2,266.4,1.4,0.2
DAL,2015,2015_08_SEA_DAL,23,250.33333333333334,1.1666666666666667,0.3333333333333333,101.33333333333333,1.1666666666666667,250.33333333333334,1.1666666666666667,0.16666666666666666
DAL,2015,2015_09_PHI_DAL,24,244.57142857142858,1.1428571428571428,0.42857142857142855,103.0,1.0,244.57142857142858,1.1428571428571428,0.14285714285714285
DAL,2015,2015_10_DAL_TB,25,250.875,1.125,0.375,111.625,1.125,250.875,1.125,0.125
DAL,2015,2015_11_DAL_MIA,26,252.33333333333334,1.0,0.5555555555555556,108.55555555555556,1.1111111111111112,252.33333333333334,1.0,0.1111111111111111
DAL,2015,2015_12_CAR_DAL,27,245.9,1.1,0.6,104.7,1.0,245.9,1.1,0.1
DAL,2015,2015_13_DAL_WAS,28,240.1818181818182,1.0,0.5454545454545454,106.9090909090909,1.0,240.1818181818182,1.0,0.09090909090909091
DAL,2015,2015_14_DAL_GB,29,238.41666666666666,1.0,0.5,104.08333333333333,0.9166666666666666,238.41666666666666,1.0,0.08333333333333333
DAL,2015,2015_15_NYJ_DAL,30,236.84615384615384,1.0769230769230769,0.46153846153846156,113.76923076923077,1.0,236.84615384615384,1.0769230769230769,0.07692307692307693
DAL,2015,2015_16_DAL_BUF,31,241.28571428571428,1.0714285714285714,0.5,110.85714285714286,1.0,241.28571428571428,1.0714285714285714,0.07142857142857142
DAL,2015,2015_17_WAS_DAL,32,237.13333333333333,1.0,0.5333333333333333,119.2,1.0666666666666667,237.13333333333333,1.0,0.13333333333333333
DAL,2016,2016_01_NYG_DAL,33,,,,,,,,
DAL,2016,2016_02_DAL_WAS,34,207.0,3.0,1.0,113.0,0.0,207.0,3.0,0.0
DAL,2016,2016_03_CHI_DAL,35,285.5,2.0,1.0,97.5,0.5,285.5,2.0,0.0
DAL,2016,2016_04_DAL_SF,36,296.0,2.0,0.6666666666666666,91.0,0.3333333333333333,296.0,2.0,0.6666666666666666
DAL,2016,2016_05_CIN_DAL,37,271.0,1.75,0.75,94.75,0.5,271.0,1.75,0.5
DAL,2016,2016_06_DAL_GB,38,270.6,1.8,0.6,95.0,0.4,270.6,1.8,0.4
DAL,2016,2016_08_PHI_DAL,39,274.5,1.6666666666666667,0.6666666666666666,92.16666666666667,0.3333333333333333,274.5,1.6666666666666667,0.8333333333333334
DAL,2016,2016_09_DAL_CLE,40,264.14285714285717,1.5714285714285714,0.5714285714285714,92.85714285714286,0.42857142857142855,264.14285714285717,1.5714285714285714,0.8571428571428571
DAL,2016,2016_10_DAL_PIT,41,256.5,1.5,0.5,86.875,0.375,256.5,1.5,0.75
DAL,2016,2016_11_BAL_DAL,42,273.3333333333333,1.6666666666666667,0.4444444444444444,82.55555555555556,0.4444444444444444,273.3333333333333,1.6666666666666667,0.6666666666666666
DAL,2016,2016_12_WAS_DAL,43,272.9,1.6,0.4,84.4,0.5,272.9,1.6,0.6
DAL,2016,2016_13_DAL_MIN,44,288.90909090909093,1.7272727272727273,0.36363636363636365,81.81818181818181,0.45454545454545453,288.90909090909093,1.7272727272727273,0.5454545454545454
DAL,2016,2016_14_DAL_NYG,45,285.9166666666667,1.6666666666666667,0.3333333333333333,82.25,0.4166666666666667,285.9166666666667,1.6666666666666667,0.5
DAL,2016,2016_15_TB_DAL,46,278.7692307692308,1.6153846153846154,0.38461538461538464,83.07692307692308,0.38461538461538464,278.7692307692308,1.6153846153846154,0.6153846153846154
DAL,2016,2016_16_DET_DAL,47,276.5,1.6428571428571428,0.5714285714285714,80.85714285714286,0.35714285714285715,276.5,1.6428571428571428,0.6428571428571429
DAL,2016,2016_17_DAL_PHI,48,275.4,1.5333333333333334,0.6,81.46666666666667,0.5333333333333333,275.4,1.5333333333333334,0.6666666666666666
DAL,2017,2017_01_NYG_DAL,49,,,,,,,,
DAL,2017,2017_02_DAL_DEN,50,220.0,0.0,1.0,35.0,0.0,220.0,0.0,0.0
DAL,2017,2017_03_DAL_ARI,51,225.5,2.0,1.0,106.5,0.5,225.5,2.0,0.5
DAL,2017,2017_04_LA_DAL,52,258.6666666666667,2.0,0.6666666666666666,87.33333333333333,0.3333333333333333,258.6666666666667,2.0,0.3333333333333333
DAL,2017,2017_05_GB_DAL,53,257.75,2.0,0.5,107.5,0.25,257.75,2.0,0.25
DAL,2017,2017_07_DAL_SF,54,250.4,2.2,0.4,118.0,0.4,250.4,2.2,0.2
DAL,2017,2017_08_DAL_WAS,55,247.83333333333334,1.8333333333333333,0.3333333333333333,115.5,0.5,247.83333333333334,1.8333333333333333,0.5
DAL,2017,2017_09_KC_DAL,56,250.0,1.7142857142857142,0.42857142857142855,106.0,0.5714285714285714,250.0,1.7142857142857142,0.5714285714285714
DAL,2017,2017_10_DAL_ATL,57,251.625,1.75,0.5,101.25,0.5,251.625,1.75,0.5
DAL,2017,2017_11_PHI_DAL,58,247.55555555555554,1.7777777777777777,0.5555555555555556,104.66666666666667,0.5555555555555556,247.55555555555554,1.7777777777777777,0.4444444444444444
DAL,2017,2017_12_LAC_DAL,59,239.6,1.8,0.5,115.7,0.7,239.6,1.8,0.4
DAL,2017,2017_13_WAS_DAL,60,257.27272727272725,1.9090909090909092,0.45454545454545453,112.54545454545455,0.6363636363636364,257.27272727272725,1.9090909090909092,0.36363636363636365
DAL,2017,2017_14_DAL_NYG,61,256.75,1.9166666666666667,0.5833333333333334,107.83333333333333,0.5833333333333334,256.75,1.9166666666666667,0.4166666666666667
DAL,2017,2017_15_DAL_OAK,62,254.53846153846155,1.8461538461538463,0.6923076923076923,107.38461538461539,0.5384615384615384,254.53846153846155,1.8461538461538463,0.38461538461538464
DAL,2017,2017_16_SEA_DAL,63,248.57142857142858,1.8571428571428572,0.6428571428571429,108.42857142857143,0.5,248.57142857142858,1.8571428571428572,0.35714285714285715
DAL,2017,2017_17_DAL_PHI,64,238.2,1.8666666666666667,0.6,106.26666666666667,0.4666666666666667,238.2,1.8666666666666667,0.3333333333333333
DAL,2018,2018_01_DAL_CAR,65,,,,,,,,
DAL,2018,2018_02_NYG_DAL,66,161.0,0.0,0.0,147.0,2.0,161.0,0.0,1.0
DAL,2018,2018_03_DAL_SEA,67,220.0,0.5,0.0,91.0,1.0,220.0,0.5,1.0
DAL,2018,2018_04_DET_DAL,68,210.66666666666666,1.0,0.0,98.33333333333333,1.0,210.66666666666666,1.0,0.6666666666666666
DAL,2018,2018_05_DAL_HOU,69,234.75,1.25,0.0,97.75,1.0,234.75,1.25,0.5
DAL,2018,2018_06_JAX_DAL,70,262.8,1.2,0.2,95.8,0.8,262.8,1.2,0.6
DAL,2018,2018_07_DAL_WAS,71,243.83333333333334,1.1666666666666667,0.3333333333333333,90.66666666666667,0.6666666666666666,243.83333333333334,1.1666666666666667,0.6666666666666666
DAL,2018,2018_09_TEN_DAL,72,234.42857142857142,1.1428571428571428,0.2857142857142857,96.28571428571429,0.5714285714285714,234.42857142857142,1.1428571428571428,0.5714285714285714
DAL,2018,2018_10_DAL_PHI,73,235.125,1.25,0.25,99.875,0.75,235.125,1.25,0.75
DAL,2018,2018_11_DAL_ATL,74,249.0,1.3333333333333333,0.3333333333333333,96.66666666666667,0.6666666666666666,249.0,1.3333333333333333,0.6666666666666666
DAL,2018,2018_12_WAS_DAL,75,253.2,1.3,0.4,95.0,0.6,253.2,1.3,0.6
DAL,2018,2018_13_NO_DAL,76,254.54545454545453,1.3636363636363635,0.6363636363636364,93.63636363636364,0.6363636363636364,254.54545454545453,1.3636363636363635,0.5454545454545454
DAL,2018,2018_14_PHI_DAL,77,243.91666666666666,1.3333333333333333,0.6666666666666666,91.25,0.5833333333333334,243.91666666666666,1.3333333333333333,0.5
DAL,2018,2018_15_DAL_IND,78,242.69230769230768,1.4615384615384615,0.6153846153846154,86.84615384615384,0.5384615384615384,242.69230769230768,1.4615384615384615,0.5384615384615384
DAL,2018,2018_16_TB_DAL,79,239.07142857142858,1.3571428571428572,0.5714285714285714,93.35714285714286,0.6428571428571429,239.07142857142858,1.3571428571428572,0.5714285714285714
DAL,2018,2018_17_DAL_NYG,80,245.53333333333333,1.3333333333333333,0.5333333333333333,91.33333333333333,0.6666666666666666,245.53333333333333,1.3333333333333333,0.6666666666666666
DAL,2019,2019_01_NYG_DAL,81,,,,,,,,
DAL,2019,2019_02_DAL_WAS,82,323.0,1.0,0.0,151.0,1.0,323.0,1.0,2.0
DAL,2019,2019_03_MIA_DAL,83,272.0,1.5,0.0,99.0,1.0,272.0,1.5,1.0
DAL,2019,2019_04_DAL_NO,84,257.6666666666667,1.0,0.0,90.0,0.6666666666666666,257.6666666666667,1.0,1.0
DAL,2019,2019_05_GB_DAL,85,241.5,0.75,0.25,96.75,0.5,241.5,0.75,0.75
DAL,2019,2019_06_DAL_NYJ,86,240.8,0.6,0.2,101.4,1.2,240.8,0.6,0.6
DAL,2019,2019_07_PHI_DAL,87,257.0,0.8333333333333334,0.3333333333333333,93.83333333333333,1.1666666666666667,257.0,0.8333333333333334,0.5
DAL,2019,2019_09_DAL_NYG,88,247.57142857142858,0.8571428571428571,0.42857142857142855,96.85714285714286,1.0,247.57142857142858,0.8571428571428571,0.8571428571428571
DAL,2019,2019_10_MIN_DAL,89,242.875,0.875,0.5,97.25,0.875,242.875,0.875,1.0
DAL,2019,2019_11_DAL_DET,90,240.33333333333334,1.0,0.4444444444444444,103.44444444444444,0.8888888888888888,240.33333333333334,1.0,0.8888888888888888
DAL,2019,2019_12_DAL_NE,91,237.2,1.1,0.4,105.2,1.0,237.2,1.1,0.8
DAL,2019,2019_13_BUF_DAL,92,232.9090909090909,1.0909090909090908,0.36363636363636365,104.81818181818181,0.9090909090909091,232.9090909090909,1.0909090909090908,0.7272727272727273
DAL,2019,2019_14_DAL_CHI,93,235.08333333333334,1.1666666666666667,0.3333333333333333,106.41666666666667,0.9166666666666666,235.08333333333334,1.1666666666666667,0.6666666666666666
DAL,2019,2019_15_LA_DAL,94,235.76923076923077,1.3076923076923077,0.38461538461538464,109.84615384615384,0.9230769230769231,235.76923076923077,1.3076923076923077,0.6923076923076923
DAL,2019,2019_16_DAL_PHI,95,239.57142857142858,1.3571428571428572,0.42857142857142855,103.57142857142857,0.9285714285714286,239.57142857142858,1.3571428571428572,0.6428571428571429
DAL,2019,2019_17_WAS_DAL,96,244.86666666666667,1.3333333333333333,0.4,104.53333333333333,0.9333333333333333,244.86666666666667,1.3333333333333333,0.6
DAL,2020,2020_01_DAL_LA,97,,,,,,,,
DAL,2020,2020_02_ATL_DAL,98,275.0,0.0,1.0,153.0,2.0,275.0,0.0,0.0
DAL,2020,2020_03_DAL_SEA,99,274.0,2.0,0.5,133.0,1.0,274.0,2.0,0.0
DAL,2020,2020_04_CLE_DAL,100,287.6666666666667,3.0,0.3333333333333333,127.66666666666667,0.6666666666666666,287.6666666666667,3.0,0.0
DAL,2020,2020_05_NYG_DAL,101,266.25,3.0,0.25,172.5,1.25,266.25,3.0,0.0
DAL,2020,2020_06_ARI_DAL,102,257.4,2.4,0.2,155.8,1.4,257.4,2.4,0.2
DAL,2020,2020_07_DAL_WAS,103,245.83333333333334,2.3333333333333335,0.16666666666666666,173.33333333333334,1.6666666666666667,245.83333333333334,2.3333333333333335,0.16666666666666666
DAL,2020,2020_08_DAL_PHI,104,238.42857142857142,2.2857142857142856,0.14285714285714285,178.28571428571428,1.5714285714285714,238.42857142857142,2.2857142857142856,0.14285714285714285
DAL,2020,2020_09_PIT_DAL,105,225.125,2.25,0.375,170.875,1.375,225.125,2.25,0.375
DAL,2020,2020_11_DAL_MIN,106,234.44444444444446,2.3333333333333335,0.3333333333333333,157.0,1.2222222222222223,234.44444444444446,2.3333333333333335,0.3333333333333333
DAL,2020,2020_12_WAS_DAL,107,242.4,2.4,0.3,153.8,1.2,242.4,2.4,0.5
DAL,2020,2020_13_DAL_BAL,108,236.45454545454547,2.272727272727273,0.36363636363636365,156.36363636363637,1.3636363636363635,236.45454545454547,2.272727272727273,0.45454545454545453
DAL,2020,2020_14_DAL_CIN,109,225.66666666666666,2.25,0.4166666666666667,167.83333333333334,1.4166666666666667,225.66666666666666,2.25,0.4166666666666667
DAL,2020,2020_15_SF_DAL,110,225.3846153846154,2.1538461538461537,0.38461538461538464,162.69230769230768,1.3076923076923077,225.3846153846154,2.1538461538461537,0.6153846153846154
DAL,2020,2020_16_PHI_DAL,111,232.07142857142858,2.2142857142857144,0.5,161.78571428571428,1.2857142857142858,232.07142857142858,2.2142857142857144,0.6428571428571429
DAL,2020,2020_17_DAL_NYG,112,239.4,2.1333333333333333,0.6,161.06666666666666,1.2666666666666666,239.4,2.1333333333333333,0.6666666666666666
DAL,2021,2021_01_DAL_TB,113,,,,,,,,
DAL,2021,2021_02_DAL_LAC,114,379.0,4.0,2.0,52.0,0.0,379.0,4.0,2.0
DAL,2021,2021_03_PHI_DAL,115,358.5,2.5,2.0,73.5,0.0,358.5,2.5,1.0
DAL,2021,2021_04_CAR_DAL,116,347.6666666666667,2.3333333333333335,2.0,70.33333333333333,0.0,347.6666666666667,2.3333333333333335,0.6666666666666666
DAL,2021,2021_05_NYG_DAL,117,336.0,2.25,2.0,81.0,0.5,336.0,2.25,0.5
DAL,2021,2021_06_DAL_NE,118,327.6,2.0,2.0,79.4,0.6,327.6,2.0,0.4
DAL,2021,2021_08_DAL_MIN,119,311.1666666666667,2.0,1.8333333333333333,86.16666666666667,0.8333333333333334,311.1666666666667,2.0,0.5
DAL,2021,2021_09_DEN_DAL,120,293.0,1.8571428571428572,1.5714285714285714,88.28571428571429,0.7142857142857143,293.0,1.8571428571428572,0.42857142857142855
DAL,2021,2021_10_ATL_DAL,121,287.5,1.75,1.375,101.0,0.875,287.5,1.75,0.375
DAL,2021,2021_11_DAL_KC,122,270.1111111111111,1.5555555555555556,1.5555555555555556,101.22222222222223,0.7777777777777778,270.1111111111111,1.5555555555555556,0.3333333333333333
DAL,2021,2021_12_LV_DAL,123,269.1,1.4,1.5,103.7,0.9,269.1,1.4,0.4
DAL,2021,2021_13_DAL_NO,124,278.54545454545456,1.3636363636363635,1.3636363636363635,107.27272727272727,1.0,278.54545454545456,1.3636363636363635,0.36363636363636365
DAL,2021,2021_14_DAL_WAS,125,277.3333333333333,1.4166666666666667,1.5833333333333333,111.08333333333333,0.9166666666666666,277.3333333333333,1.4166666666666667,0.3333333333333333
DAL,2021,2021_15_DAL_NYG,126,269.46153846153845,1.3846153846153846,1.5384615384615385,110.23076923076923,0.9230769230769231,269.46153846153845,1.3846153846153846,0.5384615384615384
DAL,2021,2021_16_WAS_DAL,127,263.14285714285717,1.2857142857142858,1.6428571428571428,111.21428571428571,0.8571428571428571,263.14285714285717,1.2857142857142858,0.5714285714285714
DAL,2021,2021_17_ARI_DAL,128,258.1333333333333,1.3333333333333333,1.6666666666666667,109.46666666666667,0.8,258.1333333333333,1.3333333333333333,0.5333333333333333
DAL,2021,2021_18_DAL_PHI,129,259.875,1.375,1.5625,110.5625,0.75,259.875,1.375,0.5
DAL,2022,2022_01_TB_DAL,130,,,,,,,,
DAL,2022,2022_02_CIN_DAL,131,212.0,1.0,1.0,152.0,0.0,212.0,1.0,0.0
DAL,2022,2022_03_DAL_NYG,132,205.5,1.0,0.5,120.5,0.0,205.5,1.0,0.0
DAL,2022,2022_04_WAS_DAL,133,202.33333333333334,0.6666666666666666,0.6666666666666666,136.0,0.3333333333333333,202.33333333333334,0.6666666666666666,0.0
DAL,2022,2022_05_DAL_LA,134,194.25,0.75,1.0,137.5,0.25,194.25,0.75,0.0
DAL,2022,2022_06_DAL_PHI,135,219.4,0.8,1.0,117.6,0.2,219.4,0.8,0.4
DAL,2022,2022_07_DET_DAL,136,208.66666666666666,1.0,0.8333333333333334,120.66666666666667,0.3333333333333333,208.66666666666666,1.0,0.3333333333333333
DAL,2022,2022_08_CHI_DAL,137,211.42857142857142,0.8571428571428571,1.0,120.14285714285714,0.2857142857142857,211.42857142857142,0.8571428571428571,0.7142857142857143
DAL,2022,2022_10_DAL_GB,138,204.5,1.0,0.875,135.125,0.5,204.5,1.0,0.75
DAL,2022,2022_11_DAL_MIN,139,206.66666666666666,1.2222222222222223,0.7777777777777778,143.11111111111111,0.5555555555555556,206.66666666666666,1.2222222222222223,0.7777777777777778
DAL,2022,2022_12_NYG_DAL,140,201.9,1.1,0.7,136.1,0.5,201.9,1.1,0.8
DAL,2022,2022_13_IND_DAL,141,204.27272727272728,1.0909090909090908,0.6363636363636364,131.9090909090909,0.5454545454545454,204.27272727272728,1.0909090909090908,0.7272727272727273
DAL,2022,2022_14_HOU_DAL,142,206.66666666666666,1.1666666666666667,0.8333333333333334,129.75,0.5,206.66666666666666,1.1666666666666667,0.8333333333333334
DAL,2022,2022_15_DAL_JAX,143,207.15384615384616,1.1538461538461537,0.8461538461538461,128.53846153846155,0.5384615384615384,207.15384615384616,1.1538461538461537,0.8461538461538461
DAL,2022,2022_16_PHI_DAL,144,215.07142857142858,1.3571428571428572,0.8571428571428571,133.07142857142858,0.5,215.07142857142858,1.3571428571428572,0.9285714285714286
DAL,2022,2022_17_DAL_TEN,145,224.4,1.4,0.9333333333333333,130.0,0.5333333333333333,224.4,1.4,1.0
DAL,2022,2022_18_DAL_WAS,146,224.875,1.375,0.9375,127.9375,0.5,224.875,1.375,1.0
DAL,2023,2023_01_DAL_NYG,147,,,,,,,,
DAL,2023,2023_02_NYJ_DAL,148,110.0,0.0,2.0,108.0,0.0,110.0,0.0,1.0
DAL,2023,2023_03_DAL_ARI,149,140.0,0.5,2.5,86.0,0.0,140.0,0.5,1.0
DAL,2023,2023_04_NE_DAL,150,156.33333333333334,0.6666666666666666,1.6666666666666667,131.33333333333334,0.6666666666666666,156.33333333333334,0.6666666666666666,0.6666666666666666
DAL,2023,2023_05_DAL_SF,151,169.0,0.5,1.75,111.75,0.5,169.0,0.5,0.75
DAL,2023,2023_06_DAL_LAC,152,185.8,1.2,1.4,123.4,0.8,185.8,1.2,0.8
DAL,2023,2023_08_LA_DAL,153,192.66666666666666,1.3333333333333333,1.3333333333333333,111.66666666666667,0.6666666666666666,192.66666666666666,1.3333333333333333,0.6666666666666666
DAL,2023,2023_09_DAL_PHI,154,194.28571428571428,1.2857142857142858,1.2857142857142858,108.85714285714286,0.7142857142857143,194.28571428571428,1.2857142857142858,0.5714285714285714
DAL,2023,2023_10_NYG_DAL,155,195.875,1.375,1.125,108.875,0.875,195.875,1.375,0.5
DAL,2023,2023_11_DAL_CAR,156,183.66666666666666,1.4444444444444444,1.1111111111111112,109.11111111111111,0.7777777777777778,183.66666666666666,1.4444444444444444,0.4444444444444444
DAL,2023,2023_12_WAS_DAL,157,177.6,1.4,1.1,109.2,0.7,177.6,1.4,0.5
DAL,2023,2023_13_SEA_DAL,158,188.72727272727272,1.2727272727272727,1.0909090909090908,109.0909090909091,0.7272727272727273,188.72727272727272,1.2727272727272727,0.45454545454545453
DAL,2023,2023_14_PHI_DAL,159,200.83333333333334,1.4166666666666667,1.0833333333333333,106.0,0.8333333333333334,200.83333333333334,1.4166666666666667,0.4166666666666667
DAL,2023,2023_15_DAL_BUF,160,202.69230769230768,1.3076923076923077,1.0,106.0,0.7692307692307693,202.69230769230768,1.3076923076923077,0.6153846153846154
DAL,2023,2023_16_DAL_MIA,161,194.92857142857142,1.2857142857142858,0.9285714285714286,117.42857142857143,0.9285714285714286,194.92857142857142,1.2857142857142858,0.5714285714285714
DAL,2023,2023_17_DET_DAL,162,201.46666666666667,1.2666666666666666,0.8666666666666667,115.66666666666667,0.8666666666666667,201.46666666666667,1.2666666666666666,0.5333333333333333
DAL,2023,2023_18_DAL_WAS,163,207.75,1.25,0.9375,116.25,0.875,207.75,1.25,0.5
DAL,2024,2024_01_DAL_CLE,164,,,,,,,,
DAL,2024,2024_02_NO_DAL,165,169.0,1.0,2.0,93.0,1.0,169.0,1.0,0.0
DAL,2024,2024_03_BAL_DAL,166,206.0,1.5,1.5,141.5,2.5,206.0,1.5,0.0
DAL,2024,2024_04_DAL_NYG,167,198.0,1.3333333333333333,1.0,185.66666666666666,2.6666666666666665,198.0,1.3333333333333333,0.0
DAL,2024,2024_05_DAL_PIT,168,218.75,1.0,1.0,145.75,2.0,218.75,1.0,0.0
DAL,2024,2024_06_DET_DAL,169,205.0,1.2,0.8,135.0,1.6,205.4,1.2,0.2
DAL,2024,2024_08_DAL_SF,170,226.5,1.5,0.6666666666666666,143.16666666666666,1.6666666666666667,226.83333333333334,1.5,0.16666666666666666
DAL,2024,2024_09_DAL_ATL,171,231.28571428571428,1.4285714285714286,0.5714285714285714,154.57142857142858,1.7142857142857142,231.57142857142858,1.4285714285714286,0.14285714285714285
DAL,2024,2024_10_PHI_DAL,172,230.125,1.625,0.5,147.75,1.625,230.375,1.625,0.25
DAL,2024,2024_11_HOU_DAL,173,227.55555555555554,1.6666666666666667,0.5555555555555556,152.11111111111111,1.6666666666666667,227.77777777777777,1.6666666666666667,0.3333333333333333
DAL,2024,2024_12_DAL_WAS,174,230.5,1.5,0.6,151.0,1.8,230.7,1.5,0.3
DAL,2024,2024_13_NYG_DAL,175,234.54545454545453,1.5454545454545454,0.7272727272727273,150.45454545454547,1.7272727272727273,234.72727272727272,1.5454545454545454,0.36363636363636365
DAL,2024,2024_14_CIN_DAL,176,229.83333333333334,1.4166666666666667,0.75,147.58333333333334,1.75,230.0,1.4166666666666667,0.4166666666666667
DAL,2024,2024_15_DAL_CAR,177,240.53846153846155,1.5384615384615385,0.7692307692307693,141.92307692307693,1.6153846153846154,240.69230769230768,1.5384615384615385,0.38461538461538464
DAL,2024,2024_16_TB_DAL,178,239.0,1.5,0.8571428571428571,136.07142857142858,1.5714285714285714,239.14285714285714,1.5,0.5
DAL,2024,2024_17_DAL_PHI,179,243.26666666666668,1.5333333333333334,0.8666666666666667,135.93333333333334,1.5333333333333334,243.4,1.5333333333333334,0.5333333333333333
DAL,2024,2024_18_WAS_DAL,180,240.375,1.625,0.8125,138.625,1.5,240.5,1.625,0.5
DEN,2014,2014_01_IND_DEN,1,,,,,,,,
DEN,2014,2014_02_KC_DEN,2,370.0,2.0,2.0,54.0,1.0,370.0,2.0,0.0
DEN,2014,2014_03_DEN_SEA,3,312.5,1.0,1.0,93.5,1.5,312.5,1.0,0.0
DEN,2014,2014_05_ARI_DEN,4,300.0,1.3333333333333333,1.0,105.33333333333333,1.3333333333333333,300.0,1.3333333333333333,0.0
DEN,2014,2014_06_DEN_NYJ,5,274.75,1.25,0.75,88.25,1.25,274.75,1.25,0.0
DEN,2014,2014_07_SF_DEN,6,257.8,1.4,0.8,76.8,1.0,257.8,1.4,0.0
DEN,2014,2014_08_SD_DEN,7,265.0,1.5,0.8333333333333334,74.33333333333333,0.8333333333333334,265.0,1.5,0.0
DEN,2014,2014_09_DEN_NE,8,263.14285714285717,1.7142857142857142,1.0,72.42857142857143,0.7142857142857143,263.14285714285717,1.7142857142857142,0.0
DEN,2014,2014_10_DEN_OAK,9,271.875,2.0,1.0,71.625,0.625,271.875,2.0,0.0
DEN,2014,2014_11_DEN_STL,10,263.0,2.0,1.1111111111111112,67.0,0.5555555555555556,263.0,2.0,0.1111111111111111
DEN,2014,2014_12_MIA_DEN,11,258.7,1.9,1.0,73.4,0.5,258.7,1.9,0.1
DEN,2014,2014_13_DEN_KC,12,255.9090909090909,2.0,1.0,75.54545454545455,0.6363636363636364,255.9090909090909,2.0,0.09090909090909091
DEN,2014,2014_14_BUF_DEN,13,247.33333333333334,2.0,1.0,72.66666666666667,0.5833333333333334,247.33333333333334,2.0,0.16666666666666666
DEN,2014,2014_15_DEN_SD,14,255.6153846153846,1.9230769230769231,1.0769230769230769,72.76923076923077,0.6153846153846154,255.6153846153846,1.9230769230769231,0.23076923076923078
DEN,2014,2014_16_DEN_CIN,15,253.92857142857142,1.8571428571428572,1.1428571428571428,71.57142857142857,0.5714285714285714,253.92857142857142,1.8571428571428572,0.21428571428571427
DEN,2014,2014_17_OAK_DEN,16,246.73333333333332,1.8666666666666667,1.1333333333333333,80.6,0.6,246.73333333333332,1.8666666666666667,0.26666666666666666
DEN,2015,2015_01_BAL_DEN,17,,,,,,,,
DEN,2015,2015_02_DEN_KC,18,117.0,0.0,2.0,73.0,0.0,117.0,0.0,0.0
DEN,2015,2015_03_DEN_DET,19,154.0,0.0,2.0,110.0,1.0,154.0,0.0,1.0
DEN,2015,2015_04_MIN_DEN,20,196.66666666666666,0.3333333333333333,2.0,82.66666666666667,1.0,196.66666666666666,0.3333333333333333,1.0
DEN,2015,2015_05_DEN_OAK,21,214.75,0.5,1.5,90.25,1.0,214.75,0.5,1.0
DEN,2015,2015_06_DEN_CLE,22,221.6,0.6,1.4,85.2,0.8,221.6,0.6,1.0
DEN,2015,2015_08_GB_DEN,23,220.16666666666666,0.8333333333333334,1.5,89.16666666666667,0.6666666666666666,220.16666666666666,0.8333333333333334,1.0
DEN,2015,2015_09_DEN_IND,24,199.71428571428572,0.7142857142857143,1.2857142857142858,89.28571428571429,0.7142857142857143,199.71428571428572,0.7142857142857143,0.8571428571428571
DEN,2015,2015_10_KC_DEN,25,206.25,0.875,1.125,93.125,0.75,206.25,0.875,0.75
DEN,2015,2015_11_DEN_CHI,26,206.0,0.8888888888888888,1.0,94.55555555555556,0.7777777777777778,206.0,0.8888888888888888,0.6666666666666666
DEN,2015,2015_12_NE_DEN,27,211.9,0.8,1.0,93.7,0.8,211.9,0.8,0.7
DEN,2015,2015_13_DEN_SD,28,218.0909090909091,1.0,0.9090909090909091,88.72727272727273,0.7272727272727273,218.0909090909091,1.0,0.6363636363636364
DEN,2015,2015_14_OAK_DEN,29,216.75,0.9166666666666666,0.9166666666666666,89.08333333333333,0.6666666666666666,216.75,0.9166666666666666,0.75
DEN,2015,2015_15_DEN_PIT,30,210.46153846153845,1.0,0.8461538461538461,84.3076923076923,0.6153846153846154,210.46153846153845,1.0,0.6923076923076923
DEN,2015,2015_16_CIN_DEN,31,222.57142857142858,1.1428571428571428,0.9285714285714286,79.92857142857143,0.6428571428571429,222.57142857142858,1.1428571428571428,0.6428571428571429
DEN,2015,2015_17_SD_DEN,32,221.06666666666666,1.1333333333333333,0.8666666666666667,81.8,0.6666666666666666,221.06666666666666,1.1333333333333333,0.6666666666666666
DEN,2016,2016_01_CAR_DEN,33,,,,,,,,
DEN,2016,2016_02_IND_DEN,34,194.0,1.0,1.0,157.0,1.0,194.0,1.0,0.0
DEN,2016,2016_03_DEN_CIN,35,195.5,1.0,1.0,120.0,1.0,195.5,1.0,0.5
DEN,2016,2016_04_DEN_TB,36,199.0,0.6666666666666666,1.0,127.66666666666667,1.3333333333333333,199.0,0.6666666666666666,0.3333333333333333
DEN,2016,2016_05_ATL_DEN,37,194.0,0.5,1.25,113.75,1.25,194.0,0.5,0.5
DEN,2016,2016_06_DEN_SD,38,208.6,0.6,1.0,115.4,1.2,208.6,0.6,0.6
DEN,2016,2016_07_HOU_DEN,39,203.5,0.6666666666666666,0.8333333333333334,112.66666666666667,1.0,203.5,0.6666666666666666,0.5
DEN,2016,2016_08_SD_DEN,40,193.14285714285714,0.5714285714285714,0.7142857142857143,116.57142857142857,0.8571428571428571,193.14285714285714,0.5714285714285714,0.7142857142857143
DEN,2016,2016_09_DEN_OAK,41,202.375,0.75,1.0,117.375,0.75,202.375,0.75,0.625
DEN,2016,2016_10_DEN_NO,42,200.33333333333334,0.6666666666666666,0.8888888888888888,128.55555555555554,1.0,200.33333333333334,0.6666666666666666,0.5555555555555556
DEN,2016,2016_12_KC_DEN,43,210.6,0.9,1.0,123.7,0.9,210.6,0.9,0.7
DEN,2016,2016_13_DEN_JAX,44,211.45454545454547,0.9090909090909091,0.9090909090909091,120.0,0.9090909090909091,211.45454545454547,0.9090909090909091,0.6363636363636364
DEN,2016,2016_14_DEN_TEN,45,208.91666666666666,0.8333333333333334,1.0,122.83333333333333,0.9166666666666666,208.91666666666666,0.8333333333333334,0.6666666666666666
DEN,2016,2016_15_NE_DEN,46,199.6153846153846,0.7692307692307693,0.9230769230769231,127.23076923076923,0.9230769230769231,199.6153846153846,0.7692307692307693,0.6153846153846154
DEN,2016,2016_16_DEN_KC,47,198.78571428571428,0.7142857142857143,0.8571428571428571,127.85714285714286,0.9285714285714286,198.78571428571428,0.7142857142857143,0.5714285714285714
DEN,2016,2016_17_OAK_DEN,48,201.93333333333334,0.8,0.8666666666666667,135.2,1.0,201.93333333333334,0.8,0.5333333333333333
DEN,2017,2017_01_LAC_DEN,49,,,,,,,,
DEN,2017,2017_02_DAL_DEN,50,192.0,3.0,1.0,64.0,0.0,192.0,3.0,0.0
DEN,2017,2017_03_DEN_BUF,51,215.0,2.5,1.5,52.0,0.0,215.0,2.5,0.0
DEN,2017,2017_04_OAK_DEN,52,214.33333333333334,2.3333333333333335,1.0,59.666666666666664,0.0,214.33333333333334,2.3333333333333335,0.0
DEN,2017,2017_06_NYG_DEN,53,223.0,2.0,1.0,50.75,0.0,223.0,2.0,0.0
DEN,2017,2017_07_DEN_LAC,54,204.0,1.8,0.8,70.2,0.0,204.0,1.8,0.0
DEN,2017,2017_08_DEN_KC,55,200.5,1.8333333333333333,0.6666666666666666,71.83333333333333,0.0,200.5,1.8333333333333333,0.0
DEN,2017,2017_09_DEN_PHI,56,200.71428571428572,1.7142857142857142,0.7142857142857143,72.85714285714286,0.0,200.71428571428572,1.7142857142857142,0.14285714285714285
DEN,2017,2017_10_NE_DEN,57,204.875,2.0,0.625,88.375,0.375,204.875,2.0,0.25
DEN,2017,2017_11_CIN_DEN,58,215.77777777777777,2.111111111111111,0.5555555555555556,89.55555555555556,0.4444444444444444,215.77777777777777,2.111111111111111,0.2222222222222222
DEN,2017,2017_12_DEN_OAK,59,209.6,2.2,0.5,85.5,0.4,209.6,2.2,0.2
DEN,2017,2017_13_DEN_MIA,60,213.54545454545453,2.1818181818181817,0.45454545454545453,87.18181818181819,0.45454545454545453,213.54545454545453,2.1818181818181817,0.2727272727272727
DEN,2017,2017_14_NYJ_DEN,61,215.33333333333334,2.1666666666666665,0.5833333333333334,92.0,0.5,215.33333333333334,2.1666666666666665,0.3333333333333333
DEN,2017,2017_15_DEN_IND,62,203.3846153846154,2.0,0.6153846153846154,89.46153846153847,0.46153846153846156,203.3846153846154,2.0,0.38461538461538464
DEN,2017,2017_16_DEN_WAS,63,200.14285714285714,1.8571428571428572,0.5714285714285714,88.07142857142857,0.5,200.14285714285714,1.8571428571428572,0.35714285714285715
DEN,2017,2017_17_KC_DEN,64,206.73333333333332,1.9333333333333333,0.6,88.0,0.4666666666666667,206.73333333333332,1.9333333333333333,0.4
DEN,2018,2018_01_SEA_DEN,65,,,,,,,,
DEN,2018,2018_02_OAK_DEN,66,298.0,3.0,2.0,64.0,0.0,298.0,3.0,1.0
DEN,2018,2018_03_DEN_BAL,67,293.0,2.0,1.0,78.0,0.5,293.0,2.0,0.5
DEN,2018,2018_04_KC_DEN,68,287.6666666666667,1.6666666666666667,0.6666666666666666,77.66666666666667,1.0,287.6666666666667,1.6666666666666667,0.3333333333333333
DEN,2018,2018_05_DEN_NYJ,69,291.75,1.5,0.5,93.75,1.25,291.75,1.5,0.25
DEN,2018,2018_06_LA_DEN,70,273.0,1.8,0.6,139.6,1.2,273.0,1.8,0.4
DEN,2018,2018_07_DEN_ARI,71,261.0,1.5,0.6666666666666666,161.33333333333334,1.3333333333333333,261.0,1.5,0.3333333333333333
DEN,2018,2018_08_DEN_KC,72,251.42857142857142,1.4285714285714286,1.0,148.14285714285714,1.1428571428571428,251.42857142857142,1.4285714285714286,0.5714285714285714
DEN,2018,2018_09_HOU_DEN,73,257.875,1.75,1.0,135.75,1.0,257.875,1.75,0.5
DEN,2018,2018_11_DEN_LAC,74,252.88888888888889,1.7777777777777777,0.8888888888888888,131.55555555555554,0.8888888888888888,252.88888888888889,1.7777777777777777,0.4444444444444444
DEN,2018,2018_12_PIT_DEN,75,267.7,1.8,1.0,127.9,0.8,267.7,1.8,0.4
DEN,2018,2018_13_DEN_CIN,76,285.54545454545456,1.8181818181818181,1.0909090909090908,123.0909090909091,0.7272727272727273,285.54545454545456,1.8181818181818181,0.45454545454545453
DEN,2018,2018_14_DEN_SF,77,281.4166666666667,1.75,1.0833333333333333,122.08333333333333,0.6666666666666666,281.4166666666667,1.75,0.5
DEN,2018,2018_15_CLE_DEN,78,285.3076923076923,1.7692307692307692,1.0769230769230769,119.15384615384616,0.6153846153846154,285.3076923076923,1.7692307692307692,0.46153846153846156
DEN,2018,2018_16_DEN_OAK,79,278.35714285714283,1.7857142857142858,1.0714285714285714,120.21428571428571,0.5714285714285714,278.35714285714283,1.7857142857142858,0.5
DEN,2018,2018_17_LAC_DEN,80,270.93333333333334,1.6666666666666667,1.0,119.8,0.6666666666666666,270.93333333333334,1.6666666666666667,0.4666666666666667
DEN,2019,2019_01_DEN_OAK,81,,,,,,,,
DEN,2019,2019_02_CHI_DEN,82,259.0,1.0,0.0,98.0,2.0,259.0,1.0,0.0
DEN,2019,2019_03_DEN_GB,83,189.5,0.5,0.0,125.5,1.5,189.5,0.5,0.0
DEN,2019,2019_04_JAX_DEN,84,204.66666666666666,0.6666666666666666,0.0,109.33333333333333,1.6666666666666667,204.66666666666666,0.6666666666666666,0.0
DEN,2019,2019_05_DEN_LAC,85,206.75,1.0,0.0,149.25,1.25,206.75,1.0,0.0
DEN,2019,2019_06_TEN_DEN,86,207.6,0.8,0.4,126.4,1.0,207.6,0.8,0.0
DEN,2019,2019_07_KC_DEN,87,207.5,0.6666666666666666,0.8333333333333334,111.83333333333333,0.8333333333333334,207.5,0.6666666666666666,0.0
DEN,2019,2019_08_DEN_IND,88,205.42857142857142,0.8571428571428571,0.7142857142857143,107.28571428571429,0.7142857142857143,205.42857142857142,0.8571428571428571,0.0
DEN,2019,2019_09_CLE_DEN,89,205.0,0.75,0.625,109.75,0.75,205.0,0.75,0.125
DEN,2019,2019_11_DEN_MIN,90,212.55555555555554,0.7777777777777778,0.5555555555555556,107.55555555555556,0.6666666666666666,212.55555555555554,0.7777777777777778,0.1111111111111111
DEN,2019,2019_12_DEN_BUF,91,223.2,1.0,0.5,100.5,0.7,223.2,1.0,0.2
DEN,2019,2019_13_LAC_DEN,92,219.72727272727272,1.0909090909090908,0.5454545454545454,113.54545454545455,0.6363636363636364,219.72727272727272,1.0909090909090908,0.18181818181818182
DEN,2019,2019_14_DEN_HOU,93,223.5,1.1666666666666667,0.5833333333333334,113.66666666666667,0.5833333333333334,223.5,1.1666666666666667,0.16666666666666666
DEN,2019,2019_15_DEN_KC,94,228.76923076923077,1.1538461538461537,0.6923076923076923,115.23076923076923,0.6923076923076923,228.76923076923077,1.1538461538461537,0.23076923076923078
DEN,2019,2019_16_DET_DEN,95,236.71428571428572,1.2142857142857142,0.7142857142857143,113.57142857142857,0.6428571428571429,236.71428571428572,1.2142857142857142,0.21428571428571427
DEN,2019,2019_17_OAK_DEN,96,228.73333333333332,1.2,0.6666666666666666,112.4,0.6,228.73333333333332,1.2,0.2
DEN,2020,2020_01_TEN_DEN,97,,,,,,,,
DEN,2020,2020_02_DEN_PIT,98,249.0,2.0,0.0,130.0,0.0,249.0,2.0,0.0
DEN,2020,2020_03_TB_DEN,99,280.0,2.0,0.5,119.5,0.5,280.0,2.0,0.5
DEN,2020,2020_04_DEN_NYJ,100,285.6666666666667,2.3333333333333335,0.3333333333333333,102.33333333333333,0.3333333333333333,285.6666666666667,2.3333333333333335,0.3333333333333333
DEN,2020,2020_06_DEN_NE,101,275.75,1.75,0.25,109.0,0.5,275.75,1.75,0.25
DEN,2020,2020_07_KC_DEN,102,259.6,1.4,0.6,110.6,0.6,259.6,1.4,0.4
DEN,2020,2020_08_LAC_DEN,103,251.83333333333334,1.3333333333333333,0.5,109.0,0.8333333333333334,251.83333333333334,1.3333333333333333,0.5
DEN,2020,2020_09_DEN_ATL,104,255.57142857142858,1.5714285714285714,0.7142857142857143,123.42857142857143,0.7142857142857143,255.57142857142858,1.5714285714285714,0.42857142857142855
DEN,2020,2020_10_DEN_LV,105,259.125,1.75,0.75,119.5,0.75,259.125,1.75,0.375
DEN,2020,2020_11_MIA_DEN,106,247.44444444444446,1.5555555555555556,0.6666666666666666,128.77777777777777,1.1111111111111112,247.44444444444446,1.5555555555555556,0.3333333333333333
DEN,2020,2020_12_NO_DEN,107,242.7,1.5,0.7,121.5,1.0,242.7,1.5,0.3
DEN,2020,2020_13_DEN_KC,108,227.72727272727272,1.3636363636363635,0.7272727272727273,131.27272727272728,1.2727272727272727,227.72727272727272,1.3636363636363635,0.2727272727272727
DEN,2020,2020_14_DEN_CAR,109,235.25,1.3333333333333333,0.6666666666666666,131.5,1.1666666666666667,235.25,1.3333333333333333,0.25
DEN,2020,2020_15_BUF_DEN,110,238.92307692307693,1.2307692307692308,0.6153846153846154,131.0,1.3076923076923077,238.92307692307693,1.2307692307692308,0.23076923076923078
DEN,2020,2020_16_DEN_LAC,111,247.5,1.2857142857142858,0.5714285714285714,134.64285714285714,1.4285714285714286,247.5,1.2857142857142858,0.21428571428571427
DEN,2020,2020_17_LV_DEN,112,247.86666666666667,1.2666666666666666,0.5333333333333333,131.6,1.3333333333333333,247.86666666666667,1.2666666666666666,0.2
DEN,2021,2021_01_DEN_NYG,113,,,,,,,,
DEN,2021,2021_02_DEN_JAX,114,267.0,1.0,0.0,60.0,1.0,267.0,1.0,1.0
DEN,2021,2021_03_NYJ_DEN,115,192.5,1.0,1.0,67.5,0.5,192.5,1.0,0.5
DEN,2021,2021_04_BAL_DEN,116,181.66666666666666,0.6666666666666666,1.3333333333333333,59.333333333333336,0.3333333333333333,181.66666666666666,0.6666666666666666,0.3333333333333333
DEN,2021,2021_05_DEN_PIT,117,215.25,0.75,1.0,70.0,0.5,215.25,0.75,0.25
DEN,2021,2021_06_LV_DEN,118,222.8,1.0,0.8,85.4,0.6,222.8,1.0,0.4
DEN,2021,2021_07_DEN_CLE,119,242.5,1.1666666666666667,0.6666666666666666,85.5,0.8333333333333334,242.5,1.1666666666666667,0.3333333333333333
DEN,2021,2021_08_WAS_DEN,120,236.28571428571428,1.1428571428571428,0.5714285714285714,99.28571428571429,0.8571428571428571,236.28571428571428,1.1428571428571428,0.2857142857142857
DEN,2021,2021_09_DEN_DAL,121,240.5,1.125,0.75,100.875,0.75,240.5,1.125,0.25
DEN,2021,2021_10_PHI_DEN,122,239.55555555555554,1.2222222222222223,0.7777777777777778,98.33333333333333,0.6666666666666666,239.55555555555554,1.2222222222222223,0.2222222222222222
DEN,2021,2021_12_LAC_DEN,123,233.4,1.3,0.8,110.1,0.6,233.4,1.3,0.2
DEN,2021,2021_13_DEN_KC,124,239.72727272727272,1.3636363636363635,0.9090909090909091,106.63636363636364,0.5454545454545454,239.72727272727272,1.3636363636363635,0.18181818181818182
DEN,2021,2021_14_DET_DEN,125,235.08333333333334,1.25,0.9166666666666666,105.16666666666667,0.5833333333333334,235.08333333333334,1.25,0.16666666666666666
DEN,2021,2021_15_CIN_DEN,126,233.53846153846155,1.2307692307692308,0.9230769230769231,106.15384615384616,0.5384615384615384,233.53846153846155,1.2307692307692308,0.23076923076923078
DEN,2021,2021_16_DEN_LV,127,228.07142857142858,1.2142857142857142,0.8571428571428571,106.64285714285714,0.5,228.07142857142858,1.2142857142857142,0.21428571428571427
DEN,2021,2021_17_DEN_LAC,128,226.26666666666668,1.2,0.8666666666666667,110.2,0.5333333333333333,226.26666666666668,1.2,0.3333333333333333
DEN,2021,2021_18_KC_DEN,129,226.9375,1.25,0.8125,109.8125,0.5625,226.9375,1.25,0.3125
DEN,2022,2022_01_DEN_SEA,130,,,,,,,,
DEN,2022,2022_02_HOU_DEN,131,195.0,2.0,0.0,76.0,0.0,195.0,2.0,1.0
DEN,2022,2022_03_SF_DEN,132,186.0,1.0,0.0,78.0,0.0,186.0,1.0,0.5
DEN,2022,2022_04_DEN_LV,133,194.33333333333334,1.0,0.3333333333333333,81.33333333333333,0.0,194.33333333333334,1.0,1.0
DEN,2022,2022_05_IND_DEN,134,192.75,0.75,0.25,114.0,0.5,192.75,0.75,0.75
DEN,2022,2022_06_DEN_LAC,135,204.4,0.6,0.6,112.4,0.4,204.4,0.6,0.6
DEN,2022,2022_07_NYJ_DEN,136,210.0,0.5,0.6666666666666666,105.83333333333333,0.5,210.0,0.5,0.5
DEN,2022,2022_08_DEN_JAX,137,197.28571428571428,0.42857142857142855,0.5714285714285714,112.85714285714286,0.5714285714285714,197.28571428571428,0.42857142857142855,0.42857142857142855
DEN,2022,2022_10_DEN_TEN,138,189.25,0.5,0.75,122.625,0.625,189.25,0.5,0.375
DEN,2022,2022_11_LV_DEN,139,196.55555555555554,0.6666666666666666,0.6666666666666666,116.0,0.5555555555555556,196.55555555555554,0.6666666666666666,0.4444444444444444
DEN,2022,2022_12_DEN_CAR,140,207.6,0.8,0.6,115.3,0.5,207.6,0.8,0.4
DEN,2022,2022_13_DEN_BAL,141,203.63636363636363,0.8181818181818182,0.5454545454545454,121.63636363636364,0.5454545454545454,203.63636363636363,0.8181818181818182,0.36363636363636365
DEN,2022,2022_14_KC_DEN,142,203.16666666666666,0.75,0.6666666666666666,120.08333333333333,0.5833333333333334,203.16666666666666,0.75,0.3333333333333333
DEN,2022,2022_15_ARI_DEN,143,214.6153846153846,0.9230769230769231,0.8461538461538461,117.6923076923077,0.5384615384615384,214.6153846153846,0.9230769230769231,0.3076923076923077
DEN,2022,2022_16_DEN_LA,144,211.64285714285714,0.8571428571428571,1.0,114.5,0.5714285714285714,211.64285714285714,0.8571428571428571,0.2857142857142857
DEN,2022,2022_17_DEN_KC,145,212.86666666666667,0.9333333333333333,0.9333333333333333,117.4,0.7333333333333333,212.86666666666667,0.9333333333333333,0.26666666666666666
DEN,2022,2022_18_LAC_DEN,146,220.0625,1.0625,0.9375,112.9375,0.75,220.0625,1.0625,0.25
DEN,2023,2023_01_LV_DEN,147,,,,,,,,
DEN,2023,2023_02_WAS_DEN,148,200.0,2.0,1.0,61.0,0.0,200.0,2.0,0.0
DEN,2023,2023_03_DEN_MIA,149,249.5,2.0,0.5,91.5,1.0,249.5,2.0,0.0
DEN,2023,2023_04_DEN_CHI,150,291.6666666666667,3.0,0.3333333333333333,177.66666666666666,2.3333333333333335,291.6666666666667,3.0,0.0
DEN,2023,2023_05_NYJ_DEN,151,302.5,3.25,0.5,176.0,1.75,302.5,3.25,0.25
DEN,2023,2023_06_DEN_KC,152,281.8,2.6,0.6,187.6,1.6,281.8,2.6,0.2
DEN,2023,2023_07_GB_DEN,153,285.8333333333333,2.3333333333333335,0.6666666666666666,172.33333333333334,1.3333333333333333,285.8333333333333,2.3333333333333335,0.16666666666666666
DEN,2023,2023_08_KC_DEN,154,272.7142857142857,2.2857142857142856,0.7142857142857143,167.28571428571428,1.1428571428571428,272.7142857142857,2.2857142857142856,0.14285714285714285
DEN,2023,2023_10_DEN_BUF,155,268.625,2.0,0.875,154.125,1.0,268.625,2.0,0.375
DEN,2023,2023_11_MIN_DEN,156,258.44444444444446,1.8888888888888888,1.0,158.33333333333334,1.1111111111111112,258.44444444444446,1.8888888888888888,0.5555555555555556
DEN,2023,2023_12_CLE_DEN,157,254.7,1.8,1.0,160.0,1.1,254.7,1.8,0.7
DEN,2023,2023_13_DEN_HOU,158,248.8181818181818,1.7272727272727273,0.9090909090909091,155.1818181818182,1.0,248.8181818181818,1.7272727272727273,0.9090909090909091
DEN,2023,2023_14_DEN_LAC,159,252.41666666666666,1.6666666666666667,0.8333333333333334,149.66666666666666,1.0,252.41666666666666,1.6666666666666667,0.8333333333333334
DEN,2023,2023_15_DEN_DET,160,254.15384615384616,1.5384615384615385,0.8461538461538461,144.0,1.0,254.15384615384616,1.5384615384615385,0.8461538461538461
DEN,2023,2023_16_NE_DEN,161,255.85714285714286,1.7857142857142858,0.7857142857142857,146.92857142857142,1.0,255.85714285714286,1.7857142857142858,0.7857142857142857
DEN,2023,2023_17_LAC_DEN,162,255.86666666666667,1.8,0.7333333333333333,141.06666666666666,0.9333333333333333,255.86666666666667,1.8,0.8
DEN,2023,2023_18_DEN_LV,163,253.625,1.6875,0.6875,137.625,0.875,253.625,1.6875,0.8125
DEN,2024,2024_01_DEN_SEA,164,,,,,,,,
DEN,2024,2024_02_PIT_DEN,165,171.0,1.0,1.0,146.0,2.0,171.0,1.0,0.0
DEN,2024,2024_03_DEN_TB,166,144.0,1.0,0.5,143.5,1.0,144.0,1.0,0.0
DEN,2024,2024_04_DEN_NYJ,167,150.33333333333334,1.0,0.6666666666666666,126.0,0.6666666666666666,150.33333333333334,1.0,0.3333333333333333
DEN,2024,2024_05_LV_DEN,168,169.0,0.75,0.5,110.5,0.5,169.0,0.75,0.5
DEN,2024,2024_06_LAC_DEN,169,181.4,0.8,1.0,111.4,0.6,181.4,0.8,0.4
DEN,2024,2024_07_DEN_NO,170,190.66666666666666,0.8333333333333334,0.8333333333333334,114.16666666666667,0.6666666666666666,190.66666666666666,0.8333333333333334,0.3333333333333333
DEN,2024,2024_08_CAR_DEN,171,193.42857142857142,0.8571428571428571,0.7142857142857143,111.71428571428571,0.5714285714285714,193.42857142857142,0.8571428571428571,0.5714285714285714
DEN,2024,2024_09_DEN_BAL,172,197.25,1.0,0.875,106.375,0.5,197.25,1.0,0.5
DEN,2024,2024_10_DEN_KC,173,206.44444444444446,1.2222222222222223,0.7777777777777778,108.66666666666667,0.6666666666666666,206.44444444444446,1.2222222222222223,0.4444444444444444
DEN,2024,2024_11_ATL_DEN,174,212.4,1.2,0.7,103.5,0.6,212.4,1.2,0.4
DEN,2024,2024_12_DEN_LV,175,211.0,1.0909090909090908,0.7272727272727273,98.63636363636364,0.5454545454545454,211.0,1.0909090909090908,0.36363636363636365
DEN,2024,2024_13_CLE_DEN,176,220.75,1.0833333333333333,0.75,96.16666666666667,0.5,220.75,1.0833333333333333,0.4166666666666667
DEN,2024,2024_15_IND_DEN,177,242.0,1.3076923076923077,0.9230769230769231,94.6923076923077,0.46153846153846156,242.0,1.3076923076923077,0.38461538461538464
DEN,2024,2024_16_DEN_LAC,178,237.0,1.2142857142857142,1.0,98.57142857142857,0.5,237.0,1.2142857142857142,0.5
DEN,2024,2024_17_DEN_CIN,179,240.13333333333333,1.2666666666666666,1.0,99.8,0.6,240.13333333333333,1.2666666666666666,0.4666666666666667
DEN,2024,2024_18_KC_DEN,180,250.875,1.375,0.9375,100.75,0.625,250.875,1.375,0.5
DET,2014,2014_01_NYG_DET,1,,,,,,,,
DET,2014,2014_02_DET_CAR,2,163.0,1.0,2.0,53.0,1.0,163.0,1.0,0.0
DET,2014,2014_03_GB_DET,3,222.0,1.0,1.0,57.5,1.0,222.0,1.0,0.0
DET,2014,2014_04_DET_NYJ,4,202.0,1.0,0.6666666666666666,63.666666666666664,0.6666666666666666,202.0,1.0,0.3333333333333333
DET,2014,2014_05_BUF_DET,5,203.75,1.0,0.75,80.75,0.75,203.75,1.0,0.5
DET,2014,2014_06_DET_MIN,6,224.6,1.0,0.8,74.4,0.6,224.6,1.0,0.4
DET,2014,2014_07_NO_DET,7,218.5,0.8333333333333334,1.1666666666666667,73.5,0.5,218.5,0.8333333333333334,0.3333333333333333
DET,2014,2014_08_DET_ATL,8,236.14285714285714,1.0,1.1428571428571428,73.42857142857143,0.42857142857142855,236.14285714285714,1.0,0.42857142857142855
DET,2014,2014_10_MIA_DET,9,235.125,1.125,1.125,74.0,0.5,235.125,1.125,0.375
DET,2014,2014_11_DET_ARI,10,232.0,1.1111111111111112,1.1111111111111112,71.33333333333333,0.4444444444444444,232.0,1.1111111111111112,0.4444444444444444
DET,2014,2014_12_DET_NE,11,239.4,1.2,1.2,68.8,0.4,239.4,1.2,0.4
DET,2014,2014_13_CHI_DET,12,249.36363636363637,1.2727272727272727,1.1818181818181819,70.72727272727273,0.5454545454545454,249.36363636363637,1.2727272727272727,0.36363636363636365
DET,2014,2014_14_TB_DET,13,251.91666666666666,1.3333333333333333,1.25,65.91666666666667,0.5,251.91666666666666,1.3333333333333333,0.3333333333333333
DET,2014,2014_15_MIN_DET,14,251.76923076923077,1.3846153846153846,1.3076923076923077,62.84615384615385,0.46153846153846156,251.76923076923077,1.3846153846153846,0.38461538461538464
DET,2014,2014_16_DET_CHI,15,256.2857142857143,1.3571428571428572,1.3571428571428572,63.785714285714285,0.5,256.2857142857143,1.3571428571428572,0.35714285714285715
DET,2014,2014_17_DET_GB,16,251.26666666666668,1.4,1.3333333333333333,63.8,0.4666666666666667,251.26666666666668,1.4,0.3333333333333333
DET,2015,2015_01_DET_SD,17,,,,,,,,
DET,2015,2015_02_DET_MIN,18,403.0,2.0,2.0,96.0,2.0,403.0,2.0,1.0
DET,2015,2015_03_DEN_DET,19,278.0,1.5,1.0,147.5,2.0,278.0,1.5,1.0
DET,2015,2015_04_DET_SEA,20,293.3333333333333,1.6666666666666667,1.0,112.0,1.6666666666666667,293.3333333333333,1.6666666666666667,1.0
DET,2015,2015_05_ARI_DET,21,291.75,1.5,0.75,111.5,1.25,291.75,1.5,1.25
DET,2015,2015_06_CHI_DET,22,267.6,1.8,0.6,126.6,1.6,267.6,1.8,1.0
DET,2015,2015_07_MIN_DET,23,281.8333333333333,1.6666666666666667,0.6666666666666666,120.66666666666667,1.6666666666666667,281.8333333333333,1.6666666666666667,0.8333333333333334
DET,2015,2015_08_DET_KC,24,286.7142857142857,1.7142857142857142,0.5714285714285714,123.42857142857143,1.4285714285714286,286.7142857142857,1.7142857142857142,0.8571428571428571
DET,2015,2015_10_DET_GB,25,269.5,1.75,0.5,133.75,1.75,269.5,1.75,0.75
DET,2015,2015_11_OAK_DET,26,276.55555555555554,1.7777777777777777,0.4444444444444444,124.11111111111111,1.5555555555555556,276.55555555555554,1.7777777777777777,0.6666666666666666
DET,2015,2015_12_PHI_DET,27,265.8,1.6,0.4,116.9,1.5,265.8,1.6,0.6
DET,2015,2015_13_GB_DET,28,259.72727272727275,1.6363636363636365,0.36363636363636365,112.45454545454545,1.3636363636363635,259.72727272727275,1.6363636363636365,0.6363636363636364
DET,2015,2015_14_DET_STL,29,260.8333333333333,1.6666666666666667,0.4166666666666667,108.66666666666667,1.3333333333333333,262.1666666666667,1.6666666666666667,0.5833333333333334
DET,2015,2015_15_DET_NO,30,250.30769230769232,1.5384615384615385,0.46153846153846156,115.92307692307692,1.3846153846153846,251.53846153846155,1.5384615384615385,0.5384615384615384
DET,2015,2015_16_SF_DET,31,256.7857142857143,1.6428571428571428,0.42857142857142855,112.57142857142857,1.2857142857142858,257.92857142857144,1.6428571428571428,0.5
DET,2015,2015_17_DET_CHI,32,254.66666666666666,1.6666666666666667,0.4,113.13333333333334,1.2,255.73333333333332,1.6666666666666667,0.5333333333333333
DET,2016,2016_01_DET_IND,33,,,,,,,,
DET,2016,2016_02_TEN_DET,34,385.0,4.0,0.0,82.0,0.0,385.0,4.0,0.0
DET,2016,2016_03_DET_GB,35,311.5,3.0,0.5,110.5,0.0,311.5,3.0,0.0
DET,2016,2016_04_DET_CHI,36,276.0,3.3333333333333335,0.3333333333333333,114.66666666666667,0.0,276.0,3.3333333333333335,0.0
DET,2016,2016_05_PHI_DET,37,282.5,3.0,0.25,114.5,0.0,282.5,3.0,0.0
DET,2016,2016_06_LA_DET,38,273.6,2.8,0.4,114.8,0.0,273.6,2.8,0.2
DET,2016,2016_07_WAS_DET,39,281.5,2.8333333333333335,0.5,108.33333333333333,0.16666666666666666,281.5,2.8333333333333335,0.16666666666666666
DET,2016,2016_08_DET_HOU,40,284.2857142857143,2.5714285714285716,0.42857142857142855,111.42857142857143,0.2857142857142857,284.2857142857143,2.5714285714285716,0.42857142857142855
DET,2016,2016_09_DET_MIN,41,272.0,2.375,0.5,110.625,0.375,272.0,2.375,0.375
DET,2016,2016_11_JAX_DET,42,272.1111111111111,2.2222222222222223,0.4444444444444444,107.0,0.4444444444444444,272.1111111111111,2.2222222222222223,0.3333333333333333
DET,2016,2016_12_MIN_DET,43,265.1,2.2,0.6,104.6,0.4,265.1,2.2,0.4
DET,2016,2016_13_DET_NO,44,261.3636363636364,2.0,0.6363636363636364,102.54545454545455,0.45454545454545453,261.3636363636364,2.0,0.36363636363636365
DET,2016,2016_14_CHI_DET,45,266.75,1.8333333333333333,0.8333333333333334,98.16666666666667,0.5,266.75,1.8333333333333333,0.3333333333333333
DET,2016,2016_15_DET_NYG,46,262.53846153846155,1.7692307692307692,0.7692307692307693,97.6923076923077,0.46153846153846156,262.53846153846155,1.7692307692307692,0.3076923076923077
DET,2016,2016_16_DET_DAL,47,258.14285714285717,1.7857142857142858,0.7142857142857143,98.85714285714286,0.42857142857142855,258.14285714285717,1.7857142857142858,0.2857142857142857
DET,2016,2016_17_GB_DET,48,255.73333333333332,1.9333333333333333,0.6666666666666666,103.2,0.5333333333333333,255.73333333333332,1.9333333333333333,0.26666666666666666
DET,2017,2017_01_ARI_DET,49,,,,,,,,
DET,2017,2017_02_DET_NYG,50,268.0,1.0,3.0,45.0,1.0,268.0,1.0,1.0
DET,2017,2017_03_ATL_DET,51,253.5,1.0,2.0,53.5,0.5,253.5,1.0,0.5
DET,2017,2017_04_DET_MIN,52,267.0,1.3333333333333333,2.3333333333333335,86.0,0.6666666666666666,267.0,1.3333333333333333,0.3333333333333333
DET,2017,2017_05_CAR_DET,53,255.0,1.0,1.75,86.25,0.75,255.0,1.0,1.0
DET,2017,2017_06_DET_NO,54,275.0,1.4,1.4,74.6,0.6,275.0,1.4,0.8
DET,2017,2017_08_PIT_DET,55,260.1666666666667,1.5,1.5,94.33333333333333,0.8333333333333334,260.1666666666667,1.5,0.8333333333333334
DET,2017,2017_09_DET_GB,56,268.2857142857143,1.4285714285714286,1.4285714285714286,91.57142857142857,0.8571428571428571,268.2857142857143,1.4285714285714286,0.8571428571428571
DET,2017,2017_10_CLE_DET,57,265.375,1.25,1.25,89.875,1.0,265.375,1.25,0.75
DET,2017,2017_11_DET_CHI,58,262.22222222222223,1.2222222222222223,1.2222222222222223,102.22222222222223,1.1111111111111112,262.22222222222223,1.2222222222222223,0.7777777777777778
DET,2017,2017_12_MIN_DET,59,253.9,1.2,1.1,114.2,1.2,253.9,1.2,0.8
DET,2017,2017_13_DET_BAL,60,256.45454545454544,1.2727272727272727,1.0,116.18181818181819,1.2727272727272727,256.45454545454544,1.2727272727272727,0.7272727272727273
DET,2017,2017_14_DET_TB,61,257.5,1.3333333333333333,0.9166666666666666,114.91666666666667,1.3333333333333333,257.5,1.3333333333333333,0.6666666666666666
DET,2017,2017_15_CHI_DET,62,259.61538461538464,1.3846153846153846,1.0,116.3076923076923,1.3076923076923077,259.61538461538464,1.3846153846153846,0.8461538461538461
DET,2017,2017_16_DET_CIN,63,263.5,1.3571428571428572,1.1428571428571428,111.07142857142857,1.2142857142857142,263.5,1.3571428571428572,0.7857142857142857
DET,2017,2017_17_GB_DET,64,261.8,1.3333333333333333,1.1333333333333333,113.13333333333334,1.2,261.8,1.3333333333333333,0.7333333333333333
DET,2018,2018_01_NYJ_DET,65,,,,,,,,
DET,2018,2018_02_DET_SF,66,198.0,2.0,1.0,169.0,2.0,198.0,2.0,0.0
DET,2018,2018_03_NE_DET,67,202.0,2.0,0.5,179.5,1.5,202.0,2.0,0.0
DET,2018,2018_04_DET_DAL,68,179.0,1.6666666666666667,0.6666666666666666,149.33333333333334,1.0,179.0,1.6666666666666667,0.0
DET,2018,2018_05_GB_DET,69,198.0,1.75,0.5,157.75,0.75,198.0,1.75,0.0
DET,2018,2018_07_DET_MIA,70,246.8,2.0,0.4,145.8,0.6,246.8,2.0,0.4
DET,2018,2018_08_SEA_DET,71,245.5,2.0,0.3333333333333333,139.33333333333334,0.6666666666666666,245.5,2.0,0.3333333333333333
DET,2018,2018_09_DET_MIN,72,245.85714285714286,2.142857142857143,0.2857142857142857,144.57142857142858,0.7142857142857143,245.85714285714286,2.142857142857143,0.2857142857142857
DET,2018,2018_10_DET_CHI,73,235.625,2.0,0.375,142.5,0.75,235.625,2.0,0.375
DET,2018,2018_11_CAR_DET,74,248.88888888888889,2.111111111111111,0.3333333333333333,132.66666666666666,0.8888888888888888,248.88888888888889,2.111111111111111,0.3333333333333333
DET,2018,2018_12_CHI_DET,75,259.7,2.2,0.4,125.0,0.8,259.7,2.2,0.3
DET,2018,2018_13_LA_DET,76,257.72727272727275,2.1818181818181817,0.36363636363636365,117.0909090909091,0.7272727272727273,257.72727272727275,2.1818181818181817,0.36363636363636365
DET,2018,2018_14_DET_ARI,77,253.5,2.0833333333333335,0.4166666666666667,119.75,0.8333333333333334,253.5,2.0833333333333335,0.4166666666666667
DET,2018,2018_15_DET_BUF,78,252.46153846153845,1.9230769230769231,0.46153846153846156,115.23076923076923,0.7692307692307693,252.46153846153845,1.9230769230769231,0.38461538461538464
DET,2018,2018_16_MIN_DET,79,249.0,1.8571428571428572,0.42857142857142855,115.35714285714286,0.7857142857142857,249.0,1.8571428571428572,0.35714285714285715
DET,2018,2018_17_DET_GB,80,249.26666666666668,1.9333333333333333,0.4,114.33333333333333,0.7333333333333333,249.26666666666668,1.9333333333333333,0.3333333333333333
DET,2019,2019_01_DET_ARI,81,,,,,,,,
DET,2019,2019_02_LAC_DET,82,308.0,2.0,1.0,112.0,0.0,308.0,2.0,0.0
DET,2019,2019_03_DET_PHI,83,300.5,1.0,1.0,124.5,0.5,300.5,1.0,0.5
DET,2019,2019_04_KC_DET,84,286.6666666666667,1.3333333333333333,0.6666666666666666,125.33333333333333,0.6666666666666666,286.6666666666667,1.3333333333333333,1.0
DET,2019,2019_06_DET_GB,85,293.75,1.0,0.5,124.75,1.25,293.75,1.0,1.25
DET,2019,2019_07_MIN_DET,86,291.6,1.2,0.6,133.8,1.0,291.6,1.2,1.2
DET,2019,2019_08_NYG_DET,87,299.3333333333333,1.6666666666666667,0.5,139.16666666666666,1.1666666666666667,299.3333333333333,1.6666666666666667,1.0
DET,2019,2019_09_DET_OAK,88,302.57142857142856,2.0,0.42857142857142855,130.71428571428572,1.0,302.57142857142856,2.0,1.0
DET,2019,2019_10_DET_CHI,89,300.875,2.0,0.375,135.75,1.125,300.875,2.0,0.875
DET,2019,2019_11_DAL_DET,90,286.6666666666667,2.111111111111111,0.3333333333333333,129.66666666666666,1.0,286.6666666666667,2.111111111111111,0.7777777777777778
DET,2019,2019_12_DET_WAS,91,302.4,2.2,0.3,124.2,1.0,302.4,2.2,0.8
DET,2019,2019_13_CHI_DET,92,289.09090909090907,2.0,0.36363636363636365,120.72727272727273,0.9090909090909091,289.09090909090907,2.0,0.8181818181818182
DET,2019,2019_14_DET_MIN,93,293.1666666666667,2.0833333333333335,0.4166666666666667,118.0,0.8333333333333334,293.1666666666667,2.0833333333333335,0.75
DET,2019,2019_15_TB_DET,94,289.2307692307692,2.0,0.38461538461538464,118.15384615384616,0.8461538461538461,289.2307692307692,2.0,0.6923076923076923
DET,2019,2019_16_DET_DEN,95,301.2857142857143,2.142857142857143,0.42857142857142855,113.21428571428571,0.7857142857142857,301.2857142857143,2.142857142857143,0.6428571428571429
DET,2019,2019_17_GB_DET,96,294.4,2.066666666666667,0.4,115.66666666666667,0.8666666666666667,294.4,2.066666666666667,0.6
DET,2020,2020_01_CHI_DET,97,,,,,,,,
DET,2020,2020_02_DET_GB,98,242.0,3.0,0.0,149.0,0.0,242.0,3.0,0.0
DET,2020,2020_03_DET_ARI,99,241.0,2.5,0.0,204.0,1.0,241.0,2.5,0.0
DET,2020,2020_04_NO_DET,100,250.66666666666666,2.3333333333333335,1.0,172.33333333333334,1.0,250.66666666666666,2.3333333333333335,0.0
DET,2020,2020_06_DET_JAX,101,249.5,2.25,1.0,170.25,1.5,249.5,2.25,0.0
DET,2020,2020_07_DET_ATL,102,248.2,2.0,1.0,145.0,1.4,248.2,2.0,0.2
DET,2020,2020_08_IND_DET,103,263.1666666666667,1.8333333333333333,0.8333333333333334,131.83333333333334,1.5,263.1666666666667,1.8333333333333333,0.3333333333333333
DET,2020,2020_09_DET_MIN,104,263.0,2.0,0.7142857142857143,130.0,1.5714285714285714,263.0,2.0,0.2857142857142857
DET,2020,2020_10_WAS_DET,105,257.625,2.125,0.625,148.125,1.625,257.625,2.125,0.25
DET,2020,2020_11_DET_CAR,106,272.3333333333333,1.8888888888888888,0.5555555555555556,141.55555555555554,1.7777777777777777,272.3333333333333,1.8888888888888888,0.3333333333333333
DET,2020,2020_12_HOU_DET,107,270.9,1.8,0.7,139.0,1.7,270.9,1.8,0.3
DET,2020,2020_13_DET_CHI,108,275.1818181818182,2.0,0.6363636363636364,133.36363636363637,1.5454545454545454,275.1818181818182,2.0,0.36363636363636365
DET,2020,2020_14_GB_DET,109,274.5,1.9166666666666667,0.5833333333333334,133.91666666666666,1.6666666666666667,274.5,1.9166666666666667,0.4166666666666667
DET,2020,2020_15_DET_TEN,110,275.6923076923077,2.0,0.5384615384615384,132.84615384615384,1.6153846153846154,275.6923076923077,2.0,0.38461538461538464
DET,2020,2020_16_TB_DET,111,275.5,2.0714285714285716,0.5,137.28571428571428,1.7142857142857142,275.5,2.0714285714285716,0.35714285714285715
DET,2020,2020_17_MIN_DET,112,289.8666666666667,2.3333333333333335,0.4666666666666667,135.53333333333333,1.6666666666666667,289.8666666666667,2.3333333333333335,0.3333333333333333
DET,2021,2021_01_SF_DET,113,,,,,,,,
DET,2021,2021_02_DET_GB,114,319.0,2.0,0.0,131.0,2.0,319.0,2.0,2.0
DET,2021,2021_03_BAL_DET,115,287.0,3.0,0.0,113.5,1.5,287.0,3.0,1.0
DET,2021,2021_04_DET_CHI,116,287.0,2.3333333333333335,0.3333333333333333,114.33333333333333,1.0,287.0,2.3333333333333335,0.6666666666666666
DET,2021,2021_05_DET_MIN,117,267.5,1.75,0.5,132.75,1.5,267.5,1.75,0.5
DET,2021,2021_06_CIN_DET,118,269.0,1.6,0.6,130.2,1.2,269.0,1.6,0.6
DET,2021,2021_07_DET_LA,119,270.5,2.0,0.6666666666666666,132.16666666666666,1.0,270.5,2.0,0.5
DET,2021,2021_08_PHI_DET,120,279.57142857142856,2.142857142857143,0.5714285714285714,120.0,0.8571428571428571,279.57142857142856,2.142857142857143,0.42857142857142855
DET,2021,2021_10_DET_PIT,121,258.875,1.875,0.5,134.5,1.25,258.875,1.875,0.375
DET,2021,2021_11_DET_CLE,122,257.0,1.7777777777777777,0.5555555555555556,135.66666666666666,1.1111111111111112,257.0,1.7777777777777777,0.5555555555555556
DET,2021,2021_12_CHI_DET,123,248.9,1.7,0.7,140.5,1.1,248.9,1.7,0.5
DET,2021,2021_13_MIN_DET,124,255.0909090909091,1.6363636363636365,0.7272727272727273,133.9090909090909,1.0,255.0909090909091,1.6363636363636365,0.45454545454545453
DET,2021,2021_14_DET_DEN,125,262.1666666666667,1.6666666666666667,0.6666666666666666,131.08333333333334,1.0,262.1666666666667,1.6666666666666667,0.5
DET,2021,2021_15_ARI_DET,126,255.76923076923077,1.6923076923076923,0.6153846153846154,135.15384615384616,1.1538461538461537,255.76923076923077,1.6923076923076923,0.46153846153846156
DET,2021,2021_16_DET_ATL,127,259.85714285714283,1.6428571428571428,0.6428571428571429,133.0,1.0714285714285714,259.85714285714283,1.6428571428571428,0.42857142857142855
DET,2021,2021_17_DET_SEA,128,256.8666666666667,1.6,0.6,127.26666666666667,1.0666666666666667,256.8666666666667,1.6,0.4666666666666667
DET,2021,2021_18_GB_DET,129,255.5625,1.75,0.5625,135.875,1.125,255.5625,1.75,0.4375
DET,2022,2022_01_PHI_DET,130,,,,,,,,
DET,2022,2022_02_WAS_DET,131,243.0,0.0,0.0,216.0,4.0,243.0,0.0,0.0
DET,2022,2022_03_DET_MIN,132,290.0,1.5,0.5,152.0,2.5,290.0,1.5,0.0
DET,2022,2022_04_SEA_DET,133,280.0,1.6666666666666667,0.3333333333333333,142.33333333333334,2.3333333333333335,280.0,1.6666666666666667,0.3333333333333333
DET,2022,2022_05_DET_NE,134,290.0,1.75,0.25,165.5,2.5,290.0,1.75,0.25
DET,2022,2022_07_DET_DAL,135,269.6,1.6,0.4,167.6,2.0,269.6,1.6,0.2
DET,2022,2022_08_MIA_DET,136,259.1666666666667,1.5,0.3333333333333333,162.83333333333334,2.0,259.1666666666667,1.5,0.3333333333333333
DET,2022,2022_09_GB_DET,137,276.7142857142857,1.7142857142857142,0.2857142857142857,154.85714285714286,1.8571428571428572,276.7142857142857,1.7142857142857142,0.42857142857142855
DET,2022,2022_10_DET_CHI,138,278.5,1.625,0.625,148.75,1.625,278.5,1.625,0.375
DET,2022,2022_11_DET_NYG,139,266.1111111111111,1.6666666666666667,0.6666666666666666,160.88888888888889,1.6666666666666667,266.1111111111111,1.6666666666666667,0.3333333333333333
DET,2022,2022_12_BUF_DET,140,273.6,1.6,0.8,153.7,1.7,273.6,1.6,0.4
DET,2022,2022_13_JAX_DET,141,271.72727272727275,1.6363636363636365,0.8181818181818182,154.63636363636363,1.6363636363636365,271.72727272727275,1.6363636363636365,0.36363636363636365
DET,2022,2022_14_MIN_DET,142,264.5,1.5833333333333333,0.75,149.66666666666666,1.5,264.5,1.5833333333333333,0.4166666666666667
DET,2022,2022_15_DET_NYJ,143,276.84615384615387,1.6153846153846154,0.6923076923076923,139.84615384615384,1.4615384615384615,276.84615384615387,1.6153846153846154,0.5384615384615384
DET,2022,2022_16_DET_CAR,144,279.7142857142857,1.6428571428571428,0.7142857142857143,133.42857142857142,1.3571428571428572,279.7142857142857,1.6428571428571428,0.5
DET,2022,2022_17_CHI_DET,145,277.73333333333335,1.6,0.6666666666666666,145.86666666666667,1.4666666666666666,277.73333333333335,1.6,0.4666666666666667
DET,2022,2022_18_DET_GB,146,265.0625,1.5625,0.6875,149.25,1.375,265.0625,1.5625,0.5
DET,2023,2023_01_DET_KC,147,,,,,,,,
DET,2023,2023_02_SEA_DET,148,226.0,2.0,1.0,90.0,0.0,226.0,2.0,0.0
DET,2023,2023_03_ATL_DET,149,277.0,2.0,0.5,86.0,1.0,277.0,2.0,0.0
DET,2023,2023_04_DET_GB,150,251.66666666666666,1.3333333333333333,0.3333333333333333,72.0,0.6666666666666666,251.66666666666666,1.3333333333333333,0.3333333333333333
DET,2023,2023_05_CAR_DET,151,250.25,1.25,0.75,60.75,0.75,250.25,1.25,0.25
DET,2023,2023_06_DET_TB,152,249.6,1.6,1.0,68.4,0.6,249.6,1.6,0.4
DET,2023,2023_07_DET_BAL,153,242.33333333333334,1.3333333333333333,1.0,64.66666666666667,0.5,242.33333333333334,1.3333333333333333,0.3333333333333333
DET,2023,2023_08_LV_DET,154,258.7142857142857,1.5714285714285714,0.8571428571428571,76.28571428571429,0.7142857142857143,258.7142857142857,1.5714285714285714,0.42857142857142855
DET,2023,2023_10_DET_LAC,155,242.125,1.375,0.875,76.75,0.75,242.125,1.375,0.375
DET,2023,2023_11_CHI_DET,156,251.11111111111111,1.6666666666666667,0.8888888888888888,79.11111111111111,0.7777777777777778,251.11111111111111,1.6666666666666667,0.3333333333333333
DET,2023,2023_12_GB_DET,157,242.9,1.6,0.8,89.5,0.8,242.9,1.6,0.4
DET,2023,2023_13_DET_NO,158,245.1818181818182,1.7272727272727273,0.7272727272727273,91.27272727272727,0.7272727272727273,245.1818181818182,1.7272727272727273,0.36363636363636365
DET,2023,2023_14_DET_CHI,159,247.0,1.6666666666666667,0.75,93.08333333333333,0.9166666666666666,247.0,1.6666666666666667,0.4166666666666667
DET,2023,2023_15_DEN_DET,160,245.15384615384616,1.6153846153846154,0.6923076923076923,96.84615384615384,1.0,245.15384615384616,1.6153846153846154,0.38461538461538464
DET,2023,2023_16_DET_MIN,161,243.57142857142858,1.5714285714285714,0.6428571428571429,95.85714285714286,1.0,243.57142857142858,1.5714285714285714,0.42857142857142855
DET,2023,2023_17_DET_DAL,162,254.73333333333332,1.6,0.8666666666666667,90.6,1.0,254.73333333333332,1.6,0.4
DET,2023,2023_18_MIN_DET,163,260.375,1.625,0.875,88.75,0.9375,260.375,1.625,0.375
DET,2024,2024_01_LA_DET,164,,,,,,,,
DET,2024,2024_02_TB_DET,165,317.0,1.0,1.0,83.0,1.0,317.0,1.0,0.0
DET,2024,2024_03_DET_ARI,166,251.0,1.0,1.0,76.5,1.0,251.0,1.0,0.0
DET,2024,2024_04_SEA_DET,167,236.33333333333334,1.0,1.0,76.66666666666667,0.6666666666666666,236.33333333333334,1.0,0.0
DET,2024,2024_06_DET_DAL,168,276.0,1.0,1.0,90.75,1.25,276.0,1.0,0.25
DET,2024,2024_07_DET_MIN,169,265.6,0.8,1.4,83.2,1.0,265.6,0.8,0.6
DET,2024,2024_08_TEN_DET,170,264.5,0.8333333333333334,1.3333333333333333,92.5,1.0,264.5,0.8333333333333334,0.5
DET,2024,2024_09_DET_GB,171,264.7142857142857,0.8571428571428571,1.4285714285714286,101.85714285714286,1.0,264.7142857142857,0.8571428571428571,0.7142857142857143
DET,2024,2024_10_DET_HOU,172,265.75,0.75,1.375,106.375,1.0,265.75,0.75,0.625
DET,2024,2024_11_JAX_DET,173,262.0,0.7777777777777778,1.4444444444444444,100.77777777777777,1.0,262.0,0.7777777777777778,0.5555555555555556
DET,2024,2024_12_DET_IND,174,249.6,0.7,1.4,94.8,0.9,249.6,0.7,0.5
DET,2024,2024_13_CHI_DET,175,242.54545454545453,0.6363636363636364,1.2727272727272727,94.9090909090909,0.8181818181818182,242.54545454545453,0.6363636363636364,0.45454545454545453
DET,2024,2024_14_GB_DET,176,243.66666666666666,0.8333333333333334,1.1666666666666667,93.5,0.75,243.66666666666666,0.8333333333333334,0.4166666666666667
DET,2024,2024_15_BUF_DET,177,240.76923076923077,0.8461538461538461,1.0769230769230769,93.92307692307692,0.9230769230769231,240.76923076923077,0.8461538461538461,0.46153846153846156
DET,2024,2024_16_DET_CHI,178,249.42857142857142,0.9285714285714286,1.0,101.28571428571429,1.1428571428571428,249.42857142857142,0.9285714285714286,0.42857142857142855
DET,2024,2024_17_DET_SF,179,255.06666666666666,1.0,0.9333333333333333,98.46666666666667,1.0666666666666667,255.06666666666666,1.0,0.5333333333333333
DET,2024,2024_18_MIN_DET,180,264.875,1.125,1.0,97.0,1.125,264.875,1.125,0.5
GB,2014,2014_01_GB_SEA,1,,,,,,,,
GB,2014,2014_02_NYJ_GB,2,191.0,2.0,0.0,207.0,2.0,191.0,2.0,0.0
GB,2014,2014_03_GB_DET,3,183.5,1.5,0.5,158.5,2.0,183.5,1.5,0.0
GB,2014,2014_04_GB_CHI,4,204.33333333333334,1.0,1.0,144.0,1.6666666666666667,204.33333333333334,1.0,0.3333333333333333
GB,2014,2014_05_MIN_GB,5,219.5,1.25,1.25,166.75,1.25,219.5,1.25,0.25
GB,2014,2014_06_GB_MIA,6,220.0,1.0,1.4,155.6,1.2,220.0,1.0,0.4
GB,2014,2014_07_CAR_GB,7,224.0,1.1666666666666667,1.5,148.33333333333334,1.1666666666666667,224.0,1.1666666666666667,0.5
GB,2014,2014_08_GB_NO,8,227.42857142857142,1.2857142857142858,1.4285714285714286,142.57142857142858,1.0,227.42857142857142,1.2857142857142858,0.42857142857142855
GB,2014,2014_10_CHI_GB,9,237.875,1.5,1.25,148.875,1.125,237.875,1.5,0.5
GB,2014,2014_11_PHI_GB,10,242.88888888888889,1.4444444444444444,1.3333333333333333,138.44444444444446,1.0,242.88888888888889,1.4444444444444444,0.5555555555555556
GB,2014,2014_12_GB_MIN,11,253.2,1.5,1.4,135.5,0.9,253.2,1.5,0.7
GB,2014,2014_13_NE_GB,12,249.27272727272728,1.5454545454545454,1.3636363636363635,133.36363636363637,0.8181818181818182,249.27272727272728,1.5454545454545454,0.6363636363636364
GB,2014,2014_14_ATL_GB,13,248.91666666666666,1.5833333333333333,1.25,129.25,0.8333333333333334,248.91666666666666,1.5833333333333333,0.5833333333333334
GB,2014,2014_15_GB_BUF,14,258.61538461538464,1.7692307692307692,1.2307692307692308,126.3076923076923,0.8461538461538461,258.61538461538464,1.7692307692307692,0.5384615384615384
GB,2014,2014_16_GB_TB,15,251.42857142857142,1.6428571428571428,1.2142857142857142,125.35714285714286,0.7857142857142857,251.42857142857142,1.6428571428571428,0.5
GB,2014,2014_17_DET_GB,16,244.46666666666667,1.5333333333333334,1.2,118.06666666666666,0.7333333333333333,244.46666666666667,1.5333333333333334,0.4666666666666667
GB,2015,2015_01_GB_CHI,17,,,,,,,,
GB,2015,2015_02_SEA_GB,18,225.0,1.0,1.0,189.0,1.0,225.0,1.0,0.0
GB,2015,2015_03_KC_GB,19,215.5,1.5,1.0,154.0,0.5,215.5,1.5,0.5
GB,2015,2015_04_GB_SF,20,240.33333333333334,1.3333333333333333,1.0,127.66666666666667,1.3333333333333333,240.33333333333334,1.3333333333333333,0.3333333333333333
GB,2015,2015_05_STL_GB,21,220.25,1.0,1.0,115.0,1.0,220.25,1.0,0.25
GB,2015,2015_06_SD_GB,22,208.4,1.0,1.6,130.2,0.8,208.4,1.0,0.2
GB,2015,2015_08_GB_DEN,23,257.5,1.1666666666666667,1.3333333333333333,118.5,0.6666666666666666,257.5,1.1666666666666667,0.3333333333333333
GB,2015,2015_09_GB_CAR,24,269.2857142857143,1.0,1.2857142857142858,124.42857142857143,1.0,269.2857142857143,1.0,0.2857142857142857
GB,2015,2015_10_DET_GB,25,272.75,1.25,1.25,125.125,1.0,272.75,1.25,0.25
GB,2015,2015_11_GB_MIN,26,269.3333333333333,1.3333333333333333,1.2222222222222223,116.22222222222223,0.8888888888888888,269.3333333333333,1.3333333333333333,0.2222222222222222
GB,2015,2015_12_CHI_GB,27,272.0,1.3,1.1,114.0,0.9,272.0,1.3,0.3
GB,2015,2015_13_GB_DET,28,265.45454545454544,1.2727272727272727,1.0,112.81818181818181,0.9090909090909091,265.45454545454544,1.2727272727272727,0.2727272727272727
GB,2015,2015_14_DAL_GB,29,261.6666666666667,1.3333333333333333,0.9166666666666666,111.83333333333333,0.8333333333333334,261.6666666666667,1.3333333333333333,0.3333333333333333
GB,2015,2015_15_GB_OAK,30,250.30769230769232,1.2307692307692308,0.9230769230769231,116.38461538461539,0.8461538461538461,250.30769230769232,1.2307692307692308,0.3076923076923077
GB,2015,2015_16_GB_ARI,31,252.14285714285714,1.2857142857142858,1.0,116.64285714285714,0.7857142857142857,252.14285714285714,1.2857142857142858,0.2857142857142857
GB,2015,2015_17_MIN_GB,32,253.26666666666668,1.3333333333333333,1.0,116.93333333333334,0.8,253.26666666666668,1.3333333333333333,0.3333333333333333
GB,2016,2016_01_GB_JAX,33,,,,,,,,
GB,2016,2016_02_GB_MIN,34,320.0,1.0,1.0,48.0,1.0,320.0,1.0,0.0
GB,2016,2016_03_DET_GB,35,303.0,1.5,0.5,39.0,0.5,303.0,1.5,0.0
GB,2016,2016_05_NYG_GB,36,330.3333333333333,2.0,0.6666666666666666,42.666666666666664,0.3333333333333333,330.3333333333333,2.0,0.0
GB,2016,2016_06_DAL_GB,37,297.5,1.75,0.5,42.75,0.25,297.5,1.75,0.25
GB,2016,2016_07_CHI_GB,38,287.4,2.0,0.6,72.4,0.2,287.4,2.0,0.4
GB,2016,2016_08_GB_ATL,39,261.1666666666667,1.6666666666666667,0.8333333333333334,71.83333333333333,0.16666666666666666,261.1666666666667,1.6666666666666667,0.3333333333333333
GB,2016,2016_09_IND_GB,40,265.0,1.8571428571428572,0.7142857142857143,74.42857142857143,0.2857142857142857,265.0,1.8571428571428572,0.2857142857142857
GB,2016,2016_10_GB_TEN,41,267.0,1.75,0.875,75.75,0.5,267.0,1.75,0.25
GB,2016,2016_11_GB_WAS,42,271.22222222222223,2.111111111111111,0.7777777777777778,84.44444444444444,0.5555555555555556,271.22222222222223,2.111111111111111,0.2222222222222222
GB,2016,2016_12_GB_PHI,43,281.6,2.2,0.7,91.1,0.8,281.6,2.2,0.2
GB,2016,2016_13_HOU_GB,44,279.09090909090907,2.0,0.7272727272727273,90.18181818181819,0.8181818181818182,279.09090909090907,2.0,0.18181818181818182
GB,2016,2016_14_SEA_GB,45,272.6666666666667,2.0,0.6666666666666666,92.91666666666667,0.75,273.3333333333333,2.0,0.25
GB,2016,2016_15_GB_CHI,46,270.15384615384613,1.9230769230769231,1.0,96.23076923076923,0.6923076923076923,270.7692307692308,1.9230769230769231,0.3076923076923077
GB,2016,2016_16_MIN_GB,47,276.7142857142857,1.9285714285714286,1.1428571428571428,96.14285714285714,0.7142857142857143,277.2857142857143,1.9285714285714286,0.35714285714285715
GB,2016,2016_17_GB_DET,48,283.73333333333335,2.0,1.0666666666666667,95.93333333333334,0.6666666666666666,284.26666666666665,2.0,0.4
GB,2017,2017_01_SEA_GB,49,,,,,,,,
GB,2017,2017_02_GB_ATL,50,158.0,0.0,0.0,90.0,0.0,158.0,0.0,1.0
GB,2017,2017_03_CIN_GB,51,205.0,0.5,0.0,115.5,1.0,205.0,0.5,0.5
GB,2017,2017_04_CHI_GB,52,207.33333333333334,1.0,0.0,113.66666666666667,0.6666666666666666,207.33333333333334,1.0,0.3333333333333333
GB,2017,2017_05_GB_DAL,53,210.0,1.0,0.5,111.0,0.75,210.0,1.0,0.75
GB,2017,2017_06_GB_MIN,54,218.2,1.4,0.6,121.4,0.8,218.2,1.4,0.8
GB,2017,2017_07_NO_GB,55,221.66666666666666,1.3333333333333333,0.6666666666666666,119.83333333333333,0.8333333333333334,221.66666666666666,1.3333333333333333,0.8333333333333334
GB,2017,2017_09_DET_GB,56,237.28571428571428,1.2857142857142858,0.8571428571428571,125.71428571428571,1.0,237.28571428571428,1.2857142857142858,0.7142857142857143
GB,2017,2017_10_GB_CHI,57,252.75,1.375,0.75,118.0,1.0,252.75,1.375,0.75
GB,2017,2017_11_BAL_GB,58,257.6666666666667,1.3333333333333333,0.6666666666666666,111.0,0.8888888888888888,257.44444444444446,1.3333333333333333,0.6666666666666666
GB,2017,2017_12_GB_PIT,59,250.2,1.3,0.7,105.7,0.9,250.0,1.3,0.6
GB,2017,2017_13_TB_GB,60,259.3636363636364,1.5454545454545454,0.8181818181818182,107.0909090909091,0.8181818181818182,259.1818181818182,1.5454545454545454,0.6363636363636364
GB,2017,2017_14_GB_CLE,61,260.25,1.5833333333333333,0.75,111.91666666666667,0.75,260.0833333333333,1.5833333333333333,0.6666666666666666
GB,2017,2017_15_GB_CAR,62,256.6923076923077,1.6923076923076923,0.8461538461538461,113.76923076923077,0.6923076923076923,256.53846153846155,1.6923076923076923,0.6153846153846154
GB,2017,2017_16_MIN_GB,63,255.64285714285714,1.8571428571428572,0.7857142857142857,116.42857142857143,0.6428571428571429,255.5,1.8571428571428572,0.5714285714285714
GB,2017,2017_17_GB_DET,64,247.86666666666667,1.8,0.7333333333333333,116.13333333333334,0.6,247.73333333333332,1.8,0.5333333333333333
GB,2018,2018_01_CHI_GB,65,,,,,,,,
GB,2018,2018_02_MIN_GB,66,171.0,0.0,0.0,139.0,1.0,171.0,0.0,1.0
GB,2018,2018_03_GB_WAS,67,298.0,2.0,0.5,103.5,0.5,298.0,2.0,0.5
GB,2018,2018_04_BUF_GB,68,272.0,2.0,0.6666666666666666,124.33333333333333,1.0,272.0,2.0,0.3333333333333333
GB,2018,2018_05_GB_DET,69,241.75,1.5,1.0,107.75,0.75,241.75,1.5,0.5
GB,2018,2018_06_SF_GB,70,230.0,1.6,0.8,105.0,1.0,230.0,1.6,0.4
GB,2018,2018_08_GB_LA,71,232.5,1.6666666666666667,0.8333333333333334,116.5,1.0,232.5,1.6666666666666667,0.5
GB,2018,2018_09_GB_NE,72,243.14285714285714,1.8571428571428572,0.7142857142857143,119.14285714285714,0.8571428571428571,243.14285714285714,1.8571428571428572,0.42857142857142855
GB,2018,2018_10_MIA_GB,73,254.125,1.75,0.625,119.625,1.125,254.125,1.75,0.375
GB,2018,2018_11_GB_SEA,74,249.55555555555554,1.5555555555555556,0.6666666666666666,120.88888888888889,1.0,249.55555555555554,1.5555555555555556,0.4444444444444444
GB,2018,2018_12_GB_MIN,75,247.1,1.6,0.6,126.1,1.0,247.1,1.6,0.5
GB,2018,2018_13_ARI_GB,76,255.72727272727272,1.7272727272727273,0.5454545454545454,122.9090909090909,0.9090909090909091,255.72727272727272,1.7272727272727273,0.45454545454545453
GB,2018,2018_14_ATL_GB,77,246.83333333333334,1.5833333333333333,0.5,127.83333333333333,1.0,246.83333333333334,1.5833333333333333,0.4166666666666667
GB,2018,2018_15_GB_CHI,78,248.0,1.6923076923076923,0.5384615384615384,126.23076923076923,0.9230769230769231,248.0,1.6923076923076923,0.38461538461538464
GB,2018,2018_16_GB_NYJ,79,247.07142857142858,1.7142857142857142,0.5,124.35714285714286,0.9285714285714286,247.07142857142858,1.7142857142857142,0.42857142857142855
GB,2018,2018_17_DET_GB,80,253.33333333333334,1.8,0.4666666666666667,119.2,0.9333333333333333,253.33333333333334,1.8,0.4
GB,2019,2019_01_GB_CHI,81,,,,,,,,
GB,2019,2019_02_MIN_GB,82,228.0,0.0,1.0,46.0,0.0,228.0,0.0,0.0
GB,2019,2019_03_DEN_GB,83,229.0,0.5,1.5,122.0,0.5,229.0,0.5,1.0
GB,2019,2019_04_PHI_GB,84,223.66666666666666,0.3333333333333333,1.3333333333333333,131.0,1.0,223.66666666666666,0.3333333333333333,1.3333333333333333
GB,2019,2019_05_GB_DAL,85,207.75,1.0,1.0,142.25,1.25,207.75,1.0,1.0
GB,2019,2019_06_DET_GB,86,258.8,1.2,1.4,138.2,1.2,258.8,1.2,0.8
GB,2019,2019_07_OAK_GB,87,259.8333333333333,1.0,1.1666666666666667,124.5,1.1666666666666667,259.8333333333333,1.0,0.6666666666666666
GB,2019,2019_08_GB_KC,88,269.7142857142857,1.2857142857142858,1.1428571428571428,128.85714285714286,1.0,269.7142857142857,1.2857142857142858,0.5714285714285714
GB,2019,2019_09_GB_LAC,89,269.375,1.375,1.0,123.75,1.0,269.375,1.375,0.625
GB,2019,2019_10_CAR_GB,90,272.1111111111111,1.2222222222222223,0.8888888888888888,127.66666666666667,1.1111111111111112,272.1111111111111,1.2222222222222223,0.5555555555555556
GB,2019,2019_12_GB_SF,91,275.6,1.2,0.9,126.9,1.1,275.6,1.2,0.6
GB,2019,2019_13_GB_NYG,92,273.54545454545456,1.2727272727272727,0.8181818181818182,125.54545454545455,1.1818181818181819,273.54545454545456,1.2727272727272727,0.5454545454545454
GB,2019,2019_14_WAS_GB,93,270.75,1.25,1.0,123.0,1.0833333333333333,270.75,1.25,0.5
GB,2019,2019_15_CHI_GB,94,263.0,1.2307692307692308,1.0,122.84615384615384,1.0769230769230769,263.0,1.2307692307692308,0.46153846153846156
GB,2019,2019_16_GB_MIN,95,268.07142857142856,1.2142857142857142,1.0714285714285714,120.92857142857143,1.0,268.07142857142856,1.2142857142857142,0.42857142857142855
GB,2019,2019_17_GB_DET,96,258.3333333333333,1.2,1.0666666666666667,116.66666666666667,0.9333333333333333,258.3333333333333,1.2,0.4
GB,2020,2020_01_GB_MIN,97,,,,,,,,
GB,2020,2020_02_DET_GB,98,259.0,2.0,1.0,134.0,2.0,259.0,2.0,0.0
GB,2020,2020_03_GB_NO,99,251.5,2.0,1.0,111.5,1.5,251.5,2.0,0.0
GB,2020,2020_04_ATL_GB,100,263.6666666666667,2.3333333333333335,0.6666666666666666,115.0,1.0,263.6666666666667,2.3333333333333335,0.3333333333333333
GB,2020,2020_06_GB_TB,101,269.0,1.75,0.5,105.75,1.25,269.0,1.75,0.25
GB,2020,2020_07_GB_HOU,102,248.4,1.8,0.4,116.2,1.4,248.4,1.8,0.2
GB,2020,2020_08_MIN_GB,103,258.5,1.8333333333333333,0.3333333333333333,110.0,1.1666666666666667,258.5,1.8333333333333333,0.3333333333333333
GB,2020,2020_09_GB_SF,104,244.42857142857142,1.7142857142857142,0.2857142857142857,119.0,1.4285714285714286,244.42857142857142,1.7142857142857142,0.2857142857142857
GB,2020,2020_10_JAX_GB,105,250.25,1.625,0.375,111.0,1.375,250.25,1.625,0.375
GB,2020,2020_11_GB_IND,106,241.22222222222223,1.5555555555555556,0.4444444444444444,110.77777777777777,1.2222222222222223,241.22222222222223,1.5555555555555556,0.3333333333333333
GB,2020,2020_12_CHI_GB,107,245.9,1.7,0.5,113.7,1.1,245.9,1.7,0.4
GB,2020,2020_13_PHI_GB,108,245.54545454545453,1.8181818181818181,0.6363636363636364,114.36363636363636,1.0,245.54545454545453,1.8181818181818181,0.45454545454545453
GB,2020,2020_14_GB_DET,109,240.75,1.75,0.6666666666666666,114.58333333333333,0.9166666666666666,240.75,1.75,0.4166666666666667
GB,2020,2020_15_CAR_GB,110,243.23076923076923,1.6923076923076923,0.6153846153846154,109.6923076923077,1.0,243.23076923076923,1.6923076923076923,0.38461538461538464
GB,2020,2020_16_TEN_GB,111,244.28571428571428,1.5714285714285714,0.5714285714285714,110.07142857142857,1.0,244.28571428571428,1.5714285714285714,0.42857142857142855
GB,2020,2020_17_GB_CHI,112,236.06666666666666,1.5333333333333334,0.6666666666666666,113.13333333333334,1.0,236.06666666666666,1.5333333333333334,0.4
GB,2021,2021_01_GB_NO,113,,,,,,,,
GB,2021,2021_02_DET_GB,114,151.0,5.0,0.0,171.0,0.0,151.0,5.0,0.0
GB,2021,2021_03_GB_SF,115,198.5,3.5,0.5,139.5,0.0,198.5,3.5,0.5
GB,2021,2021_04_PIT_GB,116,218.0,3.0,0.6666666666666666,115.33333333333333,0.6666666666666666,218.0,3.0,0.6666666666666666
GB,2021,2021_05_GB_CIN,117,221.5,2.5,0.75,102.0,0.75,221.5,2.5,0.75
GB,2021,2021_06_GB_CHI,118,233.4,2.4,1.0,102.2,0.8,233.4,2.4,0.6
GB,2021,2021_07_WAS_GB,119,223.5,2.1666666666666665,1.0,108.5,0.8333333333333334,223.5,2.1666666666666665,0.5
GB,2021,2021_08_GB_ARI,120,229.85714285714286,2.0,1.0,120.85714285714286,0.7142857142857143,229.85714285714286,2.0,0.5714285714285714
GB,2021,2021_09_GB_KC,121,235.375,1.75,1.125,115.0,1.0,235.375,1.75,0.5
GB,2021,2021_10_SEA_GB,122,227.66666666666666,1.6666666666666667,1.0,110.77777777777777,0.8888888888888888,227.66666666666666,1.6666666666666667,0.4444444444444444
GB,2021,2021_11_GB_MIN,123,221.0,1.5,1.1,107.2,0.8,221.0,1.5,0.4
GB,2021,2021_12_LA_GB,124,231.9090909090909,1.6363636363636365,1.0,105.63636363636364,0.8181818181818182,231.9090909090909,1.6363636363636365,0.36363636363636365
GB,2021,2021_14_CHI_GB,125,237.75,1.75,1.0,102.5,0.75,237.75,1.75,0.4166666666666667
GB,2021,2021_15_GB_BAL,126,236.69230769230768,1.7692307692307692,1.0769230769230769,105.15384615384616,0.6923076923076923,236.69230769230768,1.7692307692307692,0.46153846153846156
GB,2021,2021_16_CLE_GB,127,235.14285714285714,1.7857142857142858,1.0,107.85714285714286,0.7857142857142857,235.14285714285714,1.7857142857142858,0.42857142857142855
GB,2021,2021_17_MIN_GB,128,234.26666666666668,1.8,1.2,115.26666666666667,0.8,234.26666666666668,1.8,0.4
GB,2021,2021_18_GB_DET,129,231.75,1.75,1.125,109.75,0.75,231.75,1.75,0.375
GB,2022,2022_01_GB_MIN,130,,,,,,,,
GB,2022,2022_02_CHI_GB,131,277.0,2.0,0.0,126.0,0.0,277.0,2.0,0.0
GB,2022,2022_03_GB_TB,132,173.5,1.0,0.5,153.0,0.5,173.5,1.0,0.0
GB,2022,2022_04_NE_GB,133,206.0,1.0,0.3333333333333333,113.33333333333333,0.3333333333333333,206.0,1.0,0.6666666666666666
GB,2022,2022_05_NYG_GB,134,188.5,1.0,0.25,126.75,0.5,188.5,1.0,0.75
GB,2022,2022_06_NYJ_GB,135,194.2,0.8,0.2,126.4,1.0,194.2,0.8,0.6
GB,2022,2022_07_GB_WAS,136,180.16666666666666,0.6666666666666666,0.16666666666666666,135.16666666666666,1.1666666666666667,180.16666666666666,0.6666666666666666,0.5
GB,2022,2022_08_GB_BUF,137,183.14285714285714,0.8571428571428571,0.2857142857142857,139.57142857142858,1.0,183.14285714285714,0.8571428571428571,0.42857142857142855
GB,2022,2022_09_GB_DET,138,187.5,1.0,0.5,141.25,1.0,187.5,1.0,0.375
GB,2022,2022_10_DAL_GB,139,181.88888888888889,1.1111111111111112,0.5555555555555556,138.55555555555554,0.8888888888888888,181.88888888888889,1.1111111111111112,0.3333333333333333
GB,2022,2022_11_TEN_GB,140,190.2,1.3,0.7,140.6,0.9,190.2,1.3,0.3
GB,2022,2022_12_GB_PHI,141,203.54545454545453,1.4545454545454546,0.7272727272727273,135.8181818181818,0.9090909090909091,203.54545454545453,1.4545454545454546,0.2727272727272727
GB,2022,2022_13_GB_CHI,142,199.33333333333334,1.5,0.6666666666666666,154.75,1.0833333333333333,199.33333333333334,1.5,0.3333333333333333
GB,2022,2022_15_LA_GB,143,203.53846153846155,1.3846153846153846,0.7692307692307693,154.76923076923077,1.1538461538461537,203.53846153846155,1.3846153846153846,0.38461538461538464
GB,2022,2022_16_GB_MIA,144,196.92857142857142,1.3571428571428572,0.7857142857142857,148.85714285714286,1.0714285714285714,196.92857142857142,1.3571428571428572,0.35714285714285715
GB,2022,2022_17_MIN_GB,145,204.46666666666667,1.3333333333333333,0.9333333333333333,144.4,1.0666666666666667,204.46666666666667,1.3333333333333333,0.4
GB,2022,2022_18_DET_GB,146,208.0625,1.375,1.0625,141.75,1.0,208.0625,1.375,0.4375
GB,2023,2023_01_GB_CHI,147,,,,,,,,
GB,2023,2023_02_GB_ATL,148,216.0,1.0,1.0,122.0,1.0,216.0,1.0,1.0
GB,2023,2023_03_NO_GB,149,226.5,1.0,1.0,166.5,1.0,226.5,1.0,0.5
GB,2023,2023_04_DET_GB,150,219.0,1.0,0.6666666666666666,136.66666666666666,0.6666666666666666,219.0,1.0,0.3333333333333333
GB,2023,2023_05_GB_LV,151,216.75,1.0,0.75,155.25,1.25,216.75,1.0,0.25
GB,2023,2023_07_GB_DEN,152,215.0,1.0,0.8,143.4,1.2,215.0,1.0,0.2
GB,2023,2023_08_MIN_GB,153,211.5,1.0,0.6666666666666666,143.66666666666666,1.0,211.5,1.0,0.16666666666666666
GB,2023,2023_09_LA_GB,154,223.71428571428572,1.1428571428571428,0.5714285714285714,132.0,1.0,223.71428571428572,1.1428571428571428,0.2857142857142857
GB,2023,2023_10_GB_PIT,155,212.0,1.0,0.625,124.0,0.875,212.0,1.0,0.25
GB,2023,2023_11_LAC_GB,156,202.44444444444446,0.8888888888888888,0.5555555555555556,133.0,1.0,202.44444444444446,0.8888888888888888,0.2222222222222222
GB,2023,2023_12_GB_DET,157,208.2,1.0,0.5,134.7,0.9,208.2,1.0,0.3
GB,2023,2023_13_KC_GB,158,219.45454545454547,1.0909090909090908,0.45454545454545453,135.1818181818182,0.9090909090909091,219.45454545454547,1.0909090909090908,0.5454545454545454
GB,2023,2023_14_GB_NYG,159,218.66666666666666,1.0833333333333333,0.5,136.25,0.9166666666666666,218.66666666666666,1.0833333333333333,0.5
GB,2023,2023_15_TB_GB,160,214.0,1.0769230769230769,0.46153846153846156,141.84615384615384,1.0,214.0,1.0769230769230769,0.5384615384615384
GB,2023,2023_16_GB_CAR,161,225.92857142857142,1.2857142857142858,0.42857142857142855,138.78571428571428,0.9285714285714286,225.92857142857142,1.2857142857142858,0.5714285714285714
GB,2023,2023_17_GB_MIN,162,231.66666666666666,1.3333333333333333,0.4,135.93333333333334,1.0,231.66666666666666,1.3333333333333333,0.5333333333333333
GB,2023,2023_18_CHI_GB,163,228.4375,1.3125,0.4375,131.625,0.9375,228.4375,1.3125,0.5625
GB,2024,2024_01_GB_PHI,164,,,,,,,,
GB,2024,2024_02_IND_GB,165,278.0,2.0,2.0,144.0,2.0,278.0,2.0,1.0
GB,2024,2024_03_GB_TEN,166,241.0,1.5,2.5,142.0,1.0,241.0,1.5,0.5
GB,2024,2024_04_MIN_GB,167,247.33333333333334,1.6666666666666667,2.3333333333333335,105.66666666666667,0.6666666666666666,247.33333333333334,1.6666666666666667,0.6666666666666666
GB,2024,2024_05_GB_LA,168,254.25,2.0,2.0,109.25,0.75,254.25,2.0,0.75
GB,2024,2024_06_ARI_GB,169,255.4,1.8,1.8,114.2,0.8,255.4,1.8,0.8
GB,2024,2024_07_HOU_GB,170,248.5,1.6666666666666667,1.5,110.0,0.6666666666666666,248.5,1.6666666666666667,1.1666666666666667
GB,2024,2024_08_GB_JAX,171,225.28571428571428,1.4285714285714286,1.2857142857142858,114.57142857142857,0.8571428571428571,225.28571428571428,1.4285714285714286,1.0
GB,2024,2024_09_DET_GB,172,235.625,1.5,1.25,111.625,0.875,235.625,1.5,1.0
GB,2024,2024_11_GB_CHI,173,225.55555555555554,1.4444444444444444,1.1111111111111112,113.0,0.8888888888888888,225.55555555555554,1.4444444444444444,0.8888888888888888
GB,2024,2024_12_SF_GB,174,226.1,1.3,1.0,119.6,1.0,226.1,1.3,0.8
GB,2024,2024_13_MIA_GB,175,223.63636363636363,1.2727272727272727,1.0,112.72727272727273,0.9090909090909091,223.63636363636363,1.2727272727272727,0.9090909090909091
GB,2024,2024_14_GB_DET,176,235.41666666666666,1.3333333333333333,0.9166666666666666,106.58333333333333,0.8333333333333334,235.41666666666666,1.3333333333333333,0.8333333333333334
GB,2024,2024_15_GB_SEA,177,239.07692307692307,1.4615384615384615,0.9230769230769231,106.92307692307692,0.8461538461538461,239.07692307692307,1.4615384615384615,0.7692307692307693
GB,2024,2024_16_NO_GB,178,234.35714285714286,1.3571428571428572,1.0,105.0,0.8571428571428571,234.35714285714286,1.3571428571428572,0.7142857142857143
GB,2024,2024_17_GB_MIN,179,228.93333333333334,1.2666666666666666,1.0,102.46666666666667,0.8,228.93333333333334,1.2666666666666666,0.7333333333333333
GB,2024,2024_18_CHI_GB,180,238.1875,1.375,1.0,100.375,0.75,238.1875,1.375,0.6875
HOU,2014,2014_01_WAS_HOU,1,,,,,,,,
HOU,2014,2014_02_HOU_OAK,2,267.0,0.0,0.0,131.0,1.0,267.0,0.0,2.0
HOU,2014,2014_03_HOU_NYG,3,265.0,0.5,1.0,116.0,1.0,265.0,0.5,1.5
HOU,2014,2014_04_BUF_HOU,4,254.66666666666666,1.0,0.6666666666666666,141.66666666666666,1.0,254.66666666666666,1.0,1.3333333333333333
HOU,2014,2014_05_HOU_DAL,5,247.25,1.25,1.0,130.25,0.75,247.25,1.25,1.0
HOU,2014,2014_06_IND_HOU,6,262.6,1.4,1.0,132.2,0.6,262.6,1.4,1.0
HOU,2014,2014_07_HOU_PIT,7,280.5,1.6666666666666667,1.0,125.66666666666667,0.6666666666666666,280.5,1.6666666666666667,1.0
HOU,2014,2014_08_HOU_TEN,8,278.7142857142857,1.8571428571428572,0.8571428571428571,118.57142857142857,0.5714285714285714,278.7142857142857,1.8571428571428572,1.0
HOU,2014,2014_09_PHI_HOU,9,281.25,1.875,0.875,108.25,0.5,281.25,1.875,1.0
HOU,2014,2014_11_HOU_CLE,10,286.22222222222223,2.0,1.1111111111111112,117.33333333333333,0.5555555555555556,286.22222222222223,2.0,0.8888888888888888
HOU,2014,2014_12_CIN_HOU,11,290.6,1.9,1.1,112.1,0.5,290.6,1.9,0.9
HOU,2014,2014_13_TEN_HOU,12,285.3636363636364,1.8181818181818181,1.0909090909090908,114.54545454545455,0.5454545454545454,285.3636363636364,1.8181818181818181,0.8181818181818182
HOU,2014,2014_14_HOU_JAX,13,284.5,1.8333333333333333,1.25,111.91666666666667,0.5,284.5,1.8333333333333333,0.8333333333333334
HOU,2014,2014_15_HOU_IND,14,278.38461538461536,1.7692307692307692,1.2307692307692308,109.0,0.46153846153846156,278.38461538461536,1.7692307692307692,0.7692307692307693
HOU,2014,2014_16_BAL_HOU,15,271.85714285714283,1.7857142857142858,1.2142857142857142,109.07142857142857,0.42857142857142855,271.85714285714283,1.7857142857142858,0.7857142857142857
HOU,2014,2014_17_JAX_HOU,16,266.73333333333335,1.8,1.3333333333333333,104.0,0.4,266.73333333333335,1.8,0.7333333333333333
HOU,2015,2015_01_KC_HOU,17,,,,,,,,
HOU,2015,2015_02_HOU_CAR,18,243.0,3.0,0.0,97.0,0.0,243.0,3.0,0.0
HOU,2015,2015_03_TB_HOU,19,219.0,2.5,0.5,134.5,0.5,219.0,2.5,0.0
HOU,2015,2015_04_HOU_ATL,20,233.0,2.0,0.6666666666666666,108.66666666666667,0.3333333333333333,233.0,2.0,0.0
HOU,2015,2015_05_IND_HOU,21,238.75,1.75,0.5,115.25,1.25,238.75,1.75,0.0
HOU,2015,2015_06_HOU_JAX,22,233.6,1.8,0.4,114.2,1.2,233.6,1.8,0.0
HOU,2015,2015_07_HOU_MIA,23,249.83333333333334,2.0,0.8333333333333334,109.0,1.0,249.83333333333334,2.0,0.0
HOU,2015,2015_08_TEN_HOU,24,256.42857142857144,2.2857142857142856,0.7142857142857143,128.85714285714286,1.0,256.42857142857144,2.2857142857142856,0.14285714285714285
HOU,2015,2015_10_HOU_CIN,25,245.75,2.0,0.75,123.5,0.875,245.75,2.0,0.25
HOU,2015,2015_11_NYJ_HOU,26,240.33333333333334,1.7777777777777777,0.7777777777777778,118.0,0.7777777777777778,240.33333333333334,1.7777777777777777,0.3333333333333333
HOU,2015,2015_12_NO_HOU,27,237.9,1.7,0.9,113.2,0.8,237.9,1.7,0.3
HOU,2015,2015_13_HOU_BUF,28,237.0,1.5454545454545454,0.9090909090909091,107.45454545454545,0.7272727272727273,237.0,1.5454545454545454,0.2727272727272727
HOU,2015,2015_14_NE_HOU,29,234.83333333333334,1.6666666666666667,0.8333333333333334,114.08333333333333,0.75,234.83333333333334,1.6666666666666667,0.25
HOU,2015,2015_15_HOU_IND,30,234.15384615384616,1.6923076923076923,0.7692307692307693,114.23076923076923,0.7692307692307693,234.15384615384616,1.6923076923076923,0.23076923076923078
HOU,2015,2015_16_HOU_TEN,31,228.85714285714286,1.6428571428571428,0.7857142857142857,109.64285714285714,0.7142857142857143,228.85714285714286,1.6428571428571428,0.2857142857142857
HOU,2015,2015_17_JAX_HOU,32,229.2,1.6,0.8,104.33333333333333,0.6666666666666666,229.2,1.6,0.4
HOU,2016,2016_01_CHI_HOU,33,,,,,,,,
HOU,2016,2016_02_KC_HOU,34,216.0,1.0,1.0,73.0,1.0,216.0,1.0,0.0
HOU,2016,2016_03_HOU_NE,35,201.0,0.5,0.5,96.0,0.5,201.0,0.5,1.5
HOU,2016,2016_04_TEN_HOU,36,168.33333333333334,0.3333333333333333,0.3333333333333333,125.66666666666667,1.3333333333333333,168.33333333333334,0.3333333333333333,1.0
HOU,2016,2016_05_HOU_MIN,37,176.75,0.25,0.5,125.25,1.5,176.75,0.25,0.75
HOU,2016,2016_06_IND_HOU,38,195.6,0.6,0.4,119.4,1.4,195.6,0.6,0.6
HOU,2016,2016_07_HOU_DEN,39,205.0,0.6666666666666666,0.5,126.33333333333333,1.3333333333333333,205.0,0.6666666666666666,0.5
HOU,2016,2016_08_DET_HOU,40,198.14285714285714,0.7142857142857143,0.42857142857142855,135.42857142857142,1.4285714285714286,198.14285714285714,0.7142857142857143,0.42857142857142855
HOU,2016,2016_10_HOU_JAX,41,203.375,0.75,0.375,125.75,1.25,203.375,0.75,0.375
HOU,2016,2016_11_HOU_OAK,42,210.22222222222223,0.8888888888888888,0.4444444444444444,120.66666666666667,1.1111111111111112,210.22222222222223,0.8888888888888888,0.4444444444444444
HOU,2016,2016_12_SD_HOU,43,218.7,1.1,0.5,111.6,1.0,218.7,1.1,0.4
HOU,2016,2016_13_HOU_GB,44,220.8181818181818,1.2727272727272727,0.5454545454545454,107.54545454545455,0.9090909090909091,220.8181818181818,1.2727272727272727,0.36363636363636365
HOU,2016,2016_14_HOU_IND,45,219.83333333333334,1.3333333333333333,0.5,107.66666666666667,0.9166666666666666,219.83333333333334,1.3333333333333333,0.4166666666666667
HOU,2016,2016_15_JAX_HOU,46,224.15384615384616,1.3846153846153846,0.6153846153846154,105.76923076923077,0.8461538461538461,224.15384615384616,1.3846153846153846,0.46153846153846156
HOU,2016,2016_16_CIN_HOU,47,214.71428571428572,1.2857142857142858,0.6428571428571429,103.0,0.8571428571428571,214.71428571428572,1.2857142857142858,0.42857142857142855
HOU,2016,2016_17_HOU_TEN,48,218.26666666666668,1.2666666666666666,0.6666666666666666,99.46666666666667,0.8,218.26666666666668,1.2666666666666666,0.4
HOU,2017,2017_01_JAX_HOU,49,,,,,,,,
HOU,2017,2017_02_HOU_CIN,50,125.0,1.0,0.0,155.0,1.0,125.0,1.0,0.0
HOU,2017,2017_03_HOU_NE,51,174.5,0.5,0.0,118.5,0.5,170.5,0.5,0.5
HOU,2017,2017_04_TEN_HOU,52,242.33333333333334,2.0,0.0,98.66666666666667,0.3333333333333333,239.66666666666666,2.0,0.6666666666666666
HOU,2017,2017_05_KC_HOU,53,211.0,1.5,1.0,95.5,0.75,209.0,1.5,0.75
HOU,2017,2017_06_CLE_HOU,54,233.6,1.8,0.8,101.8,0.6,232.0,1.8,0.6
HOU,2017,2017_08_HOU_SEA,55,218.0,1.6666666666666667,1.1666666666666667,107.16666666666667,0.5,216.66666666666666,1.6666666666666667,0.5
HOU,2017,2017_09_IND_HOU,56,251.42857142857142,2.0,1.1428571428571428,96.57142857142857,0.42857142857142855,250.28571428571428,2.0,0.42857142857142855
HOU,2017,2017_10_HOU_LA,57,258.5,2.0,1.0,96.0,0.375,257.5,2.0,0.5
HOU,2017,2017_11_ARI_HOU,58,269.8888888888889,2.111111111111111,0.8888888888888888,96.88888888888889,0.3333333333333333,269.0,2.111111111111111,0.4444444444444444
HOU,2017,2017_12_HOU_BAL,59,268.6,2.2,1.0,92.0,0.3,267.8,2.2,0.4
HOU,2017,2017_13_HOU_TEN,60,259.0,2.0,0.9090909090909091,96.27272727272727,0.45454545454545453,258.27272727272725,2.0,0.36363636363636365
HOU,2017,2017_14_SF_HOU,61,249.91666666666666,1.9166666666666667,0.8333333333333334,104.75,0.5833333333333334,249.25,1.9166666666666667,0.3333333333333333
HOU,2017,2017_15_HOU_JAX,62,256.38461538461536,1.8461538461538463,0.8461538461538461,104.53846153846153,0.6153846153846154,255.76923076923077,1.8461538461538463,0.3076923076923077
HOU,2017,2017_16_PIT_HOU,63,261.35714285714283,1.9285714285714286,0.7857142857142857,106.92857142857143,0.7857142857142857,260.7857142857143,1.9285714285714286,0.2857142857142857
HOU,2017,2017_17_HOU_IND,64,259.0,1.9333333333333333,0.7333333333333333,106.73333333333333,0.8666666666666667,258.46666666666664,1.9333333333333333,0.26666666666666666
HOU,2018,2018_01_HOU_NE,65,,,,,,,,
HOU,2018,2018_02_HOU_TEN,66,277.0,3.0,1.0,122.0,0.0,277.0,3.0,1.0
HOU,2018,2018_03_NYG_HOU,67,234.0,2.5,0.5,111.0,0.0,234.0,2.5,0.5
HOU,2018,2018_04_HOU_IND,68,255.0,2.3333333333333335,0.3333333333333333,112.0,0.3333333333333333,255.0,2.3333333333333335,0.3333333333333333
HOU,2018,2018_05_DAL_HOU,69,307.25,2.75,0.25,94.25,0.25,307.25,2.75,0.5
HOU,2018,2018_06_BUF_HOU,70,287.4,2.4,0.6,95.0,0.2,287.4,2.4,0.4
HOU,2018,2018_07_HOU_JAX,71,263.6666666666667,2.1666666666666665,0.8333333333333334,95.83333333333333,0.16666666666666666,263.6666666666667,2.1666666666666665,0.3333333333333333
HOU,2018,2018_08_MIA_HOU,72,257.0,2.0,0.8571428571428571,92.14285714285714,0.14285714285714285,257.0,2.0,0.5714285714285714
HOU,2018,2018_09_HOU_DEN,73,258.5,1.875,0.875,95.125,0.25,258.5,1.875,0.5
HOU,2018,2018_11_HOU_WAS,74,262.0,1.7777777777777777,0.7777777777777778,92.88888888888889,0.3333333333333333,262.0,1.7777777777777777,0.5555555555555556
HOU,2018,2018_12_TEN_HOU,75,254.7,1.7,0.9,96.0,0.5,254.7,1.7,0.5
HOU,2018,2018_13_CLE_HOU,76,259.09090909090907,1.7272727272727273,0.8181818181818182,96.81818181818181,0.45454545454545453,259.09090909090907,1.7272727272727273,0.5454545454545454
HOU,2018,2018_14_IND_HOU,77,270.5833333333333,1.6666666666666667,1.0,91.33333333333333,0.5,270.5833333333333,1.6666666666666667,0.5833333333333334
HOU,2018,2018_15_HOU_NYJ,78,280.46153846153845,1.6923076923076923,1.0,88.15384615384616,0.5384615384615384,280.46153846153845,1.6923076923076923,0.5384615384615384
HOU,2018,2018_16_HOU_PHI,79,278.5,1.7142857142857142,0.9285714285714286,88.28571428571429,0.5714285714285714,278.5,1.7142857142857142,0.5714285714285714
HOU,2018,2018_17_JAX_HOU,80,291.3333333333333,1.8666666666666667,0.9333333333333333,86.2,0.5333333333333333,291.3333333333333,1.8666666666666667,0.6666666666666666
HOU,2019,2019_01_HOU_NO,81,,,,,,,,
HOU,2019,2019_02_JAX_HOU,82,370.0,2.0,1.0,148.0,1.0,370.0,2.0,0.0
HOU,2019,2019_03_HOU_LAC,83,291.5,1.5,0.5,125.5,0.5,291.5,1.5,0.5
HOU,2019,2019_04_CAR_HOU,84,300.3333333333333,1.6666666666666667,0.3333333333333333,108.0,0.3333333333333333,300.3333333333333,1.6666666666666667,0.6666666666666666
HOU,2019,2019_05_ATL_HOU,85,283.25,1.25,0.25,104.5,0.5,283.25,1.25,1.25
HOU,2019,2019_06_HOU_KC,86,292.6,1.6,0.4,95.0,0.6,292.6,1.6,1.0
HOU,2019,2019_07_HOU_IND,87,289.3333333333333,1.8333333333333333,0.5,88.0,0.5,289.3333333333333,1.8333333333333333,1.0
HOU,2019,2019_08_OAK_HOU,88,294.57142857142856,2.142857142857143,0.42857142857142855,84.28571428571429,0.42857142857142855,294.57142857142856,2.142857142857143,1.0
HOU,2019,2019_09_HOU_JAX,89,293.375,2.25,0.375,85.375,0.375,293.375,2.25,0.875
HOU,2019,2019_11_HOU_BAL,90,295.1111111111111,2.0,0.5555555555555556,84.11111111111111,0.3333333333333333,295.1111111111111,2.0,1.0
HOU,2019,2019_12_IND_HOU,91,289.1,2.2,0.5,101.3,0.4,289.1,2.2,0.9
HOU,2019,2019_13_NE_HOU,92,274.54545454545456,2.0,0.45454545454545453,108.0,0.5454545454545454,274.54545454545456,2.0,0.8181818181818182
HOU,2019,2019_14_DEN_HOU,93,278.8333333333333,2.0833333333333335,0.5,111.08333333333333,0.5,278.8333333333333,2.0833333333333335,0.75
HOU,2019,2019_15_HOU_TEN,94,281.15384615384613,2.1538461538461537,0.5384615384615384,109.46153846153847,0.5384615384615384,281.15384615384613,2.1538461538461537,0.6923076923076923
HOU,2019,2019_16_HOU_TB,95,281.0,2.142857142857143,0.5714285714285714,113.28571428571429,0.5714285714285714,281.0,2.142857142857143,0.6428571428571429
HOU,2019,2019_17_TEN_HOU,96,284.6,2.066666666666667,0.8,112.8,0.6,284.6,2.066666666666667,0.6666666666666666
HOU,2020,2020_01_HOU_KC,97,,,,,,,,
HOU,2020,2020_02_BAL_HOU,98,211.0,3.0,0.0,166.0,1.0,211.0,3.0,0.0
HOU,2020,2020_03_HOU_PIT,99,207.5,2.0,0.0,198.0,1.0,207.5,2.0,0.0
HOU,2020,2020_04_MIN_HOU,100,217.33333333333334,2.0,0.0,188.33333333333334,1.0,217.33333333333334,2.0,0.0
HOU,2020,2020_05_JAX_HOU,101,228.0,1.75,0.0,181.75,1.5,228.0,1.75,0.0
HOU,2020,2020_06_HOU_TEN,102,242.6,1.8,0.0,160.4,1.2,242.6,1.8,0.4
HOU,2020,2020_07_GB_HOU,103,263.1666666666667,2.1666666666666665,0.16666666666666666,177.5,1.3333333333333333,263.1666666666667,2.1666666666666665,0.5
HOU,2020,2020_09_HOU_JAX,104,266.0,2.4285714285714284,0.14285714285714285,165.85714285714286,1.2857142857142858,266.0,2.4285714285714284,0.42857142857142855
HOU,2020,2020_10_HOU_CLE,105,270.75,2.25,0.25,159.5,1.375,270.75,2.25,0.375
HOU,2020,2020_11_NE_HOU,106,255.33333333333334,2.0,0.2222222222222222,167.44444444444446,1.3333333333333333,255.33333333333334,2.0,0.3333333333333333
HOU,2020,2020_12_HOU_DET,107,266.3,1.9,0.2,159.3,1.3,266.3,1.9,0.3
HOU,2020,2020_13_IND_HOU,108,268.90909090909093,1.8181818181818181,0.2727272727272727,154.72727272727272,1.3636363636363635,268.90909090909093,1.8181818181818181,0.45454545454545453
HOU,2020,2020_14_HOU_CHI,109,270.25,1.8333333333333333,0.25,150.91666666666666,1.3333333333333333,270.25,1.8333333333333333,0.4166666666666667
HOU,2020,2020_15_HOU_IND,110,270.0,1.9230769230769231,0.23076923076923078,152.30769230769232,1.3076923076923077,270.0,1.9230769230769231,0.38461538461538464
HOU,2020,2020_16_CIN_HOU,111,267.0,1.9285714285714286,0.21428571428571427,150.5,1.2857142857142858,267.0,1.9285714285714286,0.35714285714285715
HOU,2020,2020_17_TEN_HOU,112,273.93333333333334,1.9333333333333333,0.2,151.73333333333332,1.3333333333333333,273.93333333333334,1.9333333333333333,0.3333333333333333
HOU,2021,2021_01_JAX_HOU,113,,,,,,,,
HOU,2021,2021_02_HOU_CLE,114,332.0,3.0,3.0,76.0,0.0,332.0,3.0,0.0
HOU,2021,2021_03_CAR_HOU,115,272.5,2.0,2.0,116.0,1.5,272.5,2.0,0.5
HOU,2021,2021_04_HOU_BUF,116,283.0,1.3333333333333333,1.3333333333333333,116.33333333333333,2.0,283.0,1.3333333333333333,0.3333333333333333
HOU,2021,2021_05_NE_HOU,117,276.25,1.5,1.25,137.0,2.0,276.25,1.5,0.25
HOU,2021,2021_06_HOU_IND,118,267.2,1.4,1.2,134.8,1.8,267.2,1.4,0.4
HOU,2021,2021_07_HOU_ARI,119,259.8333333333333,1.5,1.0,141.33333333333334,1.8333333333333333,259.8333333333333,1.5,0.3333333333333333
HOU,2021,2021_08_LA_HOU,120,260.0,1.7142857142857142,1.0,145.71428571428572,1.7142857142857142,260.0,1.7142857142857142,0.2857142857142857
HOU,2021,2021_09_HOU_MIA,121,266.25,1.875,0.875,148.125,1.75,266.25,1.875,0.25
HOU,2021,2021_11_HOU_TEN,122,263.77777777777777,1.7777777777777777,1.0,136.88888888888889,1.6666666666666667,263.77777777777777,1.7777777777777777,0.4444444444444444
HOU,2021,2021_12_NYJ_HOU,123,269.7,1.8,1.3,133.5,1.5,269.7,1.7,0.4
HOU,2021,2021_13_IND_HOU,124,258.3636363636364,1.6363636363636365,1.2727272727272727,135.63636363636363,1.5454545454545454,258.3636363636364,1.5454545454545454,0.36363636363636365
HOU,2021,2021_14_SEA_HOU,125,250.0,1.5833333333333333,1.1666666666666667,144.16666666666666,1.6666666666666667,250.0,1.5,0.4166666666666667
HOU,2021,2021_15_HOU_JAX,126,250.76923076923077,1.6153846153846154,1.0769230769230769,147.92307692307693,1.6923076923076923,250.76923076923077,1.5384615384615385,0.38461538461538464
HOU,2021,2021_16_LAC_HOU,127,247.85714285714286,1.5,1.0,145.0,1.6428571428571428,247.85714285714286,1.4285714285714286,0.35714285714285715
HOU,2021,2021_17_HOU_SF,128,253.73333333333332,1.4666666666666666,1.0666666666666667,141.26666666666668,1.6666666666666667,253.73333333333332,1.4,0.4
HOU,2021,2021_18_TEN_HOU,129,253.4375,1.5,1.0625,143.375,1.5625,253.4375,1.4375,0.375
HOU,2022,2022_01_IND_HOU,130,,,,,,,,
HOU,2022,2022_02_HOU_DEN,131,352.0,1.0,1.0,177.0,1.0,352.0,1.0,1.0
HOU,2022,2022_03_HOU_CHI,132,285.5,1.0,1.0,163.0,0.5,285.5,1.0,0.5
HOU,2022,2022_04_LAC_HOU,133,225.66666666666666,0.6666666666666666,1.3333333333333333,202.33333333333334,1.0,225.66666666666666,0.6666666666666666,0.3333333333333333
HOU,2022,2022_05_HOU_JAX,134,254.25,1.0,1.0,172.0,1.25,254.25,1.0,0.25
HOU,2022,2022_07_HOU_LV,135,260.6,0.8,1.2,164.8,1.0,260.6,0.8,0.2
HOU,2022,2022_08_TEN_HOU,136,257.3333333333333,0.8333333333333334,1.0,164.66666666666666,1.3333333333333333,257.3333333333333,0.8333333333333334,0.16666666666666666
HOU,2022,2022_09_PHI_HOU,137,228.42857142857142,0.7142857142857143,1.0,186.0,1.4285714285714286,228.42857142857142,0.7142857142857143,0.14285714285714285
HOU,2022,2022_10_HOU_NYG,138,230.25,0.875,0.875,180.625,1.5,230.25,0.875,0.25
HOU,2022,2022_11_WAS_HOU,139,226.55555555555554,1.0,0.7777777777777778,181.77777777777777,1.4444444444444444,226.55555555555554,1.0,0.2222222222222222
HOU,2022,2022_12_HOU_MIA,140,223.0,0.9,0.7,178.9,1.4,223.0,0.9,0.2
HOU,2022,2022_13_CLE_HOU,141,230.45454545454547,0.9090909090909091,0.6363636363636364,168.63636363636363,1.3636363636363635,230.45454545454547,0.9090909090909091,0.2727272727272727
HOU,2022,2022_14_HOU_DAL,142,222.16666666666666,0.8333333333333334,0.6666666666666666,169.08333333333334,1.25,222.16666666666666,0.8333333333333334,0.3333333333333333
HOU,2022,2022_15_KC_HOU,143,226.92307692307693,0.8461538461538461,0.7692307692307693,165.84615384615384,1.3076923076923077,226.92307692307693,0.8461538461538461,0.3076923076923077
HOU,2022,2022_16_HOU_TEN,144,234.71428571428572,0.9285714285714286,0.7142857142857143,167.5,1.3571428571428572,234.71428571428572,0.9285714285714286,0.42857142857142855
HOU,2022,2022_17_JAX_HOU,145,225.66666666666666,0.8666666666666667,0.8,168.6,1.4,225.66666666666666,0.8666666666666667,0.4666666666666667
HOU,2022,2022_18_HOU_IND,146,222.875,0.8125,0.875,168.625,1.5,222.875,0.8125,0.4375
HOU,2023,2023_01_HOU_BAL,147,,,,,,,,
HOU,2023,2023_02_IND_HOU,148,169.0,0.0,1.0,110.0,3.0,169.0,0.0,1.0
HOU,2023,2023_03_HOU_JAX,149,198.0,0.5,0.5,118.0,3.0,198.0,0.5,0.5
HOU,2023,2023_04_PIT_HOU,150,228.0,0.6666666666666666,0.6666666666666666,117.33333333333333,2.3333333333333335,228.0,0.6666666666666666,0.6666666666666666
HOU,2023,2023_05_HOU_ATL,151,204.0,0.5,0.75,116.5,1.75,204.0,0.5,0.5
HOU,2023,2023_06_NO_HOU,152,233.4,0.6,0.6,112.4,1.6,233.4,0.6,0.8
HOU,2023,2023_08_HOU_CAR,153,254.0,0.6666666666666666,0.6666666666666666,108.5,1.3333333333333333,254.0,0.6666666666666666,0.6666666666666666
HOU,2023,2023_09_TB_HOU,154,251.28571428571428,0.7142857142857143,0.5714285714285714,99.28571428571429,1.1428571428571428,251.28571428571428,0.7142857142857143,0.5714285714285714
HOU,2023,2023_10_HOU_CIN,155,253.0,0.875,0.5,97.0,1.25,253.375,0.875,0.625
HOU,2023,2023_11_ARI_HOU,156,263.44444444444446,1.0,0.6666666666666666,93.55555555555556,1.2222222222222223,263.77777777777777,1.0,0.5555555555555556
HOU,2023,2023_12_JAX_HOU,157,258.5,1.0,0.7,96.5,1.2,258.8,1.0,0.5
HOU,2023,2023_13_DEN_HOU,158,268.09090909090907,1.0,0.7272727272727273,95.0909090909091,1.1818181818181819,268.3636363636364,1.0,0.45454545454545453
HOU,2023,2023_14_HOU_NYJ,159,261.25,1.0,0.9166666666666666,97.0,1.1666666666666667,261.5,1.0,0.4166666666666667
HOU,2023,2023_15_HOU_TEN,160,264.3076923076923,1.0769230769230769,0.8461538461538461,95.61538461538461,1.1538461538461537,264.53846153846155,1.0769230769230769,0.46153846153846156
HOU,2023,2023_16_CLE_HOU,161,259.64285714285717,1.0,0.8571428571428571,93.5,1.1428571428571428,259.85714285714283,1.0,0.42857142857142855
HOU,2023,2023_17_TEN_HOU,162,267.26666666666665,1.1333333333333333,0.9333333333333333,90.86666666666666,1.2,267.46666666666664,1.1333333333333333,0.4
HOU,2023,2023_18_HOU_IND,163,262.0625,1.0625,0.875,88.5,1.125,262.25,1.0625,0.4375
HOU,2024,2024_01_HOU_IND,164,,,,,,,,
HOU,2024,2024_02_CHI_HOU,165,212.0,2.0,1.0,104.0,2.0,212.0,2.0,0.0
HOU,2024,2024_03_HOU_MIN,166,193.0,1.0,1.5,87.5,1.5,193.0,1.0,0.0
HOU,2024,2024_04_JAX_HOU,167,189.0,2.0,1.0,97.66666666666667,1.0,189.0,2.0,0.0
HOU,2024,2024_05_BUF_HOU,168,184.0,2.0,0.75,112.75,0.75,185.25,2.0,0.0
HOU,2024,2024_06_HOU_NE,169,173.4,1.8,0.6,120.2,0.8,174.4,1.8,0.0
HOU,2024,2024_07_HOU_GB,170,185.0,2.0,0.8333333333333334,113.83333333333333,0.6666666666666666,185.83333333333334,2.0,0.3333333333333333
HOU,2024,2024_08_IND_HOU,171,190.0,2.142857142857143,1.0,109.28571428571429,0.5714285714285714,190.71428571428572,2.142857142857143,0.2857142857142857
HOU,2024,2024_09_HOU_NYJ,172,188.125,2.0,1.0,114.375,0.625,188.75,2.0,0.375
HOU,2024,2024_10_DET_HOU,173,190.66666666666666,2.111111111111111,0.8888888888888888,112.77777777777777,0.5555555555555556,191.22222222222223,2.111111111111111,0.3333333333333333
HOU,2024,2024_11_HOU_DAL,174,195.6,2.1,1.3,112.0,0.6,196.1,2.1,0.3
HOU,2024,2024_12_TEN_HOU,175,210.36363636363637,2.0,1.2727272727272727,107.63636363636364,0.5454545454545454,210.8181818181818,2.0,0.2727272727272727
HOU,2024,2024_13_HOU_JAX,176,216.0,2.0,1.25,109.66666666666667,0.5833333333333334,216.41666666666666,2.0,0.3333333333333333
HOU,2024,2024_15_MIA_HOU,177,220.6153846153846,2.0,1.2307692307692308,108.6923076923077,0.5384615384615384,221.0,2.0,0.3076923076923077
HOU,2024,2024_16_HOU_KC,178,218.85714285714286,1.9285714285714286,1.3571428571428572,104.64285714285714,0.5,219.21428571428572,1.9285714285714286,0.35714285714285715
HOU,2024,2024_17_BAL_HOU,179,221.6,1.8666666666666667,1.2666666666666666,105.93333333333334,0.6,221.93333333333334,1.8666666666666667,0.3333333333333333
HOU,2024,2024_18_HOU_TEN,180,219.25,1.875,1.1875,115.0,0.6875,219.5625,1.875,0.3125
IND,2014,2014_01_IND_DEN,1,,,,,,,,
IND,2014,2014_02_PHI_IND,2,269.0,3.0,0.0,102.0,1.0,269.0,3.0,0.0
IND,2014,2014_03_IND_JAX,3,300.0,2.0,0.5,114.5,1.5,300.0,2.0,0.0
IND,2014,2014_04_TEN_IND,4,285.3333333333333,2.0,1.0,111.33333333333333,1.0,285.3333333333333,2.0,0.3333333333333333
IND,2014,2014_05_BAL_IND,5,262.5,1.75,1.25,104.75,1.0,262.5,1.75,0.5
IND,2014,2014_06_IND_HOU,6,257.0,1.4,1.2,101.8,1.0,257.0,1.4,0.6
IND,2014,2014_07_CIN_IND,7,249.5,1.3333333333333333,1.0,107.5,1.1666666666666667,249.5,1.3333333333333333,0.8333333333333334
IND,2014,2014_08_IND_PIT,8,231.85714285714286,1.1428571428571428,0.8571428571428571,96.71428571428571,1.0,231.85714285714286,1.1428571428571428,0.7142857142857143
IND,2014,2014_09_IND_NYG,9,268.125,1.75,0.75,99.25,0.875,268.125,1.75,0.875
IND,2014,2014_11_NE_IND,10,278.22222222222223,1.7777777777777777,0.6666666666666666,98.11111111111111,0.8888888888888888,278.22222222222223,1.7777777777777777,0.8888888888888888
IND,2014,2014_12_JAX_IND,11,276.1,1.8,0.8,112.9,1.2,276.1,1.8,0.8
IND,2014,2014_13_WAS_IND,12,264.27272727272725,1.6363636363636365,0.8181818181818182,109.9090909090909,1.0909090909090908,264.27272727272725,1.6363636363636365,0.8181818181818182
IND,2014,2014_14_IND_CLE,13,274.9166666666667,1.75,0.75,107.75,1.0,274.9166666666667,1.75,0.8333333333333334
IND,2014,2014_15_HOU_IND,14,264.2307692307692,1.6153846153846154,0.8461538461538461,108.3076923076923,1.0,264.2307692307692,1.6153846153846154,0.7692307692307693
IND,2014,2014_16_IND_DAL,15,256.57142857142856,1.5,0.8571428571428571,110.35714285714286,0.9285714285714286,256.57142857142856,1.5,0.7857142857142857
IND,2014,2014_17_IND_TEN,16,256.8666666666667,1.7333333333333334,0.8,111.46666666666667,0.9333333333333333,256.8666666666667,1.7333333333333334,0.8
IND,2015,2015_01_IND_BUF,17,,,,,,,,
IND,2015,2015_02_NYJ_IND,18,195.0,1.0,0.0,147.0,2.0,195.0,1.0,0.0
IND,2015,2015_03_IND_TEN,19,219.5,1.5,0.5,124.0,1.0,219.5,1.5,0.0
IND,2015,2015_04_JAX_IND,20,268.6666666666667,1.6666666666666667,1.0,112.0,1.3333333333333333,268.6666666666667,1.6666666666666667,0.0
IND,2015,2015_05_IND_HOU,21,276.0,1.5,0.75,119.5,1.0,276.0,1.5,0.0
IND,2015,2015_06_NE_IND,22,293.2,1.6,1.0,112.0,0.8,293.2,1.6,0.0
IND,2015,2015_07_NO_IND,23,296.3333333333333,1.8333333333333333,1.0,112.66666666666667,0.8333333333333334,296.3333333333333,1.8333333333333333,0.0
IND,2015,2015_08_IND_CAR,24,294.0,1.7142857142857142,1.0,122.71428571428571,1.1428571428571428,294.0,1.7142857142857142,0.0
IND,2015,2015_09_DEN_IND,25,288.25,1.75,1.0,124.875,1.125,288.25,1.75,0.25
IND,2015,2015_11_IND_ATL,26,287.44444444444446,1.7777777777777777,1.1111111111111112,114.88888888888889,1.0,287.44444444444446,1.7777777777777777,0.2222222222222222
IND,2015,2015_12_TB_IND,27,286.7,1.9,1.3,113.4,0.9,286.7,1.9,0.3
IND,2015,2015_13_IND_PIT,28,282.90909090909093,1.8181818181818181,1.2727272727272727,115.0909090909091,0.8181818181818182,282.90909090909093,1.8181818181818181,0.2727272727272727
IND,2015,2015_14_IND_JAX,29,289.6666666666667,2.0,1.1666666666666667,118.66666666666667,0.75,289.6666666666667,2.0,0.3333333333333333
IND,2015,2015_15_HOU_IND,30,286.61538461538464,2.076923076923077,1.0769230769230769,121.38461538461539,0.8461538461538461,286.61538461538464,2.076923076923077,0.46153846153846156
IND,2015,2015_16_IND_MIA,31,278.5,2.0,1.0714285714285714,123.78571428571429,0.7857142857142857,278.5,2.0,0.5
IND,2015,2015_17_TEN_IND,32,281.8666666666667,1.8666666666666667,1.0666666666666667,121.0,0.8,281.8666666666667,1.8666666666666667,0.4666666666666667
IND,2016,2016_01_DET_IND,33,,,,,,,,
IND,2016,2016_02_IND_DEN,34,340.0,3.0,0.0,116.0,2.0,340.0,3.0,0.0
IND,2016,2016_03_SD_IND,35,303.0,1.5,0.5,125.0,1.5,303.0,1.5,0.0
IND,2016,2016_04_IND_JAX,36,310.6666666666667,1.0,0.3333333333333333,95.66666666666667,1.3333333333333333,310.6666666666667,1.0,1.0
IND,2016,2016_05_CHI_IND,37,284.75,1.25,0.25,105.75,1.25,284.75,1.25,0.75
IND,2016,2016_06_IND_HOU,38,307.2,1.4,0.2,109.6,1.0,307.2,1.4,0.8
IND,2016,2016_07_IND_TEN,39,300.8333333333333,1.5,0.3333333333333333,117.66666666666667,1.0,300.8333333333333,1.5,0.6666666666666666
IND,2016,2016_08_KC_IND,40,291.0,1.5714285714285714,0.2857142857142857,118.57142857142857,1.0,291.0,1.5714285714285714,0.7142857142857143
IND,2016,2016_09_IND_GB,41,298.375,1.75,0.25,114.75,0.875,298.375,1.75,0.625
IND,2016,2016_11_TEN_IND,42,298.22222222222223,1.8888888888888888,0.3333333333333333,114.88888888888889,0.7777777777777778,298.22222222222223,1.8888888888888888,0.5555555555555556
IND,2016,2016_12_PIT_IND,43,297.4,1.9,0.3,113.1,0.7,297.4,1.9,0.5
IND,2016,2016_13_IND_NYJ,44,290.45454545454544,2.0,0.2727272727272727,116.27272727272727,0.7272727272727273,290.45454545454544,2.0,0.45454545454545453
IND,2016,2016_14_HOU_IND,45,284.25,1.9166666666666667,0.5,109.58333333333333,0.6666666666666666,284.25,1.9166666666666667,0.4166666666666667
IND,2016,2016_15_IND_MIN,46,273.6923076923077,1.7692307692307692,0.5384615384615384,115.38461538461539,0.6923076923076923,273.6923076923077,1.7692307692307692,0.38461538461538464
IND,2016,2016_16_IND_OAK,47,274.92857142857144,1.6428571428571428,0.5714285714285714,109.57142857142857,0.6428571428571429,274.92857142857144,1.6428571428571428,0.5
IND,2016,2016_17_JAX_IND,48,274.0,1.7333333333333334,0.5333333333333333,116.26666666666667,0.7333333333333333,274.0,1.7333333333333334,0.4666666666666667
IND,2017,2017_01_IND_LA,49,,,,,,,,
IND,2017,2017_02_ARI_IND,50,318.0,1.0,0.0,63.0,2.0,318.0,1.0,0.0
IND,2017,2017_03_CLE_IND,51,325.0,1.0,0.5,73.0,1.0,325.0,1.0,0.0
IND,2017,2017_04_IND_SEA,52,297.3333333333333,1.3333333333333333,1.3333333333333333,85.66666666666667,1.3333333333333333,297.3333333333333,1.3333333333333333,0.0
IND,2017,2017_05_SF_IND,53,296.75,1.5,1.5,112.75,1.5,296.75,1.5,0.0
IND,2017,2017_06_IND_TEN,54,308.0,1.6,1.2,103.4,1.2,308.0,1.6,0.0
IND,2017,2017_07_JAX_IND,55,307.6666666666667,1.5,1.1666666666666667,114.16666666666667,1.3333333333333333,307.6666666666667,1.5,0.0
IND,2017,2017_08_IND_CIN,56,310.85714285714283,1.4285714285714286,1.0,124.71428571428571,1.4285714285714286,310.85714285714283,1.4285714285714286,0.2857142857142857
IND,2017,2017_09_IND_HOU,57,302.375,1.5,0.875,116.375,1.25,302.375,1.5,0.375
IND,2017,2017_10_PIT_IND,58,293.1111111111111,1.4444444444444444,0.7777777777777778,113.88888888888889,1.1111111111111112,293.1111111111111,1.4444444444444444,0.4444444444444444
IND,2017,2017_12_TEN_IND,59,287.4,1.5,0.8,111.3,1.0,287.4,1.5,0.4
IND,2017,2017_13_IND_JAX,60,278.0,1.4545454545454546,0.9090909090909091,109.54545454545455,1.0,278.0,1.4545454545454546,0.36363636363636365
IND,2017,2017_14_IND_BUF,61,283.0,1.5,0.8333333333333334,108.41666666666667,1.0,283.0,1.5,0.3333333333333333
IND,2017,2017_15_DEN_IND,62,266.6923076923077,1.4615384615384615,0.8461538461538461,117.53846153846153,1.0,266.6923076923077,1.4615384615384615,0.38461538461538464
IND,2017,2017_16_IND_BAL,63,266.2857142857143,1.5,0.8571428571428571,124.21428571428571,1.0,266.2857142857143,1.5,0.35714285714285715
IND,2017,2017_17_HOU_IND,64,264.3333333333333,1.5333333333333334,0.8,122.8,0.9333333333333333,264.3333333333333,1.5333333333333334,0.3333333333333333
IND,2018,2018_01_CIN_IND,65,,,,,,,,
IND,2018,2018_02_IND_WAS,66,243.0,2.0,1.0,101.0,1.0,243.0,2.0,1.0
IND,2018,2018_03_IND_PHI,67,267.5,1.0,0.5,83.0,0.5,267.5,1.0,1.0
IND,2018,2018_04_HOU_IND,68,263.3333333333333,1.0,0.6666666666666666,106.0,0.6666666666666666,263.3333333333333,1.0,1.0
IND,2018,2018_05_IND_NE,69,291.25,1.25,0.75,109.25,0.75,291.25,1.25,0.75
IND,2018,2018_06_IND_NYJ,70,301.2,1.6,1.0,106.8,1.0,301.2,1.6,0.6
IND,2018,2018_07_BUF_IND,71,297.6666666666667,1.6666666666666667,1.0,106.83333333333333,0.8333333333333334,297.6666666666667,1.6666666666666667,0.6666666666666666
IND,2018,2018_08_IND_OAK,72,280.14285714285717,1.4285714285714286,1.2857142857142858,110.85714285714286,0.7142857142857143,280.14285714285717,1.4285714285714286,0.8571428571428571
IND,2018,2018_10_JAX_IND,73,275.625,1.625,1.125,109.875,0.75,275.625,1.625,0.875
IND,2018,2018_11_TEN_IND,74,281.0,1.6666666666666667,1.0,107.77777777777777,0.7777777777777778,281.0,1.6666666666666667,0.8888888888888888
IND,2018,2018_12_MIA_IND,75,273.2,1.6,1.1,105.7,0.7,273.2,1.6,0.8
IND,2018,2018_13_IND_JAX,76,266.90909090909093,1.6363636363636365,1.0,106.36363636363636,0.7272727272727273,266.90909090909093,1.6363636363636365,0.8181818181818182
IND,2018,2018_14_IND_HOU,77,257.1666666666667,1.5,0.9166666666666666,104.08333333333333,0.6666666666666666,257.1666666666667,1.5,0.8333333333333334
IND,2018,2018_15_DAL_IND,78,257.9230769230769,1.4615384615384615,0.8461538461538461,102.92307692307692,0.7692307692307693,257.9230769230769,1.4615384615384615,0.7692307692307693
IND,2018,2018_16_NYG_IND,79,254.21428571428572,1.3571428571428572,0.8571428571428571,103.57142857142857,0.7142857142857143,254.21428571428572,1.3571428571428572,0.7142857142857143
IND,2018,2018_17_IND_TEN,80,257.8666666666667,1.3333333333333333,0.8666666666666667,102.2,0.8,257.8666666666667,1.3333333333333333,0.6666666666666666
IND,2019,2019_01_IND_LAC,81,,,,,,,,
IND,2019,2019_02_IND_TEN,82,333.0,3.0,1.0,125.0,1.0,333.0,3.0,0.0
IND,2019,2019_03_ATL_IND,83,243.5,2.0,0.5,124.5,1.0,243.5,2.0,0.0
IND,2019,2019_04_OAK_IND,84,263.6666666666667,2.3333333333333335,0.6666666666666666,114.0,0.6666666666666666,263.6666666666667,2.3333333333333335,0.0
IND,2019,2019_05_IND_KC,85,245.0,2.25,0.5,132.5,0.75,245.0,2.25,0.25
IND,2019,2019_07_HOU_IND,86,260.2,2.0,0.4,113.2,0.6,260.2,2.0,0.4
IND,2019,2019_08_DEN_IND,87,268.1666666666667,1.8333333333333333,0.6666666666666666,111.0,0.6666666666666666,268.1666666666667,1.8333333333333333,0.3333333333333333
IND,2019,2019_09_IND_PIT,88,254.71428571428572,1.5714285714285714,0.5714285714285714,111.28571428571429,0.7142857142857143,254.71428571428572,1.5714285714285714,0.2857142857142857
IND,2019,2019_10_MIA_IND,89,246.75,1.5,0.625,108.625,0.625,246.75,1.5,0.375
IND,2019,2019_11_JAX_IND,90,238.11111111111111,1.3333333333333333,0.6666666666666666,104.33333333333333,0.6666666666666666,238.11111111111111,1.3333333333333333,0.4444444444444444
IND,2019,2019_12_IND_HOU,91,243.9,1.4,0.7,96.8,0.6,243.9,1.4,0.4
IND,2019,2019_13_TEN_IND,92,248.8181818181818,1.4545454545454546,0.7272727272727273,97.0,0.5454545454545454,248.8181818181818,1.4545454545454546,0.36363636363636365
IND,2019,2019_14_IND_TB,93,243.25,1.5,0.6666666666666666,101.75,0.5833333333333334,243.25,1.5,0.5
IND,2019,2019_15_IND_NO,94,261.0,1.6923076923076923,0.8461538461538461,99.6923076923077,0.6153846153846154,261.0,1.6923076923076923,0.5384615384615384
IND,2019,2019_16_CAR_IND,95,264.2857142857143,1.8571428571428572,0.7857142857142857,100.92857142857143,0.5714285714285714,264.2857142857143,1.8571428571428572,0.5
IND,2019,2019_17_IND_JAX,96,262.4,1.7333333333333334,0.9333333333333333,100.0,0.5333333333333333,262.4,1.7333333333333334,0.4666666666666667
IND,2020,2020_01_IND_JAX,97,,,,,,,,
IND,2020,2020_02_MIN_IND,98,173.0,3.0,0.0,91.0,0.0,173.0,3.0,0.0
IND,2020,2020_03_NYJ_IND,99,143.0,1.5,1.5,85.5,0.5,143.0,1.5,0.0
IND,2020,2020_04_IND_CHI,100,151.33333333333334,1.3333333333333333,2.0,93.33333333333333,0.3333333333333333,151.33333333333334,1.3333333333333333,0.0
IND,2020,2020_05_IND_CLE,101,175.75,1.25,1.75,77.0,0.25,175.75,1.25,0.0
IND,2020,2020_06_CIN_IND,102,193.6,1.4,1.8,86.4,0.2,193.6,1.4,0.0
IND,2020,2020_08_IND_DET,103,213.5,1.1666666666666667,1.6666666666666667,88.33333333333333,0.6666666666666666,213.5,1.1666666666666667,0.0
IND,2020,2020_09_BAL_IND,104,231.0,1.4285714285714286,1.5714285714285714,79.85714285714286,0.5714285714285714,231.0,1.4285714285714286,0.14285714285714285
IND,2020,2020_10_IND_TEN,105,223.375,1.25,1.375,83.625,0.75,223.375,1.25,0.25
IND,2020,2020_11_GB_IND,106,214.88888888888889,1.2222222222222223,1.2222222222222223,91.77777777777777,0.7777777777777778,214.88888888888889,1.2222222222222223,0.2222222222222222
IND,2020,2020_12_TEN_IND,107,224.5,1.4,1.2,89.2,0.8,224.5,1.4,0.4
IND,2020,2020_13_IND_HOU,108,224.1818181818182,1.3636363636363635,1.0909090909090908,101.9090909090909,1.0909090909090908,224.1818181818182,1.3636363636363635,0.36363636363636365
IND,2020,2020_14_IND_LV,109,233.91666666666666,1.25,1.0833333333333333,100.91666666666667,1.1666666666666667,233.91666666666666,1.25,0.4166666666666667
IND,2020,2020_15_HOU_IND,110,242.46153846153845,1.3076923076923077,1.1538461538461537,99.23076923076923,1.1538461538461537,242.46153846153845,1.3076923076923077,0.46153846153846156
IND,2020,2020_16_IND_PIT,111,251.78571428571428,1.3571428571428572,1.0714285714285714,98.07142857142857,1.0714285714285714,251.78571428571428,1.3571428571428572,0.5714285714285714
IND,2020,2020_17_JAX_IND,112,257.73333333333335,1.4666666666666666,1.0,93.0,1.0666666666666667,257.73333333333335,1.4666666666666666,0.5333333333333333
IND,2021,2021_01_SEA_IND,113,,,,,,,,
IND,2021,2021_02_LA_IND,114,254.0,4.0,0.0,140.0,0.0,254.0,4.0,1.0
IND,2021,2021_03_IND_TEN,115,266.0,3.0,0.5,120.5,0.5,266.0,3.0,0.5
IND,2021,2021_04_IND_MIA,116,243.0,3.0,1.0,140.33333333333334,0.3333333333333333,243.0,3.0,0.6666666666666666
IND,2021,2021_05_IND_BAL,117,232.0,2.75,0.75,114.0,0.25,232.0,2.75,0.75
IND,2021,2021_06_HOU_IND,118,274.0,3.0,0.6,108.4,0.2,274.0,3.0,0.8
IND,2021,2021_07_IND_SF,119,268.8333333333333,2.5,0.8333333333333334,111.0,0.16666666666666666,268.8333333333333,2.5,0.8333333333333334
IND,2021,2021_08_TEN_IND,120,256.2857142857143,2.2857142857142856,1.0,111.0,0.2857142857142857,256.2857142857143,2.2857142857142856,1.0
IND,2021,2021_09_NYJ_IND,121,257.375,2.375,1.125,108.75,0.25,257.375,2.375,0.875
IND,2021,2021_10_JAX_IND,122,274.55555555555554,2.5555555555555554,1.1111111111111112,106.44444444444444,0.2222222222222222,274.55555555555554,2.5555555555555554,0.8888888888888888
IND,2021,2021_11_IND_BUF,123,263.3,2.3,1.0,113.7,0.4,263.3,2.3,0.9
IND,2021,2021_12_TB_IND,124,260.09090909090907,2.272727272727273,1.1818181818181819,111.63636363636364,0.36363636363636365,260.09090909090907,2.272727272727273,0.8181818181818182
IND,2021,2021_13_IND_HOU,125,257.25,2.1666666666666665,1.1666666666666667,114.16666666666667,0.6666666666666666,257.25,2.1666666666666665,0.8333333333333334
IND,2021,2021_15_NE_IND,126,244.69230769230768,2.0,1.1538461538461537,111.84615384615384,0.6153846153846154,244.69230769230768,2.0,0.8461538461538461
IND,2021,2021_16_IND_ARI,127,248.57142857142858,2.0,1.2142857142857142,109.64285714285714,0.5714285714285714,248.57142857142858,2.0,0.7857142857142857
IND,2021,2021_17_LV_IND,128,248.33333333333334,1.9333333333333333,1.1333333333333333,111.2,0.6,247.86666666666667,1.9333333333333333,0.7333333333333333
IND,2021,2021_18_IND_JAX,129,248.75,1.875,1.1875,109.5625,0.625,248.3125,1.875,0.6875
IND,2022,2022_01_IND_HOU,130,,,,,,,,
IND,2022,2022_02_IND_JAX,131,240.0,2.0,0.0,77.0,0.0,240.0,2.0,1.0
IND,2022,2022_03_KC_IND,132,237.5,2.0,0.0,86.5,0.5,237.5,2.0,0.5
IND,2022,2022_04_TEN_IND,133,245.66666666666666,1.6666666666666667,0.3333333333333333,77.0,0.6666666666666666,245.66666666666666,1.6666666666666667,0.3333333333333333
IND,2022,2022_05_IND_DEN,134,218.5,1.75,0.25,89.5,0.75,218.5,1.75,0.25
IND,2022,2022_06_JAX_IND,135,229.6,1.4,0.6,96.6,0.6,229.6,1.4,0.2
IND,2022,2022_07_IND_TEN,136,218.83333333333334,1.3333333333333333,0.5,121.0,1.0,218.83333333333334,1.3333333333333333,0.3333333333333333
IND,2022,2022_08_WAS_IND,137,206.42857142857142,1.1428571428571428,0.42857142857142855,123.42857142857143,0.8571428571428571,206.42857142857142,1.1428571428571428,0.42857142857142855
IND,2022,2022_09_IND_NE,138,215.5,1.125,0.5,120.0,0.875,215.5,1.125,0.375
IND,2022,2022_10_IND_LV,139,207.88888888888889,1.1111111111111112,0.4444444444444444,114.44444444444444,0.7777777777777778,207.88888888888889,1.1111111111111112,0.4444444444444444
IND,2022,2022_11_PHI_IND,140,211.9,1.2,0.4,110.7,0.8,211.9,1.2,0.4
IND,2022,2022_12_PIT_IND,141,209.9090909090909,1.1818181818181819,0.36363636363636365,113.45454545454545,0.8181818181818182,209.9090909090909,1.1818181818181819,0.5454545454545454
IND,2022,2022_13_IND_DAL,142,206.91666666666666,1.0833333333333333,0.3333333333333333,118.33333333333333,0.9166666666666666,206.91666666666666,1.0833333333333333,0.5
IND,2022,2022_15_IND_MIN,143,204.07692307692307,1.2307692307692308,0.38461538461538464,126.15384615384616,1.1538461538461537,204.07692307692307,1.2307692307692308,0.46153846153846156
IND,2022,2022_16_LAC_IND,144,222.35714285714286,1.4285714285714286,0.5,123.71428571428571,1.1428571428571428,222.35714285714286,1.4285714285714286,0.5
IND,2022,2022_17_IND_NYG,145,223.2,1.3333333333333333,0.5333333333333333,122.2,1.2,223.2,1.3333333333333333,0.5333333333333333
IND,2022,2022_18_HOU_IND,146,220.3125,1.375,0.5,128.125,1.25,220.3125,1.375,0.5625
IND,2023,2023_01_JAX_IND,147,,,,,,,,
IND,2023,2023_02_IND_HOU,148,241.0,2.0,1.0,105.0,2.0,241.0,2.0,0.0
IND,2023,2023_03_IND_BAL,149,312.5,2.0,0.5,78.5,1.0,312.5,2.0,0.5
IND,2023,2023_04_LA_IND,150,275.6666666666667,1.3333333333333333,0.3333333333333333,114.33333333333333,1.3333333333333333,275.6666666666667,1.3333333333333333,1.0
IND,2023,2023_05_TEN_IND,151,286.5,1.25,0.5,126.75,1.5,286.5,1.25,0.75
IND,2023,2023_06_IND_JAX,152,282.0,1.0,0.6,119.2,1.4,282.0,1.0,0.6
IND,2023,2023_07_CLE_IND,153,265.1666666666667,1.1666666666666667,0.6666666666666666,113.5,1.5,265.1666666666667,1.1666666666666667,0.5
IND,2023,2023_08_NO_IND,154,253.42857142857142,1.0,0.8571428571428571,118.71428571428571,1.7142857142857142,253.42857142857142,1.0,0.42857142857142855
IND,2023,2023_09_IND_CAR,155,266.0,1.125,0.75,124.0,1.875,266.0,1.125,0.5
IND,2023,2023_10_IND_NE,156,255.66666666666666,1.1111111111111112,1.0,125.55555555555556,1.6666666666666667,255.66666666666666,1.1111111111111112,0.4444444444444444
IND,2023,2023_12_TB_IND,157,249.6,1.0,1.1,129.7,1.5,249.6,1.0,0.4
IND,2023,2023_13_IND_TEN,158,245.0,1.0909090909090908,1.0909090909090908,129.27272727272728,1.3636363636363635,245.0,1.0909090909090908,0.45454545454545453
IND,2023,2023_14_IND_CIN,159,243.25,1.0833333333333333,1.0,133.25,1.4166666666666667,243.25,1.0833333333333333,0.5833333333333334
IND,2023,2023_15_PIT_IND,160,245.6153846153846,1.1538461538461537,1.0,131.53846153846155,1.4615384615384615,245.6153846153846,1.1538461538461537,0.5384615384615384
IND,2023,2023_16_IND_ATL,161,240.35714285714286,1.1428571428571428,1.0714285714285714,127.42857142857143,1.4285714285714286,240.35714285714286,1.1428571428571428,0.5714285714285714
IND,2023,2023_17_LV_IND,162,239.6,1.1333333333333333,1.0,130.73333333333332,1.4,239.6,1.1333333333333333,0.5333333333333333
IND,2023,2023_18_HOU_IND,163,243.3125,1.1875,0.9375,127.8125,1.3125,243.3125,1.1875,0.5
IND,2024,2024_01_HOU_IND,164,,,,,,,,
IND,2024,2024_02_IND_GB,165,234.0,2.0,0.0,213.0,1.0,234.0,2.0,0.0
IND,2024,2024_03_CHI_IND,166,178.0,1.5,0.0,237.0,0.5,178.0,1.5,0.5
IND,2024,2024_04_PIT_IND,167,239.66666666666666,1.6666666666666667,0.6666666666666666,179.0,0.3333333333333333,239.66666666666666,1.6666666666666667,0.6666666666666666
IND,2024,2024_05_IND_JAX,168,257.75,1.5,0.5,164.75,0.75,257.75,1.5,1.0
IND,2024,2024_06_IND_TEN,169,280.4,1.6,0.6,157.0,1.0,280.4,1.6,1.0
IND,2024,2024_07_MIA_IND,170,249.5,1.5,0.6666666666666666,155.16666666666666,1.0,249.5,1.5,0.8333333333333334
IND,2024,2024_08_IND_HOU,171,236.85714285714286,1.4285714285714286,0.5714285714285714,159.85714285714286,0.8571428571428571,236.85714285714286,1.4285714285714286,1.0
IND,2024,2024_09_IND_MIN,172,242.875,1.375,0.5,151.875,0.875,242.875,1.375,1.0
IND,2024,2024_10_BUF_IND,173,250.55555555555554,1.5555555555555556,0.6666666666666666,149.77777777777777,0.7777777777777778,250.55555555555554,1.5555555555555556,1.0
IND,2024,2024_11_IND_NYJ,174,253.5,1.4,0.8,148.3,0.9,253.5,1.4,0.9
IND,2024,2024_12_DET_IND,175,247.1818181818182,1.4545454545454546,0.7272727272727273,143.0909090909091,0.9090909090909091,247.1818181818182,1.4545454545454546,0.8181818181818182
IND,2024,2024_13_IND_NE,176,249.0,1.3333333333333333,0.6666666666666666,142.58333333333334,1.0833333333333333,249.0,1.3333333333333333,0.75
IND,2024,2024_15_IND_DEN,177,248.15384615384616,1.3076923076923077,0.6923076923076923,147.0,1.0769230769230769,248.15384615384616,1.3076923076923077,0.6923076923076923
IND,2024,2024_16_TEN_IND,178,239.71428571428572,1.4285714285714286,0.8571428571428571,141.64285714285714,1.0,239.71428571428572,1.4285714285714286,0.6428571428571429
IND,2024,2024_17_IND_NYG,179,240.53333333333333,1.4666666666666666,1.0,136.53333333333333,1.0666666666666667,240.53333333333333,1.4666666666666666,0.6
IND,2024,2024_18_JAX_IND,180,244.8125,1.625,0.9375,133.0,1.0625,244.8125,1.625,0.5625
JAX,2014,2014_01_JAX_PHI,1,,,,,,,,
JAX,2014,2014_02_JAX_WAS,2,322.0,2.0,1.0,145.0,1.0,322.0,2.0,2.0
JAX,2014,2014_03_IND_JAX,3,305.0,2.0,0.5,168.0,2.0,305.0,2.0,1.0
JAX,2014,2014_04_JAX_SD,4,333.3333333333333,2.6666666666666665,0.3333333333333333,160.0,1.3333333333333333,333.3333333333333,2.6666666666666665,0.6666666666666666
JAX,2014,2014_05_PIT_JAX,5,344.25,2.75,0.25,130.5,1.0,344.25,2.75,0.5
JAX,2014,2014_06_JAX_TEN,6,330.0,2.4,0.2,126.6,0.8,330.0,2.4,0.6
JAX,2014,2014_07_CLE_JAX,7,313.8333333333333,2.0,0.16666666666666666,117.16666666666667,0.8333333333333334,313.8333333333333,2.0,0.5
JAX,2014,2014_08_MIA_JAX,8,299.7142857142857,1.7142857142857142,0.2857142857142857,110.28571428571429,0.7142857142857143,299.7142857142857,1.7142857142857142,0.5714285714285714
JAX,2014,2014_09_JAX_CIN,9,286.75,1.625,0.375,115.0,0.625,286.75,1.625,0.5
JAX,2014,2014_10_DAL_JAX,10,280.77777777777777,1.6666666666666667,0.5555555555555556,123.44444444444444,0.7777777777777778,280.77777777777777,1.6666666666666667,0.4444444444444444
JAX,2014,2014_12_JAX_IND,11,278.1,1.8,0.5,126.2,0.8,278.1,1.8,0.5
JAX,2014,2014_13_NYG_JAX,12,275.8181818181818,1.7272727272727273,0.45454545454545453,130.63636363636363,0.8181818181818182,275.8181818181818,1.7272727272727273,0.7272727272727273
JAX,2014,2014_14_HOU_JAX,13,273.4166666666667,1.6666666666666667,0.4166666666666667,129.41666666666666,0.9166666666666666,273.4166666666667,1.6666666666666667,0.9166666666666666
JAX,2014,2014_15_JAX_BAL,14,262.7692307692308,1.5384615384615385,0.38461538461538464,132.46153846153845,1.0769230769230769,262.7692307692308,1.5384615384615385,0.8461538461538461
JAX,2014,2014_16_TEN_JAX,15,259.7857142857143,1.5,0.35714285714285715,129.64285714285714,1.0,259.7857142857143,1.5,0.8571428571428571
JAX,2014,2014_17_JAX_HOU,16,261.6,1.4666666666666666,0.3333333333333333,127.33333333333333,0.9333333333333333,261.6,1.4666666666666666,0.8
JAX,2015,2015_01_CAR_JAX,17,,,,,,,,
JAX,2015,2015_02_MIA_JAX,18,175.0,1.0,1.0,105.0,0.0,175.0,1.0,0.0
JAX,2015,2015_03_JAX_NE,19,267.0,1.5,0.5,73.5,0.0,267.0,1.5,0.0
JAX,2015,2015_04_JAX_IND,20,297.3333333333333,1.6666666666666667,0.3333333333333333,90.66666666666667,1.3333333333333333,297.3333333333333,1.6666666666666667,0.0
JAX,2015,2015_05_JAX_TB,21,293.5,1.5,0.25,83.0,1.0,293.5,1.5,0.5
JAX,2015,2015_06_HOU_JAX,22,276.6,1.4,0.2,103.0,1.2,276.6,1.4,0.4
JAX,2015,2015_07_BUF_JAX,23,279.3333333333333,1.6666666666666667,0.16666666666666666,101.66666666666667,1.0,279.3333333333333,1.6666666666666667,0.3333333333333333
JAX,2015,2015_09_JAX_NYJ,24,282.0,1.7142857142857142,0.42857142857142855,103.57142857142857,0.8571428571428571,282.0,1.7142857142857142,0.5714285714285714
JAX,2015,2015_10_JAX_BAL,25,280.75,1.75,0.375,94.25,1.0,280.75,1.75,0.5
JAX,2015,2015_11_TEN_JAX,26,284.6666666666667,1.8888888888888888,0.5555555555555556,93.66666666666667,0.8888888888888888,284.6666666666667,1.8888888888888888,0.5555555555555556
JAX,2015,2015_12_SD_JAX,27,279.3,1.7,0.5,94.7,0.9,279.3,1.7,0.6
JAX,2015,2015_13_JAX_TEN,28,281.1818181818182,1.9090909090909092,0.45454545454545453,93.27272727272727,0.8181818181818182,281.1818181818182,1.9090909090909092,0.5454545454545454
JAX,2015,2015_14_IND_JAX,29,280.0833333333333,2.0,0.5,103.0,0.9166666666666666,280.0833333333333,2.0,0.5833333333333334
JAX,2015,2015_15_ATL_JAX,30,278.53846153846155,1.8461538461538463,0.5384615384615384,102.38461538461539,0.8461538461538461,278.53846153846155,1.8461538461538463,0.6153846153846154
JAX,2015,2015_16_JAX_NO,31,276.2142857142857,1.7857142857142858,0.5714285714285714,101.0,0.8571428571428571,276.2142857142857,1.7857142857142858,0.5714285714285714
JAX,2015,2015_17_JAX_HOU,32,285.26666666666665,1.8666666666666667,0.5333333333333333,103.26666666666667,0.9333333333333333,285.26666666666665,1.8666666666666667,0.5333333333333333
JAX,2016,2016_01_GB_JAX,33,,,,,,,,
JAX,2016,2016_02_JAX_SD,34,199.0,2.0,0.0,95.0,1.0,199.0,2.0,0.0
JAX,2016,2016_03_BAL_JAX,35,209.5,3.0,0.0,122.5,1.0,209.5,3.0,0.5
JAX,2016,2016_04_IND_JAX,36,211.0,2.0,0.6666666666666666,109.66666666666667,1.0,211.0,2.0,0.3333333333333333
JAX,2016,2016_06_JAX_CHI,37,216.75,2.0,0.75,105.75,1.0,216.75,2.0,0.25
JAX,2016,2016_07_OAK_JAX,38,233.8,1.6,0.6,103.0,1.0,233.8,1.6,0.2
JAX,2016,2016_08_JAX_TEN,39,228.16666666666666,1.5,0.5,109.83333333333333,1.1666666666666667,228.16666666666666,1.5,0.16666666666666666
JAX,2016,2016_09_JAX_KC,40,235.57142857142858,1.5714285714285714,0.42857142857142855,124.71428571428571,1.2857142857142858,235.57142857142858,1.5714285714285714,0.14285714285714285
JAX,2016,2016_10_HOU_JAX,41,229.5,1.5,0.375,116.875,1.125,229.5,1.5,0.125
JAX,2016,2016_11_JAX_DET,42,215.0,1.5555555555555556,0.3333333333333333,124.0,1.0,215.0,1.5555555555555556,0.1111111111111111
JAX,2016,2016_12_JAX_BUF,43,221.3,1.4,0.3,113.0,1.0,221.3,1.4,0.2
JAX,2016,2016_13_DEN_JAX,44,216.27272727272728,1.3636363636363635,0.2727272727272727,116.63636363636364,1.1818181818181819,216.27272727272728,1.3636363636363635,0.18181818181818182
JAX,2016,2016_14_MIN_JAX,45,206.91666666666666,1.25,0.25,115.58333333333333,1.1666666666666667,206.91666666666666,1.25,0.16666666666666666
JAX,2016,2016_15_JAX_HOU,46,213.46153846153845,1.2307692307692308,0.23076923076923078,113.23076923076923,1.1538461538461537,213.46153846153845,1.2307692307692308,0.23076923076923078
JAX,2016,2016_16_TEN_JAX,47,220.21428571428572,1.1428571428571428,0.35714285714285715,110.78571428571429,1.1428571428571428,220.21428571428572,1.1428571428571428,0.21428571428571427
JAX,2016,2016_17_JAX_IND,48,220.4,1.2,0.4,107.26666666666667,1.0666666666666667,220.4,1.2,0.2
JAX,2017,2017_01_JAX_HOU,49,,,,,,,,
JAX,2017,2017_02_TEN_JAX,50,164.0,1.0,1.0,93.0,0.0,164.0,1.0,3.0
JAX,2017,2017_03_BAL_JAX,51,189.5,1.0,1.0,136.0,1.5,189.5,1.0,1.5
JAX,2017,2017_04_JAX_NYJ,52,147.66666666666666,1.0,1.3333333333333333,135.33333333333334,1.0,147.66666666666666,1.0,1.3333333333333333
JAX,2017,2017_05_JAX_PIT,53,174.5,0.75,1.25,165.5,1.25,174.5,0.75,1.25
JAX,2017,2017_06_LA_JAX,54,202.0,0.6,2.0,146.4,1.0,202.0,0.6,1.0
JAX,2017,2017_07_JAX_IND,55,189.0,0.6666666666666666,1.6666666666666667,145.66666666666666,0.8333333333333334,189.0,0.6666666666666666,1.0
JAX,2017,2017_09_CIN_JAX,56,190.57142857142858,0.5714285714285714,1.4285714285714286,138.57142857142858,0.7142857142857143,190.57142857142858,0.5714285714285714,0.8571428571428571
JAX,2017,2017_10_LAC_JAX,57,183.75,0.5,1.25,124.875,0.75,183.75,0.5,0.75
JAX,2017,2017_11_JAX_CLE,58,189.44444444444446,0.6666666666666666,1.2222222222222223,120.66666666666667,0.6666666666666666,189.44444444444446,0.6666666666666666,0.7777777777777778
JAX,2017,2017_12_JAX_ARI,59,188.4,0.7,1.3,113.6,0.6,188.4,0.7,0.9
JAX,2017,2017_13_IND_JAX,60,193.1818181818182,0.8181818181818182,1.2727272727272727,113.0909090909091,0.5454545454545454,193.1818181818182,0.8181818181818182,0.9090909090909091
JAX,2017,2017_14_SEA_JAX,61,191.58333333333334,0.8333333333333334,1.3333333333333333,115.41666666666667,0.5,191.58333333333334,0.8333333333333334,0.8333333333333334
JAX,2017,2017_15_HOU_JAX,62,197.69230769230768,1.0,1.4615384615384615,117.38461538461539,0.46153846153846156,197.69230769230768,1.0,0.7692307692307693
JAX,2017,2017_16_JAX_SF,63,192.71428571428572,1.0,1.4285714285714286,115.21428571428571,0.42857142857142855,192.71428571428572,1.0,0.7142857142857143
JAX,2017,2017_17_JAX_TEN,64,196.0,1.0666666666666667,1.4,116.26666666666667,0.6,196.0,1.0666666666666667,0.6666666666666666
JAX,2018,2018_01_JAX_NYG,65,,,,,,,,
JAX,2018,2018_02_NE_JAX,66,224.0,0.0,1.0,114.0,1.0,224.0,0.0,0.0
JAX,2018,2018_03_TEN_JAX,67,229.0,1.0,0.5,98.0,0.5,229.0,1.0,0.5
JAX,2018,2018_04_NYJ_JAX,68,188.66666666666666,0.6666666666666666,0.3333333333333333,115.33333333333333,0.3333333333333333,188.66666666666666,0.6666666666666666,0.3333333333333333
JAX,2018,2018_05_JAX_KC,69,183.25,0.75,0.25,95.0,0.25,183.25,0.75,0.25
JAX,2018,2018_06_JAX_DAL,70,209.2,0.6,0.6,101.2,0.6,209.2,0.6,0.2
JAX,2018,2018_07_HOU_JAX,71,204.83333333333334,0.8333333333333334,0.5,118.66666666666667,0.8333333333333334,204.83333333333334,0.8333333333333334,0.16666666666666666
JAX,2018,2018_08_PHI_JAX,72,195.42857142857142,0.8571428571428571,0.42857142857142855,121.85714285714286,0.8571428571428571,195.42857142857142,0.8571428571428571,0.14285714285714285
JAX,2018,2018_10_JAX_IND,73,206.75,1.125,0.5,123.25,0.75,206.75,1.125,0.25
JAX,2018,2018_11_PIT_JAX,74,215.44444444444446,1.3333333333333333,0.5555555555555556,118.55555555555556,0.7777777777777778,215.44444444444446,1.3333333333333333,0.2222222222222222
JAX,2018,2018_12_JAX_BUF,75,225.3,1.4,0.8,109.3,0.8,225.3,1.4,0.2
JAX,2018,2018_13_IND_JAX,76,219.36363636363637,1.3636363636363635,0.7272727272727273,114.54545454545455,0.9090909090909091,219.36363636363637,1.3636363636363635,0.18181818181818182
JAX,2018,2018_14_JAX_TEN,77,221.75,1.25,0.75,108.41666666666667,0.8333333333333334,221.75,1.25,0.25
JAX,2018,2018_15_WAS_JAX,78,217.15384615384616,1.1538461538461537,0.7692307692307693,120.38461538461539,1.0769230769230769,217.15384615384616,1.1538461538461537,0.23076923076923078
JAX,2018,2018_16_JAX_MIA,79,212.42857142857142,1.1428571428571428,0.7142857142857143,119.57142857142857,1.0,212.42857142857142,1.1428571428571428,0.21428571428571427
JAX,2018,2018_17_JAX_HOU,80,208.0,1.1333333333333333,0.7333333333333333,115.73333333333333,0.9333333333333333,208.0,1.1333333333333333,0.26666666666666666
JAX,2019,2019_01_KC_JAX,81,,,,,,,,
JAX,2019,2019_02_JAX_HOU,82,378.0,3.0,0.0,113.0,1.0,378.0,3.0,0.0
JAX,2019,2019_03_TEN_JAX,83,268.5,1.5,0.0,119.5,1.0,268.5,1.5,0.0
JAX,2019,2019_04_JAX_DEN,84,280.3333333333333,1.0,0.0,110.0,1.0,280.3333333333333,1.0,0.0
JAX,2019,2019_05_JAX_CAR,85,286.0,1.5,0.25,99.5,0.75,286.0,1.5,0.0
JAX,2019,2019_06_NO_JAX,86,265.0,1.4,0.2,136.6,1.2,265.0,1.4,0.0
JAX,2019,2019_07_JAX_CIN,87,260.8333333333333,1.3333333333333333,0.16666666666666666,131.16666666666666,1.0,260.8333333333333,1.3333333333333333,0.0
JAX,2019,2019_08_NYJ_JAX,88,263.0,1.2857142857142858,0.5714285714285714,117.14285714285714,1.0,263.0,1.2857142857142858,0.14285714285714285
JAX,2019,2019_09_HOU_JAX,89,257.375,1.375,0.875,108.25,0.875,257.375,1.375,0.125
JAX,2019,2019_11_JAX_IND,90,251.11111111111111,1.4444444444444444,0.7777777777777778,120.22222222222223,0.8888888888888888,251.11111111111111,1.4444444444444444,0.2222222222222222
JAX,2019,2019_12_JAX_TEN,91,240.8,1.4,0.8,134.6,1.1,240.8,1.4,0.2
JAX,2019,2019_13_TB_JAX,92,242.45454545454547,1.4545454545454546,0.7272727272727273,142.27272727272728,1.3636363636363635,242.45454545454547,1.4545454545454546,0.36363636363636365
JAX,2019,2019_14_LAC_JAX,93,244.58333333333334,1.3333333333333333,0.6666666666666666,136.58333333333334,1.4166666666666667,244.58333333333334,1.3333333333333333,0.4166666666666667
JAX,2019,2019_15_JAX_OAK,94,251.92307692307693,1.5384615384615385,0.6153846153846154,141.07692307692307,1.4615384615384615,251.92307692307693,1.5384615384615385,0.38461538461538464
JAX,2019,2019_16_JAX_ATL,95,253.0,1.5,0.5714285714285714,140.14285714285714,1.3571428571428572,253.0,1.5,0.35714285714285715
JAX,2019,2019_17_IND_JAX,96,261.73333333333335,1.4666666666666666,0.6666666666666666,139.8,1.4,261.73333333333335,1.4666666666666666,0.3333333333333333
JAX,2020,2020_01_IND_JAX,97,,,,,,,,
JAX,2020,2020_02_JAX_TEN,98,363.0,1.0,2.0,88.0,1.0,363.0,1.0,0.0
JAX,2020,2020_03_MIA_JAX,99,301.0,2.5,1.0,105.5,0.5,301.0,2.5,0.0
JAX,2020,2020_04_JAX_CIN,100,254.0,2.3333333333333335,0.6666666666666666,116.33333333333333,1.0,254.0,2.3333333333333335,0.0
JAX,2020,2020_05_JAX_HOU,101,265.5,2.0,0.75,138.5,1.25,265.5,2.0,0.0
JAX,2020,2020_06_DET_JAX,102,284.2,2.2,1.0,136.6,1.0,284.2,2.2,0.0
JAX,2020,2020_07_JAX_LAC,103,274.0,2.0,1.0,143.83333333333334,1.3333333333333333,274.0,2.0,0.0
JAX,2020,2020_09_HOU_JAX,104,285.0,2.142857142857143,0.8571428571428571,142.57142857142858,1.4285714285714286,285.0,2.142857142857143,0.0
JAX,2020,2020_10_JAX_GB,105,284.5,2.125,0.75,138.125,1.375,284.5,2.125,0.125
JAX,2020,2020_11_PIT_JAX,106,289.0,2.111111111111111,0.7777777777777778,131.66666666666666,1.3333333333333333,289.0,2.111111111111111,0.2222222222222222
JAX,2020,2020_12_CLE_JAX,107,286.8,2.1,0.8,129.1,1.3,286.8,2.1,0.2
JAX,2020,2020_13_JAX_MIN,108,284.1818181818182,2.090909090909091,0.7272727272727273,136.1818181818182,1.2727272727272727,284.1818181818182,2.090909090909091,0.2727272727272727
JAX,2020,2020_14_TEN_JAX,109,285.9166666666667,2.1666666666666665,0.75,136.91666666666666,1.1666666666666667,285.9166666666667,2.1666666666666665,0.3333333333333333
JAX,2020,2020_15_JAX_BAL,110,280.2307692307692,2.1538461538461537,0.6923076923076923,145.53846153846155,1.2307692307692308,280.2307692307692,2.1538461538461537,0.38461538461538464
JAX,2020,2020_16_CHI_JAX,111,278.07142857142856,2.2142857142857144,0.7142857142857143,146.5,1.2857142857142858,278.07142857142856,2.2142857142857144,0.35714285714285715
JAX,2020,2020_17_JAX_IND,112,277.2,2.2,0.7333333333333333,145.26666666666668,1.4,277.2,2.2,0.3333333333333333
JAX,2021,2021_01_JAX_HOU,113,,,,,,,,
JAX,2021,2021_02_DEN_JAX,114,291.0,2.0,0.0,160.0,2.0,291.0,2.0,0.0
JAX,2021,2021_03_ARI_JAX,115,309.5,2.0,0.0,128.0,1.0,309.5,2.0,0.0
JAX,2021,2021_04_JAX_CIN,116,311.6666666666667,1.3333333333333333,0.3333333333333333,115.66666666666667,1.6666666666666667,311.6666666666667,1.3333333333333333,0.0
JAX,2021,2021_05_TEN_JAX,117,320.75,1.5,0.25,106.25,1.5,320.75,1.5,0.0
JAX,2021,2021_06_MIA_JAX,118,296.0,1.4,0.2,121.8,1.8,296.0,1.4,0.0
JAX,2021,2021_08_JAX_SEA,119,305.6666666666667,1.5,0.3333333333333333,114.33333333333333,1.5,305.6666666666667,1.5,0.0
JAX,2021,2021_09_BUF_JAX,120,289.85714285714283,1.5714285714285714,0.2857142857142857,107.85714285714286,1.4285714285714286,289.85714285714283,1.5714285714285714,0.0
JAX,2021,2021_10_JAX_IND,121,286.625,1.375,0.5,103.375,1.25,286.625,1.375,0.125
JAX,2021,2021_11_SF_JAX,122,274.77777777777777,1.2222222222222223,0.4444444444444444,106.0,1.2222222222222223,274.77777777777777,1.2222222222222223,0.1111111111111111
JAX,2021,2021_12_ATL_JAX,123,264.9,1.3,0.4,112.5,1.2,264.9,1.3,0.1
JAX,2021,2021_13_JAX_LA,124,258.09090909090907,1.2727272727272727,0.45454545454545453,115.81818181818181,1.2727272727272727,258.09090909090907,1.2727272727272727,0.09090909090909091
JAX,2021,2021_14_JAX_TEN,125,261.1666666666667,1.4166666666666667,0.4166666666666667,116.83333333333333,1.25,261.1666666666667,1.4166666666666667,0.08333333333333333
JAX,2021,2021_15_HOU_JAX,126,255.76923076923077,1.3076923076923077,0.38461538461538464,115.6923076923077,1.3076923076923077,255.76923076923077,1.3076923076923077,0.07692307692307693
JAX,2021,2021_16_JAX_NYJ,127,252.42857142857142,1.3571428571428572,0.42857142857142855,112.78571428571429,1.2142857142857142,252.42857142857142,1.3571428571428572,0.07142857142857142
JAX,2021,2021_17_JAX_NE,128,242.4,1.3333333333333333,0.4,123.46666666666667,1.2,242.4,1.3333333333333333,0.06666666666666667
JAX,2021,2021_18_IND_JAX,129,245.375,1.4375,0.375,127.0625,1.375,245.375,1.4375,0.0625
JAX,2022,2022_01_JAX_WAS,130,,,,,,,,
JAX,2022,2022_02_IND_JAX,131,313.0,4.0,2.0,85.0,0.0,313.0,4.0,1.0
JAX,2022,2022_03_JAX_LAC,132,254.0,2.0,2.5,69.5,0.0,254.0,2.0,0.5
JAX,2022,2022_04_JAX_PHI,133,268.3333333333333,1.6666666666666667,2.0,55.0,0.0,268.3333333333333,1.6666666666666667,0.6666666666666666
JAX,2022,2022_05_HOU_JAX,134,252.25,1.25,1.75,93.75,1.0,252.25,1.25,0.5
JAX,2022,2022_06_JAX_IND,135,229.8,1.0,1.4,98.2,1.0,229.8,1.0,0.4
JAX,2022,2022_07_NYG_JAX,136,256.3333333333333,1.3333333333333333,1.1666666666666667,89.33333333333333,1.0,256.3333333333333,1.3333333333333333,0.3333333333333333
JAX,2022,2022_08_DEN_JAX,137,248.57142857142858,1.2857142857142858,1.0,110.28571428571429,1.0,248.57142857142858,1.2857142857142858,0.2857142857142857
JAX,2022,2022_09_LV_JAX,138,249.0,1.25,1.0,109.125,1.125,249.0,1.25,0.25
JAX,2022,2022_10_JAX_KC,139,250.11111111111111,1.3333333333333333,0.8888888888888888,104.88888888888889,1.0,250.11111111111111,1.3333333333333333,0.2222222222222222
JAX,2022,2022_12_BAL_JAX,140,258.2,1.6,0.9,109.9,0.9,258.2,1.6,0.3
JAX,2022,2022_13_JAX_DET,141,257.8181818181818,1.5454545454545454,0.8181818181818182,114.63636363636364,0.9090909090909091,257.8181818181818,1.5454545454545454,0.45454545454545453
JAX,2022,2022_14_JAX_TEN,142,264.6666666666667,1.5833333333333333,0.75,113.41666666666667,1.0,264.6666666666667,1.5833333333333333,0.4166666666666667
JAX,2022,2022_15_DAL_JAX,143,263.84615384615387,1.6153846153846154,0.7692307692307693,115.23076923076923,1.0,263.84615384615387,1.6153846153846154,0.6153846153846154
JAX,2022,2022_16_JAX_NYJ,144,263.2857142857143,1.7142857142857142,0.8571428571428571,118.0,1.0,263.2857142857143,1.7142857142857142,0.5714285714285714
JAX,2022,2022_17_JAX_HOU,145,257.8666666666667,1.6,0.8666666666666667,114.53333333333333,0.9333333333333333,257.8666666666667,1.6,0.6
JAX,2022,2022_18_TEN_JAX,146,254.9375,1.5,0.8125,112.625,0.875,254.9375,1.5,0.625
JAX,2023,2023_01_JAX_IND,147,,,,,,,,
JAX,2023,2023_02_KC_JAX,148,223.0,1.0,1.0,65.0,1.0,223.0,1.0,2.0
JAX,2023,2023_03_HOU_JAX,149,264.0,1.5,1.0,83.0,0.5,264.0,1.5,1.5
JAX,2023,2023_04_ATL_JAX,150,269.3333333333333,1.6666666666666667,0.6666666666666666,84.0,0.6666666666666666,269.3333333333333,1.6666666666666667,1.0
JAX,2023,2023_05_JAX_BUF,151,249.75,1.5,1.0,94.75,0.5,249.75,1.5,1.0
JAX,2023,2023_06_IND_JAX,152,271.6,1.6,1.0,81.6,0.6,271.6,1.6,1.0
JAX,2023,2023_07_JAX_NO,153,281.1666666666667,1.5,1.3333333333333333,75.33333333333333,0.6666666666666666,281.1666666666667,1.5,1.0
JAX,2023,2023_08_JAX_PIT,154,284.0,1.4285714285714286,1.2857142857142858,80.57142857142857,0.7142857142857143,284.0,1.4285714285714286,0.8571428571428571
JAX,2023,2023_10_SF_JAX,155,274.875,1.375,1.375,79.25,0.625,274.875,1.375,0.75
JAX,2023,2023_11_TEN_JAX,156,277.8888888888889,1.5555555555555556,1.2222222222222223,86.44444444444444,0.6666666666666666,277.8888888888889,1.5555555555555556,0.6666666666666666
JAX,2023,2023_12_JAX_HOU,157,265.9,1.6,1.1,87.0,0.6,265.9,1.6,0.7
JAX,2023,2023_13_CIN_JAX,158,269.3636363636364,1.6363636363636365,1.0,87.36363636363636,0.6363636363636364,269.3636363636364,1.6363636363636365,0.6363636363636364
JAX,2023,2023_14_JAX_CLE,159,275.8333333333333,1.5833333333333333,1.0,93.08333333333333,0.8333333333333334,275.8333333333333,1.5833333333333333,0.5833333333333334
JAX,2023,2023_15_BAL_JAX,160,278.53846153846155,1.6923076923076923,1.0,92.23076923076923,0.8461538461538461,278.53846153846155,1.6923076923076923,0.6923076923076923
JAX,2023,2023_16_JAX_TB,161,270.85714285714283,1.6428571428571428,1.0,103.57142857142857,0.8571428571428571,270.85714285714283,1.6428571428571428,0.6428571428571429
JAX,2023,2023_17_CAR_JAX,162,271.6666666666667,1.6666666666666667,0.9333333333333333,101.33333333333333,0.8666666666666667,271.6666666666667,1.6666666666666667,0.6
JAX,2023,2023_18_JAX_TEN,163,261.6875,1.5625,0.9375,98.5625,0.8125,261.6875,1.5625,0.5625
JAX,2024,2024_01_JAX_MIA,164,,,,,,,,
JAX,2024,2024_02_CLE_JAX,165,338.0,1.0,0.0,81.0,1.0,338.0,1.0,0.0
JAX,2024,2024_03_JAX_BUF,166,262.0,0.5,0.0,103.0,1.0,262.0,0.5,0.0
JAX,2024,2024_04_JAX_HOU,167,263.3333333333333,1.6666666666666667,0.0,109.33333333333333,1.3333333333333333,263.3333333333333,1.6666666666666667,0.0
JAX,2024,2024_05_IND_JAX,168,283.75,1.75,0.0,107.25,1.25,283.75,1.75,0.0
JAX,2024,2024_06_JAX_CHI,169,303.6,2.0,0.0,105.6,1.2,303.6,2.0,0.2
JAX,2024,2024_07_NE_JAX,170,290.6666666666667,2.3333333333333335,0.16666666666666666,113.33333333333333,1.1666666666666667,290.6666666666667,2.3333333333333335,0.16666666666666666
JAX,2024,2024_08_GB_JAX,171,288.57142857142856,2.2857142857142856,0.14285714285714285,102.57142857142857,1.0,288.57142857142856,2.2857142857142856,0.14285714285714285
JAX,2024,2024_09_JAX_PHI,172,284.0,2.125,0.25,111.0,1.125,284.0,2.125,0.125
JAX,2024,2024_10_MIN_JAX,173,278.0,2.111111111111111,0.2222222222222222,125.0,1.2222222222222223,278.0,2.111111111111111,0.2222222222222222
JAX,2024,2024_11_JAX_DET,174,274.3,1.9,0.5,129.4,1.1,274.3,1.9,0.2
JAX,2024,2024_13_HOU_JAX,175,290.1818181818182,2.090909090909091,0.45454545454545453,135.45454545454547,1.2727272727272727,290.1818181818182,2.090909090909091,0.18181818181818182
JAX,2024,2024_14_JAX_TEN,176,286.1666666666667,2.0,0.4166666666666667,133.16666666666666,1.25,286.1666666666667,2.0,0.16666666666666666
JAX,2024,2024_15_NYJ_JAX,177,277.0769230769231,1.8461538461538463,0.38461538461538464,132.6153846153846,1.1538461538461537,277.0769230769231,1.8461538461538463,0.15384615384615385
JAX,2024,2024_16_JAX_LV,178,277.92857142857144,1.9285714285714286,0.35714285714285715,132.07142857142858,1.1428571428571428,277.92857142857144,1.9285714285714286,0.14285714285714285
JAX,2024,2024_17_TEN_JAX,179,276.53333333333336,1.8,0.3333333333333333,127.86666666666666,1.2,276.53333333333336,1.8,0.13333333333333333
JAX,2024,2024_18_JAX_IND,180,271.3125,1.75,0.375,129.8125,1.125,271.3125,1.75,0.125
KC,2014,2014_01_TEN_KC,1,,,,,,,,
KC,2014,2014_02_KC_DEN,2,266.0,2.0,0.0,162.0,0.0,266.0,2.0,0.0
KC,2014,2014_03_KC_MIA,3,254.0,2.5,0.0,125.0,0.0,254.0,2.5,0.0
KC,2014,2014_04_NE_KC,4,237.66666666666666,2.0,0.0,130.33333333333334,0.0,237.66666666666666,2.0,0.0
KC,2014,2014_05_KC_SF,5,235.5,2.0,0.5,116.5,0.0,235.5,2.0,0.25
KC,2014,2014_07_KC_SD,6,228.6,1.8,0.4,127.4,0.0,228.6,1.8,0.2
KC,2014,2014_08_STL_KC,7,224.66666666666666,1.8333333333333333,0.5,117.66666666666667,0.0,224.66666666666666,1.8333333333333333,0.16666666666666666
KC,2014,2014_09_NYJ_KC,8,215.42857142857142,1.7142857142857142,0.5714285714285714,112.85714285714286,0.0,215.42857142857142,1.7142857142857142,0.14285714285714285
KC,2014,2014_10_KC_BUF,9,217.875,1.625,0.5,116.125,0.0,217.875,1.625,0.125
KC,2014,2014_11_SEA_KC,10,222.44444444444446,1.5555555555555556,0.4444444444444444,115.55555555555556,0.0,222.44444444444446,1.5555555555555556,0.2222222222222222
KC,2014,2014_12_KC_OAK,11,218.0,1.6,0.4,124.4,0.0,218.0,1.6,0.2
KC,2014,2014_13_DEN_KC,12,214.0,1.5454545454545454,0.36363636363636365,129.36363636363637,0.18181818181818182,214.0,1.5454545454545454,0.18181818181818182
KC,2014,2014_14_KC_ARI,13,211.08333333333334,1.5833333333333333,0.3333333333333333,136.41666666666666,0.16666666666666666,211.08333333333334,1.5833333333333333,0.25
KC,2014,2014_15_OAK_KC,14,213.23076923076923,1.5384615384615385,0.3076923076923077,136.76923076923077,0.15384615384615385,213.23076923076923,1.5384615384615385,0.23076923076923078
KC,2014,2014_16_KC_PIT,15,213.85714285714286,1.5,0.2857142857142857,132.57142857142858,0.14285714285714285,213.85714285714286,1.5,0.2857142857142857
KC,2014,2014_17_SD_KC,16,214.26666666666668,1.4666666666666666,0.26666666666666666,128.26666666666668,0.2,214.26666666666668,1.4666666666666666,0.26666666666666666
KC,2015,2015_01_KC_HOU,17,,,,,,,,
KC,2015,2015_02_DEN_KC,18,334.0,2.0,1.0,98.0,0.0,334.0,2.0,1.0
KC,2015,2015_03_KC_GB,19,295.0,2.5,1.0,79.5,0.0,295.0,2.5,0.5
KC,2015,2015_04_KC_CIN,20,307.6666666666667,3.3333333333333335,0.6666666666666666,94.0,0.0,307.6666666666667,3.3333333333333335,0.3333333333333333
KC,2015,2015_05_CHI_KC,21,311.0,2.75,0.5,101.5,1.0,311.0,2.75,0.25
KC,2015,2015_06_KC_MIN,22,299.2,2.6,0.4,98.6,0.8,299.2,2.6,0.4
KC,2015,2015_07_PIT_KC,23,290.8333333333333,2.3333333333333335,0.6666666666666666,96.16666666666667,0.6666666666666666,290.8333333333333,2.3333333333333335,0.3333333333333333
KC,2015,2015_08_DET_KC,24,279.14285714285717,2.142857142857143,0.8571428571428571,103.42857142857143,0.5714285714285714,279.14285714285717,2.142857142857143,0.42857142857142855
KC,2015,2015_10_KC_DEN,25,272.625,2.0,1.0,100.625,0.5,272.625,2.0,0.375
KC,2015,2015_11_KC_SD,26,262.44444444444446,1.8888888888888888,1.4444444444444444,97.11111111111111,0.5555555555555556,262.44444444444446,1.8888888888888888,0.3333333333333333
KC,2015,2015_12_BUF_KC,27,254.0,1.7,1.4,92.6,0.5,254.0,1.7,0.3
KC,2015,2015_13_KC_OAK,28,257.3636363636364,1.8181818181818181,1.2727272727272727,95.9090909090909,0.45454545454545453,257.3636363636364,1.8181818181818181,0.45454545454545453
KC,2015,2015_14_SD_KC,29,259.5,1.8333333333333333,1.4166666666666667,96.16666666666667,0.5,259.5,1.8333333333333333,0.4166666666666667
KC,2015,2015_15_KC_BAL,30,259.7692307692308,1.6923076923076923,1.3846153846153846,92.15384615384616,0.46153846153846156,259.7692307692308,1.6923076923076923,0.38461538461538464
KC,2015,2015_16_CLE_KC,31,261.2857142857143,1.7142857142857142,1.4285714285714286,92.21428571428571,0.42857142857142855,261.2857142857143,1.7142857142857142,0.42857142857142855
KC,2015,2015_17_OAK_KC,32,252.93333333333334,1.6,1.4,101.53333333333333,0.4666666666666667,252.93333333333334,1.6,0.4
KC,2016,2016_01_SD_KC,33,,,,,,,,
KC,2016,2016_02_KC_HOU,34,243.0,1.0,0.0,155.0,2.0,243.0,1.0,0.0
KC,2016,2016_03_NYJ_KC,35,255.5,1.0,1.0,126.0,1.0,255.5,1.0,0.0
KC,2016,2016_04_KC_PIT,36,233.0,0.6666666666666666,2.6666666666666665,123.0,0.6666666666666666,233.0,0.6666666666666666,0.3333333333333333
KC,2016,2016_06_KC_OAK,37,249.75,1.75,2.0,129.5,0.75,249.75,1.75,0.25
KC,2016,2016_07_NO_KC,38,244.8,1.6,1.8,116.4,0.6,244.8,1.6,0.4
KC,2016,2016_08_KC_IND,39,265.1666666666667,1.8333333333333333,1.6666666666666667,114.33333333333333,0.5,265.1666666666667,1.8333333333333333,0.5
KC,2016,2016_09_JAX_KC,40,257.2857142857143,1.8571428571428572,1.5714285714285714,113.0,0.42857142857142855,257.2857142857143,1.8571428571428572,0.5714285714285714
KC,2016,2016_10_KC_CAR,41,256.625,1.875,1.5,124.5,0.375,256.625,1.875,0.75
KC,2016,2016_11_TB_KC,42,257.1111111111111,1.7777777777777777,1.4444444444444444,121.66666666666667,0.4444444444444444,257.1111111111111,1.7777777777777777,0.7777777777777778
KC,2016,2016_12_KC_DEN,43,264.5,1.7,1.3,121.1,0.4,264.5,1.7,0.8
KC,2016,2016_13_KC_ATL,44,273.90909090909093,1.8181818181818181,1.1818181818181819,121.36363636363636,0.36363636363636365,273.90909090909093,1.8181818181818181,0.7272727272727273
KC,2016,2016_14_OAK_KC,45,275.8333333333333,1.75,1.1666666666666667,121.91666666666667,0.5,275.8333333333333,1.75,0.6666666666666666
KC,2016,2016_15_TEN_KC,46,263.61538461538464,1.6153846153846154,1.0769230769230769,122.92307692307692,0.5384615384615384,263.61538461538464,1.6153846153846154,0.6153846153846154
KC,2016,2016_16_DEN_KC,47,262.0,1.5,1.0714285714285714,124.71428571428571,0.6428571428571429,262.0,1.5,0.7142857142857143
KC,2016,2016_17_KC_SD,48,256.73333333333335,1.4,1.0666666666666667,120.6,0.6666666666666666,256.73333333333335,1.4,0.7333333333333333
KC,2017,2017_01_KC_NE,49,,,,,,,,
KC,2017,2017_02_PHI_KC,50,267.0,0.0,0.0,124.0,3.0,267.0,0.0,0.0
KC,2017,2017_03_KC_LAC,51,300.0,1.0,0.5,115.5,1.5,300.0,1.0,0.0
KC,2017,2017_04_WAS_KC,52,279.0,0.6666666666666666,1.3333333333333333,111.66666666666667,1.3333333333333333,279.0,0.6666666666666666,0.0
KC,2017,2017_05_KC_HOU,53,264.25,1.0,1.0,111.5,1.0,264.25,1.0,0.0
KC,2017,2017_06_PIT_KC,54,263.6,1.8,0.8,118.0,0.8,263.6,1.8,0.2
KC,2017,2017_07_KC_OAK,55,261.6666666666667,1.6666666666666667,0.8333333333333334,130.66666666666666,0.8333333333333334,261.6666666666667,1.6666666666666667,0.16666666666666666
KC,2017,2017_08_DEN_KC,56,283.85714285714283,1.8571428571428572,0.7142857142857143,124.57142857142857,0.8571428571428571,283.85714285714283,1.8571428571428572,0.14285714285714285
KC,2017,2017_09_KC_DAL,57,273.125,1.75,1.0,131.125,0.875,273.125,1.75,0.25
KC,2017,2017_11_KC_NYG,58,270.44444444444446,1.7777777777777777,0.8888888888888888,131.11111111111111,1.0,270.44444444444446,1.7777777777777777,0.2222222222222222
KC,2017,2017_12_BUF_KC,59,263.9,1.6,0.9,129.2,1.0,263.9,1.6,0.2
KC,2017,2017_13_KC_NYJ,60,256.54545454545456,1.5454545454545454,0.8181818181818182,126.9090909090909,0.9090909090909091,256.54545454545456,1.5454545454545454,0.18181818181818182
KC,2017,2017_14_OAK_KC,61,262.75,1.5,0.75,129.41666666666666,1.0833333333333333,262.75,1.5,0.16666666666666666
KC,2017,2017_15_LAC_KC,62,258.7692307692308,1.4615384615384615,0.8461538461538461,124.84615384615384,1.0769230769230769,258.7692307692308,1.4615384615384615,0.23076923076923078
KC,2017,2017_16_MIA_KC,63,256.5,1.4285714285714286,1.0,122.92857142857143,1.0714285714285714,256.5,1.4285714285714286,0.2857142857142857
KC,2017,2017_17_KC_DEN,64,258.46666666666664,1.4,0.9333333333333333,118.66666666666667,1.0,258.46666666666664,1.4,0.4
KC,2018,2018_01_KC_LAC,65,,,,,,,,
KC,2018,2018_02_KC_PIT,66,424.0,3.0,1.0,123.0,0.0,424.0,3.0,0.0
KC,2018,2018_03_SF_KC,67,438.0,3.0,0.5,78.0,1.0,438.0,3.0,0.0
KC,2018,2018_04_KC_DEN,68,375.6666666666667,2.6666666666666665,0.3333333333333333,111.33333333333333,1.0,375.6666666666667,2.6666666666666665,0.0
KC,2018,2018_05_JAX_KC,69,343.0,2.0,0.5,123.25,1.25,343.0,2.0,0.0
KC,2018,2018_06_KC_NE,70,360.4,1.8,1.2,118.8,1.2,360.4,1.8,0.2
KC,2018,2018_07_CIN_KC,71,357.0,1.6666666666666667,1.0,127.83333333333333,1.5,357.0,1.6666666666666667,0.3333333333333333
KC,2018,2018_08_DEN_KC,72,332.7142857142857,1.5714285714285714,1.0,118.85714285714286,1.2857142857142858,332.7142857142857,1.5714285714285714,0.2857142857142857
KC,2018,2018_09_KC_CLE,73,323.875,1.625,1.0,127.625,1.25,323.875,1.625,0.375
KC,2018,2018_10_ARI_KC,74,322.1111111111111,1.6666666666666667,1.0,124.77777777777777,1.2222222222222223,322.1111111111111,1.6666666666666667,0.3333333333333333
KC,2018,2018_11_KC_LA,75,310.7,1.6,1.1,121.7,1.2,310.7,1.6,0.3
KC,2018,2018_13_KC_OAK,76,320.0,1.8181818181818181,1.0,117.54545454545455,1.1818181818181819,320.0,1.8181818181818181,0.45454545454545453
KC,2018,2018_14_BAL_KC,77,317.0833333333333,1.9166666666666667,0.9166666666666666,122.0,1.1666666666666667,317.0833333333333,1.9166666666666667,0.6666666666666666
KC,2018,2018_15_LAC_KC,78,304.0,1.9230769230769231,0.8461538461538461,127.53846153846153,1.1538461538461537,304.0,1.9230769230769231,0.6923076923076923
KC,2018,2018_16_KC_SEA,79,304.64285714285717,1.9285714285714286,0.9285714285714286,126.92857142857143,1.2142857142857142,304.64285714285717,1.9285714285714286,0.6428571428571429
KC,2018,2018_17_OAK_KC,80,302.4,2.0,0.8666666666666667,132.46666666666667,1.2666666666666666,302.4,2.0,0.6
KC,2019,2019_01_KC_JAX,81,,,,,,,,
KC,2019,2019_02_KC_OAK,82,350.0,3.0,1.0,81.0,0.0,350.0,3.0,1.0
KC,2019,2019_03_BAL_KC,83,274.0,2.0,1.5,105.0,0.0,274.0,2.0,0.5
KC,2019,2019_04_KC_DET,84,271.6666666666667,1.3333333333333333,1.0,137.66666666666666,1.3333333333333333,271.6666666666667,1.3333333333333333,0.3333333333333333
KC,2019,2019_05_IND_KC,85,276.5,1.75,0.75,149.75,1.0,276.5,1.75,0.75
KC,2019,2019_06_HOU_KC,86,251.4,1.4,0.8,155.8,1.0,251.4,1.4,0.6
KC,2019,2019_07_KC_DEN,87,256.1666666666667,1.3333333333333333,1.0,161.83333333333334,1.3333333333333333,256.1666666666667,1.3333333333333333,0.6666666666666666
KC,2019,2019_08_GB_KC,88,250.0,1.1428571428571428,0.8571428571428571,148.85714285714286,1.2857142857142858,250.0,1.1428571428571428,0.7142857142857143
KC,2019,2019_09_MIN_KC,89,256.875,1.375,0.75,145.0,1.25,256.875,1.375,0.625
KC,2019,2019_10_KC_TEN,90,252.77777777777777,1.5555555555555556,0.6666666666666666,139.55555555555554,1.1111111111111112,252.77777777777777,1.5555555555555556,0.5555555555555556
KC,2019,2019_11_KC_LAC,91,245.6,1.6,0.6,148.1,1.2,245.6,1.6,0.6
KC,2019,2019_13_OAK_KC,92,255.36363636363637,1.5454545454545454,0.9090909090909091,143.0909090909091,1.0909090909090908,255.36363636363637,1.5454545454545454,0.5454545454545454
KC,2019,2019_14_KC_NE,93,252.58333333333334,1.5,1.0,141.33333333333334,1.0,252.58333333333334,1.5,0.5
KC,2019,2019_15_DEN_KC,94,248.84615384615384,1.4615384615384615,1.0,137.69230769230768,1.0,248.84615384615384,1.4615384615384615,0.46153846153846156
KC,2019,2019_16_KC_CHI,95,245.92857142857142,1.3571428571428572,1.0,131.57142857142858,0.9285714285714286,245.92857142857142,1.3571428571428572,0.42857142857142855
KC,2019,2019_17_LAC_KC,96,240.0,1.2666666666666666,0.9333333333333333,129.53333333333333,0.8666666666666667,240.0,1.2666666666666666,0.4
KC,2020,2020_01_HOU_KC,97,,,,,,,,
KC,2020,2020_02_KC_LAC,98,253.0,1.0,1.0,118.0,2.0,253.0,1.0,0.0
KC,2020,2020_03_KC_BAL,99,282.0,1.0,1.0,150.5,1.5,282.0,1.0,0.0
KC,2020,2020_04_NE_KC,100,220.33333333333334,1.0,0.6666666666666666,153.0,1.0,220.33333333333334,1.0,0.3333333333333333
KC,2020,2020_05_LV_KC,101,212.75,1.0,1.25,161.0,0.75,212.75,1.0,0.5
KC,2020,2020_06_KC_BUF,102,239.6,1.4,1.2,157.6,1.0,239.6,1.4,0.4
KC,2020,2020_07_KC_DEN,103,220.0,1.5,1.1666666666666667,145.33333333333334,0.8333333333333334,220.0,1.5,0.3333333333333333
KC,2020,2020_08_NYJ_KC,104,224.85714285714286,1.2857142857142858,1.2857142857142858,149.85714285714286,1.0,224.85714285714286,1.2857142857142858,0.5714285714285714
KC,2020,2020_09_CAR_KC,105,213.375,1.125,1.125,142.75,0.875,213.375,1.125,0.625
KC,2020,2020_11_KC_LV,106,227.22222222222223,1.2222222222222223,1.0,138.44444444444446,1.0,227.22222222222223,1.2222222222222223,0.5555555555555556
KC,2020,2020_12_KC_TB,107,232.0,1.4,1.0,133.5,1.0,232.0,1.4,0.5
KC,2020,2020_13_DEN_KC,108,242.27272727272728,1.5454545454545454,1.0909090909090908,128.1818181818182,0.9090909090909091,242.27272727272728,1.5454545454545454,0.45454545454545453
KC,2020,2020_14_KC_MIA,109,234.66666666666666,1.5833333333333333,1.1666666666666667,132.41666666666666,0.8333333333333334,234.66666666666666,1.5833333333333333,0.4166666666666667
KC,2020,2020_15_KC_NO,110,240.92307692307693,1.6153846153846154,1.1538461538461537,128.3846153846154,0.8461538461538461,240.92307692307693,1.6153846153846154,0.38461538461538464
KC,2020,2020_16_ATL_KC,111,240.42857142857142,1.7142857142857142,1.1428571428571428,123.5,0.8571428571428571,240.42857142857142,1.7142857142857142,0.35714285714285715
KC,2020,2020_17_LAC_KC,112,244.4,1.7333333333333334,1.0666666666666667,121.26666666666667,0.8,244.4,1.7333333333333334,0.4
KC,2021,2021_01_CLE_KC,113,,,,,,,,
KC,2021,2021_02_KC_BAL,114,321.0,0.0,1.0,153.0,4.0,310.0,0.0,1.0
KC,2021,2021_03_LAC_KC,115,280.0,0.5,1.5,202.0,3.5,274.5,0.5,0.5
KC,2021,2021_04_KC_PHI,116,280.3333333333333,1.6666666666666667,1.0,160.33333333333334,2.3333333333333335,276.6666666666667,1.6666666666666667,0.3333333333333333
KC,2021,2021_05_BUF_KC,117,307.0,1.75,0.75,146.0,2.0,304.25,1.75,0.25
KC,2021,2021_06_KC_WAS,118,308.6,2.0,0.6,141.0,1.8,306.4,2.0,0.2
KC,2021,2021_07_KC_TEN,119,287.5,1.8333333333333333,0.6666666666666666,133.16666666666666,1.5,285.6666666666667,1.8333333333333333,0.3333333333333333
KC,2021,2021_08_NYG_KC,120,285.7142857142857,1.8571428571428572,0.7142857142857143,128.85714285714286,1.4285714285714286,284.14285714285717,1.8571428571428572,0.2857142857142857
KC,2021,2021_09_GB_KC,121,280.125,1.875,0.75,121.75,1.25,278.75,1.875,0.25
KC,2021,2021_10_KC_LV,122,270.1111111111111,1.7777777777777777,0.7777777777777778,121.77777777777777,1.1111111111111112,268.8888888888889,1.7777777777777777,0.2222222222222222
KC,2021,2021_11_DAL_KC,123,269.2,1.8,0.8,114.6,1.0,268.1,1.8,0.3
KC,2021,2021_13_DEN_KC,124,264.3636363636364,1.6363636363636365,0.9090909090909091,111.63636363636364,0.9090909090909091,263.3636363636364,1.6363636363636365,0.36363636363636365
KC,2021,2021_14_LV_KC,125,263.75,1.5833333333333333,1.0,115.16666666666667,0.8333333333333334,262.8333333333333,1.5833333333333333,0.3333333333333333
KC,2021,2021_15_KC_LAC,126,263.6923076923077,1.5384615384615385,1.0,109.6923076923077,0.7692307692307693,262.84615384615387,1.5384615384615385,0.6153846153846154
KC,2021,2021_16_PIT_KC,127,261.7142857142857,1.5714285714285714,1.0,115.57142857142857,0.8571428571428571,260.92857142857144,1.5714285714285714,0.6428571428571429
KC,2021,2021_17_KC_CIN,128,257.2,1.5333333333333334,1.0,116.53333333333333,0.8,256.46666666666664,1.5333333333333334,0.7333333333333333
KC,2021,2021_18_KC_DEN,129,269.0,1.6875,0.9375,113.0,0.75,268.3125,1.6875,0.6875
KC,2022,2022_01_KC_ARI,130,,,,,,,,
KC,2022,2022_02_LAC_KC,131,205.0,2.0,0.0,103.0,1.0,205.0,2.0,0.0
KC,2022,2022_03_KC_IND,132,269.5,2.5,0.5,89.0,0.5,269.5,2.5,0.0
KC,2022,2022_04_KC_TB,133,253.66666666666666,2.3333333333333335,0.3333333333333333,86.66666666666667,0.3333333333333333,253.66666666666666,2.3333333333333335,0.3333333333333333
KC,2022,2022_05_LV_KC,134,286.5,2.5,0.25,65.75,0.5,286.5,2.5,0.5
KC,2022,2022_06_BUF_KC,135,277.4,2.4,0.2,83.6,0.6,277.4,2.4,0.4
KC,2022,2022_07_KC_SF,136,286.0,2.5,0.16666666666666666,90.5,0.5,286.0,2.5,0.5
KC,2022,2022_09_TEN_KC,137,297.85714285714283,2.4285714285714284,0.42857142857142855,92.0,0.42857142857142855,297.85714285714283,2.4285714285714284,0.5714285714285714
KC,2022,2022_10_JAX_KC,138,270.625,2.125,0.375,102.0,0.625,270.625,2.125,0.5
KC,2022,2022_11_KC_LAC,139,269.3333333333333,2.111111111111111,0.3333333333333333,99.0,0.5555555555555556,269.3333333333333,2.111111111111111,0.4444444444444444
KC,2022,2022_12_LA_KC,140,270.4,2.1,0.4,100.6,0.6,270.4,2.1,0.5
KC,2022,2022_13_KC_CIN,141,255.45454545454547,2.0,0.5454545454545454,102.0,0.5454545454545454,255.45454545454547,2.0,0.45454545454545453
KC,2022,2022_14_KC_DEN,142,258.0,2.0,0.5,106.16666666666667,0.5833333333333334,258.0,2.0,0.4166666666666667
KC,2022,2022_15_KC_HOU,143,258.38461538461536,2.1538461538461537,0.6153846153846154,106.15384615384616,0.5384615384615384,258.38461538461536,2.1538461538461537,0.38461538461538464
KC,2022,2022_16_SEA_KC,144,249.14285714285714,2.142857142857143,0.5714285714285714,105.28571428571429,0.5714285714285714,249.14285714285714,2.142857142857143,0.42857142857142855
KC,2022,2022_17_DEN_KC,145,246.86666666666667,2.066666666666667,0.6,107.13333333333334,0.5333333333333333,246.86666666666667,2.066666666666667,0.4
KC,2022,2022_18_KC_LV,146,245.3125,2.0,0.625,107.75,0.625,245.3125,2.0,0.4375
KC,2023,2023_01_DET_KC,147,,,,,,,,
KC,2023,2023_02_KC_JAX,148,253.0,1.0,0.0,118.0,1.0,253.0,1.0,1.0
KC,2023,2023_03_CHI_KC,149,234.0,0.5,0.0,96.0,0.5,234.0,0.5,1.0
KC,2023,2023_04_KC_NYJ,150,189.0,0.6666666666666666,0.3333333333333333,102.66666666666667,0.3333333333333333,189.0,0.6666666666666666,1.0
KC,2023,2023_05_KC_MIN,151,203.0,1.0,0.25,104.0,0.25,203.0,1.0,1.0
KC,2023,2023_06_DEN_KC,152,219.2,1.2,0.2,97.2,0.2,219.2,1.2,1.0
KC,2023,2023_07_LAC_KC,153,198.5,1.1666666666666667,0.5,100.16666666666667,0.16666666666666666,198.5,1.1666666666666667,1.0
KC,2023,2023_08_KC_DEN,154,207.14285714285714,1.1428571428571428,0.7142857142857143,105.71428571428571,0.2857142857142857,207.14285714285714,1.1428571428571428,0.8571428571428571
KC,2023,2023_09_MIA_KC,155,195.5,1.375,0.625,111.625,0.25,195.5,1.375,0.875
KC,2023,2023_11_PHI_KC,156,195.22222222222223,1.3333333333333333,0.5555555555555556,112.22222222222223,0.3333333333333333,195.22222222222223,1.3333333333333333,0.8888888888888888
KC,2023,2023_12_KC_LV,157,190.7,1.2,0.6,112.4,0.6,190.7,1.2,0.8
KC,2023,2023_13_KC_GB,158,195.9090909090909,1.1818181818181819,0.5454545454545454,113.36363636363636,0.6363636363636364,195.9090909090909,1.1818181818181819,0.7272727272727273
KC,2023,2023_14_BUF_KC,159,201.83333333333334,1.3333333333333333,0.5,114.66666666666667,0.5833333333333334,201.83333333333334,1.3333333333333333,0.6666666666666666
KC,2023,2023_15_KC_NE,160,204.23076923076923,1.3076923076923077,0.5384615384615384,114.92307692307692,0.6153846153846154,204.23076923076923,1.3076923076923077,0.6153846153846154
KC,2023,2023_16_LV_KC,161,202.5,1.2857142857142858,0.5714285714285714,110.42857142857143,0.6428571428571429,202.5,1.2857142857142858,0.5714285714285714
KC,2023,2023_17_CIN_KC,162,193.13333333333333,1.2,0.5333333333333333,113.53333333333333,0.6,193.13333333333333,1.2,0.5333333333333333
KC,2023,2023_18_KC_LAC,163,193.375,1.1875,0.5,112.9375,0.625,193.375,1.1875,0.5
KC,2024,2024_01_BAL_KC,164,,,,,,,,
KC,2024,2024_02_CIN_KC,165,273.0,1.0,0.0,185.0,1.0,273.0,1.0,1.0
KC,2024,2024_03_KC_ATL,166,265.5,1.5,0.0,129.5,0.5,265.5,1.5,1.0
KC,2024,2024_04_KC_LAC,167,253.66666666666666,1.3333333333333333,0.3333333333333333,113.66666666666667,0.6666666666666666,253.66666666666666,1.3333333333333333,0.6666666666666666
KC,2024,2024_05_NO_KC,168,235.0,1.25,0.25,99.0,0.5,235.0,1.25,0.5
KC,2024,2024_07_KC_SF,169,224.4,1.4,0.4,88.4,0.4,224.4,1.4,0.4
KC,2024,2024_08_KC_LV,170,222.33333333333334,1.1666666666666667,0.8333333333333334,90.5,0.6666666666666666,222.33333333333334,1.1666666666666667,0.3333333333333333
KC,2024,2024_09_TB_KC,171,220.42857142857142,1.2857142857142858,0.7142857142857143,82.28571428571429,0.5714285714285714,220.42857142857142,1.2857142857142858,0.42857142857142855
KC,2024,2024_10_DEN_KC,172,217.875,1.375,0.625,83.875,0.625,217.875,1.375,0.375
KC,2024,2024_11_KC_BUF,173,217.55555555555554,1.4444444444444444,0.5555555555555556,83.22222222222223,0.5555555555555556,217.55555555555554,1.4444444444444444,0.3333333333333333
KC,2024,2024_12_KC_CAR,174,222.0,1.4,0.6,85.3,0.8,222.0,1.4,0.3
KC,2024,2024_13_LV_KC,175,225.72727272727272,1.3636363636363635,0.5454545454545454,85.27272727272727,0.8181818181818182,225.72727272727272,1.3636363636363635,0.2727272727272727
KC,2024,2024_14_LAC_KC,176,235.25,1.4166666666666667,0.5,87.83333333333333,0.75,235.25,1.4166666666666667,0.3333333333333333
KC,2024,2024_15_KC_CLE,177,233.53846153846155,1.3846153846153846,0.46153846153846156,88.3076923076923,0.7692307692307693,233.53846153846155,1.3846153846153846,0.3076923076923077
KC,2024,2024_16_HOU_KC,178,228.57142857142858,1.2857142857142858,0.7142857142857143,91.92857142857143,0.7857142857142857,228.57142857142858,1.2857142857142858,0.35714285714285715
KC,2024,2024_17_KC_PIT,179,229.6,1.3333333333333333,0.8,91.4,0.7333333333333333,229.6,1.3333333333333333,0.3333333333333333
KC,2024,2024_18_KC_DEN,180,228.0625,1.25,0.8125,98.3125,0.75,228.0625,1.25,0.375
LA,2014,2014_01_MIN_STL,1,,,,,,,,
LA,2014,2014_02_STL_TB,2,170.0,2.0,0.0,185.0,1.0,170.0,2.0,0.0
LA,2014,2014_03_DAL_STL,3,174.5,1.0,0.5,171.0,1.5,174.5,1.0,0.0
LA,2014,2014_05_STL_PHI,4,188.66666666666666,1.3333333333333333,0.6666666666666666,155.0,1.3333333333333333,188.66666666666666,1.3333333333333333,0.3333333333333333
LA,2014,2014_06_SF_STL,5,193.25,1.5,0.75,152.5,1.0,193.25,1.5,0.75
LA,2014,2014_07_SEA_STL,6,223.2,1.8,0.6,139.8,0.8,223.2,1.8,0.8
LA,2014,2014_08_STL_KC,7,238.16666666666666,1.8333333333333333,0.5,145.0,0.8333333333333334,238.16666666666666,1.8333333333333333,0.6666666666666666
LA,2014,2014_09_STL_SF,8,236.0,1.5714285714285714,0.42857142857142855,144.28571428571428,1.1428571428571428,236.0,1.5714285714285714,0.7142857142857143
LA,2014,2014_10_STL_ARI,9,236.125,1.5,0.375,136.25,1.0,236.125,1.5,0.875
LA,2014,2014_11_DEN_STL,10,246.11111111111111,1.4444444444444444,0.4444444444444444,124.22222222222223,1.0,246.11111111111111,1.4444444444444444,0.7777777777777778
LA,2014,2014_12_STL_SD,11,260.4,1.4,0.6,114.6,0.9,260.4,1.4,0.7
LA,2014,2014_13_OAK_STL,12,263.1818181818182,1.3636363636363635,0.6363636363636364,115.81818181818181,0.9090909090909091,263.1818181818182,1.3636363636363635,0.7272727272727273
LA,2014,2014_14_STL_WAS,13,260.4166666666667,1.25,0.8333333333333334,111.25,0.8333333333333334,260.4166666666667,1.25,0.8333333333333334
LA,2014,2014_15_ARI_STL,14,258.2307692307692,1.1538461538461537,0.9230769230769231,104.76923076923077,0.7692307692307693,258.2307692307692,1.1538461538461537,0.7692307692307693
LA,2014,2014_16_NYG_STL,15,249.71428571428572,1.0714285714285714,0.8571428571428571,107.5,0.7142857142857143,249.71428571428572,1.0714285714285714,0.7142857142857143
LA,2014,2014_17_STL_SEA,16,259.1333333333333,1.2,0.8,108.86666666666666,0.7333333333333333,259.1333333333333,1.2,0.6666666666666666
LA,2015,2015_01_SEA_STL,17,,,,,,,,
LA,2015,2015_02_STL_WAS,18,251.0,1.0,1.0,124.0,0.0,251.0,1.0,0.0
LA,2015,2015_03_PIT_STL,19,227.0,1.0,0.5,153.0,1.0,227.0,1.0,0.5
LA,2015,2015_04_STL_ARI,20,228.0,0.6666666666666666,0.6666666666666666,122.66666666666667,1.0,228.0,0.6666666666666666,0.3333333333333333
LA,2015,2015_05_STL_GB,21,259.0,0.75,0.75,120.25,0.75,259.0,0.75,0.5
LA,2015,2015_07_CLE_STL,22,255.4,1.0,1.0,113.4,0.6,255.4,1.0,0.6
LA,2015,2015_08_SF_STL,23,262.3333333333333,0.8333333333333334,0.8333333333333334,108.16666666666667,0.5,262.3333333333333,0.8333333333333334,1.1666666666666667
LA,2015,2015_09_STL_MIN,24,248.0,0.7142857142857143,0.7142857142857143,98.14285714285714,0.42857142857142855,248.0,0.7142857142857143,1.0
LA,2015,2015_10_CHI_STL,25,236.875,0.625,0.75,104.0,0.625,236.875,0.625,0.875
LA,2015,2015_11_STL_BAL,26,239.22222222222223,0.8888888888888888,0.6666666666666666,109.44444444444444,0.6666666666666666,239.22222222222223,0.8888888888888888,0.8888888888888888
LA,2015,2015_12_STL_CIN,27,245.2,0.9,0.8,108.1,0.6,245.2,0.9,0.8
LA,2015,2015_13_ARI_STL,28,244.36363636363637,1.0909090909090908,0.8181818181818182,111.0,0.5454545454545454,244.36363636363637,1.0909090909090908,0.7272727272727273
LA,2015,2015_14_DET_STL,29,254.16666666666666,1.1666666666666667,0.75,116.33333333333333,0.5833333333333334,254.16666666666666,1.1666666666666667,0.6666666666666666
LA,2015,2015_15_TB_STL,30,253.46153846153845,1.2307692307692308,0.7692307692307693,115.92307692307692,0.5384615384615384,253.46153846153845,1.2307692307692308,0.6153846153846154
LA,2015,2015_16_STL_SEA,31,261.2857142857143,1.2857142857142858,0.7857142857142857,118.07142857142857,0.5,261.2857142857143,1.2857142857142858,0.6428571428571429
LA,2015,2015_17_STL_SF,32,263.1333333333333,1.3333333333333333,0.8,114.13333333333334,0.4666666666666667,263.1333333333333,1.3333333333333333,0.7333333333333333
LA,2016,2016_01_LA_SF,33,,,,,,,,
LA,2016,2016_02_SEA_LA,34,170.0,1.0,0.0,150.0,3.0,170.0,1.0,1.0
LA,2016,2016_03_LA_TB,35,212.0,0.5,0.0,108.5,1.5,212.0,0.5,1.0
LA,2016,2016_04_LA_ARI,36,276.3333333333333,1.3333333333333333,0.3333333333333333,100.0,1.3333333333333333,276.3333333333333,1.3333333333333333,1.0
LA,2016,2016_05_BUF_LA,37,288.5,1.25,1.0,104.5,1.0,288.5,1.25,1.25
LA,2016,2016_06_LA_DET,38,255.6,1.4,0.8,122.2,1.0,255.6,1.4,1.0
LA,2016,2016_07_NYG_LA,39,258.0,1.8333333333333333,0.6666666666666666,115.66666666666667,0.8333333333333334,258.0,1.8333333333333333,0.8333333333333334
LA,2016,2016_09_CAR_LA,40,249.14285714285714,1.5714285714285714,0.5714285714285714,104.28571428571429,0.8571428571428571,249.14285714285714,1.5714285714285714,0.8571428571428571
LA,2016,2016_10_LA_NYJ,41,246.125,1.5,0.5,98.625,0.75,246.125,1.5,0.75
LA,2016,2016_11_MIA_LA,42,236.88888888888889,1.4444444444444444,0.5555555555555556,103.11111111111111,0.6666666666666666,236.88888888888889,1.4444444444444444,0.6666666666666666
LA,2016,2016_12_LA_NO,43,230.4,1.5,0.6,102.6,0.6,230.4,1.5,0.6
LA,2016,2016_13_LA_NE,44,242.1818181818182,1.8181818181818181,0.5454545454545454,112.27272727272727,0.7272727272727273,242.1818181818182,1.8181818181818181,0.6363636363636364
LA,2016,2016_14_ATL_LA,45,244.41666666666666,1.75,0.5,114.0,0.75,244.41666666666666,1.75,0.5833333333333334
LA,2016,2016_15_LA_SEA,46,243.84615384615384,1.8461538461538463,0.46153846153846156,110.3076923076923,0.7692307692307693,243.84615384615384,1.8461538461538463,0.5384615384615384
LA,2016,2016_16_SF_LA,47,242.78571428571428,1.9285714285714286,0.5,107.57142857142857,0.7142857142857143,242.78571428571428,1.9285714285714286,0.5
LA,2016,2016_17_ARI_LA,48,244.33333333333334,1.9333333333333333,0.5333333333333333,105.06666666666666,0.7333333333333333,244.33333333333334,1.9333333333333333,0.5333333333333333
LA,2017,2017_01_IND_LA,49,,,,,,,,
LA,2017,2017_02_WAS_LA,50,179.0,0.0,2.0,75.0,1.0,179.0,0.0,1.0
LA,2017,2017_03_LA_SF,51,179.0,0.5,1.0,152.0,1.5,179.0,0.5,0.5
LA,2017,2017_04_LA_DAL,52,230.0,1.0,1.0,139.0,2.0,230.0,1.0,0.6666666666666666
LA,2017,2017_05_SEA_LA,53,235.5,1.5,1.0,151.5,1.75,235.5,1.5,0.5
LA,2017,2017_06_LA_JAX,54,228.0,1.4,1.2,133.6,1.4,228.0,1.4,0.4
LA,2017,2017_07_ARI_LA,55,230.16666666666666,1.3333333333333333,1.1666666666666667,139.5,1.3333333333333333,230.16666666666666,1.3333333333333333,0.3333333333333333
LA,2017,2017_09_LA_NYG,56,224.14285714285714,1.1428571428571428,1.2857142857142858,123.14285714285714,1.1428571428571428,224.14285714285714,1.1428571428571428,0.2857142857142857
LA,2017,2017_10_HOU_LA,57,223.625,1.25,1.25,121.625,1.0,223.625,1.25,0.5
LA,2017,2017_11_LA_MIN,58,223.33333333333334,1.2222222222222223,1.3333333333333333,118.0,0.8888888888888888,223.33333333333334,1.2222222222222223,0.6666666666666666
LA,2017,2017_12_NO_LA,59,229.0,1.2,1.2,123.3,1.0,229.0,1.2,0.6
LA,2017,2017_13_LA_ARI,60,230.54545454545453,1.1818181818181819,1.0909090909090908,123.27272727272727,1.0,230.54545454545453,1.1818181818181819,0.5454545454545454
LA,2017,2017_14_PHI_LA,61,229.75,1.1666666666666667,1.1666666666666667,122.83333333333333,1.0,229.75,1.1666666666666667,0.5
LA,2017,2017_15_LA_SEA,62,237.69230769230768,1.3846153846153846,1.1538461538461537,124.07692307692308,0.9230769230769231,237.69230769230768,1.3846153846153846,0.46153846153846156
LA,2017,2017_16_LA_TEN,63,230.85714285714286,1.3571428571428572,1.0714285714285714,120.78571428571429,0.8571428571428571,230.85714285714286,1.3571428571428572,0.5714285714285714
LA,2017,2017_17_SF_LA,64,233.8,1.2666666666666666,1.0666666666666667,119.2,0.8666666666666667,233.8,1.2666666666666666,0.5333333333333333
LA,2018,2018_01_LA_OAK,65,,,,,,,,
LA,2018,2018_02_ARI_LA,66,303.0,0.0,3.0,95.0,1.0,303.0,0.0,0.0
LA,2018,2018_03_LAC_LA,67,196.5,0.0,2.0,74.5,0.5,196.5,0.0,0.0
LA,2018,2018_04_MIN_LA,68,206.33333333333334,0.6666666666666666,1.3333333333333333,96.66666666666667,0.6666666666666666,206.33333333333334,0.6666666666666666,0.6666666666666666
LA,2018,2018_05_LA_SEA,69,260.25,1.25,1.0,86.0,0.5,260.25,1.25,0.75
LA,2018,2018_06_LA_DEN,70,247.8,1.6,0.8,106.8,0.6,247.8,1.6,0.6
LA,2018,2018_07_LA_SF,71,260.1666666666667,1.6666666666666667,0.8333333333333334,99.0,0.5,260.1666666666667,1.6666666666666667,0.5
LA,2018,2018_08_GB_LA,72,247.28571428571428,1.5714285714285714,1.0,100.14285714285714,0.42857142857142855,247.28571428571428,1.5714285714285714,0.7142857142857143
LA,2018,2018_09_LA_NO,73,252.125,1.5,0.875,100.875,0.625,252.125,1.5,0.625
LA,2018,2018_10_SEA_LA,74,262.55555555555554,1.7777777777777777,0.7777777777777778,105.33333333333333,0.7777777777777778,262.55555555555554,1.7777777777777777,0.6666666666666666
LA,2018,2018_11_KC_LA,75,253.9,1.9,0.7,122.1,0.8,253.9,1.9,0.7
LA,2018,2018_13_LA_DET,76,274.27272727272725,2.272727272727273,0.9090909090909091,119.9090909090909,0.7272727272727273,274.27272727272725,2.272727272727273,0.8181818181818182
LA,2018,2018_14_LA_CHI,77,271.8333333333333,2.1666666666666665,0.9166666666666666,118.41666666666667,0.6666666666666666,271.8333333333333,2.1666666666666665,0.8333333333333334
LA,2018,2018_15_PHI_LA,78,259.38461538461536,2.076923076923077,1.0769230769230769,124.23076923076923,0.6153846153846154,259.38461538461536,2.076923076923077,0.7692307692307693
LA,2018,2018_16_LA_ARI,79,260.14285714285717,1.9285714285714286,1.0714285714285714,123.28571428571429,0.7857142857142857,260.14285714285717,1.9285714285714286,0.7142857142857143
LA,2018,2018_17_SF_LA,80,254.93333333333334,1.8666666666666667,1.0,122.0,0.7333333333333333,254.93333333333334,1.8666666666666667,0.6666666666666666
LA,2019,2019_01_LA_CAR,81,,,,,,,,
LA,2019,2019_02_NO_LA,82,239.0,0.0,1.0,127.0,3.0,239.0,0.0,2.0
LA,2019,2019_03_LA_CLE,83,221.0,0.0,1.0,92.0,1.5,221.0,0.0,1.0
LA,2019,2019_04_TB_LA,84,212.33333333333334,0.3333333333333333,1.0,93.0,1.0,212.33333333333334,0.3333333333333333,0.6666666666666666
LA,2019,2019_05_LA_SEA,85,255.5,1.25,1.0,91.75,1.25,255.5,1.25,0.5
LA,2019,2019_06_SF_LA,86,258.0,1.8,0.8,106.8,1.0,258.0,1.8,0.6
LA,2019,2019_07_LA_ATL,87,255.5,1.5,0.8333333333333334,105.5,1.1666666666666667,255.5,1.5,0.6666666666666666
LA,2019,2019_08_CIN_LA,88,251.0,1.4285714285714286,0.8571428571428571,95.85714285714286,1.0,251.0,1.4285714285714286,0.7142857142857143
LA,2019,2019_10_LA_PIT,89,260.75,1.375,0.75,96.875,0.875,260.75,1.375,0.625
LA,2019,2019_11_CHI_LA,90,258.6666666666667,1.3333333333333333,0.6666666666666666,90.77777777777777,0.7777777777777778,258.6666666666667,1.3333333333333333,0.6666666666666666
LA,2019,2019_12_BAL_LA,91,252.7,1.3,0.7,89.1,0.7,252.7,1.3,0.6
LA,2019,2019_13_LA_ARI,92,248.63636363636363,1.6363636363636365,0.6363636363636364,106.9090909090909,0.7272727272727273,248.63636363636363,1.6363636363636365,0.5454545454545454
LA,2019,2019_14_SEA_LA,93,241.5,1.5,0.6666666666666666,104.16666666666667,0.75,241.5,1.5,0.5
LA,2019,2019_15_LA_DAL,94,241.76923076923077,1.3846153846153846,0.6923076923076923,104.3076923076923,0.6923076923076923,241.76923076923077,1.3846153846153846,0.46153846153846156
LA,2019,2019_16_LA_SF,95,239.64285714285714,1.4285714285714286,0.6428571428571429,115.64285714285714,0.8571428571428571,239.64285714285714,1.4285714285714286,0.42857142857142855
LA,2019,2019_17_ARI_LA,96,240.2,1.4,0.7333333333333333,115.86666666666666,0.9333333333333333,240.2,1.4,0.4
LA,2020,2020_01_DAL_LA,97,,,,,,,,
LA,2020,2020_02_LA_PHI,98,266.0,1.0,0.0,136.0,1.0,266.0,1.0,0.0
LA,2020,2020_03_LA_BUF,99,254.0,0.5,1.0,128.5,1.5,254.0,0.5,0.5
LA,2020,2020_04_NYG_LA,100,273.0,1.6666666666666667,1.0,119.33333333333333,1.3333333333333333,273.0,1.6666666666666667,0.6666666666666666
LA,2020,2020_05_LA_WAS,101,252.25,1.25,1.0,123.5,1.0,252.25,1.25,0.5
LA,2020,2020_06_LA_SF,102,224.0,1.0,0.8,106.4,1.0,224.0,1.0,0.4
LA,2020,2020_07_CHI_LA,103,231.33333333333334,1.3333333333333333,0.6666666666666666,109.0,0.8333333333333334,231.33333333333334,1.3333333333333333,0.3333333333333333
LA,2020,2020_08_LA_MIA,104,235.57142857142858,1.1428571428571428,0.8571428571428571,100.42857142857143,0.7142857142857143,235.57142857142858,1.1428571428571428,0.2857142857142857
LA,2020,2020_10_SEA_LA,105,217.75,1.125,0.75,94.75,0.75,217.75,1.125,0.5
LA,2020,2020_11_LA_TB,106,221.11111111111111,1.0,0.8888888888888888,96.77777777777777,0.7777777777777778,221.11111111111111,1.0,0.5555555555555556
LA,2020,2020_12_SF_LA,107,220.6,1.1,1.0,91.3,0.8,220.6,1.1,0.5
LA,2020,2020_13_LA_ARI,108,223.45454545454547,1.0,1.0,93.18181818181819,0.8181818181818182,223.45454545454547,1.0,0.6363636363636364
LA,2020,2020_14_NE_LA,109,219.25,1.1666666666666667,1.0,93.08333333333333,0.8333333333333334,219.25,1.1666666666666667,0.6666666666666666
LA,2020,2020_15_NYJ_LA,110,213.6153846153846,1.0769230769230769,1.0,94.15384615384616,0.7692307692307693,213.6153846153846,1.0769230769230769,0.6153846153846154
LA,2020,2020_16_LA_SEA,111,213.14285714285714,1.0714285714285714,0.9285714285714286,94.07142857142857,0.7857142857142857,213.14285714285714,1.0714285714285714,0.5714285714285714
LA,2020,2020_17_ARI_LA,112,213.93333333333334,1.0666666666666667,0.8666666666666667,94.13333333333334,0.8,213.93333333333334,1.0666666666666667,0.5333333333333333
LA,2021,2021_01_CHI_LA,113,,,,,,,,
LA,2021,2021_02_LA_IND,114,216.0,0.0,1.0,134.0,2.0,216.0,0.0,1.0
LA,2021,2021_03_TB_LA,115,244.0,0.5,1.5,121.5,1.0,244.0,0.5,0.5
LA,2021,2021_04_ARI_LA,116,306.6666666666667,0.6666666666666666,1.0,92.66666666666667,1.3333333333333333,306.6666666666667,0.6666666666666666,0.3333333333333333
LA,2021,2021_05_LA_SEA,117,297.0,1.0,0.75,123.5,1.5,297.0,1.0,0.25
LA,2021,2021_06_LA_NYG,118,294.2,1.2,1.0,117.2,1.2,294.2,1.2,0.2
LA,2021,2021_07_DET_LA,119,285.5,1.0,1.3333333333333333,107.66666666666667,1.1666666666666667,285.5,1.0,0.3333333333333333
LA,2021,2021_08_LA_HOU,120,285.42857142857144,1.0,1.4285714285714286,111.85714285714286,1.0,285.42857142857144,1.0,0.2857142857142857
LA,2021,2021_09_TEN_LA,121,288.5,1.125,1.375,103.375,1.0,288.5,1.125,0.25
LA,2021,2021_10_LA_SF,122,272.3333333333333,1.1111111111111112,1.3333333333333333,99.55555555555556,1.1111111111111112,272.3333333333333,1.1111111111111112,0.2222222222222222
LA,2021,2021_12_LA_GB,123,263.3,1.2,1.2,105.2,1.1,263.3,1.2,0.2
LA,2021,2021_13_JAX_LA,124,267.27272727272725,1.2727272727272727,1.0909090909090908,104.0,1.0909090909090908,267.27272727272725,1.2727272727272727,0.18181818181818182
LA,2021,2021_14_LA_ARI,125,257.0833333333333,1.1666666666666667,1.0,100.41666666666667,1.0833333333333333,257.0833333333333,1.1666666666666667,0.3333333333333333
LA,2021,2021_15_SEA_LA,126,266.7692307692308,1.0769230769230769,1.0769230769230769,100.61538461538461,1.1538461538461537,266.7692307692308,1.0769230769230769,0.3076923076923077
LA,2021,2021_16_LA_MIN,127,258.85714285714283,1.0,1.0714285714285714,99.14285714285714,1.1428571428571428,258.85714285714283,1.0,0.2857142857142857
LA,2021,2021_17_LA_BAL,128,262.6,1.0,1.0666666666666667,96.93333333333334,1.1333333333333333,262.6,1.0,0.26666666666666666
LA,2021,2021_18_SF_LA,129,258.5,0.9375,1.0625,101.1875,1.0625,258.5,0.9375,0.3125
LA,2022,2022_01_BUF_LA,130,,,,,,,,
LA,2022,2022_02_ATL_LA,131,297.0,3.0,2.0,121.0,1.0,297.0,3.0,2.0
LA,2022,2022_03_LA_ARI,132,246.5,2.5,2.0,105.5,0.5,246.5,2.5,1.5
LA,2022,2022_04_LA_SF,133,269.0,1.6666666666666667,1.3333333333333333,93.66666666666667,0.3333333333333333,269.0,1.6666666666666667,1.0
LA,2022,2022_05_DAL_LA,134,261.5,1.5,1.0,92.25,0.5,261.5,1.5,0.75
LA,2022,2022_06_CAR_LA,135,229.6,1.2,0.8,106.4,0.6,229.6,1.2,0.6
LA,2022,2022_08_SF_LA,136,211.16666666666666,1.0,0.8333333333333334,104.16666666666667,0.5,211.16666666666666,1.0,0.5
LA,2022,2022_09_LA_TB,137,219.42857142857142,1.2857142857142858,0.7142857142857143,105.14285714285714,0.5714285714285714,219.42857142857142,1.2857142857142858,0.42857142857142855
LA,2022,2022_10_ARI_LA,138,227.0,1.25,0.625,98.375,0.5,227.0,1.25,0.375
LA,2022,2022_11_LA_NO,139,228.22222222222223,1.2222222222222223,0.5555555555555556,96.11111111111111,0.6666666666666666,228.22222222222223,1.2222222222222223,0.3333333333333333
LA,2022,2022_12_LA_KC,140,232.8,1.4,0.5,95.3,0.6,232.8,1.4,0.3
LA,2022,2022_13_SEA_LA,141,240.72727272727272,1.3636363636363635,0.5454545454545454,97.27272727272727,0.6363636363636364,240.72727272727272,1.3636363636363635,0.2727272727272727
LA,2022,2022_14_LV_LA,142,251.25,1.5,0.5833333333333334,96.66666666666667,0.5833333333333334,251.25,1.5,0.3333333333333333
LA,2022,2022_15_LA_GB,143,242.46153846153845,1.3846153846153846,0.6923076923076923,101.92307692307692,0.6153846153846154,242.46153846153845,1.3846153846153846,0.3076923076923077
LA,2022,2022_16_DEN_LA,144,241.5,1.3571428571428572,0.7142857142857143,104.5,0.7142857142857143,241.5,1.3571428571428572,0.35714285714285715
LA,2022,2022_17_LA_LAC,145,242.66666666666666,1.3333333333333333,0.9333333333333333,104.46666666666667,0.6666666666666666,242.66666666666666,1.3333333333333333,0.3333333333333333
LA,2022,2022_18_LA_SEA,146,242.4375,1.375,0.875,109.9375,0.75,242.4375,1.375,0.3125
LA,2023,2023_01_LA_SEA,147,,,,,,,,
LA,2023,2023_02_SF_LA,148,112.0,1.0,0.0,85.0,0.0,112.0,1.0,0.0
LA,2023,2023_03_LA_CIN,149,159.0,0.5,0.0,122.0,1.5,159.0,0.5,0.0
LA,2023,2023_04_LA_IND,150,192.33333333333334,0.3333333333333333,0.3333333333333333,103.66666666666667,1.3333333333333333,192.33333333333334,0.3333333333333333,0.0
LA,2023,2023_05_PHI_LA,151,194.25,0.75,0.25,111.0,1.25,194.25,0.75,0.25
LA,2023,2023_06_ARI_LA,152,216.0,0.8,0.4,120.6,1.2,216.0,0.8,0.2
LA,2023,2023_07_PIT_LA,153,219.16666666666666,0.6666666666666666,0.5,122.16666666666667,1.0,219.16666666666666,0.6666666666666666,0.3333333333333333
LA,2023,2023_08_LA_DAL,154,220.71428571428572,0.5714285714285714,0.42857142857142855,117.0,1.2857142857142858,220.71428571428572,0.5714285714285714,0.2857142857142857
LA,2023,2023_09_LA_GB,155,231.5,1.0,0.5,115.125,1.125,231.5,1.0,0.25
LA,2023,2023_11_SEA_LA,156,231.11111111111111,1.0,0.4444444444444444,122.77777777777777,1.1111111111111112,231.11111111111111,1.0,0.4444444444444444
LA,2023,2023_12_LA_ARI,157,231.6,1.0,0.5,117.3,1.0,231.6,1.0,0.4
LA,2023,2023_13_CLE_LA,158,233.8181818181818,1.0,0.45454545454545453,113.27272727272727,1.0,233.8181818181818,1.0,0.36363636363636365
LA,2023,2023_14_LA_BAL,159,235.5,1.0833333333333333,0.5,111.08333333333333,0.9166666666666666,235.5,1.0833333333333333,0.3333333333333333
LA,2023,2023_15_WAS_LA,160,241.69230769230768,1.2307692307692308,0.5384615384615384,113.23076923076923,0.8461538461538461,241.69230769230768,1.2307692307692308,0.3076923076923077
LA,2023,2023_16_NO_LA,161,240.57142857142858,1.3571428571428572,0.5714285714285714,110.78571428571429,0.7857142857142857,240.57142857142858,1.3571428571428572,0.2857142857142857
LA,2023,2023_17_LA_NYG,162,245.8,1.4666666666666666,0.6,105.73333333333333,0.7333333333333333,245.8,1.4666666666666666,0.26666666666666666
LA,2023,2023_18_LA_SF,163,250.375,1.4375,0.625,105.6875,0.75,250.375,1.4375,0.25
LA,2024,2024_01_LA_DET,164,,,,,,,,
LA,2024,2024_02_LA_ARI,165,217.0,1.0,1.0,163.0,2.0,217.0,1.0,0.0
LA,2024,2024_03_SF_LA,166,241.5,2.0,0.5,197.0,1.5,241.5,2.0,0.5
LA,2024,2024_04_LA_CHI,167,258.3333333333333,2.3333333333333335,0.3333333333333333,177.0,1.0,258.6666666666667,2.3333333333333335,0.6666666666666666
LA,2024,2024_05_GB_LA,168,233.0,2.0,0.25,165.5,1.25,233.25,2.0,0.5
LA,2024,2024_07_LV_LA,169,231.2,2.0,0.4,157.6,1.2,231.4,2.0,0.4
LA,2024,2024_08_MIN_LA,170,227.0,1.6666666666666667,0.8333333333333334,151.66666666666666,1.0,227.16666666666666,1.6666666666666667,0.5
LA,2024,2024_09_LA_SEA,171,228.85714285714286,1.7142857142857142,0.7142857142857143,139.14285714285714,0.8571428571428571,229.0,1.7142857142857142,0.42857142857142855
LA,2024,2024_10_MIA_LA,172,245.625,1.875,1.0,135.125,0.75,245.75,1.875,0.375
LA,2024,2024_11_LA_NE,173,241.33333333333334,1.7777777777777777,1.0,127.55555555555556,0.7777777777777778,241.44444444444446,1.7777777777777777,0.4444444444444444
LA,2024,2024_12_PHI_LA,174,245.4,1.8,1.0,127.3,0.7,245.5,1.8,0.5
LA,2024,2024_13_LA_NO,175,239.36363636363637,1.7272727272727273,0.9090909090909091,144.27272727272728,0.9090909090909091,239.45454545454547,1.7272727272727273,0.45454545454545453
LA,2024,2024_14_BUF_LA,176,234.75,1.6666666666666667,0.8333333333333334,144.16666666666666,0.8333333333333334,234.83333333333334,1.6666666666666667,0.4166666666666667
LA,2024,2024_15_LA_SF,177,243.0,1.7692307692307692,0.7692307692307693,141.0,1.0,243.07692307692307,1.7692307692307692,0.38461538461538464
LA,2024,2024_16_LA_NYJ,178,235.78571428571428,1.6428571428571428,0.7857142857142857,135.42857142857142,0.9285714285714286,235.85714285714286,1.6428571428571428,0.35714285714285715
LA,2024,2024_17_ARI_LA,179,237.13333333333333,1.6,0.7333333333333333,131.4,0.8666666666666667,237.2,1.6,0.4
LA,2024,2024_18_SEA_LA,180,242.375,1.5625,0.8125,130.25,0.8125,242.4375,1.5625,0.375
LAC,2014,2014_01_SD_ARI,1,,,,,,,,
LAC,2014,2014_02_SEA_SD,2,304.0,2.0,0.0,109.0,0.0,304.0,2.0,2.0
LAC,2014,2014_03_SD_BUF,3,253.0,2.0,0.0,108.5,0.5,253.0,2.0,1.0
LAC,2014,2014_04_JAX_SD,4,248.0,1.6666666666666667,0.0,101.33333333333333,0.3333333333333333,248.0,1.6666666666666667,0.6666666666666666
LAC,2014,2014_05_NYJ_SD,5,249.5,1.5,0.5,97.25,0.5,249.5,1.5,0.75
LAC,2014,2014_06_SD_OAK,6,214.4,1.2,0.6,96.0,0.4,214.4,1.2,0.8
LAC,2014,2014_07_KC_SD,7,225.66666666666666,1.6666666666666667,0.6666666666666666,99.0,0.3333333333333333,225.66666666666666,1.6666666666666667,0.6666666666666666
LAC,2014,2014_08_SD_DEN,8,225.0,1.5714285714285714,0.5714285714285714,106.85714285714286,0.42857142857142855,225.0,1.5714285714285714,0.5714285714285714
LAC,2014,2014_09_SD_MIA,9,232.625,1.75,0.5,110.875,0.625,232.625,1.75,0.5
LAC,2014,2014_11_OAK_SD,10,241.11111111111111,1.8888888888888888,0.4444444444444444,113.22222222222223,0.6666666666666666,241.11111111111111,1.8888888888888888,0.4444444444444444
LAC,2014,2014_12_STL_SD,11,234.2,1.7,0.4,109.0,0.6,234.2,1.7,0.5
LAC,2014,2014_13_SD_BAL,12,232.63636363636363,1.6363636363636365,0.5454545454545454,108.81818181818181,0.6363636363636364,232.63636363636363,1.6363636363636365,0.5454545454545454
LAC,2014,2014_14_NE_SD,13,232.0,1.6666666666666667,0.5,110.16666666666667,0.6666666666666666,232.0,1.6666666666666667,0.5
LAC,2014,2014_15_DEN_SD,14,238.53846153846155,1.6923076923076923,0.5384615384615384,108.38461538461539,0.6153846153846154,238.53846153846155,1.6923076923076923,0.5384615384615384
LAC,2014,2014_16_SD_SF,15,238.14285714285714,1.6428571428571428,0.5,108.57142857142857,0.5714285714285714,238.14285714285714,1.6428571428571428,0.5
LAC,2014,2014_17_SD_KC,16,229.86666666666667,1.6,0.4666666666666667,125.0,0.7333333333333333,229.86666666666667,1.6,0.6666666666666666
LAC,2015,2015_01_DET_SD,17,,,,,,,,
LAC,2015,2015_02_SD_CIN,18,246.0,2.0,2.0,69.0,1.0,246.0,2.0,0.0
LAC,2015,2015_03_SD_MIN,19,230.0,2.5,1.0,122.0,0.5,230.0,2.5,1.0
LAC,2015,2015_04_CLE_SD,20,193.66666666666666,1.6666666666666667,1.0,135.66666666666666,1.3333333333333333,193.66666666666666,1.6666666666666667,0.6666666666666666
LAC,2015,2015_05_PIT_SD,21,234.25,1.75,0.75,126.75,1.0,234.25,1.75,0.75
LAC,2015,2015_06_SD_GB,22,228.0,1.6,0.8,132.4,1.0,228.0,1.6,0.6
LAC,2015,2015_07_OAK_SD,23,232.5,1.6666666666666667,0.6666666666666666,132.5,1.0,232.5,1.6666666666666667,0.5
LAC,2015,2015_08_SD_BAL,24,240.57142857142858,1.8571428571428572,0.5714285714285714,132.14285714285714,1.0,240.57142857142858,1.8571428571428572,0.42857142857142855
LAC,2015,2015_09_CHI_SD,25,250.375,1.75,0.5,124.625,1.0,250.375,1.75,0.375
LAC,2015,2015_11_KC_SD,26,260.8888888888889,1.7777777777777777,0.5555555555555556,122.88888888888889,1.0,260.8888888888889,1.7777777777777777,0.4444444444444444
LAC,2015,2015_12_SD_JAX,27,260.1,1.6,0.5,125.9,1.2,260.1,1.6,0.4
LAC,2015,2015_13_DEN_SD,28,266.3636363636364,1.6363636363636365,0.5454545454545454,123.72727272727273,1.0909090909090908,266.3636363636364,1.6363636363636365,0.36363636363636365
LAC,2015,2015_14_SD_KC,29,258.0,1.5833333333333333,0.5833333333333334,124.58333333333333,1.0,258.0,1.5833333333333333,0.3333333333333333
LAC,2015,2015_15_MIA_SD,30,252.84615384615384,1.5384615384615385,0.6153846153846154,126.53846153846153,0.9230769230769231,252.84615384615384,1.5384615384615385,0.3076923076923077
LAC,2015,2015_16_SD_OAK,31,250.21428571428572,1.4285714285714286,0.5714285714285714,120.64285714285714,1.0,250.21428571428572,1.4285714285714286,0.2857142857142857
LAC,2015,2015_17_SD_DEN,32,247.13333333333333,1.4,0.6,119.66666666666667,1.0,247.13333333333333,1.4,0.26666666666666666
LAC,2016,2016_01_SD_KC,33,,,,,,,,
LAC,2016,2016_02_JAX_SD,34,363.0,2.0,1.0,83.0,2.0,363.0,2.0,0.0
LAC,2016,2016_03_SD_IND,35,346.0,2.0,1.5,76.0,1.0,346.0,2.0,0.5
LAC,2016,2016_04_NO_SD,36,341.0,1.6666666666666667,1.3333333333333333,81.66666666666667,1.3333333333333333,341.0,1.6666666666666667,0.6666666666666666
LAC,2016,2016_05_SD_OAK,37,307.5,1.75,1.5,82.0,1.75,307.5,1.75,0.5
LAC,2016,2016_06_DEN_SD,38,309.4,1.8,1.4,83.4,1.6,309.4,1.8,0.4
LAC,2016,2016_07_SD_ATL,39,296.1666666666667,1.6666666666666667,1.1666666666666667,83.5,1.3333333333333333,296.1666666666667,1.6666666666666667,0.6666666666666666
LAC,2016,2016_08_SD_DEN,40,292.85714285714283,1.5714285714285714,1.1428571428571428,90.14285714285714,1.2857142857142858,292.85714285714283,1.5714285714285714,0.5714285714285714
LAC,2016,2016_09_TEN_SD,41,290.75,1.375,1.125,86.0,1.375,290.75,1.375,0.75
LAC,2016,2016_10_MIA_SD,42,293.22222222222223,1.5555555555555556,1.2222222222222223,85.33333333333333,1.4444444444444444,293.22222222222223,1.5555555555555556,0.7777777777777778
LAC,2016,2016_12_SD_HOU,43,287.9,1.6,1.1,87.4,1.4,287.9,1.6,0.7
LAC,2016,2016_13_TB_SD,44,284.09090909090907,1.4545454545454546,1.2727272727272727,89.81818181818181,1.3636363636363635,284.09090909090907,1.4545454545454546,0.7272727272727273
LAC,2016,2016_14_SD_CAR,45,283.75,1.4166666666666667,1.25,89.08333333333333,1.3333333333333333,283.75,1.4166666666666667,0.6666666666666666
LAC,2016,2016_15_OAK_SD,46,274.2307692307692,1.3846153846153846,1.2307692307692308,91.92307692307692,1.3076923076923077,274.2307692307692,1.3846153846153846,0.6153846153846154
LAC,2016,2016_16_SD_CLE,47,269.85714285714283,1.3571428571428572,1.2142857142857142,95.71428571428571,1.2142857142857142,269.85714285714283,1.3571428571428572,0.6428571428571429
LAC,2016,2016_17_KC_SD,48,263.53333333333336,1.2666666666666666,1.1333333333333333,97.6,1.2666666666666666,263.53333333333336,1.2666666666666666,0.6
LAC,2017,2017_01_LAC_DEN,49,,,,,,,,
LAC,2017,2017_02_MIA_LAC,50,219.0,2.0,1.0,140.0,1.0,219.0,2.0,1.0
LAC,2017,2017_03_KC_LAC,51,224.5,1.5,0.5,125.5,0.5,224.5,1.5,0.5
LAC,2017,2017_04_PHI_LAC,52,201.33333333333334,1.6666666666666667,0.3333333333333333,146.66666666666666,0.6666666666666666,201.33333333333334,1.6666666666666667,0.3333333333333333
LAC,2017,2017_05_LAC_NYG,53,211.5,1.5,0.25,163.5,0.75,211.5,1.5,0.25
LAC,2017,2017_06_LAC_OAK,54,214.2,1.6,0.4,161.2,0.8,214.2,1.6,0.4
LAC,2017,2017_07_DEN_LAC,55,207.0,1.5,0.6666666666666666,152.5,0.8333333333333334,207.0,1.5,0.3333333333333333
LAC,2017,2017_08_LAC_NE,56,207.0,1.2857142857142858,0.7142857142857143,140.57142857142858,0.7142857142857143,207.0,1.2857142857142858,0.5714285714285714
LAC,2017,2017_10_LAC_JAX,57,222.75,1.25,0.625,135.125,0.625,222.75,1.25,0.5
LAC,2017,2017_11_BUF_LAC,58,228.33333333333334,1.2222222222222223,0.7777777777777778,135.11111111111111,0.6666666666666666,228.33333333333334,1.2222222222222223,0.4444444444444444
LAC,2017,2017_12_LAC_DAL,59,227.9,1.2,1.2,138.9,0.8,227.9,1.2,0.5
LAC,2017,2017_13_CLE_LAC,60,223.45454545454547,1.0909090909090908,1.2727272727272727,133.45454545454547,0.8181818181818182,223.45454545454547,1.0909090909090908,0.45454545454545453
LAC,2017,2017_14_WAS_LAC,61,222.75,1.0833333333333333,1.25,129.75,0.75,222.75,1.0833333333333333,0.5
LAC,2017,2017_15_LAC_KC,62,217.23076923076923,1.0769230769230769,1.2307692307692308,124.76923076923077,0.6923076923076923,217.23076923076923,1.0769230769230769,0.46153846153846156
LAC,2017,2017_16_LAC_NYJ,63,218.21428571428572,1.1428571428571428,1.1428571428571428,128.28571428571428,0.7142857142857143,218.21428571428572,1.1428571428571428,0.42857142857142855
LAC,2017,2017_17_OAK_LAC,64,211.6,1.0666666666666667,1.1333333333333333,132.86666666666667,0.7333333333333333,211.73333333333332,1.0666666666666667,0.5333333333333333
LAC,2018,2018_01_KC_LAC,65,,,,,,,,
LAC,2018,2018_02_LAC_BUF,66,256.0,4.0,0.0,106.0,0.0,256.0,4.0,0.0
LAC,2018,2018_03_LAC_LA,67,235.5,2.5,1.0,95.0,0.5,235.5,2.5,0.0
LAC,2018,2018_04_SF_LAC,68,275.0,2.6666666666666665,1.0,120.33333333333333,0.6666666666666666,275.0,2.6666666666666665,0.3333333333333333
LAC,2018,2018_05_OAK_LAC,69,280.75,2.5,1.25,109.25,0.5,280.75,2.5,0.25
LAC,2018,2018_06_LAC_CLE,70,278.2,2.2,1.2,95.6,0.4,278.2,2.2,0.4
LAC,2018,2018_07_TEN_LAC,71,271.5,2.0,1.3333333333333333,96.83333333333333,0.3333333333333333,271.5,2.0,0.3333333333333333
LAC,2018,2018_09_LAC_SEA,72,266.57142857142856,1.8571428571428572,1.2857142857142858,106.42857142857143,0.42857142857142855,266.57142857142856,1.8571428571428572,0.2857142857142857
LAC,2018,2018_10_LAC_OAK,73,262.625,1.875,1.25,112.375,0.375,262.625,1.875,0.25
LAC,2018,2018_11_DEN_LAC,74,260.44444444444446,1.6666666666666667,1.1111111111111112,112.55555555555556,0.3333333333333333,260.44444444444446,1.6666666666666667,0.3333333333333333
LAC,2018,2018_12_ARI_LAC,75,256.1,1.5,1.0,112.1,0.6,256.1,1.5,0.3
LAC,2018,2018_13_LAC_PIT,76,242.36363636363637,1.4545454545454546,1.0,107.54545454545455,0.5454545454545454,242.36363636363637,1.4545454545454546,0.2727272727272727
LAC,2018,2018_14_CIN_LAC,77,245.58333333333334,1.5,1.0,104.0,0.6666666666666666,245.58333333333334,1.5,0.25
LAC,2018,2018_15_LAC_KC,78,239.76923076923077,1.4615384615384615,0.9230769230769231,107.07692307692308,0.6923076923076923,239.76923076923077,1.4615384615384615,0.23076923076923078
LAC,2018,2018_16_BAL_LAC,79,240.0,1.5,0.8571428571428571,103.71428571428571,0.7857142857142857,240.0,1.5,0.21428571428571427
LAC,2018,2018_17_LAC_DEN,80,237.6,1.4666666666666666,0.8,107.4,0.7333333333333333,237.6,1.4666666666666666,0.26666666666666666
LAC,2019,2019_01_IND_LAC,81,,,,,,,,
LAC,2019,2019_02_LAC_DET,82,190.0,2.0,0.0,203.0,1.0,190.0,2.0,0.0
LAC,2019,2019_03_HOU_LAC,83,217.5,2.0,1.0,148.5,0.5,217.5,2.0,0.0
LAC,2019,2019_04_LAC_MIA,84,262.0,2.3333333333333335,0.6666666666666666,112.0,0.6666666666666666,262.0,2.3333333333333335,0.3333333333333333
LAC,2019,2019_05_DEN_LAC,85,241.5,2.0,0.75,102.0,0.5,241.5,2.0,0.25
LAC,2019,2019_06_PIT_LAC,86,229.6,1.8,0.8,119.8,0.6,229.6,1.8,0.4
LAC,2019,2019_07_LAC_TEN,87,213.33333333333334,1.6666666666666667,0.8333333333333334,120.5,0.6666666666666666,213.33333333333334,1.6666666666666667,0.3333333333333333
LAC,2019,2019_08_LAC_CHI,88,229.0,1.7142857142857142,0.8571428571428571,117.14285714285714,0.7142857142857143,229.0,1.7142857142857142,0.2857142857142857
LAC,2019,2019_09_GB_LAC,89,232.0,1.5,0.875,122.75,0.75,232.0,1.5,0.375
LAC,2019,2019_10_LAC_OAK,90,224.11111111111111,1.4444444444444444,0.7777777777777778,114.11111111111111,0.6666666666666666,224.11111111111111,1.4444444444444444,0.3333333333333333
LAC,2019,2019_11_KC_LAC,91,223.5,1.4,0.7,110.5,0.7,223.5,1.4,0.3
LAC,2019,2019_13_LAC_DEN,92,219.72727272727272,1.3636363636363635,0.7272727272727273,112.27272727272727,0.8181818181818182,219.72727272727272,1.3636363636363635,0.2727272727272727
LAC,2019,2019_14_LAC_JAX,93,212.58333333333334,1.4166666666666667,0.75,109.91666666666667,0.75,212.58333333333334,1.4166666666666667,0.25
LAC,2019,2019_15_MIN_LAC,94,209.3846153846154,1.3846153846153846,0.6923076923076923,108.23076923076923,0.6923076923076923,209.3846153846154,1.3846153846153846,0.23076923076923078
LAC,2019,2019_16_OAK_LAC,95,209.21428571428572,1.3571428571428572,0.7142857142857143,110.28571428571429,0.7857142857142857,209.21428571428572,1.3571428571428572,0.21428571428571427
LAC,2019,2019_17_LAC_KC,96,214.66666666666666,1.3333333333333333,0.6666666666666666,109.53333333333333,0.8666666666666667,214.66666666666666,1.3333333333333333,0.2
LAC,2020,2020_01_LAC_CIN,97,,,,,,,,
LAC,2020,2020_02_KC_LAC,98,193.0,0.0,1.0,122.0,1.0,193.0,0.0,1.0
LAC,2020,2020_03_CAR_LAC,99,247.5,1.0,0.5,123.5,0.5,247.5,1.0,0.5
LAC,2020,2020_04_LAC_TB,100,243.33333333333334,1.0,0.3333333333333333,109.33333333333333,0.3333333333333333,243.33333333333334,1.0,0.3333333333333333
LAC,2020,2020_05_LAC_NO,101,274.75,2.0,0.5,110.75,0.25,274.75,2.0,0.25
LAC,2020,2020_07_JAX_LAC,102,284.8,1.8,0.6,107.6,0.6,284.8,1.8,0.2
LAC,2020,2020_08_LAC_DEN,103,266.1666666666667,1.8333333333333333,0.5,113.0,0.6666666666666666,266.1666666666667,1.8333333333333333,0.16666666666666666
LAC,2020,2020_09_LV_LAC,104,263.57142857142856,2.0,0.5714285714285714,112.28571428571429,0.7142857142857143,263.57142857142856,2.0,0.14285714285714285
LAC,2020,2020_10_LAC_MIA,105,251.25,2.0,0.5,118.25,0.875,251.25,2.0,0.25
LAC,2020,2020_11_NYJ_LAC,106,242.11111111111111,2.0,0.4444444444444444,117.44444444444444,0.8888888888888888,242.11111111111111,2.0,0.2222222222222222
LAC,2020,2020_12_LAC_BUF,107,238.4,2.0,0.5,115.3,1.0,238.4,2.0,0.2
LAC,2020,2020_13_NE_LAC,108,232.8181818181818,2.0,0.5454545454545454,120.45454545454545,1.0,232.8181818181818,2.0,0.36363636363636365
LAC,2020,2020_14_ATL_LAC,109,224.25,2.0,0.5,124.16666666666667,1.0833333333333333,224.25,2.0,0.3333333333333333
LAC,2020,2020_15_LAC_LV,110,227.23076923076923,2.0,0.6923076923076923,120.0,1.0,227.23076923076923,2.0,0.3076923076923077
LAC,2020,2020_16_DEN_LAC,111,230.92857142857142,1.9285714285714286,0.7142857142857143,123.78571428571429,1.0714285714285714,230.92857142857142,1.9285714285714286,0.2857142857142857
LAC,2020,2020_17_LAC_KC,112,233.13333333333333,1.8,0.8,124.4,1.0666666666666667,233.13333333333333,1.8,0.26666666666666666
LAC,2021,2021_01_LAC_WAS,113,,,,,,,,
LAC,2021,2021_02_DAL_LAC,114,135.0,1.0,0.0,126.0,0.0,135.0,1.0,1.0
LAC,2021,2021_03_LAC_KC,115,186.0,0.5,0.5,162.0,1.0,186.0,0.5,0.5
LAC,2021,2021_04_LV_LAC,116,210.66666666666666,1.3333333333333333,1.0,170.0,0.6666666666666666,210.66666666666666,1.3333333333333333,1.0
LAC,2021,2021_05_CLE_LAC,117,207.0,1.5,1.0,139.5,0.5,207.0,1.5,0.75
LAC,2021,2021_06_LAC_BAL,118,226.6,1.6,0.8,157.6,1.0,226.6,1.6,0.6
LAC,2021,2021_08_NE_LAC,119,216.66666666666666,1.5,1.0,162.5,1.3333333333333333,216.66666666666666,1.5,0.5
LAC,2021,2021_09_LAC_PHI,120,216.71428571428572,1.2857142857142858,0.8571428571428571,159.57142857142858,1.2857142857142858,216.71428571428572,1.2857142857142858,0.5714285714285714
LAC,2021,2021_10_MIN_LAC,121,209.875,1.25,0.75,161.625,1.375,209.875,1.25,0.5
LAC,2021,2021_11_PIT_LAC,122,219.22222222222223,1.3333333333333333,0.6666666666666666,155.11111111111111,1.3333333333333333,219.22222222222223,1.3333333333333333,0.5555555555555556
LAC,2021,2021_12_LAC_DEN,123,224.6,1.5,0.6,145.1,1.3,224.6,1.5,0.5
LAC,2021,2021_13_LAC_CIN,124,218.27272727272728,1.4545454545454546,0.6363636363636364,145.27272727272728,1.3636363636363635,218.27272727272728,1.4545454545454546,0.45454545454545453
LAC,2021,2021_14_NYG_LAC,125,225.08333333333334,1.4166666666666667,0.75,141.16666666666666,1.4166666666666667,225.08333333333334,1.4166666666666667,0.5833333333333334
LAC,2021,2021_15_KC_LAC,126,222.46153846153845,1.4615384615384615,0.7692307692307693,140.69230769230768,1.3846153846153846,222.46153846153845,1.4615384615384615,0.6153846153846154
LAC,2021,2021_16_LAC_HOU,127,235.85714285714286,1.5714285714285714,0.7857142857142857,136.78571428571428,1.3571428571428572,235.85714285714286,1.5714285714285714,0.6428571428571429
LAC,2021,2021_17_DEN_LAC,128,237.06666666666666,1.6,0.7333333333333333,140.26666666666668,1.4,237.06666666666666,1.6,0.6
LAC,2021,2021_18_LAC_LV,129,237.625,1.5625,0.6875,136.6875,1.3125,237.625,1.5625,0.5625
LAC,2022,2022_01_LV_LAC,130,,,,,,,,
LAC,2022,2022_02_LAC_KC,131,295.0,2.0,3.0,64.0,0.0,295.0,2.0,0.0
LAC,2022,2022_03_JAX_LAC,132,265.0,2.0,1.5,78.5,0.0,265.0,2.0,0.0
LAC,2022,2022_04_LAC_HOU,133,264.0,2.3333333333333335,1.0,102.66666666666667,0.3333333333333333,264.0,2.3333333333333335,0.0
LAC,2022,2022_05_LAC_CLE,134,259.5,2.25,1.25,109.75,0.5,259.5,2.25,0.0
LAC,2022,2022_06_DEN_LAC,135,253.6,2.0,1.2,130.4,1.0,253.6,2.0,0.0
LAC,2022,2022_07_SEA_LAC,136,242.66666666666666,1.8333333333333333,1.0,125.0,0.8333333333333334,242.66666666666666,1.8333333333333333,0.0
LAC,2022,2022_09_LAC_ATL,137,238.0,1.8571428571428572,1.0,137.57142857142858,1.0,238.0,1.8571428571428572,0.14285714285714285
LAC,2022,2022_10_LAC_SF,138,224.375,1.625,0.875,145.5,1.125,224.375,1.625,0.25
LAC,2022,2022_11_KC_LAC,139,226.11111111111111,1.4444444444444444,0.7777777777777778,146.77777777777777,1.2222222222222223,226.11111111111111,1.4444444444444444,0.3333333333333333
LAC,2022,2022_12_LAC_ARI,140,236.4,1.6,0.7,148.4,1.1,236.4,1.6,0.4
LAC,2022,2022_13_LAC_LV,141,232.27272727272728,1.6363636363636365,0.7272727272727273,151.36363636363637,1.0909090909090908,232.27272727272728,1.6363636363636365,0.45454545454545453
LAC,2022,2022_14_MIA_LAC,142,233.75,1.6666666666666667,0.75,151.58333333333334,1.0833333333333333,233.75,1.6666666666666667,0.5
LAC,2022,2022_15_TEN_LAC,143,226.92307692307693,1.6153846153846154,0.6923076923076923,147.0,1.0,226.92307692307693,1.6153846153846154,0.46153846153846156
LAC,2022,2022_16_LAC_IND,144,223.92857142857142,1.5,0.7142857142857143,145.57142857142858,1.0714285714285714,223.92857142857142,1.5,0.42857142857142855
LAC,2022,2022_17_LA_LAC,145,218.6,1.4,0.8666666666666667,140.46666666666667,1.0,218.53333333333333,1.4,0.4
LAC,2022,2022_18_LAC_DEN,146,213.1875,1.3125,0.8125,142.0625,1.0,213.125,1.3125,0.4375
LAC,2023,2023_01_MIA_LAC,147,,,,,,,,
LAC,2023,2023_02_LAC_TEN,148,466.0,3.0,1.0,70.0,1.0,466.0,3.0,1.0
LAC,2023,2023_03_LAC_MIN,149,356.0,2.0,0.5,105.5,1.5,356.0,2.0,0.5
LAC,2023,2023_04_LV_LAC,150,359.6666666666667,2.3333333333333335,0.6666666666666666,113.66666666666667,1.0,359.6666666666667,2.3333333333333335,0.6666666666666666
LAC,2023,2023_06_DAL_LAC,151,329.25,1.75,0.75,104.25,1.25,329.25,1.75,1.0
LAC,2023,2023_07_LAC_KC,152,317.8,1.6,0.6,102.6,1.2,317.8,1.6,0.8
LAC,2023,2023_08_CHI_LAC,153,335.5,2.0,0.6666666666666666,96.83333333333333,1.0,335.5,2.0,0.8333333333333334
LAC,2023,2023_09_LAC_NYJ,154,320.7142857142857,1.7142857142857142,0.8571428571428571,93.42857142857143,1.1428571428571428,320.7142857142857,1.7142857142857142,0.7142857142857143
LAC,2023,2023_10_DET_LAC,155,313.5,1.5,0.75,89.75,1.0,313.5,1.5,1.0
LAC,2023,2023_11_LAC_GB,156,315.6666666666667,1.5555555555555556,0.6666666666666666,102.0,1.2222222222222223,315.6666666666667,1.5555555555555556,0.8888888888888888
LAC,2023,2023_12_BAL_LAC,157,316.3,1.6,0.6,102.0,1.2,316.3,1.6,0.8
LAC,2023,2023_13_LAC_NE,158,303.6363636363636,1.5454545454545454,0.5454545454545454,110.63636363636364,1.1818181818181819,303.6363636363636,1.5454545454545454,0.7272727272727273
LAC,2023,2023_14_DEN_LAC,159,290.0833333333333,1.4166666666666667,0.5,113.75,1.0833333333333333,290.0833333333333,1.4166666666666667,0.75
LAC,2023,2023_15_LAC_LV,160,285.0,1.4615384615384615,0.5384615384615384,113.15384615384616,1.0769230769230769,285.0,1.4615384615384615,0.6923076923076923
LAC,2023,2023_16_BUF_LAC,161,283.2142857142857,1.7142857142857142,0.5,113.92857142857143,1.1428571428571428,283.2142857142857,1.7142857142857142,0.6428571428571429
LAC,2023,2023_17_LAC_DEN,162,280.1333333333333,1.6666666666666667,0.5333333333333333,113.33333333333333,1.2,280.1333333333333,1.6666666666666667,0.6666666666666666
LAC,2023,2023_18_KC_LAC,163,276.625,1.625,0.5,112.5625,1.125,276.625,1.625,0.625
LAC,2024,2024_01_LV_LAC,164,,,,,,,,
LAC,2024,2024_02_LAC_CAR,165,257.0,1.0,1.0,71.0,0.0,257.0,1.0,2.0
LAC,2024,2024_03_LAC_PIT,166,170.5,0.5,1.0,80.5,0.0,170.5,0.5,1.0
LAC,2024,2024_04_KC_LAC,167,195.33333333333334,0.6666666666666666,1.0,91.66666666666667,0.3333333333333333,195.33333333333334,0.6666666666666666,0.6666666666666666
LAC,2024,2024_06_LAC_DEN,168,207.75,0.75,1.0,94.0,0.5,207.75,0.75,0.75
LAC,2024,2024_07_LAC_ARI,169,209.4,1.0,1.0,97.2,0.4,209.4,1.0,0.8
LAC,2024,2024_08_NO_LAC,170,198.66666666666666,1.0,1.0,111.16666666666667,0.5,198.66666666666666,1.0,0.6666666666666666
LAC,2024,2024_09_LAC_CLE,171,210.42857142857142,0.8571428571428571,0.8571428571428571,112.0,0.42857142857142855,210.42857142857142,0.8571428571428571,0.5714285714285714
LAC,2024,2024_10_TEN_LAC,172,213.5,0.875,1.125,107.875,0.375,213.5,0.875,0.5
LAC,2024,2024_11_CIN_LAC,173,209.22222222222223,1.0,1.0,110.55555555555556,0.3333333333333333,209.22222222222223,1.0,0.4444444444444444
LAC,2024,2024_12_BAL_LAC,174,223.9,1.2,0.9,110.5,0.3,223.9,1.2,0.4
LAC,2024,2024_13_LAC_ATL,175,219.63636363636363,1.2727272727272727,0.8181818181818182,119.72727272727273,0.45454545454545453,219.63636363636363,1.2727272727272727,0.36363636363636365
LAC,2024,2024_14_LAC_KC,176,221.75,1.1666666666666667,1.0833333333333333,119.41666666666667,0.5,221.75,1.1666666666666667,0.3333333333333333
LAC,2024,2024_15_TB_LAC,177,220.84615384615384,1.1538461538461537,1.0,117.61538461538461,0.46153846153846156,220.84615384615384,1.1538461538461537,0.3076923076923077
LAC,2024,2024_16_DEN_LAC,178,225.64285714285714,1.3571428571428572,1.0,125.14285714285714,0.42857142857142855,225.64285714285714,1.3571428571428572,0.35714285714285715
LAC,2024,2024_17_LAC_NE,179,228.13333333333333,1.4,0.9333333333333333,124.13333333333334,0.4666666666666667,228.13333333333333,1.4,0.3333333333333333
LAC,2024,2024_18_LAC_LV,180,221.0625,1.375,0.875,122.375,0.4375,221.0625,1.375,0.375
LV,2014,2014_01_OAK_NYJ,1,,,,,,,,
LV,2014,2014_02_HOU_OAK,2,221.0,1.0,1.0,212.0,1.0,221.0,1.0,1.0
LV,2014,2014_03_OAK_NE,3,180.0,1.5,0.5,200.0,1.0,180.0,1.5,0.5
LV,2014,2014_04_MIA_OAK,4,198.0,1.3333333333333333,0.3333333333333333,158.66666666666666,0.6666666666666666,198.0,1.3333333333333333,0.3333333333333333
LV,2014,2014_06_SD_OAK,5,218.0,1.5,0.5,158.25,1.0,218.0,1.5,0.5
LV,2014,2014_07_ARI_OAK,6,237.0,1.8,0.4,149.8,1.0,237.0,1.8,0.4
LV,2014,2014_08_OAK_CLE,7,239.66666666666666,1.8333333333333333,0.5,145.33333333333334,1.0,239.66666666666666,1.8333333333333333,0.3333333333333333
LV,2014,2014_09_OAK_SEA,8,244.71428571428572,1.7142857142857142,0.42857142857142855,130.14285714285714,1.0,244.71428571428572,1.7142857142857142,0.2857142857142857
LV,2014,2014_10_DEN_OAK,9,236.5,1.5,0.375,132.5,1.125,236.5,1.5,0.25
LV,2014,2014_11_OAK_SD,10,249.44444444444446,1.8888888888888888,0.5555555555555556,130.88888888888889,1.0,249.44444444444446,1.8888888888888888,0.2222222222222222
LV,2014,2014_12_KC_OAK,11,243.8,1.8,0.5,129.8,0.9,243.8,1.8,0.2
LV,2014,2014_13_OAK_STL,12,242.9090909090909,1.8181818181818181,0.45454545454545453,126.72727272727273,0.8181818181818182,242.9090909090909,1.8181818181818181,0.18181818181818182
LV,2014,2014_14_SF_OAK,13,237.91666666666666,1.8333333333333333,0.4166666666666667,130.5,1.0833333333333333,237.91666666666666,1.8333333333333333,0.16666666666666666
LV,2014,2014_15_OAK_KC,14,233.0,1.7692307692307692,0.5384615384615384,127.92307692307692,1.0,233.0,1.7692307692307692,0.15384615384615385
LV,2014,2014_16_BUF_OAK,15,237.57142857142858,1.7857142857142858,0.5,125.42857142857143,1.0,237.57142857142858,1.7857142857142858,0.21428571428571427
LV,2014,2014_17_OAK_DEN,16,243.66666666666666,1.8666666666666667,0.6,117.93333333333334,0.9333333333333333,243.66666666666666,1.8666666666666667,0.2
LV,2015,2015_01_CIN_OAK,17,,,,,,,,
LV,2015,2015_02_BAL_OAK,18,269.0,2.0,0.0,127.0,2.0,269.0,2.0,0.0
LV,2015,2015_03_OAK_CLE,19,326.5,2.0,0.5,118.0,1.5,326.5,2.0,0.5
LV,2015,2015_04_OAK_CHI,20,331.3333333333333,2.0,0.6666666666666666,91.66666666666667,1.0,331.3333333333333,2.0,0.3333333333333333
LV,2015,2015_05_DEN_OAK,21,318.75,2.0,0.75,93.25,0.75,318.75,2.0,0.5
LV,2015,2015_07_OAK_SD,22,308.2,1.6,1.0,83.2,0.6,308.2,1.6,0.4
LV,2015,2015_08_NYJ_OAK,23,312.8333333333333,1.8333333333333333,1.1666666666666667,84.33333333333333,0.5,312.8333333333333,1.8333333333333333,0.3333333333333333
LV,2015,2015_09_OAK_PIT,24,312.57142857142856,1.8571428571428572,1.1428571428571428,82.85714285714286,0.42857142857142855,312.57142857142856,1.8571428571428572,0.2857142857142857
LV,2015,2015_10_MIN_OAK,25,325.125,1.875,1.125,96.875,0.625,325.125,1.875,0.25
LV,2015,2015_11_OAK_DET,26,304.55555555555554,1.7777777777777777,1.0,115.33333333333333,0.6666666666666666,304.55555555555554,1.7777777777777777,0.2222222222222222
LV,2015,2015_12_OAK_TEN,27,302.3,1.6,0.9,114.7,0.7,302.3,1.6,0.2
LV,2015,2015_13_KC_OAK,28,294.6363636363636,1.7272727272727273,1.0,108.27272727272727,0.6363636363636364,294.6363636363636,1.7272727272727273,0.18181818181818182
LV,2015,2015_14_OAK_DEN,29,283.5833333333333,1.75,0.9166666666666666,106.66666666666667,0.75,283.5833333333333,1.75,0.3333333333333333
LV,2015,2015_15_GB_OAK,30,285.46153846153845,1.6153846153846154,0.8461538461538461,101.07692307692308,0.6923076923076923,285.46153846153845,1.6153846153846154,0.38461538461538464
LV,2015,2015_16_SD_OAK,31,279.64285714285717,1.5714285714285714,0.8571428571428571,101.21428571428571,0.7142857142857143,279.64285714285717,1.5714285714285714,0.42857142857142855
LV,2015,2015_17_OAK_KC,32,279.46666666666664,1.5333333333333334,0.8,99.26666666666667,0.7333333333333333,279.46666666666664,1.5333333333333334,0.4666666666666667
LV,2016,2016_01_OAK_NO,33,,,,,,,,
LV,2016,2016_02_ATL_OAK,34,423.0,4.0,0.0,88.0,0.0,423.0,4.0,1.0
LV,2016,2016_03_OAK_TEN,35,409.5,3.5,0.5,113.5,0.5,409.5,3.5,0.5
LV,2016,2016_04_OAK_BAL,36,344.3333333333333,2.3333333333333335,1.0,136.0,0.6666666666666666,344.3333333333333,2.3333333333333335,0.6666666666666666
LV,2016,2016_05_SD_OAK,37,332.75,2.0,0.75,134.5,1.0,332.75,2.0,0.75
LV,2016,2016_06_KC_OAK,38,338.0,2.4,1.0,122.0,0.8,338.0,2.4,1.0
LV,2016,2016_07_OAK_JAX,39,319.0,2.0,0.8333333333333334,132.16666666666666,1.1666666666666667,319.0,2.0,0.8333333333333334
LV,2016,2016_08_OAK_TB,40,308.57142857142856,1.8571428571428572,1.0,128.28571428571428,1.0,308.57142857142856,1.8571428571428572,0.7142857142857143
LV,2016,2016_09_DEN_OAK,41,292.5,1.875,0.875,125.0,1.0,292.5,1.875,0.625
LV,2016,2016_11_HOU_OAK,42,291.44444444444446,1.8888888888888888,0.8888888888888888,114.77777777777777,0.8888888888888888,291.44444444444446,1.8888888888888888,0.6666666666666666
LV,2016,2016_12_CAR_OAK,43,286.6,1.8,0.9,115.7,0.9,286.6,1.8,0.6
LV,2016,2016_13_BUF_OAK,44,282.90909090909093,1.8181818181818181,0.9090909090909091,116.9090909090909,1.0909090909090908,282.90909090909093,1.8181818181818181,0.6363636363636364
LV,2016,2016_14_OAK_KC,45,275.25,1.6666666666666667,0.9166666666666666,124.83333333333333,1.25,275.25,1.6666666666666667,0.6666666666666666
LV,2016,2016_15_OAK_SD,46,274.38461538461536,1.6153846153846154,0.9230769230769231,120.23076923076923,1.2307692307692308,274.38461538461536,1.6153846153846154,0.6923076923076923
LV,2016,2016_16_IND_OAK,47,269.5,1.6428571428571428,0.9285714285714286,116.85714285714286,1.1428571428571428,269.5,1.6428571428571428,0.7142857142857143
LV,2016,2016_17_OAK_DEN,48,270.73333333333335,1.6666666666666667,1.0,115.86666666666666,1.1333333333333333,270.73333333333335,1.6666666666666667,0.7333333333333333
LV,2017,2017_01_OAK_TEN,49,,,,,,,,
LV,2017,2017_02_NYJ_OAK,50,256.0,0.0,0.0,95.0,1.0,256.0,0.0,0.0
LV,2017,2017_03_OAK_WAS,51,211.0,1.0,0.0,110.5,0.5,211.0,1.0,0.5
LV,2017,2017_04_OAK_DEN,52,262.3333333333333,1.6666666666666667,0.0,112.33333333333333,0.3333333333333333,262.3333333333333,1.6666666666666667,0.6666666666666666
LV,2017,2017_05_BAL_OAK,53,241.5,1.5,0.0,120.0,0.25,241.5,1.5,0.5
LV,2017,2017_06_LAC_OAK,54,237.6,1.2,0.0,124.6,0.6,237.6,1.2,0.4
LV,2017,2017_07_KC_OAK,55,242.66666666666666,1.1666666666666667,0.0,117.16666666666667,0.6666666666666666,242.66666666666666,1.1666666666666667,0.5
LV,2017,2017_08_OAK_BUF,56,256.85714285714283,1.4285714285714286,0.0,113.85714285714286,0.5714285714285714,256.85714285714283,1.4285714285714286,0.42857142857142855
LV,2017,2017_09_OAK_MIA,57,245.375,1.375,0.0,120.375,0.75,245.375,1.375,0.375
LV,2017,2017_11_NE_OAK,58,252.66666666666666,1.5555555555555556,0.0,116.55555555555556,0.6666666666666666,252.66666666666666,1.5555555555555556,0.4444444444444444
LV,2017,2017_12_DEN_OAK,59,261.4,1.7,0.0,113.8,0.6,261.4,1.7,0.4
LV,2017,2017_13_NYG_OAK,60,254.9090909090909,1.7272727272727273,0.09090909090909091,108.54545454545455,0.5454545454545454,254.9090909090909,1.7272727272727273,0.36363636363636365
LV,2017,2017_14_OAK_KC,61,251.33333333333334,1.6666666666666667,0.08333333333333333,104.91666666666667,0.5833333333333334,251.33333333333334,1.6666666666666667,0.5
LV,2017,2017_15_DAL_OAK,62,252.6153846153846,1.5384615384615385,0.15384615384615385,109.53846153846153,0.6923076923076923,252.6153846153846,1.5384615384615385,0.46153846153846156
LV,2017,2017_16_OAK_PHI,63,249.71428571428572,1.4285714285714286,0.2857142857142857,110.71428571428571,0.7857142857142857,249.71428571428572,1.4285714285714286,0.42857142857142855
LV,2017,2017_17_OAK_LAC,64,243.93333333333334,1.4,0.3333333333333333,108.53333333333333,0.7333333333333333,243.93333333333334,1.4,0.4666666666666667
LV,2018,2018_01_LA_OAK,65,,,,,,,,
LV,2018,2018_02_OAK_DEN,66,233.0,2.0,0.0,140.0,0.0,233.0,2.0,0.0
LV,2018,2018_03_OAK_MIA,67,227.5,1.0,0.5,154.0,1.0,227.5,1.0,0.0
LV,2018,2018_04_CLE_OAK,68,265.3333333333333,2.0,0.3333333333333333,116.33333333333333,0.6666666666666666,265.3333333333333,2.0,0.0
LV,2018,2018_05_OAK_LAC,69,272.75,2.0,0.75,139.25,1.25,272.75,2.0,0.5
LV,2018,2018_06_SEA_OAK,70,286.0,2.0,0.6,127.2,1.2,286.0,2.0,0.4
LV,2018,2018_08_IND_OAK,71,275.3333333333333,2.1666666666666665,0.6666666666666666,131.83333333333334,1.0,275.3333333333333,2.1666666666666665,0.3333333333333333
LV,2018,2018_09_OAK_SF,72,270.14285714285717,2.2857142857142856,0.5714285714285714,144.71428571428572,1.1428571428571428,270.14285714285717,2.2857142857142856,0.2857142857142857
LV,2018,2018_10_LAC_OAK,73,269.125,2.375,0.5,144.5,1.125,269.125,2.375,0.25
LV,2018,2018_11_OAK_ARI,74,264.0,2.3333333333333335,0.5555555555555556,141.0,1.0,264.0,2.3333333333333335,0.2222222222222222
LV,2018,2018_12_OAK_BAL,75,251.2,2.4,0.7,142.3,0.9,251.2,2.4,0.2
LV,2018,2018_13_KC_OAK,76,244.54545454545453,2.272727272727273,0.8181818181818182,151.36363636363637,0.9090909090909091,244.54545454545453,2.272727272727273,0.18181818181818182
LV,2018,2018_14_PIT_OAK,77,248.75,2.4166666666666665,0.75,153.25,0.9166666666666666,248.75,2.4166666666666665,0.25
LV,2018,2018_15_OAK_CIN,78,253.15384615384616,2.3846153846153846,0.7692307692307693,144.53846153846155,0.9230769230769231,253.15384615384616,2.3846153846153846,0.23076923076923078
LV,2018,2018_16_DEN_OAK,79,244.35714285714286,2.2857142857142856,0.7857142857142857,146.42857142857142,1.0,244.35714285714286,2.2857142857142856,0.21428571428571427
LV,2018,2018_17_OAK_KC,80,241.53333333333333,2.2666666666666666,0.8666666666666667,143.33333333333334,0.9333333333333333,241.53333333333333,2.2666666666666666,0.2
LV,2019,2019_01_DEN_OAK,81,,,,,,,,
LV,2019,2019_02_KC_OAK,82,268.0,1.0,0.0,95.0,0.0,268.0,1.0,0.0
LV,2019,2019_03_OAK_MIN,83,355.5,2.5,0.0,63.0,0.0,355.5,2.5,0.5
LV,2019,2019_04_OAK_IND,84,295.0,2.0,0.0,112.33333333333333,1.0,295.0,2.0,0.3333333333333333
LV,2019,2019_05_CHI_OAK,85,287.5,2.25,0.25,104.5,0.75,287.5,2.25,0.5
LV,2019,2019_07_OAK_GB,86,276.2,2.2,0.6,92.0,0.8,276.2,2.2,0.4
LV,2019,2019_08_OAK_HOU,87,301.6666666666667,2.6666666666666665,0.5,86.66666666666667,0.8333333333333334,301.6666666666667,2.6666666666666665,0.3333333333333333
LV,2019,2019_09_DET_OAK,88,298.42857142857144,2.7142857142857144,0.42857142857142855,92.85714285714286,0.7142857142857143,298.42857142857144,2.7142857142857144,0.2857142857142857
LV,2019,2019_10_LAC_OAK,89,311.875,2.75,0.5,92.5,0.625,311.875,2.75,0.375
LV,2019,2019_11_CIN_OAK,90,300.22222222222223,2.6666666666666665,0.7777777777777778,98.44444444444444,0.6666666666666666,300.22222222222223,2.6666666666666665,0.3333333333333333
LV,2019,2019_12_OAK_NYJ,91,281.7,2.4,0.8,105.9,0.7,281.7,2.4,0.4
LV,2019,2019_13_OAK_KC,92,284.72727272727275,2.3636363636363638,0.7272727272727273,104.27272727272727,0.7272727272727273,284.72727272727275,2.3636363636363638,0.36363636363636365
LV,2019,2019_14_TEN_OAK,93,275.5833333333333,2.25,0.6666666666666666,103.58333333333333,0.9166666666666666,275.5833333333333,2.25,0.3333333333333333
LV,2019,2019_15_JAX_OAK,94,284.46153846153845,2.3076923076923075,0.6923076923076923,108.0,1.0,284.46153846153845,2.3076923076923075,0.3076923076923077
LV,2019,2019_16_OAK_LAC,95,278.5,2.2857142857142856,0.6428571428571429,105.78571428571429,0.9285714285714286,278.5,2.2857142857142856,0.2857142857142857
LV,2019,2019_17_OAK_DEN,96,278.53333333333336,2.1333333333333333,0.6,100.0,1.0,278.53333333333336,2.1333333333333333,0.26666666666666666
LV,2020,2020_01_LV_CAR,97,,,,,,,,
LV,2020,2020_02_NO_LV,98,269.0,1.0,0.0,129.0,2.0,269.0,1.0,0.0
LV,2020,2020_03_LV_NE,99,290.5,1.0,0.5,120.5,2.0,290.5,1.0,0.0
LV,2020,2020_04_BUF_LV,100,247.66666666666666,1.0,0.6666666666666666,163.66666666666666,2.0,247.66666666666666,1.0,0.0
LV,2020,2020_05_LV_KC,101,257.75,1.25,0.5,138.5,2.0,257.75,1.25,0.0
LV,2020,2020_07_TB_LV,102,274.2,1.4,0.6,126.8,2.0,274.2,1.4,0.0
LV,2020,2020_08_LV_CLE,103,290.0,1.8333333333333333,0.5,119.83333333333333,2.0,290.0,1.8333333333333333,0.0
LV,2020,2020_09_LV_LAC,104,266.0,1.5714285714285714,0.42857142857142855,117.14285714285714,1.7142857142857142,266.0,1.5714285714285714,0.14285714285714285
LV,2020,2020_10_DEN_LV,105,273.5,1.625,0.375,118.5,1.625,273.5,1.625,0.125
LV,2020,2020_11_KC_LV,106,271.6666666666667,1.5555555555555556,0.7777777777777778,112.66666666666667,1.4444444444444444,271.6666666666667,1.5555555555555556,0.2222222222222222
LV,2020,2020_12_LV_ATL,107,279.7,1.6,0.8,112.2,1.6,279.7,1.6,0.2
LV,2020,2020_13_LV_NYJ,108,271.09090909090907,1.6363636363636365,0.8181818181818182,113.36363636363636,1.5454545454545454,271.09090909090907,1.6363636363636365,0.18181818181818182
LV,2020,2020_14_IND_LV,109,264.0,1.6666666666666667,0.8333333333333334,121.08333333333333,1.5833333333333333,264.0,1.6666666666666667,0.3333333333333333
LV,2020,2020_15_LAC_LV,110,262.46153846153845,1.6923076923076923,0.7692307692307693,128.07692307692307,1.6153846153846154,262.46153846153845,1.6923076923076923,0.3076923076923077
LV,2020,2020_16_MIA_LV,111,266.14285714285717,1.7142857142857142,0.7142857142857143,125.78571428571429,1.6428571428571428,266.14285714285717,1.7142857142857142,0.2857142857142857
LV,2020,2020_17_LV_DEN,112,266.8,1.7333333333333334,0.6666666666666666,126.06666666666666,1.5333333333333334,266.8,1.7333333333333334,0.26666666666666666
LV,2021,2021_01_BAL_LV,113,,,,,,,,
LV,2021,2021_02_LV_PIT,114,235.0,1.0,0.0,189.0,2.0,235.0,1.0,2.0
LV,2021,2021_03_MIA_LV,115,265.0,1.0,0.5,114.0,1.5,265.0,1.0,1.0
LV,2021,2021_04_LV_LAC,116,248.33333333333334,0.6666666666666666,0.3333333333333333,120.33333333333333,1.6666666666666667,248.33333333333334,0.6666666666666666,0.6666666666666666
LV,2021,2021_05_CHI_LV,117,241.75,1.25,0.25,132.25,1.5,241.75,1.25,0.5
LV,2021,2021_06_LV_DEN,118,217.2,1.2,0.2,134.4,1.4,217.2,1.2,0.4
LV,2021,2021_07_PHI_LV,119,236.66666666666666,1.5,0.6666666666666666,130.66666666666666,1.1666666666666667,236.66666666666666,1.5,0.5
LV,2021,2021_09_LV_NYG,120,236.57142857142858,1.5714285714285714,0.5714285714285714,131.28571428571428,1.1428571428571428,236.57142857142858,1.5714285714285714,0.7142857142857143
LV,2021,2021_10_KC_LV,121,220.75,1.5,0.5,133.5,1.0,220.75,1.5,0.75
LV,2021,2021_11_CIN_LV,122,243.11111111111111,1.8888888888888888,0.4444444444444444,129.11111111111111,0.8888888888888888,243.11111111111111,1.8888888888888888,0.6666666666666666
LV,2021,2021_12_LV_DAL,123,233.6,1.8,0.4,132.1,1.0,233.6,1.8,0.7
LV,2021,2021_13_WAS_LV,124,246.45454545454547,1.8181818181818181,0.36363636363636365,125.9090909090909,1.0,246.45454545454547,1.8181818181818181,0.6363636363636364
LV,2021,2021_14_LV_KC,125,242.25,1.8333333333333333,0.4166666666666667,124.75,0.9166666666666666,242.25,1.8333333333333333,0.5833333333333334
LV,2021,2021_15_LV_CLE,126,243.46153846153845,1.8461538461538463,0.38461538461538464,125.3076923076923,1.0769230769230769,243.46153846153845,1.8461538461538463,0.5384615384615384
LV,2021,2021_16_DEN_LV,127,236.57142857142858,1.7857142857142858,0.35714285714285715,122.71428571428571,1.0714285714285714,236.57142857142858,1.7857142857142858,0.5
LV,2021,2021_17_LV_IND,128,231.0,1.6666666666666667,0.3333333333333333,115.73333333333333,1.0666666666666667,231.0,1.6666666666666667,0.4666666666666667
LV,2021,2021_18_LAC_LV,129,225.8125,1.625,0.3125,116.125,1.0625,225.8125,1.625,0.4375
LV,2022,2022_01_LV_LAC,130,,,,,,,,
LV,2022,2022_02_ARI_LV,131,279.0,3.0,0.0,76.0,0.0,279.0,3.0,0.0
LV,2022,2022_03_LV_TEN,132,278.0,2.0,0.5,109.5,1.0,278.0,2.0,0.0
LV,2022,2022_04_DEN_LV,133,273.3333333333333,1.6666666666666667,0.6666666666666666,109.33333333333333,1.3333333333333333,273.3333333333333,1.6666666666666667,0.0
LV,2022,2022_05_LV_KC,134,264.25,1.75,0.5,103.25,1.25,264.25,1.75,0.25
LV,2022,2022_07_HOU_LV,135,269.8,2.2,0.4,103.2,1.0,269.8,2.2,0.2
LV,2022,2022_08_LV_NO,136,275.1666666666667,2.1666666666666665,0.5,104.0,0.8333333333333334,275.1666666666667,2.1666666666666665,0.16666666666666666
LV,2022,2022_09_LV_JAX,137,268.85714285714283,2.142857142857143,0.42857142857142855,108.57142857142857,0.8571428571428571,268.85714285714283,2.142857142857143,0.14285714285714285
LV,2022,2022_10_IND_LV,138,264.625,2.0,0.375,116.0,1.0,264.625,2.0,0.25
LV,2022,2022_11_LV_DEN,139,259.8888888888889,1.8888888888888888,0.3333333333333333,126.11111111111111,1.1111111111111112,259.8888888888889,1.8888888888888888,0.3333333333333333
LV,2022,2022_12_LV_SEA,140,258.6,1.7,0.3,122.9,1.1,258.6,1.7,0.3
LV,2022,2022_13_LAC_LV,141,264.90909090909093,1.7272727272727273,0.36363636363636365,117.63636363636364,1.1818181818181819,264.90909090909093,1.7272727272727273,0.36363636363636365
LV,2022,2022_14_LV_LA,142,270.75,1.6666666666666667,0.3333333333333333,113.83333333333333,1.0833333333333333,270.75,1.6666666666666667,0.4166666666666667
LV,2022,2022_15_NE_LV,143,267.61538461538464,1.6153846153846154,0.3076923076923077,110.53846153846153,1.0769230769230769,267.61538461538464,1.6153846153846154,0.46153846153846156
LV,2022,2022_16_LV_PIT,144,256.5,1.5,0.2857142857142857,118.78571428571429,1.0714285714285714,256.5,1.5,0.42857142857142855
LV,2022,2022_17_SF_LV,145,255.66666666666666,1.4666666666666666,0.3333333333333333,117.93333333333334,1.0,255.66666666666666,1.4666666666666666,0.4
LV,2022,2022_18_KC_LV,146,257.4375,1.5,0.375,121.1875,1.0625,257.4375,1.5,0.375
LV,2023,2023_01_LV_DEN,147,,,,,,,,
LV,2023,2023_02_LV_BUF,148,177.0,2.0,0.0,94.0,0.0,177.0,2.0,0.0
LV,2023,2023_03_PIT_LV,149,225.5,2.5,0.0,138.5,1.0,225.5,2.5,0.0
LV,2023,2023_04_LV_LAC,150,228.66666666666666,2.3333333333333335,0.0,127.33333333333333,0.6666666666666666,228.66666666666666,2.3333333333333335,0.0
LV,2023,2023_05_GB_LV,151,213.25,2.0,0.25,134.25,1.0,213.25,2.0,0.0
LV,2023,2023_06_NE_LV,152,207.0,1.6,0.8,129.4,1.0,207.0,1.6,0.0
LV,2023,2023_07_LV_CHI,153,205.83333333333334,1.3333333333333333,0.8333333333333334,121.66666666666667,1.1666666666666667,205.83333333333334,1.3333333333333333,0.0
LV,2023,2023_08_LV_DET,154,199.57142857142858,1.2857142857142858,0.7142857142857143,129.0,1.2857142857142858,199.57142857142858,1.2857142857142858,0.0
LV,2023,2023_09_NYG_LV,155,208.625,1.25,0.75,140.625,1.25,208.625,1.25,0.25
LV,2023,2023_10_NYJ_LV,156,207.66666666666666,1.2222222222222223,0.8888888888888888,138.66666666666666,1.1111111111111112,207.66666666666666,1.2222222222222223,0.2222222222222222
LV,2023,2023_11_LV_MIA,157,213.2,1.1,0.9,135.6,1.0,213.2,1.1,0.2
LV,2023,2023_12_KC_LV,158,223.36363636363637,1.1818181818181819,0.9090909090909091,132.27272727272728,0.9090909090909091,223.36363636363637,1.1818181818181819,0.36363636363636365
LV,2023,2023_14_MIN_LV,159,229.58333333333334,1.25,0.8333333333333334,127.0,1.0,229.58333333333334,1.25,0.3333333333333333
LV,2023,2023_15_LAC_LV,160,223.15384615384616,1.1538461538461537,0.7692307692307693,127.38461538461539,0.9230769230769231,223.15384615384616,1.1538461538461537,0.3076923076923077
LV,2023,2023_16_LV_KC,161,225.57142857142858,1.2857142857142858,0.7857142857142857,124.85714285714286,0.8571428571428571,225.57142857142858,1.2857142857142858,0.5
LV,2023,2023_17_LV_IND,162,226.93333333333334,1.2666666666666666,0.8,122.2,0.8666666666666667,226.93333333333334,1.2666666666666666,0.5333333333333333
LV,2023,2023_18_DEN_LV,163,226.75,1.25,0.75,122.9375,0.875,226.75,1.25,0.5
LV,2024,2024_01_LV_LAC,164,,,,,,,,
LV,2024,2024_02_LV_BAL,165,144.0,1.0,0.0,176.0,1.0,144.0,1.0,0.0
LV,2024,2024_03_CAR_LV,166,195.5,1.0,0.5,163.5,1.0,195.5,1.0,0.0
LV,2024,2024_04_CLE_LV,167,236.66666666666666,1.6666666666666667,0.3333333333333333,152.66666666666666,1.0,236.66666666666666,1.6666666666666667,0.0
LV,2024,2024_05_LV_DEN,168,221.5,1.5,0.5,137.5,0.75,221.5,1.5,0.0
LV,2024,2024_06_PIT_LV,169,218.4,1.6,0.4,131.8,0.8,218.4,1.6,0.0
LV,2024,2024_07_LV_LA,170,206.16666666666666,1.3333333333333333,0.3333333333333333,140.33333333333334,1.1666666666666667,206.16666666666666,1.3333333333333333,0.0
LV,2024,2024_08_KC_LV,171,198.71428571428572,1.1428571428571428,0.42857142857142855,136.71428571428572,1.2857142857142858,198.71428571428572,1.1428571428571428,0.0
LV,2024,2024_09_LV_CIN,172,206.625,1.25,0.5,129.875,1.25,206.625,1.25,0.0
LV,2024,2024_11_LV_MIA,173,211.55555555555554,1.6666666666666667,0.5555555555555556,129.88888888888889,1.1111111111111112,211.55555555555554,1.6666666666666667,0.0
LV,2024,2024_12_DEN_LV,174,219.2,1.8,0.5,125.1,1.1,219.2,1.8,0.0
LV,2024,2024_13_LV_KC,175,224.0909090909091,1.8181818181818181,0.45454545454545453,119.45454545454545,1.0,224.0909090909091,1.8181818181818181,0.0
LV,2024,2024_14_LV_TB,176,230.91666666666666,1.75,0.4166666666666667,114.75,0.9166666666666666,230.91666666666666,1.75,0.0
LV,2024,2024_15_ATL_LV,177,235.84615384615384,1.8461538461538463,0.5384615384615384,117.61538461538461,0.9230769230769231,235.84615384615384,1.8461538461538463,0.07692307692307693
LV,2024,2024_16_JAX_LV,178,227.0,1.7857142857142858,0.5714285714285714,121.21428571428571,0.8571428571428571,227.0,1.7857142857142858,0.07142857142857142
LV,2024,2024_17_LV_NO,179,228.33333333333334,1.7333333333333334,0.5333333333333333,117.93333333333334,0.8666666666666667,228.33333333333334,1.7333333333333334,0.2
LV,2024,2024_18_LAC_LV,180,227.6875,1.6875,0.625,115.625,0.8125,227.6875,1.6875,0.1875
MIA,2014,2014_01_NE_MIA,1,,,,,,,,
MIA,2014,2014_02_MIA_BUF,2,249.0,1.0,0.0,89.0,1.0,249.0,1.0,2.0
MIA,2014,2014_03_KC_MIA,3,225.5,1.0,0.0,101.0,0.5,225.5,1.0,1.0
MIA,2014,2014_04_MIA_OAK,4,212.33333333333334,1.6666666666666667,0.0,125.33333333333333,1.0,212.33333333333334,1.6666666666666667,1.3333333333333333
MIA,2014,2014_06_GB_MIA,5,228.0,1.75,0.75,107.25,0.75,228.0,1.75,1.0
MIA,2014,2014_07_MIA_CHI,6,235.2,2.0,0.6,110.0,0.6,235.2,2.0,0.8
MIA,2014,2014_08_MIA_JAX,7,227.66666666666666,1.8333333333333333,0.6666666666666666,100.33333333333333,0.6666666666666666,227.66666666666666,1.8333333333333333,1.0
MIA,2014,2014_09_SD_MIA,8,226.71428571428572,1.7142857142857142,0.8571428571428571,111.14285714285714,0.5714285714285714,226.71428571428572,1.7142857142857142,1.0
MIA,2014,2014_10_MIA_DET,9,216.875,1.5,1.125,103.5,0.5,216.875,1.5,1.0
MIA,2014,2014_11_BUF_MIA,10,226.88888888888889,1.5555555555555556,1.1111111111111112,99.0,0.4444444444444444,226.88888888888889,1.5555555555555556,0.8888888888888888
MIA,2014,2014_12_MIA_DEN,11,223.5,1.4,1.0,94.5,0.4,223.5,1.4,0.8
MIA,2014,2014_13_MIA_NYJ,12,226.54545454545453,1.6363636363636365,0.9090909090909091,104.18181818181819,0.45454545454545453,226.54545454545453,1.6363636363636365,0.7272727272727273
MIA,2014,2014_14_BAL_MIA,13,213.08333333333334,1.5,0.9166666666666666,118.58333333333333,0.5,213.08333333333334,1.5,0.6666666666666666
MIA,2014,2014_15_MIA_NE,14,217.3846153846154,1.5384615384615385,0.9230769230769231,123.53846153846153,0.6153846153846154,217.3846153846154,1.5384615384615385,0.6153846153846154
MIA,2014,2014_16_MIN_MIA,15,222.35714285714286,1.5714285714285714,0.9285714285714286,122.42857142857143,0.7142857142857143,222.35714285714286,1.5714285714285714,0.5714285714285714
MIA,2014,2014_17_NYJ_MIA,16,224.8,1.6,0.9333333333333333,122.2,0.8,224.8,1.6,0.5333333333333333
MIA,2015,2015_01_MIA_WAS,17,,,,,,,,
MIA,2015,2015_02_MIA_JAX,18,196.0,1.0,2.0,161.0,0.0,196.0,1.0,0.0
MIA,2015,2015_03_BUF_MIA,19,234.5,1.5,1.0,142.0,0.0,234.5,1.5,0.0
MIA,2015,2015_04_NYJ_MIA,20,248.66666666666666,2.0,0.6666666666666666,145.0,0.3333333333333333,248.66666666666666,2.0,0.0
MIA,2015,2015_06_MIA_TEN,21,241.0,1.75,0.75,160.5,0.75,241.0,1.75,0.0
MIA,2015,2015_07_HOU_MIA,22,249.2,1.6,1.0,141.0,0.6,249.2,1.6,0.4
MIA,2015,2015_08_MIA_NE,23,253.16666666666666,1.8333333333333333,1.0,129.33333333333334,0.6666666666666666,253.16666666666666,1.8333333333333333,0.3333333333333333
MIA,2015,2015_09_MIA_BUF,24,267.85714285714283,2.142857142857143,0.8571428571428571,124.42857142857143,0.5714285714285714,267.85714285714283,2.142857142857143,0.2857142857142857
MIA,2015,2015_10_MIA_PHI,25,257.0,2.0,0.75,142.125,0.875,257.0,2.0,0.25
MIA,2015,2015_11_DAL_MIA,26,272.0,1.8888888888888888,0.7777777777777778,135.55555555555554,0.8888888888888888,272.0,1.8888888888888888,0.2222222222222222
MIA,2015,2015_12_MIA_NYJ,27,267.5,1.9,0.9,138.6,0.8,267.5,1.9,0.2
MIA,2015,2015_13_BAL_MIA,28,268.3636363636364,2.090909090909091,0.8181818181818182,138.45454545454547,0.8181818181818182,268.3636363636364,2.090909090909091,0.18181818181818182
MIA,2015,2015_14_NYG_MIA,29,271.6666666666667,2.0,0.9166666666666666,134.75,0.75,271.6666666666667,2.0,0.16666666666666666
MIA,2015,2015_15_MIA_SD,30,276.6923076923077,2.1538461538461537,0.8461538461538461,131.46153846153845,0.6923076923076923,276.6923076923077,2.1538461538461537,0.23076923076923078
MIA,2015,2015_16_IND_MIA,31,279.14285714285717,2.2142857142857144,0.9285714285714286,132.07142857142858,0.7142857142857143,279.14285714285717,2.2142857142857144,0.21428571428571427
MIA,2015,2015_17_NE_MIA,32,272.3333333333333,2.066666666666667,0.8666666666666667,129.93333333333334,0.8,272.3333333333333,2.066666666666667,0.2
MIA,2016,2016_01_MIA_SEA,33,,,,,,,,
MIA,2016,2016_02_MIA_NE,34,258.0,1.0,1.0,112.0,0.0,258.0,1.0,1.0
MIA,2016,2016_03_CLE_MIA,35,291.0,2.0,0.5,136.5,0.5,291.0,2.0,1.0
MIA,2016,2016_04_MIA_CIN,36,287.0,1.3333333333333333,0.3333333333333333,147.33333333333334,0.6666666666666666,287.0,1.3333333333333333,1.0
MIA,2016,2016_05_TEN_MIA,37,289.25,1.25,0.25,129.75,0.5,289.25,1.25,0.75
MIA,2016,2016_06_PIT_MIA,38,264.0,1.6,0.2,150.8,0.6,264.0,1.6,0.6
MIA,2016,2016_07_BUF_MIA,39,251.5,1.5,0.5,147.0,0.6666666666666666,251.5,1.5,0.5
MIA,2016,2016_09_NYJ_MIA,40,247.14285714285714,1.4285714285714286,0.42857142857142855,135.57142857142858,0.8571428571428571,247.14285714285714,1.4285714285714286,0.42857142857142855
MIA,2016,2016_10_MIA_SD,41,242.875,1.375,0.625,136.125,0.875,242.875,1.375,0.375
MIA,2016,2016_11_MIA_LA,42,252.11111111111111,1.5555555555555556,1.0,128.77777777777777,0.7777777777777778,252.11111111111111,1.5555555555555556,0.3333333333333333
MIA,2016,2016_12_SF_MIA,43,240.3,1.4,0.9,126.1,0.8,240.3,1.4,0.4
MIA,2016,2016_13_MIA_BAL,44,245.36363636363637,1.5454545454545454,0.9090909090909091,132.1818181818182,0.7272727272727273,245.36363636363637,1.5454545454545454,0.45454545454545453
MIA,2016,2016_14_ARI_MIA,45,257.0833333333333,1.75,0.9166666666666666,130.33333333333334,0.75,257.0833333333333,1.75,0.5
MIA,2016,2016_15_MIA_NYJ,46,248.46153846153845,1.7692307692307692,1.0,133.76923076923077,0.7692307692307693,248.46153846153845,1.7692307692307692,0.6153846153846154
MIA,2016,2016_16_MIA_BUF,47,249.71428571428572,1.7142857142857142,1.1428571428571428,132.5,0.7142857142857143,249.71428571428572,1.7142857142857142,0.6428571428571429
MIA,2016,2016_17_NE_MIA,48,255.0,1.8,1.0666666666666667,141.8,0.7333333333333333,255.0,1.8,0.6
MIA,2017,2017_02_MIA_LAC,49,,,,,,,,
MIA,2017,2017_03_MIA_NYJ,50,331.0,1.0,0.0,44.0,1.0,331.0,1.0,0.0
MIA,2017,2017_04_NO_MIA,51,290.0,1.0,0.0,73.5,1.0,290.0,1.0,0.5
MIA,2017,2017_05_TEN_MIA,52,282.6666666666667,1.3333333333333333,0.0,77.66666666666667,0.6666666666666666,282.6666666666667,1.3333333333333333,0.3333333333333333
MIA,2017,2017_06_MIA_ATL,53,247.25,1.25,0.0,75.5,0.5,247.25,1.25,0.75
MIA,2017,2017_07_NYJ_MIA,54,247.4,1.2,0.2,80.4,0.6,247.4,1.2,0.6
MIA,2017,2017_08_MIA_BAL,55,241.0,1.5,0.3333333333333333,82.33333333333333,0.6666666666666666,241.0,1.5,0.6666666666666666
MIA,2017,2017_09_OAK_MIA,56,223.85714285714286,1.5714285714285714,0.2857142857142857,95.42857142857143,0.5714285714285714,223.85714285714286,1.5714285714285714,0.5714285714285714
MIA,2017,2017_10_MIA_CAR,57,233.375,1.5,0.375,94.0,0.75,233.375,1.5,0.5
MIA,2017,2017_11_TB_MIA,58,235.66666666666666,1.7777777777777777,0.3333333333333333,116.22222222222223,0.8888888888888888,235.66666666666666,1.7777777777777777,0.4444444444444444
MIA,2017,2017_12_MIA_NE,59,239.6,1.8,0.3,109.9,0.8,239.6,1.8,0.4
MIA,2017,2017_13_DEN_MIA,60,238.45454545454547,2.0,0.36363636363636365,117.72727272727273,0.8181818181818182,238.45454545454547,2.0,0.45454545454545453
MIA,2017,2017_14_NE_MIA,61,235.25,1.8333333333333333,0.5833333333333334,116.5,0.75,235.25,1.8333333333333333,0.4166666666666667
MIA,2017,2017_15_MIA_BUF,62,235.07692307692307,1.7692307692307692,0.6923076923076923,109.46153846153847,0.7692307692307693,235.07692307692307,1.7692307692307692,0.38461538461538464
MIA,2017,2017_16_MIA_KC,63,234.28571428571428,1.7142857142857142,0.6428571428571429,109.92857142857143,0.8571428571428571,234.28571428571428,1.7142857142857142,0.35714285714285715
MIA,2017,2017_17_BUF_MIA,64,238.93333333333334,1.6666666666666667,0.6,109.46666666666667,0.8666666666666667,238.93333333333334,1.6666666666666667,0.3333333333333333
MIA,2018,2018_01_TEN_MIA,65,,,,,,,,
MIA,2018,2018_02_MIA_NYJ,66,220.0,0.0,3.0,116.0,1.0,220.0,0.0,0.0
MIA,2018,2018_03_OAK_MIA,67,277.0,0.5,2.5,79.0,0.5,277.0,0.5,0.5
MIA,2018,2018_04_MIA_NE,68,299.6666666666667,0.6666666666666666,2.3333333333333335,89.0,0.6666666666666666,299.6666666666667,0.6666666666666666,0.3333333333333333
MIA,2018,2018_05_MIA_CIN,69,293.25,1.25,2.25,110.5,1.0,293.25,1.25,0.25
MIA,2018,2018_06_CHI_MIA,70,284.2,1.2,2.0,109.0,0.8,284.2,1.2,0.2
MIA,2018,2018_07_DET_MIA,71,289.5,1.5,1.8333333333333333,118.16666666666667,0.8333333333333334,289.5,1.5,0.5
MIA,2018,2018_08_MIA_HOU,72,279.14285714285717,1.5714285714285714,1.5714285714285714,136.71428571428572,0.8571428571428571,279.14285714285717,1.5714285714285714,0.42857142857142855
MIA,2018,2018_09_NYJ_MIA,73,274.125,2.0,1.375,143.125,0.875,274.125,2.0,0.375
MIA,2018,2018_10_MIA_GB,74,269.1111111111111,1.7777777777777777,1.6666666666666667,136.11111111111111,0.7777777777777778,269.1111111111111,1.7777777777777777,0.3333333333333333
MIA,2018,2018_12_MIA_IND,75,262.1,1.8,1.5,142.0,0.9,262.1,1.8,0.3
MIA,2018,2018_13_BUF_MIA,76,269.8181818181818,1.9090909090909092,1.5454545454545454,139.8181818181818,0.8181818181818182,269.8181818181818,1.9090909090909092,0.36363636363636365
MIA,2018,2018_14_NE_MIA,77,266.5833333333333,1.9166666666666667,1.5833333333333333,144.66666666666666,0.75,266.5833333333333,1.9166666666666667,0.3333333333333333
MIA,2018,2018_15_MIA_MIN,78,273.61538461538464,2.0,1.4615384615384615,139.46153846153845,0.7692307692307693,273.61538461538464,2.0,0.3076923076923077
MIA,2018,2018_16_JAX_MIA,79,269.42857142857144,2.0,1.4285714285714286,145.21428571428572,0.9285714285714286,269.42857142857144,2.0,0.2857142857142857
MIA,2018,2018_17_MIA_BUF,80,261.1333333333333,1.8666666666666667,1.3333333333333333,143.93333333333334,0.9333333333333333,261.1333333333333,1.8666666666666667,0.3333333333333333
MIA,2019,2019_01_BAL_MIA,81,,,,,,,,
MIA,2019,2019_02_NE_MIA,82,379.0,6.0,0.0,265.0,2.0,379.0,6.0,0.0
MIA,2019,2019_03_MIA_DAL,83,321.5,4.0,0.0,194.5,2.0,321.5,4.0,0.5
MIA,2019,2019_04_LAC_MIA,84,296.3333333333333,3.3333333333333335,0.3333333333333333,208.0,2.0,296.3333333333333,3.3333333333333335,0.3333333333333333
MIA,2019,2019_06_WAS_MIA,85,301.5,3.0,0.25,175.75,1.75,301.5,3.0,0.25
MIA,2019,2019_07_MIA_BUF,86,274.4,2.8,0.2,169.6,1.4,274.4,2.8,0.2
MIA,2019,2019_08_MIA_PIT,87,262.3333333333333,2.6666666666666665,0.16666666666666666,160.83333333333334,1.1666666666666667,262.3333333333333,2.6666666666666665,0.16666666666666666
MIA,2019,2019_09_NYJ_MIA,88,260.7142857142857,2.5714285714285716,0.2857142857142857,160.42857142857142,1.1428571428571428,260.7142857142857,2.5714285714285716,0.14285714285714285
MIA,2019,2019_10_MIA_IND,89,260.625,2.375,0.375,150.75,1.0,260.625,2.375,0.125
MIA,2019,2019_11_BUF_MIA,90,254.33333333333334,2.2222222222222223,0.6666666666666666,146.11111111111111,0.8888888888888888,254.33333333333334,2.2222222222222223,0.1111111111111111
MIA,2019,2019_12_MIA_CLE,91,254.5,2.3,0.6,148.3,0.9,254.5,2.3,0.1
MIA,2019,2019_13_PHI_MIA,92,261.09090909090907,2.3636363636363638,0.6363636363636364,148.1818181818182,1.0,261.09090909090907,2.3636363636363638,0.09090909090909091
MIA,2019,2019_14_MIA_NYJ,93,265.1666666666667,2.4166666666666665,0.6666666666666666,143.5,0.9166666666666666,265.1666666666667,2.4166666666666665,0.08333333333333333
MIA,2019,2019_15_MIA_NYG,94,265.53846153846155,2.3846153846153846,0.6923076923076923,141.07692307692307,0.8461538461538461,265.53846153846155,2.3846153846153846,0.07692307692307693
MIA,2019,2019_16_CIN_MIA,95,266.85714285714283,2.357142857142857,0.8571428571428571,140.85714285714286,1.0,266.85714285714283,2.357142857142857,0.07142857142857142
MIA,2019,2019_17_MIA_NE,96,275.46666666666664,2.466666666666667,0.8,135.4,0.9333333333333333,275.46666666666664,2.466666666666667,0.13333333333333333
MIA,2020,2020_01_MIA_NE,97,,,,,,,,
MIA,2020,2020_02_BUF_MIA,98,155.0,0.0,0.0,217.0,3.0,155.0,0.0,0.0
MIA,2020,2020_03_MIA_JAX,99,285.0,2.0,0.0,164.5,1.5,285.0,2.0,0.5
MIA,2020,2020_04_SEA_MIA,100,281.6666666666667,1.3333333333333333,0.3333333333333333,133.66666666666666,1.6666666666666667,281.6666666666667,1.3333333333333333,0.6666666666666666
MIA,2020,2020_05_MIA_SF,101,301.25,1.5,0.5,124.75,1.75,301.25,1.5,0.5
MIA,2020,2020_06_NYJ_MIA,102,275.2,1.4,0.8,126.0,1.6,275.2,1.4,0.6
MIA,2020,2020_08_LA_MIA,103,260.3333333333333,1.1666666666666667,0.8333333333333334,124.16666666666667,1.3333333333333333,260.3333333333333,1.1666666666666667,0.5
MIA,2020,2020_09_MIA_ARI,104,273.85714285714283,1.1428571428571428,1.0,125.14285714285714,1.2857142857142858,273.85714285714283,1.1428571428571428,0.7142857142857143
MIA,2020,2020_10_LAC_MIA,105,275.0,1.375,0.875,131.75,1.25,275.0,1.375,0.75
MIA,2020,2020_11_MIA_DEN,106,265.22222222222223,1.4444444444444444,0.8888888888888888,128.11111111111111,1.2222222222222223,265.22222222222223,1.4444444444444444,0.6666666666666666
MIA,2020,2020_12_MIA_NYJ,107,265.7,1.3,0.9,134.2,1.3,265.7,1.3,0.7
MIA,2020,2020_13_CIN_MIA,108,259.45454545454544,1.1818181818181819,1.0,129.9090909090909,1.1818181818181819,259.45454545454544,1.1818181818181819,0.6363636363636364
MIA,2020,2020_14_KC_MIA,109,253.91666666666666,1.1666666666666667,1.0833333333333333,122.41666666666667,1.0833333333333333,253.91666666666666,1.1666666666666667,0.5833333333333334
MIA,2020,2020_15_NE_MIA,110,264.61538461538464,1.2307692307692308,1.2307692307692308,120.23076923076923,1.0769230769230769,264.61538461538464,1.2307692307692308,0.6153846153846154
MIA,2020,2020_16_MIA_LV,111,260.64285714285717,1.1428571428571428,1.1428571428571428,120.0,1.0,260.64285714285717,1.1428571428571428,0.6428571428571429
MIA,2020,2020_17_MIA_BUF,112,265.6666666666667,1.1333333333333333,1.0666666666666667,118.93333333333334,1.0,265.6666666666667,1.1333333333333333,0.6
MIA,2021,2021_01_MIA_NE,113,,,,,,,,
MIA,2021,2021_02_BUF_MIA,114,281.0,1.0,0.0,125.0,0.0,281.0,1.0,2.0
MIA,2021,2021_03_MIA_LV,115,230.0,1.5,0.5,134.0,1.5,230.0,1.5,1.5
MIA,2021,2021_04_IND_MIA,116,282.0,1.6666666666666667,0.6666666666666666,136.0,1.3333333333333333,282.0,1.6666666666666667,1.0
MIA,2021,2021_05_MIA_TB,117,268.5,1.75,0.5,136.75,1.25,268.5,1.75,0.75
MIA,2021,2021_06_MIA_JAX,118,305.2,2.4,0.4,133.6,1.2,305.2,2.4,0.6
MIA,2021,2021_07_ATL_MIA,119,307.5,2.1666666666666665,0.3333333333333333,125.33333333333333,1.1666666666666667,307.5,2.1666666666666665,0.6666666666666666
MIA,2021,2021_08_MIA_BUF,120,311.57142857142856,2.142857142857143,0.42857142857142855,117.71428571428571,1.1428571428571428,311.57142857142856,2.142857142857143,0.7142857142857143
MIA,2021,2021_09_HOU_MIA,121,303.75,2.125,0.375,115.75,1.125,303.75,2.125,0.625
MIA,2021,2021_10_BAL_MIA,122,296.6666666666667,1.8888888888888888,0.6666666666666666,111.0,1.0,296.6666666666667,1.8888888888888888,0.6666666666666666
MIA,2021,2021_11_MIA_NYJ,123,290.8,1.8,0.7,109.3,0.9,290.8,1.8,0.7
MIA,2021,2021_12_CAR_MIA,124,290.8181818181818,1.8181818181818181,0.6363636363636364,108.63636363636364,0.8181818181818182,290.8181818181818,1.8181818181818181,0.7272727272727273
MIA,2021,2021_13_NYG_MIA,125,281.5,1.6666666666666667,0.8333333333333334,104.91666666666667,0.8333333333333334,281.5,1.6666666666666667,0.6666666666666666
MIA,2021,2021_15_NYJ_MIA,126,274.2307692307692,1.5384615384615385,0.8461538461538461,103.84615384615384,0.7692307692307693,274.2307692307692,1.5384615384615385,0.6153846153846154
MIA,2021,2021_16_MIA_NO,127,266.7857142857143,1.4285714285714286,0.7857142857142857,103.71428571428571,0.8571428571428571,266.7857142857143,1.4285714285714286,0.6428571428571429
MIA,2021,2021_17_MIA_TEN,128,258.0,1.3333333333333333,0.8666666666666667,102.33333333333333,0.8,258.0,1.3333333333333333,0.6
MIA,2021,2021_18_NE_MIA,129,249.375,1.375,0.8125,108.3125,0.875,249.375,1.375,0.5625
MIA,2022,2022_01_NE_MIA,130,,,,,,,,
MIA,2022,2022_02_MIA_BAL,131,213.0,1.0,1.0,78.0,0.0,213.0,1.0,2.0
MIA,2022,2022_03_BUF_MIA,132,265.5,2.0,0.5,116.5,0.5,265.5,2.0,1.0
MIA,2022,2022_04_MIA_CIN,133,310.3333333333333,2.0,0.3333333333333333,116.0,0.3333333333333333,310.3333333333333,2.0,1.0
MIA,2022,2022_05_MIA_NYJ,134,310.25,2.0,0.25,103.75,0.5,310.25,2.0,0.75
MIA,2022,2022_06_MIN_MIA,135,290.2,1.6,0.2,110.0,1.4,290.2,1.6,0.6
MIA,2022,2022_07_PIT_MIA,136,271.0,1.6666666666666667,0.16666666666666666,104.66666666666667,1.3333333333333333,271.0,1.6666666666666667,0.5
MIA,2022,2022_08_MIA_DET,137,269.0,1.5714285714285714,0.5714285714285714,103.28571428571429,1.1428571428571428,269.0,1.5714285714285714,0.42857142857142855
MIA,2022,2022_09_MIA_CHI,138,275.5,1.5,0.5,100.625,1.25,275.5,1.5,0.375
MIA,2022,2022_10_CLE_MIA,139,258.55555555555554,1.6666666666666667,0.4444444444444444,117.44444444444444,1.2222222222222223,258.55555555555554,1.6666666666666667,0.3333333333333333
MIA,2022,2022_12_HOU_MIA,140,253.9,1.6,0.4,116.9,1.2,253.9,1.6,0.4
MIA,2022,2022_13_MIA_SF,141,250.36363636363637,1.5454545454545454,0.5454545454545454,109.54545454545455,1.1818181818181819,250.36363636363637,1.5454545454545454,0.45454545454545453
MIA,2022,2022_14_MIA_LAC,142,251.66666666666666,1.5833333333333333,0.5833333333333334,110.5,1.0833333333333333,251.66666666666666,1.5833333333333333,0.4166666666666667
MIA,2022,2022_15_MIA_BUF,143,260.53846153846155,1.5384615384615385,0.5384615384615384,108.3076923076923,1.0769230769230769,260.53846153846155,1.5384615384615385,0.38461538461538464
MIA,2022,2022_16_GB_MIA,144,263.64285714285717,1.7142857142857142,0.5,111.28571428571429,1.0,263.64285714285717,1.7142857142857142,0.42857142857142855
MIA,2022,2022_17_MIA_NE,145,261.93333333333334,1.6666666666666667,0.5333333333333333,109.13333333333334,1.0,261.93333333333334,1.6666666666666667,0.4
MIA,2022,2022_18_NYJ_MIA,146,258.3125,1.6875,0.5,107.0625,0.9375,258.3125,1.6875,0.375
MIA,2023,2023_01_MIA_LAC,147,,,,,,,,
MIA,2023,2023_02_MIA_NE,148,229.0,1.0,0.0,233.0,3.0,229.0,1.0,0.0
MIA,2023,2023_03_DEN_MIA,149,230.0,1.0,0.5,160.5,2.0,228.5,1.0,0.5
MIA,2023,2023_04_MIA_BUF,150,255.33333333333334,1.0,0.6666666666666666,130.0,1.3333333333333333,254.33333333333334,1.0,1.0
MIA,2023,2023_05_NYG_MIA,151,271.5,1.75,0.5,123.5,1.5,270.75,1.75,0.75
MIA,2023,2023_06_CAR_MIA,152,258.2,1.4,0.4,115.8,1.2,257.6,1.4,0.6
MIA,2023,2023_07_MIA_PHI,153,252.5,1.3333333333333333,0.3333333333333333,114.5,1.1666666666666667,252.0,1.3333333333333333,0.5
MIA,2023,2023_08_NE_MIA,154,256.2857142857143,1.4285714285714286,0.42857142857142855,112.28571428571429,1.2857142857142858,255.85714285714286,1.4285714285714286,0.5714285714285714
MIA,2023,2023_09_MIA_KC,155,244.375,1.5,0.5,107.875,1.125,244.0,1.5,0.5
MIA,2023,2023_11_LV_MIA,156,237.77777777777777,1.5555555555555556,0.4444444444444444,106.22222222222223,1.0,237.44444444444446,1.5555555555555556,0.5555555555555556
MIA,2023,2023_12_MIA_NYJ,157,241.1,1.5,0.7,99.2,0.9,240.8,1.5,0.5
MIA,2023,2023_13_MIA_WAS,158,235.45454545454547,1.4545454545454546,0.8181818181818182,92.81818181818181,0.8181818181818182,235.1818181818182,1.4545454545454546,0.45454545454545453
MIA,2023,2023_14_TEN_MIA,159,226.41666666666666,1.3333333333333333,0.8333333333333334,96.58333333333333,0.9166666666666666,226.16666666666666,1.3333333333333333,0.4166666666666667
MIA,2023,2023_15_NYJ_MIA,160,234.15384615384616,1.3076923076923077,0.8461538461538461,95.53846153846153,1.0,233.92307692307693,1.3076923076923077,0.46153846153846156
MIA,2023,2023_16_DAL_MIA,161,227.14285714285714,1.2142857142857142,0.9285714285714286,90.35714285714286,0.9285714285714286,226.92857142857142,1.2142857142857142,0.5714285714285714
MIA,2023,2023_17_MIA_BAL,162,228.86666666666667,1.2666666666666666,0.8666666666666667,90.8,0.8666666666666667,228.66666666666666,1.2666666666666666,0.6
MIA,2023,2023_18_BUF_MIA,163,235.8125,1.5625,0.8125,95.125,0.9375,235.625,1.5625,0.625
MIA,2024,2024_01_JAX_MIA,164,,,,,,,,
MIA,2024,2024_02_BUF_MIA,165,162.0,1.0,0.0,128.0,1.0,162.0,1.0,1.0
MIA,2024,2024_03_MIA_SEA,166,150.5,1.0,0.0,118.0,1.5,150.5,1.0,0.5
MIA,2024,2024_04_TEN_MIA,167,196.66666666666666,1.0,0.6666666666666666,112.0,1.6666666666666667,196.66666666666666,1.0,0.3333333333333333
MIA,2024,2024_05_MIA_NE,168,175.0,0.75,0.75,119.5,1.75,175.0,0.75,0.25
MIA,2024,2024_07_MIA_IND,169,172.0,0.6,0.6,125.8,1.6,172.0,0.6,0.2
MIA,2024,2024_08_ARI_MIA,170,164.83333333333334,0.5,0.5,130.66666666666666,1.5,164.83333333333334,0.5,0.3333333333333333
MIA,2024,2024_09_MIA_BUF,171,185.14285714285714,0.7142857142857143,0.42857142857142855,123.71428571428571,1.4285714285714286,185.14285714285714,0.7142857142857143,0.2857142857142857
MIA,2024,2024_10_MIA_LA,172,191.375,1.0,0.5,120.0,1.25,191.375,1.0,0.25
MIA,2024,2024_11_LV_MIA,173,202.66666666666666,0.8888888888888888,0.5555555555555556,114.44444444444444,1.1111111111111112,202.66666666666666,0.8888888888888888,0.3333333333333333
MIA,2024,2024_12_NE_MIA,174,210.6,1.0,0.6,109.0,1.0,210.6,1.0,0.3
MIA,2024,2024_13_MIA_GB,175,211.63636363636363,1.0,0.6363636363636364,106.9090909090909,0.9090909090909091,211.63636363636363,1.0,0.36363636363636365
MIA,2024,2024_14_NYJ_MIA,176,216.83333333333334,1.0833333333333333,0.5833333333333334,107.5,0.9166666666666666,216.83333333333334,1.0833333333333333,0.3333333333333333
MIA,2024,2024_15_MIA_HOU,177,226.23076923076923,1.0769230769230769,0.5384615384615384,105.61538461538461,0.9230769230769231,226.23076923076923,1.0769230769230769,0.3076923076923077
MIA,2024,2024_16_SF_MIA,178,219.42857142857142,1.1428571428571428,0.5,103.57142857142857,0.8571428571428571,219.42857142857142,1.1428571428571428,0.35714285714285715
MIA,2024,2024_17_MIA_CLE,179,225.66666666666666,1.2,0.5333333333333333,102.06666666666666,0.8,225.66666666666666,1.2,0.3333333333333333
MIA,2024,2024_18_MIA_NYJ,180,222.1875,1.125,0.5625,102.8125,0.75,222.1875,1.125,0.375
MIN,2014,2014_01_MIN_STL,1,,,,,,,,
MIN,2014,2014_02_NE_MIN,2,273.0,0.0,2.0,72.0,0.0,273.0,0.0,0.0
MIN,2014,2014_03_MIN_NO,3,211.0,0.5,1.0,111.0,0.5,211.0,0.5,0.0
MIN,2014,2014_04_ATL_MIN,4,238.33333333333334,1.0,0.6666666666666666,110.0,0.6666666666666666,238.33333333333334,1.0,0.0
MIN,2014,2014_05_MIN_GB,5,253.25,1.5,1.0,113.25,0.75,253.25,1.5,0.0
MIN,2014,2014_06_DET_MIN,6,238.2,1.8,1.0,121.8,1.0,238.2,1.8,0.0
MIN,2014,2014_07_MIN_BUF,7,229.33333333333334,1.6666666666666667,0.8333333333333334,118.16666666666667,1.0,229.33333333333334,1.6666666666666667,0.0
MIN,2014,2014_08_MIN_TB,8,237.0,1.7142857142857142,0.8571428571428571,118.14285714285714,0.8571428571428571,237.0,1.7142857142857142,0.42857142857142855
MIN,2014,2014_09_WAS_MIN,9,228.75,1.625,0.875,111.625,0.75,228.75,1.625,0.5
MIN,2014,2014_11_MIN_CHI,10,231.22222222222223,1.5555555555555556,0.8888888888888888,112.77777777777777,0.8888888888888888,231.22222222222223,1.5555555555555556,0.4444444444444444
MIN,2014,2014_12_GB_MIN,11,241.1,1.7,1.0,115.3,0.8,241.1,1.7,0.4
MIN,2014,2014_13_CAR_MIN,12,238.1818181818182,1.7272727272727273,0.9090909090909091,118.9090909090909,0.8181818181818182,238.1818181818182,1.7272727272727273,0.36363636363636365
MIN,2014,2014_14_NYJ_MIN,13,234.5,1.6666666666666667,0.9166666666666666,123.83333333333333,0.75,234.5,1.6666666666666667,0.3333333333333333
MIN,2014,2014_15_MIN_DET,14,236.0,1.6153846153846154,0.9230769230769231,127.23076923076923,0.6923076923076923,236.0,1.6153846153846154,0.38461538461538464
MIN,2014,2014_16_MIN_MIA,15,230.07142857142858,1.5714285714285714,0.8571428571428571,123.85714285714286,0.6428571428571429,230.07142857142858,1.5714285714285714,0.35714285714285715
MIN,2014,2014_17_CHI_MIN,16,241.13333333333333,1.7333333333333334,0.8666666666666667,122.93333333333334,0.6666666666666666,241.13333333333333,1.7333333333333334,0.3333333333333333
MIN,2015,2015_01_MIN_SF,17,,,,,,,,
MIN,2015,2015_02_DET_MIN,18,165.0,0.0,0.0,230.0,2.0,165.0,0.0,0.0
MIN,2015,2015_03_SD_MIN,19,225.5,1.0,0.5,134.0,1.0,225.5,1.0,1.0
MIN,2015,2015_04_MIN_DEN,20,253.33333333333334,1.3333333333333333,0.6666666666666666,119.33333333333333,0.6666666666666666,253.33333333333334,1.3333333333333333,1.0
MIN,2015,2015_06_KC_MIN,21,243.25,1.25,1.0,125.5,0.75,243.25,1.25,0.75
MIN,2015,2015_07_MIN_DET,22,251.0,1.2,0.8,111.8,0.6,251.0,1.2,0.8
MIN,2015,2015_08_MIN_CHI,23,251.83333333333334,1.3333333333333333,0.6666666666666666,106.0,0.5,251.83333333333334,1.3333333333333333,0.6666666666666666
MIN,2015,2015_09_STL_MIN,24,246.0,1.2857142857142858,0.5714285714285714,104.71428571428571,0.5714285714285714,246.0,1.2857142857142858,0.5714285714285714
MIN,2015,2015_10_MIN_OAK,25,236.25,1.125,0.5,111.625,0.625,236.25,1.125,0.5
MIN,2015,2015_11_GB_MIN,26,243.55555555555554,1.2222222222222223,0.6666666666666666,108.55555555555556,0.5555555555555556,243.55555555555554,1.2222222222222223,0.4444444444444444
MIN,2015,2015_12_MIN_ATL,27,240.4,1.3,0.6,110.1,0.5,240.4,1.3,0.4
MIN,2015,2015_13_SEA_MIN,28,239.45454545454547,1.2727272727272727,0.7272727272727273,110.63636363636364,0.45454545454545453,239.45454545454547,1.2727272727272727,0.45454545454545453
MIN,2015,2015_14_MIN_ARI,29,242.33333333333334,1.4166666666666667,0.6666666666666666,115.83333333333333,0.5833333333333334,242.33333333333334,1.4166666666666667,0.5
MIN,2015,2015_15_CHI_MIN,30,247.53846153846155,1.4615384615384615,0.6153846153846154,114.38461538461539,0.5384615384615384,247.53846153846155,1.4615384615384615,0.46153846153846156
MIN,2015,2015_16_NYG_MIN,31,246.35714285714286,1.5,0.6428571428571429,112.92857142857143,0.5,246.35714285714286,1.5,0.5
MIN,2015,2015_17_MIN_GB,32,250.06666666666666,1.5333333333333334,0.8,111.46666666666667,0.4666666666666667,250.06666666666666,1.5333333333333334,0.4666666666666667
MIN,2016,2016_01_MIN_TEN,33,,,,,,,,
MIN,2016,2016_02_GB_MIN,34,271.0,2.0,1.0,64.0,0.0,271.0,2.0,2.0
MIN,2016,2016_03_MIN_CAR,35,242.0,1.5,1.0,73.5,0.5,242.0,1.5,2.0
MIN,2016,2016_04_NYG_MIN,36,249.66666666666666,1.0,1.6666666666666667,84.0,0.6666666666666666,249.66666666666666,1.0,1.3333333333333333
MIN,2016,2016_05_HOU_MIN,37,252.5,0.75,1.5,82.5,0.75,252.5,0.75,1.0
MIN,2016,2016_07_MIN_PHI,38,238.8,0.8,1.4,77.8,0.6,238.8,0.8,0.8
MIN,2016,2016_08_MIN_CHI,39,222.0,0.8333333333333334,1.5,81.66666666666667,0.5,222.0,0.8333333333333334,1.0
MIN,2016,2016_09_DET_MIN,40,226.28571428571428,0.8571428571428571,1.2857142857142858,92.57142857142857,0.5714285714285714,226.28571428571428,0.8571428571428571,0.8571428571428571
MIN,2016,2016_10_MIN_WAS,41,225.375,1.0,1.25,93.125,0.5,225.375,1.0,0.75
MIN,2016,2016_11_ARI_MIN,42,229.44444444444446,1.1111111111111112,1.1111111111111112,97.0,0.4444444444444444,229.44444444444446,1.1111111111111112,0.7777777777777778
MIN,2016,2016_12_MIN_DET,43,226.3,1.2,1.2,100.8,0.5,226.3,1.2,0.7
MIN,2016,2016_13_DAL_MIN,44,226.8181818181818,1.1818181818181819,1.0909090909090908,100.18181818181819,0.45454545454545453,226.8181818181818,1.1818181818181819,0.6363636363636364
MIN,2016,2016_14_MIN_JAX,45,219.5,1.1666666666666667,1.0,103.5,0.5,219.5,1.1666666666666667,0.75
MIN,2016,2016_15_IND_MIN,46,222.3846153846154,1.1538461538461537,0.9230769230769231,102.07692307692308,0.46153846153846156,222.3846153846154,1.1538461538461537,0.6923076923076923
MIN,2016,2016_16_MIN_GB,47,224.35714285714286,1.2142857142857142,0.8571428571428571,106.28571428571429,0.5714285714285714,224.35714285714286,1.2142857142857142,0.6428571428571429
MIN,2016,2016_17_CHI_MIN,48,232.53333333333333,1.4,0.8,101.86666666666666,0.6,232.53333333333333,1.4,0.6
MIN,2017,2017_01_NO_MIN,49,,,,,,,,
MIN,2017,2017_02_MIN_PIT,50,291.0,1.0,0.0,60.0,0.0,291.0,1.0,0.0
MIN,2017,2017_03_TB_MIN,51,267.0,1.5,0.0,81.0,0.0,267.0,1.5,0.0
MIN,2017,2017_04_DET_MIN,52,287.3333333333333,1.6666666666666667,1.0,62.666666666666664,0.0,287.3333333333333,1.6666666666666667,0.0
MIN,2017,2017_05_MIN_CHI,53,267.75,1.25,0.75,71.25,0.25,267.75,1.25,0.0
MIN,2017,2017_06_GB_MIN,54,247.4,1.4,0.8,80.0,0.2,247.4,1.4,0.2
MIN,2017,2017_07_BAL_MIN,55,235.33333333333334,1.3333333333333333,1.1666666666666667,78.66666666666667,0.16666666666666666,235.33333333333334,1.3333333333333333,0.16666666666666666
MIN,2017,2017_08_MIN_CLE,56,228.28571428571428,1.2857142857142858,1.0,76.57142857142857,0.14285714285714285,228.28571428571428,1.2857142857142858,0.14285714285714285
MIN,2017,2017_10_MIN_WAS,57,222.125,1.125,0.875,81.375,0.375,222.125,1.125,0.25
MIN,2017,2017_11_LA_MIN,58,233.77777777777777,1.1111111111111112,0.8888888888888888,81.33333333333333,0.5555555555555556,233.77777777777777,1.1111111111111112,0.2222222222222222
MIN,2017,2017_12_MIN_DET,59,232.9,1.0,0.8,77.7,0.6,232.9,1.0,0.3
MIN,2017,2017_13_MIN_ATL,60,234.45454545454547,1.0909090909090908,0.8181818181818182,75.45454545454545,0.5454545454545454,234.45454545454547,1.0909090909090908,0.36363636363636365
MIN,2017,2017_14_MIN_CAR,61,229.33333333333334,1.0,0.75,77.66666666666667,0.5,229.33333333333334,1.0,0.3333333333333333
MIN,2017,2017_15_CIN_MIN,62,222.23076923076923,1.0,0.7692307692307693,88.3076923076923,0.6923076923076923,222.23076923076923,1.0,0.3076923076923077
MIN,2017,2017_16_MIN_GB,63,215.78571428571428,0.9285714285714286,0.8571428571428571,85.28571428571429,0.7142857142857143,215.78571428571428,0.9285714285714286,0.2857142857142857
MIN,2017,2017_17_CHI_MIN,64,210.06666666666666,0.8666666666666667,0.9333333333333333,87.13333333333334,0.6666666666666666,210.06666666666666,0.8666666666666667,0.26666666666666666
MIN,2018,2018_01_SF_MIN,65,,,,,,,,
MIN,2018,2018_02_MIN_GB,66,261.0,1.0,3.0,90.0,0.0,261.0,1.0,1.0
MIN,2018,2018_03_BUF_MIN,67,271.0,1.0,1.5,94.0,0.0,271.0,1.0,0.5
MIN,2018,2018_04_MIN_LA,68,246.0,1.0,1.0,105.33333333333333,0.6666666666666666,246.0,1.0,0.3333333333333333
MIN,2018,2018_05_MIN_PHI,69,300.75,2.0,0.75,104.0,0.5,300.75,2.0,0.25
MIN,2018,2018_06_ARI_MIN,70,302.8,2.0,0.6,99.4,0.4,302.8,2.0,0.6
MIN,2018,2018_07_MIN_NYJ,71,292.3333333333333,1.6666666666666667,0.6666666666666666,92.83333333333333,0.5,292.3333333333333,1.6666666666666667,0.6666666666666666
MIN,2018,2018_08_NO_MIN,72,280.0,1.5714285714285714,1.0,89.71428571428571,0.5714285714285714,280.0,1.5714285714285714,0.7142857142857143
MIN,2018,2018_09_DET_MIN,73,265.5,1.5,1.0,91.75,0.625,265.5,1.5,0.625
MIN,2018,2018_11_MIN_CHI,74,258.1111111111111,1.3333333333333333,0.8888888888888888,88.88888888888889,0.5555555555555556,258.1111111111111,1.3333333333333333,0.6666666666666666
MIN,2018,2018_12_GB_MIN,75,248.8,1.3,1.0,94.8,0.5,248.8,1.3,0.7
MIN,2018,2018_13_MIN_NE,76,244.1818181818182,1.2727272727272727,0.9090909090909091,93.63636363636364,0.5454545454545454,244.1818181818182,1.2727272727272727,0.6363636363636364
MIN,2018,2018_14_MIN_SEA,77,249.75,1.25,0.9166666666666666,99.16666666666667,0.6666666666666666,249.75,1.25,0.5833333333333334
MIN,2018,2018_15_MIA_MIN,78,236.07692307692307,1.1538461538461537,0.9230769230769231,108.0,0.6923076923076923,236.07692307692307,1.1538461538461537,0.5384615384615384
MIN,2018,2018_16_MIN_DET,79,226.92857142857142,1.0714285714285714,0.8571428571428571,111.42857142857143,0.7142857142857143,226.92857142857142,1.0714285714285714,0.5
MIN,2018,2018_17_CHI_MIN,80,222.53333333333333,1.0,0.8,109.73333333333333,0.6666666666666666,222.53333333333333,1.0,0.4666666666666667
MIN,2019,2019_01_ATL_MIN,81,,,,,,,,
MIN,2019,2019_02_MIN_GB,82,304.0,2.0,2.0,73.0,0.0,304.0,2.0,1.0
MIN,2019,2019_03_OAK_MIN,83,256.5,2.0,1.0,108.5,0.5,256.5,2.0,1.5
MIN,2019,2019_04_MIN_CHI,84,251.66666666666666,2.0,1.0,101.66666666666667,0.3333333333333333,251.66666666666666,2.0,1.0
MIN,2019,2019_05_MIN_NYG,85,239.75,1.75,0.75,94.25,0.25,239.75,1.75,0.75
MIN,2019,2019_06_PHI_MIN,86,228.2,1.6,0.8,88.2,0.2,228.2,1.6,0.6
MIN,2019,2019_07_MIN_DET,87,241.16666666666666,1.6666666666666667,1.0,91.5,0.16666666666666666,241.16666666666666,1.6666666666666667,0.6666666666666666
MIN,2019,2019_08_WAS_MIN,88,258.7142857142857,2.0,1.0,90.0,0.14285714285714285,258.7142857142857,2.0,0.5714285714285714
MIN,2019,2019_09_MIN_KC,89,246.75,1.75,1.0,89.375,0.125,246.75,1.75,0.625
MIN,2019,2019_10_MIN_DAL,90,249.88888888888889,1.6666666666666667,0.8888888888888888,95.77777777777777,0.2222222222222222,249.88888888888889,1.6666666666666667,0.5555555555555556
MIN,2019,2019_11_DEN_MIN,91,264.6,1.8,0.9,91.2,0.2,264.6,1.8,0.5
MIN,2019,2019_13_MIN_SEA,92,265.8181818181818,1.7272727272727273,0.9090909090909091,94.18181818181819,0.2727272727272727,265.8181818181818,1.7272727272727273,0.45454545454545453
MIN,2019,2019_14_DET_MIN,93,263.6666666666667,1.75,0.9166666666666666,104.5,0.4166666666666667,263.6666666666667,1.75,0.5
MIN,2019,2019_15_MIN_LAC,94,259.15384615384613,1.6923076923076923,1.0,101.84615384615384,0.38461538461538464,259.15384615384613,1.6923076923076923,0.46153846153846156
MIN,2019,2019_16_GB_MIN,95,262.57142857142856,1.6428571428571428,1.1428571428571428,99.0,0.35714285714285715,262.57142857142856,1.6428571428571428,0.7142857142857143
MIN,2019,2019_17_CHI_MIN,96,259.46666666666664,1.5333333333333334,1.1333333333333333,104.66666666666667,0.4666666666666667,259.46666666666664,1.5333333333333334,0.8
MIN,2020,2020_01_GB_MIN,97,,,,,,,,
MIN,2020,2020_02_MIN_IND,98,364.0,4.0,0.0,158.0,1.0,364.0,4.0,0.0
MIN,2020,2020_03_TEN_MIN,99,289.0,2.5,0.5,154.5,1.0,289.0,2.5,0.0
MIN,2020,2020_04_MIN_HOU,100,299.6666666666667,1.6666666666666667,0.6666666666666666,147.66666666666666,1.3333333333333333,299.6666666666667,1.6666666666666667,0.0
MIN,2020,2020_05_MIN_SEA,101,299.75,1.75,0.5,134.75,1.0,299.75,1.75,0.0
MIN,2020,2020_06_ATL_MIN,102,283.2,2.0,0.6,132.6,1.0,283.2,2.0,0.0
MIN,2020,2020_08_MIN_GB,103,297.8333333333333,2.3333333333333335,0.5,127.0,0.8333333333333334,297.8333333333333,2.3333333333333335,0.16666666666666666
MIN,2020,2020_09_DET_MIN,104,296.85714285714283,2.4285714285714284,0.42857142857142855,124.42857142857143,0.7142857142857143,296.85714285714283,2.4285714285714284,0.2857142857142857
MIN,2020,2020_10_MIN_CHI,105,297.875,2.375,0.75,125.0,0.625,297.875,2.375,0.25
MIN,2020,2020_11_DAL_MIN,106,278.55555555555554,2.111111111111111,0.7777777777777778,115.66666666666667,0.5555555555555556,278.55555555555554,2.111111111111111,0.2222222222222222
MIN,2020,2020_12_CAR_MIN,107,271.0,2.2,0.8,122.1,0.6,271.0,2.2,0.2
MIN,2020,2020_13_JAX_MIN,108,270.6363636363636,2.090909090909091,0.8181818181818182,120.72727272727273,0.5454545454545454,270.6363636363636,2.090909090909091,0.18181818181818182
MIN,2020,2020_14_MIN_TB,109,271.4166666666667,2.0,0.9166666666666666,121.0,0.5833333333333334,271.4166666666667,2.0,0.3333333333333333
MIN,2020,2020_15_CHI_MIN,110,265.61538461538464,2.0,0.8461538461538461,119.92307692307692,0.6153846153846154,265.61538461538464,2.0,0.3076923076923077
MIN,2020,2020_16_MIN_NO,111,261.07142857142856,1.9285714285714286,0.8571428571428571,125.57142857142857,0.7142857142857143,261.07142857142856,1.9285714285714286,0.2857142857142857
MIN,2020,2020_17_MIN_DET,112,264.93333333333334,1.8,0.9333333333333333,134.8,1.1333333333333333,264.93333333333334,1.8,0.26666666666666666
MIN,2021,2021_01_MIN_CIN,113,,,,,,,,
MIN,2021,2021_02_MIN_ARI,114,261.0,2.0,0.0,149.0,1.0,261.0,2.0,0.0
MIN,2021,2021_03_SEA_MIN,115,330.5,2.5,1.0,126.0,1.0,330.5,2.5,0.0
MIN,2021,2021_04_CLE_MIN,116,319.6666666666667,2.0,0.6666666666666666,119.33333333333333,1.0,319.6666666666667,2.0,0.0
MIN,2021,2021_05_DET_MIN,117,278.5,1.5,0.5,135.5,1.0,278.5,1.5,0.0
MIN,2021,2021_06_MIN_CAR,118,263.4,1.2,0.6,130.0,1.0,263.4,1.2,0.2
MIN,2021,2021_08_DAL_MIN,119,254.0,1.1666666666666667,0.6666666666666666,128.0,1.0,254.0,1.1666666666666667,0.5
MIN,2021,2021_09_MIN_BAL,120,269.14285714285717,1.2857142857142858,0.7142857142857143,120.85714285714286,0.8571428571428571,269.14285714285717,1.2857142857142858,0.5714285714285714
MIN,2021,2021_10_MIN_LAC,121,268.75,1.5,0.875,136.625,0.875,268.75,1.5,0.5
MIN,2021,2021_11_GB_MIN,122,260.55555555555554,1.4444444444444444,0.8888888888888888,130.55555555555554,0.8888888888888888,260.55555555555554,1.4444444444444444,0.4444444444444444
MIN,2021,2021_12_MIN_SF,123,273.0,1.7,0.8,127.0,0.8,273.0,1.7,0.4
MIN,2021,2021_13_MIN_DET,124,269.09090909090907,1.6363636363636365,0.8181818181818182,134.36363636363637,1.0,269.09090909090907,1.6363636363636365,0.36363636363636365
MIN,2021,2021_14_PIT_MIN,125,271.3333333333333,1.75,0.8333333333333334,131.5,0.9166666666666666,271.3333333333333,1.75,0.4166666666666667
MIN,2021,2021_15_MIN_CHI,126,274.15384615384613,1.8461538461538463,0.8461538461538461,129.53846153846155,0.9230769230769231,274.15384615384613,1.8461538461538463,0.38461538461538464
MIN,2021,2021_16_LA_MIN,127,274.92857142857144,1.7857142857142858,0.7857142857142857,128.5,0.8571428571428571,274.92857142857144,1.7857142857142858,0.5
MIN,2021,2021_17_MIN_GB,128,269.73333333333335,1.7333333333333334,0.9333333333333333,130.53333333333333,0.8666666666666667,269.73333333333335,1.7333333333333334,0.4666666666666667
MIN,2021,2021_18_CHI_MIN,129,272.0625,1.75,0.875,133.25,0.9375,272.0625,1.75,0.4375
MIN,2022,2022_01_GB_MIN,130,,,,,,,,
MIN,2022,2022_02_MIN_PHI,131,260.0,0.0,1.0,111.0,1.0,260.0,0.0,1.0
MIN,2022,2022_03_DET_MIN,132,296.5,0.5,1.0,137.0,1.5,296.5,0.5,0.5
MIN,2022,2022_04_MIN_NO,133,290.0,0.6666666666666666,1.0,137.66666666666666,1.6666666666666667,290.0,0.6666666666666666,0.3333333333333333
MIN,2022,2022_05_CHI_MIN,134,276.5,0.75,0.75,131.0,1.75,276.5,0.75,0.5
MIN,2022,2022_06_MIN_MIA,135,262.8,0.8,0.6,120.4,1.6,262.8,0.8,0.6
MIN,2022,2022_08_ARI_MIN,136,288.6666666666667,1.0,0.8333333333333334,112.5,1.3333333333333333,288.6666666666667,1.0,0.6666666666666666
MIN,2022,2022_09_MIN_WAS,137,294.0,1.2857142857142858,1.0,107.57142857142857,1.1428571428571428,294.0,1.2857142857142858,0.5714285714285714
MIN,2022,2022_10_MIN_BUF,138,275.875,1.375,1.0,111.25,1.0,275.875,1.375,0.5
MIN,2022,2022_11_DAL_MIN,139,281.8888888888889,1.3333333333333333,1.1111111111111112,118.33333333333333,1.1111111111111112,281.8888888888889,1.3333333333333333,0.6666666666666666
MIN,2022,2022_12_NE_MIN,140,284.4,1.4,1.0,121.6,1.2,284.4,1.4,0.6
MIN,2022,2022_13_NYJ_MIN,141,293.27272727272725,1.4545454545454546,0.9090909090909091,114.63636363636364,1.0909090909090908,293.27272727272725,1.4545454545454546,0.5454545454545454
MIN,2022,2022_14_MIN_DET,142,299.5833333333333,1.3333333333333333,1.0,115.08333333333333,1.0833333333333333,299.5833333333333,1.3333333333333333,0.5
MIN,2022,2022_15_IND_MIN,143,301.9230769230769,1.4615384615384615,0.9230769230769231,116.53846153846153,1.0769230769230769,301.9230769230769,1.4615384615384615,0.46153846153846156
MIN,2022,2022_16_NYG_MIN,144,293.35714285714283,1.4285714285714286,0.8571428571428571,120.42857142857143,1.0,293.35714285714283,1.4285714285714286,0.5
MIN,2022,2022_17_MIN_GB,145,296.06666666666666,1.4,0.8666666666666667,120.8,1.0,296.06666666666666,1.4,0.5333333333333333
MIN,2022,2022_18_MIN_CHI,146,288.0625,1.375,0.8125,123.4375,1.0625,288.0625,1.375,0.5
MIN,2023,2023_01_TB_MIN,147,,,,,,,,
MIN,2023,2023_02_MIN_PHI,148,173.0,2.0,0.0,73.0,0.0,173.0,2.0,0.0
MIN,2023,2023_03_LAC_MIN,149,183.0,1.5,0.5,166.0,1.5,183.0,1.5,0.0
MIN,2023,2023_04_MIN_CAR,150,273.3333333333333,2.3333333333333335,0.3333333333333333,120.66666666666667,1.0,273.3333333333333,2.3333333333333335,0.3333333333333333
MIN,2023,2023_05_KC_MIN,151,256.0,1.75,0.25,111.25,0.75,256.0,1.75,0.5
MIN,2023,2023_06_MIN_CHI,152,261.0,1.8,0.2,102.4,0.8,261.0,1.8,0.4
MIN,2023,2023_07_SF_MIN,153,241.0,1.5,0.5,112.33333333333333,0.8333333333333334,241.0,1.5,0.5
MIN,2023,2023_08_MIN_GB,154,245.42857142857142,1.4285714285714286,0.7142857142857143,105.57142857142857,0.8571428571428571,245.42857142857142,1.4285714285714286,0.5714285714285714
MIN,2023,2023_09_MIN_ATL,155,243.375,1.375,0.75,101.625,0.75,243.375,1.375,0.5
MIN,2023,2023_10_NO_MIN,156,246.11111111111111,1.3333333333333333,0.7777777777777778,102.55555555555556,0.7777777777777778,246.11111111111111,1.3333333333333333,0.5555555555555556
MIN,2023,2023_11_MIN_DEN,157,244.7,1.4,0.9,98.8,0.7,244.7,1.4,0.5
MIN,2023,2023_12_CHI_MIN,158,246.0,1.3636363636363635,0.8181818181818182,94.0,0.6363636363636364,246.0,1.3636363636363635,0.45454545454545453
MIN,2023,2023_14_MIN_LV,159,243.58333333333334,1.25,0.75,96.0,0.5833333333333334,243.58333333333334,1.25,0.5833333333333334
MIN,2023,2023_15_MIN_CIN,160,238.0,1.1538461538461537,0.7692307692307693,92.92307692307692,0.5384615384615384,237.6153846153846,1.1538461538461537,0.6153846153846154
MIN,2023,2023_16_DET_MIN,161,244.14285714285714,1.2142857142857142,0.7857142857142857,92.0,0.5714285714285714,243.78571428571428,1.2142857142857142,0.5714285714285714
MIN,2023,2023_17_GB_MIN,162,245.0,1.2,0.7333333333333333,95.4,0.7333333333333333,244.66666666666666,1.2,0.6
MIN,2023,2023_18_MIN_DET,163,248.0,1.3125,0.6875,100.5,0.75,247.6875,1.3125,0.5625
MIN,2024,2024_01_MIN_NYG,164,,,,,,,,
MIN,2024,2024_02_SF_MIN,165,186.0,0.0,2.0,74.0,0.0,186.0,0.0,0.0
MIN,2024,2024_03_HOU_MIN,166,252.5,0.5,1.5,88.0,0.5,252.5,0.5,0.5
MIN,2024,2024_04_MIN_GB,167,270.6666666666667,0.6666666666666666,1.6666666666666667,71.33333333333333,0.3333333333333333,270.6666666666667,0.6666666666666666,0.3333333333333333
MIN,2024,2024_05_NYJ_MIN,168,300.25,1.5,2.0,75.0,0.25,300.25,1.5,0.5
MIN,2024,2024_07_DET_MIN,169,289.0,1.6,2.2,67.2,0.2,289.0,1.6,0.4
MIN,2024,2024_08_MIN_LA,170,287.5,1.6666666666666667,1.8333333333333333,80.0,0.5,287.5,1.6666666666666667,0.5
MIN,2024,2024_09_IND_MIN,171,286.2857142857143,2.0,1.7142857142857142,83.85714285714286,0.42857142857142855,286.2857142857143,2.0,0.42857142857142855
MIN,2024,2024_10_MIN_JAX,172,272.875,1.75,1.625,81.875,0.375,272.875,1.75,0.5
MIN,2024,2024_11_MIN_TEN,173,254.88888888888889,1.5555555555555556,1.6666666666666667,79.0,0.4444444444444444,254.88888888888889,1.5555555555555556,0.5555555555555556
MIN,2024,2024_12_MIN_CHI,174,258.9,1.5,1.6,74.4,0.4,258.9,1.5,0.5
MIN,2024,2024_13_ARI_MIN,175,266.27272727272725,1.5454545454545454,1.4545454545454546,74.72727272727273,0.45454545454545453,266.27272727272725,1.5454545454545454,0.45454545454545453
MIN,2024,2024_14_ATL_MIN,176,265.75,1.5,1.5,81.33333333333333,0.4166666666666667,265.75,1.5,0.4166666666666667
MIN,2024,2024_15_CHI_MIN,177,271.7692307692308,1.3846153846153846,1.5384615384615385,87.23076923076923,0.5384615384615384,271.7692307692308,1.3846153846153846,0.38461538461538464
MIN,2024,2024_16_MIN_SEA,178,266.35714285714283,1.3571428571428572,1.4285714285714286,89.07142857142857,0.5,266.35714285714283,1.3571428571428572,0.42857142857142855
MIN,2024,2024_17_GB_MIN,179,269.53333333333336,1.4666666666666666,1.4666666666666666,87.06666666666666,0.4666666666666667,269.53333333333336,1.4666666666666666,0.4
MIN,2024,2024_18_MIN_DET,180,264.25,1.4375,1.375,88.125,0.5625,264.25,1.4375,0.4375
NE,2014,2014_01_NE_MIA,1,,,,,,,,
NE,2014,2014_02_NE_MIN,2,178.0,2.0,1.0,191.0,1.0,178.0,2.0,2.0
NE,2014,2014_03_OAK_NE,3,190.0,1.5,2.5,122.5,0.5,190.0,1.5,1.0
NE,2014,2014_04_NE_KC,4,184.66666666666666,1.0,2.0,104.0,0.3333333333333333,184.66666666666666,1.0,0.6666666666666666
NE,2014,2014_05_CIN_NE,5,200.5,1.5,1.5,129.75,0.5,200.5,1.5,0.5
NE,2014,2014_06_NE_BUF,6,210.2,1.6,1.2,119.6,0.4,210.2,1.6,0.8
NE,2014,2014_07_NYJ_NE,7,225.0,1.6666666666666667,1.1666666666666667,111.0,0.5,225.0,1.6666666666666667,1.0
NE,2014,2014_08_CHI_NE,8,225.14285714285714,1.5714285714285714,1.0,126.28571428571429,0.5714285714285714,225.14285714285714,1.5714285714285714,0.8571428571428571
NE,2014,2014_09_DEN_NE,9,228.125,1.75,1.0,129.625,0.5,228.125,1.75,0.875
NE,2014,2014_11_NE_IND,10,251.44444444444446,1.7777777777777777,1.1111111111111112,120.0,0.5555555555555556,251.44444444444446,1.7777777777777777,0.7777777777777778
NE,2014,2014_12_DET_NE,11,256.6,1.8,1.1,109.9,0.5,256.6,1.8,0.7
NE,2014,2014_13_NE_GB,12,257.27272727272725,1.6363636363636365,1.0909090909090908,108.18181818181819,0.45454545454545453,257.27272727272725,1.6363636363636365,0.6363636363636364
NE,2014,2014_14_NE_SD,13,266.5,1.6666666666666667,1.0,110.0,0.4166666666666667,266.5,1.6666666666666667,0.5833333333333334
NE,2014,2014_15_MIA_NE,14,260.53846153846155,1.6153846153846154,1.0,105.61538461538461,0.38461538461538464,260.53846153846155,1.6153846153846154,0.5384615384615384
NE,2014,2014_16_NE_NYJ,15,266.64285714285717,1.5714285714285714,1.0714285714285714,103.5,0.35714285714285715,266.64285714285717,1.5714285714285714,0.5
NE,2014,2014_17_BUF_NE,16,262.8666666666667,1.5333333333333334,1.0666666666666667,104.33333333333333,0.3333333333333333,262.8666666666667,1.5333333333333334,0.4666666666666667
NE,2015,2015_01_PIT_NE,17,,,,,,,,
NE,2015,2015_02_NE_BUF,18,351.0,1.0,1.0,134.0,1.0,351.0,1.0,0.0
NE,2015,2015_03_JAX_NE,19,296.5,2.0,2.0,147.0,1.5,296.5,2.0,0.0
NE,2015,2015_05_NE_DAL,20,278.3333333333333,2.0,1.6666666666666667,117.0,1.0,278.3333333333333,2.0,0.0
NE,2015,2015_06_NE_IND,21,255.5,1.5,1.5,113.25,0.75,255.5,1.5,0.25
NE,2015,2015_07_NYJ_NE,22,266.8,1.8,1.2,114.6,0.6,266.8,1.8,0.2
NE,2015,2015_08_MIA_NE,23,271.5,1.8333333333333333,1.0,110.33333333333333,0.5,271.5,1.8333333333333333,0.3333333333333333
NE,2015,2015_09_WAS_NE,24,275.57142857142856,1.5714285714285714,1.1428571428571428,96.71428571428571,0.5714285714285714,275.57142857142856,1.5714285714285714,0.2857142857142857
NE,2015,2015_10_NE_NYG,25,268.25,1.5,1.125,89.25,0.5,268.25,1.5,0.375
NE,2015,2015_11_BUF_NE,26,278.55555555555554,1.5555555555555556,1.0,88.22222222222223,0.4444444444444444,278.55555555555554,1.5555555555555556,0.4444444444444444
NE,2015,2015_12_NE_DEN,27,274.0,1.4,0.9,88.8,0.5,274.0,1.4,0.4
NE,2015,2015_13_PHI_NE,28,273.6363636363636,1.3636363636363635,0.9090909090909091,97.0,0.7272727272727273,273.6363636363636,1.3636363636363635,0.36363636363636365
NE,2015,2015_14_NE_HOU,29,260.8333333333333,1.4166666666666667,0.8333333333333334,99.58333333333333,0.6666666666666666,260.8333333333333,1.4166666666666667,0.4166666666666667
NE,2015,2015_15_TEN_NE,30,253.0,1.3076923076923077,0.7692307692307693,98.61538461538461,0.6153846153846154,253.0,1.3076923076923077,0.46153846153846156
NE,2015,2015_16_NE_NYJ,31,254.5,1.3571428571428572,0.8571428571428571,95.78571428571429,0.5714285714285714,254.5,1.3571428571428572,0.5
NE,2015,2015_17_NE_MIA,32,257.26666666666665,1.4666666666666666,0.8,98.93333333333334,0.5333333333333333,257.26666666666665,1.4666666666666666,0.5333333333333333
NE,2016,2016_01_NE_ARI,33,,,,,,,,
NE,2016,2016_02_MIA_NE,34,271.0,2.0,0.0,92.0,1.0,271.0,2.0,0.0
NE,2016,2016_03_HOU_NE,35,329.0,2.0,1.0,81.0,1.0,329.0,2.0,1.0
NE,2016,2016_04_BUF_NE,36,284.6666666666667,1.3333333333333333,1.0,90.33333333333333,0.6666666666666666,284.6666666666667,1.3333333333333333,0.6666666666666666
NE,2016,2016_05_NE_CLE,37,275.0,1.25,0.75,101.25,0.5,275.0,1.25,0.5
NE,2016,2016_06_CIN_NE,38,269.8,1.4,0.8,86.4,0.4,269.8,1.4,0.4
NE,2016,2016_07_NE_PIT,39,267.1666666666667,1.3333333333333333,0.6666666666666666,92.0,0.5,267.1666666666667,1.3333333333333333,0.3333333333333333
NE,2016,2016_08_NE_BUF,40,269.14285714285717,1.2857142857142858,0.7142857142857143,92.28571428571429,0.42857142857142855,269.14285714285717,1.2857142857142858,0.2857142857142857
NE,2016,2016_10_SEA_NE,41,262.75,1.125,0.625,101.625,0.75,262.75,1.125,0.25
NE,2016,2016_11_NE_SF,42,272.22222222222223,1.3333333333333333,0.5555555555555556,101.0,0.6666666666666666,272.22222222222223,1.3333333333333333,0.2222222222222222
NE,2016,2016_12_NE_NYJ,43,265.6,1.4,0.5,103.1,0.6,265.6,1.4,0.2
NE,2016,2016_13_LA_NE,44,265.90909090909093,1.4545454545454546,0.45454545454545453,99.54545454545455,0.5454545454545454,265.90909090909093,1.4545454545454546,0.36363636363636365
NE,2016,2016_14_BAL_NE,45,257.1666666666667,1.4166666666666667,0.5833333333333334,94.25,0.5,257.1666666666667,1.4166666666666667,0.3333333333333333
NE,2016,2016_15_NE_DEN,46,262.3076923076923,1.4615384615384615,0.6153846153846154,90.23076923076923,0.46153846153846156,262.3076923076923,1.4615384615384615,0.3076923076923077
NE,2016,2016_16_NYJ_NE,47,263.7142857142857,1.3571428571428572,0.6428571428571429,87.92857142857143,0.42857142857142855,263.7142857142857,1.3571428571428572,0.35714285714285715
NE,2016,2016_17_NE_MIA,48,255.2,1.2666666666666666,0.8,89.46666666666667,0.4,255.2,1.2666666666666666,0.4
NE,2017,2017_01_KC_NE,49,,,,,,,,
NE,2017,2017_02_NE_NO,50,368.0,4.0,0.0,185.0,2.0,368.0,4.0,1.0
NE,2017,2017_03_HOU_NE,51,362.0,3.0,0.0,133.0,1.0,362.0,3.0,0.5
NE,2017,2017_04_CAR_NE,52,341.6666666666667,2.6666666666666665,0.6666666666666666,130.33333333333334,0.6666666666666666,341.6666666666667,2.6666666666666665,0.3333333333333333
NE,2017,2017_05_NE_TB,53,335.25,2.75,0.75,132.75,0.75,335.25,2.75,0.5
NE,2017,2017_06_NE_NYJ,54,335.0,2.4,0.6,124.2,0.8,335.0,2.4,0.4
NE,2017,2017_07_ATL_NE,55,338.1666666666667,2.3333333333333335,0.8333333333333334,115.83333333333333,0.6666666666666666,338.1666666666667,2.3333333333333335,0.3333333333333333
NE,2017,2017_08_LAC_NE,56,323.14285714285717,2.142857142857143,0.7142857142857143,116.42857142857143,0.5714285714285714,323.14285714285717,2.142857142857143,0.2857142857142857
NE,2017,2017_10_NE_DEN,57,309.25,2.0,0.75,121.5,0.625,309.25,2.0,0.25
NE,2017,2017_11_NE_OAK,58,299.44444444444446,1.8888888888888888,0.7777777777777778,121.11111111111111,0.5555555555555556,299.44444444444446,1.8888888888888888,0.2222222222222222
NE,2017,2017_12_MIA_NE,59,293.2,1.8,0.8,119.9,0.5,293.2,1.8,0.3
NE,2017,2017_13_NE_BUF,60,286.09090909090907,1.7272727272727273,0.9090909090909091,115.0909090909091,0.45454545454545453,286.09090909090907,1.7272727272727273,0.36363636363636365
NE,2017,2017_14_NE_MIA,61,271.8333333333333,1.5833333333333333,0.9166666666666666,120.75,0.4166666666666667,271.8333333333333,1.5833333333333333,0.3333333333333333
NE,2017,2017_15_NE_PIT,62,271.15384615384613,1.6923076923076923,0.8461538461538461,120.6923076923077,0.38461538461538464,271.15384615384613,1.6923076923076923,0.3076923076923077
NE,2017,2017_16_BUF_NE,63,271.85714285714283,1.7142857142857142,0.8571428571428571,122.28571428571429,0.42857142857142855,271.85714285714283,1.7142857142857142,0.2857142857142857
NE,2017,2017_17_NYJ_NE,64,272.46666666666664,1.6,0.8,119.73333333333333,0.4,272.46666666666664,1.6,0.26666666666666666
NE,2018,2018_01_HOU_NE,65,,,,,,,,
NE,2018,2018_02_NE_JAX,66,176.0,1.0,1.0,167.0,1.0,176.0,1.0,1.0
NE,2018,2018_03_NE_DET,67,276.0,2.5,1.0,135.5,0.5,276.0,2.5,1.0
NE,2018,2018_04_MIA_NE,68,271.3333333333333,2.3333333333333335,1.0,143.33333333333334,0.3333333333333333,271.3333333333333,2.3333333333333335,0.6666666666666666
NE,2018,2018_05_IND_NE,69,237.25,2.0,1.0,121.5,0.25,237.25,2.0,0.75
NE,2018,2018_06_KC_NE,70,262.8,2.2,1.2,114.0,0.2,262.8,2.2,0.8
NE,2018,2018_07_NE_CHI,71,277.6666666666667,2.5,1.3333333333333333,110.66666666666667,0.16666666666666666,277.6666666666667,2.5,0.6666666666666666
NE,2018,2018_08_NE_BUF,72,285.57142857142856,2.4285714285714284,1.4285714285714286,114.0,0.42857142857142855,285.57142857142856,2.4285714285714284,0.5714285714285714
NE,2018,2018_09_GB_NE,73,289.0,2.125,1.375,105.5,0.375,289.0,2.125,0.625
NE,2018,2018_10_NE_TEN,74,285.6666666666667,2.111111111111111,1.2222222222222223,106.77777777777777,0.3333333333333333,285.6666666666667,2.111111111111111,0.6666666666666666
NE,2018,2018_12_NE_NYJ,75,282.0,2.1,1.1,111.1,0.5,282.0,2.1,0.6
NE,2018,2018_13_MIN_NE,76,281.45454545454544,2.0,1.0909090909090908,107.72727272727273,0.45454545454545453,281.45454545454544,2.0,0.5454545454545454
NE,2018,2018_14_NE_MIA,77,274.75,1.9166666666666667,1.1666666666666667,106.66666666666667,0.4166666666666667,274.75,1.9166666666666667,0.5
NE,2018,2018_15_NE_PIT,78,274.0,2.0,1.0769230769230769,113.0,0.5384615384615384,274.0,2.0,0.46153846153846156
NE,2018,2018_16_BUF_NE,79,271.2142857142857,2.0,1.1428571428571428,116.21428571428571,0.5,271.2142857142857,2.0,0.42857142857142855
NE,2018,2018_17_NYJ_NE,80,267.6,1.9333333333333333,1.2,113.26666666666667,0.4666666666666667,267.6,1.9333333333333333,0.4666666666666667
NE,2019,2019_01_PIT_NE,81,,,,,,,,
NE,2019,2019_02_NE_MIA,82,276.0,0.0,1.0,32.0,0.0,276.0,0.0,0.0
NE,2019,2019_03_NYJ_NE,83,231.0,0.0,2.5,37.0,0.0,231.0,0.0,0.0
NE,2019,2019_04_NE_BUF,84,186.66666666666666,0.0,2.0,36.666666666666664,0.0,186.66666666666666,0.0,0.0
NE,2019,2019_05_NE_WAS,85,210.0,0.0,2.5,61.25,0.25,210.0,0.0,0.0
NE,2019,2019_06_NYG_NE,86,192.4,0.0,2.2,78.0,0.4,192.4,0.0,0.2
NE,2019,2019_07_NE_NYJ,87,187.16666666666666,0.16666666666666666,2.3333333333333335,73.66666666666667,0.3333333333333333,187.16666666666666,0.16666666666666666,0.3333333333333333
NE,2019,2019_08_CLE_NE,88,172.71428571428572,0.14285714285714285,2.5714285714285716,74.71428571428571,0.2857142857142857,172.71428571428572,0.14285714285714285,0.42857142857142855
NE,2019,2019_09_NE_BAL,89,175.375,0.25,2.375,85.25,0.25,175.375,0.25,0.625
NE,2019,2019_11_NE_PHI,90,174.0,0.3333333333333333,2.111111111111111,99.11111111111111,0.5555555555555556,174.0,0.3333333333333333,0.6666666666666666
NE,2019,2019_12_DAL_NE,91,178.0,0.4,1.9,97.3,0.5,178.0,0.4,0.7
NE,2019,2019_13_NE_HOU,92,181.0909090909091,0.36363636363636365,1.8181818181818181,98.36363636363636,0.45454545454545453,181.0909090909091,0.36363636363636365,0.6363636363636364
NE,2019,2019_14_KC_NE,93,186.0,0.6666666666666666,1.6666666666666667,94.5,0.4166666666666667,186.0,0.6666666666666666,0.5833333333333334
NE,2019,2019_15_NE_CIN,94,193.46153846153845,0.6923076923076923,1.6153846153846154,93.0,0.46153846153846156,193.46153846153845,0.6923076923076923,0.6153846153846154
NE,2019,2019_16_BUF_NE,95,190.42857142857142,0.7142857142857143,1.7857142857142858,98.07142857142857,0.42857142857142855,190.42857142857142,0.7142857142857143,0.5714285714285714
NE,2019,2019_17_MIA_NE,96,191.6,0.8,1.6666666666666667,97.66666666666667,0.4,191.6,0.8,0.5333333333333333
NE,2020,2020_01_MIA_NE,97,,,,,,,,
NE,2020,2020_02_NE_SEA,98,191.0,0.0,3.0,87.0,1.0,191.0,0.0,0.0
NE,2020,2020_03_LV_NE,99,239.5,2.5,2.0,120.5,0.5,239.5,2.5,0.0
NE,2020,2020_04_NE_KC,100,246.66666666666666,2.3333333333333335,1.3333333333333333,122.33333333333333,0.3333333333333333,246.66666666666666,2.3333333333333335,1.0
NE,2020,2020_06_DEN_NE,101,244.0,2.25,1.0,115.25,0.25,244.0,2.25,1.0
NE,2020,2020_07_SF_NE,102,233.0,1.8,1.2,119.2,0.2,233.0,1.8,0.8
NE,2020,2020_08_NE_BUF,103,240.33333333333334,1.5,1.3333333333333333,132.16666666666666,0.8333333333333334,240.33333333333334,1.5,0.6666666666666666
NE,2020,2020_09_NE_NYJ,104,228.0,1.2857142857142858,1.2857142857142858,140.42857142857142,1.1428571428571428,228.0,1.2857142857142858,0.5714285714285714
NE,2020,2020_10_BAL_NE,105,232.25,1.5,1.25,131.0,1.0,232.25,1.5,0.5
NE,2020,2020_11_NE_HOU,106,234.11111111111111,1.5555555555555556,1.2222222222222223,129.22222222222223,0.8888888888888888,234.11111111111111,1.5555555555555556,0.4444444444444444
NE,2020,2020_12_ARI_NE,107,245.1,1.6,1.1,121.8,0.9,245.1,1.6,0.4
NE,2020,2020_13_NE_LAC,108,238.27272727272728,1.4545454545454546,1.0909090909090908,123.27272727272727,1.0,238.27272727272728,1.4545454545454546,0.36363636363636365
NE,2020,2020_14_NE_LA,109,235.83333333333334,1.3333333333333333,1.1666666666666667,118.83333333333333,0.9166666666666666,235.83333333333334,1.3333333333333333,0.3333333333333333
NE,2020,2020_15_NE_MIA,110,228.23076923076923,1.3076923076923077,1.1538461538461537,124.0,0.9230769230769231,228.23076923076923,1.3076923076923077,0.3076923076923077
NE,2020,2020_16_BUF_NE,111,222.28571428571428,1.2142857142857142,1.1428571428571428,133.0,1.0714285714285714,222.28571428571428,1.2142857142857142,0.2857142857142857
NE,2020,2020_17_NYJ_NE,112,230.4,1.4,1.0666666666666667,132.8,1.0666666666666667,230.4,1.4,0.26666666666666666
NE,2021,2021_01_MIA_NE,113,,,,,,,,
NE,2021,2021_02_NE_NYJ,114,202.0,1.0,1.0,74.0,1.0,202.0,1.0,0.0
NE,2021,2021_03_NO_NE,115,206.0,0.5,2.5,113.0,0.5,206.0,0.5,0.0
NE,2021,2021_04_TB_NE,116,180.0,1.0,1.6666666666666667,122.66666666666667,0.6666666666666666,180.0,1.0,0.0
NE,2021,2021_05_NE_HOU,117,202.25,0.75,1.25,122.0,0.75,202.25,0.75,0.0
NE,2021,2021_06_DAL_NE,118,224.2,1.2,1.0,111.0,0.6,224.2,1.2,0.2
NE,2021,2021_07_NYJ_NE,119,261.0,1.5,1.0,112.83333333333333,0.5,261.0,1.5,0.3333333333333333
NE,2021,2021_08_NE_LAC,120,259.85714285714283,1.4285714285714286,1.1428571428571428,105.57142857142857,0.5714285714285714,259.85714285714283,1.4285714285714286,0.42857142857142855
NE,2021,2021_09_NE_CAR,121,255.25,1.5,1.25,112.75,0.625,255.25,1.5,0.375
NE,2021,2021_10_CLE_NE,122,246.0,1.3333333333333333,1.4444444444444444,108.88888888888889,0.5555555555555556,246.0,1.3333333333333333,0.3333333333333333
NE,2021,2021_11_NE_ATL,123,236.8,1.3,1.4,107.9,0.5,236.8,1.3,0.3
NE,2021,2021_12_TEN_NE,124,229.63636363636363,1.1818181818181819,1.6363636363636365,101.72727272727273,0.45454545454545453,229.63636363636363,1.1818181818181819,0.2727272727272727
NE,2021,2021_13_NE_BUF,125,218.25,1.1666666666666667,1.5833333333333333,115.75,0.5,218.25,1.1666666666666667,0.5
NE,2021,2021_15_NE_IND,126,212.6153846153846,1.1538461538461537,1.4615384615384615,114.46153846153847,0.46153846153846156,212.6153846153846,1.1538461538461537,0.5384615384615384
NE,2021,2021_16_BUF_NE,127,201.5,1.1428571428571428,1.4285714285714286,122.42857142857143,0.5,201.5,1.1428571428571428,0.5
NE,2021,2021_17_JAX_NE,128,209.0,1.2666666666666666,1.3333333333333333,121.86666666666666,0.5333333333333333,209.0,1.2666666666666666,0.4666666666666667
NE,2021,2021_18_NE_MIA,129,208.0,1.25,1.4375,119.25,0.5,208.0,1.25,0.4375
NE,2022,2022_01_NE_MIA,130,,,,,,,,
NE,2022,2022_02_NE_PIT,131,270.0,1.0,0.0,65.0,0.0,270.0,1.0,0.0
NE,2022,2022_03_BAL_NE,132,219.0,1.0,0.5,78.0,0.0,219.0,1.0,0.0
NE,2022,2022_04_NE_GB,133,218.66666666666666,2.0,0.6666666666666666,114.66666666666667,0.3333333333333333,218.66666666666666,2.0,0.3333333333333333
NE,2022,2022_05_DET_NE,134,226.75,2.0,0.75,135.75,0.5,226.75,2.0,0.5
NE,2022,2022_06_NE_CLE,135,227.2,1.6,0.8,128.8,0.4,227.2,1.6,0.6
NE,2022,2022_07_CHI_NE,136,233.66666666666666,1.5,1.0,119.0,0.3333333333333333,233.66666666666666,1.5,0.6666666666666666
NE,2022,2022_08_NE_NYJ,137,225.85714285714286,1.4285714285714286,1.0,136.71428571428572,0.5714285714285714,225.85714285714286,1.4285714285714286,0.5714285714285714
NE,2022,2022_09_IND_NE,138,242.0,1.5,1.25,126.0,0.5,242.0,1.5,0.5
NE,2022,2022_11_NYJ_NE,139,226.55555555555554,1.3333333333333333,1.2222222222222223,120.66666666666667,0.4444444444444444,226.55555555555554,1.3333333333333333,0.4444444444444444
NE,2022,2022_12_NE_MIN,140,211.6,1.2,1.1,114.5,0.4,211.6,1.2,0.4
NE,2022,2022_13_BUF_NE,141,220.54545454545453,1.3636363636363635,1.0909090909090908,109.27272727272727,0.36363636363636365,220.54545454545453,1.3636363636363635,0.36363636363636365
NE,2022,2022_14_NE_ARI,142,220.75,1.4166666666666667,1.0,111.16666666666667,0.4166666666666667,220.75,1.4166666666666667,0.4166666666666667
NE,2022,2022_15_NE_LV,143,223.3846153846154,1.3076923076923077,1.0,111.3076923076923,0.46153846153846156,223.3846153846154,1.3076923076923077,0.46153846153846156
NE,2022,2022_16_CIN_NE,144,223.92857142857142,1.4285714285714286,1.0,110.28571428571429,0.42857142857142855,223.92857142857142,1.4285714285714286,0.42857142857142855
NE,2022,2022_17_MIA_NE,145,234.0,1.5333333333333334,1.0666666666666667,107.8,0.4,234.0,1.5333333333333334,0.4666666666666667
NE,2022,2022_18_NE_BUF,146,235.9375,1.5625,1.125,106.4375,0.4375,235.9375,1.5625,0.4375
NE,2023,2023_01_PHI_NE,147,,,,,,,,
NE,2023,2023_02_MIA_NE,148,170.0,1.0,0.0,97.0,0.0,170.0,1.0,1.0
NE,2023,2023_03_NE_NYJ,149,209.5,1.0,0.5,121.0,1.0,209.5,1.0,0.5
NE,2023,2023_04_NE_DAL,150,192.0,0.6666666666666666,0.3333333333333333,93.33333333333333,1.0,192.0,0.6666666666666666,0.3333333333333333
NE,2023,2023_05_NO_NE,151,214.25,0.75,0.25,101.0,1.0,214.25,0.75,0.25
NE,2023,2023_06_NE_LV,152,208.0,1.0,0.2,108.0,1.0,208.0,1.0,0.2
NE,2023,2023_07_BUF_NE,153,217.33333333333334,1.0,0.3333333333333333,104.0,0.8333333333333334,217.33333333333334,1.0,0.16666666666666666
NE,2023,2023_08_NE_MIA,154,224.14285714285714,1.1428571428571428,0.42857142857142855,100.71428571428571,0.8571428571428571,224.14285714285714,1.1428571428571428,0.2857142857142857
NE,2023,2023_09_WAS_NE,155,236.625,1.375,0.5,97.875,0.875,236.625,1.375,0.375
NE,2023,2023_10_IND_NE,156,246.44444444444446,1.3333333333333333,0.5555555555555556,100.77777777777777,0.8888888888888888,246.44444444444446,1.3333333333333333,0.4444444444444444
NE,2023,2023_12_NE_NYG,157,241.2,1.2,0.6,97.7,0.9,241.2,1.2,0.4
NE,2023,2023_13_LAC_NE,158,236.63636363636363,1.1818181818181819,0.5454545454545454,94.0909090909091,0.8181818181818182,236.63636363636363,1.1818181818181819,0.45454545454545453
NE,2023,2023_14_NE_PIT,159,234.58333333333334,1.0833333333333333,0.5,88.66666666666667,0.75,234.58333333333334,1.0833333333333333,0.4166666666666667
NE,2023,2023_15_KC_NE,160,231.15384615384616,1.0769230769230769,0.5384615384615384,88.15384615384616,0.7692307692307693,231.15384615384616,1.0769230769230769,0.38461538461538464
NE,2023,2023_16_NE_DEN,161,236.71428571428572,1.2142857142857142,0.6428571428571429,84.92857142857143,0.7142857142857143,236.71428571428572,1.2142857142857142,0.35714285714285715
NE,2023,2023_17_NE_BUF,162,236.8,1.2666666666666666,0.6,84.8,0.7333333333333333,236.8,1.2666666666666666,0.4
NE,2023,2023_18_NYJ_NE,163,232.5625,1.1875,0.625,87.4375,0.8125,232.5625,1.1875,0.375
NE,2024,2024_01_NE_CIN,164,,,,,,,,
NE,2024,2024_02_SEA_NE,165,164.0,0.0,0.0,70.0,1.0,164.0,0.0,1.0
NE,2024,2024_03_NE_NYJ,166,245.5,0.5,0.0,58.0,1.0,245.5,0.5,0.5
NE,2024,2024_04_NE_SF,167,257.3333333333333,1.0,0.0,83.0,1.0,257.3333333333333,1.0,0.3333333333333333
NE,2024,2024_05_MIA_NE,168,265.0,1.0,0.25,99.25,1.0,265.0,1.0,0.25
NE,2024,2024_06_HOU_NE,169,250.8,0.8,0.4,118.0,1.0,250.8,0.8,0.2
NE,2024,2024_07_NE_JAX,170,241.0,1.1666666666666667,0.5,130.33333333333334,1.1666666666666667,241.0,1.1666666666666667,0.16666666666666666
NE,2024,2024_08_NYJ_NE,171,234.14285714285714,1.1428571428571428,0.42857142857142855,136.14285714285714,1.2857142857142858,234.14285714285714,1.1428571428571428,0.14285714285714285
NE,2024,2024_09_NE_TEN,172,234.0,1.25,0.375,133.125,1.25,234.0,1.25,0.125
NE,2024,2024_10_NE_CHI,173,234.66666666666666,1.3333333333333333,0.4444444444444444,136.88888888888889,1.1111111111111112,234.66666666666666,1.3333333333333333,0.1111111111111111
NE,2024,2024_11_LA_NE,174,223.2,1.2,0.4,130.5,1.0,223.2,1.2,0.1
NE,2024,2024_12_NE_MIA,175,229.72727272727272,1.4545454545454546,0.36363636363636365,128.36363636363637,0.9090909090909091,229.72727272727272,1.4545454545454546,0.09090909090909091
NE,2024,2024_13_IND_NE,176,237.0,1.6666666666666667,0.3333333333333333,123.08333333333333,0.8333333333333334,237.0,1.6666666666666667,0.16666666666666666
NE,2024,2024_15_NE_ARI,177,227.15384615384616,1.6923076923076923,0.46153846153846156,124.6923076923077,0.8461538461538461,227.15384615384616,1.6923076923076923,0.15384615384615385
NE,2024,2024_16_NE_BUF,178,227.5,1.5714285714285714,0.42857142857142855,127.42857142857143,0.9285714285714286,227.5,1.5714285714285714,0.14285714285714285
NE,2024,2024_17_LAC_NE,179,222.6,1.5333333333333334,0.4666666666666667,130.4,0.9333333333333333,222.6,1.5333333333333334,0.13333333333333333
NE,2024,2024_18_BUF_NE,180,226.25,1.625,0.4375,131.4375,0.9375,226.25,1.625,0.125
NO,2014,2014_01_NO_ATL,1,,,,,,,,
NO,2014,2014_02_NO_CLE,2,448.0,3.0,0.0,123.0,1.0,448.0,3.0,1.0
NO,2014,2014_03_MIN_NO,3,326.0,2.0,0.0,122.5,1.0,326.0,2.0,0.5
NO,2014,2014_04_NO_DAL,4,285.0,1.3333333333333333,0.0,101.33333333333333,0.6666666666666666,285.0,1.3333333333333333,0.3333333333333333
NO,2014,2014_05_TB_NO,5,279.25,1.75,0.0,123.5,1.0,279.25,1.75,0.25
NO,2014,2014_07_NO_DET,6,273.2,1.8,0.2,112.0,1.0,273.2,1.8,0.2
NO,2014,2014_08_GB_NO,7,277.5,1.8333333333333333,0.5,103.16666666666667,1.0,277.5,1.8333333333333333,0.16666666666666666
NO,2014,2014_09_NO_CAR,8,298.7142857142857,1.7142857142857142,0.7142857142857143,101.14285714285714,1.0,298.7142857142857,1.7142857142857142,0.2857142857142857
NO,2014,2014_10_SF_NO,9,280.25,1.5,0.75,102.125,1.0,280.25,1.5,0.375
NO,2014,2014_11_CIN_NO,10,272.44444444444446,1.4444444444444444,0.6666666666666666,106.77777777777777,1.1111111111111112,272.44444444444446,1.4444444444444444,0.4444444444444444
NO,2014,2014_12_BAL_NO,11,267.2,1.6,0.6,114.7,1.0,267.2,1.6,0.4
NO,2014,2014_13_NO_PIT,12,265.0,1.5454545454545454,0.5454545454545454,123.81818181818181,1.0909090909090908,265.0,1.5454545454545454,0.45454545454545453
NO,2014,2014_14_CAR_NO,13,279.1666666666667,1.5833333333333333,0.6666666666666666,122.08333333333333,1.0833333333333333,279.1666666666667,1.5833333333333333,0.4166666666666667
NO,2014,2014_15_NO_CHI,14,275.0769230769231,1.6923076923076923,0.6153846153846154,133.53846153846155,1.1538461538461537,275.0769230769231,1.6923076923076923,0.38461538461538464
NO,2014,2014_16_ATL_NO,15,269.2857142857143,1.7142857142857142,0.7857142857142857,132.92857142857142,1.0714285714285714,269.2857142857143,1.7142857142857142,0.35714285714285715
NO,2014,2014_17_NO_TB,16,272.8,1.6666666666666667,0.7333333333333333,129.46666666666667,1.0666666666666667,272.8,1.6666666666666667,0.3333333333333333
NO,2015,2015_01_NO_ARI,17,,,,,,,,
NO,2015,2015_02_TB_NO,18,307.0,3.0,0.0,120.0,1.0,307.0,3.0,1.0
NO,2015,2015_03_NO_CAR,19,257.0,2.0,0.0,129.5,1.0,257.0,2.0,1.5
NO,2015,2015_04_DAL_NO,20,276.3333333333333,2.0,0.0,126.0,1.0,276.3333333333333,2.0,1.0
NO,2015,2015_05_NO_PHI,21,268.75,1.75,0.0,123.25,1.0,268.75,1.75,0.75
NO,2015,2015_06_ATL_NO,22,281.6,1.8,0.4,135.8,1.2,281.6,1.8,0.6
NO,2015,2015_07_NO_IND,23,283.8333333333333,1.8333333333333333,0.3333333333333333,138.16666666666666,1.1666666666666667,283.8333333333333,1.8333333333333333,0.8333333333333334
NO,2015,2015_08_NYG_NO,24,290.85714285714283,2.0,0.5714285714285714,129.14285714285714,1.0,290.85714285714283,2.0,0.7142857142857143
NO,2015,2015_09_TEN_NO,25,298.25,2.5,0.5,123.875,0.875,298.25,2.5,0.75
NO,2015,2015_10_NO_WAS,26,306.3333333333333,2.6666666666666665,0.4444444444444444,122.55555555555556,0.7777777777777778,306.3333333333333,2.6666666666666665,0.7777777777777778
NO,2015,2015_12_NO_HOU,27,308.1,2.8,0.4,131.2,0.7,308.1,2.8,0.7
NO,2015,2015_13_CAR_NO,28,298.72727272727275,2.727272727272727,0.45454545454545453,134.45454545454547,0.7272727272727273,298.72727272727275,2.727272727272727,0.6363636363636364
NO,2015,2015_14_NO_TB,29,301.4166666666667,2.9166666666666665,0.5,137.83333333333334,0.75,301.4166666666667,2.9166666666666665,0.75
NO,2015,2015_15_DET_NO,30,292.2307692307692,2.769230769230769,0.46153846153846156,136.07692307692307,0.7692307692307693,292.2307692307692,2.769230769230769,0.6923076923076923
NO,2015,2015_16_JAX_NO,31,289.5,2.7857142857142856,0.42857142857142855,137.07142857142858,0.8571428571428571,289.5,2.7857142857142856,0.7142857142857143
NO,2015,2015_17_NO_ATL,32,294.73333333333335,2.8666666666666667,0.5333333333333333,132.26666666666668,0.8,294.73333333333335,2.8666666666666667,0.6666666666666666
NO,2016,2016_01_OAK_NO,33,,,,,,,,
NO,2016,2016_02_NO_NYG,34,319.0,1.0,0.0,167.0,3.0,319.0,1.0,0.0
NO,2016,2016_03_ATL_NO,35,343.5,0.5,0.0,115.5,1.5,343.5,0.5,1.5
NO,2016,2016_04_NO_SD,36,309.0,1.0,0.0,149.33333333333334,2.0,309.0,1.0,1.0
NO,2016,2016_06_CAR_NO,37,312.0,1.25,0.25,121.5,2.0,312.0,1.25,1.25
NO,2016,2016_07_NO_KC,38,314.0,1.4,0.4,117.8,2.2,314.0,1.4,1.2
NO,2016,2016_08_SEA_NO,39,297.3333333333333,1.5,0.3333333333333333,116.83333333333333,1.8333333333333333,297.3333333333333,1.5,1.0
NO,2016,2016_09_NO_SF,40,297.14285714285717,1.2857142857142858,0.42857142857142855,110.71428571428571,1.7142857142857142,297.14285714285717,1.2857142857142858,0.8571428571428571
NO,2016,2016_10_DEN_NO,41,309.75,1.375,0.5,108.5,1.5,309.75,1.375,1.125
NO,2016,2016_11_NO_CAR,42,304.0,1.4444444444444444,0.6666666666666666,107.88888888888889,1.3333333333333333,304.0,1.4444444444444444,1.0
NO,2016,2016_12_LA_NO,43,292.8,1.4,0.6,102.1,1.3,292.8,1.4,0.9
NO,2016,2016_13_DET_NO,44,285.6363636363636,1.5454545454545454,0.6363636363636364,99.0909090909091,1.1818181818181819,285.6363636363636,1.5454545454545454,0.9090909090909091
NO,2016,2016_14_NO_TB,45,290.25,1.5833333333333333,0.5833333333333334,97.91666666666667,1.0833333333333333,290.25,1.5833333333333333,0.8333333333333334
NO,2016,2016_15_NO_ARI,46,282.0769230769231,1.4615384615384615,0.5384615384615384,98.38461538461539,1.0769230769230769,282.0769230769231,1.4615384615384615,0.7692307692307693
NO,2016,2016_16_TB_NO,47,284.64285714285717,1.5,0.5,99.64285714285714,1.2142857142857142,284.64285714285717,1.5,0.8571428571428571
NO,2016,2016_17_NO_ATL,48,284.1333333333333,1.5333333333333334,0.6,98.93333333333334,1.2,284.1333333333333,1.5333333333333334,0.8
NO,2017,2017_01_NO_MIN,49,,,,,,,,
NO,2017,2017_02_NE_NO,50,346.0,3.0,0.0,129.0,0.0,346.0,3.0,0.0
NO,2017,2017_03_NO_CAR,51,396.5,3.0,0.0,124.0,0.5,396.5,3.0,0.0
NO,2017,2017_04_NO_MIA,52,325.6666666666667,2.0,1.0,126.66666666666667,0.6666666666666666,325.6666666666667,2.0,0.0
NO,2017,2017_06_DET_NO,53,285.25,1.5,1.0,109.5,0.5,285.25,1.5,0.0
NO,2017,2017_07_NO_GB,54,290.6,1.8,1.4,100.8,0.4,290.6,1.8,0.4
NO,2017,2017_08_CHI_NO,55,256.6666666666667,1.5,1.3333333333333333,114.16666666666667,0.6666666666666666,256.6666666666667,1.5,0.3333333333333333
NO,2017,2017_09_TB_NO,56,243.42857142857142,1.2857142857142858,1.2857142857142858,120.28571428571429,0.7142857142857143,243.42857142857142,1.2857142857142858,0.2857142857142857
NO,2017,2017_10_NO_BUF,57,229.875,1.25,1.125,116.125,0.625,229.875,1.25,0.375
NO,2017,2017_11_WAS_NO,58,219.33333333333334,1.2222222222222223,1.1111111111111112,110.88888888888889,0.5555555555555556,219.33333333333334,1.2222222222222223,0.3333333333333333
NO,2017,2017_12_NO_LA,59,229.6,1.4,1.0,115.4,0.6,229.6,1.4,0.3
NO,2017,2017_13_CAR_NO,60,240.9090909090909,1.4545454545454546,1.0,112.9090909090909,0.5454545454545454,240.9090909090909,1.4545454545454546,0.2727272727272727
NO,2017,2017_14_NO_ATL,61,236.08333333333334,1.5,0.9166666666666666,112.83333333333333,0.5833333333333334,236.08333333333334,1.5,0.25
NO,2017,2017_15_NYJ_NO,62,234.92307692307693,1.4615384615384615,1.0769230769230769,114.3076923076923,0.6153846153846154,234.92307692307693,1.4615384615384615,0.23076923076923078
NO,2017,2017_16_ATL_NO,63,230.92857142857142,1.4285714285714286,1.1428571428571428,115.0,0.6428571428571429,230.92857142857142,1.4285714285714286,0.21428571428571427
NO,2017,2017_17_NO_TB,64,234.73333333333332,1.4,1.1333333333333333,111.8,0.6,234.73333333333332,1.4,0.26666666666666666
NO,2018,2018_01_TB_NO,65,,,,,,,,
NO,2018,2018_02_CLE_NO,66,417.0,4.0,0.0,112.0,1.0,417.0,4.0,0.0
NO,2018,2018_03_NO_ATL,67,331.5,2.5,0.5,102.5,1.0,331.5,2.5,0.0
NO,2018,2018_04_NO_NYG,68,345.6666666666667,3.3333333333333335,0.3333333333333333,84.33333333333333,0.6666666666666666,345.6666666666667,3.3333333333333335,0.0
NO,2018,2018_05_WAS_NO,69,323.0,2.75,0.25,79.5,0.75,323.0,2.75,0.5
NO,2018,2018_07_NO_BAL,70,313.4,2.2,0.4,71.4,1.0,313.4,2.2,0.6
NO,2018,2018_08_NO_MIN,71,308.5,2.1666666666666665,0.3333333333333333,72.33333333333333,1.0,308.5,2.1666666666666665,0.5
NO,2018,2018_09_LA_NO,72,315.7142857142857,2.142857142857143,0.42857142857142855,74.14285714285714,1.0,315.7142857142857,2.142857142857143,0.5714285714285714
NO,2018,2018_10_NO_CIN,73,325.125,2.25,0.5,76.375,1.0,325.125,2.25,0.5
NO,2018,2018_11_PHI_NO,74,311.0,2.111111111111111,0.6666666666666666,80.11111111111111,1.0,311.0,2.111111111111111,0.4444444444444444
NO,2018,2018_12_ATL_NO,75,295.5,1.9,0.9,77.9,1.0,295.5,1.9,0.4
NO,2018,2018_13_NO_DAL,76,302.90909090909093,1.9090909090909092,0.9090909090909091,73.18181818181819,0.9090909090909091,302.90909090909093,1.9090909090909092,0.6363636363636364
NO,2018,2018_14_NO_TB,77,298.4166666666667,1.8333333333333333,0.8333333333333334,75.33333333333333,0.8333333333333334,298.4166666666667,1.8333333333333333,0.75
NO,2018,2018_15_NO_CAR,78,291.84615384615387,1.8461538461538463,0.8461538461538461,77.61538461538461,0.7692307692307693,291.84615384615387,1.8461538461538463,0.6923076923076923
NO,2018,2018_16_PIT_NO,79,283.92857142857144,1.7857142857142858,0.8571428571428571,79.07142857142857,0.7142857142857143,283.92857142857144,1.7857142857142858,0.7142857142857143
NO,2018,2018_17_CAR_NO,80,290.3333333333333,1.8666666666666667,0.8,78.13333333333334,0.6666666666666666,290.3333333333333,1.8666666666666667,0.8
NO,2019,2019_01_HOU_NO,81,,,,,,,,
NO,2019,2019_02_NO_LA,82,268.0,3.0,1.0,180.0,1.0,268.0,3.0,0.0
NO,2019,2019_03_NO_SEA,83,275.5,2.0,0.5,147.5,1.5,275.5,2.0,0.5
NO,2019,2019_04_DAL_NO,84,319.0,2.0,0.3333333333333333,134.33333333333334,1.6666666666666667,319.0,2.0,0.6666666666666666
NO,2019,2019_05_TB_NO,85,295.0,1.5,0.5,112.0,1.5,295.0,1.5,1.0
NO,2019,2019_06_NO_JAX,86,276.8,1.6,0.4,108.4,1.4,276.8,1.6,0.8
NO,2019,2019_07_NO_CHI,87,257.8333333333333,1.3333333333333333,0.5,102.83333333333333,1.1666666666666667,257.8333333333333,1.3333333333333333,0.6666666666666666
NO,2019,2019_08_ARI_NO,88,256.85714285714283,1.4285714285714286,0.42857142857142855,90.57142857142857,1.0,256.85714285714283,1.4285714285714286,0.8571428571428571
NO,2019,2019_10_ATL_NO,89,252.25,1.25,0.375,84.25,0.875,252.25,1.25,0.75
NO,2019,2019_11_NO_TB,90,244.44444444444446,1.3333333333333333,0.4444444444444444,90.77777777777777,0.7777777777777778,244.44444444444446,1.3333333333333333,0.6666666666666666
NO,2019,2019_12_CAR_NO,91,251.3,1.4,0.8,85.3,0.7,251.3,1.4,0.6
NO,2019,2019_13_NO_ATL,92,251.72727272727272,1.5454545454545454,0.7272727272727273,88.54545454545455,0.7272727272727273,251.72727272727272,1.5454545454545454,0.5454545454545454
NO,2019,2019_14_SF_NO,93,256.75,1.5833333333333333,0.8333333333333334,88.58333333333333,0.6666666666666666,256.75,1.5833333333333333,0.5833333333333334
NO,2019,2019_15_IND_NO,94,266.53846153846155,1.8461538461538463,0.8461538461538461,94.23076923076923,0.6923076923076923,266.53846153846155,1.8461538461538463,0.5384615384615384
NO,2019,2019_16_NO_TEN,95,259.2857142857143,1.7142857142857142,0.7857142857142857,90.78571428571429,0.7142857142857143,259.2857142857143,1.7142857142857142,0.5
NO,2019,2019_17_NO_CAR,96,260.1333333333333,1.8,0.7333333333333333,94.66666666666667,0.7333333333333333,260.1333333333333,1.8,0.5333333333333333
NO,2020,2020_01_TB_NO,97,,,,,,,,
NO,2020,2020_02_NO_LV,98,239.0,2.0,2.0,86.0,1.0,239.0,2.0,0.0
NO,2020,2020_03_GB_NO,99,261.5,2.5,1.0,101.0,1.0,261.5,2.5,0.5
NO,2020,2020_04_NO_DET,100,268.6666666666667,2.6666666666666665,0.6666666666666666,100.0,1.0,268.6666666666667,2.6666666666666665,0.3333333333333333
NO,2020,2020_05_LAC_NO,101,253.0,2.75,0.75,97.5,1.0,253.0,2.75,0.25
NO,2020,2020_07_CAR_NO,102,255.2,3.0,0.6,100.2,0.8,255.2,3.0,0.2
NO,2020,2020_08_NO_CHI,103,255.0,2.8333333333333335,0.5,89.66666666666667,0.8333333333333334,255.0,2.8333333333333335,0.16666666666666666
NO,2020,2020_09_NO_TB,104,257.42857142857144,2.7142857142857144,0.5714285714285714,90.57142857142857,0.7142857142857143,257.42857142857144,2.7142857142857144,0.14285714285714285
NO,2020,2020_10_SF_NO,105,251.375,2.375,0.875,80.25,0.625,251.375,2.375,0.125
NO,2020,2020_11_ATL_NO,106,250.88888888888889,2.2222222222222223,1.0,76.77777777777777,0.5555555555555556,250.88888888888889,2.2222222222222223,0.1111111111111111
NO,2020,2020_12_NO_DEN,107,249.0,2.0,1.1,74.3,0.5,249.0,2.0,0.1
NO,2020,2020_13_NO_ATL,108,227.54545454545453,1.8181818181818181,1.1818181818181819,76.63636363636364,0.45454545454545453,227.54545454545453,1.8181818181818181,0.09090909090909091
NO,2020,2020_14_NO_PHI,109,231.33333333333334,1.75,1.0833333333333333,76.08333333333333,0.4166666666666667,231.33333333333334,1.75,0.16666666666666666
NO,2020,2020_15_KC_NO,110,226.3846153846154,1.6923076923076923,1.0,89.15384615384616,0.5384615384615384,226.3846153846154,1.6923076923076923,0.23076923076923078
NO,2020,2020_16_MIN_NO,111,228.35714285714286,1.7857142857142858,0.9285714285714286,95.57142857142857,0.5714285714285714,228.35714285714286,1.7857142857142858,0.2857142857142857
NO,2020,2020_17_NO_CAR,112,232.53333333333333,1.8666666666666667,0.8666666666666667,95.2,0.6666666666666666,232.53333333333333,1.8666666666666667,0.26666666666666666
NO,2021,2021_01_GB_NO,113,,,,,,,,
NO,2021,2021_02_NO_CAR,114,201.0,0.0,2.0,43.0,0.0,201.0,0.0,1.0
NO,2021,2021_03_NO_NE,115,253.0,1.0,1.5,66.0,0.5,253.0,1.0,0.5
NO,2021,2021_04_NYG_NO,116,258.6666666666667,1.0,2.0,60.333333333333336,0.3333333333333333,258.6666666666667,1.0,0.3333333333333333
NO,2021,2021_05_NO_WAS,117,294.5,1.25,1.75,66.0,0.5,294.5,1.25,0.25
NO,2021,2021_07_NO_SEA,118,285.2,1.0,1.8,79.0,0.8,285.2,1.0,0.2
NO,2021,2021_08_TB_NO,119,265.5,1.0,1.5,80.83333333333333,0.6666666666666666,265.5,1.0,0.16666666666666666
NO,2021,2021_09_ATL_NO,120,281.14285714285717,1.4285714285714286,1.5714285714285714,79.42857142857143,0.5714285714285714,281.14285714285717,1.4285714285714286,0.2857142857142857
NO,2021,2021_10_NO_TEN,121,288.875,1.5,1.375,73.75,0.625,288.875,1.5,0.25
NO,2021,2021_11_NO_PHI,122,280.44444444444446,1.4444444444444444,1.2222222222222223,72.88888888888889,0.6666666666666666,280.44444444444446,1.4444444444444444,0.2222222222222222
NO,2021,2021_12_BUF_NO,123,267.1,1.3,1.1,89.8,0.9,267.1,1.3,0.3
NO,2021,2021_13_DAL_NO,124,266.45454545454544,1.5454545454545454,1.1818181818181819,91.9090909090909,0.8181818181818182,266.45454545454544,1.5454545454545454,0.2727272727272727
NO,2021,2021_14_NO_NYJ,125,264.0833333333333,1.5,1.1666666666666667,96.41666666666667,0.8333333333333334,264.0833333333333,1.5,0.25
NO,2021,2021_15_NO_TB,126,259.3076923076923,1.3846153846153846,1.0769230769230769,95.0,0.7692307692307693,259.3076923076923,1.3846153846153846,0.23076923076923078
NO,2021,2021_16_MIA_NO,127,256.07142857142856,1.2857142857142858,1.0714285714285714,96.64285714285714,0.7142857142857143,256.07142857142856,1.2857142857142858,0.2857142857142857
NO,2021,2021_17_CAR_NO,128,252.2,1.2666666666666666,1.0666666666666667,95.93333333333334,0.6666666666666666,252.2,1.2666666666666666,0.26666666666666666
NO,2021,2021_18_NO_ATL,129,244.6875,1.1875,1.0625,95.4375,0.6875,244.6875,1.1875,0.3125
NO,2022,2022_01_NO_ATL,130,,,,,,,,
NO,2022,2022_02_TB_NO,131,215.0,0.0,0.0,201.0,2.0,215.0,0.0,2.0
NO,2022,2022_03_NO_CAR,132,202.5,0.5,0.0,136.5,1.0,202.5,0.5,1.5
NO,2022,2022_04_MIN_NO,133,191.66666666666666,0.6666666666666666,0.0,139.33333333333334,0.6666666666666666,191.66666666666666,0.6666666666666666,1.0
NO,2022,2022_05_SEA_NO,134,215.25,0.75,0.25,124.75,0.75,215.25,0.75,0.75
NO,2022,2022_06_CIN_NO,135,225.8,1.2,0.2,130.0,0.8,225.8,1.2,0.8
NO,2022,2022_07_NO_ARI,136,238.16666666666666,1.5,0.16666666666666666,120.83333333333333,0.8333333333333334,238.16666666666666,1.5,0.6666666666666666
NO,2022,2022_08_LV_NO,137,233.28571428571428,1.4285714285714286,0.14285714285714285,123.14285714285714,1.0,233.28571428571428,1.4285714285714286,0.5714285714285714
NO,2022,2022_09_BAL_NO,138,225.75,1.25,0.25,112.5,0.875,225.75,1.25,0.5
NO,2022,2022_10_NO_PIT,139,215.44444444444446,1.2222222222222223,0.2222222222222222,120.88888888888889,1.0,215.44444444444446,1.2222222222222223,0.4444444444444444
NO,2022,2022_11_LA_NO,140,213.8,1.1,0.2,130.5,1.1,213.8,1.1,0.4
NO,2022,2022_12_NO_SF,141,214.63636363636363,1.1818181818181819,0.18181818181818182,132.0909090909091,1.0,214.63636363636363,1.1818181818181819,0.36363636363636365
NO,2022,2022_13_NO_TB,142,215.25,1.1666666666666667,0.16666666666666666,129.08333333333334,0.9166666666666666,215.25,1.1666666666666667,0.3333333333333333
NO,2022,2022_15_ATL_NO,143,220.30769230769232,1.2307692307692308,0.23076923076923078,125.0,0.8461538461538461,220.30769230769232,1.2307692307692308,0.38461538461538464
NO,2022,2022_16_NO_CLE,144,211.5,1.1428571428571428,0.21428571428571427,132.57142857142858,0.9285714285714286,211.5,1.1428571428571428,0.42857142857142855
NO,2022,2022_17_NO_PHI,145,206.4,1.0666666666666667,0.26666666666666666,132.0,0.9333333333333333,206.4,1.0666666666666667,0.4
NO,2022,2022_18_CAR_NO,146,210.625,1.0625,0.3125,127.9375,0.875,210.625,1.0625,0.375
NO,2023,2023_01_TEN_NO,147,,,,,,,,
NO,2023,2023_02_NO_CAR,148,198.0,0.0,3.0,104.0,0.0,198.0,0.0,0.0
NO,2023,2023_03_NO_GB,149,175.5,0.5,1.5,102.0,0.0,175.5,0.5,0.5
NO,2023,2023_04_TB_NO,150,203.33333333333334,0.6666666666666666,1.3333333333333333,99.66666666666667,0.3333333333333333,203.33333333333334,0.6666666666666666,0.3333333333333333
NO,2023,2023_05_NO_NE,151,214.0,1.25,1.25,103.25,0.25,214.0,1.25,0.25
NO,2023,2023_06_NO_HOU,152,197.6,1.0,1.4,91.6,0.2,197.6,1.0,0.4
NO,2023,2023_07_JAX_NO,153,197.83333333333334,1.1666666666666667,1.3333333333333333,96.33333333333333,0.16666666666666666,197.83333333333334,1.1666666666666667,0.3333333333333333
NO,2023,2023_08_NO_IND,154,200.57142857142858,1.1428571428571428,1.1428571428571428,98.71428571428571,0.42857142857142855,200.57142857142858,1.1428571428571428,0.42857142857142855
NO,2023,2023_09_CHI_NO,155,202.125,1.25,1.125,106.875,0.5,202.125,1.25,0.375
NO,2023,2023_10_NO_MIN,156,204.11111111111111,1.3333333333333333,1.3333333333333333,112.33333333333333,0.4444444444444444,204.11111111111111,1.3333333333333333,0.5555555555555556
NO,2023,2023_12_NO_ATL,157,210.5,1.3,1.2,113.6,0.6,210.5,1.3,0.5
NO,2023,2023_13_DET_NO,158,206.63636363636363,1.2727272727272727,1.2727272727272727,124.0,0.6363636363636364,206.63636363636363,1.2727272727272727,0.45454545454545453
NO,2023,2023_14_CAR_NO,159,207.16666666666666,1.3333333333333333,1.1666666666666667,125.5,0.75,207.16666666666666,1.3333333333333333,0.4166666666666667
NO,2023,2023_15_NYG_NO,160,201.76923076923077,1.2307692307692308,1.0769230769230769,131.53846153846155,0.6923076923076923,201.76923076923077,1.2307692307692308,0.5384615384615384
NO,2023,2023_16_NO_LA,161,200.92857142857142,1.1428571428571428,1.0,126.42857142857143,0.6428571428571429,200.92857142857142,1.1428571428571428,0.5
NO,2023,2023_17_NO_TB,162,209.4,1.2,0.9333333333333333,126.86666666666666,0.6666666666666666,209.4,1.2,0.4666666666666667
NO,2023,2023_18_ATL_NO,163,215.625,1.25,1.0,122.5,0.625,215.625,1.25,0.5625
NO,2024,2024_01_CAR_NO,164,,,,,,,,
NO,2024,2024_02_NO_DAL,165,161.0,0.0,2.0,58.0,1.0,161.0,0.0,1.0
NO,2024,2024_03_PHI_NO,166,230.0,0.5,2.0,63.0,0.5,230.0,0.5,0.5
NO,2024,2024_04_NO_ATL,167,257.0,0.3333333333333333,1.6666666666666667,99.33333333333333,1.0,257.0,0.3333333333333333,0.6666666666666666
NO,2024,2024_05_NO_KC,168,252.25,0.25,1.5,96.5,0.75,252.25,0.25,0.5
NO,2024,2024_06_TB_NO,169,268.0,0.2,1.4,105.0,1.0,268.0,0.2,0.4
NO,2024,2024_07_DEN_NO,170,277.5,0.8333333333333334,1.6666666666666667,133.66666666666666,1.1666666666666667,276.0,0.8333333333333334,0.3333333333333333
NO,2024,2024_08_NO_LAC,171,261.2857142857143,0.7142857142857143,1.4285714285714286,146.71428571428572,1.2857142857142858,260.0,0.7142857142857143,0.42857142857142855
NO,2024,2024_09_NO_CAR,172,263.5,0.875,1.25,143.625,1.25,262.375,0.875,0.375
NO,2024,2024_10_ATL_NO,173,253.22222222222223,0.8888888888888888,1.2222222222222223,136.55555555555554,1.3333333333333333,252.22222222222223,0.8888888888888888,0.3333333333333333
NO,2024,2024_11_CLE_NO,174,258.5,0.8,1.2,141.0,1.4,257.6,0.8,0.3
NO,2024,2024_13_LA_NO,175,270.90909090909093,0.9090909090909091,1.0909090909090908,134.1818181818182,1.2727272727272727,270.09090909090907,0.9090909090909091,0.2727272727272727
NO,2024,2024_14_NO_NYG,176,263.5833333333333,1.0,1.0,136.0,1.25,262.8333333333333,1.0,0.25
NO,2024,2024_15_WAS_NO,177,260.7692307692308,0.9230769230769231,1.0,134.15384615384616,1.2307692307692308,260.0769230769231,0.9230769230769231,0.23076923076923078
NO,2024,2024_16_NO_GB,178,258.2857142857143,1.0,0.9285714285714286,134.35714285714286,1.1428571428571428,257.64285714285717,1.0,0.21428571428571427
NO,2024,2024_17_LV_NO,179,255.46666666666667,1.0,0.8666666666666667,137.93333333333334,1.2666666666666666,254.86666666666667,1.0,0.2
NO,2024,2024_18_NO_TB,180,254.625,1.0625,0.8125,139.0625,1.1875,254.0625,1.0625,0.1875
NYG,2014,2014_01_NYG_DET,1,,,,,,,,
NYG,2014,2014_02_ARI_NYG,2,346.0,2.0,0.0,76.0,2.0,346.0,2.0,0.0
NYG,2014,2014_03_HOU_NYG,3,256.5,1.0,0.0,100.0,1.5,256.5,1.0,0.0
NYG,2014,2014_04_NYG_WAS,4,270.6666666666667,1.0,1.0,106.33333333333333,1.3333333333333333,270.6666666666667,1.0,0.0
NYG,2014,2014_05_ATL_NYG,5,267.25,1.0,1.75,101.25,1.25,267.25,1.0,0.5
NYG,2014,2014_06_NYG_PHI,6,277.0,1.0,1.6,99.0,1.2,277.0,1.0,0.4
NYG,2014,2014_07_NYG_DAL,7,272.1666666666667,1.1666666666666667,1.6666666666666667,116.33333333333333,1.1666666666666667,272.1666666666667,1.1666666666666667,0.3333333333333333
NYG,2014,2014_09_IND_NYG,8,273.14285714285717,1.4285714285714286,1.5714285714285714,122.0,1.1428571428571428,273.14285714285717,1.4285714285714286,0.2857142857142857
NYG,2014,2014_10_NYG_SEA,9,283.25,1.75,1.375,119.0,1.0,283.25,1.75,0.25
NYG,2014,2014_11_SF_NYG,10,270.8888888888889,1.5555555555555556,1.4444444444444444,144.66666666666666,1.4444444444444444,270.8888888888889,1.5555555555555556,0.3333333333333333
NYG,2014,2014_12_DAL_NYG,11,263.1,1.5,1.3,145.0,1.3,263.1,1.5,0.4
NYG,2014,2014_13_NYG_JAX,12,264.1818181818182,1.7272727272727273,1.1818181818181819,142.63636363636363,1.1818181818181819,264.1818181818182,1.7272727272727273,0.45454545454545453
NYG,2014,2014_14_NYG_TEN,13,258.3333333333333,1.6666666666666667,1.0833333333333333,140.58333333333334,1.0833333333333333,258.3333333333333,1.6666666666666667,0.4166666666666667
NYG,2014,2014_15_WAS_NYG,14,254.30769230769232,1.5384615384615385,1.1538461538461537,134.46153846153845,1.0,254.30769230769232,1.5384615384615385,0.46153846153846156
NYG,2014,2014_16_NYG_STL,15,255.78571428571428,1.5,1.0714285714285714,135.14285714285714,0.9285714285714286,255.78571428571428,1.5,0.42857142857142855
NYG,2014,2014_17_PHI_NYG,16,258.06666666666666,1.5333333333333334,1.0666666666666667,133.2,0.9333333333333333,258.06666666666666,1.5333333333333334,0.4
NYG,2015,2015_01_NYG_DAL,17,,,,,,,,
NYG,2015,2015_02_ATL_NYG,18,356.0,3.0,2.0,80.0,0.0,356.0,3.0,1.0
NYG,2015,2015_03_WAS_NYG,19,359.5,2.0,1.0,68.0,1.0,359.5,2.0,0.5
NYG,2015,2015_04_NYG_BUF,20,345.0,1.6666666666666667,1.3333333333333333,74.66666666666667,0.6666666666666666,345.0,1.6666666666666667,0.3333333333333333
NYG,2015,2015_05_SF_NYG,21,327.25,1.5,1.25,69.75,0.5,327.25,1.5,0.5
NYG,2015,2015_06_NYG_PHI,22,314.2,1.6,1.0,80.6,0.6,314.2,1.6,0.4
NYG,2015,2015_07_DAL_NYG,23,308.5,1.5,1.3333333333333333,93.5,0.6666666666666666,308.5,1.5,0.5
NYG,2015,2015_08_NYG_NO,24,296.85714285714283,1.4285714285714286,1.5714285714285714,113.42857142857143,0.7142857142857143,296.85714285714283,1.4285714285714286,0.42857142857142855
NYG,2015,2015_09_NYG_TB,25,322.875,2.125,1.625,112.125,0.625,322.875,2.125,0.375
NYG,2015,2015_10_NE_NYG,26,314.44444444444446,1.8888888888888888,1.4444444444444444,114.77777777777777,0.6666666666666666,314.44444444444446,1.8888888888888888,0.6666666666666666
NYG,2015,2015_12_NYG_WAS,27,316.4,1.9,1.4,111.0,0.7,316.4,1.9,0.7
NYG,2015,2015_13_NYJ_NYG,28,315.09090909090907,1.8181818181818181,1.2727272727272727,110.45454545454545,0.7272727272727273,315.09090909090907,1.8181818181818181,0.6363636363636364
NYG,2015,2015_14_NYG_MIA,29,321.3333333333333,1.8333333333333333,1.1666666666666667,108.75,0.6666666666666666,321.3333333333333,1.8333333333333333,0.6666666666666666
NYG,2015,2015_15_CAR_NYG,30,314.7692307692308,1.7692307692307692,1.0769230769230769,110.23076923076923,0.7692307692307693,314.7692307692308,1.7692307692307692,0.6923076923076923
NYG,2015,2015_16_NYG_MIN,31,316.57142857142856,2.0,1.0,114.57142857142857,0.7142857142857143,316.57142857142856,2.0,0.7142857142857143
NYG,2015,2015_17_PHI_NYG,32,306.6666666666667,1.9333333333333333,0.9333333333333333,121.46666666666667,0.8666666666666667,306.6666666666667,1.9333333333333333,0.6666666666666666
NYG,2016,2016_01_NYG_DAL,33,,,,,,,,
NYG,2016,2016_02_NO_NYG,34,227.0,0.0,0.0,101.0,1.0,227.0,0.0,0.0
NYG,2016,2016_03_WAS_NYG,35,245.0,0.5,0.0,71.0,0.5,245.0,0.5,0.0
NYG,2016,2016_04_NYG_MIN,36,272.3333333333333,1.0,0.0,77.33333333333333,0.3333333333333333,272.3333333333333,1.0,0.0
NYG,2016,2016_05_NYG_GB,37,269.75,1.0,0.0,84.0,0.75,269.75,1.0,0.0
NYG,2016,2016_06_BAL_NYG,38,267.6,1.2,0.4,96.6,0.6,267.6,1.2,0.0
NYG,2016,2016_07_NYG_LA,39,274.1666666666667,1.0,0.3333333333333333,96.83333333333333,0.8333333333333334,274.1666666666667,1.0,0.0
NYG,2016,2016_09_PHI_NYG,40,276.57142857142856,1.0,0.8571428571428571,93.57142857142857,0.7142857142857143,276.57142857142856,1.0,0.0
NYG,2016,2016_10_CIN_NYG,41,287.5,0.875,1.0,93.875,0.875,287.5,0.875,0.0
NYG,2016,2016_11_CHI_NYG,42,278.22222222222223,0.8888888888888888,1.0,92.11111111111111,0.8888888888888888,278.22222222222223,0.8888888888888888,0.0
NYG,2016,2016_12_NYG_CLE,43,275.6,0.9,1.0,92.2,0.9,275.6,0.9,0.0
NYG,2016,2016_13_NYG_PIT,44,279.8181818181818,0.9090909090909091,0.9090909090909091,89.0909090909091,0.8181818181818182,279.8181818181818,0.9090909090909091,0.2727272727272727
NYG,2016,2016_14_DAL_NYG,45,280.5833333333333,1.0,0.9166666666666666,91.41666666666667,0.75,280.5833333333333,1.0,0.3333333333333333
NYG,2016,2016_15_DET_NYG,46,271.6923076923077,1.0,1.0,92.6923076923077,0.6923076923076923,271.6923076923077,1.0,0.38461538461538464
NYG,2016,2016_16_NYG_PHI,47,271.7857142857143,0.9285714285714286,1.0,90.07142857142857,0.6428571428571429,271.7857142857143,0.9285714285714286,0.42857142857142855
NYG,2016,2016_17_NYG_WAS,48,264.8666666666667,0.9333333333333333,1.0,91.93333333333334,0.6666666666666666,264.8666666666667,0.9333333333333333,0.4
NYG,2017,2017_01_NYG_DAL,49,,,,,,,,
NYG,2017,2017_02_DET_NYG,50,268.0,1.0,0.0,129.0,0.0,268.0,1.0,0.0
NYG,2017,2017_03_NYG_PHI,51,195.0,1.5,0.0,133.5,0.0,195.0,1.5,0.5
NYG,2017,2017_04_NYG_TB,52,188.66666666666666,1.3333333333333333,0.0,153.33333333333334,0.6666666666666666,188.66666666666666,1.3333333333333333,0.6666666666666666
NYG,2017,2017_05_LAC_NYG,53,224.5,1.75,0.0,142.75,0.5,224.5,1.75,0.5
NYG,2017,2017_06_NYG_DEN,54,231.2,2.0,0.2,139.0,0.4,231.2,2.0,0.4
NYG,2017,2017_07_SEA_NYG,55,258.3333333333333,1.8333333333333333,0.5,123.5,0.3333333333333333,258.3333333333333,1.8333333333333333,0.5
NYG,2017,2017_09_LA_NYG,56,269.14285714285717,2.0,0.42857142857142855,120.71428571428571,0.2857142857142857,269.14285714285717,2.0,0.5714285714285714
NYG,2017,2017_10_NYG_SF,57,274.375,2.25,0.375,125.875,0.5,273.25,2.25,0.5
NYG,2017,2017_11_KC_NYG,58,275.8888888888889,2.2222222222222223,0.4444444444444444,132.55555555555554,0.6666666666666666,274.8888888888889,2.2222222222222223,0.5555555555555556
NYG,2017,2017_12_NYG_WAS,59,271.3,2.0,0.7,132.7,0.6,270.4,2.0,0.5
NYG,2017,2017_13_NYG_OAK,60,268.6363636363636,2.0,0.7272727272727273,131.72727272727272,0.5454545454545454,267.8181818181818,2.0,0.45454545454545453
NYG,2017,2017_14_DAL_NYG,61,270.1666666666667,1.9166666666666667,0.6666666666666666,130.66666666666666,0.6666666666666666,269.4166666666667,1.9166666666666667,0.5
NYG,2017,2017_15_PHI_NYG,62,274.9230769230769,2.0,0.6153846153846154,130.0,0.6923076923076923,274.2307692307692,2.0,0.46153846153846156
NYG,2017,2017_16_NYG_ARI,63,272.2142857142857,2.142857142857143,0.5714285714285714,128.42857142857142,0.6428571428571429,271.57142857142856,2.142857142857143,0.42857142857142855
NYG,2017,2017_17_WAS_NYG,64,269.4,2.1333333333333333,0.6666666666666666,124.8,0.6,268.8,2.1333333333333333,0.4
NYG,2018,2018_01_JAX_NYG,65,,,,,,,,
NYG,2018,2018_02_NYG_DAL,66,176.0,1.0,1.0,137.0,0.0,176.0,1.0,0.0
NYG,2018,2018_03_NYG_HOU,67,168.0,1.0,0.5,137.5,0.5,168.0,1.0,0.0
NYG,2018,2018_04_NO_NYG,68,240.33333333333334,1.3333333333333333,0.6666666666666666,111.33333333333333,0.3333333333333333,240.33333333333334,1.3333333333333333,0.3333333333333333
NYG,2018,2018_05_NYG_CAR,69,237.0,1.0,0.5,126.0,1.0,237.0,1.0,0.25
NYG,2018,2018_06_PHI_NYG,70,237.0,1.2,0.8,124.4,0.8,237.0,1.2,0.2
NYG,2018,2018_07_NYG_ATL,71,243.83333333333334,1.5,0.6666666666666666,121.66666666666667,0.8333333333333334,243.83333333333334,1.5,0.16666666666666666
NYG,2018,2018_08_WAS_NYG,72,263.14285714285717,1.4285714285714286,0.5714285714285714,113.85714285714286,0.8571428571428571,263.14285714285717,1.4285714285714286,0.2857142857142857
NYG,2018,2018_10_NYG_SF,73,252.5,1.375,0.5,122.375,0.875,252.5,1.375,0.375
NYG,2018,2018_11_TB_NYG,74,252.22222222222223,1.3333333333333333,0.6666666666666666,122.55555555555556,0.8888888888888888,252.22222222222223,1.3333333333333333,0.3333333333333333
NYG,2018,2018_12_NYG_PHI,75,263.6,1.4,1.0,125.4,1.0,263.6,1.4,0.3
NYG,2018,2018_13_CHI_NYG,76,261.09090909090907,1.3636363636363635,0.9090909090909091,125.54545454545455,1.0,261.09090909090907,1.3636363636363635,0.2727272727272727
NYG,2018,2018_14_NYG_WAS,77,263.1666666666667,1.4166666666666667,1.0,124.91666666666667,1.0,263.1666666666667,1.4166666666666667,0.3333333333333333
NYG,2018,2018_15_TEN_NYG,78,260.84615384615387,1.3846153846153846,1.1538461538461537,121.76923076923077,1.0,260.84615384615387,1.3846153846153846,0.3076923076923077
NYG,2018,2018_16_NYG_IND,79,248.92857142857142,1.2857142857142858,1.0714285714285714,128.42857142857142,1.0714285714285714,248.92857142857142,1.2857142857142858,0.2857142857142857
NYG,2018,2018_17_DAL_NYG,80,256.1333333333333,1.3333333333333333,1.0666666666666667,123.13333333333334,1.1333333333333333,256.1333333333333,1.3333333333333333,0.26666666666666666
NYG,2019,2019_01_NYG_DAL,81,,,,,,,,
NYG,2019,2019_02_BUF_NYG,82,405.0,4.0,0.0,89.0,1.0,405.0,4.0,0.0
NYG,2019,2019_03_NYG_TB,83,329.0,2.5,0.0,120.0,2.0,329.0,2.5,0.0
NYG,2019,2019_04_WAS_NYG,84,346.0,2.6666666666666665,0.3333333333333333,128.0,1.3333333333333333,346.0,2.6666666666666665,0.0
NYG,2019,2019_05_MIN_NYG,85,295.5,2.0,1.25,109.75,1.0,295.5,2.0,0.0
NYG,2019,2019_06_NYG_NE,86,297.6,2.0,1.0,130.0,0.8,297.6,2.0,0.2
NYG,2019,2019_07_ARI_NYG,87,303.6666666666667,1.6666666666666667,1.0,127.33333333333333,1.1666666666666667,303.6666666666667,1.6666666666666667,0.3333333333333333
NYG,2019,2019_08_NYG_DET,88,275.14285714285717,1.4285714285714286,0.8571428571428571,131.42857142857142,1.4285714285714286,275.14285714285717,1.4285714285714286,0.2857142857142857
NYG,2019,2019_09_DAL_NYG,89,283.5,1.625,0.875,122.375,1.25,283.5,1.625,0.375
NYG,2019,2019_10_NYG_NYJ,90,280.55555555555554,1.7777777777777777,0.8888888888888888,127.88888888888889,1.1111111111111112,280.55555555555554,1.7777777777777777,0.4444444444444444
NYG,2019,2019_12_NYG_CHI,91,275.5,1.7,0.8,122.7,1.2,275.5,1.7,0.4
NYG,2019,2019_13_GB_NYG,92,275.72727272727275,1.6363636363636365,0.9090909090909091,117.45454545454545,1.1818181818181819,275.72727272727275,1.6363636363636365,0.36363636363636365
NYG,2019,2019_14_NYG_PHI,93,273.0,1.8333333333333333,0.8333333333333334,114.25,1.0833333333333333,273.0,1.8333333333333333,0.3333333333333333
NYG,2019,2019_15_MIA_NYG,94,277.0,1.8461538461538463,0.7692307692307693,114.53846153846153,1.0769230769230769,277.0,1.8461538461538463,0.38461538461538464
NYG,2019,2019_16_NYG_WAS,95,277.14285714285717,1.8571428571428572,0.7142857142857143,115.07142857142857,1.0,277.14285714285717,1.8571428571428572,0.42857142857142855
NYG,2019,2019_17_PHI_NYG,96,278.8,1.9333333333333333,0.6666666666666666,112.73333333333333,1.0666666666666667,278.8,1.9333333333333333,0.4
NYG,2020,2020_01_PIT_NYG,97,,,,,,,,
NYG,2020,2020_02_NYG_CHI,98,229.0,3.0,0.0,141.0,0.0,229.0,3.0,0.0
NYG,2020,2020_03_SF_NYG,99,209.5,2.5,1.0,138.0,0.0,209.5,2.5,0.0
NYG,2020,2020_04_NYG_LA,100,254.0,2.0,0.6666666666666666,123.0,1.0,254.0,2.0,0.0
NYG,2020,2020_05_NYG_DAL,101,240.5,1.75,0.5,106.75,1.0,240.5,1.75,0.25
NYG,2020,2020_06_WAS_NYG,102,250.0,1.6,0.6,110.6,1.2,250.0,1.6,0.4
NYG,2020,2020_07_NYG_PHI,103,255.0,1.6666666666666667,0.6666666666666666,106.5,1.0,255.0,1.6666666666666667,0.5
NYG,2020,2020_08_TB_NYG,104,269.85714285714283,1.7142857142857142,0.7142857142857143,105.0,1.0,269.85714285714283,1.7142857142857142,0.42857142857142855
NYG,2020,2020_09_NYG_WAS,105,271.0,1.75,0.625,102.0,0.875,271.0,1.75,0.5
NYG,2020,2020_10_PHI_NYG,106,283.8888888888889,1.6666666666666667,0.8888888888888888,94.77777777777777,0.8888888888888888,283.8888888888889,1.6666666666666667,0.5555555555555556
NYG,2020,2020_12_NYG_CIN,107,276.3,1.5,0.8,100.9,1.0,276.3,1.5,0.5
NYG,2020,2020_13_NYG_SEA,108,263.54545454545456,1.4545454545454546,0.8181818181818182,95.36363636363636,0.9090909090909091,263.54545454545456,1.4545454545454546,0.6363636363636364
NYG,2020,2020_14_ARI_NYG,109,263.5,1.4166666666666667,0.8333333333333334,96.66666666666667,0.8333333333333334,263.5,1.4166666666666667,0.6666666666666666
NYG,2020,2020_15_CLE_NYG,110,262.0,1.3846153846153846,0.7692307692307693,101.46153846153847,0.8461538461538461,262.0,1.3846153846153846,0.6153846153846154
NYG,2020,2020_16_NYG_BAL,111,264.5,1.4285714285714286,0.7142857142857143,101.78571428571429,0.8571428571428571,264.5,1.4285714285714286,0.5714285714285714
NYG,2020,2020_17_DAL_NYG,112,259.06666666666666,1.4666666666666666,0.6666666666666666,111.6,0.8666666666666667,259.06666666666666,1.4666666666666666,0.6
NYG,2021,2021_01_DEN_NYG,113,,,,,,,,
NYG,2021,2021_02_NYG_WAS,114,264.0,2.0,0.0,165.0,1.0,264.0,2.0,1.0
NYG,2021,2021_03_ATL_NYG,115,300.0,2.0,0.5,126.0,1.0,300.0,2.0,0.5
NYG,2021,2021_04_NYG_NO,116,281.0,2.0,0.3333333333333333,107.0,0.6666666666666666,281.0,2.0,0.6666666666666666
NYG,2021,2021_05_NYG_DAL,117,269.5,1.75,0.5,122.75,1.0,269.5,1.75,0.5
NYG,2021,2021_06_LA_NYG,118,280.4,2.0,0.6,138.4,1.0,280.4,2.0,0.6
NYG,2021,2021_07_CAR_NYG,119,275.5,2.3333333333333335,0.8333333333333334,137.16666666666666,1.0,275.5,2.3333333333333335,0.5
NYG,2021,2021_08_NYG_KC,120,256.85714285714283,2.0,0.8571428571428571,125.57142857142857,0.8571428571428571,256.85714285714283,2.0,0.42857142857142855
NYG,2021,2021_09_LV_NYG,121,259.125,1.875,0.875,123.25,0.875,259.125,1.875,0.5
NYG,2021,2021_11_NYG_TB,122,263.22222222222223,1.7777777777777777,1.0,122.55555555555556,0.7777777777777778,263.22222222222223,1.7777777777777777,0.5555555555555556
NYG,2021,2021_12_PHI_NYG,123,268.7,1.8,1.0,119.7,0.8,268.7,1.8,0.5
NYG,2021,2021_13_NYG_MIA,124,256.0,1.6363636363636365,1.1818181818181819,127.72727272727273,0.8181818181818182,256.0,1.6363636363636365,0.5454545454545454
NYG,2021,2021_14_NYG_LAC,125,255.0,1.6666666666666667,1.0833333333333333,122.75,0.75,255.0,1.6666666666666667,0.5
NYG,2021,2021_15_DAL_NYG,126,256.53846153846155,1.7692307692307692,1.0,125.0,0.7692307692307693,256.53846153846155,1.7692307692307692,0.46153846153846156
NYG,2021,2021_16_NYG_PHI,127,253.71428571428572,1.7142857142857142,0.9285714285714286,125.0,0.7857142857142857,253.71428571428572,1.7142857142857142,0.5
NYG,2021,2021_17_NYG_CHI,128,250.06666666666666,1.7333333333333334,0.8666666666666667,125.33333333333333,0.8,250.06666666666666,1.7333333333333334,0.4666666666666667
NYG,2021,2021_18_WAS_NYG,129,245.25,1.6875,0.9375,122.9375,0.875,245.25,1.6875,0.4375
NYG,2022,2022_01_NYG_TEN,130,,,,,,,,
NYG,2022,2022_02_CAR_NYG,131,266.0,2.0,0.0,93.0,0.0,266.0,2.0,0.0
NYG,2022,2022_03_DAL_NYG,132,205.5,1.5,0.0,119.5,0.0,205.5,1.5,0.5
NYG,2022,2022_04_CHI_NYG,133,208.66666666666666,1.3333333333333333,0.0,138.33333333333334,0.3333333333333333,208.66666666666666,1.3333333333333333,0.3333333333333333
NYG,2022,2022_05_NYG_GB,134,200.0,1.0,0.0,141.0,0.25,200.0,1.0,0.75
NYG,2022,2022_06_BAL_NYG,135,204.4,1.2,0.0,131.6,0.2,204.4,1.2,0.6
NYG,2022,2022_07_NYG_JAX,136,205.33333333333334,1.1666666666666667,0.16666666666666666,144.83333333333334,0.3333333333333333,205.33333333333334,1.1666666666666667,0.6666666666666666
NYG,2022,2022_08_NYG_SEA,137,220.28571428571428,1.0,0.14285714285714285,144.42857142857142,0.5714285714285714,220.28571428571428,1.0,0.7142857142857143
NYG,2022,2022_10_HOU_NYG,138,219.25,1.125,0.125,137.25,0.625,219.25,1.125,0.75
NYG,2022,2022_11_DET_NYG,139,230.33333333333334,1.1111111111111112,0.2222222222222222,133.22222222222223,0.5555555555555556,230.33333333333334,1.1111111111111112,0.7777777777777778
NYG,2022,2022_12_NYG_DAL,140,223.8,1.0,0.2,135.9,0.9,223.8,1.0,0.7
NYG,2022,2022_13_WAS_NYG,141,227.1818181818182,1.0909090909090908,0.36363636363636365,138.9090909090909,1.0,227.1818181818182,1.0909090909090908,0.6363636363636364
NYG,2022,2022_14_PHI_NYG,142,231.16666666666666,1.1666666666666667,0.3333333333333333,141.08333333333334,0.9166666666666666,231.16666666666666,1.1666666666666667,0.6666666666666666
NYG,2022,2022_15_NYG_WAS,143,230.07692307692307,1.2307692307692308,0.3076923076923077,149.69230769230768,1.1538461538461537,230.07692307692307,1.2307692307692308,0.6153846153846154
NYG,2022,2022_16_NYG_MIN,144,231.42857142857142,1.2142857142857142,0.2857142857142857,150.35714285714286,1.0714285714285714,231.42857142857142,1.2142857142857142,0.7142857142857143
NYG,2022,2022_17_IND_NYG,145,235.93333333333334,1.3333333333333333,0.26666666666666666,145.86666666666667,1.0,235.93333333333334,1.3333333333333333,0.6666666666666666
NYG,2022,2022_18_NYG_PHI,146,230.0,1.3125,0.3125,144.75,0.9375,230.0,1.3125,0.625
NYG,2023,2023_01_DAL_NYG,147,,,,,,,,
NYG,2023,2023_02_NYG_ARI,148,143.0,0.0,0.0,122.0,3.0,143.0,0.0,0.0
NYG,2023,2023_03_NYG_SF,149,185.5,0.5,0.0,136.5,2.5,185.5,0.5,0.0
NYG,2023,2023_04_SEA_NYG,150,227.0,1.0,0.0,138.0,2.0,227.0,1.0,0.0
NYG,2023,2023_05_NYG_MIA,151,213.5,1.0,0.0,133.75,1.75,213.5,1.0,0.0
NYG,2023,2023_06_NYG_BUF,152,232.4,1.2,0.4,151.4,1.8,232.4,1.2,0.2
NYG,2023,2023_07_WAS_NYG,153,221.83333333333334,1.3333333333333333,0.5,147.5,1.5,221.83333333333334,1.3333333333333333,0.3333333333333333
NYG,2023,2023_08_NYJ_NYG,154,225.71428571428572,1.1428571428571428,0.5714285714285714,137.28571428571428,1.4285714285714286,225.71428571428572,1.1428571428571428,0.2857142857142857
NYG,2023,2023_09_NYG_LV,155,227.5,1.125,0.5,127.375,1.25,227.5,1.125,0.5
NYG,2023,2023_10_NYG_DAL,156,225.44444444444446,1.0,0.4444444444444444,127.11111111111111,1.4444444444444444,225.44444444444446,1.0,0.4444444444444444
NYG,2023,2023_11_NYG_WAS,157,250.1,1.3,0.6,131.2,1.6,250.1,1.3,0.4
NYG,2023,2023_12_NE_NYG,158,250.63636363636363,1.2727272727272727,0.8181818181818182,135.0909090909091,1.5454545454545454,250.63636363636363,1.2727272727272727,0.5454545454545454
NYG,2023,2023_14_GB_NYG,159,241.66666666666666,1.1666666666666667,1.0,136.08333333333334,1.5,241.66666666666666,1.1666666666666667,0.5
NYG,2023,2023_15_NYG_NO,160,239.84615384615384,1.1538461538461537,1.0,135.07692307692307,1.4615384615384615,239.84615384615384,1.1538461538461537,0.5384615384615384
NYG,2023,2023_16_NYG_PHI,161,238.28571428571428,1.2857142857142858,0.9285714285714286,131.64285714285714,1.3571428571428572,238.28571428571428,1.2857142857142858,0.5
NYG,2023,2023_17_LA_NYG,162,242.46666666666667,1.2666666666666666,0.9333333333333333,134.2,1.4,242.46666666666667,1.2666666666666666,0.4666666666666667
NYG,2023,2023_18_PHI_NYG,163,247.125,1.25,1.0,132.375,1.5,247.125,1.25,0.5
NYG,2024,2024_01_MIN_NYG,164,,,,,,,,
NYG,2024,2024_02_NYG_WAS,165,208.0,2.0,1.0,111.0,1.0,208.0,2.0,1.0
NYG,2024,2024_03_NYG_CLE,166,217.0,1.0,0.5,163.0,0.5,217.0,1.0,0.5
NYG,2024,2024_04_DAL_NYG,167,210.0,1.3333333333333333,0.3333333333333333,131.66666666666666,0.3333333333333333,210.0,1.3333333333333333,1.0
NYG,2024,2024_05_NYG_SEA,168,212.75,1.5,0.25,118.75,0.25,212.75,1.5,0.75
NYG,2024,2024_06_CIN_NYG,169,227.0,1.4,0.2,115.4,0.2,227.0,1.4,0.8
NYG,2024,2024_07_PHI_NYG,170,223.83333333333334,1.1666666666666667,0.16666666666666666,116.33333333333333,0.5,223.83333333333334,1.1666666666666667,0.8333333333333334
NYG,2024,2024_08_NYG_PIT,171,208.14285714285714,1.1428571428571428,0.14285714285714285,138.14285714285714,0.8571428571428571,208.14285714285714,1.1428571428571428,0.7142857142857143
NYG,2024,2024_09_WAS_NYG,172,216.875,1.125,0.125,141.75,0.75,216.875,1.125,0.75
NYG,2024,2024_10_NYG_CAR,173,216.0,1.2222222222222223,0.1111111111111111,142.55555555555554,0.7777777777777778,216.0,1.2222222222222223,0.6666666666666666
NYG,2024,2024_12_TB_NYG,174,207.0,1.2,0.1,147.1,0.8,207.0,1.2,0.7
NYG,2024,2024_13_NYG_DAL,175,214.9090909090909,1.0909090909090908,0.09090909090909091,148.0,1.0909090909090908,214.9090909090909,1.0909090909090908,0.7272727272727273
NYG,2024,2024_14_NO_NYG,176,213.25,1.0833333333333333,0.08333333333333333,145.83333333333334,1.0833333333333333,213.25,1.0833333333333333,0.6666666666666666
NYG,2024,2024_15_BAL_NYG,177,213.69230769230768,1.0769230769230769,0.15384615384615385,141.69230769230768,1.0769230769230769,213.69230769230768,1.0769230769230769,0.6153846153846154
NYG,2024,2024_16_NYG_ATL,178,219.14285714285714,1.3571428571428572,0.14285714285714285,143.71428571428572,1.0,219.14285714285714,1.3571428571428572,0.6428571428571429
NYG,2024,2024_17_IND_NYG,179,218.0,1.2666666666666666,0.2,142.6,1.0666666666666667,218.0,1.2666666666666666,0.6
NYG,2024,2024_18_NYG_PHI,180,225.0,1.3125,0.3125,141.5625,1.125,225.0,1.3125,0.625
NYJ,2014,2014_01_OAK_NYJ,1,,,,,,,,
NYJ,2014,2014_02_NYJ_GB,2,151.0,2.0,0.0,25.0,0.0,151.0,2.0,0.0
NYJ,2014,2014_03_CHI_NYJ,3,248.5,2.5,0.0,52.5,0.0,248.5,2.5,0.5
NYJ,2014,2014_04_DET_NYJ,4,240.66666666666666,2.3333333333333335,0.0,55.0,0.0,240.66666666666666,2.3333333333333335,0.6666666666666666
NYJ,2014,2014_05_NYJ_SD,5,253.75,2.25,0.0,63.25,0.25,253.75,2.25,0.5
NYJ,2014,2014_06_DEN_NYJ,6,260.6,2.4,0.2,83.0,0.4,260.6,2.4,0.4
NYJ,2014,2014_07_NYJ_NE,7,256.6666666666667,2.5,0.16666666666666666,92.16666666666667,0.3333333333333333,256.6666666666667,2.5,0.3333333333333333
NYJ,2014,2014_08_BUF_NYJ,8,257.2857142857143,2.5714285714285716,0.14285714285714285,88.0,0.2857142857142857,257.2857142857143,2.5714285714285716,0.2857142857142857
NYJ,2014,2014_09_NYJ_KC,9,254.875,2.75,0.125,85.375,0.375,254.875,2.75,0.25
NYJ,2014,2014_10_PIT_NYJ,10,248.66666666666666,2.6666666666666665,0.1111111111111111,88.44444444444444,0.4444444444444444,248.66666666666666,2.6666666666666665,0.2222222222222222
NYJ,2014,2014_12_NYJ_BUF,11,258.1,2.5,0.3,83.2,0.4,258.1,2.5,0.3
NYJ,2014,2014_13_MIA_NYJ,12,255.54545454545453,2.4545454545454546,0.2727272727272727,86.18181818181819,0.5454545454545454,255.54545454545453,2.4545454545454546,0.2727272727272727
NYJ,2014,2014_14_NYJ_MIN,13,253.83333333333334,2.25,0.3333333333333333,85.16666666666667,0.5833333333333334,253.83333333333334,2.25,0.25
NYJ,2014,2014_15_NYJ_TEN,14,258.0769230769231,2.3076923076923075,0.38461538461538464,87.38461538461539,0.5384615384615384,258.0769230769231,2.230769230769231,0.23076923076923078
NYJ,2014,2014_16_NE_NYJ,15,258.2142857142857,2.142857142857143,0.35714285714285715,87.5,0.5,257.5,2.0714285714285716,0.21428571428571427
NYJ,2014,2014_17_NYJ_MIA,16,253.13333333333333,2.066666666666667,0.4,87.33333333333333,0.5333333333333333,252.46666666666667,2.0,0.2
NYJ,2015,2015_01_CLE_NYJ,17,,,,,,,,
NYJ,2015,2015_02_NYJ_IND,18,231.0,1.0,1.0,104.0,0.0,231.0,1.0,3.0
NYJ,2015,2015_03_PHI_NYJ,19,240.5,1.0,2.0,98.5,0.0,240.5,1.0,2.5
NYJ,2015,2015_04_NYJ_MIA,20,199.66666666666666,1.0,1.3333333333333333,106.66666666666667,0.3333333333333333,199.66666666666666,1.0,2.0
NYJ,2015,2015_06_WAS_NYJ,21,199.25,1.25,1.5,94.75,0.25,199.25,1.25,1.5
NYJ,2015,2015_07_NYJ_NE,22,198.6,1.2,1.6,82.6,0.2,198.6,1.2,1.2
NYJ,2015,2015_08_NYJ_OAK,23,224.66666666666666,1.3333333333333333,1.3333333333333333,71.5,0.3333333333333333,224.66666666666666,1.3333333333333333,1.0
NYJ,2015,2015_09_JAX_NYJ,24,240.14285714285714,1.7142857142857142,1.1428571428571428,78.14285714285714,0.2857142857142857,240.14285714285714,1.7142857142857142,0.8571428571428571
NYJ,2015,2015_10_BUF_NYJ,25,257.75,1.75,1.25,80.625,0.25,257.75,1.75,0.875
NYJ,2015,2015_11_NYJ_HOU,26,246.66666666666666,1.6666666666666667,1.1111111111111112,88.11111111111111,0.2222222222222222,246.66666666666666,1.6666666666666667,0.7777777777777778
NYJ,2015,2015_12_MIA_NYJ,27,247.0,1.8,1.0,91.6,0.2,247.0,1.8,0.8
NYJ,2015,2015_13_NYJ_NYG,28,256.45454545454544,1.9090909090909092,1.0,84.36363636363636,0.18181818181818182,256.45454545454544,1.9090909090909092,0.8181818181818182
NYJ,2015,2015_14_TEN_NYJ,29,259.8333333333333,1.8333333333333333,1.0,83.5,0.16666666666666666,259.8333333333333,1.8333333333333333,0.75
NYJ,2015,2015_15_NYJ_DAL,30,264.0769230769231,1.7692307692307692,1.0,78.92307692307692,0.15384615384615385,264.0769230769231,1.7692307692307692,0.6923076923076923
NYJ,2015,2015_16_NE_NYJ,31,259.14285714285717,1.7142857142857142,1.2142857142857142,82.78571428571429,0.14285714285714285,259.14285714285717,1.7142857142857142,0.6428571428571429
NYJ,2015,2015_17_NYJ_BUF,32,257.26666666666665,1.6666666666666667,1.2,81.46666666666667,0.13333333333333333,257.26666666666665,1.6666666666666667,0.6
NYJ,2016,2016_01_CIN_NYJ,33,,,,,,,,
NYJ,2016,2016_02_NYJ_BUF,34,366.0,1.0,1.0,57.0,1.0,366.0,1.0,0.0
NYJ,2016,2016_03_NYJ_KC,35,336.5,2.0,1.0,71.5,0.5,336.5,2.0,0.0
NYJ,2016,2016_04_SEA_NYJ,36,303.3333333333333,1.6666666666666667,0.6666666666666666,71.66666666666667,0.3333333333333333,303.3333333333333,1.6666666666666667,0.0
NYJ,2016,2016_05_NYJ_PIT,37,304.75,2.0,0.5,70.25,0.25,304.75,2.0,0.0
NYJ,2016,2016_06_NYJ_ARI,38,319.8,2.4,0.4,68.4,0.2,319.8,2.4,0.2
NYJ,2016,2016_07_BAL_NYJ,39,304.0,2.1666666666666665,0.3333333333333333,85.5,0.6666666666666666,304.0,2.1666666666666665,0.16666666666666666
NYJ,2016,2016_08_NYJ_CLE,40,296.0,1.8571428571428572,0.5714285714285714,74.85714285714286,0.5714285714285714,296.0,1.8571428571428572,0.14285714285714285
NYJ,2016,2016_09_NYJ_MIA,41,302.125,1.875,0.75,74.0,0.625,302.125,1.875,0.125
NYJ,2016,2016_10_LA_NYJ,42,285.1111111111111,1.7777777777777777,0.6666666666666666,81.0,0.6666666666666666,285.1111111111111,1.7777777777777777,0.1111111111111111
NYJ,2016,2016_12_NE_NYJ,43,273.1,1.6,0.6,85.4,0.6,273.1,1.6,0.1
NYJ,2016,2016_13_IND_NYJ,44,274.27272727272725,1.6363636363636365,0.5454545454545454,85.9090909090909,0.5454545454545454,274.27272727272725,1.6363636363636365,0.09090909090909091
NYJ,2016,2016_14_NYJ_SF,45,275.5,1.8333333333333333,0.5,90.33333333333333,0.5833333333333334,275.5,1.8333333333333333,0.08333333333333333
NYJ,2016,2016_15_MIA_NYJ,46,264.53846153846155,1.7692307692307692,0.46153846153846156,102.46153846153847,0.6153846153846154,264.53846153846155,1.7692307692307692,0.07692307692307693
NYJ,2016,2016_16_NYJ_NE,47,262.5,1.9285714285714286,0.5,99.92857142857143,0.5714285714285714,262.5,1.9285714285714286,0.07142857142857142
NYJ,2016,2016_17_BUF_NYJ,48,259.6666666666667,2.0,0.4666666666666667,100.86666666666666,0.6666666666666666,259.6666666666667,2.0,0.06666666666666667
NYJ,2017,2017_01_NYJ_BUF,49,,,,,,,,
NYJ,2017,2017_02_NYJ_OAK,50,224.0,2.0,1.0,190.0,1.0,224.0,2.0,0.0
NYJ,2017,2017_03_MIA_NYJ,51,227.0,2.5,0.5,185.0,2.0,227.0,2.5,0.0
NYJ,2017,2017_04_JAX_NYJ,52,224.66666666666666,2.0,1.0,133.33333333333334,1.3333333333333333,224.66666666666666,2.0,0.0
NYJ,2017,2017_05_NYJ_CLE,53,203.5,1.75,1.0,143.75,1.0,203.5,1.75,0.0
NYJ,2017,2017_06_NE_NYJ,54,219.0,1.8,1.2,143.0,0.8,219.0,1.8,0.2
NYJ,2017,2017_07_NYJ_MIA,55,225.33333333333334,1.8333333333333333,1.1666666666666667,138.83333333333334,0.8333333333333334,225.33333333333334,1.8333333333333333,0.3333333333333333
NYJ,2017,2017_08_ATL_NYJ,56,239.71428571428572,2.142857142857143,1.2857142857142858,126.57142857142857,0.7142857142857143,239.71428571428572,2.142857142857143,0.2857142857142857
NYJ,2017,2017_09_BUF_NYJ,57,241.5,2.125,1.125,128.25,0.625,241.5,2.125,0.5
NYJ,2017,2017_10_NYJ_TB,58,246.33333333333334,2.111111111111111,1.0,121.0,0.6666666666666666,246.33333333333334,2.111111111111111,0.7777777777777778
NYJ,2017,2017_12_CAR_NYJ,59,240.4,2.0,1.0,117.9,0.6,240.4,2.0,0.7
NYJ,2017,2017_13_KC_NYJ,60,233.8181818181818,1.8181818181818181,0.9090909090909091,120.36363636363636,0.7272727272727273,233.8181818181818,1.8181818181818181,0.6363636363636364
NYJ,2017,2017_14_NYJ_DEN,61,244.83333333333334,2.0,0.8333333333333334,119.66666666666667,0.6666666666666666,244.83333333333334,2.0,0.5833333333333334
NYJ,2017,2017_15_NYJ_NO,62,241.3846153846154,1.9230769230769231,0.7692307692307693,116.92307692307692,0.6923076923076923,241.3846153846154,1.9230769230769231,0.5384615384615384
NYJ,2017,2017_16_LAC_NYJ,63,244.21428571428572,1.9285714285714286,0.7857142857142857,117.92857142857143,0.7857142857142857,244.21428571428572,1.9285714285714286,0.6428571428571429
NYJ,2017,2017_17_NYJ_NE,64,247.26666666666668,1.8666666666666667,0.7333333333333333,116.0,0.8,247.26666666666668,1.8666666666666667,0.6
NYJ,2018,2018_01_NYJ_DET,65,,,,,,,,
NYJ,2018,2018_02_MIA_NYJ,66,300.0,1.0,5.0,39.0,0.0,300.0,1.0,0.0
NYJ,2018,2018_03_NYJ_CLE,67,234.0,1.5,2.5,87.0,0.5,234.0,1.5,0.5
NYJ,2018,2018_04_NYJ_JAX,68,229.33333333333334,1.0,1.6666666666666667,102.33333333333333,1.0,229.33333333333334,1.0,0.3333333333333333
NYJ,2018,2018_05_DEN_NYJ,69,269.0,1.25,1.5,108.25,1.0,269.0,1.25,0.75
NYJ,2018,2018_06_IND_NYJ,70,290.6,1.4,1.4,105.0,0.8,290.6,1.4,0.6
NYJ,2018,2018_07_MIN_NYJ,71,292.3333333333333,1.8333333333333333,1.6666666666666667,108.66666666666667,0.6666666666666666,292.3333333333333,1.8333333333333333,0.6666666666666666
NYJ,2018,2018_08_NYJ_CHI,72,285.0,1.8571428571428572,1.4285714285714286,105.71428571428571,0.8571428571428571,285.0,1.8571428571428572,0.5714285714285714
NYJ,2018,2018_09_NYJ_MIA,73,276.875,1.875,1.25,114.875,0.875,276.875,1.875,0.5
NYJ,2018,2018_10_BUF_NYJ,74,261.55555555555554,1.6666666666666667,1.1111111111111112,109.22222222222223,0.7777777777777778,261.55555555555554,1.6666666666666667,0.4444444444444444
NYJ,2018,2018_12_NE_NYJ,75,260.1,1.8,1.0,119.5,0.9,260.1,1.7,0.4
NYJ,2018,2018_13_NYJ_TEN,76,262.1818181818182,1.8181818181818181,0.9090909090909091,128.1818181818182,0.9090909090909091,262.1818181818182,1.7272727272727273,0.36363636363636365
NYJ,2018,2018_14_NYJ_BUF,77,263.8333333333333,1.8333333333333333,0.9166666666666666,128.33333333333334,0.9166666666666666,263.8333333333333,1.75,0.3333333333333333
NYJ,2018,2018_15_HOU_NYJ,78,259.38461538461536,1.6923076923076923,1.0,132.0,1.0,259.38461538461536,1.6153846153846154,0.38461538461538464
NYJ,2018,2018_16_GB_NYJ,79,261.85714285714283,1.7142857142857142,0.9285714285714286,125.92857142857143,0.9285714285714286,261.85714285714283,1.6428571428571428,0.35714285714285715
NYJ,2018,2018_17_NYJ_NE,80,273.8666666666667,1.7333333333333334,0.8666666666666667,126.0,1.0666666666666667,273.8666666666667,1.6666666666666667,0.3333333333333333
NYJ,2019,2019_01_BUF_NYJ,81,,,,,,,,
NYJ,2019,2019_02_CLE_NYJ,82,254.0,1.0,2.0,128.0,1.0,254.0,1.0,2.0
NYJ,2019,2019_03_NYJ_NE,83,289.5,1.0,1.5,99.0,1.0,289.5,1.0,1.0
NYJ,2019,2019_05_NYJ_PHI,84,299.6666666666667,1.3333333333333333,1.3333333333333333,88.66666666666667,1.3333333333333333,299.6666666666667,1.3333333333333333,0.6666666666666666
NYJ,2019,2019_06_DAL_NYJ,85,272.0,1.25,1.0,87.5,1.25,272.0,1.25,0.5
NYJ,2019,2019_07_NE_NYJ,86,273.2,1.0,0.8,95.8,1.4,273.2,1.0,0.4
NYJ,2019,2019_08_NYJ_JAX,87,269.1666666666667,1.0,0.8333333333333334,92.16666666666667,1.6666666666666667,269.1666666666667,1.0,0.3333333333333333
NYJ,2019,2019_09_NYJ_MIA,88,270.57142857142856,1.2857142857142858,0.7142857142857143,94.85714285714286,1.4285714285714286,270.57142857142856,1.2857142857142858,0.42857142857142855
NYJ,2019,2019_10_NYG_NYJ,89,272.75,1.5,0.625,89.25,1.25,272.75,1.5,0.375
NYJ,2019,2019_11_NYJ_WAS,90,276.6666666666667,1.7777777777777777,0.5555555555555556,81.88888888888889,1.1111111111111112,276.6666666666667,1.7777777777777777,0.5555555555555556
NYJ,2019,2019_12_OAK_NYJ,91,270.4,1.8,0.6,79.1,1.0,270.4,1.8,0.5
NYJ,2019,2019_13_NYJ_CIN,92,259.1818181818182,1.6363636363636365,0.6363636363636364,78.0909090909091,0.9090909090909091,259.1818181818182,1.6363636363636365,0.5454545454545454
NYJ,2019,2019_14_MIA_NYJ,93,257.8333333333333,1.5833333333333333,0.5833333333333334,75.25,0.9166666666666666,257.8333333333333,1.5833333333333333,0.5
NYJ,2019,2019_15_NYJ_BAL,94,256.84615384615387,1.4615384615384615,0.6153846153846154,78.53846153846153,0.8461538461538461,256.84615384615387,1.4615384615384615,0.46153846153846156
NYJ,2019,2019_16_PIT_NYJ,95,253.64285714285714,1.7142857142857142,0.5714285714285714,88.5,0.8571428571428571,253.64285714285714,1.7142857142857142,0.42857142857142855
NYJ,2019,2019_17_NYJ_BUF,96,250.93333333333334,1.6666666666666667,0.6666666666666666,87.6,0.8,250.93333333333334,1.6666666666666667,0.4
NYJ,2020,2020_01_NYJ_BUF,97,,,,,,,,
NYJ,2020,2020_02_SF_NYJ,98,312.0,2.0,0.0,98.0,1.0,312.0,2.0,2.0
NYJ,2020,2020_03_NYJ_IND,99,257.0,2.0,0.5,140.0,1.5,257.0,2.0,1.0
NYJ,2020,2020_04_DEN_NYJ,100,249.33333333333334,1.6666666666666667,0.3333333333333333,133.0,1.3333333333333333,249.33333333333334,1.6666666666666667,0.6666666666666666
NYJ,2020,2020_05_ARI_NYJ,101,247.5,1.75,1.0,129.0,1.5,247.5,1.75,0.5
NYJ,2020,2020_06_NYJ_MIA,102,274.0,1.6,1.0,128.6,1.8,274.0,1.6,0.4
NYJ,2020,2020_07_BUF_NYJ,103,261.6666666666667,1.8333333333333333,1.1666666666666667,125.5,1.5,261.6666666666667,1.8333333333333333,0.3333333333333333
NYJ,2020,2020_08_NYJ_KC,104,268.14285714285717,1.5714285714285714,1.0,125.57142857142857,1.2857142857142858,268.14285714285717,1.5714285714285714,0.42857142857142855
NYJ,2020,2020_09_NE_NYJ,105,290.375,2.0,0.875,116.125,1.125,290.375,2.0,0.375
NYJ,2020,2020_11_NYJ_LAC,106,288.55555555555554,1.7777777777777777,0.7777777777777778,120.88888888888889,1.3333333333333333,288.55555555555554,1.7777777777777777,0.3333333333333333
NYJ,2020,2020_12_MIA_NYJ,107,296.3,1.9,0.7,111.7,1.2,296.3,1.9,0.4
NYJ,2020,2020_13_LV_NYJ,108,292.72727272727275,1.9090909090909092,0.6363636363636364,111.0,1.0909090909090908,292.72727272727275,1.9090909090909092,0.5454545454545454
NYJ,2020,2020_14_NYJ_SEA,109,300.0833333333333,2.0,0.6666666666666666,107.75,1.0833333333333333,300.0833333333333,2.0,0.5833333333333334
NYJ,2020,2020_15_NYJ_LA,110,295.38461538461536,2.1538461538461537,0.6923076923076923,112.84615384615384,1.0769230769230769,295.38461538461536,2.1538461538461537,0.5384615384615384
NYJ,2020,2020_16_CLE_NYJ,111,289.2142857142857,2.142857142857143,0.7142857142857143,112.92857142857143,1.0,289.2142857142857,2.142857142857143,0.5
NYJ,2020,2020_17_NYJ_NE,112,288.93333333333334,2.0,0.6666666666666666,108.4,1.0666666666666667,288.93333333333334,2.0,0.6
NYJ,2021,2021_01_NYJ_CAR,113,,,,,,,,
NYJ,2021,2021_02_NE_NYJ,114,279.0,1.0,0.0,111.0,1.0,279.0,1.0,1.0
NYJ,2021,2021_03_NYJ_DEN,115,232.5,0.5,0.0,106.0,1.5,232.5,0.5,0.5
NYJ,2021,2021_04_TEN_NYJ,116,233.33333333333334,0.3333333333333333,0.0,110.66666666666667,1.6666666666666667,233.33333333333334,0.3333333333333333,0.6666666666666666
NYJ,2021,2021_05_NYJ_ATL,117,249.5,0.5,0.0,127.25,1.5,249.5,0.5,0.5
NYJ,2021,2021_07_NYJ_NE,118,268.0,0.8,0.0,123.4,1.4,268.0,0.8,0.8
NYJ,2021,2021_08_CIN_NYJ,119,291.8333333333333,1.1666666666666667,0.0,127.5,1.8333333333333333,291.8333333333333,1.1666666666666667,0.6666666666666666
NYJ,2021,2021_09_NYJ_IND,120,293.7142857142857,1.4285714285714286,0.14285714285714285,115.14285714285714,1.7142857142857142,293.7142857142857,1.4285714285714286,0.5714285714285714
NYJ,2021,2021_10_BUF_NYJ,121,291.0,1.625,0.125,133.25,1.875,291.0,1.625,0.5
NYJ,2021,2021_11_MIA_NYJ,122,299.3333333333333,1.6666666666666667,0.2222222222222222,133.88888888888889,2.111111111111111,299.3333333333333,1.6666666666666667,0.5555555555555556
NYJ,2021,2021_12_NYJ_HOU,123,296.7,1.7,0.3,132.0,2.0,296.7,1.7,0.5
NYJ,2021,2021_13_PHI_NYJ,124,284.09090909090907,1.7272727272727273,0.36363636363636365,128.72727272727272,1.8181818181818181,284.09090909090907,1.7272727272727273,0.45454545454545453
NYJ,2021,2021_14_NO_NYJ,125,280.5833333333333,1.75,0.3333333333333333,133.41666666666666,1.75,280.5833333333333,1.75,0.4166666666666667
NYJ,2021,2021_15_NYJ_MIA,126,272.46153846153845,1.6153846153846154,0.3076923076923077,138.76923076923077,1.8461538461538463,272.46153846153845,1.6153846153846154,0.38461538461538464
NYJ,2021,2021_16_JAX_NYJ,127,267.0,1.6428571428571428,0.42857142857142855,141.92857142857142,1.8571428571428572,267.0,1.6428571428571428,0.42857142857142855
NYJ,2021,2021_17_TB_NYJ,128,267.8666666666667,1.5333333333333334,0.4,141.26666666666668,1.8,267.8666666666667,1.5333333333333334,0.4666666666666667
NYJ,2021,2021_18_NYJ_BUF,129,276.75,1.625,0.4375,136.3125,1.6875,276.75,1.625,0.4375
NYJ,2022,2022_01_BAL_NYJ,130,,,,,,,,
NYJ,2022,2022_02_NYJ_CLE,131,213.0,3.0,1.0,63.0,0.0,213.0,3.0,0.0
NYJ,2022,2022_03_CIN_NYJ,132,221.0,2.0,1.0,123.5,1.5,221.0,2.0,0.0
NYJ,2022,2022_04_NYJ_PIT,133,239.0,2.3333333333333335,0.6666666666666666,105.33333333333333,1.0,239.0,2.3333333333333335,0.3333333333333333
NYJ,2022,2022_05_MIA_NYJ,134,230.25,1.75,1.5,108.75,1.25,230.25,1.75,0.25
NYJ,2022,2022_06_NYJ_GB,135,217.4,1.4,1.4,114.4,1.4,217.4,1.4,0.4
NYJ,2022,2022_07_NYJ_DEN,136,223.5,1.3333333333333333,1.1666666666666667,105.33333333333333,1.1666666666666667,223.5,1.3333333333333333,0.5
NYJ,2022,2022_08_NE_NYJ,137,223.71428571428572,1.1428571428571428,1.1428571428571428,105.28571428571429,1.1428571428571428,223.71428571428572,1.1428571428571428,0.42857142857142855
NYJ,2022,2022_09_BUF_NYJ,138,220.0,1.125,1.125,108.0,1.0,220.0,1.125,0.375
NYJ,2022,2022_11_NYJ_NE,139,218.33333333333334,1.0,1.2222222222222223,110.88888888888889,1.1111111111111112,218.33333333333334,1.0,0.3333333333333333
NYJ,2022,2022_12_CHI_NYJ,140,221.1,0.9,1.1,109.7,1.0,221.1,0.9,0.3
NYJ,2022,2022_13_NYJ_MIN,141,217.27272727272728,0.9090909090909091,1.0909090909090908,111.27272727272727,0.9090909090909091,217.27272727272728,0.9090909090909091,0.2727272727272727
NYJ,2022,2022_14_NYJ_BUF,142,213.58333333333334,0.9166666666666666,1.0,112.66666666666667,1.0,213.58333333333334,0.9166666666666666,0.25
NYJ,2022,2022_15_DET_NYJ,143,208.46153846153845,0.9230769230769231,0.9230769230769231,111.84615384615384,1.0,208.46153846153845,0.9230769230769231,0.23076923076923078
NYJ,2022,2022_16_JAX_NYJ,144,211.57142857142858,0.9285714285714286,0.8571428571428571,111.5,0.9285714285714286,211.57142857142858,0.9285714285714286,0.21428571428571427
NYJ,2022,2022_17_NYJ_SEA,145,212.73333333333332,0.8666666666666667,0.8,113.86666666666666,0.9333333333333333,212.73333333333332,0.8666666666666667,0.26666666666666666
NYJ,2022,2022_18_NYJ_MIA,146,210.875,0.9375,0.75,119.125,0.875,210.875,0.9375,0.25
NYJ,2023,2023_01_BUF_NYJ,147,,,,,,,,
NYJ,2023,2023_02_NYJ_DAL,148,236.0,1.0,3.0,97.0,0.0,236.0,1.0,0.0
NYJ,2023,2023_03_NE_NYJ,149,245.5,1.5,1.5,115.5,0.0,245.5,1.5,0.0
NYJ,2023,2023_04_KC_NYJ,150,230.66666666666666,1.3333333333333333,1.0,129.33333333333334,0.0,230.66666666666666,1.3333333333333333,0.0
NYJ,2023,2023_05_NYJ_DEN,151,223.75,1.25,1.25,148.0,0.25,223.75,1.25,0.0
NYJ,2023,2023_06_PHI_NYJ,152,218.2,1.4,1.0,146.2,0.2,218.2,1.4,0.4
NYJ,2023,2023_08_NYJ_NYG,153,228.5,1.3333333333333333,1.3333333333333333,135.16666666666666,0.3333333333333333,228.5,1.3333333333333333,0.5
NYJ,2023,2023_09_LAC_NYJ,154,196.85714285714286,1.1428571428571428,1.1428571428571428,144.85714285714286,0.42857142857142855,196.85714285714286,1.1428571428571428,0.42857142857142855
NYJ,2023,2023_10_NYJ_LV,155,189.25,1.0,1.0,137.25,0.625,189.25,1.0,0.375
NYJ,2023,2023_11_NYJ_BUF,156,185.22222222222223,1.0,1.0,138.44444444444446,0.5555555555555556,185.22222222222223,1.0,0.4444444444444444
NYJ,2023,2023_12_MIA_NYJ,157,194.2,1.2,1.0,137.6,0.5,194.2,1.2,0.4
NYJ,2023,2023_13_ATL_NYJ,158,198.63636363636363,1.1818181818181819,1.0909090909090908,140.27272727272728,0.6363636363636364,198.63636363636363,1.1818181818181819,0.45454545454545453
NYJ,2023,2023_14_HOU_NYJ,159,192.16666666666666,1.1666666666666667,1.0,136.08333333333334,0.5833333333333334,192.16666666666666,1.1666666666666667,0.4166666666666667
NYJ,2023,2023_15_NYJ_MIA,160,184.69230769230768,1.0769230769230769,0.9230769230769231,131.84615384615384,0.6153846153846154,184.69230769230768,1.0769230769230769,0.38461538461538464
NYJ,2023,2023_16_WAS_NYJ,161,187.78571428571428,1.0714285714285714,0.8571428571428571,127.92857142857143,0.7142857142857143,187.78571428571428,1.0714285714285714,0.35714285714285715
NYJ,2023,2023_17_NYJ_CLE,162,185.66666666666666,1.0666666666666667,0.9333333333333333,126.2,0.8666666666666667,185.66666666666666,1.0666666666666667,0.3333333333333333
NYJ,2023,2023_18_NYJ_NE,163,193.375,1.1875,0.9375,126.25,0.875,193.375,1.1875,0.4375
NYJ,2024,2024_01_NYJ_SF,164,,,,,,,,
NYJ,2024,2024_02_NYJ_TEN,165,231.0,0.0,0.0,180.0,2.0,231.0,0.0,0.0
NYJ,2024,2024_03_NE_NYJ,166,211.5,0.5,0.5,155.0,1.5,211.5,0.5,0.5
NYJ,2024,2024_04_DEN_NYJ,167,181.0,0.3333333333333333,0.3333333333333333,129.33333333333334,1.0,181.0,0.3333333333333333,0.6666666666666666
NYJ,2024,2024_05_NYJ_MIN,168,150.75,0.5,0.25,128.5,0.75,150.75,0.5,0.75
NYJ,2024,2024_06_BUF_NYJ,169,161.2,0.4,0.4,119.2,0.8,161.2,0.4,0.8
NYJ,2024,2024_07_NYJ_PIT,170,170.16666666666666,0.6666666666666666,0.3333333333333333,124.16666666666667,0.8333333333333334,170.16666666666666,0.6666666666666666,0.6666666666666666
NYJ,2024,2024_08_NYJ_NE,171,183.57142857142858,0.8571428571428571,0.2857142857142857,127.71428571428571,1.0,183.57142857142858,0.8571428571428571,0.5714285714285714
NYJ,2024,2024_09_HOU_NYJ,172,180.0,0.75,0.25,125.75,1.25,180.0,0.75,0.5
NYJ,2024,2024_10_NYJ_ARI,173,181.22222222222223,0.6666666666666666,0.2222222222222222,132.55555555555554,1.2222222222222223,181.22222222222223,0.6666666666666666,0.5555555555555556
NYJ,2024,2024_11_IND_NYJ,174,189.7,0.7,0.2,134.0,1.4,189.7,0.7,0.5
NYJ,2024,2024_13_SEA_NYJ,175,197.1818181818182,0.7272727272727273,0.18181818181818182,130.0909090909091,1.4545454545454546,197.1818181818182,0.7272727272727273,0.5454545454545454
NYJ,2024,2024_14_NYJ_MIA,176,197.91666666666666,0.75,0.16666666666666666,126.25,1.4166666666666667,197.91666666666666,0.75,0.5
NYJ,2024,2024_15_NYJ_JAX,177,208.15384615384616,0.8461538461538461,0.15384615384615385,119.92307692307692,1.3846153846153846,208.15384615384616,0.8461538461538461,0.46153846153846156
NYJ,2024,2024_16_LA_NYJ,178,214.28571428571428,0.9285714285714286,0.2857142857142857,121.07142857142857,1.2857142857142858,214.28571428571428,0.9285714285714286,0.42857142857142855
NYJ,2024,2024_17_NYJ_BUF,179,207.33333333333334,0.9333333333333333,0.3333333333333333,121.8,1.2666666666666666,207.33333333333334,0.9333333333333333,0.4
NYJ,2024,2024_18_MIA_NYJ,180,210.0625,1.0625,0.3125,120.25,1.3125,210.0625,1.0625,0.375
PHI,2014,2014_01_JAX_PHI,1,,,,,,,,
PHI,2014,2014_02_PHI_IND,2,266.0,2.0,0.0,64.0,0.0,266.0,2.0,1.0
PHI,2014,2014_03_WAS_PHI,3,219.0,2.5,0.5,116.5,0.0,219.0,2.5,1.0
PHI,2014,2014_04_PHI_SF,4,288.3333333333333,2.6666666666666665,0.6666666666666666,105.66666666666667,0.3333333333333333,288.3333333333333,2.6666666666666665,0.6666666666666666
PHI,2014,2014_05_STL_PHI,5,270.75,2.5,0.75,133.75,0.25,270.75,2.5,0.5
PHI,2014,2014_06_NYG_PHI,6,291.6,2.6,0.6,132.0,0.4,291.6,2.6,1.0
PHI,2014,2014_08_PHI_ARI,7,278.1666666666667,2.1666666666666665,0.5,124.33333333333333,0.3333333333333333,278.1666666666667,2.1666666666666665,1.0
PHI,2014,2014_09_PHI_HOU,8,285.42857142857144,2.142857142857143,0.42857142857142855,116.71428571428571,0.42857142857142855,285.42857142857144,2.142857142857143,1.0
PHI,2014,2014_10_CAR_PHI,9,275.125,2.125,0.5,116.875,0.375,275.125,2.125,0.875
PHI,2014,2014_11_PHI_GB,10,278.55555555555554,2.111111111111111,0.7777777777777778,115.22222222222223,0.4444444444444444,278.55555555555554,2.111111111111111,1.0
PHI,2014,2014_12_TEN_PHI,11,287.4,2.2,0.7,114.7,0.5,287.4,2.2,0.9
PHI,2014,2014_13_PHI_DAL,12,292.6363636363636,2.1818181818181817,0.7272727272727273,109.0,0.5454545454545454,292.6363636363636,2.1818181818181817,1.0
PHI,2014,2014_14_SEA_PHI,13,284.8333333333333,2.0,0.8333333333333334,107.66666666666667,0.5833333333333334,284.8333333333333,2.0,1.0
PHI,2014,2014_15_DAL_PHI,14,283.15384615384613,2.0,0.7692307692307693,113.84615384615384,0.6153846153846154,283.15384615384613,2.0,1.0769230769230769
PHI,2014,2014_16_PHI_WAS,15,281.85714285714283,2.0714285714285716,0.7142857142857143,113.92857142857143,0.7142857142857143,281.85714285714283,2.0714285714285716,1.0714285714285714
PHI,2014,2014_17_PHI_NYG,16,277.73333333333335,1.9333333333333333,0.7333333333333333,113.0,0.8666666666666667,277.73333333333335,1.9333333333333333,1.0
PHI,2015,2015_01_PHI_ATL,17,,,,,,,,
PHI,2015,2015_02_DAL_PHI,18,298.0,2.0,2.0,105.0,0.0,298.0,2.0,0.0
PHI,2015,2015_03_PHI_NYJ,19,283.0,1.5,1.0,107.0,0.0,283.0,1.5,1.0
PHI,2015,2015_04_PHI_WAS,20,283.0,1.6666666666666667,1.6666666666666667,87.0,0.0,283.0,1.6666666666666667,1.0
PHI,2015,2015_05_NO_PHI,21,284.75,1.5,1.25,97.0,0.25,284.75,1.5,1.0
PHI,2015,2015_06_NYG_PHI,22,294.8,1.6,1.2,96.8,0.2,294.8,1.6,1.4
PHI,2015,2015_07_PHI_CAR,23,277.1666666666667,1.5,1.3333333333333333,94.16666666666667,0.16666666666666666,277.1666666666667,1.5,1.3333333333333333
PHI,2015,2015_09_PHI_DAL,24,265.7142857142857,1.4285714285714286,1.5714285714285714,109.85714285714286,0.42857142857142855,265.7142857142857,1.4285714285714286,1.1428571428571428
PHI,2015,2015_10_MIA_PHI,25,269.875,1.625,1.5,112.875,0.375,269.875,1.625,1.0
PHI,2015,2015_11_TB_PHI,26,264.0,1.6666666666666667,1.3333333333333333,111.33333333333333,0.3333333333333333,264.0,1.6666666666666667,0.8888888888888888
PHI,2015,2015_12_PHI_DET,27,262.2,2.0,1.2,128.5,0.3,262.2,2.0,0.8
PHI,2015,2015_13_PHI_NE,28,269.0,2.272727272727273,1.0909090909090908,126.63636363636364,0.36363636363636365,269.0,2.272727272727273,0.7272727272727273
PHI,2015,2015_14_BUF_PHI,29,275.5833333333333,2.3333333333333335,1.1666666666666667,124.66666666666667,0.4166666666666667,275.5833333333333,2.3333333333333335,0.6666666666666666
PHI,2015,2015_15_ARI_PHI,30,275.0,2.230769230769231,1.1538461538461537,126.76923076923077,0.46153846153846156,275.0,2.230769230769231,0.6153846153846154
PHI,2015,2015_16_WAS_PHI,31,274.92857142857144,2.142857142857143,1.0714285714285714,134.14285714285714,0.6428571428571429,274.92857142857144,2.142857142857143,0.5714285714285714
PHI,2015,2015_17_PHI_NYG,32,280.93333333333334,2.2666666666666666,1.0,129.66666666666666,0.6,280.93333333333334,2.2666666666666666,0.5333333333333333
PHI,2016,2016_01_CLE_PHI,33,,,,,,,,
PHI,2016,2016_02_PHI_CHI,34,190.0,0.0,1.0,120.0,1.0,190.0,0.0,0.0
PHI,2016,2016_03_PIT_PHI,35,212.5,0.0,1.0,92.0,1.0,212.5,0.0,1.0
PHI,2016,2016_05_PHI_DET,36,227.33333333333334,0.0,1.0,71.0,0.6666666666666666,227.33333333333334,0.0,1.0
PHI,2016,2016_06_PHI_WAS,37,215.5,0.75,0.75,73.25,0.5,215.5,0.75,1.0
PHI,2016,2016_07_MIN_PHI,38,225.0,1.0,0.8,104.6,0.6,225.0,1.0,0.8
PHI,2016,2016_08_PHI_DAL,39,224.83333333333334,1.0,0.8333333333333334,102.66666666666667,0.5,224.83333333333334,1.0,1.0
PHI,2016,2016_09_PHI_NYG,40,233.71428571428572,1.1428571428571428,0.8571428571428571,114.71428571428571,0.5714285714285714,233.71428571428572,1.1428571428571428,0.8571428571428571
PHI,2016,2016_10_ATL_PHI,41,236.625,1.5,1.0,107.125,0.5,236.625,1.5,0.75
PHI,2016,2016_11_PHI_SEA,42,240.0,1.4444444444444444,1.0,100.55555555555556,0.4444444444444444,240.0,1.4444444444444444,0.6666666666666666
PHI,2016,2016_12_GB_PHI,43,244.7,1.5,0.9,105.7,0.5,244.7,1.5,0.6
PHI,2016,2016_13_PHI_CIN,44,250.9090909090909,1.5454545454545454,0.8181818181818182,102.81818181818181,0.5454545454545454,250.9090909090909,1.5454545454545454,0.5454545454545454
PHI,2016,2016_14_WAS_PHI,45,257.6666666666667,1.5833333333333333,0.75,100.91666666666667,0.5833333333333334,257.6666666666667,1.5833333333333333,0.6666666666666666
PHI,2016,2016_15_PHI_BAL,46,255.84615384615384,1.6153846153846154,0.7692307692307693,101.38461538461539,0.6923076923076923,255.84615384615384,1.6153846153846154,0.6153846153846154
PHI,2016,2016_16_NYG_PHI,47,252.28571428571428,1.6428571428571428,0.7857142857142857,104.92857142857143,0.7142857142857143,252.28571428571428,1.6428571428571428,0.6428571428571429
PHI,2016,2016_17_DAL_PHI,48,259.2,1.6,0.9333333333333333,105.53333333333333,0.6666666666666666,259.2,1.6,0.6
PHI,2017,2017_01_PHI_WAS,49,,,,,,,,
PHI,2017,2017_02_PHI_KC,50,240.0,1.0,1.0,64.0,0.0,240.0,1.0,2.0
PHI,2017,2017_03_NYG_PHI,51,245.5,1.0,0.5,88.0,1.0,245.5,1.0,1.0
PHI,2017,2017_04_PHI_LAC,52,285.6666666666667,1.6666666666666667,1.0,75.0,0.6666666666666666,285.6666666666667,1.6666666666666667,0.6666666666666666
PHI,2017,2017_05_ARI_PHI,53,301.0,1.75,0.75,70.75,0.75,301.0,1.75,0.75
PHI,2017,2017_06_PHI_CAR,54,299.0,1.6,0.6,62.8,0.6,299.0,1.6,0.6
PHI,2017,2017_07_WAS_PHI,55,289.0,1.5,1.0,65.66666666666667,0.6666666666666666,289.0,1.5,0.5
PHI,2017,2017_08_SF_PHI,56,291.0,1.7142857142857142,1.0,67.0,0.5714285714285714,291.0,1.7142857142857142,0.42857142857142855
PHI,2017,2017_09_DEN_PHI,57,275.5,1.625,1.125,70.375,0.5,275.5,1.625,0.375
PHI,2017,2017_11_PHI_DAL,58,268.0,1.5555555555555556,1.2222222222222223,66.44444444444444,0.4444444444444444,268.0,1.5555555555555556,0.3333333333333333
PHI,2017,2017_12_CHI_PHI,59,255.7,1.4,1.4,71.0,0.4,255.7,1.4,0.4
PHI,2017,2017_13_PHI_SEA,60,245.8181818181818,1.2727272727272727,1.4545454545454546,65.0909090909091,0.36363636363636365,245.8181818181818,1.2727272727272727,0.36363636363636365
PHI,2017,2017_14_PHI_LA,61,244.25,1.4166666666666667,1.3333333333333333,68.08333333333333,0.3333333333333333,244.25,1.4166666666666667,0.3333333333333333
PHI,2017,2017_15_PHI_NYG,62,240.76923076923077,1.4615384615384615,1.2307692307692308,71.23076923076923,0.46153846153846156,241.46153846153845,1.4615384615384615,0.38461538461538464
PHI,2017,2017_16_OAK_PHI,63,254.57142857142858,1.5714285714285714,1.2142857142857142,71.5,0.5,255.21428571428572,1.5714285714285714,0.35714285714285715
PHI,2017,2017_17_DAL_PHI,64,246.93333333333334,1.5333333333333334,1.2666666666666666,75.86666666666666,0.4666666666666667,247.53333333333333,1.5333333333333334,0.5333333333333333
PHI,2018,2018_01_ATL_PHI,65,,,,,,,,
PHI,2018,2018_02_PHI_TB,66,251.0,0.0,1.0,74.0,1.0,251.0,0.0,0.0
PHI,2018,2018_03_IND_PHI,67,326.5,2.0,1.0,58.5,0.5,326.5,2.0,0.5
PHI,2018,2018_04_PHI_TEN,68,272.3333333333333,1.6666666666666667,0.6666666666666666,61.666666666666664,0.3333333333333333,272.3333333333333,1.6666666666666667,0.3333333333333333
PHI,2018,2018_05_MIN_PHI,69,290.25,1.75,0.75,63.75,0.5,290.25,1.75,0.25
PHI,2018,2018_06_PHI_NYG,70,292.4,1.6,0.6,66.4,0.4,292.4,1.6,0.4
PHI,2018,2018_07_CAR_PHI,71,290.5,1.3333333333333333,0.6666666666666666,79.83333333333333,0.5,290.5,1.3333333333333333,0.3333333333333333
PHI,2018,2018_08_PHI_JAX,72,287.42857142857144,1.4285714285714286,0.5714285714285714,85.71428571428571,0.5714285714285714,287.42857142857144,1.4285714285714286,0.2857142857142857
PHI,2018,2018_10_DAL_PHI,73,287.25,1.375,0.5,83.75,0.5,287.25,1.375,0.375
PHI,2018,2018_11_PHI_NO,74,285.3333333333333,1.3333333333333333,0.4444444444444444,93.44444444444444,0.6666666666666666,285.3333333333333,1.3333333333333333,0.3333333333333333
PHI,2018,2018_12_NYG_PHI,75,294.1,1.6,0.4,101.4,0.8,294.1,1.6,0.3
PHI,2018,2018_13_WAS_PHI,76,294.3636363636364,1.5454545454545454,0.45454545454545453,103.63636363636364,0.8181818181818182,294.3636363636364,1.5454545454545454,0.2727272727272727
PHI,2018,2018_14_PHI_DAL,77,282.3333333333333,1.4166666666666667,0.5,103.66666666666667,0.8333333333333334,282.3333333333333,1.4166666666666667,0.25
PHI,2018,2018_15_PHI_LA,78,295.61538461538464,1.5384615384615385,0.6153846153846154,106.61538461538461,0.7692307692307693,295.61538461538464,1.5384615384615385,0.3076923076923077
PHI,2018,2018_16_HOU_PHI,79,298.7142857142857,1.4285714285714286,0.6428571428571429,104.85714285714286,0.8571428571428571,298.7142857142857,1.4285714285714286,0.2857142857142857
PHI,2018,2018_17_PHI_WAS,80,301.4,1.4666666666666666,0.6,102.0,0.9333333333333333,301.4,1.4666666666666666,0.3333333333333333
PHI,2019,2019_01_WAS_PHI,81,,,,,,,,
PHI,2019,2019_02_PHI_ATL,82,380.0,3.0,0.0,28.0,0.0,380.0,3.0,0.0
PHI,2019,2019_03_DET_PHI,83,350.0,3.0,1.5,42.5,0.0,350.0,3.0,0.0
PHI,2019,2019_04_PHI_GB,84,300.3333333333333,2.3333333333333335,1.0,57.0,0.3333333333333333,300.3333333333333,2.3333333333333335,0.0
PHI,2019,2019_05_NYJ_PHI,85,330.75,2.25,1.0,62.0,0.5,330.75,2.25,0.25
PHI,2019,2019_06_PHI_MIN,86,288.6,1.8,1.2,63.0,0.6,288.6,1.8,0.4
PHI,2019,2019_07_PHI_DAL,87,296.0,2.1666666666666665,1.1666666666666667,72.83333333333333,0.6666666666666666,296.0,2.1666666666666665,0.5
PHI,2019,2019_08_PHI_BUF,88,287.85714285714283,2.0,1.1428571428571428,89.42857142857143,1.0,287.85714285714283,2.0,0.42857142857142855
PHI,2019,2019_09_CHI_PHI,89,273.0,2.0,1.0,90.5,0.875,273.0,2.0,0.5
PHI,2019,2019_11_NE_PHI,90,256.55555555555554,1.7777777777777777,0.8888888888888888,87.33333333333333,1.0,256.55555555555554,1.7777777777777777,0.4444444444444444
PHI,2019,2019_12_SEA_PHI,91,254.0,1.7,0.8,86.0,0.9,254.0,1.7,0.4
PHI,2019,2019_13_PHI_MIA,92,249.0909090909091,1.6363636363636365,0.8181818181818182,94.0,0.9090909090909091,249.0909090909091,1.6363636363636365,0.45454545454545453
PHI,2019,2019_14_NYG_PHI,93,258.8333333333333,1.8333333333333333,0.8333333333333334,91.0,0.9166666666666666,258.8333333333333,1.8333333333333333,0.4166666666666667
PHI,2019,2019_15_PHI_WAS,94,254.53846153846155,1.8461538461538463,0.7692307692307693,89.61538461538461,0.8461538461538461,254.53846153846155,1.8461538461538463,0.38461538461538464
PHI,2019,2019_16_DAL_PHI,95,255.0,1.8571428571428572,0.7142857142857143,90.42857142857143,0.8571428571428571,255.0,1.8571428571428572,0.42857142857142855
PHI,2019,2019_17_PHI_NYG,96,255.66666666666666,1.7333333333333334,0.6666666666666666,88.0,0.8,255.66666666666666,1.7333333333333334,0.4666666666666667
PHI,2020,2020_01_PHI_WAS,97,,,,,,,,
PHI,2020,2020_02_LA_PHI,98,178.0,1.0,0.0,80.0,2.0,178.0,1.0,0.0
PHI,2020,2020_03_CIN_PHI,99,222.5,2.0,0.0,135.5,2.0,222.5,2.0,0.0
PHI,2020,2020_04_PHI_SF,100,252.33333333333334,2.0,0.0,106.33333333333333,1.3333333333333333,252.33333333333334,2.0,0.0
PHI,2020,2020_05_PHI_PIT,101,273.75,1.75,0.5,108.75,1.5,273.75,1.75,0.25
PHI,2020,2020_06_BAL_PHI,102,266.8,2.0,0.4,114.2,1.6,266.8,2.0,0.4
PHI,2020,2020_07_NYG_PHI,103,253.33333333333334,1.8333333333333333,0.3333333333333333,125.5,1.6666666666666667,253.33333333333334,1.8333333333333333,0.3333333333333333
PHI,2020,2020_08_DAL_PHI,104,243.85714285714286,1.8571428571428572,0.42857142857142855,130.42857142857142,1.5714285714285714,243.85714285714286,1.8571428571428572,0.5714285714285714
PHI,2020,2020_10_PHI_NYG,105,235.875,1.625,0.375,130.75,1.375,235.875,1.625,0.75
PHI,2020,2020_11_PHI_CLE,106,236.77777777777777,1.4444444444444444,0.3333333333333333,133.0,1.5555555555555556,236.77777777777777,1.4444444444444444,0.6666666666666666
PHI,2020,2020_12_SEA_PHI,107,233.5,1.3,0.3,133.4,1.5,233.5,1.3,0.7
PHI,2020,2020_13_PHI_GB,108,233.1818181818182,1.2727272727272727,0.2727272727272727,128.1818181818182,1.4545454545454546,233.1818181818182,1.2727272727272727,0.6363636363636364
PHI,2020,2020_14_NO_PHI,109,238.33333333333334,1.4166666666666667,0.25,129.91666666666666,1.4166666666666667,238.33333333333334,1.4166666666666667,0.5833333333333334
PHI,2020,2020_15_PHI_ARI,110,242.3846153846154,1.4615384615384615,0.3076923076923077,127.3076923076923,1.3846153846153846,242.3846153846154,1.4615384615384615,0.6153846153846154
PHI,2020,2020_16_PHI_DAL,111,255.92857142857142,1.5714285714285714,0.35714285714285715,125.57142857142857,1.3571428571428572,255.92857142857142,1.5714285714285714,0.7142857142857143
PHI,2020,2020_17_WAS_PHI,112,264.0,1.6666666666666667,0.4,127.26666666666667,1.3333333333333333,264.0,1.6666666666666667,0.6666666666666666
PHI,2021,2021_01_PHI_ATL,113,,,,,,,,
PHI,2021,2021_02_SF_PHI,114,164.0,0.0,0.0,124.0,0.0,164.0,0.0,0.0
PHI,2021,2021_03_PHI_DAL,115,176.5,0.5,0.0,120.5,0.5,176.5,0.5,0.0
PHI,2021,2021_04_KC_PHI,116,197.0,1.3333333333333333,0.0,133.66666666666666,1.0,197.0,1.3333333333333333,0.3333333333333333
PHI,2021,2021_05_PHI_CAR,117,217.25,2.25,0.25,150.25,1.0,217.25,2.25,0.25
PHI,2021,2021_06_TB_PHI,118,209.2,2.0,0.8,142.0,0.8,209.2,2.0,0.2
PHI,2021,2021_07_PHI_LV,119,223.83333333333334,2.0,0.8333333333333334,135.33333333333334,1.0,223.83333333333334,2.0,0.16666666666666666
PHI,2021,2021_08_PHI_DET,120,238.0,2.0,0.8571428571428571,133.0,1.1428571428571428,238.0,2.0,0.14285714285714285
PHI,2021,2021_09_LAC_PHI,121,236.0,1.75,0.75,123.5,1.125,236.0,1.75,0.25
PHI,2021,2021_10_PHI_DEN,122,249.33333333333334,1.7777777777777777,0.6666666666666666,119.66666666666667,1.1111111111111112,249.33333333333334,1.7777777777777777,0.2222222222222222
PHI,2021,2021_11_NO_PHI,123,247.0,1.6,0.6,117.3,1.1,247.0,1.6,0.3
PHI,2021,2021_12_PHI_NYG,124,244.0,1.7272727272727273,0.7272727272727273,116.54545454545455,1.0909090909090908,244.0,1.7272727272727273,0.36363636363636365
PHI,2021,2021_13_PHI_NYJ,125,240.5,1.6666666666666667,0.6666666666666666,112.66666666666667,1.0,240.5,1.6666666666666667,0.3333333333333333
PHI,2021,2021_15_WAS_PHI,126,239.3846153846154,1.6923076923076923,0.6923076923076923,109.38461538461539,1.0,239.3846153846154,1.6923076923076923,0.3076923076923077
PHI,2021,2021_16_NYG_PHI,127,236.14285714285714,1.5714285714285714,0.6428571428571429,106.07142857142857,1.0714285714285714,236.14285714285714,1.5714285714285714,0.2857142857142857
PHI,2021,2021_17_PHI_WAS,128,228.26666666666668,1.5333333333333334,0.7333333333333333,104.6,1.0,228.26666666666668,1.5333333333333334,0.26666666666666666
PHI,2021,2021_18_DAL_PHI,129,229.4375,1.4375,0.75,103.9375,1.0,229.4375,1.4375,0.25
PHI,2022,2022_01_PHI_DET,130,,,,,,,,
PHI,2022,2022_02_MIN_PHI,131,215.0,2.0,1.0,181.0,3.0,215.0,2.0,0.0
PHI,2022,2022_03_PHI_WAS,132,218.0,1.5,2.0,121.5,1.5,218.0,1.5,0.0
PHI,2022,2022_04_JAX_PHI,133,215.66666666666666,1.0,1.3333333333333333,110.0,1.3333333333333333,215.66666666666666,1.0,0.3333333333333333
PHI,2022,2022_05_PHI_ARI,134,205.25,1.25,1.25,100.25,1.0,205.25,1.25,1.25
PHI,2022,2022_06_DAL_PHI,135,214.2,1.2,1.2,105.0,1.0,214.2,1.2,1.0
PHI,2022,2022_08_PIT_PHI,136,208.66666666666666,1.1666666666666667,1.5,109.83333333333333,1.0,208.66666666666666,1.1666666666666667,0.8333333333333334
PHI,2022,2022_09_PHI_HOU,137,206.85714285714286,1.1428571428571428,1.4285714285714286,114.71428571428571,0.8571428571428571,206.85714285714286,1.1428571428571428,0.8571428571428571
PHI,2022,2022_10_WAS_PHI,138,200.25,1.25,1.5,121.375,0.75,200.25,1.25,0.75
PHI,2022,2022_11_PHI_IND,139,201.44444444444446,1.1111111111111112,1.4444444444444444,124.77777777777777,0.8888888888888888,201.44444444444446,1.1111111111111112,0.7777777777777778
PHI,2022,2022_12_GB_PHI,140,202.6,1.0,1.3,122.2,0.9,202.6,1.0,0.8
PHI,2022,2022_13_TEN_PHI,141,207.1818181818182,1.1818181818181819,1.3636363636363635,120.72727272727273,0.9090909090909091,207.1818181818182,1.1818181818181819,0.7272727272727273
PHI,2022,2022_14_PHI_NYG,142,203.0,1.1666666666666667,1.25,117.91666666666667,0.8333333333333334,203.0,1.1666666666666667,0.6666666666666666
PHI,2022,2022_15_PHI_CHI,143,204.0,1.2307692307692308,1.1538461538461537,118.3076923076923,0.8461538461538461,204.0,1.2307692307692308,0.6923076923076923
PHI,2022,2022_16_PHI_DAL,144,200.28571428571428,1.2857142857142858,1.0714285714285714,121.07142857142857,0.8571428571428571,200.28571428571428,1.2857142857142858,0.7142857142857143
PHI,2022,2022_17_NO_PHI,145,210.06666666666666,1.4,1.0666666666666667,120.66666666666667,0.8666666666666667,210.06666666666666,1.4,0.6666666666666666
PHI,2022,2022_18_NYG_PHI,146,211.25,1.3125,1.0625,121.1875,0.875,211.25,1.3125,0.625
PHI,2023,2023_01_PHI_NE,147,,,,,,,,
PHI,2023,2023_02_MIN_PHI,148,316.0,3.0,1.0,76.0,0.0,316.0,3.0,1.0
PHI,2023,2023_03_PHI_TB,149,340.0,3.5,0.5,52.0,0.0,340.0,3.5,1.5
PHI,2023,2023_04_WAS_PHI,150,275.3333333333333,2.6666666666666665,0.6666666666666666,48.333333333333336,0.0,275.3333333333333,2.6666666666666665,1.3333333333333333
PHI,2023,2023_05_PHI_LA,151,279.0,2.25,0.5,63.0,0.5,279.0,2.25,1.0
PHI,2023,2023_06_PHI_NYJ,152,267.6,2.2,0.4,61.2,0.4,267.6,2.2,0.8
PHI,2023,2023_07_MIA_PHI,153,254.0,1.8333333333333333,0.3333333333333333,65.83333333333333,0.5,254.0,1.8333333333333333,0.6666666666666666
PHI,2023,2023_08_PHI_WAS,154,248.57142857142858,1.7142857142857142,0.42857142857142855,62.857142857142854,0.42857142857142855,248.57142857142858,1.7142857142857142,0.5714285714285714
PHI,2023,2023_09_DAL_PHI,155,267.125,2.0,0.5,65.5,0.375,267.125,2.0,0.5
PHI,2023,2023_11_PHI_KC,156,279.0,2.111111111111111,0.4444444444444444,66.33333333333333,0.3333333333333333,279.0,2.111111111111111,0.5555555555555556
PHI,2023,2023_12_BUF_PHI,157,268.8,2.1,0.5,76.5,0.3,268.8,2.1,0.6
PHI,2023,2023_13_SF_PHI,158,275.1818181818182,2.090909090909091,0.5454545454545454,85.27272727272727,0.45454545454545453,275.1818181818182,2.090909090909091,0.5454545454545454
PHI,2023,2023_14_PHI_DAL,159,278.4166666666667,2.25,0.5,90.33333333333333,0.5833333333333334,278.4166666666667,2.25,0.5
PHI,2023,2023_15_PHI_SEA,160,277.84615384615387,2.230769230769231,0.46153846153846156,94.0,0.6153846153846154,277.84615384615387,2.230769230769231,0.5384615384615384
PHI,2023,2023_16_NYG_PHI,161,272.85714285714283,2.142857142857143,0.42857142857142855,94.42857142857143,0.6428571428571429,272.85714285714283,2.142857142857143,0.5
PHI,2023,2023_17_ARI_PHI,162,267.2,2.066666666666667,0.4666666666666667,95.2,0.6666666666666666,267.2,2.066666666666667,0.4666666666666667
PHI,2023,2023_18_PHI_NYG,163,265.0,2.125,0.5,103.0625,0.6875,265.0,2.125,0.4375
PHI,2024,2024_01_GB_PHI,164,,,,,,,,
PHI,2024,2024_02_ATL_PHI,165,260.0,2.0,1.0,163.0,1.0,260.0,2.0,0.0
PHI,2024,2024_03_PHI_NO,166,250.5,2.0,0.5,157.5,0.5,250.5,2.0,0.0
PHI,2024,2024_04_PHI_TB,167,214.33333333333334,1.6666666666666667,0.6666666666666666,134.66666666666666,0.3333333333333333,214.33333333333334,1.6666666666666667,0.0
PHI,2024,2024_06_CLE_PHI,168,247.5,1.75,0.5,128.75,0.75,247.5,1.75,0.0
PHI,2024,2024_07_PHI_NYG,169,231.6,1.4,0.4,123.0,0.6,231.6,1.4,0.0
PHI,2024,2024_08_PHI_CIN,170,210.5,1.1666666666666667,0.3333333333333333,115.16666666666667,0.5,210.5,1.1666666666666667,0.0
PHI,2024,2024_09_JAX_PHI,171,213.85714285714286,1.1428571428571428,0.42857142857142855,107.0,0.5714285714285714,213.85714285714286,1.1428571428571428,0.14285714285714285
PHI,2024,2024_10_PHI_DAL,172,208.25,1.0,0.625,101.125,0.75,208.25,1.0,0.125
PHI,2024,2024_11_WAS_PHI,173,192.44444444444446,0.8888888888888888,0.6666666666666666,100.66666666666667,0.6666666666666666,192.44444444444446,0.8888888888888888,0.5555555555555556
PHI,2024,2024_12_PHI_LA,174,192.3,0.9,0.7,99.9,0.7,192.3,0.9,0.5
PHI,2024,2024_13_PHI_BAL,175,196.9090909090909,1.0,0.6363636363636364,99.18181818181819,0.7272727272727273,196.9090909090909,1.0,0.5454545454545454
PHI,2024,2024_14_CAR_PHI,176,200.25,1.0833333333333333,0.5833333333333334,104.75,0.6666666666666666,200.25,1.0833333333333333,0.5
PHI,2024,2024_15_PIT_PHI,177,199.53846153846155,1.0769230769230769,0.6153846153846154,105.76923076923077,0.6923076923076923,199.53846153846155,1.0769230769230769,0.46153846153846156
PHI,2024,2024_16_PHI_WAS,178,194.42857142857142,1.0714285714285714,0.5714285714285714,102.21428571428571,0.6428571428571429,194.42857142857142,1.0714285714285714,0.5
PHI,2024,2024_17_DAL_PHI,179,198.66666666666666,1.3333333333333333,0.6666666666666666,102.93333333333334,0.6,198.66666666666666,1.3333333333333333,0.6666666666666666
PHI,2024,2024_18_NYG_PHI,180,195.5,1.3125,0.75,104.4375,0.5625,195.5,1.3125,0.75
PIT,2014,2014_01_CLE_PIT,1,,,,,,,,
PIT,2014,2014_02_PIT_BAL,2,222.0,1.0,0.0,191.0,2.0,222.0,1.0,0.0
PIT,2014,2014_03_PIT_CAR,3,194.0,1.5,0.0,174.0,1.0,194.0,1.5,0.0
PIT,2014,2014_04_TB_PIT,4,239.33333333333334,1.6666666666666667,0.0,130.0,0.6666666666666666,239.33333333333334,1.6666666666666667,0.3333333333333333
PIT,2014,2014_05_PIT_JAX,5,255.0,1.75,0.25,113.25,0.75,255.0,1.75,0.25
PIT,2014,2014_06_PIT_CLE,6,242.2,1.4,0.6,101.8,0.6,242.2,1.4,0.2
PIT,2014,2014_07_HOU_PIT,7,238.0,1.3333333333333333,0.5,111.16666666666667,1.0,238.0,1.3333333333333333,0.3333333333333333
PIT,2014,2014_08_IND_PIT,8,241.42857142857142,1.4285714285714286,0.5714285714285714,114.14285714285714,0.8571428571428571,241.42857142857142,1.4285714285714286,0.5714285714285714
PIT,2014,2014_09_BAL_PIT,9,261.25,1.625,0.75,107.75,0.875,261.25,1.625,0.5
PIT,2014,2014_10_PIT_NYJ,10,265.8888888888889,1.6666666666666667,0.7777777777777778,102.77777777777777,0.7777777777777778,265.8888888888889,1.6666666666666667,0.5555555555555556
PIT,2014,2014_11_PIT_TEN,11,252.5,1.7,0.7,107.5,0.7,252.5,1.7,0.5
PIT,2014,2014_13_NO_PIT,12,253.45454545454547,1.7272727272727273,0.7272727272727273,102.18181818181819,0.7272727272727273,253.45454545454547,1.7272727272727273,0.45454545454545453
PIT,2014,2014_14_PIT_CIN,13,253.75,2.0,0.6666666666666666,105.58333333333333,0.6666666666666666,253.75,2.0,0.4166666666666667
PIT,2014,2014_15_PIT_ATL,14,259.38461538461536,2.0,0.6153846153846154,104.07692307692308,0.6923076923076923,259.38461538461536,2.0,0.5384615384615384
PIT,2014,2014_16_KC_PIT,15,263.0,2.0,0.6428571428571429,103.57142857142857,0.6428571428571429,263.0,2.0,0.5
PIT,2014,2014_17_CIN_PIT,16,266.6,1.8666666666666667,0.6,99.26666666666667,0.6,266.6,1.8666666666666667,0.5333333333333333
PIT,2015,2015_01_PIT_NE,17,,,,,,,,
PIT,2015,2015_02_SF_PIT,18,288.0,4.0,0.0,80.0,0.0,288.0,4.0,0.0
PIT,2015,2015_03_PIT_STL,19,311.5,3.0,0.0,95.5,0.0,311.5,3.0,0.5
PIT,2015,2015_04_BAL_PIT,20,273.3333333333333,2.0,0.3333333333333333,87.33333333333333,0.0,273.3333333333333,2.0,0.3333333333333333
PIT,2015,2015_05_PIT_SD,21,251.5,1.75,0.5,113.25,0.25,251.5,1.75,0.5
PIT,2015,2015_06_ARI_PIT,22,274.2,1.8,0.6,101.0,0.2,274.2,1.8,0.6
PIT,2015,2015_07_PIT_KC,23,298.6666666666667,1.6666666666666667,0.8333333333333334,93.33333333333333,0.16666666666666666,298.6666666666667,1.6666666666666667,0.6666666666666666
PIT,2015,2015_08_CIN_PIT,24,291.85714285714283,1.5714285714285714,0.7142857142857143,99.71428571428571,0.2857142857142857,291.85714285714283,1.5714285714285714,0.5714285714285714
PIT,2015,2015_09_OAK_PIT,25,284.25,1.5,0.875,97.0,0.25,284.25,1.5,0.5
PIT,2015,2015_10_CLE_PIT,26,286.1111111111111,1.7777777777777777,0.8888888888888888,101.66666666666667,0.3333333333333333,286.1111111111111,1.7777777777777777,0.5555555555555556
PIT,2015,2015_12_PIT_SEA,27,294.7,1.7,0.9,93.0,0.3,294.7,1.7,0.7
PIT,2015,2015_13_IND_PIT,28,299.27272727272725,2.0,0.8181818181818182,93.63636363636364,0.36363636363636365,299.27272727272725,2.0,0.6363636363636364
PIT,2015,2015_14_PIT_CIN,29,292.6666666666667,1.9166666666666667,0.9166666666666666,90.33333333333333,0.3333333333333333,292.6666666666667,1.9166666666666667,0.6666666666666666
PIT,2015,2015_15_DEN_PIT,30,296.2307692307692,1.9230769230769231,1.0769230769230769,88.3076923076923,0.3076923076923077,296.2307692307692,1.9230769230769231,0.6153846153846154
PIT,2015,2015_16_PIT_BAL,31,296.2142857142857,2.0,1.0714285714285714,89.42857142857143,0.35714285714285715,296.2142857142857,2.0,0.6428571428571429
PIT,2015,2015_17_PIT_CLE,32,294.73333333333335,1.9333333333333333,1.0,91.53333333333333,0.4,294.73333333333335,1.9333333333333333,0.6
PIT,2016,2016_01_PIT_WAS,33,,,,,,,,
PIT,2016,2016_02_CIN_PIT,34,329.0,0.0,2.0,55.0,1.0,329.0,0.0,0.0
PIT,2016,2016_03_PIT_PHI,35,347.5,0.5,1.0,50.5,0.5,347.5,0.5,1.0
PIT,2016,2016_04_KC_PIT,36,332.0,1.0,0.6666666666666666,75.33333333333333,1.0,332.0,1.0,0.6666666666666666
PIT,2016,2016_05_NYJ_PIT,37,320.75,1.25,0.75,78.25,0.75,320.75,1.25,0.75
PIT,2016,2016_06_PIT_MIA,38,307.6,1.2,0.6,77.0,0.6,307.6,1.2,0.6
PIT,2016,2016_07_NE_PIT,39,298.3333333333333,1.0,0.5,101.16666666666667,1.0,298.3333333333333,1.0,0.5
PIT,2016,2016_09_PIT_BAL,40,287.42857142857144,1.1428571428571428,0.42857142857142855,106.71428571428571,1.1428571428571428,287.42857142857144,1.1428571428571428,0.5714285714285714
PIT,2016,2016_10_DAL_PIT,41,282.75,1.125,0.5,99.625,1.0,282.75,1.125,0.5
PIT,2016,2016_11_PIT_CLE,42,286.77777777777777,1.2222222222222223,0.4444444444444444,102.66666666666667,1.1111111111111112,286.77777777777777,1.2222222222222223,0.5555555555555556
PIT,2016,2016_12_PIT_IND,43,282.7,1.2,0.5,95.7,1.0,282.7,1.2,0.6
PIT,2016,2016_13_NYG_PIT,44,278.8181818181818,1.1818181818181819,0.6363636363636364,95.27272727272727,0.9090909090909091,278.8181818181818,1.1818181818181819,0.5454545454545454
PIT,2016,2016_14_PIT_BUF,45,271.8333333333333,1.25,0.75,92.0,0.8333333333333334,271.8333333333333,1.25,0.5
PIT,2016,2016_15_PIT_CIN,46,268.46153846153845,1.3076923076923077,0.7692307692307693,90.07692307692308,0.8461538461538461,268.46153846153845,1.3076923076923077,0.46153846153846156
PIT,2016,2016_16_BAL_PIT,47,260.5,1.2142857142857142,0.7857142857142857,89.07142857142857,0.9285714285714286,260.5,1.2142857142857142,0.42857142857142855
PIT,2016,2016_17_CLE_PIT,48,260.6,1.2,0.8,91.26666666666667,0.9333333333333333,260.6,1.2,0.4
PIT,2017,2017_01_PIT_CLE,49,,,,,,,,
PIT,2017,2017_02_MIN_PIT,50,222.0,1.0,1.0,57.0,1.0,222.0,1.0,0.0
PIT,2017,2017_03_PIT_CHI,51,194.5,0.5,0.5,74.0,1.0,194.5,0.5,0.5
PIT,2017,2017_04_PIT_BAL,52,163.33333333333334,0.6666666666666666,0.6666666666666666,123.33333333333333,1.3333333333333333,163.33333333333334,0.6666666666666666,0.6666666666666666
PIT,2017,2017_05_JAX_PIT,53,181.25,0.75,1.0,113.0,1.0,181.25,0.75,0.75
PIT,2017,2017_06_PIT_KC,54,164.0,0.6,1.0,136.6,1.2,164.0,0.6,0.6
PIT,2017,2017_07_CIN_PIT,55,177.66666666666666,0.6666666666666666,0.8333333333333334,118.5,1.0,177.66666666666666,0.6666666666666666,0.5
PIT,2017,2017_08_PIT_DET,56,172.28571428571428,0.8571428571428571,1.0,111.71428571428571,0.8571428571428571,172.28571428571428,0.8571428571428571,0.42857142857142855
PIT,2017,2017_10_PIT_IND,57,203.625,0.75,0.875,106.625,0.75,203.625,0.75,0.5
PIT,2017,2017_11_TEN_PIT,58,205.66666666666666,0.8888888888888888,0.8888888888888888,102.66666666666667,0.6666666666666666,205.66666666666666,0.8888888888888888,0.4444444444444444
PIT,2017,2017_12_GB_PIT,59,215.7,0.9,1.2,97.6,0.7,215.7,0.9,0.4
PIT,2017,2017_13_PIT_CIN,60,218.36363636363637,1.0909090909090908,1.0909090909090908,96.0,0.7272727272727273,218.36363636363637,1.0909090909090908,0.36363636363636365
PIT,2017,2017_14_BAL_PIT,61,219.66666666666666,1.1666666666666667,1.0,98.83333333333333,0.6666666666666666,219.66666666666666,1.1666666666666667,0.3333333333333333
PIT,2017,2017_15_NE_PIT,62,223.46153846153845,1.2307692307692308,1.0,102.92307692307692,0.8461538461538461,223.46153846153845,1.2307692307692308,0.3076923076923077
PIT,2017,2017_16_PIT_HOU,63,228.78571428571428,1.2142857142857142,1.0,101.07142857142857,0.9285714285714286,228.78571428571428,1.2142857142857142,0.2857142857142857
PIT,2017,2017_17_CLE_PIT,64,219.73333333333332,1.2,1.0,106.06666666666666,0.8666666666666667,219.73333333333332,1.2,0.3333333333333333
PIT,2018,2018_01_PIT_CLE,65,,,,,,,,
PIT,2018,2018_02_KC_PIT,66,197.0,1.0,1.0,177.0,2.0,197.0,1.0,0.0
PIT,2018,2018_03_PIT_TB,67,261.5,3.5,0.5,152.0,1.0,261.5,3.5,0.5
PIT,2018,2018_04_BAL_PIT,68,311.3333333333333,3.3333333333333335,1.3333333333333333,122.33333333333333,0.6666666666666666,311.3333333333333,3.3333333333333335,0.6666666666666666
PIT,2018,2018_05_ATL_PIT,69,324.25,3.0,1.0,115.75,0.5,324.25,3.0,0.75
PIT,2018,2018_06_PIT_CIN,70,320.4,2.6,0.8,105.0,0.6,320.4,2.6,0.8
PIT,2018,2018_08_CLE_PIT,71,305.1666666666667,2.5,0.6666666666666666,97.83333333333333,0.6666666666666666,305.1666666666667,2.5,0.6666666666666666
PIT,2018,2018_09_PIT_BAL,72,287.2857142857143,2.4285714285714284,0.7142857142857143,94.42857142857143,0.5714285714285714,287.2857142857143,2.4285714285714284,0.5714285714285714
PIT,2018,2018_10_CAR_PIT,73,278.625,2.125,0.625,90.25,0.625,278.625,2.125,0.5
PIT,2018,2018_11_PIT_JAX,74,269.1111111111111,2.111111111111111,0.6666666666666666,90.77777777777777,0.6666666666666666,269.1111111111111,2.111111111111111,0.4444444444444444
PIT,2018,2018_12_PIT_DEN,75,252.6,1.9,0.6,99.6,0.7,252.6,1.9,0.5
PIT,2018,2018_13_LAC_PIT,76,247.54545454545453,1.9090909090909092,0.5454545454545454,101.81818181818181,0.7272727272727273,247.54545454545453,1.9090909090909092,0.45454545454545453
PIT,2018,2018_14_PIT_OAK,77,251.83333333333334,1.9166666666666667,0.5,100.41666666666667,0.75,251.83333333333334,1.9166666666666667,0.4166666666666667
PIT,2018,2018_15_NE_PIT,78,257.2307692307692,1.9230769230769231,0.46153846153846156,96.92307692307692,0.7692307692307693,257.2307692307692,1.9230769230769231,0.46153846153846156
PIT,2018,2018_16_PIT_NO,79,258.7857142857143,1.8571428571428572,0.5,96.85714285714286,0.7142857142857143,258.7857142857143,1.8571428571428572,0.42857142857142855
PIT,2018,2018_17_CIN_PIT,80,263.26666666666665,1.8,0.5333333333333333,94.2,0.8666666666666667,263.26666666666665,1.8,0.4
PIT,2019,2019_01_PIT_NE,81,,,,,,,,
PIT,2019,2019_02_SEA_PIT,82,373.0,3.0,0.0,99.0,0.0,373.0,3.0,0.0
PIT,2019,2019_03_PIT_SF,83,336.5,3.0,0.0,125.0,0.5,336.5,3.0,1.0
PIT,2019,2019_04_CIN_PIT,84,316.6666666666667,2.3333333333333335,0.6666666666666666,139.33333333333334,1.0,316.6666666666667,2.3333333333333335,1.3333333333333333
PIT,2019,2019_05_BAL_PIT,85,280.25,1.75,0.75,122.75,0.75,280.25,1.75,1.25
PIT,2019,2019_06_PIT_LAC,86,256.4,1.6,1.2,125.8,0.8,256.4,1.6,1.0
PIT,2019,2019_08_MIA_PIT,87,267.0,1.6666666666666667,1.3333333333333333,110.16666666666667,0.6666666666666666,267.0,1.6666666666666667,1.0
PIT,2019,2019_09_IND_PIT,88,256.0,1.7142857142857142,1.4285714285714286,103.0,0.5714285714285714,256.0,1.7142857142857142,1.1428571428571428
PIT,2019,2019_10_LA_PIT,89,252.375,1.875,1.375,107.5,0.5,252.375,1.875,1.125
PIT,2019,2019_11_PIT_CLE,90,251.33333333333334,1.6666666666666667,1.5555555555555556,105.33333333333333,0.4444444444444444,251.33333333333334,1.6666666666666667,1.1111111111111112
PIT,2019,2019_12_PIT_CIN,91,245.5,1.7,1.4,105.2,0.5,245.5,1.7,1.0
PIT,2019,2019_13_CLE_PIT,92,240.63636363636363,1.6363636363636365,1.2727272727272727,103.45454545454545,0.45454545454545453,240.63636363636363,1.6363636363636365,1.0909090909090908
PIT,2019,2019_14_PIT_ARI,93,236.91666666666666,1.5833333333333333,1.25,103.66666666666667,0.4166666666666667,236.91666666666666,1.5833333333333333,1.0833333333333333
PIT,2019,2019_15_BUF_PIT,94,233.6153846153846,1.6153846153846154,1.3846153846153846,101.15384615384616,0.38461538461538464,233.6153846153846,1.6153846153846154,1.0
PIT,2019,2019_16_PIT_NYJ,95,226.85714285714286,1.5714285714285714,1.3571428571428572,103.21428571428571,0.42857142857142855,226.85714285714286,1.5714285714285714,1.0
PIT,2019,2019_17_PIT_BAL,96,223.93333333333334,1.5333333333333334,1.2666666666666666,102.0,0.4,223.93333333333334,1.5333333333333334,1.0
PIT,2020,2020_01_PIT_NYG,97,,,,,,,,
PIT,2020,2020_02_DEN_PIT,98,279.0,2.0,2.0,29.0,0.0,279.0,2.0,0.0
PIT,2020,2020_03_HOU_PIT,99,277.5,2.0,1.5,66.5,0.0,277.5,2.0,0.5
PIT,2020,2020_05_PHI_PIT,100,273.0,2.0,1.3333333333333333,54.0,0.3333333333333333,273.0,2.0,0.3333333333333333
PIT,2020,2020_06_CLE_PIT,101,273.75,2.0,1.5,64.0,0.75,273.75,2.0,0.25
PIT,2020,2020_07_PIT_TEN,102,252.0,1.8,1.6,66.2,0.6,252.0,1.8,0.2
PIT,2020,2020_08_PIT_BAL,103,246.66666666666666,1.8333333333333333,1.3333333333333333,68.83333333333333,0.6666666666666666,246.66666666666666,1.8333333333333333,0.16666666666666666
PIT,2020,2020_09_PIT_DAL,104,241.14285714285714,1.8571428571428572,1.4285714285714286,96.85714285714286,0.7142857142857143,241.14285714285714,1.8571428571428572,0.42857142857142855
PIT,2020,2020_10_CIN_PIT,105,241.375,1.75,1.375,102.75,0.625,241.375,1.75,0.5
PIT,2020,2020_11_PIT_JAX,106,238.22222222222223,1.6666666666666667,1.2222222222222223,106.77777777777777,0.5555555555555556,238.22222222222223,1.6666666666666667,0.5555555555555556
PIT,2020,2020_12_BAL_PIT,107,229.5,1.5,1.5,103.4,0.5,229.5,1.5,0.5
PIT,2020,2020_13_WAS_PIT,108,218.63636363636363,1.4545454545454546,1.4545454545454546,105.72727272727273,0.5454545454545454,218.63636363636363,1.4545454545454546,0.5454545454545454
PIT,2020,2020_14_PIT_BUF,109,225.08333333333334,1.4166666666666667,1.3333333333333333,100.66666666666667,0.5833333333333334,225.08333333333334,1.4166666666666667,0.5
PIT,2020,2020_15_PIT_CIN,110,226.07692307692307,1.4615384615384615,1.3076923076923077,100.92307692307692,0.5384615384615384,226.07692307692307,1.4615384615384615,0.5384615384615384
PIT,2020,2020_16_IND_PIT,111,216.28571428571428,1.4285714285714286,1.2142857142857142,104.57142857142857,0.6428571428571429,216.28571428571428,1.4285714285714286,0.5
PIT,2020,2020_17_PIT_CLE,112,219.86666666666667,1.4,1.2,106.06666666666666,0.7333333333333333,219.86666666666667,1.4,0.5333333333333333
PIT,2021,2021_01_PIT_BUF,113,,,,,,,,
PIT,2021,2021_02_LV_PIT,114,270.0,1.0,0.0,117.0,0.0,270.0,1.0,1.0
PIT,2021,2021_03_CIN_PIT,115,326.0,1.5,0.0,84.5,0.0,326.0,1.5,0.5
PIT,2021,2021_04_PIT_GB,116,274.6666666666667,2.0,0.3333333333333333,88.33333333333333,0.0,274.6666666666667,2.0,0.3333333333333333
PIT,2021,2021_05_DEN_PIT,117,268.0,2.0,0.25,99.0,0.25,268.0,2.0,0.5
PIT,2021,2021_06_SEA_PIT,118,272.0,2.0,0.4,100.4,0.2,272.0,2.0,0.4
PIT,2021,2021_08_PIT_CLE,119,261.5,1.8333333333333333,0.3333333333333333,107.66666666666667,0.3333333333333333,261.5,1.8333333333333333,0.5
PIT,2021,2021_09_CHI_PIT,120,256.2857142857143,1.5714285714285714,0.2857142857142857,106.0,0.42857142857142855,256.2857142857143,1.5714285714285714,0.5714285714285714
PIT,2021,2021_10_DET_PIT,121,260.625,1.5,0.375,109.75,0.5,260.625,1.5,0.5
PIT,2021,2021_11_PIT_LAC,122,244.33333333333334,1.3333333333333333,0.3333333333333333,123.0,0.6666666666666666,244.33333333333334,1.3333333333333333,0.4444444444444444
PIT,2021,2021_12_PIT_CIN,123,258.1,1.5,0.4,126.6,0.8,258.1,1.5,0.4
PIT,2021,2021_13_BAL_PIT,124,251.9090909090909,1.4545454545454546,0.45454545454545453,133.0909090909091,1.0,251.9090909090909,1.4545454545454546,0.36363636363636365
PIT,2021,2021_14_PIT_MIN,125,252.0,1.4166666666666667,0.5,130.91666666666666,1.0,252.0,1.4166666666666667,0.3333333333333333
PIT,2021,2021_15_TEN_PIT,126,249.23076923076923,1.4615384615384615,0.6153846153846154,139.46153846153845,1.0769230769230769,249.23076923076923,1.4615384615384615,0.3076923076923077
PIT,2021,2021_16_PIT_KC,127,242.35714285714286,1.3571428571428572,0.6428571428571429,143.85714285714286,1.0714285714285714,242.35714285714286,1.3571428571428572,0.5
PIT,2021,2021_17_CLE_PIT,128,243.4,1.4666666666666666,0.6,142.73333333333332,1.0666666666666667,243.4,1.4666666666666666,0.4666666666666667
PIT,2021,2021_18_PIT_BAL,129,239.75,1.5,0.6875,139.625,1.0,239.75,1.5,0.4375
PIT,2022,2022_01_PIT_CIN,130,,,,,,,,
PIT,2022,2022_02_NE_PIT,131,338.0,2.0,4.0,133.0,0.0,338.0,2.0,1.0
PIT,2022,2022_03_PIT_CLE,132,295.0,1.5,2.5,128.5,0.5,295.0,1.5,0.5
PIT,2022,2022_04_NYJ_PIT,133,270.0,1.6666666666666667,1.6666666666666667,142.66666666666666,0.6666666666666666,270.0,1.6666666666666667,0.3333333333333333
PIT,2022,2022_05_PIT_BUF,134,266.0,1.75,1.75,131.5,0.75,266.0,1.75,0.25
PIT,2022,2022_06_TB_PIT,135,299.2,2.2,1.6,129.2,0.8,299.2,2.2,0.4
PIT,2022,2022_07_PIT_MIA,136,289.8333333333333,2.0,1.3333333333333333,120.16666666666667,0.6666666666666666,289.8333333333333,2.0,0.3333333333333333
PIT,2022,2022_08_PIT_PHI,137,285.7142857142857,1.8571428571428572,1.1428571428571428,118.85714285714286,0.5714285714285714,285.7142857142857,1.8571428571428572,0.2857142857142857
PIT,2022,2022_10_NO_PIT,138,288.5,2.125,1.0,117.875,0.625,288.5,2.125,0.25
PIT,2022,2022_11_CIN_PIT,139,275.77777777777777,2.0,1.1111111111111112,108.0,0.5555555555555556,275.77777777777777,2.0,0.2222222222222222
PIT,2022,2022_12_PIT_IND,140,283.7,2.2,1.2,103.4,0.5,283.7,2.2,0.2
PIT,2022,2022_13_PIT_ATL,141,276.0,2.090909090909091,1.1818181818181819,104.0,0.5454545454545454,276.0,2.090909090909091,0.2727272727272727
PIT,2022,2022_14_BAL_PIT,142,266.9166666666667,2.0,1.1666666666666667,107.5,0.5,266.9166666666667,2.0,0.25
PIT,2022,2022_15_PIT_CAR,143,254.3846153846154,1.8461538461538463,1.0769230769230769,115.76923076923077,0.5384615384615384,254.3846153846154,1.8461538461538463,0.23076923076923078
PIT,2022,2022_16_LV_PIT,144,252.28571428571428,1.7857142857142858,1.0,109.0,0.5,252.28571428571428,1.7857142857142858,0.21428571428571427
PIT,2022,2022_17_PIT_BAL,145,247.06666666666666,1.7333333333333334,1.1333333333333333,105.6,0.4666666666666667,247.06666666666666,1.7333333333333334,0.2
PIT,2022,2022_18_CLE_PIT,146,239.75,1.6875,1.125,106.5,0.4375,239.75,1.6875,0.1875
PIT,2023,2023_01_SF_PIT,147,,,,,,,,
PIT,2023,2023_02_CLE_PIT,148,220.0,2.0,0.0,188.0,1.0,220.0,2.0,1.0
PIT,2023,2023_03_PIT_LV,149,227.5,1.5,0.5,193.0,1.0,227.5,1.5,2.0
PIT,2023,2023_04_PIT_HOU,150,259.6666666666667,1.6666666666666667,1.3333333333333333,151.66666666666666,0.6666666666666666,259.6666666666667,1.6666666666666667,1.3333333333333333
PIT,2023,2023_05_BAL_PIT,151,272.75,2.0,1.0,148.5,0.5,272.75,2.0,1.0
PIT,2023,2023_07_PIT_LA,152,265.4,1.6,1.0,143.8,0.6,265.4,1.6,1.2
PIT,2023,2023_08_JAX_PIT,153,259.6666666666667,1.5,1.0,142.33333333333334,0.6666666666666666,259.6666666666667,1.5,1.0
PIT,2023,2023_09_TEN_PIT,154,264.2857142857143,1.4285714285714286,1.0,137.14285714285714,0.5714285714285714,264.2857142857143,1.4285714285714286,1.1428571428571428
PIT,2023,2023_10_GB_PIT,155,264.0,1.25,1.0,133.125,0.625,264.0,1.25,1.0
PIT,2023,2023_11_PIT_CLE,156,266.77777777777777,1.3333333333333333,1.1111111111111112,131.22222222222223,0.5555555555555556,266.77777777777777,1.3333333333333333,0.8888888888888888
PIT,2023,2023_12_PIT_CIN,157,256.6,1.2,1.1,127.7,0.6,256.6,1.2,0.8
PIT,2023,2023_13_ARI_PIT,158,253.9090909090909,1.1818181818181819,1.0909090909090908,118.36363636363636,0.5454545454545454,253.9090909090909,1.1818181818181819,0.7272727272727273
PIT,2023,2023_14_NE_PIT,159,244.83333333333334,1.1666666666666667,1.0,121.0,0.6666666666666666,244.83333333333334,1.1666666666666667,0.6666666666666666
PIT,2023,2023_15_PIT_IND,160,244.46153846153845,1.3076923076923077,1.0,117.92307692307692,0.6153846153846154,244.46153846153845,1.3076923076923077,0.6153846153846154
PIT,2023,2023_16_CIN_PIT,161,242.35714285714286,1.4285714285714286,0.9285714285714286,121.64285714285714,0.5714285714285714,242.35714285714286,1.4285714285714286,0.5714285714285714
PIT,2023,2023_17_PIT_SEA,162,248.53333333333333,1.4,1.0666666666666667,117.46666666666667,0.5333333333333333,248.53333333333333,1.4,0.5333333333333333
PIT,2023,2023_18_PIT_BAL,163,251.125,1.375,1.0,115.625,0.5625,251.125,1.375,0.5625
PIT,2024,2024_01_PIT_ATL,164,,,,,,,,
PIT,2024,2024_02_PIT_DEN,165,155.0,1.0,2.0,89.0,0.0,155.0,1.0,0.0
PIT,2024,2024_03_LAC_PIT,166,200.5,0.5,2.0,76.5,0.0,200.5,0.5,0.0
PIT,2024,2024_04_PIT_IND,167,183.33333333333334,0.6666666666666666,1.3333333333333333,71.33333333333333,0.0,183.33333333333334,0.6666666666666666,0.0
PIT,2024,2024_05_DAL_PIT,168,197.25,1.0,1.0,86.75,0.25,197.25,1.0,0.0
PIT,2024,2024_06_PIT_LV,169,228.2,1.2,1.2,91.2,0.2,228.2,1.2,0.2
PIT,2024,2024_07_NYJ_PIT,170,228.0,1.1666666666666667,1.1666666666666667,85.5,0.3333333333333333,228.0,1.1666666666666667,0.5
PIT,2024,2024_08_NYG_PIT,171,234.85714285714286,1.1428571428571428,1.2857142857142858,81.0,0.42857142857142855,234.85714285714286,1.1428571428571428,0.42857142857142855
PIT,2024,2024_10_PIT_WAS,172,238.5,1.0,1.25,90.5,0.5,238.5,1.0,0.5
PIT,2024,2024_11_BAL_PIT,173,234.44444444444446,0.8888888888888888,1.1111111111111112,87.11111111111111,0.7777777777777778,234.44444444444446,0.8888888888888888,0.4444444444444444
PIT,2024,2024_12_PIT_CLE,174,231.7,0.9,1.1,90.8,0.8,231.7,0.9,0.6
PIT,2024,2024_13_PIT_CIN,175,230.54545454545453,0.8181818181818182,1.0909090909090908,90.27272727272727,1.0,230.54545454545453,0.8181818181818182,0.7272727272727273
PIT,2024,2024_14_CLE_PIT,176,237.08333333333334,1.0,1.0833333333333333,90.5,1.0,237.08333333333334,1.0,0.8333333333333334
PIT,2024,2024_15_PIT_PHI,177,235.15384615384616,1.0769230769230769,1.1538461538461537,91.53846153846153,0.9230769230769231,235.15384615384616,1.0769230769230769,0.7692307692307693
PIT,2024,2024_16_PIT_BAL,178,239.07142857142858,1.1428571428571428,1.0714285714285714,94.35714285714286,0.9285714285714286,239.07142857142858,1.1428571428571428,0.7857142857142857
PIT,2024,2024_17_KC_PIT,179,236.93333333333334,1.2666666666666666,1.0666666666666667,102.73333333333333,0.8666666666666667,236.93333333333334,1.2666666666666666,0.7333333333333333
PIT,2024,2024_18_CIN_PIT,180,242.125,1.375,1.0,100.625,0.875,242.125,1.375,0.6875
SEA,2014,2014_01_GB_SEA,1,,,,,,,,
SEA,2014,2014_02_SEA_SD,2,189.0,1.0,1.0,80.0,1.0,189.0,1.0,0.0
SEA,2014,2014_03_DEN_SEA,3,236.5,2.0,0.5,90.5,0.5,236.5,2.0,0.0
SEA,2014,2014_05_SEA_WAS,4,258.6666666666667,2.0,0.6666666666666666,72.33333333333333,0.3333333333333333,258.6666666666667,2.0,0.3333333333333333
SEA,2014,2014_06_DAL_SEA,5,264.75,2.0,0.5,62.25,0.25,264.75,2.0,0.25
SEA,2014,2014_07_SEA_STL,6,261.8,2.0,0.4,82.2,0.4,261.8,2.0,0.4
SEA,2014,2014_08_SEA_CAR,7,247.0,2.0,0.3333333333333333,85.5,0.5,247.0,2.0,0.3333333333333333
SEA,2014,2014_09_OAK_SEA,8,236.14285714285714,1.7142857142857142,0.42857142857142855,89.57142857142857,0.42857142857142855,236.14285714285714,1.7142857142857142,0.42857142857142855
SEA,2014,2014_10_NYG_SEA,9,230.875,1.75,0.625,83.0,0.375,230.875,1.75,0.375
SEA,2014,2014_11_SEA_KC,10,236.66666666666666,1.6666666666666667,0.6666666666666666,79.77777777777777,0.4444444444444444,236.66666666666666,1.6666666666666667,0.4444444444444444
SEA,2014,2014_12_ARI_SEA,11,223.8,1.5,0.6,90.8,0.7,223.8,1.5,0.6
SEA,2014,2014_13_SEA_SF,12,217.0,1.3636363636363635,0.6363636363636364,88.36363636363636,0.6363636363636364,217.0,1.3636363636363635,0.5454545454545454
SEA,2014,2014_14_SEA_PHI,13,209.0,1.25,0.75,86.33333333333333,0.5833333333333334,209.0,1.25,0.5
SEA,2014,2014_15_SF_SEA,14,200.30769230769232,1.3076923076923077,0.7692307692307693,84.07692307692308,0.5384615384615384,200.30769230769232,1.3076923076923077,0.5384615384615384
SEA,2014,2014_16_SEA_ARI,15,196.07142857142858,1.2142857142857142,0.7142857142857143,88.07142857142857,0.5714285714285714,196.07142857142858,1.2142857142857142,0.5
SEA,2014,2014_17_STL_SEA,16,197.4,1.1333333333333333,0.7333333333333333,84.13333333333334,0.5333333333333333,197.4,1.1333333333333333,0.4666666666666667
SEA,2015,2015_01_SEA_STL,17,,,,,,,,
SEA,2015,2015_02_SEA_GB,18,297.0,1.0,0.0,76.0,2.0,297.0,1.0,3.0
SEA,2015,2015_03_CHI_SEA,19,273.0,1.5,0.0,101.5,1.0,273.0,1.5,2.0
SEA,2015,2015_04_DET_SEA,20,203.0,1.0,0.0,100.33333333333333,0.6666666666666666,203.0,1.0,1.3333333333333333
SEA,2015,2015_05_SEA_CIN,21,203.0,0.75,0.0,88.5,0.5,203.0,0.75,1.0
SEA,2015,2015_06_CAR_SEA,22,228.6,1.0,0.2,92.6,0.6,228.6,1.0,1.0
SEA,2015,2015_07_SEA_SF,23,235.33333333333334,1.0,0.5,99.66666666666667,1.0,235.33333333333334,1.0,0.8333333333333334
SEA,2015,2015_08_SEA_DAL,24,219.42857142857142,0.8571428571428571,0.42857142857142855,94.14285714285714,0.8571428571428571,219.42857142857142,0.8571428571428571,0.7142857142857143
SEA,2015,2015_10_ARI_SEA,25,204.125,0.75,0.375,98.5,0.75,204.125,0.75,0.625
SEA,2015,2015_11_SF_SEA,26,221.77777777777777,1.0,0.4444444444444444,100.55555555555556,0.7777777777777778,221.77777777777777,1.0,0.7777777777777778
SEA,2015,2015_12_PIT_SEA,27,226.0,1.0,0.4,96.4,0.7,226.0,1.0,0.7
SEA,2015,2015_13_SEA_MIN,28,250.0,1.0,0.7272727272727273,92.9090909090909,0.8181818181818182,250.0,1.0,0.6363636363636364
SEA,2015,2015_14_SEA_BAL,29,239.0,0.9166666666666666,0.75,87.75,0.75,239.0,0.9166666666666666,0.5833333333333334
SEA,2015,2015_15_CLE_SEA,30,241.69230769230768,0.8461538461538461,0.7692307692307693,83.15384615384616,0.6923076923076923,241.69230769230768,0.8461538461538461,0.6153846153846154
SEA,2015,2015_16_STL_SEA,31,235.92857142857142,0.8571428571428571,0.7857142857142857,83.92857142857143,0.6428571428571429,235.92857142857142,0.8571428571428571,0.5714285714285714
SEA,2015,2015_17_SEA_ARI,32,227.06666666666666,0.8666666666666667,0.7333333333333333,85.13333333333334,0.6666666666666666,227.06666666666666,0.8666666666666667,0.5333333333333333
SEA,2016,2016_01_MIA_SEA,33,,,,,,,,
SEA,2016,2016_02_SEA_LA,34,186.0,0.0,0.0,64.0,1.0,186.0,0.0,0.0
SEA,2016,2016_03_SF_SEA,35,212.5,0.0,0.0,64.0,0.5,212.5,0.0,0.0
SEA,2016,2016_04_SEA_NYJ,36,181.33333333333334,0.0,0.3333333333333333,87.66666666666667,1.0,181.33333333333334,0.0,0.0
SEA,2016,2016_06_ATL_SEA,37,201.25,0.25,1.0,80.25,0.75,201.25,0.25,0.0
SEA,2016,2016_07_SEA_ARI,38,228.0,0.8,1.0,74.6,0.6,228.0,0.8,0.2
SEA,2016,2016_08_SEA_NO,39,247.0,0.6666666666666666,0.8333333333333334,84.16666666666667,0.5,247.0,0.6666666666666666,0.16666666666666666
SEA,2016,2016_09_BUF_SEA,40,249.57142857142858,0.7142857142857143,0.7142857142857143,89.71428571428571,0.5714285714285714,249.57142857142858,0.7142857142857143,0.2857142857142857
SEA,2016,2016_10_SEA_NE,41,254.5,0.75,0.75,98.75,0.75,254.5,0.75,0.25
SEA,2016,2016_11_PHI_SEA,42,261.3333333333333,0.6666666666666666,0.7777777777777778,96.77777777777777,1.0,261.3333333333333,0.6666666666666666,0.3333333333333333
SEA,2016,2016_12_SEA_TB,43,257.0,0.8,0.9,98.4,0.9,257.0,0.8,0.3
SEA,2016,2016_13_CAR_SEA,44,253.63636363636363,0.9090909090909091,0.9090909090909091,100.18181818181819,0.8181818181818182,253.63636363636363,0.9090909090909091,0.36363636363636365
SEA,2016,2016_14_SEA_GB,45,247.66666666666666,0.9166666666666666,0.9166666666666666,99.25,0.75,247.66666666666666,0.9166666666666666,0.4166666666666667
SEA,2016,2016_15_LA_SEA,46,247.53846153846155,1.0769230769230769,0.8461538461538461,98.76923076923077,0.8461538461538461,247.53846153846155,1.0769230769230769,0.38461538461538464
SEA,2016,2016_16_ARI_SEA,47,241.78571428571428,1.0,0.7857142857142857,95.07142857142857,0.7857142857142857,241.78571428571428,1.0,0.35714285714285715
SEA,2016,2016_17_SEA_SF,48,244.6,1.0,0.7333333333333333,95.0,0.9333333333333333,244.6,1.0,0.4
SEA,2017,2017_01_SEA_GB,49,,,,,,,,
SEA,2017,2017_02_SF_SEA,50,311.0,1.0,1.0,84.0,1.0,311.0,1.0,0.0
SEA,2017,2017_03_SEA_TEN,51,205.0,0.5,1.0,121.5,0.5,205.0,0.5,0.0
SEA,2017,2017_04_IND_SEA,52,211.66666666666666,1.0,0.6666666666666666,146.0,0.6666666666666666,211.66666666666666,1.0,0.0
SEA,2017,2017_05_SEA_LA,53,198.0,1.0,0.75,134.0,0.75,198.0,1.0,0.25
SEA,2017,2017_07_SEA_NYG,54,216.0,0.8,1.0,127.2,0.8,216.0,0.8,0.4
SEA,2017,2017_08_HOU_SEA,55,202.33333333333334,0.8333333333333334,0.8333333333333334,113.66666666666667,0.6666666666666666,202.33333333333334,0.8333333333333334,0.5
SEA,2017,2017_09_WAS_SEA,56,230.85714285714286,1.2857142857142858,1.1428571428571428,117.71428571428571,0.7142857142857143,230.85714285714286,1.2857142857142858,0.42857142857142855
SEA,2017,2017_10_SEA_ARI,57,232.875,1.125,1.0,109.375,0.875,232.875,1.125,0.5
SEA,2017,2017_11_ATL_SEA,58,237.33333333333334,1.1111111111111112,0.8888888888888888,101.0,0.8888888888888888,237.33333333333334,1.1111111111111112,0.5555555555555556
SEA,2017,2017_12_SEA_SF,59,233.1,1.2,0.8,99.8,0.9,233.1,1.2,0.5
SEA,2017,2017_13_PHI_SEA,60,231.8181818181818,1.1818181818181819,0.8181818181818182,98.36363636363636,0.8181818181818182,231.8181818181818,1.1818181818181819,0.45454545454545453
SEA,2017,2017_14_SEA_JAX,61,241.5,1.1666666666666667,0.8333333333333334,98.33333333333333,0.75,241.5,1.1666666666666667,0.4166666666666667
SEA,2017,2017_15_LA_SEA,62,243.53846153846155,1.2307692307692308,0.7692307692307693,102.76923076923077,0.7692307692307693,243.53846153846155,1.2307692307692308,0.38461538461538464
SEA,2017,2017_16_SEA_DAL,63,235.0,1.2857142857142858,0.7857142857142857,112.85714285714286,0.9285714285714286,235.0,1.2857142857142858,0.35714285714285715
SEA,2017,2017_17_ARI_SEA,64,231.4,1.2,0.8666666666666667,113.86666666666666,0.8666666666666667,231.4,1.2,0.4
SEA,2018,2018_01_SEA_DEN,65,,,,,,,,
SEA,2018,2018_02_SEA_CHI,66,329.0,3.0,3.0,146.0,0.0,329.0,3.0,0.0
SEA,2018,2018_03_DAL_SEA,67,264.5,2.5,2.5,116.0,0.0,264.5,2.5,0.0
SEA,2018,2018_04_SEA_ARI,68,232.33333333333334,2.0,2.3333333333333335,132.66666666666666,0.0,232.33333333333334,2.0,0.3333333333333333
SEA,2018,2018_05_LA_SEA,69,219.25,1.75,1.75,122.5,0.25,219.25,1.75,0.5
SEA,2018,2018_06_SEA_OAK,70,239.6,1.6,1.8,129.0,0.8,239.6,1.6,0.4
SEA,2018,2018_08_SEA_DET,71,223.33333333333334,1.3333333333333333,1.5,120.66666666666667,0.6666666666666666,223.33333333333334,1.3333333333333333,0.6666666666666666
SEA,2018,2018_09_LAC_SEA,72,235.71428571428572,1.4285714285714286,1.4285714285714286,108.28571428571429,0.5714285714285714,235.71428571428572,1.4285714285714286,0.7142857142857143
SEA,2018,2018_10_SEA_LA,73,234.75,1.5,1.25,114.75,0.625,234.75,1.5,0.625
SEA,2018,2018_11_GB_SEA,74,244.0,1.5555555555555556,1.1111111111111112,118.55555555555556,0.7777777777777778,244.0,1.5555555555555556,0.5555555555555556
SEA,2018,2018_12_SEA_CAR,75,252.8,1.6,1.0,111.5,0.8,252.8,1.6,0.5
SEA,2018,2018_13_SF_SEA,76,253.0909090909091,1.6363636363636365,1.0,121.36363636363636,0.8181818181818182,253.0909090909091,1.6363636363636365,0.45454545454545453
SEA,2018,2018_14_MIN_SEA,77,266.5,1.6666666666666667,1.0,116.75,0.75,266.5,1.6666666666666667,0.5
SEA,2018,2018_15_SEA_SF,78,262.0,1.6153846153846154,0.9230769230769231,113.6923076923077,0.6923076923076923,262.0,1.6153846153846154,0.5384615384615384
SEA,2018,2018_16_KC_SEA,79,262.92857142857144,1.5714285714285714,0.8571428571428571,112.28571428571429,0.6428571428571429,262.92857142857144,1.5714285714285714,0.5714285714285714
SEA,2018,2018_17_ARI_SEA,80,263.6,1.6666666666666667,0.8,115.06666666666666,0.6,263.6,1.6666666666666667,0.6666666666666666
SEA,2019,2019_01_CIN_SEA,81,,,,,,,,
SEA,2019,2019_02_SEA_PIT,82,418.0,2.0,0.0,34.0,0.0,418.0,2.0,2.0
SEA,2019,2019_03_NO_SEA,83,302.5,2.0,0.5,57.5,0.5,302.5,2.0,1.0
SEA,2019,2019_04_SEA_ARI,84,260.6666666666667,2.0,0.3333333333333333,67.66666666666667,0.6666666666666666,260.6666666666667,2.0,0.6666666666666666
SEA,2019,2019_05_LA_SEA,85,255.75,1.5,0.5,79.5,0.75,255.75,1.5,0.5
SEA,2019,2019_06_SEA_CLE,86,283.6,1.4,0.6,80.0,1.0,283.6,1.4,0.6
SEA,2019,2019_07_BAL_SEA,87,277.8333333333333,1.3333333333333333,1.0,92.83333333333333,1.3333333333333333,277.8333333333333,1.3333333333333333,0.6666666666666666
SEA,2019,2019_08_SEA_ATL,88,258.57142857142856,1.1428571428571428,0.8571428571428571,108.0,1.2857142857142858,258.57142857142856,1.1428571428571428,0.5714285714285714
SEA,2019,2019_09_TB_SEA,89,283.75,1.125,0.875,103.125,1.25,283.75,1.125,0.75
SEA,2019,2019_10_SEA_SF,90,289.44444444444446,1.2222222222222223,0.7777777777777778,102.66666666666667,1.3333333333333333,289.44444444444446,1.2222222222222223,0.7777777777777778
SEA,2019,2019_12_SEA_PHI,91,285.3,1.2,0.8,101.1,1.2,285.3,1.2,0.9
SEA,2019,2019_13_MIN_SEA,92,282.6363636363636,1.1818181818181819,0.9090909090909091,101.54545454545455,1.0909090909090908,282.6363636363636,1.1818181818181819,1.0909090909090908
SEA,2019,2019_14_SEA_LA,93,282.0833333333333,1.25,0.9166666666666666,99.58333333333333,1.0833333333333333,282.0833333333333,1.25,1.0833333333333333
SEA,2019,2019_15_SEA_CAR,94,282.9230769230769,1.3076923076923077,1.0,104.38461538461539,1.1538461538461537,282.9230769230769,1.3076923076923077,1.0
SEA,2019,2019_16_ARI_SEA,95,282.5,1.2857142857142858,1.1428571428571428,107.28571428571429,1.2142857142857142,282.5,1.2857142857142858,0.9285714285714286
SEA,2019,2019_17_SF_SEA,96,274.8,1.2666666666666666,1.0666666666666667,117.0,1.2666666666666666,274.8,1.2666666666666666,0.8666666666666667
SEA,2020,2020_01_SEA_ATL,97,,,,,,,,
SEA,2020,2020_02_NE_SEA,98,450.0,2.0,1.0,72.0,1.0,450.0,2.0,1.0
SEA,2020,2020_03_DAL_SEA,99,423.5,1.5,1.0,69.5,1.5,423.5,1.5,0.5
SEA,2020,2020_04_SEA_MIA,100,439.6666666666667,2.0,1.3333333333333333,66.66666666666667,1.3333333333333333,439.6666666666667,2.0,0.6666666666666666
SEA,2020,2020_05_MIN_SEA,101,408.5,1.5,1.5,75.75,1.25,408.5,1.5,0.5
SEA,2020,2020_07_SEA_ARI,102,376.6,1.6,1.4,100.8,1.2,376.6,1.6,0.6
SEA,2020,2020_08_SF_SEA,103,373.8333333333333,1.8333333333333333,1.3333333333333333,110.5,1.1666666666666667,373.8333333333333,1.8333333333333333,0.6666666666666666
SEA,2020,2020_09_SEA_BUF,104,366.42857142857144,1.8571428571428572,1.2857142857142858,102.14285714285714,1.2857142857142858,366.42857142857144,1.8571428571428572,0.5714285714285714
SEA,2020,2020_10_SEA_LA,105,372.5,2.0,1.125,93.625,1.375,372.5,2.0,0.5
SEA,2020,2020_11_ARI_SEA,106,364.6666666666667,1.7777777777777777,1.0,95.0,1.5555555555555556,364.6666666666667,1.7777777777777777,0.5555555555555556
SEA,2020,2020_12_SEA_PHI,107,355.1,1.8,0.9,91.2,1.5,355.1,1.8,0.5
SEA,2020,2020_13_NYG_SEA,108,342.90909090909093,1.8181818181818181,0.9090909090909091,89.27272727272727,1.3636363636363635,342.90909090909093,1.8181818181818181,0.45454545454545453
SEA,2020,2020_14_NYJ_SEA,109,323.0833333333333,1.75,0.9166666666666666,97.66666666666667,1.3333333333333333,323.0833333333333,1.75,0.4166666666666667
SEA,2020,2020_15_SEA_WAS,110,308.38461538461536,1.6153846153846154,0.8461538461538461,95.46153846153847,1.2307692307692308,308.38461538461536,1.6153846153846154,0.46153846153846156
SEA,2020,2020_16_LA_SEA,111,307.42857142857144,1.5714285714285714,0.9285714285714286,94.64285714285714,1.2142857142857142,307.42857142857144,1.5714285714285714,0.42857142857142855
SEA,2020,2020_17_SEA_SF,112,302.53333333333336,1.4666666666666666,0.9333333333333333,96.2,1.1333333333333333,302.53333333333336,1.4666666666666666,0.4
SEA,2021,2021_01_SEA_IND,113,,,,,,,,
SEA,2021,2021_02_TEN_SEA,114,251.0,2.0,0.0,113.0,0.0,251.0,2.0,1.0
SEA,2021,2021_03_SEA_MIN,115,299.0,1.0,0.0,162.5,1.5,299.0,1.0,1.0
SEA,2021,2021_04_SEA_SF,116,307.0,1.6666666666666667,0.0,155.0,1.0,307.0,1.6666666666666667,0.6666666666666666
SEA,2021,2021_05_LA_SEA,117,310.75,2.0,0.25,152.0,0.75,310.75,2.0,0.5
SEA,2021,2021_06_SEA_PIT,118,321.6,1.8,0.4,145.2,1.0,321.6,1.8,0.4
SEA,2021,2021_07_NO_SEA,119,306.1666666666667,1.6666666666666667,0.3333333333333333,140.83333333333334,1.0,306.1666666666667,1.6666666666666667,0.5
SEA,2021,2021_08_JAX_SEA,120,294.14285714285717,1.5714285714285714,0.2857142857142857,134.14285714285714,0.8571428571428571,294.14285714285717,1.5714285714285714,0.5714285714285714
SEA,2021,2021_10_SEA_GB,121,287.125,1.5,0.375,127.625,0.75,287.125,1.5,0.5
SEA,2021,2021_11_ARI_SEA,122,287.6666666666667,1.3333333333333333,0.4444444444444444,125.22222222222223,0.8888888888888888,287.6666666666667,1.3333333333333333,0.4444444444444444
SEA,2021,2021_12_SEA_WAS,123,291.7,1.4,0.4,122.2,0.9,291.7,1.4,0.4
SEA,2021,2021_13_SF_SEA,124,285.45454545454544,1.3636363636363635,0.45454545454545453,124.9090909090909,0.9090909090909091,285.45454545454544,1.3636363636363635,0.36363636363636365
SEA,2021,2021_14_SEA_HOU,125,286.5833333333333,1.4166666666666667,0.5833333333333334,120.41666666666667,0.9166666666666666,286.5833333333333,1.4166666666666667,0.3333333333333333
SEA,2021,2021_15_SEA_LA,126,290.0,1.3846153846153846,0.5384615384615384,116.0,0.8461538461538461,290.0,1.3846153846153846,0.3076923076923077
SEA,2021,2021_16_CHI_SEA,127,286.7142857142857,1.4285714285714286,0.5714285714285714,116.5,0.7857142857142857,286.7142857142857,1.4285714285714286,0.2857142857142857
SEA,2021,2021_17_DET_SEA,128,284.26666666666665,1.4,0.5333333333333333,114.6,0.8666666666666667,284.26666666666665,1.4,0.26666666666666666
SEA,2021,2021_18_SEA_ARI,129,282.875,1.4375,0.6875,113.375,0.9375,282.875,1.4375,0.25
SEA,2022,2022_01_DEN_SEA,130,,,,,,,,
SEA,2022,2022_02_SEA_SF,131,340.0,1.0,0.0,103.0,0.0,340.0,1.0,2.0
SEA,2022,2022_03_ATL_SEA,132,262.0,1.0,0.0,146.0,1.0,262.0,1.0,1.0
SEA,2022,2022_04_SEA_DET,133,251.0,1.0,0.3333333333333333,157.0,1.3333333333333333,251.0,1.0,1.0
SEA,2022,2022_05_SEA_NO,134,284.25,1.75,0.5,154.0,1.5,284.25,1.75,1.0
SEA,2022,2022_06_ARI_SEA,135,269.2,1.8,0.6,170.2,1.8,269.2,1.8,1.0
SEA,2022,2022_07_SEA_LAC,136,261.3333333333333,1.5,0.6666666666666666,165.83333333333334,1.5,261.3333333333333,1.5,1.0
SEA,2022,2022_08_NYG_SEA,137,265.85714285714283,1.5714285714285714,0.7142857142857143,149.71428571428572,1.4285714285714286,265.85714285714283,1.5714285714285714,1.0
SEA,2022,2022_09_SEA_ARI,138,254.625,1.375,0.625,140.75,1.375,254.625,1.375,0.875
SEA,2022,2022_10_SEA_TB,139,245.77777777777777,1.4444444444444444,0.5555555555555556,138.66666666666666,1.2222222222222223,245.77777777777777,1.4444444444444444,0.8888888888888888
SEA,2022,2022_12_LV_SEA,140,247.0,1.5,0.7,140.9,1.2,247.0,1.5,0.8
SEA,2022,2022_13_SEA_LA,141,251.36363636363637,1.6363636363636365,0.8181818181818182,153.8181818181818,1.2727272727272727,251.36363636363637,1.6363636363636365,0.7272727272727273
SEA,2022,2022_14_CAR_SEA,142,245.25,1.5,0.9166666666666666,155.25,1.3333333333333333,245.25,1.5,0.6666666666666666
SEA,2022,2022_15_SF_SEA,143,235.6153846153846,1.4615384615384615,0.8461538461538461,160.46153846153845,1.3846153846153846,235.6153846153846,1.4615384615384615,0.6153846153846154
SEA,2022,2022_16_SEA_KC,144,234.28571428571428,1.5,0.7857142857142857,161.14285714285714,1.3571428571428572,234.28571428571428,1.5,0.5714285714285714
SEA,2022,2022_17_NYJ_SEA,145,233.6,1.5333333333333334,0.7333333333333333,155.53333333333333,1.3333333333333333,233.6,1.5333333333333334,0.5333333333333333
SEA,2022,2022_18_LA_SEA,146,234.0,1.4375,0.8125,150.5,1.25,234.0,1.4375,0.5625
SEA,2023,2023_01_LA_SEA,147,,,,,,,,
SEA,2023,2023_02_SEA_DET,148,334.0,0.0,0.0,92.0,3.0,334.0,0.0,0.0
SEA,2023,2023_03_CAR_SEA,149,328.5,1.5,0.5,97.0,2.0,328.5,1.5,1.0
SEA,2023,2023_04_SEA_NYG,150,339.3333333333333,1.6666666666666667,0.3333333333333333,79.33333333333333,1.6666666666666667,339.3333333333333,1.6666666666666667,0.6666666666666666
SEA,2023,2023_06_SEA_CIN,151,305.25,1.25,0.75,87.5,1.25,305.25,1.25,0.75
SEA,2023,2023_07_ARI_SEA,152,281.2,1.4,0.8,79.2,1.0,281.2,1.4,0.6
SEA,2023,2023_08_CLE_SEA,153,259.3333333333333,1.1666666666666667,0.6666666666666666,87.16666666666667,1.0,259.3333333333333,1.1666666666666667,0.5
SEA,2023,2023_09_SEA_BAL,154,259.0,1.1428571428571428,0.8571428571428571,96.85714285714286,1.0,259.0,1.1428571428571428,0.5714285714285714
SEA,2023,2023_10_WAS_SEA,155,254.75,1.125,0.75,122.0,1.25,254.75,1.125,0.75
SEA,2023,2023_11_SEA_LA,156,261.1111111111111,1.3333333333333333,0.6666666666666666,116.0,1.1111111111111112,261.1111111111111,1.3333333333333333,0.7777777777777778
SEA,2023,2023_12_SF_SEA,157,254.0,1.3,0.7,112.6,1.1,254.0,1.3,0.7
SEA,2023,2023_13_SEA_DAL,158,249.9090909090909,1.2727272727272727,0.7272727272727273,117.72727272727273,1.2727272727272727,249.9090909090909,1.2727272727272727,0.6363636363636364
SEA,2023,2023_14_SEA_SF,159,254.0,1.4166666666666667,0.6666666666666666,119.25,1.25,254.0,1.4166666666666667,0.5833333333333334
SEA,2023,2023_15_PHI_SEA,160,262.7692307692308,1.4615384615384615,0.6923076923076923,123.38461538461539,1.3076923076923077,262.7692307692308,1.4615384615384615,0.6153846153846154
SEA,2023,2023_16_SEA_TEN,161,254.21428571428572,1.3571428571428572,0.7857142857142857,127.28571428571429,1.3571428571428572,254.21428571428572,1.3571428571428572,0.5714285714285714
SEA,2023,2023_17_PIT_SEA,162,248.2,1.3333333333333333,0.7333333333333333,129.6,1.3333333333333333,248.2,1.3333333333333333,0.5333333333333333
SEA,2023,2023_18_SEA_ARI,163,249.8125,1.25,0.6875,134.125,1.4375,249.8125,1.25,0.5
SEA,2024,2024_01_DEN_SEA,164,,,,,,,,
SEA,2024,2024_02_SEA_NE,165,138.0,0.0,2.0,99.0,1.0,138.0,0.0,1.0
SEA,2024,2024_03_MIA_SEA,166,143.5,0.5,1.0,142.0,1.0,143.5,0.5,0.5
SEA,2024,2024_04_SEA_DET,167,157.66666666666666,0.3333333333333333,0.6666666666666666,116.33333333333333,0.6666666666666666,157.66666666666666,0.3333333333333333,0.3333333333333333
SEA,2024,2024_05_NYG_SEA,168,193.0,1.0,0.5,116.25,1.25,193.0,1.0,0.25
SEA,2024,2024_06_SF_SEA,169,205.8,1.2,0.4,128.0,1.0,205.8,1.2,0.4
SEA,2024,2024_07_SEA_ATL,170,214.0,1.5,0.3333333333333333,144.66666666666666,1.0,214.0,1.5,0.3333333333333333
SEA,2024,2024_08_BUF_SEA,171,218.57142857142858,1.4285714285714286,0.5714285714285714,146.14285714285714,1.0,218.57142857142858,1.4285714285714286,0.42857142857142855
SEA,2024,2024_09_LA_SEA,172,226.625,1.5,0.625,148.375,1.125,226.625,1.5,0.375
SEA,2024,2024_11_SEA_SF,173,234.55555555555554,1.5555555555555556,0.6666666666666666,139.44444444444446,1.0,234.55555555555554,1.5555555555555556,0.3333333333333333
SEA,2024,2024_12_ARI_SEA,174,227.0,1.5,0.7,138.6,1.0,227.0,1.5,0.3
SEA,2024,2024_13_SEA_NYJ,175,232.27272727272728,1.3636363636363635,0.7272727272727273,130.45454545454547,0.9090909090909091,232.27272727272728,1.3636363636363635,0.2727272727272727
SEA,2024,2024_14_SEA_ARI,176,228.33333333333334,1.4166666666666667,0.75,127.0,0.8333333333333334,228.33333333333334,1.4166666666666667,0.3333333333333333
SEA,2024,2024_15_GB_SEA,177,230.69230769230768,1.4615384615384615,0.8461538461538461,126.53846153846153,0.7692307692307693,230.69230769230768,1.4615384615384615,0.3076923076923077
SEA,2024,2024_16_MIN_SEA,178,230.57142857142858,1.5,0.7857142857142857,127.5,0.7857142857142857,230.57142857142858,1.5,0.35714285714285715
SEA,2024,2024_17_SEA_CHI,179,231.6,1.6,0.7333333333333333,124.4,0.7333333333333333,231.6,1.6,0.3333333333333333
SEA,2024,2024_18_SEA_LA,180,224.75,1.5,0.75,123.0625,0.6875,224.75,1.5,0.3125
SF,2014,2014_01_SF_DAL,1,,,,,,,,
SF,2014,2014_02_CHI_SF,2,281.0,1.0,3.0,127.0,1.0,281.0,1.0,1.0
SF,2014,2014_03_SF_ARI,3,228.5,2.5,1.5,86.5,0.5,228.5,2.5,0.5
SF,2014,2014_04_PHI_SF,4,237.0,2.3333333333333335,1.0,85.66666666666667,0.3333333333333333,237.0,2.3333333333333335,0.6666666666666666
SF,2014,2014_05_KC_SF,5,226.5,1.75,1.25,69.75,0.25,226.5,1.75,1.0
SF,2014,2014_06_SF_STL,6,212.8,1.6,1.2,77.2,0.4,212.8,1.6,0.8
SF,2014,2014_07_SF_DEN,7,216.66666666666666,1.5,1.1666666666666667,79.83333333333333,0.5,216.66666666666666,1.5,0.6666666666666666
SF,2014,2014_09_STL_SF,8,231.14285714285714,1.8571428571428572,1.0,84.85714285714286,0.7142857142857143,231.14285714285714,1.8571428571428572,0.5714285714285714
SF,2014,2014_10_SF_NO,9,215.375,1.75,1.125,85.625,0.625,215.375,1.75,0.5
SF,2014,2014_11_SF_NYG,10,223.88888888888889,1.8888888888888888,1.2222222222222223,91.22222222222223,0.5555555555555556,223.88888888888889,1.8888888888888888,0.5555555555555556
SF,2014,2014_12_WAS_SF,11,229.5,1.8,1.6,88.6,0.5,229.5,1.8,0.5
SF,2014,2014_13_SEA_SF,12,218.27272727272728,1.6363636363636365,1.4545454545454546,92.9090909090909,0.5454545454545454,218.27272727272728,1.6363636363636365,0.5454545454545454
SF,2014,2014_14_SF_OAK,13,219.75,1.5833333333333333,1.3333333333333333,98.25,0.5,219.75,1.5833333333333333,0.5
SF,2014,2014_15_SF_SEA,14,222.3846153846154,1.6923076923076923,1.2307692307692308,97.23076923076923,0.46153846153846156,222.3846153846154,1.6923076923076923,0.46153846153846156
SF,2014,2014_16_SD_SF,15,218.5,1.6428571428571428,1.2142857142857142,101.14285714285714,0.5,218.5,1.6428571428571428,0.42857142857142855
SF,2014,2014_17_ARI_SF,16,227.66666666666666,1.8,1.3333333333333333,100.93333333333334,0.4666666666666667,227.66666666666666,1.8,0.4
SF,2015,2015_01_MIN_SF,17,,,,,,,,
SF,2015,2015_02_SF_PIT,18,231.0,0.0,1.0,71.0,0.0,231.0,0.0,0.0
SF,2015,2015_03_SF_ARI,19,300.0,1.5,0.5,77.5,1.5,300.0,1.5,0.0
SF,2015,2015_04_GB_SF,20,303.6666666666667,1.6666666666666667,0.6666666666666666,98.0,1.6666666666666667,303.6666666666667,1.6666666666666667,0.0
SF,2015,2015_05_SF_NYG,21,283.75,1.5,0.5,114.0,1.5,283.75,1.5,0.0
SF,2015,2015_06_BAL_SF,22,315.2,1.8,0.6,108.0,1.2,315.2,1.8,0.0
SF,2015,2015_07_SEA_SF,23,319.8333333333333,1.8333333333333333,0.8333333333333334,102.83333333333333,1.0,319.8333333333333,1.8333333333333333,0.0
SF,2015,2015_08_SF_STL,24,307.7142857142857,1.7142857142857142,1.0,113.28571428571429,1.0,307.7142857142857,1.7142857142857142,0.0
SF,2015,2015_09_ATL_SF,25,293.125,1.625,0.875,123.75,1.125,293.125,1.625,0.125
SF,2015,2015_11_SF_SEA,26,294.22222222222223,1.5555555555555556,0.7777777777777778,111.88888888888889,1.0,294.22222222222223,1.5555555555555556,0.1111111111111111
SF,2015,2015_12_ARI_SF,27,290.8,1.7,0.7,126.2,1.0,290.8,1.7,0.1
SF,2015,2015_13_SF_CHI,28,289.0,1.5454545454545454,0.6363636363636364,121.0909090909091,1.0909090909090908,289.0,1.5454545454545454,0.09090909090909091
SF,2015,2015_14_SF_CLE,29,281.75,1.4166666666666667,0.6666666666666666,125.16666666666667,1.1666666666666667,281.75,1.4166666666666667,0.08333333333333333
SF,2015,2015_15_CIN_SF,30,280.84615384615387,1.3846153846153846,0.6923076923076923,133.23076923076923,1.2307692307692308,280.84615384615387,1.3846153846153846,0.15384615384615385
SF,2015,2015_16_SF_DET,31,274.5,1.3571428571428572,0.6428571428571429,128.57142857142858,1.2857142857142858,274.5,1.3571428571428572,0.21428571428571427
SF,2015,2015_17_STL_SF,32,276.26666666666665,1.4,0.6,125.8,1.2666666666666666,276.26666666666665,1.4,0.2
SF,2016,2016_01_LA_SF,33,,,,,,,,
SF,2016,2016_02_SF_CAR,34,130.0,0.0,2.0,65.0,0.0,130.0,0.0,0.0
SF,2016,2016_03_SF_SEA,35,241.5,2.0,1.5,120.5,0.0,241.5,2.0,1.0
SF,2016,2016_04_DAL_SF,36,263.6666666666667,2.0,1.3333333333333333,122.66666666666667,0.6666666666666666,263.6666666666667,2.0,1.0
SF,2016,2016_05_ARI_SF,37,259.0,2.0,1.0,140.5,0.75,259.0,2.0,0.75
SF,2016,2016_06_SF_BUF,38,232.0,2.0,0.8,146.8,1.0,232.0,2.0,0.6
SF,2016,2016_07_TB_SF,39,223.16666666666666,2.0,0.6666666666666666,174.5,1.5,223.16666666666666,2.0,0.8333333333333334
SF,2016,2016_09_NO_SF,40,229.71428571428572,2.142857142857143,0.7142857142857143,185.14285714285714,1.4285714285714286,229.71428571428572,2.142857142857143,0.7142857142857143
SF,2016,2016_10_SF_ARI,41,241.375,2.25,0.625,193.0,1.5,241.375,2.25,0.625
SF,2016,2016_11_NE_SF,42,256.3333333333333,2.111111111111111,0.7777777777777778,180.44444444444446,1.4444444444444444,256.3333333333333,2.111111111111111,0.7777777777777778
SF,2016,2016_12_SF_MIA,43,258.7,2.3,0.7,179.5,1.3,258.7,2.3,0.7
SF,2016,2016_13_SF_CHI,44,261.09090909090907,2.3636363636363638,0.6363636363636364,171.8181818181818,1.2727272727272727,261.09090909090907,2.3636363636363638,0.6363636363636364
SF,2016,2016_14_NYJ_SF,45,255.33333333333334,2.1666666666666665,0.5833333333333334,169.33333333333334,1.4166666666666667,255.33333333333334,2.1666666666666665,0.5833333333333334
SF,2016,2016_15_SF_ATL,46,255.46153846153845,2.0,0.6153846153846154,170.76923076923077,1.4615384615384615,255.46153846153845,2.0,0.5384615384615384
SF,2016,2016_16_SF_LA,47,258.7857142857143,2.0,0.5714285714285714,176.28571428571428,1.5714285714285714,258.7857142857143,2.0,0.5714285714285714
SF,2016,2016_17_SEA_SF,48,247.53333333333333,1.9333333333333333,0.6666666666666666,171.13333333333333,1.6,247.53333333333333,1.9333333333333333,0.5333333333333333
SF,2017,2017_01_CAR_SF,49,,,,,,,,
SF,2017,2017_02_SF_SEA,50,171.0,2.0,1.0,116.0,0.0,171.0,2.0,1.0
SF,2017,2017_03_LA_SF,51,184.5,1.5,0.5,123.5,0.0,184.5,1.5,0.5
SF,2017,2017_04_SF_ARI,52,220.33333333333334,2.0,0.3333333333333333,124.33333333333333,0.6666666666666666,220.33333333333334,2.0,0.3333333333333333
SF,2017,2017_05_SF_IND,53,254.5,1.75,0.5,106.0,0.5,254.5,1.75,0.25
SF,2017,2017_06_SF_WAS,54,266.4,1.4,0.6,116.6,0.8,266.4,1.4,0.2
SF,2017,2017_07_DAL_SF,55,277.0,1.5,0.6666666666666666,112.83333333333333,0.8333333333333334,277.0,1.5,0.3333333333333333
SF,2017,2017_08_SF_PHI,56,271.14285714285717,1.7142857142857142,0.5714285714285714,134.57142857142858,1.1428571428571428,271.14285714285717,1.7142857142857142,0.2857142857142857
SF,2017,2017_09_ARI_SF,57,263.625,1.75,0.625,131.75,1.125,263.625,1.75,0.25
SF,2017,2017_10_NYG_SF,58,256.6666666666667,1.7777777777777777,0.6666666666666666,135.66666666666666,1.0,256.6666666666667,1.7777777777777777,0.3333333333333333
SF,2017,2017_12_SEA_SF,59,258.3,1.8,0.6,133.5,0.9,258.3,1.8,0.4
SF,2017,2017_13_SF_CHI,60,255.54545454545453,1.8181818181818181,0.6363636363636364,129.54545454545453,0.9090909090909091,255.54545454545453,1.8181818181818181,0.36363636363636365
SF,2017,2017_14_SF_HOU,61,242.75,1.75,0.5833333333333334,123.91666666666667,0.8333333333333334,242.75,1.75,0.3333333333333333
SF,2017,2017_15_TEN_SF,62,242.3846153846154,1.7692307692307692,0.5384615384615384,121.3076923076923,0.7692307692307693,242.3846153846154,1.7692307692307692,0.38461538461538464
SF,2017,2017_16_JAX_SF,63,242.28571428571428,1.7857142857142858,0.5,119.07142857142857,0.7142857142857143,242.28571428571428,1.7857142857142858,0.42857142857142855
SF,2017,2017_17_SF_LA,64,251.6,1.8,0.6666666666666666,117.26666666666667,0.8,251.6,1.8,0.4
SF,2018,2018_01_SF_MIN,65,,,,,,,,
SF,2018,2018_02_DET_SF,66,244.0,2.0,0.0,116.0,0.0,244.0,2.0,1.0
SF,2018,2018_03_SF_KC,67,295.5,2.5,0.0,107.0,0.0,295.5,2.5,1.0
SF,2018,2018_04_SF_LAC,68,301.6666666666667,2.6666666666666665,0.0,97.0,0.6666666666666666,301.6666666666667,2.6666666666666665,0.6666666666666666
SF,2018,2018_05_ARI_SF,69,288.75,2.75,0.25,104.25,0.5,288.75,2.75,0.5
SF,2018,2018_06_SF_GB,70,265.0,2.4,0.2,94.6,0.8,265.0,2.4,0.4
SF,2018,2018_07_LA_SF,71,291.6666666666667,2.3333333333333335,0.16666666666666666,98.16666666666667,0.8333333333333334,291.6666666666667,2.3333333333333335,0.3333333333333333
SF,2018,2018_08_SF_ARI,72,278.85714285714283,2.2857142857142856,0.14285714285714285,105.0,1.0,278.85714285714283,2.2857142857142856,0.2857142857142857
SF,2018,2018_09_OAK_SF,73,275.5,2.25,0.25,102.875,0.875,275.5,2.25,0.375
SF,2018,2018_10_NYG_SF,74,264.77777777777777,2.0,0.2222222222222222,102.77777777777777,0.7777777777777778,264.77777777777777,2.0,0.3333333333333333
SF,2018,2018_12_SF_TB,75,257.1,2.1,0.2,102.2,0.7,257.1,2.1,0.3
SF,2018,2018_13_SF_SEA,76,262.09090909090907,2.090909090909091,0.18181818181818182,102.72727272727273,0.7272727272727273,262.09090909090907,2.090909090909091,0.2727272727272727
SF,2018,2018_14_DEN_SF,77,255.66666666666666,2.25,0.16666666666666666,108.16666666666667,0.75,255.66666666666666,2.25,0.25
SF,2018,2018_15_SEA_SF,78,250.30769230769232,2.1538461538461537,0.15384615384615385,107.76923076923077,0.7692307692307693,250.30769230769232,2.1538461538461537,0.23076923076923078
SF,2018,2018_16_CHI_SF,79,249.35714285714286,2.142857142857143,0.14285714285714285,112.07142857142857,0.7857142857142857,249.35714285714286,2.142857142857143,0.21428571428571427
SF,2018,2018_17_SF_LA,80,249.13333333333333,2.066666666666667,0.13333333333333333,110.6,0.8,249.13333333333333,2.066666666666667,0.3333333333333333
SF,2019,2019_01_SF_TB,81,,,,,,,,
SF,2019,2019_02_SF_CIN,82,194.0,1.0,3.0,121.0,0.0,194.0,1.0,1.0
SF,2019,2019_03_PIT_SF,83,252.5,1.5,2.0,73.0,0.0,252.5,1.5,0.5
SF,2019,2019_05_CLE_SF,84,226.33333333333334,1.6666666666666667,1.6666666666666667,75.0,0.0,226.33333333333334,1.6666666666666667,0.6666666666666666
SF,2019,2019_06_SF_LA,85,199.75,1.25,1.75,81.75,0.0,199.75,1.25,0.75
SF,2019,2019_07_SF_WAS,86,175.4,1.0,1.4,87.2,0.2,175.4,1.0,0.8
SF,2019,2019_08_CAR_SF,87,159.0,0.8333333333333334,1.1666666666666667,90.0,0.16666666666666666,159.0,0.8333333333333334,0.8333333333333334
SF,2019,2019_09_SF_ARI,88,158.85714285714286,0.7142857142857143,1.4285714285714286,95.71428571428571,0.2857142857142857,158.85714285714286,0.7142857142857143,0.7142857142857143
SF,2019,2019_10_SEA_SF,89,169.125,0.875,1.25,102.875,0.375,169.125,0.875,0.625
SF,2019,2019_11_ARI_SF,90,176.11111111111111,0.8888888888888888,1.2222222222222223,107.77777777777777,0.4444444444444444,176.11111111111111,0.8888888888888888,0.7777777777777778
SF,2019,2019_12_GB_SF,91,173.5,1.0,1.1,110.5,0.5,173.5,1.0,0.9
SF,2019,2019_13_SF_BAL,92,168.54545454545453,1.0,1.0,111.0909090909091,0.45454545454545453,168.54545454545453,1.0,0.9090909090909091
SF,2019,2019_14_SF_NO,93,163.25,1.0,0.9166666666666666,116.66666666666667,0.5,163.25,1.0,0.9166666666666666
SF,2019,2019_15_ATL_SF,94,177.53846153846155,1.3076923076923077,0.8461538461538461,116.61538461538461,0.5384615384615384,177.53846153846155,1.3076923076923077,0.9230769230769231
SF,2019,2019_16_LA_SF,95,179.85714285714286,1.3571428571428572,0.7857142857142857,114.64285714285714,0.5714285714285714,179.85714285714286,1.3571428571428572,0.8571428571428571
SF,2019,2019_17_SF_SEA,96,189.4,1.4,0.8,111.8,0.6666666666666666,189.4,1.4,0.8
SF,2020,2020_01_ARI_SF,97,,,,,,,,
SF,2020,2020_02_SF_NYJ,98,230.0,1.0,1.0,180.0,2.0,230.0,1.0,0.0
SF,2020,2020_03_SF_NYG,99,204.5,1.0,0.5,142.0,1.0,204.5,1.0,0.0
SF,2020,2020_04_PHI_SF,100,196.0,0.6666666666666666,0.6666666666666666,116.66666666666667,0.6666666666666666,196.0,0.6666666666666666,0.6666666666666666
SF,2020,2020_05_MIA_SF,101,195.25,0.75,0.75,110.75,0.75,195.25,0.75,0.5
SF,2020,2020_06_LA_SF,102,226.2,1.2,0.6,107.4,0.8,226.2,1.2,0.4
SF,2020,2020_07_SF_NE,103,221.5,1.3333333333333333,0.6666666666666666,108.33333333333333,0.6666666666666666,220.83333333333334,1.3333333333333333,0.3333333333333333
SF,2020,2020_08_SF_SEA,104,213.0,1.1428571428571428,1.1428571428571428,106.28571428571429,0.5714285714285714,212.42857142857142,1.1428571428571428,0.2857142857142857
SF,2020,2020_09_GB_SF,105,219.0,1.5,1.0,105.625,0.625,218.5,1.5,0.25
SF,2020,2020_10_SF_NO,106,228.55555555555554,1.7777777777777777,0.8888888888888888,106.22222222222223,0.5555555555555556,228.11111111111111,1.7777777777777777,0.2222222222222222
SF,2020,2020_12_SF_LA,107,219.6,1.7,0.8,107.0,0.7,219.2,1.7,0.3
SF,2020,2020_13_BUF_SF,108,217.63636363636363,1.5454545454545454,0.9090909090909091,108.72727272727273,0.7272727272727273,217.27272727272728,1.5454545454545454,0.45454545454545453
SF,2020,2020_14_WAS_SF,109,230.75,1.75,0.8333333333333334,106.41666666666667,0.6666666666666666,230.41666666666666,1.75,0.5
SF,2020,2020_15_SF_DAL,110,221.30769230769232,1.6153846153846154,0.8461538461538461,105.76923076923077,0.6153846153846154,221.0,1.6153846153846154,0.46153846153846156
SF,2020,2020_16_SF_ARI,111,221.28571428571428,1.6428571428571428,0.7857142857142857,104.42857142857143,0.7142857142857143,221.0,1.6428571428571428,0.42857142857142855
SF,2020,2020_17_SEA_SF,112,223.0,1.5333333333333334,0.8,105.46666666666667,0.7333333333333333,222.73333333333332,1.5333333333333334,0.4666666666666667
SF,2021,2021_01_SF_DET,113,,,,,,,,
SF,2021,2021_02_SF_PHI,114,338.0,3.0,1.0,116.0,1.0,338.0,3.0,0.0
SF,2021,2021_03_GB_SF,115,264.0,1.5,0.5,133.5,1.0,264.0,1.5,0.0
SF,2021,2021_04_SEA_SF,116,263.0,1.6666666666666667,0.3333333333333333,122.33333333333333,1.0,263.0,1.6666666666666667,0.0
SF,2021,2021_05_SF_ARI,117,234.5,1.75,0.25,118.0,1.25,234.5,1.75,0.0
SF,2021,2021_07_IND_SF,118,235.4,1.6,0.2,113.2,1.2,235.4,1.6,0.2
SF,2021,2021_08_SF_CHI,119,221.16666666666666,1.6666666666666667,0.16666666666666666,119.0,1.3333333333333333,221.16666666666666,1.6666666666666667,0.5
SF,2021,2021_09_ARI_SF,120,214.57142857142858,1.5714285714285714,0.2857142857142857,127.14285714285714,1.2857142857142858,214.57142857142858,1.5714285714285714,0.42857142857142855
SF,2021,2021_10_LA_SF,121,223.0,1.5,0.25,131.625,1.5,223.0,1.5,0.375
SF,2021,2021_11_SF_JAX,122,225.44444444444446,1.4444444444444444,0.4444444444444444,122.77777777777777,1.3333333333333333,225.44444444444446,1.4444444444444444,0.3333333333333333
SF,2021,2021_12_MIN_SF,123,218.7,1.3,0.4,115.9,1.3,218.7,1.3,0.4
SF,2021,2021_13_SF_SEA,124,222.63636363636363,1.3636363636363635,0.45454545454545453,111.45454545454545,1.2727272727272727,222.63636363636363,1.3636363636363635,0.45454545454545453
SF,2021,2021_14_SF_CIN,125,223.33333333333334,1.4166666666666667,0.5,114.33333333333333,1.3333333333333333,223.33333333333334,1.4166666666666667,0.5833333333333334
SF,2021,2021_15_ATL_SF,126,232.92307692307693,1.4615384615384615,0.46153846153846156,112.15384615384616,1.2307692307692308,232.92307692307693,1.4615384615384615,0.5384615384615384
SF,2021,2021_16_SF_TEN,127,233.14285714285714,1.4285714285714286,0.42857142857142855,108.57142857142857,1.1428571428571428,233.14285714285714,1.4285714285714286,0.5714285714285714
SF,2021,2021_17_HOU_SF,128,231.53333333333333,1.4,0.4,107.33333333333333,1.1333333333333333,231.53333333333333,1.4,0.5333333333333333
SF,2021,2021_18_SF_LA,129,227.25,1.375,0.4375,106.0,1.0625,227.25,1.375,0.5
SF,2022,2022_01_SF_CHI,130,,,,,,,,
SF,2022,2022_02_SEA_SF,131,121.0,2.0,1.0,99.0,1.0,121.0,2.0,0.0
SF,2022,2022_03_SF_DEN,132,159.0,1.0,1.5,67.5,0.5,159.0,1.0,0.0
SF,2022,2022_04_LA_SF,133,167.33333333333334,0.6666666666666666,1.0,78.66666666666667,0.6666666666666666,167.33333333333334,0.6666666666666666,0.0
SF,2022,2022_05_SF_CAR,134,189.0,0.5,1.0,73.25,0.5,189.0,0.5,0.25
SF,2022,2022_06_SF_ATL,135,206.2,0.4,1.0,71.4,0.6,206.2,0.4,0.2
SF,2022,2022_07_KC_SF,136,193.33333333333334,0.6666666666666666,0.8333333333333334,87.5,0.6666666666666666,193.33333333333334,0.6666666666666666,0.16666666666666666
SF,2022,2022_08_SF_LA,137,226.14285714285714,1.0,0.8571428571428571,91.0,1.0,226.14285714285714,1.0,0.14285714285714285
SF,2022,2022_10_LAC_SF,138,221.25,1.0,0.75,86.625,1.0,221.25,1.0,0.125
SF,2022,2022_11_SF_ARI,139,218.44444444444446,1.0,0.7777777777777778,82.66666666666667,0.8888888888888888,218.44444444444446,1.0,0.1111111111111111
SF,2022,2022_12_NO_SF,140,224.3,0.9,0.9,81.1,0.9,224.3,0.9,0.1
SF,2022,2022_13_MIA_SF,141,222.45454545454547,0.8181818181818182,0.8181818181818182,79.45454545454545,0.8181818181818182,222.45454545454547,0.8181818181818182,0.2727272727272727
SF,2022,2022_14_TB_SF,142,228.5,0.9166666666666666,1.0,75.58333333333333,0.75,228.5,0.9166666666666666,0.3333333333333333
SF,2022,2022_15_SF_SEA,143,230.3846153846154,0.9230769230769231,1.0769230769230769,75.07692307692308,0.6923076923076923,230.3846153846154,0.9230769230769231,0.38461538461538464
SF,2022,2022_16_WAS_SF,144,230.92857142857142,0.9285714285714286,1.0,74.71428571428571,0.6428571428571429,230.92857142857142,0.9285714285714286,0.42857142857142855
SF,2022,2022_17_SF_LV,145,234.8,1.0666666666666667,1.0,75.0,0.6,234.8,1.0666666666666667,0.4666666666666667
SF,2022,2022_18_ARI_SF,146,242.9375,1.1875,1.0625,78.75,0.625,242.9375,1.1875,0.4375
SF,2023,2023_01_SF_PIT,147,,,,,,,,
SF,2023,2023_02_SF_LA,148,232.0,1.0,2.0,41.0,0.0,232.0,1.0,0.0
SF,2023,2023_03_NYG_SF,149,269.5,1.0,2.0,65.0,0.5,269.5,1.0,0.0
SF,2023,2023_04_ARI_SF,150,225.33333333333334,0.6666666666666666,1.6666666666666667,53.0,0.6666666666666666,225.33333333333334,0.6666666666666666,0.0
SF,2023,2023_05_DAL_SF,151,235.25,1.0,1.25,66.0,0.5,235.25,1.0,0.0
SF,2023,2023_06_SF_CLE,152,220.4,1.0,1.6,64.2,0.4,220.4,1.0,0.2
SF,2023,2023_07_SF_MIN,153,215.66666666666666,0.8333333333333334,1.6666666666666667,80.16666666666667,0.5,215.66666666666666,0.8333333333333334,0.16666666666666666
SF,2023,2023_08_CIN_SF,154,238.85714285714286,1.0,1.5714285714285714,79.28571428571429,0.42857142857142855,238.85714285714286,1.0,0.14285714285714285
SF,2023,2023_10_SF_JAX,155,244.375,1.25,1.375,86.125,0.5,244.375,1.25,0.25
SF,2023,2023_11_TB_SF,156,238.33333333333334,1.1111111111111112,1.4444444444444444,83.11111111111111,0.4444444444444444,238.33333333333334,1.1111111111111112,0.4444444444444444
SF,2023,2023_12_SF_SEA,157,239.1,1.1,1.4,81.4,0.5,239.1,1.1,0.5
SF,2023,2023_13_SF_PHI,158,233.72727272727272,1.0,1.3636363636363635,82.0,0.45454545454545453,233.72727272727272,1.0,0.45454545454545453
SF,2023,2023_14_SEA_SF,159,240.41666666666666,1.0,1.25,79.0,0.5,240.41666666666666,1.0,0.4166666666666667
SF,2023,2023_15_SF_ARI,160,242.6153846153846,1.0769230769230769,1.3076923076923077,78.3076923076923,0.46153846153846156,242.6153846153846,1.0769230769230769,0.38461538461538464
SF,2023,2023_16_BAL_SF,161,240.35714285714286,1.0714285714285714,1.3571428571428572,89.42857142857143,0.5714285714285714,240.35714285714286,1.0714285714285714,0.35714285714285715
SF,2023,2023_17_SF_WAS,162,241.13333333333333,1.1333333333333333,1.2666666666666666,90.26666666666667,0.6,241.13333333333333,1.1333333333333333,0.3333333333333333
SF,2023,2023_18_LA_SF,163,236.625,1.125,1.3125,88.5,0.5625,236.625,1.125,0.3125
SF,2024,2024_01_NYJ_SF,164,,,,,,,,
SF,2024,2024_02_SF_MIN,165,203.0,2.0,1.0,68.0,1.0,203.0,2.0,1.0
SF,2024,2024_03_SF_LA,166,235.5,2.0,1.0,107.0,0.5,235.5,2.0,1.0
SF,2024,2024_04_NE_SF,167,230.66666666666666,1.6666666666666667,0.6666666666666666,104.0,1.0,230.66666666666666,1.6666666666666667,0.6666666666666666
SF,2024,2024_05_ARI_SF,168,215.0,1.5,0.75,96.25,0.75,215.0,1.5,1.0
SF,2024,2024_06_SF_SEA,169,211.0,1.4,0.8,110.8,0.8,211.0,1.4,0.8
SF,2024,2024_07_KC_SF,170,227.83333333333334,1.3333333333333333,1.0,101.0,0.8333333333333334,227.83333333333334,1.3333333333333333,0.6666666666666666
SF,2024,2024_08_DAL_SF,171,217.28571428571428,1.1428571428571428,1.1428571428571428,112.85714285714286,1.2857142857142858,217.28571428571428,1.1428571428571428,0.5714285714285714
SF,2024,2024_10_SF_TB,172,220.5,1.25,1.25,105.75,1.25,220.5,1.25,0.5
SF,2024,2024_11_SEA_SF,173,208.88888888888889,1.2222222222222223,1.1111111111111112,106.22222222222223,1.2222222222222223,208.88888888888889,1.2222222222222223,0.4444444444444444
SF,2024,2024_12_SF_GB,174,210.1,1.1,1.1,105.0,1.3,210.1,1.1,0.4
SF,2024,2024_13_SF_BUF,175,205.8181818181818,1.1818181818181819,1.0,110.81818181818181,1.4545454545454546,205.8181818181818,1.1818181818181819,0.36363636363636365
SF,2024,2024_14_CHI_SF,176,201.33333333333334,1.25,0.9166666666666666,119.91666666666667,1.5833333333333333,200.75,1.1666666666666667,0.3333333333333333
SF,2024,2024_15_LA_SF,177,196.6153846153846,1.3076923076923077,0.8461538461538461,115.92307692307692,1.4615384615384615,196.07692307692307,1.2307692307692308,0.38461538461538464
SF,2024,2024_16_SF_MIA,178,194.0,1.2142857142857142,0.7857142857142857,117.78571428571429,1.3571428571428572,193.5,1.1428571428571428,0.35714285714285715
SF,2024,2024_17_DET_SF,179,195.4,1.2,0.7333333333333333,121.0,1.3333333333333333,194.93333333333334,1.1333333333333333,0.3333333333333333
SF,2024,2024_18_SF_ARI,180,202.125,1.3125,0.6875,122.9375,1.375,201.6875,1.25,0.3125
TB,2014,2014_01_CAR_TB,1,,,,,,,,
TB,2014,2014_02_STL_TB,2,230.0,2.0,0.0,113.0,0.0,230.0,2.0,0.0
TB,2014,2014_03_TB_ATL,3,232.5,1.0,0.0,116.0,0.5,232.5,1.0,0.5
TB,2014,2014_04_TB_PIT,4,271.6666666666667,1.6666666666666667,0.3333333333333333,125.33333333333333,1.3333333333333333,271.6666666666667,1.6666666666666667,1.3333333333333333
TB,2014,2014_05_TB_NO,5,286.5,2.0,0.25,115.25,1.0,288.0,2.0,1.25
TB,2014,2014_06_BAL_TB,6,303.4,2.0,0.8,120.2,1.2,304.6,2.0,1.0
TB,2014,2014_08_MIN_TB,7,303.8333333333333,2.5,0.6666666666666666,128.33333333333334,1.1666666666666667,304.8333333333333,2.5,0.8333333333333334
TB,2014,2014_09_TB_CLE,8,294.85714285714283,2.2857142857142856,0.5714285714285714,123.85714285714286,1.0,295.7142857142857,2.2857142857142856,0.7142857142857143
TB,2014,2014_10_ATL_TB,9,295.5,2.25,0.75,115.375,0.875,296.25,2.25,0.625
TB,2014,2014_11_TB_WAS,10,287.0,2.111111111111111,0.6666666666666666,114.77777777777777,0.8888888888888888,287.6666666666667,2.111111111111111,0.5555555555555556
TB,2014,2014_12_TB_CHI,11,279.0,2.0,0.8,118.8,0.8,279.6,2.0,0.6
TB,2014,2014_13_CIN_TB,12,265.45454545454544,1.9090909090909092,0.7272727272727273,116.36363636363636,0.9090909090909091,266.0,1.9090909090909092,0.6363636363636364
TB,2014,2014_14_TB_DET,13,258.9166666666667,1.8333333333333333,0.9166666666666666,116.0,0.9166666666666666,259.4166666666667,1.8333333333333333,0.5833333333333334
TB,2014,2014_15_TB_CAR,14,262.9230769230769,1.9230769230769231,0.8461538461538461,115.76923076923077,0.9230769230769231,263.38461538461536,1.9230769230769231,0.5384615384615384
TB,2014,2014_16_GB_TB,15,263.92857142857144,1.8571428571428572,0.7857142857142857,116.28571428571429,0.8571428571428571,264.35714285714283,1.8571428571428572,0.5714285714285714
TB,2014,2014_17_NO_TB,16,267.53333333333336,1.8,0.7333333333333333,116.6,0.8666666666666667,267.93333333333334,1.8,0.6
TB,2015,2015_01_TEN_TB,17,,,,,,,,
TB,2015,2015_02_TB_NO,18,209.0,4.0,0.0,124.0,1.0,209.0,4.0,1.0
TB,2015,2015_03_TB_HOU,19,232.0,2.5,0.5,114.0,1.5,232.0,2.5,1.5
TB,2015,2015_04_CAR_TB,20,230.66666666666666,2.0,0.6666666666666666,138.0,1.3333333333333333,230.66666666666666,2.0,1.0
TB,2015,2015_05_JAX_TB,21,204.0,2.0,0.5,136.75,1.0,204.0,2.0,1.0
TB,2015,2015_07_TB_WAS,22,223.8,2.4,0.6,120.4,0.8,223.8,2.4,1.0
TB,2015,2015_08_TB_ATL,23,239.33333333333334,2.5,0.5,108.66666666666667,0.8333333333333334,239.33333333333334,2.5,1.0
TB,2015,2015_09_NYG_TB,24,261.85714285714283,2.4285714285714284,0.5714285714285714,107.57142857142857,0.7142857142857143,261.85714285714283,2.4285714285714284,1.1428571428571428
TB,2015,2015_10_DAL_TB,25,255.75,2.375,0.75,108.375,0.625,255.75,2.375,1.0
TB,2015,2015_11_TB_PHI,26,248.0,2.111111111111111,0.7777777777777778,101.0,0.5555555555555556,248.0,2.111111111111111,0.8888888888888888
TB,2015,2015_12_TB_IND,27,249.3,2.1,1.0,104.5,0.5,249.3,2.1,0.9
TB,2015,2015_13_ATL_TB,28,255.27272727272728,2.090909090909091,0.9090909090909091,97.45454545454545,0.45454545454545453,255.27272727272728,2.090909090909091,0.8181818181818182
TB,2015,2015_14_NO_TB,29,256.4166666666667,2.0,0.9166666666666666,94.66666666666667,0.4166666666666667,256.4166666666667,2.0,0.75
TB,2015,2015_15_TB_STL,30,260.6923076923077,2.0,0.8461538461538461,94.07692307692308,0.46153846153846156,260.6923076923077,2.0,0.6923076923076923
TB,2015,2015_16_CHI_TB,31,258.7857142857143,2.0,0.7857142857142857,94.35714285714286,0.5714285714285714,258.7857142857143,2.0,0.6428571428571429
TB,2015,2015_17_TB_CAR,32,251.93333333333334,1.9333333333333333,0.7333333333333333,99.66666666666667,0.6,251.93333333333334,1.9333333333333333,0.6
TB,2016,2016_01_TB_ATL,33,,,,,,,,
TB,2016,2016_02_TB_ARI,34,334.0,2.0,0.0,52.0,0.0,334.0,2.0,0.0
TB,2016,2016_03_LA_TB,35,324.5,2.5,0.0,78.5,0.5,324.5,2.5,0.0
TB,2016,2016_04_DEN_TB,36,279.6666666666667,2.3333333333333335,0.3333333333333333,98.0,1.0,279.6666666666667,2.3333333333333335,0.3333333333333333
TB,2016,2016_05_TB_CAR,37,269.25,2.25,0.25,95.75,1.0,269.25,2.25,0.25
TB,2016,2016_07_TB_SF,38,271.0,1.8,0.6,103.8,1.2,271.0,1.8,0.4
TB,2016,2016_08_OAK_TB,39,249.66666666666666,1.6666666666666667,0.6666666666666666,113.16666666666667,1.1666666666666667,249.66666666666666,1.6666666666666667,0.5
TB,2016,2016_09_ATL_TB,40,287.2857142857143,2.0,0.5714285714285714,115.28571428571429,1.0,287.2857142857143,2.0,0.5714285714285714
TB,2016,2016_10_CHI_TB,41,294.375,2.25,0.5,117.875,1.0,294.375,2.25,0.625
TB,2016,2016_11_TB_KC,42,281.8888888888889,2.111111111111111,0.6666666666666666,118.33333333333333,0.8888888888888888,281.8888888888889,2.111111111111111,0.7777777777777778
TB,2016,2016_12_SEA_TB,43,279.8,2.0,0.7,114.7,0.9,280.3,2.0,0.7
TB,2016,2016_13_TB_SD,44,268.09090909090907,1.8181818181818181,0.8181818181818182,115.81818181818181,0.8181818181818182,268.54545454545456,1.8181818181818181,0.7272727272727273
TB,2016,2016_14_NO_TB,45,264.5,1.8333333333333333,0.9166666666666666,116.08333333333333,0.8333333333333334,264.9166666666667,1.8333333333333333,0.6666666666666666
TB,2016,2016_15_TB_DAL,46,263.9230769230769,1.6923076923076923,1.0769230769230769,110.6923076923077,0.7692307692307693,264.3076923076923,1.6923076923076923,0.6153846153846154
TB,2016,2016_16_TB_NO,47,265.0,1.5714285714285714,1.0,116.0,0.8571428571428571,265.35714285714283,1.5714285714285714,0.6428571428571429
TB,2016,2016_17_CAR_TB,48,267.26666666666665,1.5333333333333334,0.9333333333333333,116.46666666666667,0.9333333333333333,267.6,1.5333333333333334,0.6
TB,2017,2017_02_CHI_TB,49,,,,,,,,
TB,2017,2017_03_TB_MIN,50,301.0,1.0,2.0,20.0,0.0,301.0,1.0,1.0
TB,2017,2017_04_NYG_TB,51,335.0,2.0,1.0,72.5,0.5,335.0,2.0,0.5
TB,2017,2017_05_NE_TB,52,319.3333333333333,2.0,0.6666666666666666,78.66666666666667,0.6666666666666666,319.3333333333333,2.0,0.3333333333333333
TB,2017,2017_06_TB_ARI,53,315.25,1.75,0.75,87.25,0.5,315.25,1.75,0.5
TB,2017,2017_07_TB_BUF,54,308.8,2.0,0.8,101.8,0.8,308.8,2.0,0.6
TB,2017,2017_08_CAR_TB,55,302.0,1.8333333333333333,0.6666666666666666,113.66666666666667,1.0,302.0,1.8333333333333333,0.6666666666666666
TB,2017,2017_09_TB_NO,56,280.85714285714283,1.7142857142857142,0.7142857142857143,111.71428571428571,1.0,280.85714285714283,1.7142857142857142,0.5714285714285714
TB,2017,2017_10_NYJ_TB,57,278.625,1.75,0.625,116.625,1.0,278.625,1.75,0.625
TB,2017,2017_11_TB_MIA,58,276.77777777777777,1.6666666666666667,0.6666666666666666,109.88888888888889,0.8888888888888888,276.77777777777777,1.6666666666666667,0.6666666666666666
TB,2017,2017_12_TB_ATL,59,285.6,1.7,0.9,107.2,0.8,285.6,1.7,0.7
TB,2017,2017_13_TB_GB,60,293.09090909090907,1.7272727272727273,0.8181818181818182,110.9090909090909,0.9090909090909091,293.09090909090907,1.7272727272727273,0.7272727272727273
TB,2017,2017_14_DET_TB,61,275.6666666666667,1.5833333333333333,0.8333333333333334,118.25,1.0,275.6666666666667,1.5833333333333333,0.6666666666666666
TB,2017,2017_15_ATL_TB,62,283.7692307692308,1.5384615384615385,0.9230769230769231,113.23076923076923,1.0769230769230769,283.7692307692308,1.5384615384615385,0.6923076923076923
TB,2017,2017_16_TB_CAR,63,278.64285714285717,1.5,0.8571428571428571,119.5,1.0714285714285714,278.64285714285717,1.5,0.6428571428571429
TB,2017,2017_17_NO_TB,64,270.73333333333335,1.4,0.8666666666666667,119.2,1.0666666666666667,270.73333333333335,1.4,0.6
TB,2018,2018_01_TB_NO,65,,,,,,,,
TB,2018,2018_02_PHI_TB,66,439.0,3.0,0.0,43.0,2.0,439.0,3.0,2.0
TB,2018,2018_03_PIT_TB,67,386.5,2.0,0.0,67.0,2.0,389.0,2.0,2.0
TB,2018,2018_04_TB_CHI,68,375.3333333333333,2.3333333333333335,0.3333333333333333,70.66666666666667,1.3333333333333333,377.0,2.3333333333333335,1.3333333333333333
TB,2018,2018_06_TB_ATL,69,370.0,3.25,0.25,87.75,1.0,371.25,3.25,1.0
TB,2018,2018_07_CLE_TB,70,367.0,3.2,0.2,84.2,1.0,368.0,3.2,0.8
TB,2018,2018_08_TB_CIN,71,341.6666666666667,3.0,0.16666666666666666,90.0,1.0,342.5,3.0,0.6666666666666666
TB,2018,2018_09_TB_CAR,72,332.85714285714283,2.857142857142857,0.14285714285714285,96.85714285714286,1.1428571428571428,333.57142857142856,2.857142857142857,0.5714285714285714
TB,2018,2018_10_WAS_TB,73,322.125,2.75,0.125,107.125,1.5,322.75,2.75,0.5
TB,2018,2018_11_TB_NYG,74,306.1111111111111,2.5555555555555554,0.1111111111111111,108.11111111111111,1.3333333333333333,306.6666666666667,2.5555555555555554,0.4444444444444444
TB,2018,2018_12_SF_TB,75,298.6,2.5,0.1,113.6,1.4,299.1,2.5,0.4
TB,2018,2018_13_CAR_TB,76,291.54545454545456,2.3636363636363638,0.2727272727272727,116.72727272727273,1.2727272727272727,292.0,2.3636363636363638,0.36363636363636365
TB,2018,2018_14_NO_TB,77,292.25,2.3333333333333335,0.5833333333333334,121.0,1.1666666666666667,292.6666666666667,2.3333333333333335,0.3333333333333333
TB,2018,2018_15_TB_BAL,78,285.2307692307692,2.230769230769231,0.6153846153846154,119.38461538461539,1.2307692307692308,285.61538461538464,2.230769230769231,0.38461538461538464
TB,2018,2018_16_TB_DAL,79,274.2142857142857,2.142857142857143,0.5714285714285714,128.14285714285714,1.2142857142857142,274.57142857142856,2.142857142857143,0.42857142857142855
TB,2018,2018_17_ATL_TB,80,266.6666666666667,2.066666666666667,0.5333333333333333,124.93333333333334,1.2,267.0,2.066666666666667,0.4
TB,2019,2019_01_SF_TB,81,,,,,,,,
TB,2019,2019_02_TB_CAR,82,166.0,1.0,1.0,98.0,0.0,166.0,1.0,1.0
TB,2019,2019_03_NYG_TB,83,249.5,0.5,0.5,68.5,0.0,249.5,0.5,1.0
TB,2019,2019_04_TB_LA,84,278.3333333333333,1.0,0.3333333333333333,69.66666666666667,0.6666666666666666,278.3333333333333,1.0,1.3333333333333333
TB,2019,2019_05_TB_NO,85,338.0,1.25,1.0,59.25,1.0,338.0,1.25,1.25
TB,2019,2019_06_CAR_TB,86,339.4,1.8,1.0,69.8,0.8,339.4,1.8,1.0
TB,2019,2019_08_TB_TEN,87,320.6666666666667,1.8333333333333333,0.8333333333333334,68.0,1.0,320.6666666666667,1.8333333333333333,0.8333333333333334
TB,2019,2019_09_TB_SEA,88,302.42857142857144,2.0,0.7142857142857143,68.57142857142857,0.8571428571428571,302.42857142857144,2.0,0.8571428571428571
TB,2019,2019_10_ARI_TB,89,311.875,2.375,0.625,78.125,0.75,311.875,2.375,0.875
TB,2019,2019_11_NO_TB,90,316.1111111111111,2.4444444444444446,0.6666666666666666,77.77777777777777,0.6666666666666666,316.1111111111111,2.4444444444444446,0.8888888888888888
TB,2019,2019_12_TB_ATL,91,307.3,2.5,0.6,80.9,0.6,307.3,2.5,0.8
TB,2019,2019_13_TB_JAX,92,309.0,2.3636363636363638,0.6363636363636364,78.72727272727273,0.6363636363636364,309.0,2.3636363636363638,0.8181818181818182
TB,2019,2019_14_IND_TB,93,303.25,2.25,0.75,76.25,0.5833333333333334,303.25,2.25,0.9166666666666666
TB,2019,2019_15_TB_DET,94,299.2307692307692,2.230769230769231,0.6923076923076923,75.46153846153847,0.6153846153846154,299.2307692307692,2.230769230769231,0.9230769230769231
TB,2019,2019_16_HOU_TB,95,296.42857142857144,2.0714285714285716,0.7857142857142857,73.28571428571429,0.7142857142857143,296.42857142857144,2.0714285714285716,0.9285714285714286
TB,2019,2019_17_ATL_TB,96,288.93333333333334,1.9333333333333333,0.8,72.93333333333334,0.7333333333333333,288.93333333333334,1.9333333333333333,0.9333333333333333
TB,2020,2020_01_TB_NO,97,,,,,,,,
TB,2020,2020_02_CAR_TB,98,198.0,2.0,0.0,82.0,1.0,198.0,2.0,0.0
TB,2020,2020_03_TB_DEN,99,282.5,1.0,1.0,84.5,1.5,282.5,1.0,1.0
TB,2020,2020_04_LAC_TB,100,264.6666666666667,1.0,1.3333333333333333,70.33333333333333,1.0,264.6666666666667,1.0,0.6666666666666666
TB,2020,2020_05_TB_CHI,101,271.0,1.5,1.25,64.25,0.75,271.0,1.5,0.75
TB,2020,2020_06_GB_TB,102,265.4,1.4,1.2,58.4,0.8,265.4,1.4,0.6
TB,2020,2020_07_TB_LV,103,247.83333333333334,1.1666666666666667,1.3333333333333333,64.33333333333333,0.8333333333333334,247.83333333333334,1.1666666666666667,0.5
TB,2020,2020_08_TB_NYG,104,253.0,1.2857142857142858,1.2857142857142858,66.0,0.7142857142857143,253.0,1.2857142857142858,0.42857142857142855
TB,2020,2020_09_NO_TB,105,255.625,1.375,1.375,70.375,0.75,255.625,1.375,0.375
TB,2020,2020_10_TB_CAR,106,258.55555555555554,1.6666666666666667,1.2222222222222223,77.88888888888889,0.7777777777777778,258.55555555555554,1.6666666666666667,0.5555555555555556
TB,2020,2020_11_LA_TB,107,247.5,1.7,1.2,76.6,0.8,247.5,1.7,0.5
TB,2020,2020_12_KC_TB,108,259.1818181818182,1.8181818181818181,1.2727272727272727,73.0,0.7272727272727273,259.1818181818182,1.8181818181818181,0.45454545454545453
TB,2020,2020_14_MIN_TB,109,276.0833333333333,1.9166666666666667,1.1666666666666667,74.16666666666667,0.6666666666666666,276.0833333333333,1.9166666666666667,0.5
TB,2020,2020_15_TB_ATL,110,272.15384615384613,1.8461538461538463,1.0769230769230769,80.92307692307692,0.6923076923076923,272.15384615384613,1.8461538461538463,0.5384615384615384
TB,2020,2020_16_TB_DET,111,278.14285714285717,1.9285714285714286,1.0,77.78571428571429,0.6428571428571429,278.14285714285717,1.9285714285714286,0.5
TB,2020,2020_17_ATL_TB,112,269.73333333333335,1.8,1.0,77.46666666666667,0.6,269.73333333333335,1.8,0.5333333333333333
TB,2021,2021_01_DAL_TB,113,,,,,,,,
TB,2021,2021_02_ATL_TB,114,403.0,3.0,1.0,60.0,0.0,403.0,3.0,0.0
TB,2021,2021_03_TB_LA,115,351.5,2.5,2.0,57.5,0.5,351.5,2.5,0.0
TB,2021,2021_04_TB_NE,116,348.6666666666667,3.0,1.3333333333333333,63.666666666666664,0.3333333333333333,348.6666666666667,3.0,0.0
TB,2021,2021_05_MIA_TB,117,341.5,2.75,1.25,47.5,0.25,341.5,2.75,0.25
TB,2021,2021_06_TB_PHI,118,328.2,2.6,1.2,45.8,0.2,328.2,2.6,0.4
TB,2021,2021_07_CHI_TB,119,292.6666666666667,2.3333333333333335,1.1666666666666667,54.833333333333336,0.5,292.6666666666667,2.3333333333333335,0.3333333333333333
TB,2021,2021_08_TB_NO,120,277.14285714285717,2.0,1.4285714285714286,67.42857142857143,0.42857142857142855,277.14285714285717,2.0,0.5714285714285714
TB,2021,2021_10_TB_WAS,121,269.375,2.0,1.25,78.0,0.5,269.375,2.0,0.5
TB,2021,2021_11_NYG_TB,122,267.8888888888889,1.8888888888888888,1.1111111111111112,79.77777777777777,0.6666666666666666,267.8888888888889,1.8888888888888888,0.5555555555555556
TB,2021,2021_12_TB_IND,123,257.8,1.8,1.2,78.4,0.6,257.8,1.8,0.6
TB,2021,2021_13_TB_ATL,124,262.1818181818182,1.9090909090909092,1.2727272727272727,81.0,0.6363636363636364,262.1818181818182,1.9090909090909092,0.7272727272727273
TB,2021,2021_14_BUF_TB,125,265.0833333333333,1.75,1.1666666666666667,84.33333333333333,0.6666666666666666,265.0833333333333,1.75,0.75
TB,2021,2021_15_NO_TB,126,268.38461538461536,1.7692307692307692,1.1538461538461537,91.15384615384616,0.6923076923076923,268.38461538461536,1.7692307692307692,0.6923076923076923
TB,2021,2021_16_TB_CAR,127,260.2142857142857,1.6428571428571428,1.0714285714285714,89.0,0.6428571428571429,260.2142857142857,1.6428571428571428,0.6428571428571429
TB,2021,2021_17_TB_NYJ,128,259.6,1.5333333333333334,1.0666666666666667,87.53333333333333,0.6,259.6,1.5333333333333334,0.6
TB,2021,2021_18_CAR_TB,129,258.0,1.5,1.0,91.4375,0.6875,258.0,1.5,0.625
TB,2022,2022_01_TB_DAL,130,,,,,,,,
TB,2022,2022_02_TB_NO,131,198.0,0.0,1.0,71.0,0.0,198.0,0.0,0.0
TB,2022,2022_03_GB_TB,132,217.0,0.5,2.0,85.5,0.0,217.0,0.5,1.0
TB,2022,2022_04_KC_TB,133,229.66666666666666,1.0,1.6666666666666667,79.33333333333333,0.0,229.66666666666666,1.0,1.0
TB,2022,2022_05_ATL_TB,134,234.5,1.5,1.5,106.75,0.5,234.5,1.5,0.75
TB,2022,2022_06_TB_PIT,135,217.0,1.4,1.2,115.6,0.6,217.0,1.4,0.6
TB,2022,2022_07_TB_CAR,136,216.0,1.5,1.0,109.16666666666667,0.5,216.0,1.5,0.5
TB,2022,2022_08_BAL_TB,137,210.42857142857142,1.5714285714285714,0.8571428571428571,118.28571428571429,0.5714285714285714,210.42857142857142,1.5714285714285714,0.42857142857142855
TB,2022,2022_09_LA_TB,138,213.875,1.625,0.75,132.375,0.625,213.875,1.625,0.375
TB,2022,2022_10_SEA_TB,139,208.44444444444446,1.5555555555555556,0.6666666666666666,125.22222222222223,0.5555555555555556,208.44444444444446,1.5555555555555556,0.3333333333333333
TB,2022,2022_12_TB_CLE,140,215.1,1.6,0.6,116.6,0.5,215.1,1.6,0.4
TB,2022,2022_13_NO_TB,141,214.63636363636363,1.5454545454545454,0.6363636363636364,123.18181818181819,0.6363636363636364,214.63636363636363,1.5454545454545454,0.36363636363636365
TB,2022,2022_14_TB_SF,142,217.58333333333334,1.5,0.5833333333333334,118.41666666666667,0.5833333333333334,217.58333333333334,1.5,0.3333333333333333
TB,2022,2022_15_CIN_TB,143,215.84615384615384,1.5384615384615385,0.5384615384615384,125.38461538461539,0.7692307692307693,215.84615384615384,1.5384615384615385,0.38461538461538464
TB,2022,2022_16_TB_ARI,144,214.71428571428572,1.7142857142857142,0.5714285714285714,120.21428571428571,0.7142857142857143,214.71428571428572,1.7142857142857142,0.35714285714285715
TB,2022,2022_17_CAR_TB,145,215.13333333333333,1.6,0.6,120.26666666666667,0.7333333333333333,215.13333333333333,1.6,0.4666666666666667
TB,2022,2022_18_TB_ATL,146,223.0,1.6875,0.625,117.375,0.6875,223.0,1.6875,0.5625
TB,2023,2023_01_TB_MIN,147,,,,,,,,
TB,2023,2023_02_CHI_TB,148,344.0,2.0,1.0,41.0,0.0,344.0,2.0,2.0
TB,2023,2023_03_PHI_TB,149,277.5,1.5,1.5,54.0,0.5,277.5,1.5,1.0
TB,2023,2023_04_TB_NO,150,277.3333333333333,1.3333333333333333,1.6666666666666667,103.0,0.6666666666666666,277.3333333333333,1.3333333333333333,0.6666666666666666
TB,2023,2023_06_DET_TB,151,243.0,1.0,1.5,94.75,0.5,243.0,1.0,1.0
TB,2023,2023_07_ATL_TB,152,265.0,1.2,1.2,83.8,0.4,265.0,1.2,0.8
TB,2023,2023_08_TB_BUF,153,262.5,1.0,1.0,95.83333333333333,0.5,262.5,1.0,0.8333333333333334
TB,2023,2023_09_TB_HOU,154,271.2857142857143,1.1428571428571428,1.0,98.57142857142857,0.5714285714285714,271.2857142857143,1.1428571428571428,0.7142857142857143
TB,2023,2023_10_TEN_TB,155,296.125,1.625,0.875,91.625,0.5,296.125,1.625,0.75
TB,2023,2023_11_TB_SF,156,285.3333333333333,1.4444444444444444,0.8888888888888888,86.11111111111111,0.4444444444444444,285.3333333333333,1.4444444444444444,0.6666666666666666
TB,2023,2023_12_TB_IND,157,290.1,1.6,0.8,89.0,0.4,290.1,1.6,0.6
TB,2023,2023_13_CAR_TB,158,286.54545454545456,1.4545454545454546,0.8181818181818182,95.0,0.6363636363636364,286.54545454545456,1.4545454545454546,0.5454545454545454
TB,2023,2023_14_TB_ATL,159,277.5,1.3333333333333333,0.8333333333333334,98.16666666666667,0.75,277.5,1.3333333333333333,0.5
TB,2023,2023_15_TB_GB,160,282.84615384615387,1.3076923076923077,0.8461538461538461,98.0,0.8461538461538461,282.84615384615387,1.3076923076923077,0.46153846153846156
TB,2023,2023_16_JAX_TB,161,282.92857142857144,1.3571428571428572,0.7857142857142857,95.28571428571429,0.7857142857142857,282.92857142857144,1.3571428571428572,0.5
TB,2023,2023_17_NO_TB,162,284.4,1.4,0.8666666666666667,91.4,0.7333333333333333,284.4,1.4,0.6
TB,2023,2023_18_TB_CAR,163,279.625,1.4375,0.8125,92.4375,0.6875,279.625,1.4375,0.5625
TB,2024,2024_01_WAS_TB,164,,,,,,,,
TB,2024,2024_02_TB_DET,165,184.0,0.0,0.0,138.0,3.0,184.0,0.0,0.0
TB,2024,2024_03_DEN_TB,166,254.0,0.0,1.0,138.5,2.0,254.0,0.0,0.0
TB,2024,2024_04_PHI_TB,167,241.33333333333334,0.0,0.6666666666666666,137.66666666666666,2.0,241.33333333333334,0.0,0.3333333333333333
TB,2024,2024_05_TB_ATL,168,220.5,0.25,0.5,131.5,1.75,220.5,0.25,0.5
TB,2024,2024_06_TB_NO,169,278.2,1.0,0.6,119.8,1.4,278.2,1.0,0.4
TB,2024,2024_07_BAL_TB,170,272.3333333333333,1.0,0.8333333333333334,113.33333333333333,1.3333333333333333,272.3333333333333,1.0,0.5
TB,2024,2024_08_ATL_TB,171,273.57142857142856,1.5714285714285714,0.7142857142857143,132.0,1.1428571428571428,273.57142857142856,1.5714285714285714,0.5714285714285714
TB,2024,2024_09_TB_KC,172,273.875,1.875,0.625,131.625,1.0,273.875,1.875,0.5
TB,2024,2024_10_SF_TB,173,275.77777777777777,2.0,0.5555555555555556,130.77777777777777,1.0,275.77777777777777,2.0,0.5555555555555556
TB,2024,2024_12_TB_NYG,174,283.5,2.0,0.5,125.2,0.9,283.5,2.0,0.5
TB,2024,2024_13_TB_CAR,175,275.1818181818182,1.8181818181818181,0.45454545454545453,120.72727272727273,0.9090909090909091,275.1818181818182,1.8181818181818181,0.5454545454545454
TB,2024,2024_14_LV_TB,176,277.0833333333333,1.75,0.4166666666666667,117.16666666666667,0.9166666666666666,277.0833333333333,1.75,0.5833333333333334
TB,2024,2024_15_TB_LAC,177,271.53846153846155,1.6153846153846154,0.46153846153846156,115.15384615384616,0.9230769230769231,271.53846153846155,1.6153846153846154,0.6153846153846154
TB,2024,2024_16_TB_DAL,178,266.35714285714283,1.6428571428571428,0.5,109.21428571428571,0.8571428571428571,266.35714285714283,1.6428571428571428,0.6428571428571429
TB,2024,2024_17_CAR_TB,179,268.06666666666666,1.6,0.4666666666666667,104.0,0.8666666666666667,268.06666666666666,1.6,0.6
TB,2024,2024_18_NO_TB,180,264.0,1.625,0.4375,99.9375,0.8125,264.0,1.625,0.5625
TEN,2014,2014_01_TEN_KC,1,,,,,,,,
TEN,2014,2014_02_DAL_TEN,2,202.0,1.0,3.0,67.0,0.0,202.0,1.0,0.0
TEN,2014,2014_03_TEN_CIN,3,189.0,1.0,1.5,143.5,0.5,189.0,1.0,0.5
TEN,2014,2014_04_TEN_IND,4,187.33333333333334,1.0,1.3333333333333333,134.33333333333334,1.3333333333333333,187.33333333333334,1.0,0.3333333333333333
TEN,2014,2014_05_CLE_TEN,5,238.75,1.75,1.25,127.0,1.25,238.75,1.75,0.25
TEN,2014,2014_06_JAX_TEN,6,249.2,2.0,1.2,136.8,1.0,249.2,2.0,0.2
TEN,2014,2014_07_TEN_WAS,7,263.6666666666667,1.8333333333333333,1.1666666666666667,127.66666666666667,1.0,263.6666666666667,1.8333333333333333,0.3333333333333333
TEN,2014,2014_08_HOU_TEN,8,264.14285714285717,1.7142857142857142,1.1428571428571428,123.71428571428571,0.8571428571428571,264.14285714285717,1.7142857142857142,0.42857142857142855
TEN,2014,2014_10_TEN_BAL,9,259.5,1.625,1.0,134.75,1.0,259.5,1.625,0.375
TEN,2014,2014_11_PIT_TEN,10,249.44444444444446,1.5555555555555556,0.8888888888888888,136.55555555555554,1.1111111111111112,249.44444444444446,1.5555555555555556,0.3333333333333333
TEN,2014,2014_12_TEN_PHI,11,245.2,1.5,0.9,143.5,1.1,245.2,1.5,0.3
TEN,2014,2014_13_TEN_HOU,12,250.8181818181818,1.4545454545454546,1.0,145.36363636363637,1.1818181818181819,250.8181818181818,1.4545454545454546,0.2727272727272727
TEN,2014,2014_14_NYG_TEN,13,259.75,1.8333333333333333,0.9166666666666666,141.5,1.0833333333333333,259.75,1.8333333333333333,0.3333333333333333
TEN,2014,2014_15_NYJ_TEN,14,259.7692307692308,1.7692307692307692,0.9230769230769231,141.53846153846155,1.0769230769230769,259.7692307692308,1.7692307692307692,0.3076923076923077
TEN,2014,2014_16_TEN_JAX,15,254.0,1.7142857142857142,0.8571428571428571,139.57142857142858,1.0714285714285714,254.0,1.7142857142857142,0.2857142857142857
TEN,2014,2014_17_IND_TEN,16,245.33333333333334,1.6666666666666667,0.8,142.06666666666666,1.1333333333333333,245.33333333333334,1.6666666666666667,0.26666666666666666
TEN,2015,2015_01_TEN_TB,17,,,,,,,,
TEN,2015,2015_02_TEN_CLE,18,210.0,2.0,2.0,92.0,0.0,210.0,2.0,0.0
TEN,2015,2015_03_IND_TEN,19,191.0,2.0,1.0,104.0,0.5,191.0,2.0,0.0
TEN,2015,2015_05_BUF_TEN,20,214.0,2.0,1.3333333333333333,113.66666666666667,1.0,214.0,2.0,0.0
TEN,2015,2015_06_MIA_TEN,21,188.75,1.75,1.0,117.0,1.0,188.75,1.75,0.0
TEN,2015,2015_07_ATL_TEN,22,204.2,1.8,1.2,129.6,1.2,204.2,1.8,0.0
TEN,2015,2015_08_TEN_HOU,23,212.0,1.6666666666666667,1.3333333333333333,129.16666666666666,1.0,212.0,1.6666666666666667,0.0
TEN,2015,2015_09_TEN_NO,24,215.28571428571428,1.7142857142857142,1.1428571428571428,118.71428571428571,0.8571428571428571,215.28571428571428,1.7142857142857142,0.0
TEN,2015,2015_10_CAR_TEN,25,236.75,1.875,1.125,111.5,0.875,236.75,1.875,0.0
TEN,2015,2015_11_TEN_JAX,26,234.55555555555554,1.7777777777777777,1.0,112.33333333333333,1.0,234.55555555555554,1.7777777777777777,0.0
TEN,2015,2015_12_OAK_TEN,27,235.3,1.7,1.0,110.1,0.9,235.3,1.7,0.1
TEN,2015,2015_13_JAX_TEN,28,243.9090909090909,1.8181818181818181,0.9090909090909091,107.72727272727273,0.8181818181818182,245.0,1.8181818181818181,0.18181818181818182
TEN,2015,2015_14_TEN_NYJ,29,250.41666666666666,2.0833333333333335,0.8333333333333334,105.5,0.8333333333333334,251.41666666666666,2.0833333333333335,0.16666666666666666
TEN,2015,2015_15_TEN_NE,30,251.3846153846154,2.1538461538461537,0.7692307692307693,111.46153846153847,0.7692307692307693,252.30769230769232,2.1538461538461537,0.15384615384615385
TEN,2015,2015_16_HOU_TEN,31,252.5,2.142857142857143,0.7142857142857143,110.14285714285714,0.7142857142857143,253.35714285714286,2.142857142857143,0.14285714285714285
TEN,2015,2015_17_TEN_IND,32,249.46666666666667,2.1333333333333333,0.6666666666666666,111.33333333333333,0.7333333333333333,250.26666666666668,2.1333333333333333,0.2
TEN,2016,2016_01_MIN_TEN,33,,,,,,,,
TEN,2016,2016_02_TEN_DET,34,236.0,0.0,0.0,65.0,0.0,236.0,0.0,0.0
TEN,2016,2016_03_OAK_TEN,35,248.0,0.5,0.5,101.0,0.0,248.0,0.5,0.0
TEN,2016,2016_04_TEN_HOU,36,248.33333333333334,0.6666666666666666,0.6666666666666666,108.33333333333333,0.3333333333333333,248.33333333333334,0.6666666666666666,0.0
TEN,2016,2016_05_TEN_MIA,37,249.75,1.0,1.0,110.0,0.25,249.75,1.0,0.0
TEN,2016,2016_06_CLE_TEN,38,238.0,0.8,1.2,98.2,0.4,238.0,0.8,0.0
TEN,2016,2016_07_IND_TEN,39,254.5,1.0,1.0,88.5,0.5,254.5,1.0,0.0
TEN,2016,2016_08_JAX_TEN,40,268.57142857142856,1.2857142857142858,0.8571428571428571,87.42857142857143,0.42857142857142855,268.57142857142856,1.2857142857142858,0.0
TEN,2016,2016_09_TEN_SD,41,277.125,1.5,0.75,82.5,0.375,277.125,1.5,0.0
TEN,2016,2016_10_GB_TEN,42,276.8888888888889,1.5555555555555556,0.6666666666666666,96.44444444444444,0.4444444444444444,276.8888888888889,1.5555555555555556,0.0
TEN,2016,2016_11_TEN_IND,43,287.1,1.6,0.8,93.7,0.5,287.1,1.6,0.0
TEN,2016,2016_12_TEN_CHI,44,284.8181818181818,1.6363636363636365,0.8181818181818182,92.0909090909091,0.5454545454545454,284.8181818181818,1.6363636363636365,0.0
TEN,2016,2016_14_DEN_TEN,45,287.4166666666667,1.75,0.9166666666666666,92.33333333333333,0.5,287.4166666666667,1.75,0.0
TEN,2016,2016_15_TEN_KC,46,292.2307692307692,1.6923076923076923,0.8461538461538461,86.61538461538461,0.46153846153846156,292.2307692307692,1.6923076923076923,0.15384615384615385
TEN,2016,2016_16_TEN_JAX,47,283.0,1.5714285714285714,0.8571428571428571,91.64285714285714,0.5714285714285714,283.0,1.5714285714285714,0.14285714285714285
TEN,2016,2016_17_HOU_TEN,48,287.1333333333333,1.6,0.8,91.13333333333334,0.6,287.1333333333333,1.6,0.2
TEN,2017,2017_01_OAK_TEN,49,,,,,,,,
TEN,2017,2017_02_TEN_JAX,50,262.0,2.0,0.0,109.0,0.0,262.0,2.0,0.0
TEN,2017,2017_03_SEA_TEN,51,242.5,1.5,1.0,104.0,0.5,242.5,1.5,0.5
TEN,2017,2017_04_TEN_HOU,52,286.0,2.3333333333333335,0.6666666666666666,92.33333333333333,0.3333333333333333,286.0,2.3333333333333335,0.3333333333333333
TEN,2017,2017_05_TEN_MIA,53,285.25,2.75,0.75,112.5,0.75,285.25,2.75,0.25
TEN,2017,2017_06_IND_TEN,54,246.6,2.4,0.8,110.0,0.6,246.6,2.4,0.4
TEN,2017,2017_07_TEN_CLE,55,240.83333333333334,2.1666666666666665,0.6666666666666666,105.83333333333333,0.5,240.83333333333334,2.1666666666666665,0.5
TEN,2017,2017_09_BAL_TEN,56,240.0,1.8571428571428572,1.0,100.14285714285714,0.42857142857142855,240.0,1.8571428571428572,0.42857142857142855
TEN,2017,2017_10_CIN_TEN,57,244.625,1.875,1.125,96.75,0.375,244.625,1.875,0.375
TEN,2017,2017_11_TEN_PIT,58,246.88888888888889,1.8888888888888888,1.0,91.88888888888889,0.4444444444444444,246.88888888888889,1.8888888888888888,0.5555555555555556
TEN,2017,2017_12_TEN_IND,59,252.9,2.1,0.9,89.2,0.4,252.9,2.1,0.5
TEN,2017,2017_13_HOU_TEN,60,247.72727272727272,1.9090909090909092,0.8181818181818182,89.18181818181819,0.45454545454545453,247.72727272727272,1.9090909090909092,0.5454545454545454
TEN,2017,2017_14_TEN_ARI,61,257.5,1.8333333333333333,0.8333333333333334,86.16666666666667,0.4166666666666667,257.5,1.8333333333333333,0.5
TEN,2017,2017_15_TEN_SF,62,251.3846153846154,1.6923076923076923,0.7692307692307693,90.0,0.38461538461538464,251.3846153846154,1.6923076923076923,0.46153846153846156
TEN,2017,2017_16_LA_TEN,63,260.64285714285717,1.6428571428571428,0.7142857142857143,87.21428571428571,0.35714285714285715,260.64285714285717,1.6428571428571428,0.42857142857142855
TEN,2017,2017_17_JAX_TEN,64,263.3333333333333,1.8,0.6666666666666666,89.13333333333334,0.3333333333333333,263.3333333333333,1.8,0.4666666666666667
TEN,2018,2018_01_TEN_MIA,65,,,,,,,,
TEN,2018,2018_02_HOU_TEN,66,230.0,2.0,2.0,120.0,0.0,230.0,2.0,0.0
TEN,2018,2018_03_TEN_JAX,67,270.0,2.0,1.5,134.0,0.0,270.0,2.0,0.0
TEN,2018,2018_04_PHI_TEN,68,231.66666666666666,1.3333333333333333,1.0,118.33333333333333,0.0,231.66666666666666,1.3333333333333333,0.3333333333333333
TEN,2018,2018_05_TEN_BUF,69,260.75,1.5,0.75,118.0,0.0,260.75,1.5,0.5
TEN,2018,2018_06_BAL_TEN,70,225.0,1.2,0.8,123.2,0.2,225.0,1.2,0.4
TEN,2018,2018_07_TEN_LAC,71,227.16666666666666,1.1666666666666667,0.8333333333333334,123.16666666666667,0.5,227.16666666666666,1.1666666666666667,0.3333333333333333
TEN,2018,2018_09_TEN_DAL,72,238.42857142857142,1.2857142857142858,0.7142857142857143,112.28571428571429,0.42857142857142855,238.42857142857142,1.2857142857142858,0.2857142857142857
TEN,2018,2018_10_NE_TEN,73,239.0,1.375,0.75,107.25,0.375,239.0,1.375,0.375
TEN,2018,2018_11_TEN_IND,74,242.11111111111111,1.2222222222222223,0.6666666666666666,99.77777777777777,0.4444444444444444,242.11111111111111,1.2222222222222223,0.3333333333333333
TEN,2018,2018_12_TEN_HOU,75,247.4,1.4,0.6,100.0,0.6,247.4,1.4,0.3
TEN,2018,2018_13_NYJ_TEN,76,244.0,1.4545454545454546,0.5454545454545454,116.45454545454545,0.7272727272727273,244.0,1.4545454545454546,0.2727272727272727
TEN,2018,2018_14_JAX_TEN,77,234.33333333333334,1.3333333333333333,0.5833333333333334,119.75,0.6666666666666666,234.33333333333334,1.3333333333333333,0.25
TEN,2018,2018_15_TEN_NYG,78,234.76923076923077,1.3076923076923077,0.5384615384615384,115.15384615384616,0.6153846153846154,234.76923076923077,1.3076923076923077,0.3076923076923077
TEN,2018,2018_16_WAS_TEN,79,234.35714285714286,1.2142857142857142,0.5714285714285714,110.28571428571429,0.5714285714285714,234.35714285714286,1.2142857142857142,0.35714285714285715
TEN,2018,2018_17_IND_TEN,80,228.93333333333334,1.2,0.6666666666666666,113.66666666666667,0.5333333333333333,228.93333333333334,1.2,0.3333333333333333
TEN,2019,2019_01_TEN_CLE,81,,,,,,,,
TEN,2019,2019_02_IND_TEN,82,285.0,1.0,3.0,102.0,1.0,285.0,1.0,0.0
TEN,2019,2019_03_TEN_JAX,83,215.5,2.0,2.0,134.5,0.5,215.5,2.0,0.5
TEN,2019,2019_04_TEN_ATL,84,211.66666666666666,2.0,1.3333333333333333,119.0,0.3333333333333333,211.66666666666666,2.0,0.3333333333333333
TEN,2019,2019_05_BUF_TEN,85,258.0,1.5,1.0,103.75,0.5,258.0,1.5,0.5
TEN,2019,2019_06_TEN_DEN,86,250.2,1.6,1.0,104.8,0.4,250.2,1.6,0.4
TEN,2019,2019_07_LAC_TEN,87,238.0,1.3333333333333333,1.0,104.5,0.5,238.0,1.3333333333333333,0.3333333333333333
TEN,2019,2019_08_TB_TEN,88,251.0,1.4285714285714286,0.8571428571428571,95.14285714285714,0.42857142857142855,251.0,1.4285714285714286,0.42857142857142855
TEN,2019,2019_09_TEN_CAR,89,257.25,1.5,1.0,96.5,0.375,257.25,1.5,0.625
TEN,2019,2019_10_KC_TEN,90,254.44444444444446,1.5555555555555556,1.0,103.11111111111111,0.5555555555555556,254.44444444444446,1.5555555555555556,0.5555555555555556
TEN,2019,2019_12_JAX_TEN,91,273.6,1.7,0.9,102.5,0.5,273.6,1.7,0.6
TEN,2019,2019_13_TEN_IND,92,273.45454545454544,1.5454545454545454,0.8181818181818182,103.81818181818181,0.6363636363636364,273.45454545454544,1.5454545454545454,0.5454545454545454
TEN,2019,2019_14_TEN_OAK,93,277.25,1.5,0.9166666666666666,102.0,0.6666666666666666,277.25,1.5,0.5833333333333334
TEN,2019,2019_15_HOU_TEN,94,276.0769230769231,1.5384615384615385,0.8461538461538461,101.61538461538461,0.6923076923076923,276.0769230769231,1.5384615384615385,0.6153846153846154
TEN,2019,2019_16_NO_TEN,95,273.7142857142857,1.5714285714285714,0.9285714285714286,104.35714285714286,0.7142857142857143,273.7142857142857,1.5714285714285714,0.5714285714285714
TEN,2019,2019_17_TEN_HOU,96,275.4,1.6666666666666667,0.8666666666666667,104.2,0.8,275.4,1.6666666666666667,0.5333333333333333
TEN,2020,2020_01_TEN_DEN,97,,,,,,,,
TEN,2020,2020_02_JAX_TEN,98,216.0,1.0,0.0,107.0,1.0,216.0,1.0,1.0
TEN,2020,2020_03_TEN_MIN,99,277.5,2.0,1.0,136.0,1.0,277.5,2.0,0.5
TEN,2020,2020_05_BUF_TEN,100,268.6666666666667,2.3333333333333335,1.3333333333333333,166.0,1.0,268.6666666666667,2.3333333333333335,0.6666666666666666
TEN,2020,2020_06_HOU_TEN,101,272.75,2.25,1.5,148.25,0.75,272.75,2.25,0.5
TEN,2020,2020_07_PIT_TEN,102,285.2,2.6,1.2,137.0,0.8,285.2,2.6,0.4
TEN,2020,2020_08_TEN_CIN,103,282.3333333333333,2.5,1.5,129.83333333333334,0.8333333333333334,282.3333333333333,2.5,0.3333333333333333
TEN,2020,2020_09_CHI_TEN,104,277.57142857142856,2.4285714285714284,1.2857142857142858,128.14285714285714,1.0,277.57142857142856,2.4285714285714284,0.2857142857142857
TEN,2020,2020_10_IND_TEN,105,284.75,2.375,1.125,119.125,0.875,284.75,2.375,0.5
TEN,2020,2020_11_TEN_BAL,106,287.3333333333333,2.2222222222222223,1.0,120.66666666666667,1.0,287.3333333333333,2.2222222222222223,0.4444444444444444
TEN,2020,2020_12_TEN_IND,107,277.2,2.1,1.0,121.5,1.0,277.2,2.1,0.4
TEN,2020,2020_13_CLE_TEN,108,278.8181818181818,2.090909090909091,1.0,115.54545454545455,1.0909090909090908,278.8181818181818,2.090909090909091,0.36363636363636365
TEN,2020,2020_14_TEN_JAX,109,283.9166666666667,2.25,0.9166666666666666,115.75,1.0833333333333333,283.9166666666667,2.25,0.4166666666666667
TEN,2020,2020_15_DET_TEN,110,282.3076923076923,2.1538461538461537,0.9230769230769231,113.84615384615384,1.0,282.3076923076923,2.1538461538461537,0.38461538461538464
TEN,2020,2020_16_TEN_GB,111,284.07142857142856,2.0714285714285716,0.9285714285714286,114.5,1.0714285714285714,284.07142857142856,2.0714285714285716,0.5
TEN,2020,2020_17_TEN_HOU,112,280.53333333333336,2.2,0.9333333333333333,122.46666666666667,1.1333333333333333,280.53333333333336,2.2,0.4666666666666667
TEN,2021,2021_01_ARI_TEN,113,,,,,,,,
TEN,2021,2021_02_TEN_SEA,114,289.0,4.0,1.0,136.0,1.0,289.0,4.0,0.0
TEN,2021,2021_03_IND_TEN,115,316.0,3.0,0.5,106.5,1.5,316.0,3.0,0.0
TEN,2021,2021_04_TEN_NYJ,116,275.3333333333333,2.0,0.3333333333333333,100.0,1.3333333333333333,275.3333333333333,2.0,0.0
TEN,2021,2021_05_TEN_JAX,117,280.75,2.0,0.5,91.5,1.25,280.75,2.0,0.0
TEN,2021,2021_06_BUF_TEN,118,279.2,1.8,0.6,112.8,1.4,279.2,1.8,0.2
TEN,2021,2021_07_KC_TEN,119,291.5,2.0,0.6666666666666666,107.66666666666667,1.1666666666666667,291.5,2.0,0.16666666666666666
TEN,2021,2021_08_TEN_IND,120,291.0,1.7142857142857142,0.7142857142857143,103.28571428571429,1.0,291.0,1.7142857142857142,0.42857142857142855
TEN,2021,2021_09_TEN_LA,121,283.5,1.875,0.875,100.75,1.0,283.5,1.875,0.375
TEN,2021,2021_10_NO_TEN,122,284.6666666666667,1.7777777777777777,1.0,100.0,0.8888888888888888,284.6666666666667,1.7777777777777777,0.3333333333333333
TEN,2021,2021_11_HOU_TEN,123,287.1,1.8,0.9,98.6,0.9,287.1,1.8,0.3
TEN,2021,2021_12_TEN_NE,124,270.72727272727275,1.6363636363636365,0.8181818181818182,97.18181818181819,1.0,270.72727272727275,1.6363636363636365,0.2727272727272727
TEN,2021,2021_14_JAX_TEN,125,274.0,1.6666666666666667,0.75,97.83333333333333,1.0,274.0,1.6666666666666667,0.25
TEN,2021,2021_15_TEN_PIT,126,269.9230769230769,1.5384615384615385,1.0,90.92307692307692,0.9230769230769231,269.9230769230769,1.5384615384615385,0.23076923076923078
TEN,2021,2021_16_SF_TEN,127,261.2142857142857,1.4285714285714286,0.9285714285714286,86.92857142857143,0.9285714285714286,261.2142857142857,1.4285714285714286,0.21428571428571427
TEN,2021,2021_17_MIA_TEN,128,265.26666666666665,1.4,1.0,86.66666666666667,0.9333333333333333,265.26666666666665,1.4,0.2
TEN,2021,2021_18_TEN_HOU,129,261.5,1.3125,1.0,85.875,0.875,261.5,1.3125,0.25
TEN,2022,2022_01_NYG_TEN,130,,,,,,,,
TEN,2022,2022_02_TEN_BUF,131,188.0,2.0,1.0,238.0,1.0,188.0,2.0,1.0
TEN,2022,2022_03_LV_TEN,132,252.5,3.0,0.5,169.5,0.5,252.5,3.0,0.5
TEN,2022,2022_04_TEN_IND,133,270.6666666666667,2.6666666666666665,0.6666666666666666,145.0,0.3333333333333333,270.6666666666667,2.6666666666666665,0.3333333333333333
TEN,2022,2022_05_TEN_WAS,134,292.0,2.5,0.75,118.25,0.25,292.0,2.5,0.75
TEN,2022,2022_07_IND_TEN,135,305.4,2.4,0.8,103.2,0.2,305.4,2.4,0.6
TEN,2022,2022_08_TEN_HOU,136,295.0,2.1666666666666665,1.0,96.83333333333333,0.16666666666666666,295.0,2.1666666666666665,0.6666666666666666
TEN,2022,2022_09_TEN_KC,137,274.57142857142856,2.0,1.0,89.14285714285714,0.14285714285714285,274.57142857142856,2.0,0.5714285714285714
TEN,2022,2022_10_DEN_TEN,138,296.0,1.875,1.0,87.625,0.25,296.0,1.875,0.5
TEN,2022,2022_11_TEN_GB,139,294.8888888888889,1.7777777777777777,1.0,85.11111111111111,0.2222222222222222,294.8888888888889,1.7777777777777777,0.4444444444444444
TEN,2022,2022_12_CIN_TEN,140,288.1,1.8,0.9,82.2,0.2,288.1,1.8,0.4
TEN,2022,2022_13_TEN_PHI,141,286.45454545454544,1.7272727272727273,0.8181818181818182,84.54545454545455,0.2727272727272727,286.45454545454544,1.7272727272727273,0.36363636363636365
TEN,2022,2022_14_JAX_TEN,142,295.1666666666667,1.8333333333333333,0.75,83.08333333333333,0.4166666666666667,295.1666666666667,1.8333333333333333,0.3333333333333333
TEN,2022,2022_15_TEN_LAC,143,300.7692307692308,1.9230769230769231,0.6923076923076923,81.3076923076923,0.46153846153846156,300.7692307692308,1.9230769230769231,0.3076923076923077
TEN,2022,2022_16_HOU_TEN,144,301.64285714285717,1.7857142857142858,0.7857142857142857,80.78571428571429,0.5714285714285714,301.64285714285717,1.7857142857142858,0.2857142857142857
TEN,2022,2022_17_DAL_TEN,145,296.06666666666666,1.7333333333333334,0.8,80.06666666666666,0.5333333333333333,296.06666666666666,1.7333333333333334,0.26666666666666666
TEN,2022,2022_18_TEN_JAX,146,295.1875,1.75,0.875,80.5,0.5625,295.1875,1.75,0.3125
TEN,2023,2023_01_TEN_NO,147,,,,,,,,
TEN,2023,2023_02_LAC_TEN,148,305.0,1.0,1.0,69.0,0.0,305.0,1.0,0.0
TEN,2023,2023_03_TEN_CLE,149,305.0,1.5,0.5,65.0,0.0,305.0,1.5,0.0
TEN,2023,2023_04_CIN_TEN,150,299.6666666666667,1.6666666666666667,0.3333333333333333,69.33333333333333,0.3333333333333333,299.6666666666667,1.6666666666666667,0.3333333333333333
TEN,2023,2023_05_TEN_IND,151,266.0,1.25,0.25,70.0,0.25,266.0,1.25,0.5
TEN,2023,2023_06_BAL_TEN,152,263.4,1.0,0.2,94.6,0.6,263.4,1.0,0.4
TEN,2023,2023_08_ATL_TEN,153,256.6666666666667,1.0,0.3333333333333333,102.0,0.5,256.6666666666667,1.0,0.3333333333333333
TEN,2023,2023_09_TEN_PIT,154,255.14285714285714,1.0,0.2857142857142857,107.42857142857143,0.5714285714285714,255.14285714285714,1.0,0.42857142857142855
TEN,2023,2023_10_TEN_TB,155,243.25,1.0,0.25,114.75,0.625,243.25,1.0,0.375
TEN,2023,2023_11_TEN_JAX,156,247.11111111111111,1.1111111111111112,0.3333333333333333,110.55555555555556,0.5555555555555556,247.11111111111111,1.1111111111111112,0.3333333333333333
TEN,2023,2023_12_CAR_TEN,157,248.6,1.2,0.3,112.3,0.7,248.6,1.2,0.3
TEN,2023,2023_13_IND_TEN,158,243.63636363636363,1.0909090909090908,0.2727272727272727,110.81818181818181,0.7272727272727273,243.63636363636363,1.0909090909090908,0.36363636363636365
TEN,2023,2023_14_TEN_MIA,159,249.33333333333334,1.1666666666666667,0.25,106.16666666666667,0.6666666666666666,249.33333333333334,1.1666666666666667,0.4166666666666667
TEN,2023,2023_15_HOU_TEN,160,248.6153846153846,1.0769230769230769,0.23076923076923078,110.15384615384616,0.7692307692307693,248.6153846153846,1.0769230769230769,0.38461538461538464
TEN,2023,2023_16_SEA_TEN,161,247.21428571428572,1.0714285714285714,0.2857142857142857,112.85714285714286,0.7142857142857143,247.21428571428572,1.0714285714285714,0.35714285714285715
TEN,2023,2023_17_TEN_HOU,162,245.86666666666667,1.1333333333333333,0.26666666666666666,109.2,0.6666666666666666,245.86666666666667,1.1333333333333333,0.3333333333333333
TEN,2023,2023_18_JAX_TEN,163,243.8125,1.125,0.25,109.3125,0.625,243.8125,1.125,0.3125
TEN,2024,2024_01_TEN_CHI,164,,,,,,,,
TEN,2024,2024_02_NYJ_TEN,165,93.0,0.0,0.0,84.0,0.0,93.0,0.0,0.0
TEN,2024,2024_03_GB_TEN,166,134.5,1.0,0.0,92.5,0.5,134.5,1.0,0.0
TEN,2024,2024_04_TEN_MIA,167,157.0,1.0,0.0,124.33333333333333,0.6666666666666666,157.0,1.0,0.0
TEN,2024,2024_06_IND_TEN,168,141.75,0.75,0.0,119.75,0.75,141.75,0.75,0.25
TEN,2024,2024_07_TEN_BUF,169,151.2,1.0,0.2,111.8,0.6,151.2,1.0,0.2
TEN,2024,2024_08_TEN_DET,170,179.83333333333334,1.1666666666666667,0.16666666666666666,105.5,0.8333333333333334,179.83333333333334,1.1666666666666667,0.16666666666666666
TEN,2024,2024_09_NE_TEN,171,167.57142857142858,1.5714285714285714,0.14285714285714285,113.85714285714286,1.0,167.57142857142858,1.5714285714285714,0.14285714285714285
TEN,2024,2024_10_TEN_LAC,172,172.375,1.5,0.375,113.375,1.0,172.375,1.5,0.25
TEN,2024,2024_11_MIN_TEN,173,171.44444444444446,1.4444444444444444,0.3333333333333333,116.88888888888889,1.1111111111111112,171.44444444444446,1.4444444444444444,0.2222222222222222
TEN,2024,2024_12_TEN_HOU,174,178.9,1.5,0.3,113.4,1.1,178.9,1.5,0.3
TEN,2024,2024_13_TEN_WAS,175,185.0909090909091,1.5454545454545454,0.45454545454545453,106.72727272727273,1.0,185.0909090909091,1.5454545454545454,0.2727272727272727
TEN,2024,2024_14_JAX_TEN,176,186.83333333333334,1.6666666666666667,0.5,120.08333333333333,1.1666666666666667,186.83333333333334,1.6666666666666667,0.25
TEN,2024,2024_15_CIN_TEN,177,189.3846153846154,1.5384615384615385,0.6153846153846154,116.3076923076923,1.1538461538461537,189.3846153846154,1.5384615384615385,0.23076923076923078
TEN,2024,2024_16_TEN_IND,178,195.21428571428572,1.6428571428571428,0.7142857142857143,115.21428571428571,1.1428571428571428,195.21428571428572,1.6428571428571428,0.2857142857142857
TEN,2024,2024_17_TEN_JAX,179,190.93333333333334,1.6,0.7333333333333333,129.86666666666667,1.3333333333333333,190.93333333333334,1.6,0.26666666666666666
TEN,2024,2024_18_HOU_TEN,180,189.875,1.625,0.6875,129.375,1.25,189.875,1.625,0.25
WAS,2014,2014_01_WAS_HOU,1,,,,,,,,
WAS,2014,2014_02_JAX_WAS,2,206.0,1.0,0.0,115.0,0.0,206.0,1.0,1.0
WAS,2014,2014_03_WAS_PHI,3,199.5,1.0,0.5,70.0,0.0,199.5,1.0,0.5
WAS,2014,2014_04_NYG_WAS,4,241.33333333333334,1.6666666666666667,0.3333333333333333,64.66666666666667,0.0,241.33333333333334,1.6666666666666667,0.6666666666666666
WAS,2014,2014_05_SEA_WAS,5,256.0,2.25,0.5,87.0,0.5,256.0,2.25,0.5
WAS,2014,2014_06_WAS_ARI,6,245.0,2.2,0.4,114.6,0.6,245.0,2.2,0.4
WAS,2014,2014_07_TEN_WAS,7,245.83333333333334,2.1666666666666665,0.3333333333333333,107.83333333333333,0.5,245.83333333333334,2.1666666666666665,0.3333333333333333
WAS,2014,2014_08_WAS_DAL,8,233.57142857142858,2.142857142857143,0.42857142857142855,103.28571428571429,0.42857142857142855,233.57142857142858,2.142857142857143,0.2857142857142857
WAS,2014,2014_09_WAS_MIN,9,239.125,2.125,0.375,111.75,0.375,239.125,2.125,0.5
WAS,2014,2014_11_TB_WAS,10,242.33333333333334,2.0,0.3333333333333333,110.44444444444444,0.6666666666666666,242.33333333333334,2.0,0.4444444444444444
WAS,2014,2014_12_WAS_SF,11,246.9,2.0,0.3,104.2,0.6,246.9,2.0,0.4
WAS,2014,2014_13_WAS_IND,12,247.72727272727272,1.9090909090909092,0.36363636363636365,100.72727272727273,0.6363636363636364,247.72727272727272,1.9090909090909092,0.5454545454545454
WAS,2014,2014_14_STL_WAS,13,257.9166666666667,2.1666666666666665,0.4166666666666667,102.83333333333333,0.6666666666666666,257.9166666666667,2.1666666666666665,0.6666666666666666
WAS,2014,2014_15_WAS_NYG,14,254.46153846153845,2.1538461538461537,0.38461538461538464,105.0,0.6153846153846154,254.46153846153845,2.1538461538461537,0.6153846153846154
WAS,2014,2014_16_PHI_WAS,15,254.14285714285714,2.2142857142857144,0.35714285714285715,101.0,0.5714285714285714,254.14285714285714,2.2142857142857144,0.5714285714285714
WAS,2014,2014_17_DAL_WAS,16,262.1333333333333,2.2,0.4,103.2,0.6,262.1333333333333,2.2,0.6
WAS,2015,2015_01_MIA_WAS,17,,,,,,,,
WAS,2015,2015_02_STL_WAS,18,226.0,1.0,0.0,74.0,0.0,226.0,1.0,1.0
WAS,2015,2015_03_WAS_NYG,19,188.0,1.0,0.0,70.5,0.0,188.0,1.0,0.5
WAS,2015,2015_04_PHI_WAS,20,218.33333333333334,1.3333333333333333,0.0,75.0,0.3333333333333333,218.33333333333334,1.3333333333333333,0.3333333333333333
WAS,2015,2015_05_WAS_ATL,21,231.25,1.75,0.0,78.0,0.25,231.25,1.75,0.75
WAS,2015,2015_06_WAS_NYJ,22,235.8,1.4,0.4,97.6,0.4,235.8,1.4,0.8
WAS,2015,2015_07_TB_WAS,23,238.66666666666666,1.5,0.5,118.16666666666667,0.6666666666666666,238.66666666666666,1.5,1.0
WAS,2015,2015_09_WAS_NE,24,247.0,1.5714285714285714,0.42857142857142855,128.42857142857142,0.5714285714285714,247.0,1.5714285714285714,1.0
WAS,2015,2015_10_NO_WAS,25,253.5,1.625,0.5,132.5,0.625,253.5,1.625,1.0
WAS,2015,2015_11_WAS_CAR,26,248.55555555555554,1.6666666666666667,0.6666666666666666,135.33333333333334,0.5555555555555556,248.55555555555554,1.6666666666666667,0.8888888888888888
WAS,2015,2015_12_NYG_WAS,27,248.3,2.0,0.6,136.0,0.5,248.3,2.0,0.8
WAS,2015,2015_13_DAL_WAS,28,254.9090909090909,2.0,0.8181818181818182,126.63636363636364,0.45454545454545453,255.27272727272728,2.0,0.7272727272727273
WAS,2015,2015_14_WAS_CHI,29,252.25,1.8333333333333333,0.75,124.16666666666667,0.5,252.58333333333334,1.8333333333333333,0.9166666666666666
WAS,2015,2015_15_BUF_WAS,30,257.0769230769231,1.8461538461538463,0.6923076923076923,121.3076923076923,0.5384615384615384,257.38461538461536,1.8461538461538463,0.9230769230769231
WAS,2015,2015_16_WAS_PHI,31,255.5,1.8571428571428572,0.6428571428571429,129.78571428571428,0.5714285714285714,255.78571428571428,1.8571428571428572,0.8571428571428571
WAS,2015,2015_17_WAS_DAL,32,263.8,1.8,0.6,124.13333333333334,0.6666666666666666,264.06666666666666,1.8,0.9333333333333333
WAS,2016,2016_01_PIT_WAS,33,,,,,,,,
WAS,2016,2016_02_DAL_WAS,34,300.0,3.0,1.0,147.0,2.0,300.0,3.0,0.0
WAS,2016,2016_03_WAS_NYG,35,296.0,1.5,0.5,124.5,2.5,296.0,1.5,0.5
WAS,2016,2016_04_CLE_WAS,36,314.0,1.3333333333333333,1.0,123.0,2.3333333333333335,314.0,1.3333333333333333,0.6666666666666666
WAS,2016,2016_05_WAS_BAL,37,291.25,1.25,1.0,133.0,2.0,291.25,1.25,1.0
WAS,2016,2016_06_PHI_WAS,38,275.0,1.2,0.8,130.0,1.6,275.0,1.2,0.8
WAS,2016,2016_07_WAS_DET,39,259.0,1.0,0.6666666666666666,124.0,1.3333333333333333,259.0,1.0,0.6666666666666666
WAS,2016,2016_08_WAS_CIN,40,260.0,1.0,0.5714285714285714,119.71428571428571,1.2857142857142858,260.0,1.0,0.5714285714285714
WAS,2016,2016_10_MIN_WAS,41,263.0,1.0,0.625,123.75,1.5,263.0,1.0,0.625
WAS,2016,2016_11_GB_WAS,42,267.8888888888889,1.1111111111111112,0.6666666666666666,115.22222222222223,1.4444444444444444,267.8888888888889,1.1111111111111112,0.5555555555555556
WAS,2016,2016_12_WAS_DAL,43,277.1,1.3,0.7,112.1,1.3,277.1,1.3,0.6
WAS,2016,2016_13_WAS_ARI,44,269.6363636363636,1.2727272727272727,0.6363636363636364,116.72727272727273,1.4545454545454546,269.6363636363636,1.2727272727272727,0.5454545454545454
WAS,2016,2016_14_WAS_PHI,45,272.1666666666667,1.4166666666666667,0.5833333333333334,114.33333333333333,1.4166666666666667,272.1666666666667,1.4166666666666667,0.5
WAS,2016,2016_15_CAR_WAS,46,275.38461538461536,1.3846153846153846,0.6153846153846154,112.84615384615384,1.3076923076923077,275.38461538461536,1.3846153846153846,0.5384615384615384
WAS,2016,2016_16_WAS_CHI,47,277.14285714285717,1.4285714285714286,0.5714285714285714,115.35714285714286,1.2142857142857142,277.14285714285717,1.4285714285714286,0.5
WAS,2016,2016_17_NYG_WAS,48,280.2,1.4666666666666666,0.8666666666666667,117.0,1.2,280.2,1.4666666666666666,0.4666666666666667
WAS,2017,2017_01_PHI_WAS,49,,,,,,,,
WAS,2017,2017_02_WAS_LA,50,307.0,2.0,1.0,58.0,0.0,307.0,2.0,1.0
WAS,2017,2017_03_OAK_WAS,51,277.0,1.5,1.0,77.5,0.5,277.0,1.5,1.0
WAS,2017,2017_04_WAS_KC,52,224.0,1.3333333333333333,1.3333333333333333,62.333333333333336,0.3333333333333333,224.0,1.3333333333333333,1.0
WAS,2017,2017_06_SF_WAS,53,241.25,1.25,1.0,88.75,0.5,241.25,1.25,0.75
WAS,2017,2017_07_WAS_PHI,54,248.8,1.2,1.0,88.0,0.8,248.8,1.2,0.6
WAS,2017,2017_08_DAL_WAS,55,252.0,1.6666666666666667,1.0,94.5,0.6666666666666666,252.0,1.6666666666666667,0.5
WAS,2017,2017_09_WAS_SEA,56,236.42857142857142,1.4285714285714286,0.8571428571428571,105.14285714285714,0.8571428571428571,236.42857142857142,1.4285714285714286,0.5714285714285714
WAS,2017,2017_10_MIN_WAS,57,244.0,1.5,1.0,110.5,0.75,244.0,1.5,0.5
WAS,2017,2017_11_WAS_NO,58,250.66666666666666,1.7777777777777777,1.1111111111111112,109.55555555555556,0.7777777777777778,250.66666666666666,1.7777777777777777,0.4444444444444444
WAS,2017,2017_12_NYG_WAS,59,264.1,1.8,1.1,114.6,0.8,264.1,1.8,0.4
WAS,2017,2017_13_WAS_DAL,60,250.36363636363637,1.6363636363636365,1.0909090909090908,111.81818181818181,0.7272727272727273,250.36363636363637,1.6363636363636365,0.36363636363636365
WAS,2017,2017_14_WAS_LAC,61,238.0,1.6666666666666667,1.0,117.66666666666667,0.8333333333333334,238.0,1.6666666666666667,0.3333333333333333
WAS,2017,2017_15_ARI_WAS,62,244.46153846153845,1.6923076923076923,1.0,122.0,0.8461538461538461,244.46153846153845,1.6923076923076923,0.3076923076923077
WAS,2017,2017_16_DEN_WAS,63,240.5,1.5714285714285714,1.0,123.35714285714286,0.7857142857142857,240.5,1.5714285714285714,0.35714285714285715
WAS,2017,2017_17_WAS_NYG,64,237.33333333333334,1.4666666666666666,1.0,125.73333333333333,0.8,237.33333333333334,1.4666666666666666,0.4666666666666667
WAS,2018,2018_01_WAS_ARI,65,,,,,,,,
WAS,2018,2018_02_IND_WAS,66,153.0,0.0,1.0,68.0,1.0,153.0,0.0,1.0
WAS,2018,2018_03_GB_WAS,67,166.0,1.0,1.5,86.0,1.0,166.0,1.0,0.5
WAS,2018,2018_05_WAS_NO,68,199.0,1.3333333333333333,1.0,90.66666666666667,0.6666666666666666,199.0,1.3333333333333333,0.6666666666666666
WAS,2018,2018_06_CAR_WAS,69,240.0,1.75,0.75,92.5,1.25,240.0,1.75,0.75
WAS,2018,2018_07_DAL_WAS,70,247.0,1.8,0.8,90.2,1.0,247.0,1.8,0.8
WAS,2018,2018_08_WAS_NYG,71,251.33333333333334,1.6666666666666667,0.6666666666666666,87.33333333333333,1.0,251.33333333333334,1.6666666666666667,1.0
WAS,2018,2018_09_ATL_WAS,72,260.57142857142856,1.5714285714285714,0.8571428571428571,80.14285714285714,0.8571428571428571,260.57142857142856,1.5714285714285714,0.8571428571428571
WAS,2018,2018_10_WAS_TB,73,271.75,1.875,0.875,89.375,0.875,271.75,1.875,0.75
WAS,2018,2018_11_HOU_WAS,74,286.6666666666667,1.6666666666666667,1.0,90.88888888888889,0.7777777777777778,286.6666666666667,1.6666666666666667,0.8888888888888888
WAS,2018,2018_12_WAS_DAL,75,278.8,1.6,1.1,95.7,0.7,278.8,1.6,0.9
WAS,2018,2018_13_WAS_PHI,76,279.72727272727275,1.6363636363636365,1.0,100.27272727272727,0.8181818181818182,279.72727272727275,1.6363636363636365,0.8181818181818182
WAS,2018,2018_14_NYG_WAS,77,281.9166666666667,1.6666666666666667,1.0,102.75,0.8333333333333334,281.9166666666667,1.6666666666666667,0.75
WAS,2018,2018_15_WAS_JAX,78,275.38461538461536,1.7692307692307692,1.0,112.3076923076923,0.8461538461538461,275.38461538461536,1.7692307692307692,0.6923076923076923
WAS,2018,2018_16_WAS_TEN,79,259.7857142857143,1.6428571428571428,1.0,116.57142857142857,0.7857142857142857,259.7857142857143,1.6428571428571428,0.7142857142857143
WAS,2018,2018_17_PHI_WAS,80,256.53333333333336,1.6,0.9333333333333333,115.4,0.8,256.53333333333336,1.6,0.6666666666666666
WAS,2019,2019_01_WAS_PHI,81,,,,,,,,
WAS,2019,2019_02_DAL_WAS,82,313.0,3.0,0.0,123.0,1.0,313.0,3.0,0.0
WAS,2019,2019_03_CHI_WAS,83,291.0,3.0,0.5,168.0,1.0,291.0,3.0,0.0
WAS,2019,2019_04_WAS_NYG,84,271.0,3.0,0.6666666666666666,142.0,0.6666666666666666,271.0,3.0,0.0
WAS,2019,2019_05_NE_WAS,85,259.5,2.5,1.0,147.5,0.75,259.5,2.5,0.5
WAS,2019,2019_06_WAS_MIA,86,277.2,2.6,1.0,144.0,0.8,277.2,2.6,0.4
WAS,2019,2019_07_SF_WAS,87,267.1666666666667,2.3333333333333335,1.1666666666666667,134.0,0.8333333333333334,267.1666666666667,2.3333333333333335,0.3333333333333333
WAS,2019,2019_08_WAS_MIN,88,250.57142857142858,2.0,1.1428571428571428,134.42857142857142,0.7142857142857143,250.57142857142858,2.0,0.2857142857142857
WAS,2019,2019_09_WAS_BUF,89,254.875,1.75,1.0,137.75,0.75,254.875,1.75,0.375
WAS,2019,2019_11_NYJ_WAS,90,244.33333333333334,1.6666666666666667,0.8888888888888888,136.0,0.8888888888888888,244.33333333333334,1.6666666666666667,0.3333333333333333
WAS,2019,2019_12_DET_WAS,91,249.2,1.9,0.9,133.9,0.9,249.2,1.9,0.3
WAS,2019,2019_13_WAS_CAR,92,245.36363636363637,1.8181818181818181,1.0909090909090908,137.63636363636363,0.8181818181818182,245.36363636363637,1.8181818181818181,0.36363636363636365
WAS,2019,2019_14_WAS_GB,93,248.08333333333334,1.8333333333333333,1.0833333333333333,131.58333333333334,0.8333333333333334,248.08333333333334,1.8333333333333333,0.4166666666666667
WAS,2019,2019_15_PHI_WAS,94,244.0,1.7692307692307692,1.0,134.84615384615384,0.8461538461538461,244.0,1.7692307692307692,0.46153846153846156
WAS,2019,2019_16_NYG_WAS,95,245.57142857142858,1.8571428571428572,0.9285714285714286,136.42857142857142,0.8571428571428571,245.57142857142858,1.8571428571428572,0.5
WAS,2019,2019_17_WAS_DAL,96,252.66666666666666,2.066666666666667,0.8666666666666667,141.06666666666666,0.8666666666666667,252.66666666666666,2.066666666666667,0.4666666666666667
WAS,2020,2020_01_PHI_WAS,97,,,,,,,,
WAS,2020,2020_02_WAS_ARI,98,270.0,2.0,2.0,57.0,0.0,270.0,2.0,1.0
WAS,2020,2020_03_WAS_CLE,99,278.0,1.5,1.5,108.5,1.0,278.0,1.5,0.5
WAS,2020,2020_04_BAL_WAS,100,237.33333333333334,1.6666666666666667,1.0,125.0,1.3333333333333333,237.33333333333334,1.6666666666666667,0.3333333333333333
WAS,2020,2020_05_LA_WAS,101,230.0,1.75,1.25,129.75,1.5,230.0,1.75,0.25
WAS,2020,2020_06_WAS_NYG,102,245.8,1.8,1.2,129.6,1.6,245.8,1.8,0.2
WAS,2020,2020_07_DAL_WAS,103,223.5,1.6666666666666667,1.1666666666666667,130.0,1.3333333333333333,223.5,1.6666666666666667,0.16666666666666666
WAS,2020,2020_09_NYG_WAS,104,207.85714285714286,1.4285714285714286,1.1428571428571428,123.28571428571429,1.1428571428571428,207.85714285714286,1.4285714285714286,0.14285714285714285
WAS,2020,2020_10_WAS_DET,105,208.375,1.375,1.0,128.625,1.125,208.375,1.375,0.125
WAS,2020,2020_11_CIN_WAS,106,215.88888888888889,1.5555555555555556,0.8888888888888888,126.0,1.0,215.88888888888889,1.5555555555555556,0.1111111111111111
WAS,2020,2020_12_WAS_DAL,107,217.6,1.5,0.9,120.4,0.9,217.6,1.5,0.2
WAS,2020,2020_13_WAS_PIT,108,217.36363636363637,1.4545454545454546,0.9090909090909091,114.9090909090909,0.8181818181818182,217.36363636363637,1.4545454545454546,0.2727272727272727
WAS,2020,2020_14_WAS_SF,109,224.66666666666666,1.5,0.9166666666666666,107.08333333333333,0.75,224.66666666666666,1.5,0.25
WAS,2020,2020_15_SEA_WAS,110,227.3846153846154,1.4615384615384615,0.9230769230769231,107.15384615384616,0.7692307692307693,227.3846153846154,1.4615384615384615,0.38461538461538464
WAS,2020,2020_16_CAR_WAS,111,219.78571428571428,1.4285714285714286,0.9285714285714286,112.42857142857143,0.7857142857142857,219.78571428571428,1.4285714285714286,0.35714285714285715
WAS,2020,2020_17_WAS_PHI,112,218.26666666666668,1.4,0.9333333333333333,112.46666666666667,0.8,218.26666666666668,1.4,0.4
WAS,2021,2021_01_LAC_WAS,113,,,,,,,,
WAS,2021,2021_02_NYG_WAS,114,337.0,1.0,1.0,90.0,1.0,337.0,1.0,0.0
WAS,2021,2021_03_WAS_BUF,115,293.0,1.0,0.5,126.5,1.0,293.0,1.0,0.0
WAS,2021,2021_04_WAS_ATL,116,315.0,2.0,0.3333333333333333,125.0,1.0,315.0,2.0,0.0
WAS,2021,2021_05_NO_WAS,117,307.0,2.5,0.25,118.5,0.75,307.0,2.5,0.0
WAS,2021,2021_06_KC_WAS,118,301.4,2.8,0.4,114.4,0.8,301.4,2.8,0.2
WAS,2021,2021_07_WAS_GB,119,317.3333333333333,2.6666666666666665,0.6666666666666666,113.5,1.0,317.3333333333333,2.6666666666666665,0.3333333333333333
WAS,2021,2021_08_WAS_DEN,120,311.14285714285717,2.7142857142857144,0.5714285714285714,105.42857142857143,0.8571428571428571,311.14285714285717,2.7142857142857144,0.42857142857142855
WAS,2021,2021_10_TB_WAS,121,298.875,2.5,0.5,102.625,0.875,298.875,2.5,0.5
WAS,2021,2021_11_WAS_CAR,122,290.1111111111111,2.4444444444444446,0.6666666666666666,97.11111111111111,0.7777777777777778,290.1111111111111,2.4444444444444446,0.4444444444444444
WAS,2021,2021_12_SEA_WAS,123,280.0,2.4,0.6,98.5,0.8,280.0,2.4,0.4
WAS,2021,2021_13_WAS_LV,124,277.0,2.3636363636363638,0.5454545454545454,92.63636363636364,0.7272727272727273,277.0,2.3636363636363638,0.45454545454545453
WAS,2021,2021_14_DAL_WAS,125,274.6666666666667,2.1666666666666665,0.5,91.25,0.75,274.6666666666667,2.1666666666666665,0.4166666666666667
WAS,2021,2021_15_WAS_PHI,126,269.7692307692308,2.076923076923077,0.6153846153846154,93.61538461538461,0.6923076923076923,269.7692307692308,2.076923076923077,0.38461538461538464
WAS,2021,2021_16_WAS_DAL,127,271.64285714285717,2.0,0.6428571428571429,103.92857142857143,0.7857142857142857,271.64285714285717,2.0,0.42857142857142855
WAS,2021,2021_17_PHI_WAS,128,280.2,2.2,0.6,104.2,0.8,280.2,2.2,0.4
WAS,2021,2021_18_WAS_NYG,129,276.0625,2.0625,0.5625,105.0625,0.875,276.0625,2.0625,0.375
WAS,2022,2022_01_JAX_WAS,130,,,,,,,,
WAS,2022,2022_02_WAS_DET,131,275.0,1.0,1.0,123.0,1.0,275.0,1.0,0.0
WAS,2022,2022_03_PHI_WAS,132,265.5,2.5,0.5,157.0,0.5,265.5,2.5,0.0
WAS,2022,2022_04_WAS_DAL,133,290.3333333333333,2.6666666666666665,0.3333333333333333,128.66666666666666,0.3333333333333333,290.3333333333333,2.6666666666666665,0.0
WAS,2022,2022_05_TEN_WAS,134,273.5,2.5,0.25,112.0,0.25,273.5,2.5,0.0
WAS,2022,2022_06_WAS_CHI,135,255.0,2.2,0.2,110.6,0.6,255.0,2.2,0.0
WAS,2022,2022_07_GB_WAS,136,244.16666666666666,2.0,0.3333333333333333,131.66666666666666,0.5,244.16666666666666,2.0,0.0
WAS,2022,2022_08_WAS_IND,137,237.0,2.0,0.2857142857142857,118.28571428571429,0.42857142857142855,237.0,2.0,0.0
WAS,2022,2022_09_MIN_WAS,138,232.5,1.75,0.25,120.375,0.5,232.5,1.75,0.25
WAS,2022,2022_10_WAS_PHI,139,235.77777777777777,1.7777777777777777,0.3333333333333333,113.22222222222223,0.4444444444444444,235.77777777777777,1.7777777777777777,0.2222222222222222
WAS,2022,2022_11_WAS_HOU,140,229.7,1.8,0.4,111.3,0.5,229.7,1.8,0.5
WAS,2022,2022_12_ATL_WAS,141,224.1818181818182,1.6363636363636365,0.5454545454545454,103.0909090909091,0.5454545454545454,224.1818181818182,1.6363636363636365,0.45454545454545453
WAS,2022,2022_13_WAS_NYG,142,220.0,1.5833333333333333,0.5833333333333334,108.41666666666667,0.5,220.0,1.5833333333333333,0.4166666666666667
WAS,2022,2022_15_NYG_WAS,143,218.46153846153845,1.5384615384615385,0.5384615384615384,110.38461538461539,0.5384615384615384,218.46153846153845,1.5384615384615385,0.46153846153846156
WAS,2022,2022_16_WAS_SF,144,214.28571428571428,1.4285714285714286,0.5,111.64285714285714,0.5714285714285714,214.28571428571428,1.4285714285714286,0.42857142857142855
WAS,2022,2022_17_CLE_WAS,145,215.6,1.4666666666666666,0.5333333333333333,114.4,0.6666666666666666,215.6,1.4666666666666666,0.4
WAS,2022,2022_18_DAL_WAS,146,212.6875,1.5625,0.5,116.375,0.625,212.6875,1.5625,0.375
WAS,2023,2023_01_ARI_WAS,147,,,,,,,,
WAS,2023,2023_02_WAS_DEN,148,132.0,0.0,0.0,96.0,0.0,132.0,0.0,1.0
WAS,2023,2023_03_BUF_WAS,149,220.0,1.5,0.5,109.0,0.5,220.0,1.5,1.0
WAS,2023,2023_04_WAS_PHI,150,219.33333333333334,1.3333333333333333,0.6666666666666666,128.66666666666666,1.0,219.33333333333334,1.3333333333333333,0.6666666666666666
WAS,2023,2023_05_CHI_WAS,151,244.25,1.5,0.5,122.5,1.0,244.25,1.5,0.5
WAS,2023,2023_06_WAS_ATL,152,251.8,2.0,0.4,133.6,0.8,251.8,2.0,0.4
WAS,2023,2023_07_WAS_NYG,153,261.0,2.0,0.8333333333333334,129.0,0.6666666666666666,261.0,2.0,0.3333333333333333
WAS,2023,2023_08_PHI_WAS,154,263.57142857142856,2.0,0.7142857142857143,125.71428571428571,0.5714285714285714,263.57142857142856,2.0,0.42857142857142855
WAS,2023,2023_09_WAS_NE,155,270.5,2.25,0.625,117.375,0.625,270.5,2.25,0.625
WAS,2023,2023_10_WAS_SEA,156,264.8888888888889,2.111111111111111,0.6666666666666666,116.22222222222223,0.6666666666666666,264.8888888888889,2.111111111111111,0.5555555555555556
WAS,2023,2023_11_NYG_WAS,157,275.3,2.1,0.6,116.6,0.6,275.3,2.1,0.5
WAS,2023,2023_12_WAS_DAL,158,272.6363636363636,2.1818181818181817,0.5454545454545454,114.27272727272727,0.5454545454545454,272.6363636363636,2.1818181818181817,0.45454545454545453
WAS,2023,2023_13_MIA_WAS,159,277.5,2.3333333333333335,0.5,113.08333333333333,0.5833333333333334,277.5,2.3333333333333335,0.4166666666666667
WAS,2023,2023_15_WAS_LA,160,277.9230769230769,2.3076923076923075,0.46153846153846156,113.84615384615384,0.7692307692307693,277.9230769230769,2.3076923076923075,0.38461538461538464
WAS,2023,2023_16_WAS_NYJ,161,276.5,2.2857142857142856,0.42857142857142855,119.71428571428571,0.7857142857142857,276.5,2.2857142857142856,0.5
WAS,2023,2023_17_SF_WAS,162,272.53333333333336,2.2,0.4666666666666667,122.66666666666667,0.8666666666666667,272.53333333333336,2.2,0.5333333333333333
WAS,2023,2023_18_DAL_WAS,163,269.875,2.1875,0.4375,126.5,0.875,269.875,2.1875,0.5
WAS,2024,2024_01_WAS_TB,164,,,,,,,,
WAS,2024,2024_02_NYG_WAS,165,289.0,4.0,0.0,112.0,0.0,289.0,4.0,0.0
WAS,2024,2024_03_WAS_CIN,166,233.5,3.0,0.0,120.5,0.5,233.5,3.0,0.5
WAS,2024,2024_04_WAS_ARI,167,263.6666666666667,3.0,0.0,121.66666666666667,0.6666666666666666,263.6666666666667,3.0,0.3333333333333333
WAS,2024,2024_05_CLE_WAS,168,233.25,2.5,0.0,136.5,0.75,233.25,2.5,0.5
WAS,2024,2024_06_WAS_BAL,169,214.8,2.2,0.0,130.0,0.6,214.8,2.2,0.6
WAS,2024,2024_07_CAR_WAS,170,232.83333333333334,2.0,0.16666666666666666,137.66666666666666,0.8333333333333334,232.83333333333334,2.0,0.5
WAS,2024,2024_08_CHI_WAS,171,212.28571428571428,1.7142857142857142,0.42857142857142855,131.57142857142858,0.8571428571428571,212.28571428571428,1.7142857142857142,0.42857142857142855
WAS,2024,2024_09_WAS_NYG,172,202.125,1.5,0.375,140.375,1.0,202.125,1.5,0.5
WAS,2024,2024_10_PIT_WAS,173,199.0,1.5555555555555556,0.3333333333333333,143.0,1.0,199.0,1.5555555555555556,0.5555555555555556
WAS,2024,2024_11_WAS_PHI,174,198.6,1.7,0.4,142.7,1.0,198.6,1.7,0.6
WAS,2024,2024_12_DAL_WAS,175,200.63636363636363,1.5454545454545454,0.36363636363636365,150.45454545454547,1.1818181818181819,200.63636363636363,1.5454545454545454,0.5454545454545454
WAS,2024,2024_13_TEN_WAS,176,204.5,1.5833333333333333,0.3333333333333333,145.5,1.0833333333333333,204.5,1.5833333333333333,0.5833333333333334
WAS,2024,2024_15_WAS_NO,177,205.07692307692307,1.6153846153846154,0.3076923076923077,137.0,1.0,205.07692307692307,1.6153846153846154,0.6153846153846154
WAS,2024,2024_16_PHI_WAS,178,205.07142857142858,1.6428571428571428,0.35714285714285715,132.14285714285714,0.9285714285714286,205.07142857142858,1.6428571428571428,0.5714285714285714
WAS,2024,2024_17_ATL_WAS,179,201.66666666666666,1.6,0.4,137.4,1.0,201.66666666666666,1.6,0.5333333333333333
WAS,2024,2024_18_WAS_DAL,180,203.0,1.5625,0.4375,136.6875,1.0625,203.0,1.5625,0.5
