game_id,opponent_team,receiving_yards,receiving_tds,passing_yards,passing_tds,interceptions,rushing_yards,rushing_tds,fumbles_lost,rn
2014_01_BUF_CHI,BUF,349.0,2,349.0,2,2.0,86.0,0,1.0,1
2014_01_BUF_CHI,CHI,173.0,1,173.0,1,1.0,193.0,1,0.0,1
2014_01_CAR_TB,CAR,183.0,2,183.0,2,2.0,102.0,0,1.0,1
2014_01_CAR_TB,TB,230.0,2,230.0,2,0.0,113.0,0,0.0,1
2014_01_CIN_BAL,BAL,301.0,1,301.0,1,0.0,79.0,0,0.0,1
2014_01_CIN_BAL,CIN,345.0,1,345.0,1,1.0,94.0,1,1.0,1
2014_01_CLE_PIT,CLE,390.0,1,390.0,1,1.0,127.0,2,0.0,1
2014_01_CLE_PIT,PIT,222.0,1,222.0,1,0.0,191.0,2,0.0,1
2014_01_GB_SEA,GB,191.0,2,191.0,2,0.0,207.0,2,0.0,1
2014_01_GB_SEA,SEA,189.0,1,189.0,1,1.0,80.0,1,0.0,1
2014_01_IND_DEN,DEN,370.0,2,370.0,2,2.0,54.0,1,0.0,1
2014_01_IND_DEN,IND,269.0,3,269.0,3,0.0,102.0,1,0.0,1
2014_01_JAX_PHI,JAX,322.0,2,322.0,2,1.0,145.0,1,2.0,1
2014_01_JAX_PHI,PHI,266.0,2,266.0,2,0.0,64.0,0,1.0,1
2014_01_MIN_STL,LA,170.0,2,170.0,2,0.0,185.0,1,0.0,1
2014_01_MIN_STL,MIN,273.0,0,273.0,0,2.0,72.0,0,0.0,1
2014_01_NE_MIA,MIA,249.0,1,249.0,1,0.0,89.0,1,2.0,1
2014_01_NE_MIA,NE,178.0,2,178.0,2,1.0,191.0,1,2.0,1
2014_01_NO_ATL,ATL,333.0,1,333.0,1,1.0,139.0,3,1.0,1
2014_01_NO_ATL,NO,448.0,3,448.0,3,0.0,123.0,1,1.0,1
2014_01_NYG_DET,DET,163.0,1,163.0,1,2.0,53.0,1,0.0,1
2014_01_NYG_DET,NYG,346.0,2,346.0,2,0.0,76.0,2,0.0,1
2014_01_OAK_NYJ,LV,221.0,1,221.0,1,1.0,212.0,1,1.0,1
2014_01_OAK_NYJ,NYJ,151.0,2,151.0,2,0.0,25.0,0,0.0,1
2014_01_SD_ARI,ARI,238.0,1,238.0,1,1.0,52.0,1,0.0,1
2014_01_SD_ARI,LAC,304.0,2,304.0,2,0.0,109.0,0,2.0,1
2014_01_SF_DAL,DAL,201.0,2,201.0,2,0.0,127.0,1,0.0,1
2014_01_SF_DAL,SF,281.0,1,281.0,1,3.0,127.0,1,1.0,1
2014_01_TEN_KC,KC,266.0,2,266.0,2,0.0,162.0,0,0.0,1
2014_01_TEN_KC,TEN,202.0,1,202.0,1,3.0,67.0,0,0.0,1
2014_01_WAS_HOU,HOU,267.0,0,267.0,0,0.0,131.0,1,2.0,1
2014_01_WAS_HOU,WAS,206.0,1,206.0,1,0.0,115.0,0,1.0,1
2014_02_ARI_NYG,ARI,277.0,2,277.0,2,2.0,81.0,0,1.0,2
2014_02_ARI_NYG,NYG,167.0,0,167.0,0,0.0,124.0,1,0.0,2
2014_02_ATL_CIN,ATL,302.0,1,302.0,1,0.0,170.0,2,0.0,2
2014_02_ATL_CIN,CIN,231.0,1,231.0,1,3.0,97.0,0,0.0,2
2014_02_CHI_SF,CHI,248.0,1,248.0,1,3.0,127.0,1,1.0,2
2014_02_CHI_SF,SF,176.0,4,176.0,4,0.0,46.0,0,0.0,2
2014_02_DAL_TEN,DAL,234.0,1,234.0,1,2.0,82.0,0,0.0,2
2014_02_DAL_TEN,TEN,176.0,1,176.0,1,0.0,220.0,1,1.0,2
2014_02_DET_CAR,CAR,291.0,1,291.0,1,1.0,70.0,0,1.0,2
2014_02_DET_CAR,DET,281.0,1,281.0,1,0.0,62.0,1,0.0,2
2014_02_HOU_OAK,HOU,263.0,1,263.0,1,2.0,101.0,1,1.0,2
2014_02_HOU_OAK,LV,139.0,2,139.0,2,0.0,188.0,1,0.0,2
2014_02_JAX_WAS,JAX,288.0,2,288.0,2,0.0,191.0,3,0.0,2
2014_02_JAX_WAS,WAS,193.0,1,193.0,1,1.0,25.0,0,0.0,2
2014_02_KC_DEN,DEN,255.0,0,255.0,0,0.0,133.0,2,0.0,2
2014_02_KC_DEN,KC,242.0,3,242.0,3,0.0,88.0,0,0.0,2
2014_02_MIA_BUF,BUF,241.0,1,241.0,1,1.0,80.0,0,0.0,2
2014_02_MIA_BUF,MIA,202.0,1,202.0,1,0.0,113.0,0,0.0,2
2014_02_NE_MIN,MIN,149.0,1,149.0,1,0.0,150.0,1,0.0,2
2014_02_NE_MIN,NE,202.0,1,202.0,1,4.0,54.0,0,0.0,2
2014_02_NO_CLE,CLE,237.0,2,237.0,2,1.0,174.0,1,0.0,2
2014_02_NO_CLE,NO,204.0,1,204.0,1,0.0,122.0,1,0.0,2
2014_02_NYJ_GB,GB,176.0,1,176.0,1,1.0,110.0,2,0.0,2
2014_02_NYJ_GB,NYJ,346.0,3,346.0,3,0.0,80.0,0,1.0,2
2014_02_PHI_IND,IND,331.0,1,331.0,1,1.0,127.0,2,0.0,2
2014_02_PHI_IND,PHI,172.0,3,172.0,3,1.0,169.0,0,1.0,2
2014_02_PIT_BAL,BAL,217.0,0,217.0,0,1.0,99.0,0,2.0,2
2014_02_PIT_BAL,PIT,166.0,2,166.0,2,0.0,157.0,0,0.0,2
2014_02_SEA_SD,LAC,202.0,2,202.0,2,0.0,108.0,1,0.0,2
2014_02_SEA_SD,SEA,284.0,3,284.0,3,0.0,101.0,0,0.0,2
2014_02_STL_TB,LA,179.0,0,179.0,0,1.0,157.0,2,0.0,2
2014_02_STL_TB,TB,235.0,0,235.0,0,0.0,119.0,1,1.0,2
2014_03_BAL_CLE,BAL,290.0,1,290.0,1,0.0,85.0,2,0.0,3
2014_03_BAL_CLE,CLE,217.0,1,217.0,1,1.0,160.0,1,0.0,3
2014_03_CHI_NYJ,CHI,316.0,1,316.0,1,2.0,114.0,0,0.0,3
2014_03_CHI_NYJ,NYJ,225.0,2,225.0,2,0.0,60.0,0,1.0,3
2014_03_DAL_STL,DAL,327.0,3,327.0,3,2.0,121.0,0,0.0,3
2014_03_DAL_STL,LA,217.0,2,217.0,2,1.0,123.0,1,1.0,3
2014_03_DEN_SEA,DEN,275.0,2,275.0,2,1.0,129.0,1,0.0,3
2014_03_DEN_SEA,SEA,303.0,2,303.0,2,1.0,36.0,0,1.0,3
2014_03_GB_DET,DET,162.0,1,162.0,1,0.0,76.0,0,1.0,3
2014_03_GB_DET,GB,246.0,0,246.0,0,2.0,115.0,1,1.0,3
2014_03_HOU_NYG,HOU,234.0,2,234.0,2,0.0,193.0,1,1.0,3
2014_03_HOU_NYG,NYG,299.0,1,299.0,1,3.0,119.0,1,0.0,3
2014_03_IND_JAX,IND,256.0,2,256.0,2,2.0,105.0,0,1.0,3
2014_03_IND_JAX,JAX,390.0,4,390.0,4,0.0,144.0,0,0.0,3
2014_03_KC_MIA,KC,205.0,1,205.0,1,0.0,141.0,0,0.0,3
2014_03_KC_MIA,MIA,186.0,3,186.0,3,0.0,174.0,2,2.0,3
2014_03_MIN_NO,MIN,293.0,2,293.0,2,0.0,108.0,1,0.0,3
2014_03_MIN_NO,NO,203.0,0,203.0,0,0.0,59.0,0,0.0,3
2014_03_OAK_NE,LV,234.0,1,234.0,1,0.0,76.0,0,0.0,3
2014_03_OAK_NE,NE,174.0,0,174.0,0,1.0,67.0,0,0.0,3
2014_03_PIT_CAR,CAR,196.0,2,196.0,2,0.0,264.0,1,0.0,3
2014_03_PIT_CAR,PIT,330.0,2,330.0,2,0.0,42.0,0,1.0,3
2014_03_SD_BUF,BUF,256.0,2,256.0,2,0.0,83.0,0,0.0,3
2014_03_SD_BUF,LAC,238.0,1,238.0,1,0.0,87.0,0,0.0,3
2014_03_SF_ARI,ARI,245.0,1,245.0,1,0.0,82.0,1,0.0,3
2014_03_SF_ARI,SF,254.0,2,254.0,2,0.0,84.0,0,1.0,3
2014_03_TB_ATL,ATL,179.0,1,179.0,1,1.0,64.0,0,2.0,3
2014_03_TB_ATL,TB,350.0,3,350.0,3,1.0,144.0,3,3.0,3
2014_03_TEN_CIN,CIN,185.0,0,185.0,0,2.0,149.0,1,0.0,3
2014_03_TEN_CIN,TEN,184.0,1,184.0,1,1.0,116.0,3,0.0,3
2014_03_WAS_PHI,PHI,427.0,3,427.0,3,1.0,84.0,1,0.0,3
2014_03_WAS_PHI,WAS,325.0,3,325.0,3,0.0,54.0,0,1.0,3
2014_04_ATL_MIN,ATL,317.0,0,317.0,0,0.0,241.0,4,0.0,4
2014_04_ATL_MIN,MIN,298.0,3,298.0,3,2.0,123.0,1,0.0,4
2014_04_BUF_HOU,BUF,268.0,1,268.0,1,2.0,37.0,0,1.0,4
2014_04_BUF_HOU,HOU,225.0,2,225.0,2,2.0,96.0,0,0.0,4
2014_04_CAR_BAL,BAL,268.0,1,268.0,1,0.0,67.0,0,1.0,4
2014_04_CAR_BAL,CAR,327.0,3,327.0,3,0.0,127.0,2,0.0,4
2014_04_DET_NYJ,DET,209.0,1,209.0,1,1.0,132.0,1,1.0,4
2014_04_DET_NYJ,NYJ,293.0,2,293.0,2,0.0,88.0,1,0.0,4
2014_04_GB_CHI,CHI,302.0,4,302.0,4,0.0,56.0,1,0.0,4
2014_04_GB_CHI,GB,265.0,2,265.0,2,2.0,235.0,0,0.0,4
2014_04_JAX_SD,JAX,377.0,3,377.0,3,0.0,42.0,0,0.0,4
2014_04_JAX_SD,LAC,254.0,1,254.0,1,2.0,85.0,1,1.0,4
2014_04_MIA_OAK,LV,278.0,2,278.0,2,1.0,157.0,2,1.0,4
2014_04_MIA_OAK,MIA,275.0,2,275.0,2,3.0,53.0,0,0.0,4
2014_04_NE_KC,KC,229.0,2,229.0,2,2.0,75.0,0,1.0,4
2014_04_NE_KC,NE,248.0,3,248.0,3,0.0,207.0,1,0.0,4
2014_04_NO_DAL,DAL,340.0,2,340.0,2,1.0,104.0,0,2.0,4
2014_04_NO_DAL,NO,262.0,3,262.0,3,0.0,190.0,2,0.0,4
2014_04_NYG_WAS,NYG,257.0,1,257.0,1,4.0,86.0,1,2.0,4
2014_04_NYG_WAS,WAS,300.0,4,300.0,4,1.0,154.0,2,0.0,4
2014_04_PHI_SF,PHI,218.0,2,218.0,2,1.0,218.0,0,0.0,4
2014_04_PHI_SF,SF,195.0,0,195.0,0,2.0,22.0,0,2.0,4
2014_04_TB_PIT,PIT,302.0,2,302.0,2,1.0,63.0,1,0.0,4
2014_04_TB_PIT,TB,337.0,3,331.0,3,0.0,85.0,0,1.0,4
2014_04_TEN_IND,IND,194.0,1,194.0,1,2.0,85.0,1,1.0,4
2014_04_TEN_IND,TEN,393.0,4,393.0,4,1.0,105.0,1,0.0,4
2014_05_ARI_DEN,ARI,479.0,4,479.0,4,2.0,92.0,1,0.0,4
2014_05_ARI_DEN,DEN,199.0,1,199.0,1,0.0,37.0,1,0.0,4
2014_05_ATL_NYG,ATL,200.0,2,200.0,2,0.0,124.0,1,0.0,5
2014_05_ATL_NYG,NYG,316.0,1,316.0,1,1.0,90.0,1,0.0,5
2014_05_BAL_IND,BAL,312.0,1,312.0,1,2.0,127.0,1,1.0,5
2014_05_BAL_IND,IND,235.0,0,235.0,0,1.0,90.0,1,1.0,5
2014_05_BUF_DET,BUF,231.0,1,231.0,1,1.0,69.0,0,1.0,5
2014_05_BUF_DET,DET,308.0,1,308.0,1,1.0,49.0,0,0.0,5
2014_05_CHI_CAR,CAR,289.0,2,289.0,2,2.0,85.0,1,2.0,5
2014_05_CHI_CAR,CHI,255.0,2,255.0,2,1.0,91.0,1,2.0,5
2014_05_CIN_NE,CIN,292.0,2,292.0,2,0.0,220.0,1,0.0,4
2014_05_CIN_NE,NE,249.0,2,249.0,2,0.0,79.0,0,2.0,5
2014_05_CLE_TEN,CLE,273.0,3,273.0,3,0.0,149.0,1,0.0,4
2014_05_CLE_TEN,TEN,291.0,3,291.0,3,1.0,176.0,0,0.0,5
2014_05_HOU_DAL,DAL,154.0,0,154.0,0,1.0,176.0,2,0.0,5
2014_05_HOU_DAL,HOU,324.0,2,324.0,2,1.0,140.0,0,1.0,5
2014_05_KC_SF,KC,201.0,1,201.0,1,0.0,171.0,0,0.0,5
2014_05_KC_SF,SF,158.0,1,158.0,1,1.0,107.0,1,0.0,5
2014_05_MIN_GB,GB,222.0,0,222.0,0,2.0,111.0,1,1.0,5
2014_05_MIN_GB,MIN,178.0,3,178.0,3,1.0,156.0,2,0.0,5
2014_05_NYJ_SD,LAC,74.0,0,74.0,0,1.0,91.0,0,1.0,5
2014_05_NYJ_SD,NYJ,288.0,3,288.0,3,1.0,162.0,1,0.0,5
2014_05_PIT_JAX,JAX,273.0,1,273.0,1,0.0,111.0,0,1.0,5
2014_05_PIT_JAX,PIT,191.0,0,191.0,0,2.0,56.0,0,0.0,5
2014_05_SEA_WAS,SEA,283.0,2,283.0,2,0.0,32.0,0,0.0,4
2014_05_SEA_WAS,WAS,201.0,2,201.0,2,0.0,225.0,1,0.0,5
2014_05_STL_PHI,LA,207.0,2,207.0,2,1.0,145.0,0,2.0,4
2014_05_STL_PHI,PHI,375.0,3,375.0,3,0.0,125.0,1,3.0,5
2014_05_TB_NO,NO,249.0,2,249.0,2,1.0,66.0,1,0.0,5
2014_05_TB_NO,TB,371.0,2,371.0,2,3.0,140.0,2,0.0,5
2014_06_BAL_TB,BAL,314.0,2,314.0,2,1.0,87.0,0,0.0,6
2014_06_BAL_TB,TB,306.0,5,306.0,5,0.0,169.0,1,0.0,6
2014_06_CAR_CIN,CAR,323.0,2,323.0,2,2.0,193.0,2,0.0,6
2014_06_CAR_CIN,CIN,284.0,2,284.0,2,1.0,147.0,2,0.0,5
2014_06_CHI_ATL,ATL,381.0,1,381.0,1,0.0,103.0,2,0.0,6
2014_06_CHI_ATL,CHI,271.0,1,271.0,1,1.0,42.0,0,0.0,6
2014_06_DAL_SEA,DAL,126.0,0,126.0,0,1.0,80.0,1,0.0,6
2014_06_DAL_SEA,SEA,250.0,2,250.0,2,0.0,162.0,1,1.0,5
2014_06_DEN_NYJ,DEN,190.0,2,190.0,2,1.0,31.0,0,0.0,5
2014_06_DEN_NYJ,NYJ,237.0,3,237.0,3,0.0,138.0,0,0.0,6
2014_06_DET_MIN,DET,188.0,0,188.0,0,3.0,69.0,0,0.0,6
2014_06_DET_MIN,MIN,185.0,1,185.0,1,0.0,100.0,1,0.0,6
2014_06_GB_MIA,GB,244.0,2,244.0,2,2.0,112.0,1,1.0,6
2014_06_GB_MIA,MIA,264.0,3,264.0,3,0.0,121.0,0,0.0,5
2014_06_IND_HOU,HOU,370.0,3,370.0,3,1.0,93.0,1,1.0,6
2014_06_IND_HOU,IND,212.0,1,212.0,1,0.0,136.0,2,2.0,6
2014_06_JAX_TEN,JAX,233.0,0,233.0,0,0.0,70.0,1,0.0,6
2014_06_JAX_TEN,TEN,336.0,1,336.0,1,1.0,82.0,1,1.0,6
2014_06_NE_BUF,BUF,361.0,4,361.0,4,0.0,50.0,0,0.0,6
2014_06_NE_BUF,NE,299.0,2,299.0,2,1.0,68.0,1,2.0,6
2014_06_NYG_PHI,NYG,248.0,2,248.0,2,2.0,203.0,1,0.0,6
2014_06_NYG_PHI,PHI,211.0,0,211.0,0,0.0,86.0,0,1.0,6
2014_06_PIT_CLE,CLE,228.0,1,228.0,1,1.0,138.0,0,0.0,5
2014_06_PIT_CLE,PIT,217.0,1,217.0,1,0.0,158.0,3,1.0,6
2014_06_SD_OAK,LAC,282.0,4,282.0,4,1.0,114.0,0,0.0,6
2014_06_SD_OAK,LV,313.0,3,313.0,3,0.0,116.0,1,0.0,5
2014_06_SF_STL,LA,343.0,3,343.0,3,0.0,89.0,0,1.0,5
2014_06_SF_STL,SF,236.0,1,236.0,1,1.0,93.0,1,0.0,6
2014_06_WAS_ARI,ARI,354.0,2,354.0,2,3.0,72.0,0,1.0,5
2014_06_WAS_ARI,WAS,250.0,2,250.0,2,0.0,74.0,0,0.0,6
2014_07_ARI_OAK,ARI,173.0,0,173.0,0,0.0,56.0,1,0.0,6
2014_07_ARI_OAK,LV,253.0,2,253.0,2,1.0,123.0,1,0.0,6
2014_07_ATL_BAL,ATL,258.0,2,258.0,2,2.0,123.0,1,0.0,7
2014_07_ATL_BAL,BAL,228.0,1,228.0,1,0.0,68.0,0,1.0,7
2014_07_CAR_GB,CAR,255.0,3,255.0,3,0.0,122.0,2,0.0,7
2014_07_CAR_GB,GB,248.0,2,248.0,2,1.0,108.0,0,0.0,7
2014_07_CIN_IND,CIN,344.0,2,344.0,2,0.0,171.0,1,2.0,6
2014_07_CIN_IND,IND,126.0,0,126.0,0,0.0,32.0,0,0.0,7
2014_07_CLE_JAX,CLE,159.0,1,159.0,1,3.0,185.0,2,0.0,6
2014_07_CLE_JAX,JAX,215.0,0,215.0,0,1.0,69.0,0,1.0,7
2014_07_HOU_PIT,HOU,268.0,3,268.0,3,0.0,76.0,0,1.0,7
2014_07_HOU_PIT,PIT,262.0,2,262.0,2,1.0,132.0,0,2.0,7
2014_07_KC_SD,KC,205.0,2,205.0,2,1.0,69.0,0,0.0,6
2014_07_KC_SD,LAC,221.0,1,221.0,1,0.0,154.0,1,0.0,7
2014_07_MIA_CHI,CHI,277.0,2,277.0,2,0.0,137.0,1,0.0,7
2014_07_MIA_CHI,MIA,190.0,1,190.0,1,1.0,52.0,1,2.0,6
2014_07_MIN_BUF,BUF,157.0,1,157.0,1,2.0,158.0,0,0.0,7
2014_07_MIN_BUF,MIN,283.0,2,283.0,2,1.0,118.0,0,3.0,7
2014_07_NO_DET,DET,342.0,2,342.0,2,1.0,73.0,0,1.0,7
2014_07_NO_DET,NO,299.0,2,299.0,2,2.0,59.0,1,0.0,6
2014_07_NYG_DAL,DAL,248.0,3,248.0,3,0.0,104.0,0,2.0,7
2014_07_NYG_DAL,NYG,279.0,3,279.0,3,1.0,156.0,1,0.0,7
2014_07_NYJ_NE,NE,226.0,1,226.0,1,0.0,218.0,1,0.0,7
2014_07_NYJ_NE,NYJ,261.0,3,261.0,3,0.0,63.0,0,0.0,7
2014_07_SEA_STL,LA,313.0,2,313.0,2,0.0,171.0,1,0.0,6
2014_07_SEA_STL,SEA,173.0,2,173.0,2,0.0,102.0,1,0.0,6
2014_07_SF_DEN,DEN,301.0,2,301.0,2,1.0,62.0,0,0.0,6
2014_07_SF_DEN,SF,318.0,4,318.0,4,0.0,115.0,2,0.0,7
2014_07_TEN_WAS,TEN,267.0,1,267.0,1,1.0,100.0,0,1.0,7
2014_07_TEN_WAS,WAS,160.0,2,160.0,2,1.0,76.0,0,0.0,7
2014_08_BAL_CIN,BAL,266.0,0,266.0,0,1.0,111.0,3,1.0,8
2014_08_BAL_CIN,CIN,195.0,0,195.0,0,2.0,107.0,2,0.0,7
2014_08_BUF_NYJ,BUF,158.0,0,158.0,0,4.0,175.0,3,2.0,8
2014_08_BUF_NYJ,NYJ,238.0,4,238.0,4,0.0,67.0,1,0.0,8
2014_08_CHI_NE,CHI,376.0,5,376.0,5,0.0,122.0,0,0.0,8
2014_08_CHI_NE,NE,249.0,3,249.0,3,1.0,153.0,0,1.0,8
2014_08_DET_ATL,ATL,325.0,2,325.0,2,1.0,60.0,0,0.0,8
2014_08_DET_ATL,DET,228.0,2,228.0,2,1.0,78.0,1,0.0,8
2014_08_GB_NO,GB,311.0,3,311.0,3,0.0,193.0,2,1.0,8
2014_08_GB_NO,NO,426.0,1,426.0,1,2.0,89.0,1,1.0,7
2014_08_HOU_TEN,HOU,299.0,2,299.0,2,1.0,36.0,0,1.0,8
2014_08_HOU_TEN,TEN,227.0,1,227.0,1,0.0,212.0,2,0.0,8
2014_08_IND_PIT,IND,522.0,6,522.0,6,0.0,117.0,0,2.0,8
2014_08_IND_PIT,PIT,400.0,3,400.0,3,2.0,63.0,1,0.0,8
2014_08_MIA_JAX,JAX,196.0,1,196.0,1,1.0,148.0,0,0.0,8
2014_08_MIA_JAX,MIA,221.0,1,221.0,1,2.0,176.0,0,1.0,7
2014_08_MIN_TB,MIN,171.0,1,171.0,1,1.0,66.0,0,1.0,8
2014_08_MIN_TB,TB,241.0,1,241.0,1,0.0,97.0,0,0.0,7
2014_08_OAK_CLE,CLE,328.0,1,328.0,1,1.0,76.0,0,2.0,7
2014_08_OAK_CLE,LV,275.0,1,275.0,1,0.0,39.0,1,0.0,7
2014_08_PHI_ARI,ARI,411.0,2,411.0,2,2.0,110.0,0,1.0,7
2014_08_PHI_ARI,PHI,329.0,2,329.0,2,0.0,71.0,1,1.0,7
2014_08_SD_DEN,DEN,252.0,3,252.0,3,2.0,61.0,0,0.0,7
2014_08_SD_DEN,LAC,286.0,3,286.0,3,0.0,139.0,2,0.0,8
2014_08_SEA_CAR,CAR,199.0,1,199.0,1,1.0,119.0,0,0.0,8
2014_08_SEA_CAR,SEA,171.0,0,171.0,0,1.0,114.0,0,1.0,7
2014_08_STL_KC,KC,160.0,1,160.0,1,1.0,84.0,0,0.0,7
2014_08_STL_KC,LA,223.0,0,223.0,0,0.0,140.0,3,1.0,7
2014_08_WAS_DAL,DAL,299.0,0,299.0,0,1.0,123.0,2,0.0,8
2014_08_WAS_DAL,WAS,278.0,2,278.0,2,0.0,171.0,0,2.0,8
2014_09_ARI_DAL,ARI,183.0,1,183.0,1,2.0,92.0,0,0.0,8
2014_09_ARI_DAL,DAL,249.0,3,249.0,3,1.0,102.0,1,0.0,9
2014_09_BAL_PIT,BAL,340.0,6,340.0,6,0.0,55.0,0,1.0,9
2014_09_BAL_PIT,PIT,303.0,2,303.0,2,1.0,63.0,0,1.0,9
2014_09_DEN_NE,DEN,333.0,4,333.0,4,1.0,66.0,0,0.0,8
2014_09_DEN_NE,NE,438.0,2,438.0,2,2.0,43.0,1,0.0,9
2014_09_IND_NYG,IND,359.0,2,359.0,2,0.0,89.0,1,1.0,9
2014_09_IND_NYG,NYG,354.0,4,354.0,4,0.0,98.0,0,0.0,8
2014_09_JAX_CIN,CIN,247.0,2,247.0,2,1.0,132.0,1,0.0,8
2014_09_JAX_CIN,JAX,233.0,2,233.0,2,2.0,191.0,2,0.0,9
2014_09_NO_CAR,CAR,297.0,1,297.0,1,1.0,105.0,3,1.0,9
2014_09_NO_CAR,NO,151.0,0,151.0,0,1.0,109.0,1,1.0,8
2014_09_NYJ_KC,KC,235.0,1,235.0,1,0.0,139.0,0,0.0,8
2014_09_NYJ_KC,NYJ,199.0,2,199.0,2,0.0,113.0,1,0.0,9
2014_09_OAK_SEA,LV,179.0,0,179.0,0,0.0,149.0,2,0.0,8
2014_09_OAK_SEA,SEA,194.0,2,194.0,2,2.0,37.0,0,0.0,8
2014_09_PHI_HOU,HOU,326.0,3,326.0,3,3.0,190.0,1,0.0,9
2014_09_PHI_HOU,PHI,203.0,2,203.0,2,1.0,118.0,0,0.0,8
2014_09_SD_MIA,LAC,309.0,3,309.0,3,0.0,132.0,1,0.0,9
2014_09_SD_MIA,MIA,148.0,0,148.0,0,3.0,50.0,0,1.0,8
2014_09_STL_SF,LA,237.0,1,237.0,1,0.0,80.0,0,2.0,8
2014_09_STL_SF,SF,105.0,1,105.0,1,2.0,91.0,0,0.0,8
2014_09_TB_CLE,CLE,260.0,2,260.0,2,2.0,113.0,0,0.0,8
2014_09_TB_CLE,TB,300.0,2,300.0,2,2.0,56.0,0,0.0,8
2014_09_WAS_MIN,MIN,251.0,1,251.0,1,1.0,122.0,2,0.0,9
2014_09_WAS_MIN,WAS,268.0,1,268.0,1,0.0,100.0,3,0.0,9
2014_10_ATL_TB,ATL,301.0,2,301.0,2,2.0,92.0,0,1.0,9
2014_10_ATL_TB,TB,219.0,1,219.0,1,0.0,110.0,1,0.0,9
2014_10_CAR_PHI,CAR,332.0,2,332.0,2,0.0,37.0,2,0.0,10
2014_10_CAR_PHI,PHI,306.0,2,306.0,2,3.0,102.0,1,2.0,9
2014_10_CHI_GB,CHI,319.0,6,319.0,6,0.0,132.0,0,1.0,9
2014_10_CHI_GB,GB,283.0,1,283.0,1,2.0,55.0,0,1.0,9
2014_10_CLE_CIN,CIN,198.0,0,198.0,0,0.0,170.0,3,0.0,9
2014_10_CLE_CIN,CLE,93.0,0,93.0,0,3.0,86.0,0,1.0,9
2014_10_DAL_JAX,DAL,290.0,0,290.0,0,1.0,71.0,2,1.0,10
2014_10_DAL_JAX,JAX,254.0,3,254.0,3,0.0,151.0,1,1.0,10
2014_10_DEN_OAK,DEN,192.0,2,192.0,2,2.0,30.0,0,1.0,9
2014_10_DEN_OAK,LV,353.0,5,353.0,5,2.0,118.0,0,0.0,9
2014_10_KC_BUF,BUF,177.0,0,177.0,0,0.0,127.0,2,1.0,9
2014_10_KC_BUF,KC,259.0,1,259.0,1,0.0,111.0,0,1.0,9
2014_10_MIA_DET,DET,207.0,1,207.0,1,1.0,50.0,0,1.0,9
2014_10_MIA_DET,MIA,307.0,2,307.0,2,1.0,63.0,0,0.0,9
2014_10_NYG_SEA,NYG,172.0,0,172.0,0,2.0,350.0,5,1.0,9
2014_10_NYG_SEA,SEA,283.0,1,283.0,1,1.0,54.0,1,1.0,9
2014_10_PIT_NYJ,NYJ,343.0,1,343.0,1,2.0,36.0,0,1.0,10
2014_10_PIT_NYJ,PIT,132.0,2,132.0,2,0.0,150.0,0,0.0,10
2014_10_SF_NO,NO,210.0,1,210.0,1,0.0,144.0,2,1.0,9
2014_10_SF_NO,SF,292.0,3,292.0,3,2.0,136.0,0,1.0,9
2014_10_STL_ARI,ARI,216.0,1,216.0,1,2.0,70.0,1,1.0,9
2014_10_STL_ARI,LA,326.0,1,326.0,1,1.0,28.0,1,0.0,9
2014_10_TEN_BAL,BAL,179.0,1,179.0,1,1.0,67.0,0,1.0,10
2014_10_TEN_BAL,TEN,169.0,1,169.0,1,0.0,151.0,2,0.0,9
2014_11_ATL_CAR,ATL,292.0,2,292.0,2,2.0,106.0,0,0.0,10
2014_11_ATL_CAR,CAR,268.0,1,268.0,1,0.0,86.0,0,1.0,11
2014_11_BUF_MIA,BUF,240.0,2,240.0,2,0.0,125.0,0,1.0,10
2014_11_BUF_MIA,MIA,193.0,0,193.0,0,0.0,54.0,0,0.0,10
2014_11_CIN_NO,CIN,255.0,1,255.0,1,0.0,75.0,0,1.0,10
2014_11_CIN_NO,NO,220.0,3,220.0,3,0.0,186.0,0,0.0,10
2014_11_DEN_STL,DEN,220.0,1,220.0,1,0.0,131.0,0,0.0,10
2014_11_DEN_STL,LA,389.0,1,389.0,1,2.0,28.0,0,0.0,10
2014_11_DET_ARI,ARI,183.0,0,183.0,0,1.0,98.0,0,0.0,10
2014_11_DET_ARI,DET,306.0,2,306.0,2,2.0,46.0,0,0.0,10
2014_11_HOU_CLE,CLE,211.0,2,211.0,2,1.0,213.0,0,0.0,10
2014_11_HOU_CLE,HOU,330.0,1,330.0,1,1.0,65.0,0,1.0,10
2014_11_MIN_CHI,CHI,158.0,1,158.0,1,1.0,96.0,0,0.0,10
2014_11_MIN_CHI,MIN,330.0,3,330.0,3,2.0,138.0,0,0.0,10
2014_11_NE_IND,IND,257.0,2,257.0,2,2.0,246.0,4,0.0,10
2014_11_NE_IND,NE,303.0,2,303.0,2,1.0,19.0,0,0.0,10
2014_11_OAK_SD,LAC,172.0,0,172.0,0,0.0,71.0,0,1.0,10
2014_11_OAK_SD,LV,193.0,1,193.0,1,0.0,120.0,0,0.0,10
2014_11_PHI_GB,GB,346.0,2,346.0,2,2.0,109.0,0,2.0,10
2014_11_PHI_GB,PHI,367.0,3,367.0,3,0.0,110.0,1,0.0,10
2014_11_PIT_TEN,PIT,263.0,2,263.0,2,1.0,49.0,1,0.0,11
2014_11_PIT_TEN,TEN,207.0,1,207.0,1,1.0,206.0,1,0.0,10
2014_11_SEA_KC,KC,178.0,2,178.0,2,0.0,204.0,0,0.0,10
2014_11_SEA_KC,SEA,108.0,0,108.0,0,0.0,190.0,3,2.0,10
2014_11_SF_NYG,NYG,193.0,1,193.0,1,0.0,148.0,0,1.0,10
2014_11_SF_NYG,SF,280.0,1,280.0,1,5.0,65.0,0,0.0,10
2014_11_TB_WAS,TB,207.0,1,207.0,1,2.0,155.0,0,1.0,10
2014_11_TB_WAS,WAS,288.0,2,288.0,2,0.0,48.0,0,0.0,10
2014_12_ARI_SEA,ARI,211.0,1,211.0,1,0.0,124.0,0,0.0,11
2014_12_ARI_SEA,SEA,149.0,0,149.0,0,1.0,64.0,0,0.0,11
2014_12_BAL_NO,BAL,420.0,3,420.0,3,1.0,126.0,0,0.0,11
2014_12_BAL_NO,NO,243.0,1,243.0,1,0.0,215.0,2,1.0,11
2014_12_CIN_HOU,CIN,189.0,0,189.0,0,1.0,64.0,0,0.0,11
2014_12_CIN_HOU,HOU,233.0,1,233.0,1,1.0,139.0,1,0.0,11
2014_12_CLE_ATL,ATL,322.0,0,322.0,0,3.0,162.0,2,0.0,11
2014_12_CLE_ATL,CLE,273.0,2,273.0,2,1.0,63.0,1,1.0,11
2014_12_DAL_NYG,DAL,338.0,3,338.0,3,1.0,89.0,1,0.0,11
2014_12_DAL_NYG,NYG,275.0,4,275.0,4,0.0,119.0,0,1.0,11
2014_12_DET_NE,DET,349.0,2,349.0,2,1.0,90.0,2,0.0,11
2014_12_DET_NE,NE,264.0,0,264.0,0,1.0,91.0,0,0.0,11
2014_12_GB_MIN,GB,210.0,2,210.0,2,1.0,112.0,0,0.0,11
2014_12_GB_MIN,MIN,209.0,2,209.0,2,0.0,155.0,1,0.0,11
2014_12_JAX_IND,IND,146.0,0,146.0,0,1.0,80.0,0,1.0,11
2014_12_JAX_IND,JAX,253.0,1,253.0,1,0.0,175.0,1,3.0,11
2014_12_KC_OAK,KC,174.0,1,174.0,1,0.0,179.0,2,0.0,11
2014_12_KC_OAK,LV,234.0,2,234.0,2,0.0,96.0,0,0.0,11
2014_12_MIA_DEN,DEN,228.0,3,228.0,3,1.0,97.0,2,0.0,11
2014_12_MIA_DEN,MIA,257.0,4,257.0,4,0.0,201.0,1,0.0,11
2014_12_NYJ_BUF,BUF,165.0,0,165.0,0,1.0,92.0,0,0.0,11
2014_12_NYJ_BUF,NYJ,230.0,2,230.0,2,0.0,116.0,2,0.0,11
2014_12_STL_SD,LA,291.0,1,291.0,1,1.0,128.0,1,1.0,11
2014_12_STL_SD,LAC,217.0,1,217.0,1,2.0,107.0,1,1.0,11
2014_12_TB_CHI,CHI,341.0,1,341.0,1,2.0,66.0,0,2.0,11
2014_12_TB_CHI,TB,130.0,1,130.0,1,0.0,92.0,2,1.0,11
2014_12_TEN_PHI,PHI,345.0,2,345.0,2,1.0,52.0,1,2.0,11
2014_12_TEN_PHI,TEN,307.0,1,307.0,1,2.0,164.0,2,0.0,11
2014_12_WAS_SF,SF,106.0,0,106.0,0,0.0,136.0,1,1.0,11
2014_12_WAS_SF,WAS,256.0,1,256.0,1,1.0,66.0,1,2.0,11
2014_13_ARI_ATL,ARI,361.0,2,361.0,2,1.0,142.0,0,0.0,12
2014_13_ARI_ATL,ATL,294.0,1,294.0,1,2.0,35.0,0,1.0,12
2014_13_CAR_MIN,CAR,138.0,2,138.0,2,0.0,92.0,0,0.0,12
2014_13_CAR_MIN,MIN,194.0,1,194.0,1,1.0,178.0,0,0.0,12
2014_13_CHI_DET,CHI,390.0,2,390.0,2,0.0,91.0,2,1.0,12
2014_13_CHI_DET,DET,280.0,2,280.0,2,2.0,13.0,0,0.0,12
2014_13_CIN_TB,CIN,190.0,0,190.0,0,1.0,75.0,1,0.0,12
2014_13_CIN_TB,TB,187.0,1,187.0,1,3.0,112.0,1,0.0,12
2014_13_CLE_BUF,BUF,255.0,0,255.0,0,2.0,74.0,1,1.0,12
2014_13_CLE_BUF,CLE,190.0,1,190.0,1,2.0,106.0,0,0.0,12
2014_13_DEN_KC,DEN,153.0,2,153.0,2,1.0,41.0,0,1.0,12
2014_13_DEN_KC,KC,179.0,2,179.0,2,0.0,214.0,0,1.0,12
2014_13_MIA_NYJ,MIA,65.0,0,65.0,0,1.0,277.0,1,0.0,12
2014_13_MIA_NYJ,NYJ,235.0,0,235.0,0,1.0,74.0,1,0.0,12
2014_13_NE_GB,GB,245.0,2,245.0,2,0.0,84.0,1,0.0,12
2014_13_NE_GB,NE,368.0,2,368.0,2,0.0,130.0,0,0.0,12
2014_13_NO_PIT,NO,435.0,2,435.0,2,2.0,103.0,1,0.0,12
2014_13_NO_PIT,PIT,257.0,5,257.0,5,0.0,143.0,0,0.0,12
2014_13_NYG_JAX,JAX,247.0,1,247.0,1,0.0,116.0,2,3.0,12
2014_13_NYG_JAX,NYG,194.0,1,194.0,1,0.0,118.0,0,0.0,12
2014_13_OAK_STL,LA,230.0,0,230.0,0,3.0,61.0,0,2.0,12
2014_13_OAK_STL,LV,183.0,2,183.0,2,0.0,172.0,4,0.0,12
2014_13_PHI_DAL,DAL,217.0,1,217.0,1,0.0,256.0,2,1.0,12
2014_13_PHI_DAL,PHI,199.0,0,199.0,0,2.0,93.0,1,1.0,12
2014_13_SD_BAL,BAL,383.0,3,383.0,3,1.0,64.0,1,1.0,12
2014_13_SD_BAL,LAC,225.0,2,225.0,2,0.0,125.0,1,0.0,12
2014_13_SEA_SF,SEA,121.0,0,121.0,0,2.0,64.0,0,0.0,12
2014_13_SEA_SF,SF,236.0,1,236.0,1,0.0,157.0,0,0.0,12
2014_13_TEN_HOU,HOU,275.0,2,275.0,2,3.0,83.0,0,1.0,12
2014_13_TEN_HOU,TEN,358.0,6,358.0,6,0.0,99.0,0,1.0,12
2014_13_WAS_IND,IND,392.0,3,392.0,3,0.0,84.0,0,1.0,12
2014_13_WAS_IND,WAS,370.0,5,370.0,5,1.0,126.0,1,2.0,12
2014_14_ATL_GB,ATL,327.0,3,327.0,3,0.0,179.0,2,0.0,13
2014_14_ATL_GB,GB,375.0,4,375.0,4,1.0,91.0,1,0.0,13
2014_14_BAL_MIA,BAL,227.0,1,227.0,1,0.0,63.0,0,0.0,13
2014_14_BAL_MIA,MIA,269.0,2,269.0,2,1.0,183.0,2,0.0,13
2014_14_BUF_DEN,BUF,173.0,0,173.0,0,2.0,133.0,3,1.0,13
2014_14_BUF_DEN,DEN,355.0,1,355.0,1,2.0,74.0,1,1.0,13
2014_14_CAR_NO,CAR,235.0,1,235.0,1,1.0,92.0,0,1.0,13
2014_14_CAR_NO,NO,226.0,3,226.0,3,0.0,271.0,2,0.0,13
2014_14_DAL_CHI,CHI,205.0,3,205.0,3,0.0,194.0,2,0.0,13
2014_14_DAL_CHI,DAL,341.0,2,341.0,2,1.0,35.0,2,1.0,13
2014_14_HOU_JAX,HOU,205.0,1,205.0,1,1.0,74.0,0,0.0,13
2014_14_HOU_JAX,JAX,135.0,0,135.0,0,0.0,169.0,3,0.0,13
2014_14_IND_CLE,CLE,294.0,2,294.0,2,2.0,93.0,1,2.0,13
2014_14_IND_CLE,IND,136.0,0,136.0,0,2.0,115.0,1,0.0,13
2014_14_KC_ARI,ARI,293.0,1,293.0,1,1.0,126.0,1,1.0,13
2014_14_KC_ARI,KC,239.0,1,239.0,1,0.0,141.0,0,0.0,13
2014_14_NE_SD,LAC,317.0,2,317.0,2,1.0,87.0,0,1.0,13
2014_14_NE_SD,NE,189.0,1,189.0,1,1.0,53.0,0,0.0,13
2014_14_NYG_TEN,NYG,206.0,0,206.0,0,2.0,61.0,0,1.0,13
2014_14_NYG_TEN,TEN,260.0,1,260.0,1,1.0,142.0,1,0.0,13
2014_14_NYJ_MIN,MIN,254.0,1,254.0,1,1.0,168.0,0,1.0,13
2014_14_NYJ_MIN,NYJ,309.0,2,309.0,3,1.0,114.0,0,0.0,13
2014_14_PIT_CIN,CIN,350.0,3,350.0,3,0.0,193.0,2,0.0,13
2014_14_PIT_CIN,PIT,327.0,2,327.0,2,0.0,86.0,1,2.0,13
2014_14_SEA_PHI,PHI,263.0,2,263.0,2,0.0,188.0,1,2.0,13
2014_14_SEA_PHI,SEA,96.0,2,96.0,2,1.0,57.0,0,1.0,13
2014_14_SF_OAK,LV,174.0,1,174.0,1,2.0,97.0,0,0.0,13
2014_14_SF_OAK,SF,254.0,3,254.0,3,0.0,85.0,0,0.0,13
2014_14_STL_WAS,LA,232.0,0,232.0,0,2.0,27.0,0,0.0,13
2014_14_STL_WAS,WAS,213.0,2,213.0,2,0.0,131.0,0,0.0,13
2014_14_TB_DET,DET,250.0,2,250.0,2,2.0,26.0,0,1.0,13
2014_14_TB_DET,TB,311.0,3,311.0,3,0.0,113.0,1,0.0,13
2014_15_ARI_STL,ARI,229.0,0,229.0,0,1.0,69.0,0,1.0,14
2014_15_ARI_STL,LA,139.0,0,139.0,0,0.0,143.0,0,0.0,14
2014_15_CIN_CLE,CIN,80.0,0,80.0,0,2.0,53.0,0,0.0,14
2014_15_CIN_CLE,CLE,117.0,0,117.0,0,1.0,244.0,3,0.0,14
2014_15_DAL_PHI,DAL,252.0,0,252.0,0,2.0,75.0,3,1.0,14
2014_15_DAL_PHI,PHI,265.0,3,265.0,3,0.0,115.0,2,1.0,14
2014_15_DEN_SD,DEN,232.0,1,232.0,1,2.0,56.0,0,0.0,14
2014_15_DEN_SD,LAC,233.0,1,233.0,1,0.0,111.0,0,0.0,14
2014_15_GB_BUF,BUF,185.0,0,185.0,0,2.0,158.0,1,0.0,14
2014_15_GB_BUF,GB,158.0,0,158.0,0,1.0,113.0,0,0.0,14
2014_15_HOU_IND,HOU,187.0,2,187.0,2,1.0,110.0,0,1.0,14
2014_15_HOU_IND,IND,157.0,0,157.0,0,1.0,137.0,0,1.0,14
2014_15_JAX_BAL,BAL,229.0,0,229.0,0,1.0,82.0,0,0.0,14
2014_15_JAX_BAL,JAX,221.0,1,221.0,1,0.0,93.0,0,1.0,14
2014_15_MIA_NE,MIA,287.0,2,287.0,2,1.0,108.0,2,0.0,14
2014_15_MIA_NE,NE,346.0,1,346.0,1,2.0,76.0,0,0.0,14
2014_15_MIN_DET,DET,315.0,1,315.0,1,2.0,76.0,1,0.0,14
2014_15_MIN_DET,MIN,153.0,1,153.0,1,0.0,80.0,0,0.0,14
2014_15_NO_CHI,CHI,375.0,3,375.0,3,0.0,83.0,1,1.0,14
2014_15_NO_CHI,NO,194.0,2,194.0,2,3.0,125.0,0,0.0,14
2014_15_NYJ_TEN,NYJ,250.0,0,260.0,0,0.0,89.0,0,0.0,14
2014_15_NYJ_TEN,TEN,179.0,1,179.0,1,0.0,114.0,1,0.0,14
2014_15_OAK_KC,KC,222.0,1,222.0,1,0.0,78.0,0,1.0,14
2014_15_OAK_KC,LV,297.0,2,297.0,2,0.0,93.0,1,1.0,14
2014_15_PIT_ATL,ATL,360.0,0,360.0,0,0.0,45.0,2,0.0,14
2014_15_PIT_ATL,PIT,310.0,2,310.0,2,1.0,97.0,0,0.0,14
2014_15_SF_SEA,SEA,141.0,0,141.0,0,0.0,140.0,1,0.0,14
2014_15_SF_SEA,SF,168.0,1,168.0,1,1.0,152.0,1,0.0,14
2014_15_TB_CAR,CAR,154.0,1,154.0,1,1.0,151.0,1,2.0,14
2014_15_TB_CAR,TB,277.0,1,277.0,1,0.0,123.0,0,1.0,14
2014_15_WAS_NYG,NYG,275.0,1,275.0,1,0.0,144.0,0,0.0,14
2014_15_WAS_NYG,WAS,250.0,3,250.0,3,0.0,49.0,0,0.0,14
2014_16_ATL_NO,ATL,313.0,1,313.0,1,2.0,57.0,1,2.0,15
2014_16_ATL_NO,NO,322.0,1,322.0,1,0.0,81.0,1,0.0,15
2014_16_BAL_HOU,BAL,190.0,1,190.0,1,1.0,123.0,0,0.0,15
2014_16_BAL_HOU,HOU,195.0,2,195.0,2,3.0,33.0,0,0.0,15
2014_16_BUF_OAK,BUF,214.0,2,214.0,2,0.0,140.0,0,0.0,15
2014_16_BUF_OAK,LV,329.0,3,329.0,3,2.0,13.0,0,0.0,15
2014_16_CLE_CAR,CAR,166.0,1,166.0,1,1.0,84.0,0,0.0,15
2014_16_CLE_CAR,CLE,201.0,1,201.0,1,1.0,209.0,1,0.0,15
2014_16_DEN_CIN,CIN,311.0,2,311.0,2,4.0,85.0,1,0.0,15
2014_16_DEN_CIN,DEN,146.0,2,146.0,2,1.0,207.0,1,1.0,15
2014_16_DET_CHI,CHI,243.0,0,243.0,0,2.0,138.0,2,0.0,15
2014_16_DET_CHI,DET,181.0,2,181.0,2,1.0,64.0,0,0.0,15
2014_16_GB_TB,GB,147.0,0,147.0,0,1.0,16.0,0,0.0,15
2014_16_GB_TB,TB,318.0,1,318.0,1,0.0,121.0,1,1.0,15
2014_16_IND_DAL,DAL,235.0,1,235.0,1,2.0,1.0,0,1.0,15
2014_16_IND_DAL,IND,261.0,5,261.0,5,0.0,127.0,1,1.0,15
2014_16_KC_PIT,KC,220.0,1,220.0,1,0.0,68.0,1,0.0,15
2014_16_KC_PIT,PIT,317.0,0,317.0,0,0.0,39.0,0,1.0,15
2014_16_MIN_MIA,MIA,259.0,2,259.0,2,1.0,119.0,2,0.0,15
2014_16_MIN_MIA,MIN,396.0,4,396.0,4,1.0,110.0,1,0.0,15
2014_16_NE_NYJ,NE,210.0,1,210.0,1,1.0,116.0,0,0.0,15
2014_16_NE_NYJ,NYJ,182.0,1,182.0,1,1.0,85.0,1,0.0,15
2014_16_NYG_STL,LA,391.0,3,391.0,3,0.0,128.0,1,0.0,15
2014_16_NYG_STL,NYG,290.0,2,290.0,2,1.0,106.0,1,0.0,15
2014_16_PHI_WAS,PHI,220.0,0,220.0,0,1.0,100.0,3,0.0,15
2014_16_PHI_WAS,WAS,374.0,2,374.0,2,1.0,134.0,1,1.0,15
2014_16_SD_SF,LAC,114.0,1,114.0,1,0.0,355.0,3,3.0,15
2014_16_SD_SF,SF,356.0,4,356.0,4,3.0,98.0,0,0.0,15
2014_16_SEA_ARI,ARI,339.0,2,339.0,2,0.0,267.0,3,0.0,15
2014_16_SEA_ARI,SEA,216.0,0,216.0,0,1.0,29.0,0,0.0,15
2014_16_TEN_JAX,JAX,287.0,1,287.0,1,0.0,95.0,0,0.0,15
2014_16_TEN_JAX,TEN,124.0,1,124.0,1,0.0,177.0,2,0.0,15
2014_17_ARI_SF,ARI,204.0,2,204.0,2,0.0,206.0,0,0.0,16
2014_17_ARI_SF,SF,316.0,2,316.0,2,3.0,98.0,0,0.0,16
2014_17_BUF_NE,BUF,170.0,0,170.0,0,0.0,116.0,0,0.0,16
2014_17_BUF_NE,NE,176.0,1,176.0,1,0.0,104.0,1,1.0,16
2014_17_CAR_ATL,ATL,114.0,1,114.0,1,0.0,194.0,1,0.0,16
2014_17_CAR_ATL,CAR,260.0,0,260.0,0,2.0,63.0,0,1.0,16
2014_17_CHI_MIN,CHI,209.0,1,209.0,1,1.0,121.0,0,0.0,16
2014_17_CHI_MIN,MIN,172.0,0,172.0,0,0.0,99.0,0,0.0,16
2014_17_CIN_PIT,CIN,317.0,2,317.0,2,2.0,29.0,0,1.0,16
2014_17_CIN_PIT,PIT,244.0,2,244.0,2,2.0,116.0,0,1.0,16
2014_17_CLE_BAL,BAL,177.0,0,177.0,0,1.0,109.0,1,1.0,16
2014_17_CLE_BAL,CLE,312.0,2,312.0,2,0.0,129.0,0,0.0,16
2014_17_DAL_WAS,DAL,336.0,1,336.0,1,2.0,104.0,1,2.0,16
2014_17_DAL_WAS,WAS,299.0,2,299.0,2,1.0,174.0,2,0.0,16
2014_17_DET_GB,DET,232.0,2,232.0,2,0.0,152.0,1,1.0,16
2014_17_DET_GB,GB,217.0,3,217.0,3,0.0,111.0,0,1.0,16
2014_17_IND_TEN,IND,79.0,1,79.0,1,0.0,142.0,0,1.0,16
2014_17_IND_TEN,TEN,315.0,3,315.0,3,0.0,64.0,0,0.0,16
2014_17_JAX_HOU,HOU,140.0,1,140.0,1,0.0,121.0,0,0.0,16
2014_17_JAX_HOU,JAX,250.0,2,250.0,2,1.0,123.0,1,1.0,16
2014_17_NO_TB,NO,115.0,1,115.0,1,1.0,183.0,1,0.0,16
2014_17_NO_TB,TB,281.0,1,281.0,1,3.0,70.0,2,0.0,16
2014_17_NYJ_MIA,MIA,396.0,3,396.0,3,0.0,104.0,1,1.0,16
2014_17_NYJ_MIA,NYJ,259.0,1,259.0,1,0.0,179.0,2,1.0,16
2014_17_OAK_DEN,DEN,158.0,1,158.0,1,1.0,67.0,0,1.0,16
2014_17_OAK_DEN,LV,312.0,1,312.0,1,0.0,142.0,3,1.0,16
2014_17_PHI_NYG,NYG,292.0,2,292.0,2,1.0,164.0,1,0.0,16
2014_17_PHI_NYG,PHI,429.0,1,429.0,1,1.0,76.0,1,0.0,16
2014_17_SD_KC,KC,291.0,0,291.0,0,2.0,112.0,1,1.0,16
2014_17_SD_KC,LAC,157.0,0,157.0,1,0.0,111.0,0,0.0,16
2014_17_STL_SEA,LA,239.0,0,239.0,0,1.0,132.0,1,1.0,16
2014_17_STL_SEA,SEA,243.0,0,243.0,0,2.0,42.0,0,0.0,16
2015_01_BAL_DEN,BAL,175.0,0,175.0,0,1.0,69.0,0,0.0,17
2015_01_BAL_DEN,DEN,117.0,0,117.0,0,2.0,73.0,0,0.0,17
2015_01_CAR_JAX,CAR,183.0,1,183.0,1,2.0,96.0,0,1.0,17
2015_01_CAR_JAX,JAX,175.0,1,175.0,1,1.0,105.0,0,0.0,17
2015_01_CIN_OAK,CIN,203.0,2,203.0,2,1.0,63.0,0,1.0,17
2015_01_CIN_OAK,LV,269.0,2,269.0,2,0.0,127.0,2,0.0,17
2015_01_CLE_NYJ,CLE,179.0,2,179.0,2,1.0,154.0,2,0.0,17
2015_01_CLE_NYJ,NYJ,231.0,1,231.0,1,1.0,104.0,0,3.0,17
2015_01_DET_SD,DET,403.0,2,403.0,2,2.0,96.0,2,1.0,17
2015_01_DET_SD,LAC,246.0,2,246.0,2,2.0,69.0,1,0.0,17
2015_01_GB_CHI,CHI,189.0,3,189.0,3,0.0,133.0,1,0.0,17
2015_01_GB_CHI,GB,225.0,1,225.0,1,1.0,189.0,1,0.0,17
2015_01_IND_BUF,BUF,243.0,2,243.0,2,2.0,64.0,0,0.0,17
2015_01_IND_BUF,IND,195.0,1,195.0,1,0.0,147.0,2,0.0,17
2015_01_KC_HOU,HOU,243.0,3,243.0,3,0.0,97.0,0,0.0,17
2015_01_KC_HOU,KC,334.0,2,334.0,2,1.0,98.0,0,1.0,17
2015_01_MIA_WAS,MIA,196.0,1,196.0,1,2.0,161.0,0,0.0,17
2015_01_MIA_WAS,WAS,226.0,1,226.0,1,0.0,74.0,0,1.0,17
2015_01_MIN_SF,MIN,165.0,0,165.0,0,0.0,230.0,2,0.0,17
2015_01_MIN_SF,SF,231.0,0,231.0,0,1.0,71.0,0,0.0,17
2015_01_NO_ARI,ARI,355.0,1,355.0,1,1.0,54.0,0,0.0,17
2015_01_NO_ARI,NO,307.0,3,307.0,3,0.0,120.0,1,1.0,17
2015_01_NYG_DAL,DAL,189.0,0,189.0,0,0.0,99.0,1,0.0,17
2015_01_NYG_DAL,NYG,356.0,3,356.0,3,2.0,80.0,0,1.0,17
2015_01_PHI_ATL,ATL,336.0,1,336.0,1,2.0,63.0,2,0.0,17
2015_01_PHI_ATL,PHI,298.0,2,298.0,2,2.0,105.0,0,0.0,17
2015_01_PIT_NE,NE,351.0,1,351.0,1,1.0,134.0,1,0.0,17
2015_01_PIT_NE,PIT,288.0,4,288.0,4,0.0,80.0,0,0.0,17
2015_01_SEA_STL,LA,251.0,1,251.0,1,1.0,124.0,0,0.0,17
2015_01_SEA_STL,SEA,297.0,1,297.0,1,0.0,76.0,2,3.0,17
2015_01_TEN_TB,TB,209.0,4,209.0,4,0.0,124.0,1,1.0,17
2015_01_TEN_TB,TEN,210.0,2,210.0,2,2.0,92.0,0,0.0,17
2015_02_ARI_CHI,ARI,241.0,1,241.0,1,2.0,109.0,1,0.0,18
2015_02_ARI_CHI,CHI,185.0,4,185.0,4,1.0,115.0,1,0.0,18
2015_02_ATL_NYG,ATL,292.0,2,292.0,2,0.0,97.0,0,1.0,18
2015_02_ATL_NYG,NYG,363.0,1,363.0,1,0.0,56.0,2,0.0,18
2015_02_BAL_OAK,BAL,351.0,3,351.0,3,1.0,97.0,1,0.0,18
2015_02_BAL_OAK,LV,384.0,2,384.0,2,1.0,109.0,1,1.0,18
2015_02_DAL_PHI,DAL,224.0,1,224.0,1,2.0,7.0,0,1.0,18
2015_02_DAL_PHI,PHI,268.0,1,268.0,1,0.0,109.0,0,2.0,18
2015_02_DEN_KC,DEN,191.0,0,191.0,0,2.0,147.0,2,2.0,18
2015_02_DEN_KC,KC,256.0,3,256.0,3,1.0,61.0,0,0.0,18
2015_02_DET_MIN,DET,153.0,1,153.0,1,0.0,199.0,2,1.0,18
2015_02_DET_MIN,MIN,286.0,2,286.0,2,1.0,38.0,0,2.0,18
2015_02_HOU_CAR,CAR,244.0,1,244.0,1,1.0,61.0,1,0.0,18
2015_02_HOU_CAR,HOU,195.0,2,195.0,2,1.0,172.0,1,0.0,18
2015_02_MIA_JAX,JAX,359.0,2,359.0,2,0.0,42.0,0,0.0,18
2015_02_MIA_JAX,MIA,273.0,2,273.0,2,0.0,123.0,0,0.0,18
2015_02_NE_BUF,BUF,466.0,3,466.0,3,0.0,56.0,1,2.0,18
2015_02_NE_BUF,NE,242.0,3,242.0,3,3.0,160.0,2,0.0,18
2015_02_NYJ_IND,IND,244.0,2,244.0,2,1.0,101.0,0,0.0,18
2015_02_NYJ_IND,NYJ,250.0,1,250.0,1,3.0,93.0,0,2.0,18
2015_02_SD_CIN,CIN,241.0,2,241.0,2,1.0,131.0,0,1.0,18
2015_02_SD_CIN,LAC,214.0,3,214.0,3,0.0,175.0,0,2.0,18
2015_02_SEA_GB,GB,206.0,2,206.0,2,1.0,119.0,0,1.0,18
2015_02_SEA_GB,SEA,249.0,2,249.0,2,0.0,127.0,0,1.0,18
2015_02_SF_PIT,PIT,335.0,2,335.0,2,0.0,111.0,0,1.0,18
2015_02_SF_PIT,SF,369.0,3,369.0,3,0.0,84.0,3,0.0,18
2015_02_STL_WAS,LA,203.0,1,203.0,1,0.0,182.0,2,1.0,18
2015_02_STL_WAS,WAS,150.0,1,150.0,1,0.0,67.0,0,0.0,18
2015_02_TB_NO,NO,207.0,1,207.0,1,0.0,139.0,1,2.0,18
2015_02_TB_NO,TB,255.0,1,255.0,1,1.0,104.0,2,2.0,18
2015_02_TEN_CLE,CLE,257.0,2,257.0,2,0.0,166.0,0,3.0,18
2015_02_TEN_CLE,TEN,172.0,2,172.0,2,0.0,116.0,1,0.0,18
2015_03_ATL_DAL,ATL,232.0,0,232.0,0,1.0,127.0,4,0.0,19
2015_03_ATL_DAL,DAL,285.0,2,285.0,2,0.0,158.0,3,0.0,19
2015_03_BUF_MIA,BUF,297.0,2,297.0,2,3.0,102.0,0,0.0,19
2015_03_BUF_MIA,MIA,277.0,3,277.0,3,0.0,151.0,1,0.0,19
2015_03_CHI_SEA,CHI,235.0,1,235.0,1,0.0,159.0,0,0.0,19
2015_03_CHI_SEA,SEA,63.0,0,63.0,0,0.0,98.0,0,0.0,19
2015_03_CIN_BAL,BAL,383.0,3,383.0,3,1.0,86.0,1,1.0,19
2015_03_CIN_BAL,CIN,362.0,2,362.0,2,1.0,36.0,0,0.0,19
2015_03_DEN_DET,DEN,282.0,1,282.0,1,2.0,28.0,1,1.0,19
2015_03_DEN_DET,DET,324.0,2,324.0,2,1.0,41.0,1,1.0,19
2015_03_IND_TEN,IND,367.0,2,367.0,2,2.0,88.0,2,0.0,19
2015_03_IND_TEN,TEN,260.0,2,260.0,2,2.0,133.0,2,0.0,19
2015_03_JAX_NE,JAX,358.0,2,358.0,2,0.0,125.0,4,0.0,19
2015_03_JAX_NE,NE,242.0,2,242.0,2,1.0,57.0,0,0.0,19
2015_03_KC_GB,GB,290.0,1,290.0,1,1.0,75.0,3,0.0,19
2015_03_KC_GB,KC,333.0,5,333.0,5,0.0,123.0,0,0.0,19
2015_03_NO_CAR,CAR,310.0,0,310.0,0,1.0,70.0,2,1.0,19
2015_03_NO_CAR,NO,315.0,2,315.0,2,0.0,119.0,1,0.0,19
2015_03_OAK_CLE,CLE,314.0,2,314.0,2,0.0,155.0,1,1.0,19
2015_03_OAK_CLE,LV,341.0,2,341.0,2,1.0,39.0,0,0.0,19
2015_03_PHI_NYJ,NYJ,118.0,1,118.0,1,0.0,123.0,1,1.0,19
2015_03_PHI_NYJ,PHI,283.0,2,283.0,2,3.0,47.0,0,1.0,19
2015_03_PIT_STL,LA,230.0,0,230.0,0,1.0,62.0,1,0.0,19
2015_03_PIT_STL,PIT,197.0,0,197.0,0,1.0,71.0,0,0.0,19
2015_03_SD_MIN,LAC,121.0,0,121.0,0,1.0,163.0,3,0.0,19
2015_03_SD_MIN,MIN,309.0,2,309.0,2,1.0,90.0,0,1.0,19
2015_03_SF_ARI,ARI,67.0,0,67.0,0,4.0,103.0,1,0.0,19
2015_03_SF_ARI,SF,311.0,2,311.0,2,1.0,139.0,2,0.0,19
2015_03_TB_HOU,HOU,261.0,1,261.0,1,1.0,57.0,0,0.0,19
2015_03_TB_HOU,TB,228.0,1,228.0,1,1.0,186.0,1,0.0,19
2015_03_WAS_NYG,NYG,316.0,1,316.0,1,2.0,88.0,0,0.0,19
2015_03_WAS_NYG,WAS,279.0,2,279.0,2,0.0,84.0,1,0.0,19
2015_04_BAL_PIT,BAL,124.0,1,124.0,1,0.0,167.0,1,0.0,20
2015_04_BAL_PIT,PIT,186.0,1,186.0,1,1.0,191.0,1,1.0,20
2015_04_CAR_TB,CAR,287.0,2,287.0,2,4.0,141.0,1,0.0,20
2015_04_CAR_TB,TB,124.0,2,124.0,2,0.0,133.0,0,1.0,20
2015_04_CLE_SD,CLE,358.0,3,358.0,3,0.0,91.0,0,0.0,20
2015_04_CLE_SD,LAC,356.0,2,356.0,2,0.0,100.0,0,1.0,20
2015_04_DAL_NO,DAL,359.0,2,359.0,2,0.0,103.0,1,0.0,20
2015_04_DAL_NO,NO,246.0,1,246.0,1,0.0,115.0,1,0.0,20
2015_04_DET_SEA,DET,287.0,1,287.0,1,0.0,110.0,0,2.0,20
2015_04_DET_SEA,SEA,203.0,0,203.0,0,0.0,53.0,0,0.0,20
2015_04_GB_SF,GB,160.0,0,160.0,0,1.0,77.0,0,0.0,20
2015_04_GB_SF,SF,224.0,1,224.0,1,0.0,162.0,1,0.0,20
2015_04_HOU_ATL,ATL,382.0,2,382.0,2,1.0,54.0,1,3.0,20
2015_04_HOU_ATL,HOU,256.0,1,256.0,1,0.0,135.0,4,0.0,20
2015_04_JAX_IND,IND,298.0,1,298.0,1,0.0,142.0,0,0.0,20
2015_04_JAX_IND,JAX,282.0,1,282.0,1,0.0,60.0,0,2.0,20
2015_04_KC_CIN,CIN,386.0,0,386.0,0,0.0,113.0,0,1.0,20
2015_04_KC_CIN,KC,321.0,1,321.0,1,0.0,124.0,4,0.0,20
2015_04_MIN_DEN,DEN,269.0,1,269.0,1,0.0,113.0,1,1.0,20
2015_04_MIN_DEN,MIN,213.0,1,213.0,1,2.0,144.0,1,0.0,20
2015_04_NYG_BUF,BUF,212.0,3,212.0,3,1.0,92.0,0,0.0,20
2015_04_NYG_BUF,NYG,274.0,1,274.0,1,1.0,55.0,0,1.0,20
2015_04_NYJ_MIA,MIA,218.0,1,218.0,1,1.0,207.0,2,0.0,20
2015_04_NYJ_MIA,NYJ,198.0,2,198.0,2,2.0,59.0,0,0.0,20
2015_04_OAK_CHI,CHI,196.0,2,196.0,2,1.0,70.0,0,1.0,20
2015_04_OAK_CHI,LV,281.0,2,281.0,2,1.0,98.0,0,1.0,20
2015_04_PHI_WAS,PHI,290.0,1,290.0,1,0.0,127.0,1,1.0,20
2015_04_PHI_WAS,WAS,270.0,3,270.0,3,0.0,87.0,0,2.0,20
2015_04_STL_ARI,ARI,171.0,3,171.0,3,0.0,164.0,0,0.0,20
2015_04_STL_ARI,LA,352.0,1,352.0,1,1.0,113.0,0,1.0,20
2015_05_ARI_DET,ARI,379.0,2,379.0,2,4.0,56.0,0,2.0,21
2015_05_ARI_DET,DET,171.0,3,171.0,3,0.0,187.0,3,0.0,21
2015_05_BUF_TEN,BUF,187.0,0,187.0,0,1.0,97.0,1,0.0,21
2015_05_BUF_TEN,TEN,113.0,1,113.0,1,0.0,127.0,1,0.0,20
2015_05_CHI_KC,CHI,181.0,1,181.0,1,0.0,117.0,0,0.0,21
2015_05_CHI_KC,KC,252.0,2,252.0,2,0.0,87.0,0,1.0,21
2015_05_CLE_BAL,BAL,457.0,2,457.0,2,0.0,83.0,1,0.0,21
2015_05_CLE_BAL,CLE,210.0,1,210.0,1,0.0,181.0,3,0.0,21
2015_05_DEN_OAK,DEN,249.0,1,249.0,1,1.0,65.0,0,1.0,21
2015_05_DEN_OAK,LV,266.0,0,266.0,0,2.0,43.0,0,0.0,21
2015_05_IND_HOU,HOU,213.0,2,213.0,2,0.0,110.0,1,0.0,21
2015_05_IND_HOU,IND,362.0,2,362.0,2,2.0,82.0,0,0.0,21
2015_05_JAX_TB,JAX,209.0,1,209.0,1,0.0,183.0,2,0.0,21
2015_05_JAX_TB,TB,303.0,4,303.0,4,1.0,55.0,0,1.0,21
2015_05_NE_DAL,DAL,275.0,2,275.0,2,0.0,109.0,1,0.0,21
2015_05_NE_DAL,NE,187.0,0,187.0,0,1.0,102.0,0,1.0,20
2015_05_NO_PHI,NO,333.0,2,333.0,2,2.0,186.0,2,0.0,21
2015_05_NO_PHI,PHI,335.0,2,335.0,2,1.0,96.0,0,3.0,21
2015_05_PIT_SD,LAC,203.0,1,203.0,1,1.0,155.0,1,0.0,21
2015_05_PIT_SD,PIT,365.0,2,365.0,2,1.0,52.0,0,1.0,21
2015_05_SEA_CIN,CIN,213.0,1,213.0,1,1.0,200.0,1,0.0,21
2015_05_SEA_CIN,SEA,331.0,2,331.0,2,1.0,109.0,1,1.0,21
2015_05_SF_NYG,NYG,262.0,2,262.0,2,0.0,124.0,1,0.0,21
2015_05_SF_NYG,SF,441.0,3,441.0,3,1.0,84.0,0,0.0,21
2015_05_STL_GB,GB,161.0,1,161.0,1,4.0,191.0,0,0.0,21
2015_05_STL_GB,LA,241.0,2,241.0,2,2.0,86.0,0,1.0,21
2015_05_WAS_ATL,ATL,219.0,1,219.0,1,2.0,51.0,1,0.0,21
2015_05_WAS_ATL,WAS,254.0,0,254.0,0,2.0,176.0,1,1.0,21
2015_06_ARI_PIT,ARI,174.0,2,174.0,2,0.0,141.0,0,0.0,22
2015_06_ARI_PIT,PIT,421.0,1,421.0,1,2.0,55.0,0,1.0,22
2015_06_ATL_NO,ATL,312.0,1,312.0,1,0.0,81.0,2,0.0,22
2015_06_ATL_NO,NO,295.0,2,295.0,2,0.0,150.0,1,2.0,22
2015_06_BAL_SF,BAL,340.0,2,340.0,2,0.0,65.0,0,0.0,22
2015_06_BAL_SF,SF,343.0,2,343.0,2,2.0,77.0,0,0.0,22
2015_06_CAR_SEA,CAR,243.0,1,241.0,1,0.0,115.0,1,0.0,21
2015_06_CAR_SEA,SEA,269.0,1,269.0,1,2.0,135.0,3,0.0,22
2015_06_CHI_DET,CHI,405.0,4,405.0,4,1.0,155.0,0,0.0,22
2015_06_CHI_DET,DET,353.0,1,353.0,1,1.0,91.0,2,0.0,22
2015_06_CIN_BUF,BUF,243.0,3,243.0,3,0.0,112.0,1,0.0,22
2015_06_CIN_BUF,CIN,263.0,1,263.0,1,1.0,112.0,2,0.0,22
2015_06_DEN_CLE,CLE,290.0,1,290.0,1,3.0,152.0,0,0.0,22
2015_06_DEN_CLE,DEN,213.0,2,213.0,2,2.0,109.0,0,1.0,22
2015_06_HOU_JAX,HOU,331.0,3,331.0,3,3.0,83.0,0,0.0,22
2015_06_HOU_JAX,JAX,293.0,3,293.0,3,0.0,95.0,0,0.0,22
2015_06_KC_MIN,KC,249.0,1,249.0,1,2.0,84.0,0,0.0,22
2015_06_KC_MIN,MIN,282.0,1,282.0,1,0.0,57.0,0,1.0,21
2015_06_MIA_TEN,MIA,282.0,1,282.0,1,2.0,63.0,0,2.0,21
2015_06_MIA_TEN,TEN,266.0,2,266.0,2,2.0,180.0,2,0.0,21
2015_06_NE_IND,IND,312.0,3,312.0,3,1.0,116.0,1,0.0,22
2015_06_NE_IND,NE,312.0,3,312.0,3,0.0,120.0,0,0.0,21
2015_06_NYG_PHI,NYG,280.0,1,280.0,1,3.0,158.0,1,1.0,22
2015_06_NYG_PHI,PHI,189.0,1,189.0,1,2.0,81.0,0,1.0,22
2015_06_SD_GB,GB,503.0,2,503.0,2,0.0,60.0,0,1.0,22
2015_06_SD_GB,LAC,255.0,2,255.0,2,0.0,133.0,1,0.0,22
2015_06_WAS_NYJ,NYJ,196.0,1,196.0,1,2.0,34.0,0,0.0,21
2015_06_WAS_NYJ,WAS,253.0,2,253.0,2,1.0,221.0,2,2.0,22
2015_07_ATL_TEN,ATL,187.0,1,187.0,1,2.0,77.0,0,0.0,23
2015_07_ATL_TEN,TEN,251.0,1,251.0,1,2.0,127.0,0,0.0,22
2015_07_BAL_ARI,ARI,252.0,1,252.0,1,1.0,55.0,1,0.0,23
2015_07_BAL_ARI,BAL,275.0,2,275.0,2,0.0,150.0,1,0.0,23
2015_07_BUF_JAX,BUF,182.0,2,182.0,2,1.0,120.0,1,0.0,23
2015_07_BUF_JAX,JAX,298.0,2,298.0,2,2.0,115.0,0,2.0,23
2015_07_CLE_STL,CLE,163.0,0,163.0,0,0.0,158.0,2,1.0,23
2015_07_CLE_STL,LA,297.0,0,297.0,0,0.0,82.0,0,4.0,22
2015_07_DAL_NYG,DAL,170.0,0,170.0,0,0.0,132.0,1,0.0,22
2015_07_DAL_NYG,NYG,227.0,1,227.0,1,3.0,233.0,1,0.0,23
2015_07_HOU_MIA,HOU,296.0,4,296.0,4,0.0,248.0,1,1.0,23
2015_07_HOU_MIA,MIA,273.0,3,273.0,3,1.0,71.0,1,0.0,22
2015_07_MIN_DET,DET,316.0,2,316.0,2,0.0,140.0,0,1.0,23
2015_07_MIN_DET,MIN,256.0,2,256.0,2,0.0,77.0,0,0.0,22
2015_07_NO_IND,IND,280.0,1,280.0,1,1.0,183.0,3,0.0,23
2015_07_NO_IND,NO,333.0,3,333.0,3,2.0,75.0,0,0.0,23
2015_07_NYJ_NE,NE,295.0,2,295.0,2,0.0,89.0,0,1.0,22
2015_07_NYJ_NE,NYJ,355.0,2,355.0,2,0.0,16.0,1,0.0,22
2015_07_OAK_SD,LAC,289.0,3,289.0,3,0.0,130.0,1,0.0,23
2015_07_OAK_SD,LV,336.0,3,336.0,3,2.0,90.0,0,0.0,22
2015_07_PHI_CAR,CAR,205.0,0,205.0,0,1.0,177.0,1,0.0,22
2015_07_PHI_CAR,PHI,197.0,1,197.0,1,3.0,204.0,2,0.0,23
2015_07_PIT_KC,KC,209.0,1,209.0,1,2.0,147.0,0,1.0,23
2015_07_PIT_KC,PIT,251.0,1,251.0,1,0.0,138.0,1,0.0,23
2015_07_SEA_SF,SEA,124.0,0,124.0,0,0.0,61.0,0,0.0,23
2015_07_SEA_SF,SF,235.0,1,235.0,1,2.0,176.0,1,0.0,23
2015_07_TB_WAS,TB,317.0,3,317.0,3,0.0,50.0,1,1.0,22
2015_07_TB_WAS,WAS,297.0,2,297.0,2,0.0,190.0,0,1.0,23
2015_08_ARI_CLE,ARI,223.0,3,223.0,3,1.0,39.0,0,1.0,24
2015_08_ARI_CLE,CLE,374.0,4,374.0,4,1.0,119.0,0,3.0,24
2015_08_CIN_PIT,CIN,262.0,1,262.0,1,3.0,116.0,0,0.0,23
2015_08_CIN_PIT,PIT,231.0,1,231.0,1,2.0,78.0,0,0.0,24
2015_08_DET_KC,DET,149.0,2,149.0,2,0.0,206.0,4,0.0,24
2015_08_DET_KC,KC,227.0,1,227.0,1,2.0,81.0,0,0.0,24
2015_08_GB_DEN,DEN,77.0,0,77.0,0,0.0,90.0,1,0.0,23
2015_08_GB_DEN,GB,340.0,0,340.0,0,1.0,160.0,3,0.0,23
2015_08_IND_CAR,CAR,231.0,2,231.0,2,3.0,136.0,0,0.0,23
2015_08_IND_CAR,IND,248.0,2,248.0,2,1.0,140.0,1,2.0,24
2015_08_MIA_NE,MIA,356.0,4,356.0,4,0.0,95.0,0,0.0,23
2015_08_MIA_NE,NE,300.0,0,300.0,0,2.0,15.0,1,0.0,23
2015_08_MIN_CHI,CHI,187.0,1,187.0,1,1.0,147.0,0,0.0,23
2015_08_MIN_CHI,MIN,211.0,1,211.0,1,0.0,97.0,1,0.0,23
2015_08_NYG_NO,NO,350.0,6,350.0,6,0.0,87.0,0,1.0,24
2015_08_NYG_NO,NYG,505.0,7,505.0,7,2.0,103.0,0,0.0,24
2015_08_NYJ_OAK,LV,311.0,2,311.0,2,1.0,74.0,0,0.0,23
2015_08_NYJ_OAK,NYJ,333.0,4,333.0,4,0.0,118.0,0,0.0,23
2015_08_SD_BAL,BAL,301.0,3,301.0,3,0.0,81.0,0,0.0,24
2015_08_SD_BAL,LAC,319.0,1,319.0,1,0.0,72.0,1,0.0,24
2015_08_SEA_DAL,DAL,210.0,1,210.0,1,1.0,113.0,0,0.0,23
2015_08_SEA_DAL,SEA,97.0,0,97.0,0,0.0,129.0,0,0.0,24
2015_08_SF_STL,LA,162.0,0,162.0,0,0.0,38.0,0,0.0,23
2015_08_SF_STL,SF,191.0,1,191.0,1,0.0,197.0,2,1.0,24
2015_08_TB_ATL,ATL,177.0,1,177.0,1,0.0,117.0,1,0.0,24
2015_08_TB_ATL,TB,397.0,2,397.0,2,1.0,101.0,0,2.0,23
2015_08_TEN_HOU,HOU,171.0,0,171.0,0,1.0,86.0,0,1.0,24
2015_08_TEN_HOU,TEN,235.0,2,235.0,2,0.0,56.0,0,0.0,23
2015_09_ATL_SF,ATL,185.0,2,185.0,2,2.0,133.0,0,0.0,25
2015_09_ATL_SF,SF,303.0,1,303.0,1,0.0,17.0,0,0.0,25
2015_09_CHI_SD,CHI,280.0,1,280.0,1,0.0,77.0,0,1.0,24
2015_09_CHI_SD,LAC,345.0,2,345.0,2,1.0,109.0,1,1.0,25
2015_09_CLE_CIN,CIN,168.0,1,168.0,1,0.0,69.0,0,0.0,24
2015_09_CLE_CIN,CLE,234.0,3,234.0,3,0.0,152.0,1,0.0,25
2015_09_DEN_IND,DEN,252.0,2,252.0,2,0.0,120.0,1,0.0,24
2015_09_DEN_IND,IND,281.0,2,281.0,2,2.0,35.0,0,0.0,25
2015_09_GB_CAR,CAR,381.0,4,369.0,4,1.0,71.0,0,1.0,24
2015_09_GB_CAR,GB,297.0,3,297.0,3,1.0,130.0,1,0.0,24
2015_09_JAX_NYJ,JAX,272.0,2,272.0,2,0.0,29.0,2,0.0,24
2015_09_JAX_NYJ,NYJ,381.0,2,381.0,2,2.0,98.0,0,1.0,24
2015_09_MIA_BUF,BUF,316.0,0,316.0,0,0.0,108.0,2,1.0,24
2015_09_MIA_BUF,MIA,181.0,1,181.0,1,0.0,266.0,3,0.0,24
2015_09_NYG_TB,NYG,247.0,0,247.0,0,0.0,136.0,1,3.0,25
2015_09_NYG_TB,TB,213.0,2,213.0,2,2.0,114.0,0,0.0,24
2015_09_OAK_PIT,LV,413.0,2,413.0,2,1.0,195.0,2,0.0,24
2015_09_OAK_PIT,PIT,301.0,4,301.0,4,1.0,139.0,1,1.0,25
2015_09_PHI_DAL,DAL,295.0,1,295.0,1,0.0,172.0,2,0.0,24
2015_09_PHI_DAL,PHI,299.0,3,299.0,3,1.0,134.0,0,0.0,24
2015_09_STL_MIN,LA,159.0,0,159.0,0,1.0,145.0,2,0.0,24
2015_09_STL_MIN,MIN,168.0,0,168.0,0,0.0,160.0,1,0.0,24
2015_09_TEN_NO,NO,371.0,4,371.0,4,0.0,112.0,0,1.0,25
2015_09_TEN_NO,TEN,387.0,3,387.0,3,1.0,61.0,1,0.0,24
2015_09_WAS_NE,NE,217.0,1,217.0,1,1.0,37.0,0,1.0,24
2015_09_WAS_NE,WAS,299.0,2,299.0,2,1.0,161.0,1,1.0,24
2015_10_ARI_SEA,ARI,240.0,1,240.0,1,1.0,115.0,2,0.0,25
2015_10_ARI_SEA,SEA,363.0,3,363.0,3,1.0,117.0,1,2.0,25
2015_10_BUF_NYJ,BUF,193.0,2,193.0,2,2.0,128.0,0,1.0,25
2015_10_BUF_NYJ,NYJ,158.0,1,158.0,1,0.0,148.0,0,0.0,25
2015_10_CAR_TEN,CAR,185.0,0,185.0,0,1.0,64.0,1,1.0,25
2015_10_CAR_TEN,TEN,217.0,1,217.0,1,0.0,119.0,2,0.0,25
2015_10_CHI_STL,CHI,200.0,0,200.0,0,1.0,94.0,1,1.0,25
2015_10_CHI_STL,LA,258.0,3,258.0,3,0.0,153.0,1,1.0,25
2015_10_CLE_PIT,CLE,402.0,3,402.0,3,1.0,60.0,0,1.0,26
2015_10_CLE_PIT,PIT,372.0,1,372.0,1,1.0,15.0,0,2.0,26
2015_10_DAL_TB,DAL,264.0,0,264.0,0,2.0,84.0,1,0.0,25
2015_10_DAL_TB,TB,186.0,0,186.0,0,1.0,42.0,0,0.0,25
2015_10_DET_GB,DET,333.0,2,333.0,2,0.0,47.0,0,0.0,25
2015_10_DET_GB,GB,242.0,2,242.0,2,1.0,45.0,0,0.0,25
2015_10_HOU_CIN,CIN,192.0,1,192.0,1,1.0,82.0,0,0.0,25
2015_10_HOU_CIN,HOU,197.0,0,197.0,0,1.0,74.0,0,1.0,25
2015_10_JAX_BAL,BAL,188.0,2,188.0,2,1.0,90.0,0,0.0,25
2015_10_JAX_BAL,JAX,316.0,3,316.0,3,2.0,89.0,0,1.0,25
2015_10_KC_DEN,DEN,204.0,1,204.0,1,0.0,106.0,1,0.0,25
2015_10_KC_DEN,KC,181.0,1,181.0,1,5.0,69.0,1,0.0,25
2015_10_MIA_PHI,MIA,392.0,1,392.0,1,1.0,83.0,1,0.0,25
2015_10_MIA_PHI,PHI,217.0,2,217.0,2,0.0,99.0,0,0.0,25
2015_10_MIN_OAK,LV,140.0,1,140.0,1,0.0,263.0,1,0.0,25
2015_10_MIN_OAK,MIN,302.0,2,302.0,2,2.0,84.0,0,0.0,25
2015_10_NE_NYG,NE,361.0,2,361.0,2,0.0,80.0,0,1.0,25
2015_10_NE_NYG,NYG,334.0,2,334.0,2,1.0,77.0,1,1.0,26
2015_10_NO_WAS,NO,324.0,4,324.0,4,0.0,209.0,0,0.0,26
2015_10_NO_WAS,WAS,209.0,2,209.0,2,2.0,158.0,0,0.0,25
2015_11_BUF_NE,BUF,277.0,1,277.0,1,1.0,85.0,1,0.0,26
2015_11_BUF_NE,NE,233.0,0,233.0,0,0.0,94.0,1,0.0,26
2015_11_CIN_ARI,ARI,315.0,2,315.0,2,0.0,99.0,2,1.0,26
2015_11_CIN_ARI,CIN,317.0,4,317.0,4,2.0,82.0,0,0.0,26
2015_11_DAL_MIA,DAL,188.0,2,188.0,2,1.0,70.0,0,0.0,26
2015_11_DAL_MIA,MIA,227.0,2,227.0,2,2.0,166.0,0,0.0,26
2015_11_DEN_CHI,CHI,250.0,2,250.0,2,0.0,170.0,0,0.0,26
2015_11_DEN_CHI,DEN,265.0,0,265.0,0,1.0,86.0,1,1.0,26
2015_11_GB_MIN,GB,296.0,1,296.0,1,0.0,94.0,1,1.0,26
2015_11_GB_MIN,MIN,212.0,2,212.0,2,0.0,124.0,0,0.0,26
2015_11_IND_ATL,ATL,213.0,2,213.0,2,2.0,74.0,0,1.0,26
2015_11_IND_ATL,IND,280.0,3,280.0,3,3.0,100.0,0,1.0,26
2015_11_KC_SD,KC,178.0,0,178.0,0,1.0,52.0,0,0.0,26
2015_11_KC_SD,LAC,253.0,0,253.0,0,0.0,153.0,3,0.0,26
2015_11_NYJ_HOU,HOU,216.0,1,216.0,1,2.0,70.0,1,0.0,26
2015_11_NYJ_HOU,NYJ,250.0,3,250.0,3,0.0,123.0,0,1.0,26
2015_11_OAK_DET,DET,169.0,0,169.0,0,0.0,52.0,1,0.0,26
2015_11_OAK_DET,LV,282.0,0,282.0,0,0.0,109.0,1,0.0,26
2015_11_SF_SEA,SEA,264.0,1,264.0,1,0.0,59.0,0,0.0,26
2015_11_SF_SEA,SF,260.0,3,260.0,3,0.0,255.0,1,0.0,26
2015_11_STL_BAL,BAL,136.0,1,136.0,1,0.0,82.0,1,3.0,26
2015_11_STL_BAL,LA,299.0,1,299.0,1,2.0,96.0,0,0.0,26
2015_11_TB_PHI,PHI,246.0,5,246.0,5,0.0,283.0,0,0.0,26
2015_11_TB_PHI,TB,261.0,2,261.0,2,3.0,136.0,0,1.0,26
2015_11_TEN_JAX,JAX,231.0,0,231.0,0,0.0,104.0,1,1.0,26
2015_11_TEN_JAX,TEN,242.0,1,242.0,1,1.0,90.0,0,1.0,26
2015_11_WAS_CAR,CAR,207.0,1,207.0,1,1.0,14.0,0,4.0,26
2015_11_WAS_CAR,WAS,246.0,5,246.0,5,0.0,142.0,0,0.0,26
2015_12_ARI_SF,ARI,318.0,1,318.0,1,1.0,67.0,0,0.0,27
2015_12_ARI_SF,SF,271.0,0,271.0,0,0.0,70.0,2,0.0,27
2015_12_BAL_CLE,BAL,289.0,2,289.0,2,0.0,63.0,0,0.0,27
2015_12_BAL_CLE,CLE,232.0,2,232.0,2,2.0,104.0,0,0.0,27
2015_12_BUF_KC,BUF,255.0,2,255.0,2,0.0,158.0,1,0.0,27
2015_12_BUF_KC,KC,291.0,3,291.0,3,0.0,129.0,0,2.0,27
2015_12_CAR_DAL,CAR,199.0,1,199.0,1,3.0,31.0,0,0.0,27
2015_12_CAR_DAL,DAL,183.0,0,183.0,0,0.0,129.0,1,0.0,27
2015_12_CHI_GB,CHI,202.0,1,202.0,1,1.0,177.0,0,1.0,27
2015_12_CHI_GB,GB,200.0,1,200.0,1,0.0,101.0,1,0.0,27
2015_12_MIA_NYJ,MIA,277.0,4,277.0,4,0.0,137.0,1,0.0,27
2015_12_MIA_NYJ,NYJ,351.0,3,351.0,3,1.0,12.0,0,1.0,27
2015_12_MIN_ATL,ATL,174.0,0,174.0,0,1.0,191.0,2,0.0,27
2015_12_MIN_ATL,MIN,230.0,1,230.0,1,2.0,116.0,0,1.0,27
2015_12_NE_DEN,DEN,280.0,3,280.0,3,0.0,39.0,0,0.0,27
2015_12_NE_DEN,NE,270.0,1,270.0,1,1.0,179.0,3,0.0,27
2015_12_NO_HOU,HOU,228.0,0,228.0,0,1.0,50.0,0,0.0,27
2015_12_NO_HOU,NO,205.0,2,205.0,2,1.0,167.0,1,0.0,27
2015_12_NYG_WAS,NYG,302.0,1,302.0,1,0.0,105.0,1,0.0,27
2015_12_NYG_WAS,WAS,325.0,2,321.0,2,3.0,33.0,0,0.0,27
2015_12_OAK_TEN,LV,218.0,3,218.0,3,2.0,44.0,0,0.0,27
2015_12_OAK_TEN,TEN,342.0,3,330.0,3,0.0,84.0,0,1.0,27
2015_12_PHI_DET,DET,199.0,2,199.0,2,0.0,68.0,0,1.0,27
2015_12_PHI_DET,PHI,337.0,5,337.0,5,0.0,108.0,1,0.0,27
2015_12_PIT_SEA,PIT,345.0,5,345.0,5,0.0,100.0,1,0.0,27
2015_12_PIT_SEA,SEA,490.0,1,490.0,1,4.0,58.0,2,0.0,27
2015_12_SD_JAX,JAX,300.0,4,300.0,4,0.0,79.0,0,0.0,27
2015_12_SD_JAX,LAC,329.0,2,329.0,2,1.0,102.0,0,0.0,27
2015_12_STL_CIN,CIN,259.0,0,259.0,0,3.0,94.0,1,0.0,27
2015_12_STL_CIN,LA,236.0,3,236.0,3,1.0,140.0,0,0.0,27
2015_12_TB_IND,IND,245.0,1,245.0,1,1.0,132.0,0,0.0,27
2015_12_TB_IND,TB,315.0,2,315.0,2,0.0,27.0,0,0.0,27
2015_13_ARI_STL,ARI,146.0,0,146.0,0,1.0,66.0,0,0.0,28
2015_13_ARI_STL,LA,362.0,2,362.0,2,0.0,175.0,1,0.0,28
2015_13_ATL_TB,ATL,227.0,1,227.0,1,1.0,166.0,2,1.0,28
2015_13_ATL_TB,TB,269.0,1,269.0,1,1.0,64.0,0,0.0,28
2015_13_BAL_MIA,BAL,86.0,1,86.0,1,0.0,137.0,0,1.0,28
2015_13_BAL_MIA,MIA,308.0,1,308.0,1,2.0,94.0,0,0.0,28
2015_13_CAR_NO,CAR,282.0,3,282.0,3,1.0,70.0,1,0.0,28
2015_13_CAR_NO,NO,331.0,5,331.0,5,1.0,175.0,1,2.0,28
2015_13_CIN_CLE,CIN,230.0,0,230.0,0,1.0,68.0,0,1.0,28
2015_13_CIN_CLE,CLE,239.0,2,239.0,2,0.0,144.0,2,0.0,28
2015_13_DAL_WAS,DAL,219.0,1,219.0,1,0.0,73.0,0,0.0,28
2015_13_DAL_WAS,WAS,223.0,0,223.0,0,0.0,97.0,1,3.0,28
2015_13_DEN_SD,DEN,202.0,0,202.0,0,1.0,93.0,0,2.0,28
2015_13_DEN_SD,LAC,166.0,1,166.0,1,1.0,134.0,0,0.0,28
2015_13_GB_DET,DET,289.0,2,273.0,2,1.0,67.0,1,0.0,28
2015_13_GB_DET,GB,220.0,2,220.0,2,0.0,101.0,0,1.0,28
2015_13_HOU_BUF,BUF,293.0,3,293.0,3,1.0,126.0,0,0.0,28
2015_13_HOU_BUF,HOU,211.0,3,211.0,3,0.0,187.0,1,0.0,28
2015_13_IND_PIT,IND,364.0,4,364.0,4,0.0,158.0,0,1.0,28
2015_13_IND_PIT,PIT,220.0,1,220.0,1,2.0,54.0,0,1.0,28
2015_13_JAX_TEN,JAX,268.0,3,268.0,3,1.0,210.0,2,1.0,28
2015_13_JAX_TEN,TEN,322.0,5,322.0,5,0.0,81.0,1,0.0,28
2015_13_KC_OAK,KC,283.0,2,283.0,2,3.0,99.0,1,0.0,28
2015_13_KC_OAK,LV,162.0,2,162.0,2,0.0,89.0,2,2.0,28
2015_13_NYJ_NYG,NYG,390.0,2,390.0,2,0.0,90.0,0,1.0,28
2015_13_NYJ_NYG,NYJ,297.0,1,297.0,1,1.0,74.0,0,0.0,28
2015_13_PHI_NE,NE,120.0,2,120.0,2,0.0,128.0,0,1.0,28
2015_13_PHI_NE,PHI,348.0,3,348.0,3,2.0,103.0,1,0.0,28
2015_13_SEA_MIN,MIN,274.0,3,274.0,3,0.0,173.0,2,1.0,28
2015_13_SEA_MIN,SEA,118.0,0,118.0,0,1.0,31.0,0,0.0,28
2015_13_SF_CHI,CHI,196.0,1,196.0,1,0.0,121.0,2,0.0,28
2015_13_SF_CHI,SF,202.0,0,202.0,0,1.0,170.0,2,0.0,28
2015_14_ATL_CAR,ATL,301.0,3,301.0,3,0.0,142.0,2,0.0,29
2015_14_ATL_CAR,CAR,235.0,0,235.0,0,2.0,54.0,0,2.0,29
2015_14_BUF_PHI,BUF,247.0,1,247.0,1,1.0,116.0,1,0.0,29
2015_14_BUF_PHI,PHI,268.0,1,268.0,1,1.0,152.0,1,0.0,29
2015_14_DAL_GB,DAL,218.0,2,218.0,2,0.0,230.0,2,0.0,29
2015_14_DAL_GB,GB,114.0,0,114.0,0,1.0,171.0,1,0.0,29
2015_14_DET_STL,DET,124.0,0,124.0,0,1.0,203.0,2,0.0,29
2015_14_DET_STL,LA,245.0,2,245.0,2,1.0,111.0,0,0.0,29
2015_14_IND_JAX,IND,250.0,3,250.0,3,0.0,154.0,2,2.0,29
2015_14_IND_JAX,JAX,260.0,0,260.0,0,1.0,95.0,0,1.0,29
2015_14_MIN_ARI,ARI,335.0,1,335.0,1,0.0,72.0,1,3.0,29
2015_14_MIN_ARI,MIN,310.0,2,310.0,2,0.0,97.0,0,0.0,29
2015_14_NE_HOU,HOU,226.0,2,226.0,2,0.0,116.0,1,0.0,29
2015_14_NE_HOU,NE,159.0,0,159.0,0,0.0,87.0,0,1.0,29
2015_14_NO_TB,NO,182.0,1,182.0,1,0.0,115.0,1,0.0,29
2015_14_NO_TB,TB,312.0,2,312.0,2,0.0,87.0,1,0.0,29
2015_14_NYG_MIA,MIA,337.0,4,337.0,4,0.0,92.0,0,1.0,29
2015_14_NYG_MIA,NYG,236.0,1,236.0,1,0.0,128.0,2,1.0,29
2015_14_OAK_DEN,DEN,135.0,2,135.0,2,0.0,27.0,0,0.0,29
2015_14_OAK_DEN,LV,308.0,0,308.0,0,0.0,34.0,0,1.0,29
2015_14_PIT_CIN,CIN,282.0,0,282.0,0,1.0,84.0,2,0.0,29
2015_14_PIT_CIN,PIT,339.0,2,339.0,2,3.0,64.0,0,0.0,29
2015_14_SD_KC,KC,263.0,0,263.0,0,1.0,44.0,0,0.0,29
2015_14_SD_KC,LAC,191.0,1,191.0,1,1.0,150.0,0,0.0,29
2015_14_SEA_BAL,BAL,301.0,5,301.0,5,0.0,123.0,0,1.0,29
2015_14_SEA_BAL,SEA,274.0,0,274.0,0,1.0,28.0,0,1.0,29
2015_14_SF_CLE,CLE,194.0,1,194.0,1,0.0,71.0,0,0.0,29
2015_14_SF_CLE,SF,270.0,1,270.0,1,1.0,230.0,2,1.0,29
2015_14_TEN_NYJ,NYJ,315.0,1,315.0,1,1.0,24.0,0,0.0,29
2015_14_TEN_NYJ,TEN,263.0,3,263.0,3,0.0,183.0,0,0.0,29
2015_14_WAS_CHI,CHI,300.0,1,300.0,1,1.0,99.0,2,0.0,29
2015_14_WAS_CHI,WAS,315.0,2,315.0,2,0.0,87.0,1,1.0,29
2015_15_ARI_PHI,ARI,361.0,2,361.0,2,2.0,74.0,0,2.0,30
2015_15_ARI_PHI,PHI,274.0,1,274.0,1,0.0,230.0,3,0.0,30
2015_15_ATL_JAX,ATL,297.0,1,297.0,1,1.0,85.0,1,0.0,30
2015_15_ATL_JAX,JAX,246.0,1,246.0,1,1.0,83.0,1,0.0,30
2015_15_BUF_WAS,BUF,319.0,4,319.0,4,0.0,123.0,1,0.0,30
2015_15_BUF_WAS,WAS,235.0,2,235.0,2,0.0,240.0,1,0.0,30
2015_15_CAR_NYG,CAR,245.0,4,245.0,4,1.0,161.0,1,1.0,30
2015_15_CAR_NYG,NYG,340.0,5,340.0,5,0.0,171.0,0,1.0,30
2015_15_CHI_MIN,CHI,231.0,4,231.0,4,0.0,129.0,1,0.0,30
2015_15_CHI_MIN,MIN,231.0,2,231.0,2,1.0,94.0,0,1.0,30
2015_15_CIN_SF,CIN,295.0,1,295.0,1,3.0,55.0,1,1.0,30
2015_15_CIN_SF,SF,192.0,1,192.0,1,0.0,68.0,2,1.0,30
2015_15_CLE_SEA,CLE,249.0,3,249.0,3,0.0,182.0,0,0.0,30
2015_15_CLE_SEA,SEA,161.0,1,161.0,1,1.0,94.0,0,0.0,30
2015_15_DEN_PIT,DEN,380.0,3,380.0,3,2.0,23.0,1,0.0,30
2015_15_DEN_PIT,PIT,296.0,3,296.0,3,1.0,104.0,1,1.0,30
2015_15_DET_NO,DET,341.0,3,341.0,3,0.0,69.0,0,0.0,30
2015_15_DET_NO,NO,254.0,3,254.0,3,0.0,150.0,2,1.0,30
2015_15_GB_OAK,GB,276.0,2,276.0,2,2.0,120.0,0,0.0,30
2015_15_GB_OAK,LV,204.0,1,204.0,1,1.0,103.0,1,1.0,30
2015_15_HOU_IND,HOU,160.0,1,160.0,1,1.0,50.0,0,1.0,30
2015_15_HOU_IND,IND,173.0,1,173.0,1,1.0,155.0,0,1.0,30
2015_15_KC_BAL,BAL,171.0,1,171.0,1,0.0,113.0,1,0.0,30
2015_15_KC_BAL,KC,281.0,2,281.0,2,2.0,93.0,0,1.0,30
2015_15_MIA_SD,LAC,216.0,0,216.0,0,0.0,44.0,2,0.0,30
2015_15_MIA_SD,MIA,311.0,3,311.0,3,2.0,140.0,1,0.0,30
2015_15_NYJ_DAL,DAL,299.0,1,299.0,1,1.0,73.0,1,0.0,30
2015_15_NYJ_DAL,NYJ,195.0,1,195.0,1,4.0,133.0,0,0.0,30
2015_15_TB_STL,LA,363.0,2,363.0,2,1.0,146.0,0,1.0,30
2015_15_TB_STL,TB,234.0,2,234.0,2,0.0,98.0,2,0.0,30
2015_15_TEN_NE,NE,274.0,2,274.0,2,2.0,59.0,0,1.0,30
2015_15_TEN_NE,TEN,267.0,2,267.0,2,0.0,93.0,0,0.0,30
2015_16_CAR_ATL,ATL,142.0,0,142.0,0,0.0,155.0,1,1.0,31
2015_16_CAR_ATL,CAR,306.0,1,306.0,1,0.0,77.0,1,1.0,31
2015_16_CHI_TB,CHI,295.0,2,295.0,2,1.0,104.0,1,2.0,31
2015_16_CHI_TB,TB,156.0,1,156.0,1,0.0,174.0,1,0.0,31
2015_16_CIN_DEN,CIN,299.0,1,299.0,1,0.0,113.0,1,1.0,31
2015_16_CIN_DEN,DEN,200.0,1,200.0,1,0.0,108.0,1,1.0,31
2015_16_CLE_KC,CLE,125.0,2,125.0,2,1.0,136.0,0,0.0,31
2015_16_CLE_KC,KC,136.0,0,136.0,0,1.0,232.0,1,0.0,31
2015_16_DAL_BUF,BUF,186.0,0,186.0,0,1.0,121.0,0,0.0,31
2015_16_DAL_BUF,DAL,179.0,0,179.0,0,1.0,236.0,2,1.0,31
2015_16_GB_ARI,ARI,155.0,1,155.0,1,1.0,101.0,0,3.0,31
2015_16_GB_ARI,GB,269.0,2,269.0,2,1.0,121.0,1,1.0,31
2015_16_HOU_TEN,HOU,234.0,1,234.0,1,1.0,30.0,0,2.0,31
2015_16_HOU_TEN,TEN,207.0,2,207.0,2,0.0,128.0,1,1.0,31
2015_16_IND_MIA,IND,329.0,0,329.0,0,1.0,82.0,1,0.0,31
2015_16_IND_MIA,MIA,177.0,0,177.0,0,0.0,100.0,2,0.0,31
2015_16_JAX_NO,JAX,412.0,3,412.0,3,0.0,135.0,2,0.0,31
2015_16_JAX_NO,NO,368.0,4,368.0,4,2.0,65.0,0,0.0,31
2015_16_NE_NYJ,NE,296.0,3,296.0,3,0.0,143.0,0,1.0,31
2015_16_NE_NYJ,NYJ,231.0,1,231.0,1,1.0,63.0,0,0.0,31
2015_16_NYG_MIN,MIN,302.0,2,302.0,2,3.0,91.0,0,0.0,31
2015_16_NYG_MIN,NYG,168.0,1,168.0,1,0.0,218.0,3,0.0,31
2015_16_PIT_BAL,BAL,223.0,0,220.0,0,2.0,110.0,2,0.0,31
2015_16_PIT_BAL,PIT,274.0,1,274.0,1,0.0,121.0,1,0.0,31
2015_16_SD_OAK,LAC,204.0,1,204.0,1,1.0,106.0,1,0.0,31
2015_16_SD_OAK,LV,277.0,1,277.0,1,0.0,72.0,1,1.0,31
2015_16_SF_DET,DET,225.0,2,225.0,2,0.0,121.0,0,1.0,31
2015_16_SF_DET,SF,301.0,2,301.0,2,0.0,87.0,1,0.0,31
2015_16_STL_SEA,LA,289.0,2,289.0,2,1.0,59.0,0,2.0,31
2015_16_STL_SEA,SEA,103.0,1,103.0,1,0.0,102.0,1,0.0,31
2015_16_WAS_PHI,PHI,365.0,4,365.0,4,0.0,67.0,0,0.0,31
2015_16_WAS_PHI,WAS,380.0,1,380.0,1,0.0,45.0,2,2.0,31
2015_17_BAL_CIN,BAL,160.0,2,160.0,2,0.0,145.0,1,0.0,32
2015_17_BAL_CIN,CIN,292.0,1,292.0,1,2.0,59.0,0,0.0,32
2015_17_DET_CHI,CHI,298.0,3,298.0,3,0.0,67.0,0,0.0,32
2015_17_DET_CHI,DET,245.0,2,245.0,2,3.0,111.0,0,0.0,32
2015_17_JAX_HOU,HOU,239.0,0,239.0,0,2.0,32.0,0,2.0,32
2015_17_JAX_HOU,JAX,249.0,1,249.0,1,1.0,160.0,1,0.0,32
2015_17_MIN_GB,GB,99.0,0,99.0,0,1.0,151.0,1,0.0,32
2015_17_MIN_GB,MIN,291.0,1,291.0,1,1.0,76.0,0,1.0,32
2015_17_NE_MIA,MIA,140.0,0,140.0,0,0.0,70.0,1,0.0,32
2015_17_NE_MIA,NE,350.0,2,350.0,2,0.0,96.0,0,0.0,32
2015_17_NO_ATL,ATL,323.0,1,323.0,1,0.0,67.0,1,1.0,32
2015_17_NO_ATL,NO,334.0,2,334.0,2,1.0,87.0,0,1.0,32
2015_17_NYJ_BUF,BUF,181.0,2,181.0,2,3.0,122.0,0,0.0,32
2015_17_NYJ_BUF,NYJ,182.0,0,182.0,0,0.0,113.0,2,1.0,32
2015_17_OAK_KC,KC,194.0,1,194.0,1,1.0,48.0,0,0.0,32
2015_17_OAK_KC,LV,159.0,2,159.0,2,2.0,189.0,1,0.0,32
2015_17_PHI_NYG,NYG,320.0,2,320.0,2,1.0,120.0,2,1.0,32
2015_17_PHI_NYG,PHI,302.0,2,302.0,2,0.0,208.0,1,1.0,32
2015_17_PIT_CLE,CLE,349.0,3,349.0,3,2.0,30.0,0,1.0,32
2015_17_PIT_CLE,PIT,240.0,0,240.0,0,2.0,86.0,0,1.0,32
2015_17_SD_DEN,DEN,228.0,2,228.0,2,1.0,110.0,0,0.0,32
2015_17_SD_DEN,LAC,301.0,1,301.0,1,2.0,210.0,2,3.0,32
2015_17_SEA_ARI,ARI,225.0,3,225.0,3,0.0,145.0,1,0.0,32
2015_17_SEA_ARI,SEA,213.0,1,213.0,1,3.0,27.0,0,0.0,32
2015_17_STL_SF,LA,354.0,1,354.0,1,1.0,108.0,0,0.0,32
2015_17_STL_SF,SF,231.0,0,231.0,0,0.0,133.0,1,0.0,32
2015_17_TB_CAR,CAR,325.0,0,325.0,0,2.0,77.0,1,0.0,32
2015_17_TB_CAR,TB,293.0,2,293.0,2,0.0,111.0,3,2.0,32
2015_17_TEN_IND,IND,137.0,1,137.0,1,1.0,137.0,2,0.0,32
2015_17_TEN_IND,TEN,207.0,2,207.0,2,1.0,127.0,0,0.0,32
2015_17_WAS_DAL,DAL,304.0,4,304.0,4,0.0,146.0,0,0.0,32
2015_17_WAS_DAL,WAS,435.0,3,435.0,3,2.0,100.0,0,1.0,32
2016_01_BUF_BAL,BAL,111.0,0,111.0,0,0.0,65.0,1,0.0,33
2016_01_BUF_BAL,BUF,258.0,1,258.0,1,0.0,83.0,0,1.0,33
2016_01_CAR_DEN,CAR,178.0,1,178.0,1,2.0,148.0,2,1.0,33
2016_01_CAR_DEN,DEN,194.0,1,194.0,1,1.0,157.0,1,0.0,33
2016_01_CHI_HOU,CHI,231.0,2,231.0,2,1.0,129.0,0,0.0,33
2016_01_CHI_HOU,HOU,216.0,1,216.0,1,1.0,73.0,1,0.0,33
2016_01_CIN_NYJ,CIN,189.0,2,189.0,2,1.0,152.0,0,0.0,33
2016_01_CIN_NYJ,NYJ,366.0,1,366.0,1,1.0,57.0,1,0.0,33
2016_01_CLE_PHI,CLE,278.0,2,278.0,2,0.0,133.0,1,0.0,33
2016_01_CLE_PHI,PHI,190.0,0,190.0,0,1.0,120.0,1,0.0,33
2016_01_DET_IND,DET,385.0,4,385.0,4,0.0,82.0,0,0.0,33
2016_01_DET_IND,IND,340.0,3,340.0,3,0.0,116.0,2,0.0,33
2016_01_GB_JAX,GB,320.0,1,320.0,1,1.0,48.0,1,0.0,33
2016_01_GB_JAX,JAX,199.0,2,199.0,2,0.0,95.0,1,0.0,33
2016_01_LA_SF,LA,170.0,1,170.0,1,0.0,150.0,3,1.0,33
2016_01_LA_SF,SF,130.0,0,130.0,0,2.0,65.0,0,0.0,33
2016_01_MIA_SEA,MIA,258.0,1,258.0,1,1.0,112.0,0,1.0,33
2016_01_MIA_SEA,SEA,186.0,0,186.0,0,0.0,64.0,1,0.0,33
2016_01_MIN_TEN,MIN,271.0,2,271.0,2,1.0,64.0,0,2.0,33
2016_01_MIN_TEN,TEN,236.0,0,236.0,0,0.0,65.0,0,0.0,33
2016_01_NE_ARI,ARI,264.0,1,264.0,1,0.0,106.0,1,2.0,33
2016_01_NE_ARI,NE,271.0,2,271.0,2,0.0,92.0,1,0.0,33
2016_01_NYG_DAL,DAL,207.0,3,207.0,3,1.0,113.0,0,0.0,33
2016_01_NYG_DAL,NYG,227.0,0,227.0,0,0.0,101.0,1,0.0,33
2016_01_OAK_NO,LV,423.0,4,423.0,4,0.0,88.0,0,1.0,33
2016_01_OAK_NO,NO,319.0,1,319.0,1,0.0,167.0,3,0.0,33
2016_01_PIT_WAS,PIT,329.0,0,329.0,0,2.0,55.0,1,0.0,33
2016_01_PIT_WAS,WAS,300.0,3,300.0,3,1.0,147.0,2,0.0,33
2016_01_SD_KC,KC,243.0,1,243.0,1,0.0,155.0,2,0.0,33
2016_01_SD_KC,LAC,363.0,2,363.0,2,1.0,83.0,2,0.0,33
2016_01_TB_ATL,ATL,281.0,4,281.0,4,1.0,90.0,0,0.0,33
2016_01_TB_ATL,TB,334.0,2,334.0,2,0.0,52.0,0,0.0,33
2016_02_ATL_OAK,ATL,299.0,3,299.0,3,0.0,155.0,1,0.0,34
2016_02_ATL_OAK,LV,396.0,3,396.0,3,1.0,139.0,1,0.0,34
2016_02_BAL_CLE,BAL,260.0,2,260.0,2,2.0,145.0,1,0.0,34
2016_02_BAL_CLE,CLE,302.0,2,302.0,2,2.0,80.0,0,0.0,34
2016_02_CIN_PIT,CIN,259.0,3,259.0,3,2.0,124.0,0,0.0,34
2016_02_CIN_PIT,PIT,366.0,1,366.0,1,0.0,46.0,0,2.0,34
2016_02_DAL_WAS,DAL,364.0,1,364.0,1,1.0,82.0,1,0.0,34
2016_02_DAL_WAS,WAS,292.0,0,292.0,0,0.0,102.0,3,1.0,34
2016_02_GB_MIN,GB,286.0,2,286.0,2,0.0,30.0,0,0.0,34
2016_02_GB_MIN,MIN,213.0,1,213.0,1,1.0,83.0,1,2.0,34
2016_02_IND_DEN,DEN,197.0,1,197.0,1,1.0,83.0,1,1.0,34
2016_02_IND_DEN,IND,266.0,0,266.0,0,1.0,134.0,1,0.0,34
2016_02_JAX_SD,JAX,220.0,4,220.0,4,0.0,150.0,1,1.0,34
2016_02_JAX_SD,LAC,329.0,2,329.0,2,2.0,69.0,0,1.0,34
2016_02_KC_HOU,HOU,186.0,0,186.0,0,0.0,119.0,0,3.0,34
2016_02_KC_HOU,KC,268.0,1,268.0,1,2.0,97.0,0,0.0,34
2016_02_MIA_NE,MIA,324.0,3,324.0,3,0.0,161.0,1,1.0,34
2016_02_MIA_NE,NE,387.0,2,387.0,2,2.0,70.0,1,2.0,34
2016_02_NO_NYG,NO,368.0,0,368.0,0,0.0,64.0,0,3.0,34
2016_02_NO_NYG,NYG,263.0,1,263.0,1,0.0,41.0,0,0.0,34
2016_02_NYJ_BUF,BUF,374.0,1,374.0,1,0.0,123.0,3,1.0,34
2016_02_NYJ_BUF,NYJ,307.0,3,307.0,3,1.0,86.0,0,0.0,34
2016_02_PHI_CHI,CHI,190.0,1,190.0,1,0.0,100.0,2,0.0,34
2016_02_PHI_CHI,PHI,235.0,0,235.0,0,1.0,64.0,1,2.0,34
2016_02_SEA_LA,LA,254.0,0,254.0,0,0.0,67.0,0,1.0,34
2016_02_SEA_LA,SEA,239.0,0,239.0,0,0.0,64.0,0,0.0,34
2016_02_SF_CAR,CAR,243.0,2,243.0,2,2.0,65.0,1,1.0,34
2016_02_SF_CAR,SF,353.0,4,353.0,4,1.0,176.0,0,2.0,34
2016_02_TB_ARI,ARI,243.0,1,243.0,1,4.0,85.0,0,1.0,34
2016_02_TB_ARI,TB,315.0,3,315.0,3,0.0,105.0,1,0.0,34
2016_02_TEN_DET,DET,238.0,2,238.0,2,1.0,139.0,0,0.0,34
2016_02_TEN_DET,TEN,260.0,1,260.0,1,1.0,137.0,0,0.0,34
2016_03_ARI_BUF,ARI,119.0,0,119.0,0,1.0,208.0,3,0.0,35
2016_03_ARI_BUF,BUF,287.0,0,287.0,0,4.0,88.0,2,1.0,35
2016_03_ATL_NO,ATL,376.0,3,376.0,3,1.0,115.0,1,0.0,35
2016_03_ATL_NO,NO,240.0,2,240.0,2,0.0,217.0,3,0.0,35
2016_03_BAL_JAX,BAL,194.0,2,194.0,2,3.0,48.0,0,0.0,35
2016_03_BAL_JAX,JAX,214.0,0,214.0,0,2.0,84.0,1,0.0,35
2016_03_CHI_DAL,CHI,248.0,1,248.0,1,0.0,199.0,3,1.0,35
2016_03_CHI_DAL,DAL,317.0,2,317.0,2,0.0,78.0,0,2.0,35
2016_03_CLE_MIA,CLE,319.0,3,319.0,3,2.0,115.0,1,1.0,35
2016_03_CLE_MIA,MIA,279.0,0,279.0,0,0.0,169.0,1,1.0,35
2016_03_DEN_CIN,CIN,312.0,4,312.0,4,0.0,52.0,0,1.0,35
2016_03_DEN_CIN,DEN,206.0,0,206.0,0,1.0,143.0,2,0.0,35
2016_03_DET_GB,DET,205.0,4,205.0,4,0.0,123.0,0,0.0,35
2016_03_DET_GB,GB,385.0,3,385.0,3,1.0,50.0,0,0.0,35
2016_03_HOU_NE,HOU,103.0,0,103.0,0,0.0,185.0,3,0.0,35
2016_03_HOU_NE,NE,196.0,0,196.0,0,1.0,109.0,0,0.0,35
2016_03_LA_TB,LA,405.0,3,405.0,3,1.0,83.0,1,1.0,35
2016_03_LA_TB,TB,190.0,2,190.0,2,1.0,137.0,2,1.0,35
2016_03_MIN_CAR,CAR,171.0,1,171.0,1,0.0,58.0,0,0.0,35
2016_03_MIN_CAR,MIN,265.0,0,265.0,0,3.0,105.0,1,0.0,35
2016_03_NYJ_KC,KC,188.0,0,188.0,0,6.0,117.0,0,1.0,35
2016_03_NYJ_KC,NYJ,237.0,1,237.0,1,0.0,72.0,0,0.0,35
2016_03_OAK_TEN,LV,214.0,0,214.0,0,2.0,181.0,1,1.0,35
2016_03_OAK_TEN,TEN,249.0,1,249.0,1,1.0,123.0,1,0.0,35
2016_03_PIT_PHI,PHI,257.0,0,257.0,0,1.0,29.0,0,1.0,35
2016_03_PIT_PHI,PIT,301.0,2,301.0,2,0.0,125.0,2,0.0,35
2016_03_SD_IND,IND,326.0,0,326.0,0,0.0,37.0,1,3.0,35
2016_03_SD_IND,LAC,331.0,1,331.0,1,1.0,93.0,2,1.0,35
2016_03_SF_SEA,SEA,119.0,0,119.0,0,1.0,135.0,2,0.0,35
2016_03_SF_SEA,SF,308.0,2,308.0,2,1.0,127.0,2,1.0,35
2016_03_WAS_NYG,NYG,327.0,2,327.0,2,0.0,90.0,0,0.0,35
2016_03_WAS_NYG,WAS,350.0,1,350.0,1,2.0,120.0,2,1.0,35
2016_04_BUF_NE,BUF,205.0,0,205.0,0,0.0,90.0,0,1.0,36
2016_04_BUF_NE,NE,246.0,1,246.0,1,0.0,134.0,0,0.0,36
2016_04_CAR_ATL,ATL,337.0,3,337.0,3,2.0,49.0,0,0.0,36
2016_04_CAR_ATL,CAR,503.0,4,503.0,4,1.0,90.0,1,0.0,36
2016_04_CLE_WAS,CLE,183.0,3,183.0,3,1.0,145.0,1,0.0,36
2016_04_CLE_WAS,WAS,223.0,1,223.0,1,1.0,163.0,1,2.0,36
2016_04_DAL_SF,DAL,196.0,1,196.0,1,1.0,106.0,1,0.0,36
2016_04_DAL_SF,SF,245.0,2,245.0,2,0.0,194.0,1,0.0,36
2016_04_DEN_TB,DEN,179.0,0,179.0,0,2.0,72.0,1,1.0,36
2016_04_DEN_TB,TB,238.0,2,238.0,2,0.0,89.0,1,0.0,36
2016_04_DET_CHI,CHI,213.0,0,213.0,0,2.0,66.0,0,0.0,36
2016_04_DET_CHI,DET,302.0,2,302.0,2,0.0,114.0,0,0.0,36
2016_04_IND_JAX,IND,207.0,2,207.0,2,0.0,136.0,1,0.0,36
2016_04_IND_JAX,JAX,234.0,2,234.0,2,1.0,94.0,1,0.0,36
2016_04_KC_PIT,KC,300.0,5,300.0,5,0.0,149.0,1,0.0,36
2016_04_KC_PIT,PIT,287.0,2,287.0,2,1.0,87.0,0,1.0,36
2016_04_LA_ARI,ARI,266.0,2,266.0,2,0.0,41.0,0,1.0,36
2016_04_LA_ARI,LA,325.0,1,325.0,1,3.0,118.0,0,2.0,36
2016_04_MIA_CIN,CIN,189.0,1,189.0,1,1.0,62.0,0,1.0,36
2016_04_MIA_CIN,MIA,296.0,1,296.0,1,0.0,77.0,0,0.0,36
2016_04_NO_SD,LAC,207.0,2,207.0,2,2.0,83.0,3,0.0,36
2016_04_NO_SD,NO,321.0,2,321.0,2,1.0,38.0,2,2.0,36
2016_04_NYG_MIN,MIN,261.0,0,261.0,0,1.0,78.0,1,0.0,36
2016_04_NYG_MIN,NYG,262.0,1,262.0,1,0.0,104.0,2,0.0,36
2016_04_OAK_BAL,BAL,199.0,4,199.0,4,0.0,62.0,0,1.0,36
2016_04_OAK_BAL,LV,298.0,1,298.0,1,0.0,130.0,2,1.0,36
2016_04_SEA_NYJ,NYJ,309.0,3,309.0,3,0.0,66.0,0,0.0,36
2016_04_SEA_NYJ,SEA,261.0,1,261.0,1,3.0,58.0,0,0.0,36
2016_04_TEN_HOU,HOU,202.0,0,202.0,0,1.0,124.0,2,0.0,36
2016_04_TEN_HOU,TEN,254.0,2,254.0,2,2.0,115.0,0,0.0,36
2016_05_ARI_SF,ARI,162.0,1,162.0,1,2.0,151.0,2,0.0,37
2016_05_ARI_SF,SF,124.0,2,124.0,2,0.0,172.0,2,0.0,37
2016_05_ATL_DEN,ATL,223.0,1,223.0,1,1.0,84.0,0,0.0,37
2016_05_ATL_DEN,DEN,267.0,1,267.0,1,0.0,122.0,1,1.0,37
2016_05_BUF_LA,BUF,271.0,0,271.0,0,2.0,102.0,1,1.0,37
2016_05_BUF_LA,LA,124.0,2,124.0,2,0.0,193.0,1,0.0,37
2016_05_CHI_IND,CHI,322.0,2,322.0,2,0.0,98.0,0,0.0,37
2016_05_CHI_IND,IND,397.0,2,397.0,2,0.0,125.0,0,1.0,37
2016_05_CIN_DAL,CIN,227.0,1,227.0,1,0.0,180.0,3,1.0,37
2016_05_CIN_DAL,DAL,269.0,2,269.0,2,0.0,96.0,0,0.0,37
2016_05_HOU_MIN,HOU,271.0,2,271.0,2,0.0,96.0,1,0.0,37
2016_05_HOU_MIN,MIN,184.0,1,184.0,1,1.0,59.0,0,0.0,37
2016_05_NE_CLE,CLE,406.0,3,406.0,3,0.0,98.0,1,0.0,37
2016_05_NE_CLE,NE,249.0,2,249.0,2,1.0,27.0,0,0.0,37
2016_05_NYG_GB,GB,199.0,1,199.0,1,0.0,43.0,0,1.0,36
2016_05_NYG_GB,NYG,259.0,2,259.0,2,2.0,147.0,0,0.0,37
2016_05_NYJ_PIT,NYJ,380.0,4,380.0,4,0.0,61.0,0,1.0,37
2016_05_NYJ_PIT,PIT,255.0,1,255.0,1,0.0,72.0,0,0.0,37
2016_05_PHI_DET,DET,238.0,2,238.0,2,1.0,116.0,0,1.0,37
2016_05_PHI_DET,PHI,180.0,3,180.0,3,0.0,80.0,0,1.0,36
2016_05_SD_OAK,LAC,317.0,2,317.0,2,1.0,89.0,1,0.0,37
2016_05_SD_OAK,LV,359.0,4,359.0,4,2.0,72.0,0,2.0,37
2016_05_TB_CAR,CAR,219.0,1,219.0,1,0.0,113.0,0,0.0,37
2016_05_TB_CAR,TB,278.0,0,278.0,0,2.0,136.0,2,1.0,37
2016_05_TEN_MIA,MIA,163.0,3,163.0,3,0.0,235.0,1,0.0,37
2016_05_TEN_MIA,TEN,191.0,0,191.0,0,2.0,51.0,1,0.0,37
2016_05_WAS_BAL,BAL,260.0,1,260.0,1,1.0,60.0,0,1.0,37
2016_05_WAS_BAL,WAS,210.0,1,210.0,1,0.0,118.0,0,0.0,37
2016_06_ATL_SEA,ATL,270.0,0,270.0,0,0.0,72.0,3,0.0,38
2016_06_ATL_SEA,SEA,335.0,3,335.0,3,1.0,52.0,0,1.0,37
2016_06_BAL_NYG,BAL,403.0,3,403.0,3,2.0,38.0,0,1.0,38
2016_06_BAL_NYG,NYG,307.0,0,307.0,0,0.0,98.0,2,0.0,38
2016_06_CAR_NO,CAR,465.0,4,465.0,4,1.0,63.0,1,0.0,38
2016_06_CAR_NO,NO,322.0,2,322.0,2,1.0,103.0,3,1.0,37
2016_06_CIN_NE,CIN,376.0,3,376.0,3,0.0,79.0,1,0.0,38
2016_06_CIN_NE,NE,254.0,1,254.0,1,0.0,120.0,1,0.0,38
2016_06_CLE_TEN,CLE,284.0,3,284.0,3,1.0,137.0,1,0.0,38
2016_06_CLE_TEN,TEN,337.0,2,337.0,2,0.0,40.0,1,0.0,38
2016_06_DAL_GB,DAL,294.0,1,294.0,1,1.0,78.0,0,3.0,38
2016_06_DAL_GB,GB,247.0,3,247.0,3,1.0,191.0,0,1.0,37
2016_06_DEN_SD,DEN,178.0,1,178.0,1,0.0,99.0,0,0.0,38
2016_06_DEN_SD,LAC,230.0,1,230.0,1,0.0,84.0,0,2.0,38
2016_06_IND_HOU,HOU,252.0,1,252.0,1,1.0,161.0,1,0.0,38
2016_06_IND_HOU,IND,269.0,2,269.0,2,1.0,158.0,1,0.0,38
2016_06_JAX_CHI,CHI,271.0,1,271.0,1,1.0,54.0,1,1.0,38
2016_06_JAX_CHI,JAX,302.0,0,302.0,0,0.0,92.0,1,0.0,37
2016_06_KC_OAK,KC,225.0,1,225.0,1,1.0,64.0,0,1.0,37
2016_06_KC_OAK,LV,224.0,0,224.0,0,0.0,183.0,3,0.0,38
2016_06_LA_DET,DET,321.0,3,321.0,3,1.0,76.0,1,0.0,38
2016_06_LA_DET,LA,270.0,4,270.0,4,0.0,83.0,0,0.0,38
2016_06_NYJ_ARI,ARI,205.0,0,205.0,0,2.0,33.0,0,0.0,38
2016_06_NYJ_ARI,NYJ,225.0,1,225.0,1,0.0,171.0,3,0.0,38
2016_06_PHI_WAS,PHI,263.0,2,263.0,2,1.0,230.0,1,0.0,37
2016_06_PHI_WAS,WAS,179.0,0,179.0,0,0.0,94.0,0,0.0,38
2016_06_PIT_MIA,MIA,189.0,1,189.0,1,2.0,128.0,1,0.0,38
2016_06_PIT_MIA,PIT,252.0,0,252.0,0,0.0,222.0,3,0.0,38
2016_06_SF_BUF,BUF,187.0,1,187.0,1,0.0,133.0,0,0.0,38
2016_06_SF_BUF,SF,179.0,2,179.0,2,0.0,313.0,4,2.0,38
2016_07_BAL_NYJ,BAL,215.0,2,215.0,2,0.0,155.0,1,2.0,39
2016_07_BAL_NYJ,NYJ,248.0,0,248.0,0,2.0,11.0,0,0.0,39
2016_07_BUF_MIA,BUF,204.0,1,204.0,1,0.0,256.0,2,0.0,39
2016_07_BUF_MIA,MIA,221.0,1,221.0,1,0.0,67.0,2,0.0,39
2016_07_CHI_GB,CHI,326.0,3,326.0,3,0.0,103.0,0,1.0,39
2016_07_CHI_GB,GB,130.0,0,130.0,0,2.0,69.0,0,0.0,38
2016_07_CLE_CIN,CIN,182.0,0,182.0,0,2.0,180.0,2,0.0,39
2016_07_CLE_CIN,CLE,308.0,2,308.0,2,0.0,271.0,2,0.0,39
2016_07_HOU_DEN,DEN,131.0,0,131.0,0,0.0,140.0,0,2.0,39
2016_07_HOU_DEN,HOU,157.0,1,157.0,1,0.0,190.0,2,0.0,39
2016_07_IND_TEN,IND,232.0,2,232.0,2,0.0,124.0,1,1.0,39
2016_07_IND_TEN,TEN,353.0,3,353.0,3,0.0,81.0,0,0.0,39
2016_07_MIN_PHI,MIN,138.0,1,138.0,1,2.0,101.0,0,2.0,38
2016_07_MIN_PHI,PHI,224.0,1,224.0,1,1.0,93.0,0,2.0,38
2016_07_NE_PIT,NE,281.0,1,281.0,1,1.0,94.0,0,0.0,39
2016_07_NE_PIT,PIT,222.0,2,222.0,2,0.0,140.0,2,1.0,39
2016_07_NO_KC,KC,367.0,3,367.0,3,1.0,104.0,0,1.0,38
2016_07_NO_KC,NO,214.0,2,214.0,2,0.0,112.0,0,0.0,38
2016_07_NYG_LA,LA,196.0,0,196.0,0,0.0,36.0,1,1.0,39
2016_07_NYG_LA,NYG,291.0,1,291.0,1,4.0,74.0,0,0.0,39
2016_07_OAK_JAX,JAX,200.0,1,200.0,1,0.0,144.0,2,0.0,38
2016_07_OAK_JAX,LV,246.0,1,246.0,1,2.0,105.0,0,0.0,39
2016_07_SD_ATL,ATL,371.0,1,371.0,1,1.0,78.0,2,1.0,39
2016_07_SD_ATL,LAC,273.0,1,273.0,1,1.0,130.0,1,0.0,39
2016_07_SEA_ARI,ARI,225.0,0,225.0,0,0.0,52.0,0,0.0,39
2016_07_SEA_ARI,SEA,342.0,0,342.0,0,0.0,132.0,0,0.0,38
2016_07_TB_SF,SF,269.0,3,269.0,3,1.0,249.0,1,0.0,39
2016_07_TB_SF,TB,143.0,1,143.0,1,1.0,160.0,1,1.0,38
2016_07_WAS_DET,DET,301.0,1,301.0,1,0.0,130.0,1,2.0,39
2016_07_WAS_DET,WAS,266.0,1,266.0,1,0.0,94.0,1,0.0,39
2016_08_ARI_CAR,ARI,212.0,0,212.0,0,0.0,141.0,2,1.0,40
2016_08_ARI_CAR,CAR,363.0,3,363.0,3,1.0,24.0,0,1.0,39
2016_08_DET_HOU,DET,186.0,1,186.0,1,1.0,105.0,1,0.0,40
2016_08_DET_HOU,HOU,240.0,1,240.0,1,0.0,58.0,0,0.0,40
2016_08_GB_ATL,ATL,246.0,4,246.0,4,0.0,108.0,0,0.0,40
2016_08_GB_ATL,GB,288.0,3,288.0,3,0.0,90.0,1,0.0,39
2016_08_JAX_TEN,JAX,280.0,2,280.0,2,0.0,214.0,2,0.0,39
2016_08_JAX_TEN,TEN,337.0,3,337.0,3,0.0,48.0,0,0.0,40
2016_08_KC_IND,IND,350.0,3,350.0,3,0.0,88.0,0,0.0,40
2016_08_KC_IND,KC,210.0,2,210.0,2,1.0,105.0,0,1.0,39
2016_08_MIN_CHI,CHI,228.0,1,228.0,1,0.0,57.0,0,0.0,40
2016_08_MIN_CHI,MIN,252.0,1,252.0,1,0.0,158.0,1,0.0,39
2016_08_NE_BUF,BUF,315.0,4,315.0,4,0.0,72.0,1,0.0,40
2016_08_NE_BUF,NE,218.0,0,218.0,0,0.0,167.0,3,0.0,40
2016_08_NYJ_CLE,CLE,228.0,1,228.0,1,0.0,171.0,3,0.0,40
2016_08_NYJ_CLE,NYJ,345.0,2,345.0,2,2.0,68.0,1,0.0,40
2016_08_OAK_TB,LV,180.0,2,180.0,2,0.0,102.0,1,0.0,40
2016_08_OAK_TB,TB,513.0,4,513.0,4,0.0,128.0,0,1.0,39
2016_08_PHI_DAL,DAL,202.0,1,202.0,1,0.0,97.0,1,1.0,39
2016_08_PHI_DAL,PHI,287.0,2,287.0,2,1.0,187.0,1,0.0,39
2016_08_SD_DEN,DEN,267.0,2,267.0,2,3.0,123.0,0,0.0,40
2016_08_SD_DEN,LAC,276.0,0,276.0,0,1.0,57.0,2,2.0,40
2016_08_SEA_NO,NO,296.0,0,296.0,0,1.0,74.0,1,0.0,39
2016_08_SEA_NO,SEA,265.0,1,265.0,1,0.0,123.0,1,1.0,39
2016_08_WAS_CIN,CIN,458.0,2,458.0,2,1.0,100.0,1,0.0,40
2016_08_WAS_CIN,WAS,284.0,1,284.0,1,1.0,152.0,3,1.0,40
2016_09_ATL_TB,ATL,336.0,4,336.0,4,0.0,70.0,0,2.0,41
2016_09_ATL_TB,TB,344.0,4,344.0,4,0.0,136.0,1,1.0,40
2016_09_BUF_SEA,BUF,282.0,2,282.0,2,0.0,33.0,2,0.0,41
2016_09_BUF_SEA,SEA,289.0,1,289.0,1,1.0,162.0,2,0.0,40
2016_09_CAR_LA,CAR,296.0,1,296.0,1,1.0,59.0,0,0.0,40
2016_09_CAR_LA,LA,225.0,1,225.0,1,0.0,59.0,0,0.0,40
2016_09_DAL_CLE,CLE,255.0,3,255.0,3,0.0,168.0,2,0.0,41
2016_09_DAL_CLE,DAL,203.0,1,203.0,1,0.0,45.0,0,0.0,40
2016_09_DEN_OAK,DEN,184.0,0,184.0,0,0.0,218.0,3,0.0,41
2016_09_DEN_OAK,LV,283.0,2,283.0,2,1.0,33.0,0,1.0,41
2016_09_DET_MIN,DET,273.0,1,273.0,1,0.0,78.0,1,0.0,41
2016_09_DET_MIN,MIN,219.0,2,219.0,2,1.0,97.0,0,0.0,40
2016_09_IND_GB,GB,281.0,1,281.0,1,2.0,85.0,2,0.0,40
2016_09_IND_GB,IND,297.0,3,297.0,3,1.0,116.0,0,0.0,41
2016_09_JAX_KC,JAX,187.0,1,187.0,1,0.0,62.0,0,0.0,40
2016_09_JAX_KC,KC,252.0,2,252.0,2,1.0,205.0,0,2.0,40
2016_09_NO_SF,NO,398.0,2,398.0,2,1.0,93.0,0,3.0,40
2016_09_NO_SF,SF,323.0,3,323.0,3,0.0,248.0,2,0.0,40
2016_09_NYJ_MIA,MIA,213.0,1,213.0,1,2.0,140.0,1,0.0,40
2016_09_NYJ_MIA,NYJ,149.0,1,149.0,1,0.0,137.0,1,0.0,41
2016_09_PHI_NYG,NYG,364.0,0,364.0,0,2.0,96.0,2,0.0,40
2016_09_PHI_NYG,PHI,257.0,4,257.0,4,2.0,54.0,0,0.0,40
2016_09_PIT_BAL,BAL,264.0,1,264.0,1,1.0,36.0,1,0.0,40
2016_09_PIT_BAL,PIT,250.0,1,250.0,1,1.0,50.0,0,0.0,40
2016_09_TEN_SD,LAC,313.0,3,313.0,3,2.0,80.0,2,1.0,41
2016_09_TEN_SD,TEN,275.0,2,275.0,2,0.0,208.0,1,0.0,41
2016_10_ATL_PHI,ATL,231.0,0,231.0,0,0.0,208.0,2,1.0,42
2016_10_ATL_PHI,PHI,267.0,1,267.0,1,1.0,48.0,0,0.0,41
2016_10_CHI_TB,CHI,312.0,2,312.0,2,1.0,80.0,1,0.0,41
2016_10_CHI_TB,TB,182.0,1,182.0,1,2.0,122.0,0,2.0,41
2016_10_CIN_NYG,CIN,240.0,3,240.0,3,2.0,122.0,0,0.0,41
2016_10_CIN_NYG,NYG,204.0,1,204.0,1,1.0,78.0,1,0.0,41
2016_10_CLE_BAL,BAL,150.0,1,150.0,1,2.0,33.0,0,1.0,41
2016_10_CLE_BAL,CLE,296.0,3,296.0,3,2.0,119.0,0,0.0,42
2016_10_DAL_PIT,DAL,408.0,3,408.0,3,0.0,48.0,1,0.0,41
2016_10_DAL_PIT,PIT,319.0,2,319.0,2,0.0,127.0,2,1.0,41
2016_10_DEN_NO,DEN,303.0,3,303.0,3,2.0,80.0,0,2.0,42
2016_10_DEN_NO,NO,258.0,2,258.0,2,2.0,103.0,0,0.0,41
2016_10_GB_TEN,GB,305.0,5,305.0,5,0.0,154.0,1,0.0,41
2016_10_GB_TEN,TEN,379.0,2,379.0,2,2.0,69.0,1,0.0,42
2016_10_HOU_JAX,HOU,265.0,2,265.0,2,1.0,80.0,0,1.0,41
2016_10_HOU_JAX,JAX,99.0,2,99.0,2,0.0,181.0,0,0.0,41
2016_10_KC_CAR,CAR,178.0,0,178.0,0,1.0,91.0,0,0.0,41
2016_10_KC_CAR,KC,261.0,1,261.0,1,1.0,99.0,1,1.0,41
2016_10_LA_NYJ,LA,163.0,1,163.0,1,1.0,139.0,0,0.0,41
2016_10_LA_NYJ,NYJ,165.0,0,165.0,0,0.0,125.0,0,0.0,42
2016_10_MIA_SD,LAC,240.0,2,240.0,2,0.0,106.0,1,0.0,42
2016_10_MIA_SD,MIA,326.0,3,326.0,3,4.0,70.0,0,0.0,41
2016_10_MIN_WAS,MIN,262.0,2,262.0,2,0.0,128.0,0,1.0,41
2016_10_MIN_WAS,WAS,307.0,2,307.0,2,1.0,47.0,1,0.0,41
2016_10_SEA_NE,NE,348.0,3,348.0,3,0.0,96.0,0,0.0,41
2016_10_SEA_NE,SEA,316.0,0,316.0,0,1.0,81.0,3,1.0,41
2016_10_SF_ARI,ARI,210.0,1,210.0,1,0.0,83.0,1,0.0,41
2016_10_SF_ARI,SF,376.0,1,376.0,1,2.0,80.0,1,2.0,41
2016_11_ARI_MIN,ARI,169.0,1,169.0,1,0.0,72.0,1,1.0,42
2016_11_ARI_MIN,MIN,198.0,2,198.0,2,2.0,135.0,1,0.0,42
2016_11_BAL_DAL,BAL,301.0,3,301.0,3,0.0,118.0,0,0.0,42
2016_11_BAL_DAL,DAL,269.0,1,269.0,1,0.0,101.0,1,0.0,42
2016_11_BUF_CIN,BUF,207.0,1,207.0,1,2.0,93.0,1,0.0,42
2016_11_BUF_CIN,CIN,166.0,0,166.0,0,1.0,183.0,1,0.0,42
2016_11_CHI_NYG,CHI,227.0,2,227.0,2,0.0,102.0,1,0.0,42
2016_11_CHI_NYG,NYG,252.0,1,252.0,1,1.0,93.0,1,0.0,42
2016_11_GB_WAS,GB,375.0,3,375.0,3,0.0,151.0,3,0.0,42
2016_11_GB_WAS,WAS,360.0,3,360.0,3,1.0,84.0,0,1.0,42
2016_11_HOU_OAK,HOU,295.0,3,295.0,3,1.0,30.0,0,0.0,42
2016_11_HOU_OAK,LV,243.0,1,243.0,1,1.0,124.0,1,0.0,42
2016_11_JAX_DET,DET,202.0,2,202.0,2,2.0,83.0,0,1.0,42
2016_11_JAX_DET,JAX,278.0,0,278.0,0,0.0,14.0,1,1.0,42
2016_11_MIA_LA,LA,172.0,2,172.0,2,1.0,98.0,0,0.0,42
2016_11_MIA_LA,MIA,134.0,0,134.0,0,0.0,102.0,1,1.0,42
2016_11_NE_SF,NE,206.0,2,206.0,2,0.0,122.0,0,0.0,42
2016_11_NE_SF,SF,280.0,4,280.0,4,0.0,171.0,0,0.0,42
2016_11_NO_CAR,CAR,285.0,2,285.0,2,1.0,107.0,0,1.0,42
2016_11_NO_CAR,NO,192.0,1,192.0,1,0.0,50.0,1,0.0,42
2016_11_PHI_SEA,PHI,287.0,2,287.0,2,0.0,152.0,1,0.0,42
2016_11_PHI_SEA,SEA,218.0,2,218.0,2,2.0,113.0,0,0.0,42
2016_11_PIT_CLE,CLE,167.0,0,167.0,0,0.0,146.0,1,0.0,43
2016_11_PIT_CLE,PIT,246.0,1,246.0,1,1.0,33.0,0,1.0,42
2016_11_TB_KC,KC,331.0,1,331.0,1,0.0,116.0,0,1.0,42
2016_11_TB_KC,TB,266.0,1,261.0,1,1.0,82.0,1,0.0,42
2016_11_TEN_IND,IND,290.0,2,290.0,2,0.0,97.0,0,0.0,42
2016_11_TEN_IND,TEN,262.0,2,262.0,2,1.0,76.0,1,0.0,43
2016_12_ARI_ATL,ARI,269.0,2,269.0,2,1.0,116.0,3,0.0,43
2016_12_ARI_ATL,ATL,289.0,2,289.0,2,1.0,58.0,0,0.0,43
2016_12_CAR_OAK,CAR,315.0,2,315.0,2,1.0,56.0,1,1.0,43
2016_12_CAR_OAK,LV,246.0,2,246.0,2,1.0,129.0,3,1.0,43
2016_12_CIN_BAL,BAL,283.0,1,283.0,1,0.0,64.0,0,2.0,43
2016_12_CIN_BAL,CIN,234.0,1,234.0,1,1.0,92.0,0,0.0,43
2016_12_GB_PHI,GB,254.0,0,254.0,0,1.0,81.0,1,0.0,43
2016_12_GB_PHI,PHI,313.0,2,313.0,2,0.0,74.0,1,0.0,43
2016_12_JAX_BUF,BUF,126.0,2,126.0,2,0.0,183.0,1,0.0,43
2016_12_JAX_BUF,JAX,166.0,1,166.0,1,0.0,153.0,3,0.0,43
2016_12_KC_DEN,DEN,220.0,1,220.0,1,0.0,83.0,1,0.0,43
2016_12_KC_DEN,KC,368.0,3,368.0,3,0.0,124.0,0,0.0,43
2016_12_LA_NO,LA,360.0,5,360.0,5,0.0,209.0,2,1.0,43
2016_12_LA_NO,NO,214.0,3,214.0,3,1.0,69.0,0,1.0,43
2016_12_MIN_DET,DET,224.0,0,224.0,0,1.0,82.0,1,0.0,43
2016_12_MIN_DET,MIN,232.0,1,232.0,1,0.0,94.0,0,0.0,43
2016_12_NE_NYJ,NE,269.0,2,269.0,2,0.0,64.0,0,2.0,43
2016_12_NE_NYJ,NYJ,286.0,2,286.0,2,0.0,91.0,0,0.0,43
2016_12_NYG_CLE,CLE,194.0,3,194.0,3,0.0,104.0,0,0.0,44
2016_12_NYG_CLE,NYG,322.0,1,322.0,1,0.0,58.0,0,3.0,43
2016_12_PIT_IND,IND,221.0,3,221.0,3,0.0,148.0,1,0.0,43
2016_12_PIT_IND,PIT,240.0,1,240.0,1,2.0,91.0,0,0.0,43
2016_12_SD_HOU,HOU,242.0,3,242.0,3,1.0,67.0,0,0.0,43
2016_12_SD_HOU,LAC,246.0,0,246.0,0,3.0,114.0,1,1.0,43
2016_12_SEA_TB,SEA,220.0,2,220.0,2,1.0,118.0,0,1.0,43
2016_12_SEA_TB,TB,151.0,0,151.0,0,2.0,127.0,0,1.0,43
2016_12_SF_MIA,MIA,296.0,3,296.0,3,1.0,193.0,0,1.0,43
2016_12_SF_MIA,SF,285.0,3,285.0,3,0.0,95.0,1,0.0,43
2016_12_TEN_CHI,CHI,226.0,2,226.0,2,0.0,149.0,1,0.0,43
2016_12_TEN_CHI,TEN,316.0,3,316.0,3,2.0,95.0,0,0.0,44
2016_12_WAS_DAL,DAL,449.0,3,449.0,3,0.0,56.0,0,0.0,43
2016_12_WAS_DAL,WAS,195.0,1,195.0,1,0.0,163.0,3,0.0,43
2016_13_BUF_OAK,BUF,260.0,2,260.0,2,0.0,139.0,2,0.0,44
2016_13_BUF_OAK,LV,191.0,0,191.0,0,1.0,212.0,3,1.0,44
2016_13_CAR_SEA,CAR,315.0,1,315.0,1,1.0,240.0,3,0.0,44
2016_13_CAR_SEA,SEA,182.0,1,182.0,1,1.0,89.0,0,1.0,44
2016_13_DAL_MIN,DAL,253.0,1,253.0,1,0.0,87.0,0,0.0,44
2016_13_DAL_MIN,MIN,139.0,1,139.0,1,0.0,140.0,1,2.0,44
2016_13_DEN_JAX,DEN,181.0,0,181.0,0,2.0,154.0,1,1.0,44
2016_13_DEN_JAX,JAX,104.0,0,104.0,0,0.0,104.0,1,0.0,44
2016_13_DET_NO,DET,326.0,0,326.0,0,3.0,50.0,1,0.0,44
2016_13_DET_NO,NO,341.0,2,341.0,2,0.0,85.0,0,0.0,44
2016_13_HOU_GB,GB,210.0,2,202.0,2,0.0,123.0,0,1.0,44
2016_13_HOU_GB,HOU,209.0,2,209.0,2,0.0,109.0,1,1.0,44
2016_13_IND_NYJ,IND,216.0,1,216.0,1,3.0,36.0,0,0.0,44
2016_13_IND_NYJ,NYJ,289.0,4,289.0,4,0.0,139.0,1,0.0,44
2016_13_KC_ATL,ATL,270.0,1,270.0,1,0.0,123.0,2,1.0,44
2016_13_KC_ATL,KC,297.0,1,297.0,1,1.0,128.0,2,0.0,44
2016_13_LA_NE,LA,269.0,1,269.0,1,0.0,133.0,1,0.0,44
2016_13_LA_NE,NE,161.0,1,161.0,1,2.0,36.0,0,0.0,44
2016_13_MIA_BAL,BAL,226.0,1,226.0,1,3.0,62.0,0,0.0,44
2016_13_MIA_BAL,MIA,386.0,4,386.0,4,1.0,110.0,1,1.0,44
2016_13_NYG_PIT,NYG,289.0,2,289.0,2,1.0,117.0,0,1.0,44
2016_13_NYG_PIT,PIT,195.0,2,195.0,2,2.0,56.0,0,0.0,44
2016_13_PHI_CIN,CIN,308.0,1,308.0,1,3.0,53.0,1,0.0,44
2016_13_PHI_CIN,PHI,332.0,2,332.0,2,0.0,80.0,1,2.0,44
2016_13_SF_CHI,CHI,39.0,0,39.0,0,0.0,141.0,0,0.0,44
2016_13_SF_CHI,SF,192.0,0,192.0,0,0.0,142.0,3,0.0,44
2016_13_TB_SD,LAC,280.0,1,280.0,1,1.0,81.0,1,0.0,44
2016_13_TB_SD,TB,225.0,2,225.0,2,2.0,119.0,1,0.0,44
2016_13_WAS_ARI,ARI,271.0,1,271.0,1,1.0,87.0,1,1.0,44
2016_13_WAS_ARI,WAS,300.0,3,300.0,3,0.0,88.0,1,0.0,44
2016_14_ARI_MIA,ARI,242.0,3,242.0,3,1.0,83.0,0,1.0,45
2016_14_ARI_MIA,MIA,145.0,2,145.0,2,2.0,175.0,1,2.0,45
2016_14_ATL_LA,ATL,235.0,0,235.0,0,2.0,104.0,2,2.0,45
2016_14_ATL_LA,LA,237.0,3,237.0,3,0.0,66.0,1,0.0,45
2016_14_BAL_NE,BAL,406.0,3,406.0,3,1.0,95.0,1,0.0,45
2016_14_BAL_NE,NE,324.0,2,324.0,2,1.0,42.0,0,0.0,45
2016_14_CHI_DET,CHI,223.0,1,223.0,1,2.0,114.0,1,0.0,45
2016_14_CHI_DET,DET,212.0,1,212.0,1,0.0,92.0,0,0.0,45
2016_14_CIN_CLE,CIN,104.0,0,104.0,0,1.0,169.0,1,0.0,45
2016_14_CIN_CLE,CLE,180.0,2,180.0,2,0.0,213.0,1,0.0,45
2016_14_DAL_NYG,DAL,193.0,1,193.0,1,1.0,93.0,0,2.0,45
2016_14_DAL_NYG,NYG,165.0,1,165.0,1,2.0,108.0,0,1.0,45
2016_14_DEN_TEN,DEN,88.0,0,88.0,0,0.0,180.0,1,0.0,45
2016_14_DEN_TEN,TEN,350.0,1,350.0,1,0.0,18.0,0,2.0,45
2016_14_HOU_IND,HOU,276.0,2,276.0,2,2.0,83.0,0,1.0,45
2016_14_HOU_IND,IND,147.0,0,147.0,0,1.0,185.0,1,0.0,45
2016_14_MIN_JAX,JAX,292.0,1,292.0,1,0.0,85.0,1,1.0,45
2016_14_MIN_JAX,MIN,257.0,1,257.0,1,0.0,85.0,0,0.0,45
2016_14_NO_TB,NO,184.0,0,184.0,0,0.0,104.0,1,0.0,45
2016_14_NO_TB,TB,257.0,0,257.0,0,3.0,46.0,0,0.0,45
2016_14_NYJ_SF,NYJ,133.0,1,133.0,1,0.0,248.0,1,0.0,45
2016_14_NYJ_SF,SF,257.0,0,257.0,0,1.0,188.0,2,0.0,45
2016_14_OAK_KC,KC,117.0,0,117.0,0,0.0,135.0,1,0.0,45
2016_14_OAK_KC,LV,264.0,1,264.0,1,1.0,65.0,1,1.0,45
2016_14_PIT_BUF,BUF,220.0,0,220.0,0,3.0,240.0,3,0.0,45
2016_14_PIT_BUF,PIT,228.0,2,228.0,2,1.0,67.0,1,0.0,45
2016_14_SD_CAR,CAR,236.0,2,236.0,2,3.0,58.0,0,2.0,45
2016_14_SD_CAR,LAC,160.0,1,160.0,1,1.0,126.0,1,0.0,45
2016_14_SEA_GB,GB,240.0,1,240.0,1,5.0,136.0,0,1.0,45
2016_14_SEA_GB,SEA,246.0,3,246.0,3,0.0,93.0,2,0.0,45
2016_14_WAS_PHI,PHI,234.0,2,234.0,2,1.0,107.0,2,0.0,45
2016_14_WAS_PHI,WAS,314.0,1,314.0,1,1.0,95.0,0,1.0,45
2016_15_CAR_WAS,CAR,315.0,0,315.0,0,1.0,29.0,1,2.0,46
2016_15_CAR_WAS,WAS,300.0,2,300.0,2,0.0,148.0,0,0.0,46
2016_15_CLE_BUF,BUF,196.0,0,196.0,0,0.0,107.0,1,0.0,46
2016_15_CLE_BUF,CLE,174.0,1,174.0,1,0.0,280.0,3,0.0,46
2016_15_DET_NYG,DET,201.0,2,201.0,2,0.0,114.0,0,0.0,46
2016_15_DET_NYG,NYG,273.0,0,273.0,0,1.0,56.0,0,1.0,46
2016_15_GB_CHI,CHI,252.0,0,252.0,0,0.0,226.0,3,0.0,46
2016_15_GB_CHI,GB,362.0,2,362.0,2,3.0,95.0,1,1.0,46
2016_15_IND_MIN,IND,291.0,0,291.0,0,1.0,34.0,0,2.0,46
2016_15_IND_MIN,MIN,250.0,2,250.0,2,0.0,161.0,2,0.0,46
2016_15_JAX_HOU,HOU,92.0,0,92.0,0,1.0,67.0,1,0.0,46
2016_15_JAX_HOU,JAX,308.0,0,308.0,0,2.0,79.0,1,0.0,46
2016_15_LA_SEA,LA,229.0,3,229.0,3,1.0,72.0,0,0.0,46
2016_15_LA_SEA,SEA,167.0,0,167.0,0,0.0,47.0,0,0.0,46
2016_15_MIA_NYJ,MIA,266.0,1,266.0,1,3.0,116.0,0,1.0,46
2016_15_MIA_NYJ,NYJ,236.0,4,236.0,4,1.0,67.0,0,0.0,46
2016_15_NE_DEN,DEN,188.0,0,188.0,0,0.0,136.0,1,0.0,46
2016_15_NE_DEN,NE,282.0,0,282.0,0,1.0,58.0,0,1.0,46
2016_15_NO_ARI,ARI,389.0,4,389.0,4,0.0,130.0,2,1.0,46
2016_15_NO_ARI,NO,318.0,2,318.0,2,0.0,116.0,3,2.0,46
2016_15_OAK_SD,LAC,213.0,1,213.0,1,1.0,145.0,0,1.0,46
2016_15_OAK_SD,LV,206.0,2,206.0,2,1.0,73.0,0,1.0,46
2016_15_PHI_BAL,BAL,170.0,0,170.0,0,1.0,169.0,2,0.0,46
2016_15_PHI_BAL,PHI,206.0,2,206.0,2,1.0,151.0,1,1.0,46
2016_15_PIT_CIN,CIN,286.0,1,286.0,1,0.0,97.0,0,0.0,46
2016_15_PIT_CIN,PIT,157.0,0,157.0,0,1.0,76.0,2,0.0,46
2016_15_SF_ATL,ATL,183.0,2,183.0,2,0.0,107.0,0,1.0,46
2016_15_SF_ATL,SF,302.0,2,302.0,2,0.0,248.0,3,1.0,46
2016_15_TB_DAL,DAL,247.0,2,247.0,2,3.0,52.0,0,1.0,46
2016_15_TB_DAL,TB,279.0,0,279.0,0,0.0,185.0,2,1.0,46
2016_15_TEN_KC,KC,241.0,0,241.0,0,1.0,148.0,2,2.0,46
2016_15_TEN_KC,TEN,163.0,0,163.0,0,1.0,157.0,2,0.0,46
2016_16_ARI_SEA,ARI,350.0,4,350.0,4,0.0,78.0,0,1.0,47
2016_16_ARI_SEA,SEA,284.0,1,284.0,1,0.0,94.0,3,1.0,47
2016_16_ATL_CAR,ATL,198.0,1,198.0,1,2.0,119.0,0,0.0,47
2016_16_ATL_CAR,CAR,277.0,2,277.0,2,0.0,152.0,1,0.0,47
2016_16_BAL_PIT,BAL,279.0,3,279.0,3,2.0,127.0,1,0.0,47
2016_16_BAL_PIT,PIT,262.0,1,262.0,1,1.0,122.0,1,0.0,47
2016_16_CIN_HOU,CIN,176.0,0,176.0,0,0.0,95.0,1,0.0,47
2016_16_CIN_HOU,HOU,268.0,1,268.0,1,1.0,50.0,0,0.0,47
2016_16_DEN_KC,DEN,246.0,2,246.0,2,1.0,238.0,2,0.0,47
2016_16_DEN_KC,KC,183.0,0,183.0,0,1.0,63.0,1,1.0,47
2016_16_DET_DAL,DAL,260.0,0,260.0,0,1.0,90.0,3,1.0,47
2016_16_DET_DAL,DET,222.0,4,222.0,4,0.0,164.0,2,0.0,47
2016_16_IND_OAK,IND,261.0,3,261.0,3,0.0,210.0,2,0.0,47
2016_16_IND_OAK,LV,288.0,2,288.0,2,2.0,102.0,1,1.0,47
2016_16_MIA_BUF,BUF,233.0,2,233.0,2,1.0,261.0,2,0.0,47
2016_16_MIA_BUF,MIA,329.0,3,329.0,3,0.0,272.0,1,0.0,47
2016_16_MIN_GB,GB,382.0,3,382.0,3,0.0,93.0,0,1.0,47
2016_16_MIN_GB,MIN,347.0,4,347.0,4,0.0,40.0,1,0.0,47
2016_16_NYG_PHI,NYG,168.0,1,168.0,1,1.0,118.0,1,0.0,47
2016_16_NYG_PHI,PHI,356.0,1,356.0,1,3.0,114.0,0,0.0,47
2016_16_NYJ_NE,NE,136.0,0,136.0,0,3.0,111.0,0,1.0,47
2016_16_NYJ_NE,NYJ,220.0,3,220.0,3,0.0,114.0,2,0.0,47
2016_16_SD_CLE,CLE,322.0,2,322.0,2,1.0,34.0,0,0.0,47
2016_16_SD_CLE,LAC,175.0,0,175.0,0,0.0,124.0,2,0.0,47
2016_16_SF_LA,LA,266.0,2,266.0,2,1.0,70.0,1,1.0,47
2016_16_SF_LA,SF,90.0,1,90.0,1,2.0,99.0,2,0.0,47
2016_16_TB_NO,NO,277.0,2,277.0,2,2.0,89.0,1,0.0,47
2016_16_TB_NO,TB,299.0,1,299.0,1,0.0,123.0,2,0.0,47
2016_16_TEN_JAX,JAX,223.0,2,223.0,2,1.0,58.0,0,0.0,47
2016_16_TEN_JAX,TEN,345.0,2,345.0,2,0.0,84.0,1,1.0,47
2016_16_WAS_CHI,CHI,270.0,1,270.0,1,0.0,208.0,4,0.0,47
2016_16_WAS_CHI,WAS,323.0,2,323.0,2,5.0,140.0,1,0.0,47
2016_17_ARI_LA,ARI,143.0,0,143.0,0,2.0,52.0,0,1.0,48
2016_17_ARI_LA,LA,263.0,3,263.0,3,2.0,84.0,1,0.0,48
2016_17_BAL_CIN,BAL,226.0,1,226.0,1,0.0,153.0,2,0.0,48
2016_17_BAL_CIN,CIN,279.0,0,279.0,0,2.0,72.0,1,0.0,48
2016_17_BUF_NYJ,BUF,210.0,2,210.0,2,0.0,127.0,0,0.0,48
2016_17_BUF_NYJ,NYJ,182.0,0,182.0,0,1.0,68.0,1,2.0,48
2016_17_CAR_TB,CAR,202.0,1,202.0,1,1.0,112.0,0,1.0,48
2016_17_CAR_TB,TB,237.0,1,237.0,1,3.0,128.0,1,0.0,48
2016_17_CHI_MIN,CHI,250.0,3,250.0,3,1.0,124.0,1,0.0,48
2016_17_CHI_MIN,MIN,149.0,1,149.0,1,2.0,183.0,0,2.0,48
2016_17_CLE_PIT,CLE,277.0,3,277.0,3,1.0,69.0,1,0.0,48
2016_17_CLE_PIT,PIT,232.0,2,232.0,2,1.0,231.0,1,2.0,48
2016_17_DAL_PHI,DAL,245.0,2,245.0,2,0.0,114.0,1,0.0,48
2016_17_DAL_PHI,PHI,151.0,1,151.0,1,2.0,69.0,0,0.0,48
2016_17_GB_DET,DET,300.0,4,300.0,4,0.0,153.0,0,0.0,48
2016_17_GB_DET,GB,347.0,2,347.0,2,1.0,76.0,1,0.0,48
2016_17_HOU_TEN,HOU,150.0,1,150.0,1,1.0,103.0,1,0.0,48
2016_17_HOU_TEN,TEN,278.0,1,278.0,1,0.0,46.0,1,1.0,48
2016_17_JAX_IND,IND,301.0,1,301.0,1,0.0,182.0,1,2.0,48
2016_17_JAX_IND,JAX,321.0,2,321.0,2,1.0,94.0,1,1.0,48
2016_17_KC_SD,KC,269.0,2,269.0,2,2.0,129.0,0,0.0,48
2016_17_KC_SD,LAC,264.0,2,264.0,2,1.0,103.0,1,0.0,48
2016_17_NE_MIA,MIA,276.0,3,276.0,3,0.0,120.0,1,0.0,48
2016_17_NE_MIA,NE,205.0,2,205.0,2,1.0,75.0,0,1.0,48
2016_17_NO_ATL,ATL,350.0,2,350.0,2,1.0,132.0,2,0.0,48
2016_17_NO_ATL,NO,331.0,4,331.0,4,0.0,142.0,1,0.0,48
2016_17_NYG_WAS,NYG,287.0,1,287.0,1,2.0,38.0,0,1.0,48
2016_17_NYG_WAS,WAS,180.0,0,180.0,0,0.0,161.0,1,0.0,48
2016_17_OAK_DEN,DEN,171.0,1,171.0,1,1.0,57.0,0,2.0,48
2016_17_OAK_DEN,LV,206.0,2,206.0,2,1.0,143.0,1,0.0,48
2016_17_SEA_SF,SEA,215.0,1,215.0,1,0.0,62.0,2,2.0,48
2016_17_SEA_SF,SF,300.0,1,300.0,1,0.0,87.0,1,0.0,48
2017_01_ARI_DET,ARI,292.0,4,292.0,4,1.0,82.0,0,0.0,49
2017_01_ARI_DET,DET,268.0,1,268.0,1,3.0,45.0,1,1.0,49
2017_01_ATL_CHI,ATL,213.0,1,213.0,1,0.0,125.0,1,0.0,49
2017_01_ATL_CHI,CHI,321.0,1,321.0,1,0.0,64.0,1,0.0,49
2017_01_BAL_CIN,BAL,170.0,0,170.0,0,4.0,77.0,0,1.0,49
2017_01_BAL_CIN,CIN,121.0,1,121.0,1,1.0,157.0,1,0.0,49
2017_01_CAR_SF,CAR,193.0,0,193.0,0,1.0,51.0,0,1.0,49
2017_01_CAR_SF,SF,171.0,2,171.0,2,1.0,116.0,0,1.0,49
2017_01_IND_LA,IND,318.0,1,318.0,1,0.0,63.0,2,0.0,49
2017_01_IND_LA,LA,179.0,0,179.0,0,2.0,75.0,1,1.0,49
2017_01_JAX_HOU,HOU,125.0,1,125.0,1,0.0,155.0,1,0.0,49
2017_01_JAX_HOU,JAX,164.0,1,164.0,1,1.0,93.0,0,3.0,49
2017_01_KC_NE,KC,267.0,0,267.0,0,0.0,124.0,3,0.0,49
2017_01_KC_NE,NE,368.0,4,368.0,4,0.0,185.0,2,1.0,49
2017_01_LAC_DEN,DEN,192.0,3,192.0,3,1.0,64.0,0,0.0,49
2017_01_LAC_DEN,LAC,219.0,2,219.0,2,1.0,140.0,1,1.0,49
2017_01_NO_MIN,MIN,291.0,1,291.0,1,0.0,60.0,0,0.0,49
2017_01_NO_MIN,NO,346.0,3,346.0,3,0.0,129.0,0,0.0,49
2017_01_NYG_DAL,DAL,220.0,0,220.0,0,1.0,35.0,0,0.0,49
2017_01_NYG_DAL,NYG,268.0,1,268.0,1,0.0,129.0,0,0.0,49
2017_01_NYJ_BUF,BUF,187.0,0,187.0,0,2.0,38.0,1,0.0,49
2017_01_NYJ_BUF,NYJ,224.0,2,224.0,2,1.0,190.0,1,0.0,49
2017_01_OAK_TEN,LV,256.0,0,256.0,0,0.0,95.0,1,0.0,49
2017_01_OAK_TEN,TEN,262.0,2,262.0,2,0.0,109.0,0,0.0,49
2017_01_PHI_WAS,PHI,240.0,1,240.0,1,1.0,64.0,0,2.0,49
2017_01_PHI_WAS,WAS,307.0,2,307.0,2,1.0,58.0,0,1.0,49
2017_01_PIT_CLE,CLE,263.0,2,263.0,2,1.0,35.0,0,0.0,49
2017_01_PIT_CLE,PIT,222.0,1,222.0,1,1.0,57.0,1,0.0,49
2017_01_SEA_GB,GB,158.0,0,158.0,0,0.0,90.0,0,1.0,49
2017_01_SEA_GB,SEA,311.0,1,311.0,1,1.0,84.0,1,0.0,49
2017_02_ARI_IND,ARI,216.0,0,216.0,0,1.0,76.0,1,0.0,50
2017_02_ARI_IND,IND,332.0,1,332.0,1,1.0,83.0,0,0.0,50
2017_02_BUF_CAR,BUF,228.0,0,228.0,0,0.0,77.0,0,0.0,50
2017_02_BUF_CAR,CAR,125.0,0,125.0,0,0.0,69.0,0,0.0,50
2017_02_CHI_TB,CHI,204.0,1,204.0,1,0.0,117.0,1,1.0,50
2017_02_CHI_TB,TB,301.0,1,301.0,1,2.0,20.0,0,1.0,49
2017_02_CLE_BAL,BAL,300.0,1,300.0,1,4.0,93.0,0,1.0,50
2017_02_CLE_BAL,CLE,217.0,2,217.0,2,1.0,136.0,1,1.0,50
2017_02_DAL_DEN,DAL,231.0,4,231.0,4,1.0,178.0,1,1.0,50
2017_02_DAL_DEN,DEN,238.0,2,238.0,2,2.0,40.0,0,0.0,50
2017_02_DET_NYG,DET,239.0,1,239.0,1,1.0,62.0,0,0.0,50
2017_02_DET_NYG,NYG,122.0,2,122.0,2,0.0,138.0,0,1.0,50
2017_02_GB_ATL,ATL,343.0,2,343.0,2,1.0,59.0,1,1.0,50
2017_02_GB_ATL,GB,252.0,1,252.0,1,0.0,141.0,2,0.0,50
2017_02_HOU_CIN,CIN,125.0,0,125.0,0,0.0,168.0,1,0.0,50
2017_02_HOU_CIN,HOU,216.0,0,224.0,0,0.0,82.0,0,1.0,50
2017_02_MIA_LAC,LAC,230.0,1,230.0,1,0.0,111.0,0,0.0,50
2017_02_MIA_LAC,MIA,331.0,1,331.0,1,0.0,44.0,1,0.0,49
2017_02_MIN_PIT,MIN,243.0,2,243.0,2,0.0,102.0,0,0.0,50
2017_02_MIN_PIT,PIT,167.0,0,167.0,0,0.0,91.0,1,1.0,50
2017_02_NE_NO,NE,356.0,2,356.0,2,0.0,81.0,0,0.0,50
2017_02_NE_NO,NO,447.0,3,447.0,3,0.0,119.0,1,0.0,50
2017_02_NYJ_OAK,LV,166.0,2,166.0,2,0.0,126.0,0,1.0,50
2017_02_NYJ_OAK,NYJ,230.0,3,230.0,3,0.0,180.0,3,0.0,50
2017_02_PHI_KC,KC,333.0,2,333.0,2,1.0,107.0,0,0.0,50
2017_02_PHI_KC,PHI,251.0,1,251.0,1,0.0,112.0,2,0.0,50
2017_02_SF_SEA,SEA,99.0,0,99.0,0,1.0,159.0,0,0.0,50
2017_02_SF_SEA,SF,198.0,1,198.0,1,0.0,131.0,0,0.0,50
2017_02_TEN_JAX,JAX,215.0,1,215.0,1,1.0,179.0,3,0.0,50
2017_02_TEN_JAX,TEN,223.0,1,223.0,1,2.0,99.0,1,1.0,50
2017_02_WAS_LA,LA,179.0,1,179.0,1,0.0,229.0,2,0.0,50
2017_02_WAS_LA,WAS,247.0,1,247.0,1,1.0,97.0,1,1.0,50
2017_03_ATL_DET,ATL,264.0,1,264.0,1,0.0,71.0,0,0.0,51
2017_03_ATL_DET,DET,294.0,2,294.0,2,3.0,151.0,1,0.0,51
2017_03_BAL_JAX,BAL,244.0,4,244.0,4,0.0,166.0,1,0.0,51
2017_03_BAL_JAX,JAX,64.0,1,64.0,1,2.0,134.0,0,1.0,51
2017_03_CIN_GB,CIN,313.0,3,313.0,3,1.0,64.0,0,0.0,51
2017_03_CIN_GB,GB,212.0,2,212.0,2,0.0,110.0,0,0.0,51
2017_03_CLE_IND,CLE,259.0,1,259.0,1,0.0,92.0,3,1.0,51
2017_03_CLE_IND,IND,242.0,2,242.0,2,3.0,111.0,2,0.0,51
2017_03_DAL_ARI,ARI,183.0,2,183.0,2,0.0,99.0,2,0.0,51
2017_03_DAL_ARI,DAL,325.0,2,325.0,2,0.0,49.0,0,0.0,51
2017_03_DEN_BUF,BUF,259.0,0,259.0,0,2.0,111.0,1,0.0,51
2017_03_DEN_BUF,DEN,213.0,2,213.0,2,0.0,75.0,0,0.0,51
2017_03_HOU_NE,HOU,378.0,5,378.0,5,0.0,59.0,0,1.0,51
2017_03_HOU_NE,NE,301.0,2,301.0,2,2.0,125.0,0,0.0,51
2017_03_KC_LAC,KC,237.0,0,237.0,0,3.0,104.0,1,0.0,51
2017_03_KC_LAC,LAC,155.0,2,155.0,2,0.0,189.0,1,0.0,51
2017_03_LA_SF,LA,332.0,2,332.0,2,1.0,113.0,3,1.0,51
2017_03_LA_SF,SF,292.0,3,292.0,3,0.0,126.0,2,0.0,51
2017_03_MIA_NYJ,MIA,249.0,1,249.0,1,0.0,103.0,1,1.0,50
2017_03_MIA_NYJ,NYJ,220.0,1,220.0,1,2.0,30.0,0,0.0,51
2017_03_NO_CAR,CAR,220.0,3,220.0,3,0.0,149.0,1,0.0,51
2017_03_NO_CAR,NO,184.0,0,184.0,0,3.0,132.0,1,0.0,51
2017_03_NYG_PHI,NYG,176.0,1,176.0,1,0.0,193.0,2,1.0,51
2017_03_NYG_PHI,PHI,366.0,3,366.0,3,2.0,49.0,0,0.0,51
2017_03_OAK_WAS,LV,365.0,3,365.0,3,0.0,116.0,0,1.0,51
2017_03_OAK_WAS,WAS,118.0,1,118.0,1,2.0,32.0,0,1.0,51
2017_03_PIT_CHI,CHI,235.0,1,235.0,1,0.0,70.0,1,1.0,51
2017_03_PIT_CHI,PIT,101.0,1,101.0,1,1.0,222.0,2,1.0,51
2017_03_SEA_TEN,SEA,225.0,2,225.0,2,0.0,195.0,1,0.0,51
2017_03_SEA_TEN,TEN,373.0,4,373.0,4,0.0,69.0,0,0.0,51
2017_03_TB_MIN,MIN,328.0,2,328.0,2,3.0,26.0,0,0.0,51
2017_03_TB_MIN,TB,369.0,3,369.0,3,0.0,125.0,1,0.0,50
2017_04_BUF_ATL,ATL,182.0,1,182.0,1,0.0,117.0,0,0.0,52
2017_04_BUF_ATL,BUF,242.0,1,242.0,1,2.0,147.0,1,1.0,52
2017_04_CAR_NE,CAR,307.0,2,307.0,2,0.0,80.0,1,0.0,52
2017_04_CAR_NE,NE,316.0,3,316.0,3,1.0,140.0,1,1.0,52
2017_04_CHI_GB,CHI,179.0,4,179.0,4,0.0,91.0,1,0.0,52
2017_04_CHI_GB,GB,218.0,1,218.0,1,2.0,103.0,1,2.0,52
2017_04_CIN_CLE,CIN,183.0,0,183.0,0,1.0,45.0,1,0.0,52
2017_04_CIN_CLE,CLE,286.0,4,286.0,4,0.0,86.0,0,1.0,52
2017_04_DET_MIN,DET,219.0,0,219.0,0,0.0,87.0,1,3.0,52
2017_04_DET_MIN,MIN,209.0,0,209.0,0,0.0,97.0,1,0.0,52
2017_04_IND_SEA,IND,295.0,2,295.0,2,2.0,194.0,2,0.0,52
2017_04_IND_SEA,SEA,157.0,1,157.0,1,1.0,98.0,1,1.0,52
2017_04_JAX_NYJ,JAX,255.0,0,255.0,0,1.0,256.0,2,1.0,52
2017_04_JAX_NYJ,NYJ,140.0,1,140.0,1,1.0,175.0,0,0.0,52
2017_04_LA_DAL,DAL,255.0,2,255.0,2,0.0,168.0,0,0.0,52
2017_04_LA_DAL,LA,252.0,3,252.0,3,1.0,189.0,1,0.0,52
2017_04_NO_MIA,MIA,268.0,2,268.0,2,0.0,86.0,0,0.0,51
2017_04_NO_MIA,NO,164.0,0,164.0,0,1.0,58.0,0,0.0,52
2017_04_NYG_TB,NYG,332.0,3,332.0,3,0.0,111.0,0,0.0,52
2017_04_NYG_TB,TB,288.0,2,288.0,2,0.0,91.0,1,0.0,51
2017_04_OAK_DEN,DEN,249.0,1,249.0,1,1.0,24.0,0,0.0,52
2017_04_OAK_DEN,LV,179.0,1,179.0,1,0.0,143.0,0,0.0,52
2017_04_PHI_LAC,LAC,242.0,1,242.0,1,0.0,214.0,1,0.0,52
2017_04_PHI_LAC,PHI,347.0,2,347.0,2,0.0,58.0,1,1.0,52
2017_04_PIT_BAL,BAL,216.0,1,216.0,1,1.0,173.0,2,0.0,52
2017_04_PIT_BAL,PIT,235.0,1,235.0,1,2.0,82.0,0,1.0,52
2017_04_SF_ARI,ARI,234.0,0,234.0,0,1.0,95.0,0,0.0,52
2017_04_SF_ARI,SF,357.0,1,357.0,1,1.0,51.0,0,0.0,52
2017_04_TEN_HOU,HOU,117.0,0,117.0,0,4.0,86.0,2,1.0,52
2017_04_TEN_HOU,TEN,283.0,4,283.0,4,1.0,173.0,2,0.0,52
2017_04_WAS_KC,KC,220.0,2,220.0,2,0.0,111.0,0,0.0,52
2017_04_WAS_KC,WAS,293.0,1,293.0,1,0.0,168.0,1,0.0,52
2017_05_ARI_PHI,ARI,304.0,4,304.0,4,1.0,122.0,0,0.0,53
2017_05_ARI_PHI,PHI,291.0,1,291.0,1,0.0,31.0,0,0.0,53
2017_05_BAL_OAK,BAL,159.0,1,159.0,1,0.0,108.0,1,1.0,53
2017_05_BAL_OAK,LV,222.0,0,222.0,0,0.0,143.0,2,0.0,53
2017_05_BUF_CIN,BUF,328.0,1,328.0,1,2.0,65.0,1,1.0,53
2017_05_BUF_CIN,CIN,166.0,1,166.0,1,1.0,82.0,0,0.0,53
2017_05_CAR_DET,CAR,229.0,2,229.0,2,0.0,50.0,1,1.0,53
2017_05_CAR_DET,DET,355.0,3,355.0,3,0.0,28.0,0,0.0,53
2017_05_GB_DAL,DAL,221.0,3,221.0,3,0.0,160.0,1,0.0,53
2017_05_GB_DAL,GB,251.0,3,251.0,3,1.0,163.0,1,1.0,53
2017_05_JAX_PIT,JAX,312.0,0,312.0,0,5.0,70.0,0,0.0,53
2017_05_JAX_PIT,PIT,95.0,0,95.0,0,1.0,231.0,2,0.0,53
2017_05_KC_HOU,HOU,324.0,3,324.0,3,0.0,127.0,0,0.0,53
2017_05_KC_HOU,KC,261.0,5,261.0,5,0.0,144.0,0,1.0,53
2017_05_LAC_NYG,LAC,225.0,2,225.0,2,1.0,152.0,1,1.0,53
2017_05_LAC_NYG,NYG,258.0,3,258.0,3,1.0,124.0,0,0.0,53
2017_05_MIN_CHI,CHI,176.0,1,176.0,1,0.0,159.0,1,0.0,53
2017_05_MIN_CHI,MIN,166.0,2,166.0,2,1.0,115.0,0,1.0,53
2017_05_NE_TB,NE,334.0,1,334.0,1,0.0,90.0,1,0.0,53
2017_05_NE_TB,TB,303.0,1,303.0,1,1.0,113.0,0,1.0,52
2017_05_NYJ_CLE,CLE,194.0,2,194.0,2,1.0,34.0,0,0.0,53
2017_05_NYJ_CLE,NYJ,281.0,2,281.0,2,2.0,140.0,0,1.0,53
2017_05_SEA_LA,LA,198.0,1,198.0,1,2.0,62.0,0,0.0,53
2017_05_SEA_LA,SEA,288.0,0,288.0,0,2.0,100.0,1,1.0,53
2017_05_SF_IND,IND,353.0,2,353.0,2,0.0,66.0,0,0.0,53
2017_05_SF_IND,SF,314.0,0,314.0,0,1.0,159.0,2,0.0,53
2017_05_TEN_MIA,MIA,141.0,1,141.0,1,0.0,69.0,0,2.0,52
2017_05_TEN_MIA,TEN,92.0,1,92.0,1,1.0,100.0,0,1.0,53
2017_06_CHI_BAL,BAL,134.0,2,134.0,2,0.0,231.0,0,2.0,54
2017_06_CHI_BAL,CHI,180.0,0,180.0,0,2.0,125.0,0,1.0,54
2017_06_CLE_HOU,CLE,225.0,3,225.0,3,1.0,123.0,0,0.0,54
2017_06_CLE_HOU,HOU,140.0,1,140.0,1,3.0,134.0,0,0.0,54
2017_06_DET_NO,DET,186.0,2,186.0,2,2.0,193.0,2,1.0,54
2017_06_DET_NO,NO,312.0,3,312.0,3,3.0,66.0,0,2.0,53
2017_06_GB_MIN,GB,239.0,1,239.0,1,1.0,112.0,1,1.0,54
2017_06_GB_MIN,MIN,175.0,1,175.0,1,3.0,72.0,0,0.0,54
2017_06_IND_TEN,IND,306.0,1,306.0,1,1.0,168.0,2,0.0,54
2017_06_IND_TEN,TEN,212.0,1,212.0,1,0.0,85.0,0,1.0,54
2017_06_LAC_OAK,LAC,171.0,1,171.0,1,2.0,109.0,1,0.0,54
2017_06_LAC_OAK,LV,268.0,1,268.0,1,0.0,80.0,1,1.0,54
2017_06_LA_JAX,JAX,124.0,1,124.0,1,0.0,142.0,0,1.0,54
2017_06_LA_JAX,LA,241.0,1,241.0,1,1.0,169.0,1,0.0,54
2017_06_MIA_ATL,ATL,151.0,2,151.0,2,1.0,138.0,0,0.0,53
2017_06_MIA_ATL,MIA,248.0,1,248.0,1,1.0,100.0,1,0.0,53
2017_06_NE_NYJ,NE,354.0,2,354.0,2,2.0,74.0,0,0.0,54
2017_06_NE_NYJ,NYJ,257.0,2,257.0,2,1.0,118.0,1,1.0,54
2017_06_NYG_DEN,DEN,128.0,1,128.0,1,0.0,148.0,0,0.0,53
2017_06_NYG_DEN,NYG,394.0,1,394.0,1,2.0,46.0,0,1.0,54
2017_06_PHI_CAR,CAR,222.0,3,222.0,3,0.0,101.0,0,1.0,54
2017_06_PHI_CAR,PHI,239.0,1,239.0,1,3.0,80.0,1,0.0,54
2017_06_PIT_KC,KC,252.0,1,252.0,1,1.0,194.0,1,0.0,54
2017_06_PIT_KC,PIT,246.0,1,246.0,1,0.0,28.0,0,0.0,54
2017_06_SF_WAS,SF,330.0,2,330.0,2,1.0,94.0,1,1.0,54
2017_06_SF_WAS,WAS,279.0,1,279.0,1,1.0,85.0,2,0.0,53
2017_06_TB_ARI,ARI,351.0,3,351.0,3,2.0,70.0,1,0.0,54
2017_06_TB_ARI,TB,283.0,3,283.0,3,1.0,160.0,2,1.0,53
2017_07_ARI_LA,ARI,235.0,1,235.0,1,1.0,197.0,2,0.0,55
2017_07_ARI_LA,LA,188.0,0,188.0,0,2.0,25.0,0,0.0,55
2017_07_ATL_NE,ATL,249.0,2,249.0,2,0.0,162.0,0,0.0,54
2017_07_ATL_NE,NE,233.0,1,233.0,1,0.0,120.0,0,0.0,55
2017_07_BAL_MIN,BAL,188.0,0,188.0,0,1.0,169.0,1,0.0,55
2017_07_BAL_MIN,MIN,186.0,1,186.0,1,0.0,64.0,0,0.0,55
2017_07_CAR_CHI,CAR,107.0,0,107.0,0,0.0,68.0,0,0.0,55
2017_07_CAR_CHI,CHI,211.0,0,211.0,0,2.0,108.0,0,1.0,55
2017_07_CIN_PIT,CIN,268.0,2,268.0,2,0.0,152.0,0,0.0,54
2017_07_CIN_PIT,PIT,140.0,2,140.0,2,2.0,71.0,0,0.0,55
2017_07_DAL_SF,DAL,235.0,0,235.0,0,0.0,103.0,1,2.0,54
2017_07_DAL_SF,SF,236.0,3,236.0,3,0.0,265.0,3,0.0,55
2017_07_DEN_LAC,DEN,183.0,2,183.0,2,0.0,80.0,0,0.0,54
2017_07_DEN_LAC,LAC,207.0,0,207.0,0,1.0,69.0,0,2.0,55
2017_07_JAX_IND,IND,330.0,1,330.0,1,0.0,188.0,2,2.0,55
2017_07_JAX_IND,JAX,200.0,0,200.0,0,0.0,96.0,0,0.0,55
2017_07_KC_OAK,KC,417.0,3,417.0,3,0.0,88.0,1,0.0,55
2017_07_KC_OAK,LV,342.0,3,342.0,3,0.0,94.0,0,0.0,55
2017_07_NO_GB,GB,331.0,1,331.0,1,2.0,161.0,2,0.0,55
2017_07_NO_GB,NO,87.0,0,87.0,0,1.0,181.0,2,0.0,54
2017_07_NYJ_MIA,MIA,209.0,3,209.0,3,1.0,92.0,1,1.0,54
2017_07_NYJ_MIA,NYJ,326.0,4,326.0,4,2.0,53.0,0,0.0,55
2017_07_SEA_NYG,NYG,334.0,3,334.0,3,0.0,104.0,0,1.0,55
2017_07_SEA_NYG,SEA,134.0,1,134.0,1,0.0,46.0,0,1.0,54
2017_07_TB_BUF,BUF,384.0,3,384.0,3,1.0,69.0,0,2.0,54
2017_07_TB_BUF,TB,268.0,1,268.0,1,0.0,173.0,2,1.0,54
2017_07_TEN_CLE,CLE,203.0,0,203.0,0,0.0,80.0,0,1.0,55
2017_07_TEN_CLE,TEN,235.0,0,235.0,0,3.0,66.0,0,0.0,55
2017_07_WAS_PHI,PHI,303.0,3,303.0,3,1.0,75.0,0,0.0,55
2017_07_WAS_PHI,WAS,268.0,4,268.0,4,1.0,127.0,0,0.0,54
2017_08_ATL_NYJ,ATL,257.0,2,257.0,2,0.0,43.0,0,0.0,55
2017_08_ATL_NYJ,NYJ,254.0,2,254.0,2,0.0,140.0,0,2.0,56
2017_08_CAR_TB,CAR,210.0,0,210.0,0,2.0,85.0,0,1.0,56
2017_08_CAR_TB,TB,154.0,1,154.0,1,1.0,100.0,1,0.0,55
2017_08_CHI_NO,CHI,299.0,0,299.0,0,0.0,101.0,2,2.0,56
2017_08_CHI_NO,NO,164.0,0,164.0,0,1.0,157.0,1,0.0,55
2017_08_DAL_WAS,DAL,263.0,1,263.0,1,1.0,49.0,1,1.0,55
2017_08_DAL_WAS,WAS,143.0,0,143.0,0,0.0,169.0,2,1.0,55
2017_08_DEN_KC,DEN,202.0,1,202.0,1,1.0,79.0,0,1.0,55
2017_08_DEN_KC,KC,198.0,1,198.0,1,3.0,177.0,1,1.0,56
2017_08_HOU_SEA,HOU,452.0,4,452.0,4,1.0,33.0,0,0.0,55
2017_08_HOU_SEA,SEA,402.0,4,402.0,4,3.0,142.0,1,0.0,55
2017_08_IND_CIN,CIN,233.0,2,233.0,2,1.0,115.0,0,0.0,55
2017_08_IND_CIN,IND,243.0,2,243.0,2,0.0,58.0,0,1.0,56
2017_08_LAC_NE,LAC,333.0,1,333.0,1,0.0,97.0,0,0.0,56
2017_08_LAC_NE,NE,212.0,1,212.0,1,1.0,157.0,1,0.0,56
2017_08_MIA_BAL,BAL,176.0,0,176.0,0,2.0,45.0,0,0.0,56
2017_08_MIA_BAL,MIA,121.0,2,121.0,2,0.0,174.0,0,0.0,55
2017_08_MIN_CLE,CLE,288.0,2,288.0,2,1.0,88.0,1,0.0,56
2017_08_MIN_CLE,MIN,179.0,0,179.0,0,0.0,115.0,2,1.0,56
2017_08_OAK_BUF,BUF,313.0,1,313.0,1,2.0,54.0,1,1.0,55
2017_08_OAK_BUF,LV,165.0,1,165.0,1,0.0,166.0,2,0.0,56
2017_08_PIT_DET,DET,317.0,1,317.0,1,1.0,75.0,1,1.0,55
2017_08_PIT_DET,PIT,423.0,0,423.0,0,0.0,71.0,0,1.0,56
2017_08_SF_PHI,PHI,167.0,1,167.0,1,2.0,94.0,0,0.0,56
2017_08_SF_PHI,SF,211.0,2,211.0,2,1.0,112.0,1,0.0,56
2017_09_ARI_SF,ARI,294.0,0,294.0,0,1.0,63.0,1,1.0,56
2017_09_ARI_SF,SF,201.0,2,201.0,2,1.0,167.0,0,1.0,57
2017_09_ATL_CAR,ATL,137.0,0,137.0,0,0.0,201.0,2,2.0,56
2017_09_ATL_CAR,CAR,313.0,2,313.0,2,1.0,53.0,0,0.0,57
2017_09_BAL_TEN,BAL,218.0,2,218.0,2,1.0,71.0,1,0.0,57
2017_09_BAL_TEN,TEN,277.0,2,277.0,2,2.0,73.0,0,0.0,56
2017_09_BUF_NYJ,BUF,140.0,1,140.0,1,0.0,194.0,3,0.0,56
2017_09_BUF_NYJ,NYJ,285.0,2,285.0,2,0.0,63.0,1,3.0,57
2017_09_CIN_JAX,CIN,259.0,1,259.0,1,0.0,149.0,0,1.0,56
2017_09_CIN_JAX,JAX,136.0,0,136.0,0,0.0,29.0,1,0.0,56
2017_09_DEN_PHI,DEN,234.0,4,234.0,4,0.0,197.0,3,1.0,56
2017_09_DEN_PHI,PHI,208.0,1,208.0,1,2.0,35.0,0,0.0,57
2017_09_DET_GB,DET,245.0,0,245.0,0,0.0,78.0,2,0.0,56
2017_09_DET_GB,GB,361.0,2,361.0,2,0.0,64.0,1,1.0,56
2017_09_IND_HOU,HOU,308.0,2,308.0,2,0.0,92.0,0,1.0,56
2017_09_IND_HOU,IND,219.0,1,219.0,1,0.0,94.0,0,1.0,57
2017_09_KC_DAL,DAL,263.0,2,263.0,2,1.0,68.0,0,0.0,56
2017_09_KC_DAL,KC,249.0,2,249.0,2,0.0,131.0,2,0.0,57
2017_09_LA_NYG,LA,220.0,2,220.0,2,1.0,111.0,0,2.0,56
2017_09_LA_NYG,NYG,302.0,4,311.0,4,0.0,162.0,2,0.0,56
2017_09_OAK_MIA,LV,311.0,3,311.0,3,0.0,86.0,0,1.0,57
2017_09_OAK_MIA,MIA,300.0,1,300.0,1,1.0,84.0,2,0.0,56
2017_09_TB_NO,NO,135.0,1,135.0,1,0.0,87.0,0,1.0,56
2017_09_TB_NO,TB,263.0,2,263.0,2,0.0,151.0,1,1.0,56
2017_09_WAS_SEA,SEA,247.0,0,247.0,0,0.0,51.0,2,1.0,56
2017_09_WAS_SEA,WAS,297.0,2,297.0,2,2.0,148.0,0,0.0,56
2017_10_CIN_TEN,CIN,264.0,1,264.0,1,1.0,180.0,2,0.0,57
2017_10_CIN_TEN,TEN,265.0,2,265.0,2,0.0,53.0,1,2.0,57
2017_10_CLE_DET,CLE,249.0,3,249.0,3,1.0,104.0,1,0.0,57
2017_10_CLE_DET,DET,237.0,1,237.0,1,1.0,201.0,2,1.0,57
2017_10_DAL_ATL,ATL,176.0,0,176.0,0,0.0,107.0,1,2.0,57
2017_10_DAL_ATL,DAL,215.0,2,215.0,2,1.0,132.0,1,0.0,57
2017_10_GB_CHI,CHI,212.0,1,212.0,1,0.0,160.0,1,0.0,57
2017_10_GB_CHI,GB,295.0,1,297.0,1,0.0,55.0,0,0.0,57
2017_10_HOU_LA,HOU,361.0,3,361.0,3,0.0,104.0,0,0.0,57
2017_10_HOU_LA,LA,221.0,1,221.0,1,2.0,89.0,0,2.0,57
2017_10_LAC_JAX,JAX,235.0,2,235.0,2,1.0,87.0,0,1.0,57
2017_10_LAC_JAX,LAC,273.0,1,273.0,1,2.0,135.0,1,0.0,57
2017_10_MIA_CAR,CAR,213.0,2,213.0,2,1.0,100.0,1,0.0,58
2017_10_MIA_CAR,MIA,254.0,4,254.0,4,0.0,294.0,2,0.0,57
2017_10_MIN_WAS,MIN,327.0,1,327.0,1,1.0,81.0,2,0.0,57
2017_10_MIN_WAS,WAS,304.0,4,304.0,4,2.0,102.0,1,0.0,57
2017_10_NE_DEN,DEN,303.0,3,303.0,3,0.0,99.0,1,0.0,57
2017_10_NE_DEN,NE,221.0,1,221.0,1,1.0,118.0,0,0.0,57
2017_10_NO_BUF,BUF,184.0,0,184.0,0,0.0,298.0,6,1.0,57
2017_10_NO_BUF,NO,135.0,1,135.0,1,1.0,69.0,0,0.0,57
2017_10_NYG_SF,NYG,288.0,2,288.0,2,1.0,186.0,2,1.0,57
2017_10_NYG_SF,SF,273.0,2,273.0,2,0.0,114.0,0,1.0,58
2017_10_NYJ_TB,NYJ,187.0,1,187.0,1,1.0,90.0,0,0.0,58
2017_10_NYJ_TB,TB,262.0,1,262.0,1,1.0,56.0,0,1.0,57
2017_10_PIT_IND,IND,236.0,2,236.0,2,1.0,88.0,0,0.0,58
2017_10_PIT_IND,PIT,222.0,2,222.0,2,1.0,71.0,0,0.0,57
2017_10_SEA_ARI,ARI,238.0,2,238.0,2,0.0,75.0,0,0.0,57
2017_10_SEA_ARI,SEA,273.0,1,273.0,1,0.0,34.0,1,1.0,57
2017_11_ARI_HOU,ARI,230.0,2,230.0,2,1.0,134.0,2,1.0,58
2017_11_ARI_HOU,HOU,257.0,3,257.0,3,2.0,48.0,0,0.0,58
2017_11_ATL_SEA,ATL,254.0,2,254.0,2,1.0,136.0,1,1.0,58
2017_11_ATL_SEA,SEA,195.0,2,195.0,2,0.0,89.0,1,0.0,58
2017_11_BAL_GB,BAL,239.0,0,239.0,0,3.0,75.0,0,2.0,58
2017_11_BAL_GB,GB,183.0,1,183.0,1,1.0,58.0,1,0.0,58
2017_11_BUF_LAC,BUF,284.0,2,284.0,2,0.0,146.0,2,0.0,58
2017_11_BUF_LAC,LAC,224.0,1,224.0,1,5.0,173.0,2,1.0,58
2017_11_CIN_DEN,CIN,254.0,1,254.0,1,1.0,112.0,1,1.0,58
2017_11_CIN_DEN,DEN,154.0,3,154.0,3,0.0,49.0,0,0.0,58
2017_11_DET_CHI,CHI,299.0,2,299.0,2,0.0,65.0,0,1.0,58
2017_11_DET_CHI,DET,179.0,1,179.0,1,0.0,222.0,2,1.0,58
2017_11_JAX_CLE,CLE,154.0,1,154.0,1,0.0,139.0,0,1.0,58
2017_11_JAX_CLE,JAX,179.0,1,179.0,1,2.0,50.0,0,2.0,58
2017_11_KC_NYG,KC,205.0,0,205.0,0,1.0,112.0,1,0.0,58
2017_11_KC_NYG,NYG,230.0,0,230.0,0,3.0,134.0,0,0.0,58
2017_11_LA_MIN,LA,280.0,1,280.0,1,0.0,171.0,2,0.0,58
2017_11_LA_MIN,MIN,225.0,0,225.0,0,0.0,45.0,1,1.0,58
2017_11_NE_OAK,LV,340.0,3,340.0,3,0.0,89.0,0,0.0,58
2017_11_NE_OAK,NE,237.0,1,237.0,1,1.0,109.0,0,1.0,58
2017_11_PHI_DAL,DAL,168.0,2,168.0,2,0.0,215.0,2,0.0,58
2017_11_PHI_DAL,PHI,145.0,0,145.0,0,3.0,112.0,0,1.0,58
2017_11_TB_MIA,MIA,275.0,2,275.0,2,0.0,53.0,0,0.0,58
2017_11_TB_MIA,TB,365.0,2,365.0,2,3.0,83.0,0,1.0,58
2017_11_TEN_PIT,PIT,306.0,1,306.0,1,4.0,52.0,1,0.0,58
2017_11_TEN_PIT,TEN,307.0,4,307.0,4,0.0,65.0,0,0.0,58
2017_11_WAS_NO,NO,322.0,3,322.0,3,0.0,156.0,1,0.0,58
2017_11_WAS_NO,WAS,385.0,2,385.0,2,1.0,160.0,1,0.0,58
2017_12_BUF_KC,BUF,199.0,1,199.0,1,1.0,55.0,0,0.0,59
2017_12_BUF_KC,KC,183.0,1,183.0,1,0.0,104.0,0,0.0,59
2017_12_CAR_NYJ,CAR,307.0,3,307.0,3,0.0,109.0,0,1.0,59
2017_12_CAR_NYJ,NYJ,168.0,0,168.0,0,0.0,145.0,2,0.0,59
2017_12_CHI_PHI,CHI,248.0,3,248.0,3,0.0,176.0,0,2.0,59
2017_12_CHI_PHI,PHI,147.0,0,147.0,0,2.0,6.0,0,0.0,59
2017_12_CLE_CIN,CIN,268.0,0,268.0,0,0.0,169.0,1,0.0,59
2017_12_CLE_CIN,CLE,214.0,2,214.0,2,0.0,152.0,1,0.0,59
2017_12_DEN_OAK,DEN,253.0,2,253.0,2,0.0,104.0,1,1.0,59
2017_12_DEN_OAK,LV,190.0,2,190.0,2,1.0,56.0,0,0.0,59
2017_12_GB_PIT,GB,351.0,4,351.0,4,2.0,121.0,0,1.0,59
2017_12_GB_PIT,PIT,245.0,3,245.0,3,0.0,80.0,1,0.0,59
2017_12_HOU_BAL,BAL,252.0,0,252.0,0,2.0,66.0,1,1.0,59
2017_12_HOU_BAL,HOU,163.0,0,163.0,0,0.0,139.0,2,0.0,59
2017_12_JAX_ARI,ARI,160.0,0,160.0,0,1.0,91.0,2,1.0,59
2017_12_JAX_ARI,JAX,241.0,2,241.0,2,1.0,108.0,0,1.0,59
2017_12_LAC_DAL,DAL,434.0,3,434.0,3,0.0,81.0,0,0.0,59
2017_12_LAC_DAL,LAC,179.0,0,179.0,0,2.0,79.0,1,0.0,59
2017_12_MIA_NE,MIA,227.0,4,227.0,4,1.0,196.0,1,1.0,59
2017_12_MIA_NE,NE,215.0,1,215.0,1,2.0,67.0,0,1.0,59
2017_12_MIN_DET,DET,282.0,2,282.0,2,0.0,136.0,2,0.0,59
2017_12_MIN_DET,MIN,250.0,2,250.0,2,1.0,53.0,0,1.0,59
2017_12_NO_LA,LA,246.0,1,246.0,1,0.0,123.0,1,0.0,59
2017_12_NO_LA,NO,354.0,2,354.0,2,1.0,88.0,0,0.0,59
2017_12_NYG_WAS,NYG,242.0,2,242.0,2,1.0,122.0,0,0.0,59
2017_12_NYG_WAS,WAS,113.0,0,113.0,0,1.0,84.0,0,0.0,59
2017_12_SEA_SF,SEA,219.0,1,219.0,1,1.0,84.0,0,0.0,59
2017_12_SEA_SF,SF,228.0,2,228.0,2,1.0,90.0,1,0.0,59
2017_12_TB_ATL,ATL,283.0,0,283.0,0,0.0,94.0,2,0.0,59
2017_12_TB_ATL,TB,368.0,2,368.0,2,0.0,148.0,2,1.0,59
2017_12_TEN_IND,IND,184.0,1,184.0,1,2.0,92.0,1,0.0,59
2017_12_TEN_IND,TEN,196.0,0,196.0,0,0.0,89.0,1,1.0,59
2017_13_CAR_NO,CAR,269.0,1,269.0,1,0.0,148.0,3,1.0,60
2017_13_CAR_NO,NO,183.0,2,183.0,2,0.0,112.0,1,0.0,60
2017_13_CLE_LAC,CLE,344.0,1,344.0,1,0.0,94.0,0,0.0,60
2017_13_CLE_LAC,LAC,215.0,1,215.0,1,1.0,89.0,0,1.0,60
2017_13_DEN_MIA,DEN,235.0,2,235.0,2,2.0,145.0,1,1.0,60
2017_13_DEN_MIA,MIA,200.0,0,200.0,0,3.0,103.0,0,0.0,60
2017_13_DET_BAL,BAL,316.0,1,316.0,1,2.0,78.0,2,1.0,60
2017_13_DET_BAL,DET,269.0,2,269.0,2,0.0,101.0,2,0.0,60
2017_13_HOU_TEN,HOU,150.0,1,150.0,1,0.0,198.0,2,0.0,60
2017_13_HOU_TEN,TEN,365.0,1,365.0,1,1.0,53.0,0,0.0,60
2017_13_IND_JAX,IND,338.0,2,338.0,2,0.0,96.0,1,0.0,60
2017_13_IND_JAX,JAX,174.0,1,174.0,1,2.0,141.0,0,0.0,60
2017_13_KC_NYJ,KC,331.0,1,331.0,1,0.0,157.0,3,0.0,60
2017_13_KC_NYJ,NYJ,366.0,4,366.0,4,0.0,112.0,0,0.0,60
2017_13_LA_ARI,ARI,220.0,2,220.0,2,1.0,90.0,0,0.0,60
2017_13_LA_ARI,LA,221.0,1,221.0,1,2.0,118.0,1,0.0,60
2017_13_MIN_ATL,ATL,227.0,2,227.0,2,0.0,105.0,0,0.0,60
2017_13_MIN_ATL,MIN,173.0,0,173.0,0,0.0,102.0,0,0.0,60
2017_13_NE_BUF,BUF,258.0,0,258.0,0,1.0,191.0,2,0.0,60
2017_13_NE_BUF,NE,115.0,0,115.0,0,1.0,183.0,0,0.0,60
2017_13_NYG_OAK,LV,212.0,1,212.0,1,0.0,65.0,1,2.0,60
2017_13_NYG_OAK,NYG,287.0,1,287.0,1,0.0,119.0,2,1.0,60
2017_13_PHI_SEA,PHI,227.0,3,227.0,3,0.0,101.0,0,0.0,60
2017_13_PHI_SEA,SEA,348.0,1,348.0,1,1.0,98.0,0,0.0,60
2017_13_PIT_CIN,CIN,290.0,2,290.0,2,1.0,92.0,0,0.0,60
2017_13_PIT_CIN,PIT,234.0,2,234.0,2,0.0,130.0,0,0.0,60
2017_13_SF_CHI,CHI,293.0,0,293.0,0,1.0,110.0,0,0.0,60
2017_13_SF_CHI,SF,102.0,1,102.0,1,0.0,62.0,0,0.0,60
2017_13_TB_GB,GB,270.0,2,270.0,2,0.0,165.0,0,1.0,60
2017_13_TB_GB,TB,84.0,0,84.0,0,1.0,199.0,2,0.0,60
2017_13_WAS_DAL,DAL,251.0,2,251.0,2,2.0,56.0,0,1.0,60
2017_13_WAS_DAL,WAS,102.0,2,102.0,2,0.0,182.0,2,0.0,60
2017_14_BAL_PIT,BAL,506.0,2,506.0,2,0.0,59.0,2,0.0,61
2017_14_BAL_PIT,PIT,269.0,2,269.0,2,1.0,152.0,3,0.0,61
2017_14_CHI_CIN,CHI,188.0,1,188.0,1,1.0,70.0,0,1.0,61
2017_14_CHI_CIN,CIN,271.0,1,271.0,1,0.0,232.0,3,0.0,61
2017_14_DAL_NYG,DAL,228.0,1,228.0,1,2.0,102.0,0,0.0,61
2017_14_DAL_NYG,NYG,332.0,3,332.0,3,0.0,122.0,1,0.0,61
2017_14_DET_TB,DET,285.0,2,285.0,2,2.0,133.0,1,3.0,61
2017_14_DET_TB,TB,381.0,1,381.0,1,2.0,53.0,2,1.0,61
2017_14_GB_CLE,CLE,265.0,3,265.0,3,0.0,85.0,1,0.0,61
2017_14_GB_CLE,GB,214.0,3,214.0,3,2.0,136.0,0,0.0,61
2017_14_IND_BUF,BUF,69.0,1,69.0,1,0.0,163.0,0,0.0,61
2017_14_IND_BUF,IND,71.0,1,71.0,1,1.0,227.0,1,1.0,61
2017_14_MIN_CAR,CAR,280.0,2,280.0,2,2.0,100.0,0,1.0,61
2017_14_MIN_CAR,MIN,137.0,1,137.0,1,1.0,216.0,3,0.0,61
2017_14_NE_MIA,MIA,233.0,1,233.0,1,2.0,25.0,1,0.0,61
2017_14_NE_MIA,NE,263.0,3,263.0,3,0.0,120.0,0,0.0,61
2017_14_NO_ATL,ATL,271.0,2,271.0,2,1.0,50.0,0,0.0,61
2017_14_NO_ATL,NO,221.0,1,221.0,1,3.0,132.0,1,0.0,61
2017_14_NYJ_DEN,DEN,60.0,0,60.0,0,1.0,59.0,0,1.0,61
2017_14_NYJ_DEN,NYJ,200.0,1,200.0,1,0.0,84.0,1,0.0,61
2017_14_OAK_KC,KC,211.0,1,211.0,1,2.0,70.0,1,1.0,61
2017_14_OAK_KC,LV,268.0,0,268.0,0,1.0,165.0,2,0.0,61
2017_14_PHI_LA,LA,333.0,4,333.0,4,1.0,139.0,0,0.0,61
2017_14_PHI_LA,PHI,208.0,2,199.0,2,0.0,109.0,2,1.0,61
2017_14_SEA_JAX,JAX,271.0,3,271.0,3,3.0,141.0,0,0.0,61
2017_14_SEA_JAX,SEA,268.0,2,268.0,2,0.0,156.0,1,0.0,61
2017_14_SF_HOU,HOU,334.0,1,334.0,1,1.0,102.0,1,0.0,61
2017_14_SF_HOU,SF,238.0,2,238.0,2,0.0,90.0,0,1.0,61
2017_14_TEN_ARI,ARI,159.0,0,159.0,0,2.0,65.0,1,0.0,61
2017_14_TEN_ARI,TEN,178.0,0,178.0,0,0.0,136.0,0,0.0,61
2017_14_WAS_LAC,LAC,151.0,1,151.0,1,1.0,65.0,0,0.0,61
2017_14_WAS_LAC,WAS,322.0,2,322.0,2,1.0,174.0,1,0.0,61
2017_15_ARI_WAS,ARI,196.0,2,196.0,2,0.0,31.0,0,1.0,62
2017_15_ARI_WAS,WAS,189.0,0,189.0,0,1.0,141.0,0,1.0,62
2017_15_ATL_TB,ATL,299.0,3,299.0,3,0.0,84.0,0,1.0,62
2017_15_ATL_TB,TB,212.0,1,212.0,1,0.0,201.0,1,0.0,62
2017_15_BAL_CLE,BAL,146.0,0,146.0,0,2.0,130.0,1,2.0,62
2017_15_BAL_CLE,CLE,288.0,1,288.0,1,0.0,97.0,1,0.0,62
2017_15_CHI_DET,CHI,237.0,2,237.0,2,0.0,91.0,0,1.0,62
2017_15_CHI_DET,DET,314.0,1,314.0,1,3.0,43.0,0,0.0,62
2017_15_CIN_MIN,CIN,236.0,2,236.0,2,1.0,124.0,1,0.0,62
2017_15_CIN_MIN,MIN,132.0,0,132.0,0,2.0,46.0,1,0.0,62
2017_15_DAL_OAK,DAL,171.0,2,171.0,2,0.0,122.0,0,0.0,62
2017_15_DAL_OAK,LV,212.0,0,212.0,0,2.0,126.0,2,0.0,62
2017_15_DEN_IND,DEN,158.0,0,158.0,0,0.0,70.0,1,0.0,62
2017_15_DEN_IND,IND,261.0,2,261.0,2,1.0,211.0,1,0.0,62
2017_15_GB_CAR,CAR,290.0,3,290.0,3,3.0,120.0,0,1.0,62
2017_15_GB_CAR,GB,242.0,4,242.0,4,0.0,151.0,0,0.0,62
2017_15_HOU_JAX,HOU,326.0,3,326.0,3,0.0,138.0,3,0.0,62
2017_15_HOU_JAX,JAX,128.0,1,128.0,1,1.0,87.0,0,0.0,62
2017_15_LAC_KC,KC,227.0,1,227.0,1,3.0,98.0,1,1.0,62
2017_15_LAC_KC,LAC,231.0,2,231.0,2,0.0,174.0,1,0.0,62
2017_15_LA_SEA,LA,142.0,1,142.0,1,0.0,78.0,0,2.0,62
2017_15_LA_SEA,SEA,124.0,2,124.0,2,1.0,244.0,3,0.0,62
2017_15_MIA_BUF,BUF,274.0,0,274.0,0,3.0,100.0,1,0.0,62
2017_15_MIA_BUF,MIA,224.0,1,224.0,1,0.0,116.0,2,0.0,62
2017_15_NE_PIT,NE,281.0,2,281.0,2,1.0,143.0,1,0.0,62
2017_15_NE_PIT,PIT,298.0,1,298.0,1,1.0,77.0,2,0.0,62
2017_15_NYJ_NO,NO,179.0,1,179.0,1,2.0,124.0,1,0.0,62
2017_15_NYJ_NO,NYJ,281.0,2,281.0,2,1.0,131.0,2,2.0,62
2017_15_PHI_NYG,NYG,237.0,4,237.0,4,0.0,108.0,0,0.0,62
2017_15_PHI_NYG,PHI,434.0,3,434.0,3,1.0,75.0,1,0.0,62
2017_15_TEN_SF,SF,241.0,2,241.0,2,0.0,90.0,0,1.0,62
2017_15_TEN_SF,TEN,381.0,1,381.0,1,0.0,51.0,0,0.0,62
2017_16_ATL_NO,ATL,239.0,1,239.0,1,1.0,86.0,1,0.0,63
2017_16_ATL_NO,NO,288.0,1,288.0,1,1.0,67.0,0,1.0,63
2017_16_BUF_NE,BUF,224.0,2,224.0,2,1.0,193.0,2,0.0,63
2017_16_BUF_NE,NE,281.0,0,281.0,0,0.0,84.0,0,0.0,63
2017_16_CLE_CHI,CHI,182.0,0,182.0,0,2.0,76.0,0,1.0,63
2017_16_CLE_CHI,CLE,193.0,0,193.0,0,0.0,97.0,3,0.0,63
2017_16_DEN_WAS,DEN,299.0,3,299.0,3,1.0,87.0,0,1.0,63
2017_16_DEN_WAS,WAS,193.0,0,193.0,0,1.0,159.0,1,2.0,63
2017_16_DET_CIN,CIN,203.0,1,203.0,1,1.0,87.0,1,0.0,63
2017_16_DET_CIN,DET,238.0,1,238.0,1,1.0,142.0,1,0.0,63
2017_16_IND_BAL,BAL,215.0,1,215.0,1,0.0,93.0,0,0.0,63
2017_16_IND_BAL,IND,237.0,2,237.0,2,0.0,103.0,0,0.0,63
2017_16_JAX_SF,JAX,242.0,2,242.0,2,1.0,131.0,3,0.0,63
2017_16_JAX_SF,SF,382.0,2,382.0,2,3.0,92.0,2,0.0,63
2017_16_LAC_NYJ,LAC,121.0,0,119.0,0,1.0,197.0,1,2.0,63
2017_16_LAC_NYJ,NYJ,290.0,1,290.0,1,0.0,89.0,1,0.0,63
2017_16_LA_TEN,LA,275.0,0,275.0,0,1.0,97.0,1,0.0,63
2017_16_LA_TEN,TEN,301.0,4,301.0,4,0.0,116.0,0,1.0,63
2017_16_MIA_KC,KC,286.0,1,286.0,1,0.0,59.0,0,2.0,63
2017_16_MIA_KC,MIA,304.0,1,304.0,1,0.0,103.0,1,0.0,63
2017_16_MIN_GB,GB,139.0,1,139.0,1,0.0,112.0,0,0.0,63
2017_16_MIN_GB,MIN,130.0,0,130.0,0,2.0,113.0,0,0.0,63
2017_16_NYG_ARI,ARI,263.0,0,263.0,0,2.0,43.0,0,1.0,63
2017_16_NYG_ARI,NYG,230.0,2,230.0,2,2.0,74.0,0,0.0,63
2017_16_OAK_PHI,LV,163.0,1,163.0,1,1.0,78.0,0,1.0,63
2017_16_OAK_PHI,PHI,140.0,1,140.0,1,2.0,137.0,0,3.0,63
2017_16_PIT_HOU,HOU,226.0,2,226.0,2,0.0,104.0,2,0.0,63
2017_16_PIT_HOU,PIT,93.0,1,93.0,1,1.0,176.0,0,1.0,63
2017_16_SEA_DAL,DAL,93.0,2,93.0,2,0.0,76.0,0,0.0,63
2017_16_SEA_DAL,SEA,181.0,0,181.0,0,2.0,128.0,0,1.0,63
2017_16_TB_CAR,CAR,367.0,1,367.0,1,0.0,66.0,0,3.0,63
2017_16_TB_CAR,TB,160.0,0,160.0,0,1.0,115.0,1,0.0,63
2017_17_ARI_SEA,ARI,221.0,2,221.0,2,0.0,101.0,0,0.0,64
2017_17_ARI_SEA,SEA,145.0,1,145.0,1,1.0,116.0,1,0.0,64
2017_17_BUF_MIA,BUF,271.0,1,271.0,1,1.0,93.0,1,0.0,64
2017_17_BUF_MIA,MIA,204.0,1,204.0,1,0.0,126.0,1,0.0,64
2017_17_CAR_ATL,ATL,180.0,1,180.0,1,3.0,87.0,0,0.0,64
2017_17_CAR_ATL,CAR,317.0,1,317.0,1,0.0,60.0,0,0.0,64
2017_17_CHI_MIN,CHI,189.0,1,189.0,1,0.0,147.0,2,0.0,64
2017_17_CHI_MIN,MIN,178.0,0,178.0,0,0.0,30.0,0,0.0,64
2017_17_CIN_BAL,BAL,222.0,3,222.0,3,0.0,146.0,0,1.0,64
2017_17_CIN_BAL,CIN,203.0,2,203.0,2,1.0,118.0,1,0.0,64
2017_17_CLE_PIT,CLE,239.0,1,239.0,1,1.0,124.0,2,1.0,64
2017_17_CLE_PIT,PIT,314.0,2,314.0,2,1.0,102.0,1,1.0,64
2017_17_DAL_PHI,DAL,173.0,0,173.0,0,1.0,70.0,0,1.0,64
2017_17_DAL_PHI,PHI,179.0,1,179.0,1,0.0,129.0,0,0.0,64
2017_17_GB_DET,DET,193.0,1,193.0,1,2.0,103.0,0,1.0,64
2017_17_GB_DET,GB,323.0,3,323.0,3,0.0,51.0,1,0.0,64
2017_17_HOU_IND,HOU,114.0,1,114.0,1,0.0,146.0,1,0.0,64
2017_17_HOU_IND,IND,137.0,0,137.0,0,1.0,85.0,1,0.0,64
2017_17_JAX_TEN,JAX,134.0,1,134.0,1,0.0,116.0,0,1.0,64
2017_17_JAX_TEN,TEN,158.0,0,158.0,0,2.0,83.0,0,1.0,64
2017_17_KC_DEN,DEN,284.0,0,284.0,0,1.0,110.0,2,1.0,64
2017_17_KC_DEN,KC,254.0,2,254.0,2,2.0,110.0,0,1.0,64
2017_17_NO_TB,NO,363.0,1,363.0,1,3.0,110.0,2,0.0,64
2017_17_NO_TB,TB,245.0,1,245.0,1,0.0,92.0,1,0.0,64
2017_17_NYJ_NE,NE,232.0,0,232.0,0,0.0,40.0,0,0.0,64
2017_17_NYJ_NE,NYJ,195.0,2,195.0,2,0.0,147.0,1,0.0,64
2017_17_OAK_LAC,LAC,243.0,1,243.0,1,1.0,105.0,0,1.0,64
2017_17_OAK_LAC,LV,387.0,3,387.0,3,0.0,115.0,0,0.0,64
2017_17_SF_LA,LA,292.0,2,292.0,2,2.0,169.0,2,1.0,64
2017_17_SF_LA,SF,169.0,0,169.0,0,0.0,102.0,1,2.0,64
2017_17_WAS_NYG,NYG,158.0,0,158.0,0,3.0,61.0,1,0.0,64
2017_17_WAS_NYG,WAS,132.0,1,132.0,1,1.0,260.0,1,0.0,64
2018_01_ATL_PHI,ATL,132.0,0,132.0,0,1.0,113.0,2,0.0,65
2018_01_ATL_PHI,PHI,251.0,0,251.0,0,1.0,74.0,1,0.0,65
2018_01_BUF_BAL,BAL,98.0,0,98.0,0,2.0,83.0,0,0.0,65
2018_01_BUF_BAL,BUF,260.0,3,260.0,3,0.0,117.0,3,1.0,65
2018_01_CHI_GB,CHI,341.0,3,341.0,3,1.0,69.0,0,1.0,65
2018_01_CHI_GB,GB,171.0,0,171.0,0,0.0,139.0,1,1.0,65
2018_01_CIN_IND,CIN,319.0,2,319.0,2,1.0,75.0,0,1.0,65
2018_01_CIN_IND,IND,243.0,2,243.0,2,1.0,101.0,1,1.0,65
2018_01_DAL_CAR,CAR,170.0,0,170.0,0,0.0,94.0,1,1.0,65
2018_01_DAL_CAR,DAL,161.0,0,161.0,0,0.0,147.0,2,1.0,65
2018_01_HOU_NE,HOU,277.0,3,277.0,3,1.0,122.0,0,1.0,65
2018_01_HOU_NE,NE,176.0,1,176.0,1,1.0,167.0,1,1.0,65
2018_01_JAX_NYG,JAX,224.0,0,224.0,0,1.0,114.0,1,0.0,65
2018_01_JAX_NYG,NYG,176.0,1,176.0,1,1.0,137.0,0,0.0,65
2018_01_KC_LAC,KC,424.0,3,424.0,3,1.0,123.0,0,0.0,65
2018_01_KC_LAC,LAC,256.0,4,256.0,4,0.0,106.0,0,0.0,65
2018_01_LA_OAK,LA,303.0,0,303.0,0,3.0,95.0,1,0.0,65
2018_01_LA_OAK,LV,233.0,2,233.0,2,0.0,140.0,0,0.0,65
2018_01_NYJ_DET,DET,198.0,2,198.0,2,1.0,169.0,2,0.0,65
2018_01_NYJ_DET,NYJ,300.0,1,300.0,1,5.0,39.0,0,0.0,65
2018_01_PIT_CLE,CLE,335.0,1,335.0,1,3.0,159.0,2,3.0,65
2018_01_PIT_CLE,PIT,197.0,1,197.0,1,1.0,177.0,2,0.0,65
2018_01_SEA_DEN,DEN,298.0,3,298.0,3,2.0,64.0,0,1.0,65
2018_01_SEA_DEN,SEA,329.0,3,329.0,3,3.0,146.0,0,0.0,65
2018_01_SF_MIN,MIN,261.0,1,261.0,1,3.0,90.0,0,1.0,65
2018_01_SF_MIN,SF,244.0,2,244.0,2,0.0,116.0,0,1.0,65
2018_01_TB_NO,NO,417.0,4,417.0,4,0.0,112.0,1,0.0,65
2018_01_TB_NO,TB,439.0,3,439.0,3,0.0,43.0,2,2.0,65
2018_01_TEN_MIA,MIA,220.0,0,220.0,0,3.0,116.0,1,0.0,65
2018_01_TEN_MIA,TEN,230.0,2,230.0,2,2.0,120.0,0,0.0,65
2018_01_WAS_ARI,ARI,255.0,2,255.0,2,0.0,182.0,1,1.0,65
2018_01_WAS_ARI,WAS,153.0,0,153.0,0,1.0,68.0,1,1.0,65
2018_02_ARI_LA,ARI,354.0,1,354.0,1,1.0,90.0,3,0.0,66
2018_02_ARI_LA,LA,90.0,0,90.0,0,1.0,54.0,0,0.0,66
2018_02_BAL_CIN,BAL,265.0,4,265.0,4,0.0,108.0,0,0.0,66
2018_02_BAL_CIN,CIN,376.0,2,376.0,2,2.0,66.0,1,1.0,66
2018_02_CAR_ATL,ATL,335.0,3,335.0,3,1.0,121.0,0,0.0,66
2018_02_CAR_ATL,CAR,272.0,2,272.0,2,1.0,170.0,2,0.0,66
2018_02_CLE_NO,CLE,243.0,2,243.0,2,0.0,62.0,0,2.0,66
2018_02_CLE_NO,NO,246.0,1,246.0,1,1.0,93.0,1,0.0,66
2018_02_DET_SF,DET,206.0,2,206.0,2,0.0,190.0,1,0.0,66
2018_02_DET_SF,SF,347.0,3,347.0,3,0.0,98.0,0,1.0,66
2018_02_HOU_TEN,HOU,191.0,2,191.0,2,0.0,100.0,0,0.0,66
2018_02_HOU_TEN,TEN,310.0,2,310.0,2,1.0,148.0,0,0.0,66
2018_02_IND_WAS,IND,292.0,0,292.0,0,0.0,65.0,0,1.0,66
2018_02_IND_WAS,WAS,179.0,2,179.0,2,2.0,104.0,1,0.0,66
2018_02_KC_PIT,KC,452.0,3,452.0,3,0.0,33.0,2,0.0,66
2018_02_KC_PIT,PIT,326.0,6,326.0,6,0.0,127.0,0,1.0,66
2018_02_LAC_BUF,BUF,256.0,3,256.0,3,0.0,109.0,1,0.0,66
2018_02_LAC_BUF,LAC,215.0,1,215.0,1,2.0,84.0,1,0.0,66
2018_02_MIA_NYJ,MIA,334.0,1,334.0,1,2.0,42.0,0,1.0,66
2018_02_MIA_NYJ,NYJ,168.0,2,168.0,2,0.0,135.0,1,1.0,66
2018_02_MIN_GB,GB,425.0,4,425.0,4,1.0,68.0,0,0.0,66
2018_02_MIN_GB,MIN,281.0,1,281.0,1,0.0,98.0,0,0.0,66
2018_02_NE_JAX,JAX,234.0,2,234.0,2,0.0,82.0,0,1.0,66
2018_02_NE_JAX,NE,376.0,4,376.0,4,1.0,104.0,0,1.0,66
2018_02_NYG_DAL,DAL,279.0,1,279.0,1,0.0,35.0,0,1.0,66
2018_02_NYG_DAL,NYG,160.0,1,160.0,1,0.0,138.0,1,0.0,66
2018_02_OAK_DEN,DEN,288.0,1,288.0,1,0.0,92.0,1,0.0,66
2018_02_OAK_DEN,LV,222.0,0,222.0,0,1.0,168.0,2,0.0,66
2018_02_PHI_TB,PHI,402.0,4,402.0,4,1.0,43.0,0,1.0,66
2018_02_PHI_TB,TB,339.0,1,334.0,1,0.0,91.0,2,2.0,66
2018_02_SEA_CHI,CHI,226.0,2,226.0,2,1.0,74.0,0,1.0,66
2018_02_SEA_CHI,SEA,200.0,2,200.0,2,2.0,86.0,0,0.0,66
2018_03_BUF_MIN,BUF,296.0,1,296.0,1,1.0,14.0,0,2.0,67
2018_03_BUF_MIN,MIN,196.0,1,196.0,1,0.0,128.0,2,0.0,67
2018_03_CHI_ARI,ARI,220.0,0,220.0,0,1.0,122.0,1,1.0,67
2018_03_CHI_ARI,CHI,193.0,2,193.0,2,3.0,53.0,0,1.0,67
2018_03_CIN_CAR,CAR,352.0,2,352.0,2,4.0,66.0,1,0.0,67
2018_03_CIN_CAR,CIN,150.0,2,150.0,2,0.0,230.0,2,0.0,67
2018_03_DAL_SEA,DAL,192.0,2,192.0,2,0.0,113.0,1,0.0,67
2018_03_DAL_SEA,SEA,168.0,1,168.0,1,2.0,166.0,0,1.0,67
2018_03_DEN_BAL,BAL,192.0,0,192.0,0,1.0,120.0,2,0.0,67
2018_03_DEN_BAL,DEN,277.0,1,277.0,1,0.0,77.0,2,0.0,67
2018_03_GB_WAS,GB,220.0,2,220.0,2,1.0,166.0,2,0.0,67
2018_03_GB_WAS,WAS,265.0,2,265.0,2,0.0,100.0,0,1.0,67
2018_03_IND_PHI,IND,255.0,1,255.0,1,1.0,152.0,1,1.0,67
2018_03_IND_PHI,PHI,164.0,1,164.0,1,0.0,68.0,0,0.0,67
2018_03_LAC_LA,LA,226.0,2,226.0,2,0.0,141.0,1,2.0,67
2018_03_LAC_LA,LAC,354.0,3,354.0,3,1.0,171.0,1,1.0,67
2018_03_NE_DET,DET,133.0,1,133.0,1,1.0,89.0,0,0.0,67
2018_03_NE_DET,NE,262.0,2,262.0,2,1.0,159.0,0,0.0,67
2018_03_NO_ATL,ATL,396.0,3,396.0,3,0.0,143.0,2,0.0,67
2018_03_NO_ATL,NO,374.0,5,374.0,5,0.0,48.0,0,0.0,67
2018_03_NYG_HOU,HOU,297.0,2,297.0,2,0.0,114.0,1,0.0,67
2018_03_NYG_HOU,NYG,385.0,2,385.0,2,1.0,59.0,0,1.0,67
2018_03_NYJ_CLE,CLE,169.0,0,169.0,0,2.0,107.0,2,1.0,67
2018_03_NYJ_CLE,NYJ,220.0,0,220.0,0,0.0,133.0,2,0.0,67
2018_03_OAK_MIA,LV,341.0,4,341.0,4,0.0,41.0,0,0.0,67
2018_03_OAK_MIA,MIA,345.0,1,345.0,1,2.0,109.0,1,0.0,67
2018_03_PIT_TB,PIT,411.0,3,411.0,3,3.0,63.0,0,1.0,67
2018_03_PIT_TB,TB,353.0,3,353.0,3,1.0,78.0,0,0.0,67
2018_03_SF_KC,KC,251.0,2,251.0,2,0.0,178.0,1,0.0,67
2018_03_SF_KC,SF,314.0,3,314.0,3,0.0,77.0,2,0.0,67
2018_03_TEN_JAX,JAX,108.0,0,108.0,0,0.0,150.0,0,0.0,67
2018_03_TEN_JAX,TEN,155.0,0,155.0,0,0.0,87.0,0,1.0,67
2018_04_BAL_PIT,BAL,274.0,1,274.0,1,1.0,19.0,0,1.0,68
2018_04_BAL_PIT,PIT,363.0,2,363.0,2,0.0,96.0,0,1.0,68
2018_04_BUF_GB,BUF,298.0,1,298.0,1,1.0,141.0,1,1.0,68
2018_04_BUF_GB,GB,151.0,0,151.0,0,2.0,58.0,0,1.0,68
2018_04_CIN_ATL,ATL,337.0,3,337.0,3,1.0,99.0,2,0.0,68
2018_04_CIN_ATL,CIN,419.0,3,419.0,3,0.0,92.0,1,0.0,68
2018_04_CLE_OAK,CLE,437.0,4,437.0,4,2.0,139.0,0,0.0,68
2018_04_CLE_OAK,LV,295.0,2,295.0,2,2.0,208.0,3,2.0,68
2018_04_DET_DAL,DAL,307.0,2,307.0,2,0.0,96.0,1,0.0,68
2018_04_DET_DAL,DET,255.0,2,255.0,2,0.0,183.0,0,0.0,68
2018_04_HOU_IND,HOU,464.0,4,464.0,4,0.0,41.0,0,1.0,68
2018_04_HOU_IND,IND,375.0,2,375.0,2,1.0,119.0,1,0.0,68
2018_04_KC_DEN,DEN,304.0,1,304.0,1,0.0,142.0,2,0.0,68
2018_04_KC_DEN,KC,245.0,0,245.0,0,1.0,159.0,2,0.0,68
2018_04_MIA_NE,MIA,274.0,3,274.0,3,2.0,175.0,2,0.0,68
2018_04_MIA_NE,NE,135.0,1,135.0,1,1.0,56.0,0,1.0,68
2018_04_MIN_LA,LA,422.0,3,422.0,3,0.0,54.0,0,1.0,68
2018_04_MIN_LA,MIN,465.0,5,465.0,5,0.0,100.0,0,0.0,68
2018_04_NO_NYG,NO,255.0,1,255.0,1,0.0,65.0,1,2.0,68
2018_04_NO_NYG,NYG,227.0,0,227.0,0,0.0,170.0,3,0.0,68
2018_04_NYJ_JAX,JAX,167.0,1,167.0,1,0.0,34.0,0,0.0,68
2018_04_NYJ_JAX,NYJ,388.0,2,388.0,2,1.0,126.0,1,2.0,68
2018_04_PHI_TEN,PHI,344.0,2,344.0,2,1.0,70.0,1,0.0,68
2018_04_PHI_TEN,TEN,348.0,2,348.0,2,0.0,117.0,0,1.0,68
2018_04_SEA_ARI,ARI,172.0,0,172.0,0,0.0,171.0,2,0.0,68
2018_04_SEA_ARI,SEA,180.0,1,180.0,1,0.0,92.0,1,1.0,68
2018_04_SF_LAC,LAC,298.0,2,298.0,2,2.0,76.0,0,0.0,68
2018_04_SF_LAC,SF,250.0,3,250.0,3,1.0,126.0,0,0.0,68
2018_04_TB_CHI,CHI,271.0,1,271.0,1,3.0,60.0,0,0.0,68
2018_04_TB_CHI,TB,354.0,6,354.0,6,0.0,139.0,0,0.0,68
2018_05_ARI_SF,ARI,349.0,2,349.0,2,2.0,147.0,1,3.0,69
2018_05_ARI_SF,SF,170.0,1,170.0,1,0.0,56.0,2,0.0,69
2018_05_ATL_PIT,ATL,250.0,3,250.0,3,1.0,131.0,2,0.0,69
2018_05_ATL_PIT,PIT,305.0,1,305.0,1,0.0,62.0,1,1.0,69
2018_05_BAL_CLE,BAL,342.0,1,342.0,1,1.0,112.0,0,0.0,69
2018_05_BAL_CLE,CLE,298.0,0,298.0,0,1.0,116.0,0,1.0,69
2018_05_DAL_HOU,DAL,375.0,1,375.0,1,1.0,88.0,0,1.0,69
2018_05_DAL_HOU,HOU,208.0,1,208.0,1,2.0,98.0,0,0.0,69
2018_05_DEN_NYJ,DEN,198.0,3,198.0,3,1.0,323.0,1,1.0,69
2018_05_DEN_NYJ,NYJ,377.0,2,377.0,2,1.0,92.0,0,0.0,69
2018_05_GB_DET,DET,442.0,3,442.0,3,0.0,98.0,0,2.0,69
2018_05_GB_DET,GB,183.0,2,183.0,2,0.0,94.0,2,0.0,69
2018_05_IND_NE,IND,341.0,3,341.0,3,2.0,97.0,2,0.0,69
2018_05_IND_NE,NE,365.0,3,365.0,3,2.0,84.0,0,1.0,69
2018_05_JAX_KC,JAX,313.0,0,313.0,0,2.0,126.0,2,0.0,69
2018_05_JAX_KC,KC,430.0,1,430.0,1,4.0,101.0,1,1.0,69
2018_05_LA_SEA,LA,198.0,3,198.0,3,0.0,190.0,1,0.0,69
2018_05_LA_SEA,SEA,321.0,1,321.0,1,2.0,155.0,3,0.0,69
2018_05_MIA_CIN,CIN,185.0,1,185.0,1,2.0,128.0,0,1.0,69
2018_05_MIA_CIN,MIA,248.0,1,248.0,1,1.0,103.0,0,0.0,69
2018_05_MIN_PHI,MIN,311.0,2,311.0,2,0.0,81.0,0,2.0,69
2018_05_MIN_PHI,PHI,301.0,1,301.0,1,0.0,77.0,0,1.0,69
2018_05_NYG_CAR,CAR,383.0,3,383.0,3,2.0,50.0,0,0.0,68
2018_05_NYG_CAR,NYG,237.0,2,237.0,2,2.0,118.0,0,0.0,69
2018_05_OAK_LAC,LAC,268.0,1,268.0,1,1.0,41.0,0,1.0,69
2018_05_OAK_LAC,LV,339.0,2,339.0,2,0.0,79.0,1,0.0,69
2018_05_TEN_BUF,BUF,129.0,0,129.0,0,1.0,100.0,0,2.0,69
2018_05_TEN_BUF,TEN,82.0,0,82.0,0,1.0,144.0,1,0.0,69
2018_05_WAS_NO,NO,275.0,0,275.0,0,1.0,39.0,2,1.0,69
2018_05_WAS_NO,WAS,363.0,3,363.0,3,0.0,98.0,3,1.0,68
2018_06_ARI_MIN,ARI,233.0,1,233.0,1,1.0,195.0,2,1.0,70
2018_06_ARI_MIN,MIN,240.0,0,240.0,0,1.0,60.0,1,1.0,70
2018_06_BAL_TEN,BAL,117.0,0,117.0,0,0.0,55.0,0,0.0,70
2018_06_BAL_TEN,TEN,238.0,1,238.0,1,1.0,123.0,2,0.0,70
2018_06_BUF_HOU,BUF,177.0,1,177.0,1,2.0,74.0,0,1.0,70
2018_06_BUF_HOU,HOU,145.0,1,145.0,1,2.0,100.0,0,0.0,70
2018_06_CAR_WAS,CAR,163.0,2,163.0,2,0.0,132.0,0,0.0,69
2018_06_CAR_WAS,WAS,275.0,2,275.0,2,1.0,81.0,0,1.0,69
2018_06_CHI_MIA,CHI,380.0,3,380.0,3,2.0,161.0,0,1.0,69
2018_06_CHI_MIA,MIA,316.0,3,316.0,3,1.0,164.0,1,2.0,70
2018_06_IND_NYJ,IND,280.0,2,280.0,2,1.0,107.0,0,1.0,70
2018_06_IND_NYJ,NYJ,301.0,4,301.0,4,3.0,127.0,0,1.0,70
2018_06_JAX_DAL,DAL,149.0,1,149.0,1,1.0,65.0,0,1.0,70
2018_06_JAX_DAL,JAX,183.0,2,183.0,2,0.0,206.0,2,0.0,70
2018_06_KC_NE,KC,340.0,1,340.0,1,0.0,173.0,3,1.0,70
2018_06_KC_NE,NE,352.0,4,352.0,4,2.0,94.0,0,0.0,70
2018_06_LAC_CLE,CLE,215.0,2,215.0,2,1.0,246.0,3,0.0,70
2018_06_LAC_CLE,LAC,238.0,1,238.0,1,2.0,103.0,0,0.0,70
2018_06_LA_DEN,DEN,201.0,0,201.0,0,1.0,270.0,2,0.0,70
2018_06_LA_DEN,LA,322.0,2,322.0,2,1.0,60.0,0,0.0,70
2018_06_PHI_NYG,NYG,278.0,3,278.0,3,0.0,108.0,1,0.0,70
2018_06_PHI_NYG,PHI,281.0,0,281.0,0,1.0,147.0,1,0.0,70
2018_06_PIT_CIN,CIN,369.0,1,369.0,1,0.0,112.0,2,0.0,70
2018_06_PIT_CIN,PIT,229.0,2,229.0,2,0.0,62.0,1,0.0,70
2018_06_SEA_OAK,LV,222.0,3,222.0,3,1.0,155.0,0,0.0,70
2018_06_SEA_OAK,SEA,142.0,0,142.0,0,0.0,79.0,0,2.0,70
2018_06_SF_GB,GB,245.0,2,245.0,2,1.0,174.0,1,1.0,70
2018_06_SF_GB,SF,425.0,2,425.0,2,0.0,116.0,1,0.0,70
2018_06_TB_ATL,ATL,395.0,4,395.0,4,2.0,121.0,0,0.0,70
2018_06_TB_ATL,TB,355.0,3,355.0,3,0.0,70.0,1,0.0,69
2018_07_BUF_IND,BUF,156.0,4,156.0,4,0.0,220.0,1,0.0,71
2018_07_BUF_IND,IND,175.0,0,175.0,0,3.0,135.0,0,2.0,71
2018_07_CAR_PHI,CAR,310.0,2,310.0,2,0.0,58.0,0,1.0,70
2018_07_CAR_PHI,PHI,269.0,2,269.0,2,0.0,121.0,1,0.0,71
2018_07_CIN_KC,CIN,358.0,4,358.0,4,1.0,198.0,1,0.0,71
2018_07_CIN_KC,KC,187.0,1,187.0,1,1.0,65.0,0,0.0,71
2018_07_CLE_TB,CLE,365.0,0,365.0,0,2.0,114.0,3,2.0,71
2018_07_CLE_TB,TB,215.0,2,215.0,2,0.0,119.0,1,0.0,70
2018_07_DAL_WAS,DAL,178.0,1,178.0,1,0.0,130.0,0,0.0,71
2018_07_DAL_WAS,WAS,273.0,1,273.0,1,0.0,73.0,1,2.0,70
2018_07_DEN_ARI,ARI,189.0,2,189.0,2,1.0,131.0,2,0.0,71
2018_07_DEN_ARI,DEN,194.0,1,194.0,1,3.0,69.0,0,2.0,71
2018_07_DET_MIA,DET,239.0,2,239.0,2,0.0,107.0,1,0.0,70
2018_07_DET_MIA,MIA,217.0,2,217.0,2,0.0,248.0,1,0.0,71
2018_07_HOU_JAX,HOU,217.0,1,217.0,1,1.0,70.0,0,2.0,71
2018_07_HOU_JAX,JAX,139.0,1,139.0,1,0.0,141.0,1,0.0,71
2018_07_LA_SF,LA,170.0,1,170.0,1,2.0,107.0,0,2.0,71
2018_07_LA_SF,SF,202.0,2,202.0,2,0.0,146.0,2,0.0,71
2018_07_MIN_NYJ,MIN,206.0,1,206.0,1,3.0,71.0,1,1.0,71
2018_07_MIN_NYJ,NYJ,241.0,2,241.0,2,0.0,88.0,2,0.0,71
2018_07_NE_CHI,CHI,277.0,3,277.0,3,1.0,108.0,0,1.0,70
2018_07_NE_CHI,NE,333.0,2,333.0,2,2.0,134.0,2,0.0,71
2018_07_NO_BAL,BAL,212.0,2,212.0,2,0.0,134.0,1,1.0,71
2018_07_NO_BAL,NO,284.0,2,284.0,2,0.0,77.0,1,0.0,70
2018_07_NYG_ATL,ATL,399.0,1,399.0,1,0.0,61.0,1,0.0,71
2018_07_NYG_ATL,NYG,379.0,1,379.0,1,0.0,67.0,1,1.0,71
2018_07_TEN_LAC,LAC,237.0,1,237.0,1,1.0,164.0,1,0.0,71
2018_07_TEN_LAC,TEN,306.0,2,306.0,2,0.0,47.0,0,0.0,71
2018_08_BAL_CAR,BAL,232.0,2,232.0,2,0.0,154.0,2,0.0,72
2018_08_BAL_CAR,CAR,238.0,2,238.0,2,2.0,101.0,1,1.0,71
2018_08_CLE_PIT,CLE,257.0,2,257.0,2,1.0,168.0,2,1.0,72
2018_08_CLE_PIT,PIT,180.0,2,180.0,2,1.0,74.0,0,0.0,71
2018_08_DEN_KC,DEN,303.0,4,303.0,4,1.0,49.0,0,0.0,72
2018_08_DEN_KC,KC,262.0,2,262.0,2,1.0,189.0,1,1.0,72
2018_08_GB_LA,GB,307.0,3,307.0,3,0.0,135.0,0,0.0,71
2018_08_GB_LA,LA,286.0,1,286.0,1,0.0,106.0,2,0.0,72
2018_08_IND_OAK,IND,244.0,3,244.0,3,0.0,103.0,1,1.0,72
2018_08_IND_OAK,LV,239.0,3,239.0,3,0.0,222.0,2,0.0,71
2018_08_MIA_HOU,HOU,269.0,1,269.0,1,1.0,116.0,1,0.0,72
2018_08_MIA_HOU,MIA,239.0,5,239.0,5,0.0,188.0,1,0.0,72
2018_08_NE_BUF,BUF,324.0,0,324.0,0,0.0,76.0,1,0.0,72
2018_08_NE_BUF,NE,313.0,0,313.0,0,1.0,46.0,0,1.0,72
2018_08_NO_MIN,MIN,164.0,1,164.0,1,1.0,106.0,1,0.0,72
2018_08_NO_MIN,NO,359.0,2,359.0,2,1.0,85.0,1,1.0,71
2018_08_NYJ_CHI,CHI,153.0,1,153.0,1,0.0,57.0,0,0.0,71
2018_08_NYJ_CHI,NYJ,220.0,2,220.0,2,0.0,179.0,1,0.0,72
2018_08_PHI_JAX,JAX,286.0,3,286.0,3,1.0,133.0,0,1.0,72
2018_08_PHI_JAX,PHI,286.0,1,286.0,1,0.0,70.0,0,1.0,72
2018_08_SEA_DET,DET,248.0,3,248.0,3,0.0,176.0,1,0.0,71
2018_08_SEA_DET,SEA,310.0,2,310.0,2,1.0,34.0,0,1.0,71
2018_08_SF_ARI,ARI,190.0,1,190.0,1,0.0,107.0,0,0.0,72
2018_08_SF_ARI,SF,252.0,2,252.0,2,1.0,88.0,0,1.0,72
2018_08_TB_CIN,CIN,470.0,3,470.0,3,4.0,126.0,1,0.0,72
2018_08_TB_CIN,TB,280.0,2,280.0,2,0.0,138.0,2,0.0,71
2018_08_WAS_NYG,NYG,178.0,1,178.0,1,0.0,182.0,1,1.0,72
2018_08_WAS_NYG,WAS,316.0,1,316.0,1,2.0,37.0,0,0.0,71
2018_09_ATL_WAS,ATL,306.0,1,306.0,1,1.0,79.0,1,0.0,72
2018_09_ATL_WAS,WAS,350.0,4,350.0,4,1.0,154.0,1,0.0,72
2018_09_CHI_BUF,BUF,135.0,1,135.0,1,1.0,64.0,2,0.0,73
2018_09_CHI_BUF,CHI,188.0,0,188.0,0,3.0,98.0,1,1.0,72
2018_09_DET_MIN,DET,164.0,1,164.0,1,1.0,128.0,1,1.0,72
2018_09_DET_MIN,MIN,199.0,0,199.0,0,0.0,66.0,0,1.0,73
2018_09_GB_NE,GB,331.0,1,331.0,1,0.0,123.0,3,0.0,72
2018_09_GB_NE,NE,259.0,2,259.0,2,0.0,117.0,0,1.0,73
2018_09_HOU_DEN,DEN,213.0,2,213.0,2,0.0,98.0,0,0.0,73
2018_09_HOU_DEN,HOU,290.0,1,290.0,1,0.0,75.0,1,1.0,73
2018_09_KC_CLE,CLE,375.0,3,375.0,3,1.0,139.0,2,0.0,73
2018_09_KC_CLE,KC,308.0,2,308.0,2,1.0,102.0,1,0.0,73
2018_09_LAC_SEA,LAC,235.0,2,235.0,2,1.0,154.0,0,0.0,72
2018_09_LAC_SEA,SEA,228.0,2,228.0,2,0.0,160.0,1,0.0,72
2018_09_LA_NO,LA,346.0,4,346.0,4,0.0,141.0,2,1.0,73
2018_09_LA_NO,NO,391.0,3,391.0,3,1.0,92.0,1,0.0,72
2018_09_NYJ_MIA,MIA,229.0,0,229.0,0,4.0,80.0,0,0.0,73
2018_09_NYJ_MIA,NYJ,139.0,0,139.0,0,0.0,64.0,0,0.0,73
2018_09_OAK_SF,LV,262.0,3,262.0,3,0.0,143.0,1,0.0,72
2018_09_OAK_SF,SF,179.0,0,179.0,0,0.0,102.0,0,0.0,73
2018_09_PIT_BAL,BAL,292.0,2,292.0,2,0.0,113.0,1,0.0,73
2018_09_PIT_BAL,PIT,218.0,0,218.0,0,0.0,61.0,1,0.0,72
2018_09_TB_CAR,CAR,243.0,4,243.0,4,2.0,82.0,0,0.0,72
2018_09_TB_CAR,TB,247.0,2,247.0,2,0.0,179.0,4,0.0,72
2018_09_TEN_DAL,DAL,240.0,2,240.0,2,0.0,125.0,2,2.0,72
2018_09_TEN_DAL,TEN,243.0,2,243.0,2,1.0,72.0,0,1.0,72
2018_10_ARI_KC,ARI,249.0,2,249.0,2,0.0,118.0,1,0.0,73
2018_10_ARI_KC,KC,208.0,1,208.0,1,2.0,94.0,1,0.0,74
2018_10_ATL_CLE,ATL,216.0,3,216.0,3,1.0,211.0,1,0.0,73
2018_10_ATL_CLE,CLE,330.0,2,330.0,2,0.0,71.0,0,2.0,74
2018_10_BUF_NYJ,BUF,135.0,0,135.0,0,2.0,83.0,1,0.0,74
2018_10_BUF_NYJ,NYJ,247.0,2,247.0,3,0.0,212.0,2,0.0,74
2018_10_CAR_PIT,CAR,325.0,5,325.0,5,0.0,138.0,1,0.0,73
2018_10_CAR_PIT,PIT,193.0,2,193.0,2,1.0,95.0,1,0.0,73
2018_10_DAL_PHI,DAL,360.0,2,360.0,2,1.0,71.0,0,0.0,73
2018_10_DAL_PHI,PHI,270.0,1,270.0,1,0.0,171.0,2,0.0,73
2018_10_DET_CHI,CHI,274.0,2,274.0,2,2.0,76.0,1,1.0,73
2018_10_DET_CHI,DET,355.0,3,355.0,3,0.0,54.0,2,0.0,73
2018_10_JAX_IND,IND,324.0,2,324.0,2,0.0,91.0,1,1.0,73
2018_10_JAX_IND,JAX,285.0,3,285.0,3,1.0,81.0,1,0.0,73
2018_10_LAC_OAK,LAC,243.0,0,243.0,0,0.0,114.0,0,1.0,73
2018_10_LAC_OAK,LV,223.0,2,223.0,2,1.0,113.0,0,0.0,73
2018_10_MIA_GB,GB,213.0,0,213.0,0,1.0,131.0,0,1.0,73
2018_10_MIA_GB,MIA,199.0,2,199.0,2,0.0,195.0,2,0.0,74
2018_10_NE_TEN,NE,249.0,2,249.0,2,0.0,150.0,2,0.0,74
2018_10_NE_TEN,TEN,267.0,0,267.0,0,0.0,40.0,1,0.0,73
2018_10_NO_CIN,CIN,265.0,3,265.0,3,0.0,244.0,3,0.0,73
2018_10_NO_CIN,NO,198.0,1,198.0,1,2.0,110.0,1,0.0,73
2018_10_NYG_SF,NYG,250.0,1,250.0,1,2.0,124.0,1,0.0,73
2018_10_NYG_SF,SF,188.0,3,188.0,3,0.0,97.0,0,0.0,74
2018_10_SEA_LA,LA,176.0,3,176.0,3,0.0,273.0,1,1.0,74
2018_10_SEA_LA,SEA,318.0,2,318.0,2,0.0,149.0,2,0.0,73
2018_10_WAS_TB,TB,178.0,1,178.0,1,0.0,116.0,0,0.0,73
2018_10_WAS_TB,WAS,406.0,0,406.0,0,2.0,103.0,0,2.0,73
2018_11_CAR_DET,CAR,220.0,1,220.0,1,0.0,94.0,1,0.0,74
2018_11_CAR_DET,DET,357.0,3,357.0,3,1.0,56.0,0,0.0,74
2018_11_CIN_BAL,BAL,211.0,2,211.0,2,0.0,48.0,1,0.0,74
2018_11_CIN_BAL,CIN,150.0,0,150.0,0,1.0,262.0,2,0.0,74
2018_11_DAL_ATL,ATL,208.0,0,208.0,0,0.0,132.0,2,0.0,74
2018_11_DAL_ATL,DAL,291.0,1,291.0,1,1.0,80.0,0,0.0,74
2018_11_DEN_LAC,DEN,401.0,2,401.0,2,2.0,95.0,0,0.0,74
2018_11_DEN_LAC,LAC,217.0,0,217.0,0,0.0,108.0,3,0.0,74
2018_11_GB_SEA,GB,225.0,2,225.0,2,0.0,173.0,1,1.0,74
2018_11_GB_SEA,SEA,332.0,2,332.0,2,0.0,48.0,1,0.0,74
2018_11_HOU_WAS,HOU,189.0,1,189.0,1,2.0,124.0,2,0.0,74
2018_11_HOU_WAS,WAS,208.0,1,208.0,1,2.0,139.0,0,1.0,74
2018_11_KC_LA,KC,413.0,4,413.0,4,0.0,76.0,1,2.0,75
2018_11_KC_LA,LA,478.0,6,478.0,6,3.0,98.0,0,2.0,75
2018_11_MIN_CHI,CHI,262.0,2,262.0,2,2.0,22.0,0,1.0,74
2018_11_MIN_CHI,MIN,165.0,1,165.0,1,2.0,148.0,0,1.0,74
2018_11_OAK_ARI,ARI,192.0,2,192.0,2,0.0,152.0,0,0.0,74
2018_11_OAK_ARI,LV,136.0,3,136.0,3,2.0,154.0,0,0.0,74
2018_11_PHI_NO,NO,156.0,0,156.0,0,3.0,58.0,1,0.0,74
2018_11_PHI_NO,PHI,373.0,4,373.0,4,0.0,173.0,2,0.0,74
2018_11_PIT_JAX,JAX,314.0,2,314.0,2,3.0,26.0,1,0.0,74
2018_11_PIT_JAX,PIT,104.0,0,104.0,0,0.0,179.0,1,1.0,74
2018_11_TB_NYG,NYG,366.0,2,366.0,2,4.0,151.0,2,0.0,74
2018_11_TB_NYG,TB,231.0,2,231.0,2,0.0,163.0,2,0.0,74
2018_11_TEN_IND,IND,203.0,1,203.0,1,2.0,87.0,0,0.0,74
2018_11_TEN_IND,TEN,295.0,3,295.0,3,0.0,102.0,2,0.0,74
2018_12_ARI_LAC,ARI,259.0,3,259.0,3,0.0,178.0,3,1.0,75
2018_12_ARI_LAC,LAC,105.0,1,105.0,1,1.0,62.0,0,0.0,75
2018_12_ATL_NO,ATL,171.0,4,171.0,4,1.0,150.0,0,0.0,75
2018_12_ATL_NO,NO,377.0,2,377.0,2,1.0,26.0,0,3.0,75
2018_12_CHI_DET,CHI,236.0,0,236.0,0,2.0,111.0,2,0.0,75
2018_12_CHI_DET,DET,238.0,2,238.0,2,0.0,38.0,0,1.0,75
2018_12_CLE_CIN,CIN,258.0,4,258.0,4,0.0,84.0,1,0.0,75
2018_12_CLE_CIN,CLE,255.0,2,255.0,2,1.0,129.0,1,0.0,75
2018_12_GB_MIN,GB,342.0,3,342.0,3,0.0,91.0,0,0.0,75
2018_12_GB_MIN,MIN,198.0,1,198.0,1,0.0,82.0,1,0.0,75
2018_12_JAX_BUF,BUF,127.0,1,127.0,1,2.0,226.0,2,0.0,75
2018_12_JAX_BUF,JAX,160.0,1,160.0,1,0.0,167.0,2,0.0,75
2018_12_MIA_IND,IND,204.0,2,204.0,2,0.0,113.0,1,1.0,75
2018_12_MIA_IND,MIA,347.0,3,347.0,3,2.0,118.0,0,1.0,75
2018_12_NE_NYJ,NE,276.0,1,276.0,1,1.0,74.0,0,0.0,75
2018_12_NE_NYJ,NYJ,283.0,2,283.0,2,0.0,215.0,1,0.0,75
2018_12_NYG_PHI,NYG,236.0,1,236.0,1,0.0,127.0,1,0.0,75
2018_12_NYG_PHI,PHI,297.0,1,297.0,1,1.0,126.0,1,0.0,75
2018_12_OAK_BAL,BAL,194.0,1,194.0,1,0.0,67.0,1,1.0,75
2018_12_OAK_BAL,LV,178.0,1,178.0,1,2.0,242.0,1,0.0,75
2018_12_PIT_DEN,DEN,464.0,2,464.0,2,2.0,75.0,0,1.0,75
2018_12_PIT_DEN,PIT,197.0,2,197.0,2,0.0,124.0,1,0.0,75
2018_12_SEA_CAR,CAR,339.0,2,339.0,2,0.0,75.0,1,0.0,75
2018_12_SEA_CAR,SEA,256.0,2,256.0,2,1.0,220.0,1,0.0,75
2018_12_SF_TB,SF,312.0,2,312.0,2,0.0,108.0,1,0.0,75
2018_12_SF_TB,TB,221.0,1,221.0,1,2.0,148.0,0,0.0,75
2018_12_TEN_HOU,HOU,303.0,2,303.0,2,0.0,105.0,0,1.0,75
2018_12_TEN_HOU,TEN,210.0,2,210.0,2,0.0,281.0,2,0.0,75
2018_12_WAS_DAL,DAL,268.0,2,268.0,2,3.0,80.0,1,0.0,75
2018_12_WAS_DAL,WAS,289.0,2,289.0,2,0.0,146.0,2,0.0,75
2018_13_ARI_GB,ARI,233.0,1,233.0,1,0.0,98.0,1,0.0,76
2018_13_ARI_GB,GB,149.0,0,149.0,0,0.0,182.0,2,0.0,76
2018_13_BAL_ATL,ATL,167.0,0,167.0,0,0.0,207.0,1,1.0,76
2018_13_BAL_ATL,BAL,131.0,1,131.0,1,0.0,34.0,0,1.0,76
2018_13_BUF_MIA,BUF,137.0,3,137.0,3,1.0,60.0,0,0.0,76
2018_13_BUF_MIA,MIA,231.0,2,231.0,2,2.0,198.0,0,0.0,76
2018_13_CAR_TB,CAR,249.0,2,249.0,2,0.0,95.0,1,1.0,76
2018_13_CAR_TB,TB,300.0,2,300.0,2,4.0,168.0,0,0.0,76
2018_13_CHI_NYG,CHI,219.0,2,219.0,2,1.0,141.0,0,0.0,76
2018_13_CHI_NYG,NYG,286.0,2,286.0,2,2.0,118.0,1,1.0,76
2018_13_CLE_HOU,CLE,224.0,1,224.0,1,0.0,187.0,0,0.0,76
2018_13_CLE_HOU,HOU,397.0,1,397.0,1,3.0,31.0,1,1.0,76
2018_13_DEN_CIN,CIN,151.0,1,151.0,1,0.0,218.0,2,1.0,76
2018_13_DEN_CIN,DEN,236.0,1,236.0,1,1.0,111.0,0,1.0,76
2018_13_IND_JAX,IND,150.0,0,150.0,0,0.0,79.0,0,1.0,76
2018_13_IND_JAX,JAX,248.0,0,248.0,0,1.0,41.0,0,1.0,76
2018_13_KC_OAK,KC,285.0,3,285.0,3,0.0,171.0,1,3.0,76
2018_13_KC_OAK,LV,295.0,4,295.0,4,0.0,174.0,1,1.0,76
2018_13_LAC_PIT,LAC,281.0,2,281.0,2,1.0,65.0,2,0.0,76
2018_13_LAC_PIT,PIT,299.0,2,299.0,2,0.0,85.0,1,0.0,76
2018_13_LA_DET,DET,207.0,1,207.0,1,1.0,149.0,2,1.0,76
2018_13_LA_DET,LA,245.0,1,245.0,1,1.0,102.0,0,1.0,76
2018_13_MIN_NE,MIN,311.0,1,311.0,1,1.0,160.0,2,0.0,76
2018_13_MIN_NE,NE,201.0,1,201.0,1,2.0,95.0,0,0.0,76
2018_13_NO_DAL,DAL,127.0,1,127.0,1,1.0,65.0,0,0.0,76
2018_13_NO_DAL,NO,249.0,1,249.0,1,0.0,99.0,0,2.0,76
2018_13_NYJ_TEN,NYJ,282.0,2,282.0,2,1.0,130.0,1,0.0,76
2018_13_NYJ_TEN,TEN,128.0,0,128.0,0,1.0,156.0,0,0.0,76
2018_13_SF_SEA,SEA,414.0,2,414.0,2,1.0,66.0,0,1.0,76
2018_13_SF_SEA,SF,185.0,4,185.0,4,0.0,168.0,1,0.0,76
2018_13_WAS_PHI,PHI,150.0,0,150.0,0,1.0,104.0,1,0.0,76
2018_13_WAS_PHI,WAS,306.0,2,306.0,2,1.0,130.0,1,0.0,76
2018_14_ATL_GB,ATL,196.0,2,196.0,2,0.0,138.0,1,0.0,77
2018_14_ATL_GB,GB,262.0,3,262.0,3,1.0,107.0,0,0.0,77
2018_14_BAL_KC,BAL,377.0,2,377.0,2,1.0,94.0,1,0.0,77
2018_14_BAL_KC,KC,147.0,2,147.0,2,0.0,194.0,1,1.0,77
2018_14_CAR_CLE,CAR,238.0,1,238.0,1,0.0,116.0,2,2.0,77
2018_14_CAR_CLE,CLE,298.0,0,298.0,0,1.0,96.0,2,0.0,77
2018_14_CIN_LAC,CIN,220.0,1,220.0,1,0.0,85.0,1,0.0,77
2018_14_CIN_LAC,LAC,170.0,1,170.0,1,0.0,144.0,1,0.0,77
2018_14_DEN_SF,DEN,332.0,2,332.0,2,1.0,84.0,0,0.0,77
2018_14_DEN_SF,SF,186.0,1,186.0,1,0.0,103.0,1,0.0,77
2018_14_DET_ARI,ARI,101.0,0,101.0,0,0.0,122.0,1,1.0,77
2018_14_DET_ARI,DET,240.0,0,240.0,0,1.0,61.0,0,0.0,77
2018_14_IND_HOU,HOU,399.0,2,399.0,2,1.0,50.0,1,0.0,77
2018_14_IND_HOU,IND,267.0,1,267.0,1,0.0,89.0,2,0.0,77
2018_14_JAX_TEN,JAX,162.0,0,162.0,0,1.0,264.0,4,0.0,77
2018_14_JAX_TEN,TEN,240.0,1,240.0,1,0.0,60.0,0,1.0,77
2018_14_LA_CHI,CHI,187.0,0,187.0,0,4.0,52.0,0,0.0,77
2018_14_LA_CHI,LA,110.0,1,110.0,1,3.0,194.0,0,0.0,77
2018_14_MIN_SEA,MIN,72.0,0,72.0,0,1.0,214.0,1,0.0,77
2018_14_MIN_SEA,SEA,208.0,1,208.0,1,0.0,77.0,0,1.0,77
2018_14_NE_MIA,MIA,358.0,3,358.0,3,0.0,77.0,1,0.0,77
2018_14_NE_MIA,NE,265.0,3,265.0,3,0.0,189.0,2,0.0,77
2018_14_NO_TB,NO,213.0,2,213.0,2,1.0,105.0,0,0.0,77
2018_14_NO_TB,TB,201.0,1,201.0,1,1.0,100.0,2,1.0,77
2018_14_NYG_WAS,NYG,233.0,1,233.0,1,3.0,84.0,1,0.0,77
2018_14_NYG_WAS,WAS,197.0,3,197.0,3,1.0,227.0,1,0.0,77
2018_14_NYJ_BUF,BUF,170.0,1,170.0,1,1.0,75.0,2,0.0,77
2018_14_NYJ_BUF,NYJ,206.0,0,206.0,0,2.0,176.0,2,1.0,77
2018_14_PHI_DAL,DAL,228.0,3,228.0,3,0.0,34.0,0,1.0,77
2018_14_PHI_DAL,PHI,455.0,3,455.0,3,2.0,142.0,0,1.0,77
2018_14_PIT_OAK,LV,306.0,2,306.0,2,1.0,40.0,1,0.0,77
2018_14_PIT_OAK,PIT,322.0,2,322.0,2,0.0,55.0,1,1.0,77
2018_15_ARI_ATL,ARI,231.0,2,231.0,2,0.0,215.0,2,0.0,78
2018_15_ARI_ATL,ATL,243.0,1,243.0,1,2.0,60.0,1,1.0,78
2018_15_CLE_DEN,CLE,257.0,0,257.0,0,2.0,32.0,1,0.0,78
2018_15_CLE_DEN,DEN,188.0,2,188.0,2,1.0,134.0,0,1.0,78
2018_15_DAL_IND,DAL,192.0,0,192.0,0,0.0,178.0,2,1.0,78
2018_15_DAL_IND,IND,206.0,0,206.0,0,1.0,112.0,0,0.0,78
2018_15_DET_BUF,BUF,208.0,1,208.0,1,0.0,105.0,1,0.0,78
2018_15_DET_BUF,DET,204.0,1,204.0,1,0.0,117.0,1,0.0,78
2018_15_GB_CHI,CHI,274.0,0,274.0,0,1.0,88.0,1,0.0,78
2018_15_GB_CHI,GB,235.0,2,235.0,2,0.0,100.0,1,1.0,78
2018_15_HOU_NYJ,HOU,253.0,2,253.0,2,0.0,90.0,1,1.0,78
2018_15_HOU_NYJ,NYJ,294.0,2,294.0,2,0.0,47.0,0,0.0,78
2018_15_LAC_KC,KC,313.0,2,313.0,2,2.0,119.0,2,0.0,78
2018_15_LAC_KC,LAC,243.0,2,243.0,2,0.0,60.0,2,0.0,78
2018_15_MIA_MIN,MIA,215.0,2,215.0,2,1.0,220.0,3,0.0,78
2018_15_MIA_MIN,MIN,108.0,0,108.0,0,0.0,156.0,1,0.0,78
2018_15_NE_PIT,NE,235.0,2,235.0,2,2.0,158.0,0,0.0,78
2018_15_NE_PIT,PIT,279.0,1,279.0,1,1.0,96.0,0,0.0,78
2018_15_NO_CAR,CAR,203.0,0,203.0,0,1.0,155.0,1,0.0,78
2018_15_NO_CAR,NO,181.0,1,181.0,1,1.0,98.0,0,1.0,78
2018_15_OAK_CIN,CIN,263.0,1,263.0,1,0.0,68.0,0,2.0,78
2018_15_OAK_CIN,LV,130.0,1,130.0,1,1.0,171.0,2,0.0,78
2018_15_PHI_LA,LA,270.0,0,270.0,0,1.0,111.0,3,0.0,78
2018_15_PHI_LA,PHI,339.0,0,339.0,0,1.0,82.0,2,0.0,78
2018_15_SEA_SF,SEA,275.0,1,275.0,1,0.0,94.0,0,1.0,78
2018_15_SEA_SF,SF,237.0,2,237.0,2,0.0,168.0,1,0.0,78
2018_15_TB_BAL,BAL,157.0,0,157.0,0,1.0,85.0,1,0.0,78
2018_15_TB_BAL,TB,131.0,1,131.0,1,0.0,242.0,1,1.0,78
2018_15_TEN_NYG,NYG,94.0,0,94.0,0,0.0,215.0,2,0.0,78
2018_15_TEN_NYG,TEN,229.0,0,229.0,0,1.0,47.0,0,1.0,78
2018_15_WAS_JAX,JAX,151.0,1,151.0,1,0.0,109.0,0,0.0,78
2018_15_WAS_JAX,WAS,57.0,0,57.0,0,1.0,172.0,0,1.0,78
2018_16_ATL_CAR,ATL,312.0,1,312.0,1,3.0,141.0,0,1.0,79
2018_16_ATL_CAR,CAR,239.0,3,239.0,3,0.0,194.0,0,2.0,79
2018_16_BAL_LAC,BAL,181.0,0,181.0,0,2.0,51.0,1,1.0,79
2018_16_BAL_LAC,LAC,204.0,1,204.0,1,0.0,159.0,0,1.0,79
2018_16_BUF_NE,BUF,126.0,1,126.0,1,2.0,273.0,2,1.0,79
2018_16_BUF_NE,NE,217.0,1,217.0,1,2.0,72.0,0,1.0,79
2018_16_CHI_SF,CHI,241.0,0,241.0,0,1.0,47.0,0,0.0,79
2018_16_CHI_SF,SF,246.0,1,246.0,1,0.0,90.0,1,2.0,79
2018_16_CIN_CLE,CIN,347.0,3,347.0,3,0.0,146.0,0,0.0,79
2018_16_CIN_CLE,CLE,133.0,2,133.0,2,0.0,102.0,0,0.0,79
2018_16_DEN_OAK,DEN,167.0,0,167.0,0,0.0,114.0,2,0.0,79
2018_16_DEN_OAK,LV,202.0,2,202.0,2,2.0,100.0,0,0.0,79
2018_16_GB_NYJ,GB,341.0,3,341.0,3,0.0,47.0,1,0.0,79
2018_16_GB_NYJ,NYJ,442.0,2,442.0,2,0.0,127.0,3,0.0,79
2018_16_HOU_PHI,HOU,471.0,4,471.0,4,1.0,57.0,0,2.0,79
2018_16_HOU_PHI,PHI,339.0,2,339.0,2,0.0,62.0,2,1.0,79
2018_16_JAX_MIA,JAX,146.0,1,146.0,1,1.0,62.0,0,1.0,79
2018_16_JAX_MIA,MIA,145.0,0,145.0,0,0.0,126.0,1,1.0,79
2018_16_KC_SEA,KC,271.0,3,271.0,3,0.0,210.0,2,0.0,79
2018_16_KC_SEA,SEA,273.0,3,273.0,3,0.0,154.0,0,2.0,79
2018_16_LA_ARI,ARI,216.0,1,216.0,1,0.0,269.0,3,1.0,79
2018_16_LA_ARI,LA,182.0,1,182.0,1,0.0,104.0,0,0.0,79
2018_16_MIN_DET,DET,253.0,3,253.0,3,0.0,100.0,0,0.0,79
2018_16_MIN_DET,MIN,161.0,0,161.0,0,0.0,86.0,0,0.0,79
2018_16_NYG_IND,IND,309.0,1,309.0,1,1.0,83.0,2,0.0,79
2018_16_NYG_IND,NYG,357.0,2,357.0,2,1.0,49.0,2,0.0,79
2018_16_PIT_NO,NO,380.0,3,380.0,3,0.0,65.0,0,2.0,79
2018_16_PIT_NO,PIT,326.0,1,326.0,1,1.0,57.0,3,0.0,79
2018_16_TB_DAL,DAL,336.0,1,336.0,1,0.0,63.0,1,2.0,79
2018_16_TB_DAL,TB,161.0,1,161.0,1,0.0,80.0,1,0.0,79
2018_16_WAS_TEN,TEN,153.0,1,153.0,1,2.0,161.0,0,0.0,79
2018_16_WAS_TEN,WAS,211.0,1,211.0,1,0.0,99.0,1,0.0,79
2018_17_ARI_SEA,ARI,152.0,1,152.0,1,1.0,182.0,2,0.0,80
2018_17_ARI_SEA,SEA,149.0,1,149.0,1,0.0,85.0,0,2.0,80
2018_17_ATL_TB,ATL,345.0,4,345.0,4,1.0,92.0,0,0.0,80
2018_17_ATL_TB,TB,383.0,3,383.0,3,1.0,109.0,1,0.0,80
2018_17_CAR_NO,CAR,118.0,1,118.0,1,1.0,184.0,1,0.0,80
2018_17_CAR_NO,NO,268.0,2,268.0,2,0.0,111.0,2,0.0,80
2018_17_CHI_MIN,CHI,132.0,1,132.0,1,0.0,63.0,0,0.0,80
2018_17_CHI_MIN,MIN,163.0,0,163.0,0,0.0,169.0,3,0.0,80
2018_17_CIN_PIT,CIN,287.0,1,287.0,1,1.0,65.0,0,0.0,80
2018_17_CIN_PIT,PIT,95.0,0,95.0,0,0.0,125.0,0,0.0,80
2018_17_CLE_BAL,BAL,376.0,3,376.0,3,3.0,50.0,0,0.0,80
2018_17_CLE_BAL,CLE,179.0,0,179.0,0,0.0,296.0,2,1.0,80
2018_17_DAL_NYG,DAL,301.0,2,301.0,2,1.0,143.0,2,1.0,80
2018_17_DAL_NYG,NYG,387.0,4,387.0,4,0.0,51.0,1,1.0,80
2018_17_DET_GB,DET,158.0,0,158.0,0,1.0,46.0,0,0.0,80
2018_17_DET_GB,GB,274.0,3,274.0,3,0.0,130.0,1,0.0,80
2018_17_IND_TEN,IND,165.0,1,165.0,1,2.0,93.0,0,0.0,80
2018_17_IND_TEN,TEN,285.0,3,285.0,3,1.0,158.0,1,1.0,80
2018_17_JAX_HOU,HOU,107.0,0,107.0,0,1.0,30.0,0,0.0,80
2018_17_JAX_HOU,JAX,234.0,0,234.0,0,0.0,134.0,2,0.0,80
2018_17_LAC_DEN,DEN,176.0,1,176.0,1,2.0,116.0,1,1.0,80
2018_17_LAC_DEN,LAC,292.0,1,292.0,1,1.0,82.0,0,2.0,80
2018_17_MIA_BUF,BUF,150.0,1,150.0,1,2.0,99.0,0,2.0,80
2018_17_MIA_BUF,MIA,224.0,3,224.0,3,1.0,166.0,3,0.0,80
2018_17_NYJ_NE,NE,167.0,0,167.0,0,0.0,104.0,0,3.0,80
2018_17_NYJ_NE,NYJ,250.0,4,250.0,4,0.0,131.0,0,0.0,80
2018_17_OAK_KC,KC,185.0,0,185.0,0,2.0,127.0,0,2.0,80
2018_17_OAK_KC,LV,310.0,2,310.0,2,1.0,99.0,2,0.0,80
2018_17_PHI_WAS,PHI,98.0,0,98.0,0,1.0,21.0,0,0.0,80
2018_17_PHI_WAS,WAS,243.0,3,243.0,3,1.0,129.0,0,0.0,80
2018_17_SF_LA,LA,282.0,3,282.0,3,3.0,127.0,1,1.0,80
2018_17_SF_LA,SF,222.0,4,222.0,4,0.0,155.0,1,0.0,80
2019_01_ATL_MIN,ATL,98.0,1,98.0,1,0.0,172.0,3,0.0,81
2019_01_ATL_MIN,MIN,304.0,2,304.0,2,2.0,73.0,0,1.0,81
2019_01_BAL_MIA,BAL,190.0,1,190.0,1,2.0,21.0,0,0.0,81
2019_01_BAL_MIA,MIA,379.0,6,379.0,6,0.0,265.0,2,0.0,81
2019_01_BUF_NYJ,BUF,175.0,1,175.0,1,0.0,68.0,0,1.0,81
2019_01_BUF_NYJ,NYJ,254.0,1,254.0,1,2.0,128.0,1,2.0,81
2019_01_CIN_SEA,CIN,195.0,2,195.0,2,0.0,72.0,1,1.0,81
2019_01_CIN_SEA,SEA,418.0,2,418.0,2,0.0,34.0,0,2.0,81
2019_01_DEN_OAK,DEN,259.0,1,259.0,1,0.0,98.0,2,0.0,81
2019_01_DEN_OAK,LV,268.0,1,268.0,1,0.0,95.0,0,0.0,81
2019_01_DET_ARI,ARI,385.0,3,385.0,3,0.0,116.0,0,1.0,81
2019_01_DET_ARI,DET,308.0,2,308.0,2,1.0,112.0,0,0.0,81
2019_01_GB_CHI,CHI,203.0,1,203.0,1,0.0,47.0,0,0.0,81
2019_01_GB_CHI,GB,228.0,0,228.0,0,1.0,46.0,0,0.0,81
2019_01_HOU_NO,HOU,370.0,2,370.0,2,1.0,148.0,1,0.0,81
2019_01_HOU_NO,NO,268.0,3,268.0,3,1.0,180.0,1,0.0,81
2019_01_IND_LAC,IND,333.0,3,333.0,3,1.0,125.0,1,0.0,81
2019_01_IND_LAC,LAC,190.0,2,190.0,2,0.0,203.0,1,0.0,81
2019_01_KC_JAX,JAX,378.0,3,378.0,3,0.0,113.0,1,0.0,81
2019_01_KC_JAX,KC,350.0,3,350.0,3,1.0,81.0,0,1.0,81
2019_01_LA_CAR,CAR,186.0,1,186.0,1,1.0,166.0,2,0.0,81
2019_01_LA_CAR,LA,239.0,0,239.0,0,1.0,127.0,3,2.0,81
2019_01_NYG_DAL,DAL,323.0,1,323.0,1,0.0,151.0,1,2.0,81
2019_01_NYG_DAL,NYG,405.0,4,405.0,4,0.0,89.0,1,0.0,81
2019_01_PIT_NE,NE,276.0,0,276.0,0,1.0,32.0,0,0.0,81
2019_01_PIT_NE,PIT,373.0,3,373.0,3,0.0,99.0,0,0.0,81
2019_01_SF_TB,SF,194.0,1,194.0,1,3.0,121.0,0,1.0,81
2019_01_SF_TB,TB,166.0,1,166.0,1,1.0,98.0,0,1.0,81
2019_01_TEN_CLE,CLE,248.0,3,248.0,3,0.0,123.0,1,0.0,81
2019_01_TEN_CLE,TEN,285.0,1,285.0,1,3.0,102.0,1,0.0,81
2019_01_WAS_PHI,PHI,380.0,3,380.0,3,0.0,28.0,0,0.0,81
2019_01_WAS_PHI,WAS,313.0,3,313.0,3,0.0,123.0,1,0.0,81
2019_02_ARI_BAL,ARI,272.0,2,272.0,2,0.0,182.0,0,0.0,82
2019_02_ARI_BAL,BAL,349.0,0,349.0,0,0.0,20.0,1,0.0,82
2019_02_BUF_NYG,BUF,250.0,1,250.0,1,2.0,129.0,1,0.0,82
2019_02_BUF_NYG,NYG,253.0,1,253.0,1,0.0,151.0,3,0.0,82
2019_02_CHI_DEN,CHI,292.0,1,292.0,1,1.0,90.0,0,0.0,82
2019_02_CHI_DEN,DEN,120.0,0,120.0,0,0.0,153.0,1,0.0,82
2019_02_CLE_NYJ,CLE,201.0,0,201.0,0,0.0,93.0,0,1.0,82
2019_02_CLE_NYJ,NYJ,325.0,1,325.0,1,1.0,70.0,1,0.0,82
2019_02_DAL_WAS,DAL,221.0,2,221.0,2,0.0,47.0,1,0.0,82
2019_02_DAL_WAS,WAS,269.0,3,269.0,3,1.0,213.0,1,0.0,82
2019_02_IND_TEN,IND,154.0,1,154.0,1,0.0,124.0,1,0.0,82
2019_02_IND_TEN,TEN,146.0,3,146.0,3,1.0,167.0,0,1.0,82
2019_02_JAX_HOU,HOU,213.0,1,213.0,1,0.0,103.0,0,1.0,82
2019_02_JAX_HOU,JAX,159.0,0,159.0,0,0.0,126.0,1,0.0,82
2019_02_KC_OAK,KC,198.0,1,198.0,1,2.0,129.0,0,0.0,82
2019_02_KC_OAK,LV,443.0,4,443.0,4,0.0,31.0,0,1.0,82
2019_02_LAC_DET,DET,293.0,0,293.0,0,1.0,137.0,1,1.0,82
2019_02_LAC_DET,LAC,245.0,2,245.0,2,2.0,94.0,0,0.0,82
2019_02_MIN_GB,GB,230.0,1,230.0,1,2.0,198.0,1,2.0,82
2019_02_MIN_GB,MIN,209.0,2,209.0,2,0.0,144.0,1,2.0,82
2019_02_NE_MIA,MIA,264.0,2,264.0,2,0.0,124.0,2,1.0,82
2019_02_NE_MIA,NE,186.0,0,186.0,0,4.0,42.0,0,0.0,82
2019_02_NO_LA,LA,203.0,0,203.0,0,1.0,57.0,0,0.0,82
2019_02_NO_LA,NO,283.0,1,283.0,1,0.0,115.0,2,1.0,82
2019_02_PHI_ATL,ATL,255.0,1,255.0,1,2.0,49.0,1,0.0,82
2019_02_PHI_ATL,PHI,320.0,3,320.0,3,3.0,57.0,0,0.0,82
2019_02_SEA_PIT,PIT,300.0,3,300.0,3,0.0,151.0,1,2.0,82
2019_02_SEA_PIT,SEA,187.0,2,187.0,2,1.0,81.0,1,0.0,82
2019_02_SF_CIN,CIN,312.0,3,312.0,3,1.0,259.0,2,0.0,82
2019_02_SF_CIN,SF,311.0,2,311.0,2,1.0,25.0,0,0.0,82
2019_02_TB_CAR,CAR,208.0,1,208.0,1,0.0,100.0,1,0.0,82
2019_02_TB_CAR,TB,333.0,0,333.0,0,0.0,39.0,0,1.0,82
2019_03_ATL_IND,ATL,310.0,2,310.0,2,0.0,79.0,1,0.0,83
2019_03_ATL_IND,IND,304.0,3,304.0,3,1.0,93.0,0,0.0,83
2019_03_BAL_KC,BAL,374.0,3,374.0,3,0.0,140.0,1,0.0,83
2019_03_BAL_KC,KC,267.0,0,267.0,0,0.0,203.0,4,0.0,83
2019_03_CAR_ARI,ARI,261.0,4,261.0,4,0.0,173.0,1,1.0,83
2019_03_CAR_ARI,CAR,173.0,2,173.0,2,2.0,121.0,0,0.0,83
2019_03_CHI_WAS,CHI,332.0,2,332.0,2,3.0,69.0,0,2.0,83
2019_03_CHI_WAS,WAS,231.0,3,231.0,3,1.0,90.0,0,0.0,83
2019_03_CIN_BUF,BUF,250.0,1,250.0,1,2.0,66.0,1,2.0,83
2019_03_CIN_BUF,CIN,243.0,1,243.0,1,1.0,175.0,1,1.0,83
2019_03_DEN_GB,DEN,235.0,1,235.0,1,0.0,77.0,2,0.0,83
2019_03_DEN_GB,GB,213.0,0,213.0,0,1.0,149.0,2,2.0,83
2019_03_DET_PHI,DET,259.0,2,259.0,2,0.0,127.0,1,2.0,83
2019_03_DET_PHI,PHI,201.0,1,201.0,1,0.0,86.0,1,0.0,83
2019_03_HOU_LAC,HOU,318.0,2,318.0,2,0.0,73.0,0,1.0,83
2019_03_HOU_LAC,LAC,351.0,3,351.0,3,0.0,39.0,1,1.0,83
2019_03_LA_CLE,CLE,268.0,2,268.0,2,2.0,90.0,0,1.0,83
2019_03_LA_CLE,LA,195.0,1,195.0,1,1.0,95.0,0,0.0,83
2019_03_MIA_DAL,DAL,229.0,0,229.0,0,0.0,72.0,0,1.0,83
2019_03_MIA_DAL,MIA,246.0,2,246.0,2,1.0,235.0,2,0.0,83
2019_03_NO_SEA,NO,406.0,2,406.0,2,0.0,108.0,2,1.0,83
2019_03_NO_SEA,SEA,177.0,2,177.0,2,0.0,88.0,1,0.0,83
2019_03_NYG_TB,NYG,380.0,3,380.0,3,1.0,144.0,0,0.0,83
2019_03_NYG_TB,TB,336.0,2,336.0,2,0.0,72.0,2,2.0,83
2019_03_NYJ_NE,NE,98.0,0,98.0,0,1.0,36.0,0,0.0,83
2019_03_NYJ_NE,NYJ,320.0,2,320.0,2,1.0,68.0,2,0.0,83
2019_03_OAK_MIN,LV,174.0,1,174.0,1,0.0,211.0,3,0.0,83
2019_03_OAK_MIN,MIN,242.0,2,242.0,2,1.0,88.0,0,0.0,83
2019_03_PIT_SF,PIT,277.0,1,277.0,1,2.0,168.0,2,2.0,83
2019_03_PIT_SF,SF,174.0,2,174.0,2,1.0,79.0,0,1.0,83
2019_03_TEN_JAX,JAX,304.0,0,304.0,0,0.0,91.0,1,0.0,83
2019_03_TEN_JAX,TEN,204.0,2,204.0,2,0.0,88.0,0,0.0,83
2019_04_CAR_HOU,CAR,160.0,0,160.0,0,1.0,136.0,1,1.0,84
2019_04_CAR_HOU,HOU,232.0,0,232.0,0,0.0,94.0,1,3.0,84
2019_04_CIN_PIT,CIN,260.0,2,260.0,2,0.0,66.0,1,1.0,84
2019_04_CIN_PIT,PIT,171.0,0,171.0,0,1.0,73.0,0,1.0,84
2019_04_CLE_BAL,BAL,342.0,1,342.0,1,1.0,193.0,4,0.0,84
2019_04_CLE_BAL,CLE,247.0,3,247.0,3,2.0,173.0,0,1.0,84
2019_04_DAL_NO,DAL,193.0,0,193.0,0,1.0,117.0,0,0.0,84
2019_04_DAL_NO,NO,223.0,0,223.0,0,1.0,45.0,1,2.0,84
2019_04_JAX_DEN,DEN,213.0,2,213.0,2,0.0,269.0,0,0.0,84
2019_04_JAX_DEN,JAX,303.0,3,303.0,3,1.0,68.0,0,0.0,84
2019_04_KC_DET,DET,315.0,0,315.0,0,0.0,123.0,3,2.0,84
2019_04_KC_DET,KC,291.0,3,291.0,3,0.0,186.0,0,2.0,84
2019_04_LAC_MIA,LAC,180.0,1,180.0,1,1.0,72.0,0,0.0,84
2019_04_LAC_MIA,MIA,317.0,2,317.0,2,0.0,79.0,1,0.0,84
2019_04_MIN_CHI,CHI,233.0,0,233.0,0,0.0,40.0,1,2.0,84
2019_04_MIN_CHI,MIN,204.0,1,204.0,1,0.0,72.0,0,0.0,84
2019_04_NE_BUF,BUF,150.0,0,150.0,0,1.0,74.0,1,0.0,84
2019_04_NE_BUF,NE,280.0,0,280.0,0,4.0,135.0,1,0.0,84
2019_04_OAK_IND,IND,189.0,2,189.0,2,0.0,188.0,1,1.0,84
2019_04_OAK_IND,LV,265.0,3,265.0,3,1.0,81.0,0,1.0,84
2019_04_PHI_GB,GB,160.0,3,160.0,3,0.0,176.0,2,0.0,84
2019_04_PHI_GB,PHI,422.0,2,422.0,2,1.0,77.0,1,1.0,84
2019_04_SEA_ARI,ARI,240.0,1,240.0,1,0.0,115.0,1,0.0,84
2019_04_SEA_ARI,SEA,241.0,0,241.0,0,1.0,115.0,1,0.0,84
2019_04_TB_LA,LA,385.0,4,385.0,4,1.0,88.0,2,0.0,84
2019_04_TB_LA,TB,517.0,2,517.0,2,3.0,28.0,2,1.0,84
2019_04_TEN_ATL,ATL,227.0,3,227.0,3,0.0,138.0,0,0.0,84
2019_04_TEN_ATL,TEN,397.0,0,397.0,0,0.0,58.0,1,1.0,84
2019_04_WAS_NYG,NYG,144.0,0,144.0,0,4.0,55.0,0,0.0,84
2019_04_WAS_NYG,WAS,225.0,1,225.0,1,2.0,164.0,1,2.0,84
2019_05_ARI_CIN,ARI,262.0,2,262.0,2,0.0,108.0,0,0.0,85
2019_05_ARI_CIN,CIN,253.0,0,253.0,0,0.0,266.0,2,0.0,85
2019_05_ATL_HOU,ATL,426.0,5,426.0,5,0.0,166.0,1,0.0,85
2019_05_ATL_HOU,HOU,330.0,3,330.0,3,1.0,57.0,1,0.0,85
2019_05_BAL_PIT,BAL,203.0,1,203.0,1,1.0,77.0,1,1.0,85
2019_05_BAL_PIT,PIT,161.0,1,161.0,1,3.0,138.0,1,0.0,85
2019_05_BUF_TEN,BUF,183.0,0,183.0,0,0.0,102.0,1,0.0,85
2019_05_BUF_TEN,TEN,219.0,2,219.0,2,1.0,109.0,0,0.0,85
2019_05_CHI_OAK,CHI,229.0,0,229.0,0,0.0,169.0,3,2.0,85
2019_05_CHI_OAK,LV,231.0,2,231.0,2,2.0,42.0,1,0.0,85
2019_05_CLE_SF,CLE,181.0,2,181.0,2,0.0,275.0,2,0.0,85
2019_05_CLE_SF,SF,120.0,0,120.0,0,2.0,102.0,0,1.0,84
2019_05_DEN_LAC,DEN,211.0,0,211.0,0,2.0,35.0,0,0.0,85
2019_05_DEN_LAC,LAC,182.0,1,182.0,1,1.0,191.0,1,1.0,85
2019_05_GB_DAL,DAL,238.0,0,238.0,0,0.0,120.0,4,0.0,85
2019_05_GB_DAL,GB,463.0,2,463.0,2,3.0,122.0,1,0.0,85
2019_05_IND_KC,IND,321.0,1,321.0,1,0.0,36.0,0,1.0,85
2019_05_IND_KC,KC,151.0,0,151.0,0,1.0,180.0,1,0.0,85
2019_05_JAX_CAR,CAR,374.0,2,374.0,2,0.0,149.0,1,3.0,85
2019_05_JAX_CAR,JAX,181.0,1,181.0,1,0.0,285.0,3,0.0,85
2019_05_LA_SEA,LA,268.0,4,268.0,4,0.0,167.0,0,1.0,85
2019_05_LA_SEA,SEA,395.0,1,395.0,1,1.0,82.0,2,1.0,85
2019_05_MIN_NYG,MIN,182.0,1,182.0,1,1.0,64.0,0,0.0,85
2019_05_MIN_NYG,NYG,306.0,2,306.0,2,0.0,211.0,0,1.0,85
2019_05_NE_WAS,NE,122.0,0,122.0,0,1.0,145.0,1,1.0,85
2019_05_NE_WAS,WAS,348.0,3,348.0,3,1.0,130.0,1,0.0,85
2019_05_NYJ_PHI,NYJ,189.0,1,189.0,1,0.0,84.0,1,0.0,84
2019_05_NYJ_PHI,PHI,120.0,0,120.0,0,2.0,67.0,1,1.0,85
2019_05_TB_NO,NO,204.0,2,204.0,2,0.0,94.0,1,0.0,85
2019_05_TB_NO,TB,345.0,4,345.0,4,1.0,112.0,0,0.0,85
2019_06_ATL_ARI,ARI,356.0,4,356.0,4,0.0,103.0,0,0.0,86
2019_06_ATL_ARI,ATL,340.0,3,340.0,3,0.0,102.0,1,0.0,86
2019_06_CAR_TB,CAR,400.0,1,400.0,1,5.0,42.0,2,1.0,86
2019_06_CAR_TB,TB,227.0,2,227.0,2,0.0,59.0,2,0.0,86
2019_06_CIN_BAL,BAL,235.0,0,235.0,0,1.0,33.0,1,0.0,86
2019_06_CIN_BAL,CIN,236.0,0,236.0,0,0.0,269.0,2,1.0,86
2019_06_DAL_NYJ,DAL,338.0,2,338.0,2,1.0,56.0,1,0.0,86
2019_06_DAL_NYJ,NYJ,278.0,0,278.0,0,0.0,129.0,2,0.0,85
2019_06_DET_GB,DET,283.0,2,283.0,2,1.0,170.0,0,1.0,85
2019_06_DET_GB,GB,265.0,0,265.0,0,0.0,56.0,1,0.0,86
2019_06_HOU_KC,HOU,273.0,3,273.0,3,1.0,53.0,0,1.0,86
2019_06_HOU_KC,KC,280.0,1,280.0,1,2.0,192.0,3,1.0,86
2019_06_NO_JAX,JAX,240.0,1,240.0,1,0.0,104.0,0,0.0,86
2019_06_NO_JAX,NO,163.0,0,163.0,0,1.0,75.0,0,0.0,86
2019_06_NYG_NE,NE,161.0,1,161.0,1,3.0,52.0,0,1.0,86
2019_06_NYG_NE,NYG,334.0,0,334.0,0,1.0,114.0,3,1.0,86
2019_06_PHI_MIN,MIN,306.0,2,306.0,2,2.0,108.0,0,1.0,86
2019_06_PHI_MIN,PHI,333.0,4,333.0,4,1.0,122.0,1,1.0,86
2019_06_PIT_LAC,LAC,132.0,1,132.0,1,1.0,124.0,1,0.0,86
2019_06_PIT_LAC,PIT,320.0,2,320.0,2,2.0,32.0,0,1.0,86
2019_06_SEA_CLE,CLE,295.0,2,295.0,2,0.0,170.0,2,1.0,86
2019_06_SEA_CLE,SEA,249.0,1,249.0,1,3.0,157.0,3,1.0,86
2019_06_SF_LA,LA,243.0,0,243.0,0,1.0,99.0,2,1.0,86
2019_06_SF_LA,SF,78.0,0,78.0,0,0.0,109.0,1,1.0,85
2019_06_TEN_DEN,DEN,207.0,0,207.0,0,3.0,39.0,0,0.0,86
2019_06_TEN_DEN,TEN,177.0,0,177.0,0,1.0,103.0,1,0.0,86
2019_06_WAS_MIA,MIA,166.0,2,166.0,2,0.0,145.0,0,0.0,85
2019_06_WAS_MIA,WAS,217.0,1,217.0,1,2.0,84.0,1,0.0,86
2019_07_ARI_NYG,ARI,223.0,1,223.0,1,1.0,107.0,1,2.0,87
2019_07_ARI_NYG,NYG,104.0,0,104.0,0,0.0,156.0,3,0.0,87
2019_07_BAL_SEA,BAL,241.0,1,241.0,1,1.0,106.0,0,1.0,87
2019_07_BAL_SEA,SEA,143.0,0,143.0,0,0.0,199.0,1,0.0,87
2019_07_HOU_IND,HOU,326.0,4,326.0,4,0.0,62.0,0,1.0,87
2019_07_HOU_IND,IND,308.0,1,308.0,1,2.0,100.0,1,0.0,86
2019_07_JAX_CIN,CIN,255.0,1,255.0,1,0.0,216.0,0,0.0,87
2019_07_JAX_CIN,JAX,276.0,1,276.0,1,3.0,33.0,1,1.0,87
2019_07_KC_DEN,DEN,193.0,2,193.0,2,0.0,80.0,0,0.0,87
2019_07_KC_DEN,KC,213.0,0,213.0,0,0.0,71.0,1,1.0,87
2019_07_LAC_TEN,LAC,323.0,2,323.0,2,1.0,97.0,1,0.0,87
2019_07_LAC_TEN,TEN,329.0,2,329.0,2,0.0,39.0,0,1.0,87
2019_07_LA_ATL,ATL,291.0,2,291.0,2,0.0,90.0,1,0.0,87
2019_07_LA_ATL,LA,224.0,1,224.0,1,1.0,38.0,0,1.0,87
2019_07_MIA_BUF,BUF,282.0,1,282.0,1,1.0,109.0,2,1.0,86
2019_07_MIA_BUF,MIA,202.0,2,202.0,2,0.0,117.0,0,0.0,86
2019_07_MIN_DET,DET,338.0,4,338.0,4,0.0,166.0,2,0.0,86
2019_07_MIN_DET,MIN,364.0,4,364.0,4,1.0,81.0,0,0.0,87
2019_07_NE_NYJ,NE,86.0,0,86.0,0,4.0,81.0,0,1.0,87
2019_07_NE_NYJ,NYJ,249.0,1,249.0,1,1.0,74.0,3,0.0,86
2019_07_NO_CHI,CHI,281.0,2,281.0,2,0.0,151.0,2,0.0,86
2019_07_NO_CHI,NO,251.0,2,251.0,2,0.0,17.0,0,2.0,87
2019_07_OAK_GB,GB,329.0,3,329.0,3,1.0,155.0,0,0.0,87
2019_07_OAK_GB,LV,429.0,5,429.0,5,0.0,60.0,1,0.0,86
2019_07_PHI_DAL,DAL,191.0,1,191.0,1,1.0,115.0,0,3.0,87
2019_07_PHI_DAL,PHI,239.0,1,239.0,1,1.0,189.0,3,0.0,87
2019_07_SF_WAS,SF,77.0,0,77.0,0,0.0,104.0,0,1.0,86
2019_07_SF_WAS,WAS,151.0,0,151.0,0,1.0,137.0,0,0.0,87
2019_08_ARI_NO,ARI,373.0,3,373.0,3,1.0,137.0,1,0.0,88
2019_08_ARI_NO,NO,220.0,0,220.0,0,0.0,40.0,0,0.0,88
2019_08_CAR_SF,CAR,175.0,2,175.0,2,1.0,232.0,5,0.0,87
2019_08_CAR_SF,SF,158.0,0,158.0,0,3.0,130.0,1,0.0,87
2019_08_CIN_LA,CIN,372.0,2,372.0,2,0.0,98.0,1,0.0,88
2019_08_CIN_LA,LA,329.0,1,329.0,1,0.0,104.0,0,0.0,88
2019_08_CLE_NE,CLE,259.0,2,259.0,2,0.0,79.0,0,0.0,87
2019_08_CLE_NE,NE,194.0,1,194.0,1,1.0,159.0,0,2.0,88
2019_08_DEN_IND,DEN,202.0,0,202.0,0,0.0,127.0,1,1.0,88
2019_08_DEN_IND,IND,174.0,0,174.0,0,0.0,113.0,1,0.0,87
2019_08_GB_KC,GB,267.0,2,267.0,2,0.0,88.0,1,1.0,88
2019_08_GB_KC,KC,305.0,3,305.0,3,0.0,118.0,1,0.0,88
2019_08_LAC_CHI,CHI,201.0,1,201.0,1,1.0,36.0,1,0.0,87
2019_08_LAC_CHI,LAC,253.0,0,253.0,0,1.0,162.0,1,1.0,88
2019_08_MIA_PIT,MIA,251.0,2,251.0,2,1.0,158.0,1,0.0,87
2019_08_MIA_PIT,PIT,190.0,2,190.0,2,2.0,60.0,0,2.0,87
2019_08_NYG_DET,DET,322.0,4,322.0,4,0.0,80.0,0,1.0,87
2019_08_NYG_DET,NYG,342.0,3,342.0,3,1.0,59.0,0,1.0,88
2019_08_NYJ_JAX,JAX,218.0,2,218.0,2,3.0,46.0,0,0.0,88
2019_08_NYJ_JAX,NYJ,279.0,3,279.0,3,0.0,111.0,0,1.0,87
2019_08_OAK_HOU,HOU,285.0,3,285.0,3,0.0,93.0,0,0.0,88
2019_08_OAK_HOU,LV,279.0,3,279.0,3,0.0,130.0,0,0.0,87
2019_08_PHI_BUF,BUF,172.0,1,172.0,1,0.0,218.0,3,0.0,87
2019_08_PHI_BUF,PHI,169.0,2,169.0,2,0.0,98.0,0,1.0,88
2019_08_SEA_ATL,ATL,182.0,2,182.0,2,0.0,151.0,1,0.0,88
2019_08_SEA_ATL,SEA,460.0,1,460.0,1,1.0,69.0,1,2.0,88
2019_08_TB_TEN,TB,193.0,3,193.0,3,0.0,72.0,0,1.0,87
2019_08_TB_TEN,TEN,301.0,2,301.0,2,2.0,106.0,0,2.0,88
2019_08_WAS_MIN,MIN,163.0,0,163.0,0,1.0,85.0,0,1.0,88
2019_08_WAS_MIN,WAS,285.0,0,285.0,0,0.0,161.0,1,1.0,88
2019_09_CHI_PHI,CHI,239.0,1,239.0,1,0.0,146.0,1,0.0,88
2019_09_CHI_PHI,PHI,125.0,0,125.0,0,0.0,62.0,2,0.0,89
2019_09_CLE_DEN,CLE,193.0,2,193.0,2,0.0,127.0,1,1.0,88
2019_09_CLE_DEN,DEN,273.0,1,273.0,1,0.0,90.0,0,0.0,89
2019_09_DAL_NYG,DAL,210.0,1,210.0,1,1.0,100.0,0,2.0,88
2019_09_DAL_NYG,NYG,257.0,3,257.0,3,1.0,172.0,0,1.0,89
2019_09_DET_OAK,DET,289.0,2,289.0,2,0.0,171.0,2,0.0,88
2019_09_DET_OAK,LV,406.0,3,406.0,3,1.0,90.0,0,1.0,88
2019_09_GB_LAC,GB,294.0,0,294.0,0,0.0,159.0,2,0.0,89
2019_09_GB_LAC,LAC,161.0,1,161.0,1,0.0,45.0,0,0.0,89
2019_09_HOU_JAX,HOU,309.0,0,309.0,0,2.0,74.0,0,2.0,89
2019_09_HOU_JAX,JAX,201.0,2,201.0,2,0.0,216.0,1,1.0,89
2019_09_IND_PIT,IND,191.0,1,191.0,1,1.0,90.0,0,1.0,88
2019_09_IND_PIT,PIT,227.0,3,227.0,3,1.0,139.0,0,1.0,88
2019_09_MIN_KC,KC,220.0,3,220.0,3,0.0,96.0,0,0.0,89
2019_09_MIN_KC,MIN,275.0,1,275.0,1,0.0,147.0,1,0.0,89
2019_09_NE_BAL,BAL,285.0,1,285.0,1,1.0,74.0,1,1.0,88
2019_09_NE_BAL,NE,163.0,1,163.0,1,0.0,210.0,3,1.0,89
2019_09_NYJ_MIA,MIA,260.0,1,260.0,1,1.0,83.0,0,0.0,88
2019_09_NYJ_MIA,NYJ,288.0,3,288.0,3,0.0,50.0,0,0.0,88
2019_09_SF_ARI,ARI,317.0,4,317.0,4,0.0,101.0,0,0.0,89
2019_09_SF_ARI,SF,241.0,2,241.0,2,0.0,153.0,1,0.0,88
2019_09_TB_SEA,SEA,335.0,2,335.0,2,0.0,99.0,2,1.0,89
2019_09_TB_SEA,TB,378.0,5,378.0,5,0.0,145.0,0,1.0,88
2019_09_TEN_CAR,CAR,331.0,1,331.0,1,2.0,121.0,2,1.0,88
2019_09_TEN_CAR,TEN,232.0,2,232.0,2,1.0,156.0,2,0.0,89
2019_09_WAS_BUF,BUF,144.0,0,144.0,0,0.0,127.0,0,0.0,88
2019_09_WAS_BUF,WAS,160.0,1,160.0,1,0.0,122.0,2,0.0,89
2019_10_ARI_TB,ARI,358.0,1,358.0,1,2.0,118.0,2,1.0,90
2019_10_ARI_TB,TB,350.0,3,350.0,3,1.0,75.0,0,1.0,89
2019_10_ATL_NO,ATL,304.0,0,304.0,0,0.0,52.0,0,0.0,89
2019_10_ATL_NO,NO,182.0,2,182.0,2,1.0,143.0,0,0.0,89
2019_10_BAL_CIN,BAL,167.0,1,167.0,1,1.0,157.0,0,2.0,89
2019_10_BAL_CIN,CIN,243.0,3,243.0,3,1.0,127.0,2,0.0,89
2019_10_BUF_CLE,BUF,238.0,2,238.0,2,0.0,147.0,0,0.0,89
2019_10_BUF_CLE,CLE,266.0,0,266.0,0,0.0,84.0,2,0.0,89
2019_10_CAR_GB,CAR,233.0,0,233.0,0,0.0,163.0,3,0.0,89
2019_10_CAR_GB,GB,307.0,1,307.0,1,1.0,120.0,1,1.0,90
2019_10_DET_CHI,CHI,269.0,1,269.0,1,1.0,98.0,0,0.0,89
2019_10_DET_CHI,DET,173.0,3,173.0,3,0.0,81.0,0,0.0,89
2019_10_KC_TEN,KC,181.0,2,181.0,2,0.0,225.0,2,1.0,90
2019_10_KC_TEN,TEN,446.0,3,446.0,3,0.0,97.0,0,1.0,90
2019_10_LAC_OAK,LAC,218.0,1,218.0,1,0.0,78.0,1,0.0,90
2019_10_LAC_OAK,LV,207.0,2,207.0,2,3.0,146.0,1,0.0,89
2019_10_LA_PIT,LA,242.0,1,242.0,1,0.0,42.0,0,1.0,89
2019_10_LA_PIT,PIT,243.0,0,243.0,0,3.0,88.0,0,1.0,89
2019_10_MIA_IND,IND,169.0,0,169.0,0,1.0,70.0,1,1.0,89
2019_10_MIA_IND,MIA,204.0,1,204.0,1,3.0,109.0,0,0.0,89
2019_10_MIN_DAL,DAL,220.0,2,220.0,2,0.0,153.0,1,0.0,89
2019_10_MIN_DAL,MIN,397.0,3,397.0,3,1.0,50.0,0,0.0,90
2019_10_NYG_NYJ,NYG,230.0,1,230.0,1,0.0,76.0,2,0.0,90
2019_10_NYG_NYJ,NYJ,308.0,4,308.0,4,0.0,23.0,0,2.0,89
2019_10_SEA_SF,SEA,248.0,1,248.0,1,1.0,87.0,0,2.0,90
2019_10_SEA_SF,SF,232.0,1,232.0,1,1.0,147.0,1,2.0,89
2019_11_ARI_SF,ARI,424.0,4,424.0,4,2.0,34.0,0,0.0,91
2019_11_ARI_SF,SF,150.0,2,150.0,2,0.0,135.0,1,2.0,90
2019_11_ATL_CAR,ATL,325.0,0,325.0,0,4.0,77.0,0,0.0,90
2019_11_ATL_CAR,CAR,314.0,1,314.0,1,0.0,54.0,1,0.0,90
2019_11_BUF_MIA,BUF,323.0,0,323.0,0,0.0,23.0,2,1.0,90
2019_11_BUF_MIA,MIA,256.0,3,256.0,3,0.0,168.0,1,0.0,90
2019_11_CHI_LA,CHI,173.0,0,173.0,0,1.0,110.0,2,1.0,90
2019_11_CHI_LA,LA,199.0,1,199.0,1,1.0,74.0,0,0.0,90
2019_11_CIN_OAK,CIN,292.0,1,292.0,1,1.0,113.0,1,1.0,90
2019_11_CIN_OAK,LV,115.0,0,115.0,0,1.0,173.0,1,1.0,90
2019_11_DAL_DET,DAL,209.0,2,209.0,2,0.0,121.0,2,0.0,90
2019_11_DAL_DET,DET,444.0,3,444.0,3,0.0,75.0,1,1.0,90
2019_11_DEN_MIN,DEN,319.0,3,319.0,3,0.0,37.0,1,1.0,90
2019_11_DEN_MIN,MIN,278.0,1,278.0,1,1.0,124.0,1,0.0,91
2019_11_HOU_BAL,BAL,169.0,0,169.0,0,1.0,122.0,1,1.0,90
2019_11_HOU_BAL,HOU,235.0,4,235.0,4,0.0,256.0,1,0.0,90
2019_11_JAX_IND,IND,296.0,2,296.0,2,1.0,29.0,0,0.0,90
2019_11_JAX_IND,JAX,148.0,1,148.0,1,1.0,264.0,3,0.0,90
2019_11_KC_LAC,KC,353.0,1,353.0,1,4.0,93.0,0,0.0,91
2019_11_KC_LAC,LAC,182.0,1,182.0,1,1.0,130.0,2,0.0,91
2019_11_NE_PHI,NE,214.0,1,214.0,1,0.0,81.0,0,1.0,90
2019_11_NE_PHI,PHI,231.0,1,231.0,1,0.0,74.0,0,0.0,90
2019_11_NO_TB,NO,313.0,2,313.0,2,4.0,36.0,0,0.0,90
2019_11_NO_TB,TB,228.0,3,228.0,3,0.0,109.0,0,0.0,90
2019_11_NYJ_WAS,NYJ,214.0,2,214.0,2,1.0,54.0,0,0.0,90
2019_11_NYJ_WAS,WAS,293.0,4,293.0,4,1.0,115.0,1,0.0,90
2019_11_PIT_CLE,CLE,221.0,1,221.0,1,4.0,58.0,0,0.0,90
2019_11_PIT_CLE,PIT,193.0,2,193.0,2,0.0,104.0,1,0.0,90
2019_12_BAL_LA,BAL,212.0,0,212.0,0,2.0,22.0,0,0.0,91
2019_12_BAL_LA,LA,208.0,5,208.0,5,0.0,285.0,1,0.0,91
2019_12_CAR_NO,CAR,311.0,3,311.0,3,1.0,118.0,1,0.0,91
2019_12_CAR_NO,NO,256.0,3,256.0,3,0.0,121.0,1,0.0,91
2019_12_DAL_NE,DAL,190.0,1,190.0,1,0.0,101.0,0,0.0,91
2019_12_DAL_NE,NE,212.0,0,212.0,0,1.0,109.0,0,0.0,91
2019_12_DEN_BUF,BUF,82.0,0,82.0,0,1.0,85.0,0,0.0,91
2019_12_DEN_BUF,DEN,185.0,2,185.0,2,1.0,244.0,0,0.0,91
2019_12_DET_WAS,DET,156.0,0,156.0,0,1.0,86.0,0,1.0,91
2019_12_DET_WAS,WAS,207.0,1,207.0,1,3.0,175.0,0,1.0,91
2019_12_GB_SF,GB,253.0,2,253.0,2,0.0,112.0,2,0.0,91
2019_12_GB_SF,SF,119.0,1,119.0,1,0.0,117.0,0,1.0,91
2019_12_IND_HOU,HOU,129.0,0,129.0,0,0.0,175.0,2,0.0,91
2019_12_IND_HOU,IND,298.0,2,298.0,2,1.0,99.0,0,0.0,91
2019_12_JAX_TEN,JAX,259.0,2,259.0,2,0.0,219.0,4,2.0,91
2019_12_JAX_TEN,TEN,272.0,0,272.0,0,0.0,117.0,2,0.0,91
2019_12_MIA_CLE,CLE,214.0,2,214.0,2,2.0,92.0,1,0.0,91
2019_12_MIA_CLE,MIA,327.0,3,327.0,3,1.0,147.0,2,0.0,91
2019_12_NYG_CHI,CHI,150.0,2,150.0,2,0.0,109.0,0,1.0,91
2019_12_NYG_CHI,NYG,278.0,1,278.0,1,2.0,65.0,1,0.0,91
2019_12_OAK_NYJ,LV,315.0,2,315.0,2,0.0,88.0,1,0.0,91
2019_12_OAK_NYJ,NYJ,147.0,0,147.0,0,1.0,68.0,0,1.0,91
2019_12_PIT_CIN,CIN,203.0,1,203.0,1,1.0,159.0,0,0.0,91
2019_12_PIT_CIN,PIT,192.0,1,192.0,1,0.0,86.0,0,2.0,91
2019_12_SEA_PHI,PHI,200.0,1,200.0,1,1.0,174.0,1,1.0,91
2019_12_SEA_PHI,SEA,256.0,1,256.0,1,2.0,106.0,0,3.0,91
2019_12_TB_ATL,ATL,313.0,3,313.0,3,2.0,133.0,1,0.0,91
2019_12_TB_ATL,TB,326.0,1,326.0,1,1.0,57.0,1,1.0,91
2019_13_BUF_DAL,BUF,355.0,2,355.0,2,1.0,103.0,0,1.0,92
2019_13_BUF_DAL,DAL,259.0,2,259.0,2,0.0,124.0,1,0.0,92
2019_13_CHI_DET,CHI,280.0,2,280.0,2,1.0,105.0,0,0.0,92
2019_13_CHI_DET,DET,338.0,3,338.0,3,1.0,88.0,0,0.0,92
2019_13_CLE_PIT,CLE,212.0,1,212.0,1,1.0,124.0,1,0.0,92
2019_13_CLE_PIT,PIT,196.0,1,196.0,1,1.0,106.0,0,1.0,92
2019_13_GB_NYG,GB,240.0,1,240.0,1,3.0,95.0,0,0.0,92
2019_13_GB_NYG,NYG,243.0,4,243.0,4,0.0,79.0,0,0.0,92
2019_13_LAC_DEN,DEN,265.0,2,265.0,2,1.0,115.0,0,0.0,92
2019_13_LAC_DEN,LAC,134.0,2,134.0,2,1.0,84.0,0,0.0,92
2019_13_LA_ARI,ARI,427.0,2,427.0,2,0.0,132.0,1,0.0,92
2019_13_LA_ARI,LA,163.0,0,163.0,0,1.0,74.0,1,0.0,92
2019_13_MIN_SEA,MIN,240.0,2,240.0,2,1.0,218.0,2,1.0,92
2019_13_MIN_SEA,SEA,276.0,2,276.0,2,1.0,78.0,1,1.0,92
2019_13_NE_HOU,HOU,326.0,3,326.0,3,1.0,145.0,0,0.0,92
2019_13_NE_HOU,NE,240.0,4,240.0,4,0.0,52.0,0,0.0,92
2019_13_NO_ATL,ATL,184.0,1,184.0,1,0.0,95.0,1,0.0,92
2019_13_NO_ATL,NO,312.0,2,312.0,2,2.0,89.0,0,1.0,92
2019_13_NYJ_CIN,CIN,239.0,0,239.0,0,0.0,62.0,0,0.0,92
2019_13_NYJ_CIN,NYJ,243.0,1,243.0,1,0.0,44.0,1,0.0,92
2019_13_OAK_KC,KC,222.0,1,222.0,1,2.0,122.0,0,0.0,92
2019_13_OAK_KC,LV,175.0,1,175.0,1,0.0,96.0,3,0.0,92
2019_13_PHI_MIA,MIA,310.0,3,310.0,3,1.0,92.0,0,0.0,92
2019_13_PHI_MIA,PHI,366.0,4,366.0,4,1.0,58.0,1,0.0,92
2019_13_SF_BAL,BAL,165.0,1,165.0,1,0.0,174.0,1,1.0,92
2019_13_SF_BAL,SF,105.0,1,105.0,1,0.0,178.0,1,1.0,92
2019_13_TB_JAX,JAX,268.0,0,268.0,0,0.0,74.0,2,1.0,92
2019_13_TB_JAX,TB,240.0,1,240.0,1,2.0,49.0,0,2.0,92
2019_13_TEN_IND,IND,182.0,2,182.0,2,0.0,154.0,1,2.0,92
2019_13_TEN_IND,TEN,319.0,1,319.0,1,2.0,82.0,1,1.0,92
2019_13_WAS_CAR,CAR,147.0,0,147.0,0,0.0,248.0,3,0.0,92
2019_13_WAS_CAR,WAS,278.0,2,278.0,2,1.0,65.0,1,1.0,92
2019_14_BAL_BUF,BAL,146.0,1,146.0,1,0.0,104.0,0,1.0,93
2019_14_BAL_BUF,BUF,145.0,3,145.0,3,1.0,118.0,0,0.0,93
2019_14_CAR_ATL,ATL,293.0,1,293.0,1,2.0,100.0,1,1.0,93
2019_14_CAR_ATL,CAR,313.0,2,313.0,2,0.0,159.0,2,0.0,93
2019_14_CIN_CLE,CIN,192.0,0,192.0,0,2.0,146.0,2,0.0,93
2019_14_CIN_CLE,CLE,288.0,0,288.0,0,1.0,179.0,1,0.0,93
2019_14_DAL_CHI,CHI,334.0,1,334.0,1,0.0,82.0,2,0.0,93
2019_14_DAL_CHI,DAL,244.0,3,244.0,3,1.0,151.0,1,1.0,93
2019_14_DEN_HOU,DEN,292.0,1,292.0,1,2.0,134.0,2,1.0,93
2019_14_DEN_HOU,HOU,309.0,3,309.0,3,1.0,90.0,1,0.0,93
2019_14_DET_MIN,DET,242.0,1,242.0,1,0.0,120.0,1,0.0,93
2019_14_DET_MIN,MIN,205.0,1,205.0,1,2.0,70.0,0,0.0,93
2019_14_IND_TB,IND,474.0,4,474.0,4,3.0,75.0,1,1.0,93
2019_14_IND_TB,TB,251.0,2,251.0,2,0.0,66.0,1,1.0,93
2019_14_KC_NE,KC,204.0,1,204.0,1,1.0,94.0,1,0.0,93
2019_14_KC_NE,NE,283.0,1,283.0,1,1.0,75.0,1,1.0,93
2019_14_LAC_JAX,JAX,340.0,4,340.0,4,0.0,195.0,2,0.0,93
2019_14_LAC_JAX,LAC,171.0,1,171.0,1,0.0,88.0,0,0.0,93
2019_14_MIA_NYJ,MIA,270.0,2,270.0,2,1.0,112.0,0,0.0,93
2019_14_MIA_NYJ,NYJ,245.0,0,245.0,0,1.0,118.0,0,0.0,93
2019_14_NYG_PHI,NYG,325.0,2,325.0,2,0.0,118.0,1,1.0,93
2019_14_NYG_PHI,PHI,203.0,2,203.0,2,0.0,73.0,0,0.0,93
2019_14_PIT_ARI,ARI,152.0,1,152.0,1,0.0,140.0,0,2.0,93
2019_14_PIT_ARI,PIT,194.0,2,194.0,2,3.0,71.0,0,0.0,93
2019_14_SEA_LA,LA,245.0,0,245.0,0,1.0,106.0,0,0.0,93
2019_14_SEA_LA,SEA,293.0,2,293.0,2,2.0,162.0,2,0.0,93
2019_14_SF_NO,NO,384.0,5,384.0,5,1.0,162.0,1,0.0,93
2019_14_SF_NO,SF,349.0,5,349.0,5,0.0,116.0,1,1.0,93
2019_14_TEN_OAK,LV,391.0,3,391.0,3,1.0,161.0,2,0.0,93
2019_14_TEN_OAK,TEN,262.0,2,262.0,2,0.0,97.0,1,1.0,93
2019_14_WAS_GB,GB,170.0,1,170.0,1,1.0,121.0,1,0.0,93
2019_14_WAS_GB,WAS,195.0,1,195.0,1,0.0,174.0,1,1.0,93
2019_15_ATL_SF,ATL,200.0,1,200.0,1,0.0,120.0,1,1.0,94
2019_15_ATL_SF,SF,210.0,2,210.0,2,0.0,89.0,1,0.0,94
2019_15_BUF_PIT,BUF,202.0,1,202.0,1,4.0,51.0,0,0.0,94
2019_15_BUF_PIT,PIT,139.0,1,139.0,1,1.0,130.0,1,1.0,94
2019_15_CHI_GB,CHI,203.0,1,203.0,1,0.0,100.0,2,0.0,94
2019_15_CHI_GB,GB,334.0,1,334.0,1,2.0,96.0,0,0.0,94
2019_15_CLE_ARI,ARI,303.0,3,303.0,3,1.0,171.0,1,1.0,94
2019_15_CLE_ARI,CLE,249.0,1,249.0,1,1.0,190.0,4,0.0,94
2019_15_DEN_KC,DEN,340.0,2,340.0,2,1.0,92.0,0,0.0,94
2019_15_DEN_KC,KC,208.0,0,208.0,0,1.0,52.0,0,0.0,94
2019_15_HOU_TEN,HOU,279.0,2,279.0,2,1.0,163.0,1,0.0,94
2019_15_HOU_TEN,TEN,243.0,2,243.0,2,2.0,140.0,1,0.0,94
2019_15_IND_NO,IND,307.0,4,307.0,4,0.0,117.0,0,0.0,94
2019_15_IND_NO,NO,165.0,0,165.0,0,0.0,46.0,1,0.0,94
2019_15_JAX_OAK,JAX,267.0,1,267.0,1,0.0,128.0,0,0.0,94
2019_15_JAX_OAK,LV,201.0,2,201.0,2,0.0,77.0,0,0.0,94
2019_15_LA_DAL,DAL,289.0,2,289.0,2,1.0,22.0,1,0.0,94
2019_15_LA_DAL,LA,212.0,2,212.0,2,0.0,263.0,3,0.0,94
2019_15_MIA_NYG,MIA,284.0,2,284.0,2,3.0,138.0,3,0.0,94
2019_15_MIA_NYG,NYG,279.0,2,279.0,2,0.0,122.0,0,1.0,94
2019_15_MIN_LAC,LAC,207.0,1,207.0,1,1.0,137.0,2,0.0,94
2019_15_MIN_LAC,MIN,307.0,1,307.0,1,3.0,62.0,0,4.0,94
2019_15_NE_CIN,CIN,128.0,2,128.0,2,0.0,175.0,1,0.0,94
2019_15_NE_CIN,NE,151.0,1,151.0,1,4.0,164.0,0,0.0,94
2019_15_NYJ_BAL,BAL,218.0,2,218.0,2,1.0,103.0,0,1.0,94
2019_15_NYJ_BAL,NYJ,212.0,5,212.0,5,0.0,218.0,1,0.0,94
2019_15_PHI_WAS,PHI,261.0,2,261.0,2,0.0,101.0,1,1.0,94
2019_15_PHI_WAS,WAS,266.0,3,266.0,3,0.0,157.0,1,1.0,94
2019_15_SEA_CAR,CAR,286.0,2,286.0,2,1.0,154.0,2,0.0,94
2019_15_SEA_CAR,SEA,277.0,1,277.0,1,3.0,145.0,2,0.0,94
2019_15_TB_DET,DET,458.0,4,458.0,4,1.0,49.0,0,0.0,94
2019_15_TB_DET,TB,260.0,0,260.0,0,2.0,45.0,2,1.0,94
2019_16_ARI_SEA,ARI,169.0,1,169.0,1,0.0,91.0,0,1.0,95
2019_16_ARI_SEA,SEA,167.0,1,167.0,1,0.0,253.0,2,0.0,95
2019_16_BAL_CLE,BAL,192.0,2,192.0,2,1.0,57.0,0,0.0,95
2019_16_BAL_CLE,CLE,238.0,3,238.0,3,0.0,243.0,1,1.0,95
2019_16_BUF_NE,BUF,271.0,1,271.0,1,0.0,143.0,1,1.0,95
2019_16_BUF_NE,NE,208.0,2,208.0,2,0.0,92.0,0,0.0,95
2019_16_CAR_IND,CAR,119.0,0,119.0,0,0.0,218.0,3,0.0,95
2019_16_CAR_IND,IND,236.0,0,236.0,0,3.0,87.0,0,0.0,95
2019_16_CIN_MIA,CIN,419.0,4,419.0,4,1.0,96.0,1,0.0,95
2019_16_CIN_MIA,MIA,396.0,4,396.0,4,0.0,59.0,0,1.0,95
2019_16_DAL_PHI,DAL,319.0,1,319.0,1,0.0,118.0,1,0.0,95
2019_16_DAL_PHI,PHI,265.0,0,265.0,0,0.0,54.0,0,1.0,95
2019_16_DET_DEN,DEN,117.0,1,117.0,1,0.0,96.0,0,0.0,95
2019_16_DET_DEN,DET,198.0,1,198.0,1,0.0,150.0,2,0.0,95
2019_16_GB_MIN,GB,122.0,1,122.0,1,1.0,57.0,0,0.0,95
2019_16_GB_MIN,MIN,216.0,0,216.0,0,1.0,184.0,2,2.0,95
2019_16_HOU_TB,HOU,335.0,1,335.0,1,4.0,106.0,1,1.0,95
2019_16_HOU_TB,TB,184.0,0,184.0,0,1.0,68.0,1,1.0,95
2019_16_JAX_ATL,ATL,188.0,1,188.0,1,0.0,115.0,0,0.0,95
2019_16_JAX_ATL,JAX,384.0,1,384.0,1,2.0,135.0,2,0.0,95
2019_16_KC_CHI,CHI,251.0,2,251.0,2,0.0,106.0,1,0.0,95
2019_16_KC_CHI,KC,157.0,0,157.0,0,0.0,101.0,0,0.0,95
2019_16_LA_SF,LA,248.0,1,248.0,1,2.0,119.0,2,0.0,95
2019_16_LA_SF,SF,323.0,2,323.0,2,1.0,72.0,2,0.0,95
2019_16_NO_TEN,NO,272.0,3,272.0,3,0.0,149.0,1,1.0,95
2019_16_NO_TEN,TEN,299.0,3,299.0,3,0.0,102.0,2,0.0,95
2019_16_NYG_WAS,NYG,302.0,3,302.0,3,0.0,80.0,2,0.0,95
2019_16_NYG_WAS,WAS,352.0,5,352.0,5,0.0,206.0,1,0.0,95
2019_16_OAK_LAC,LAC,291.0,1,291.0,1,0.0,99.0,2,0.0,95
2019_16_OAK_LAC,LV,279.0,0,279.0,0,0.0,19.0,2,0.0,95
2019_16_PIT_NYJ,NYJ,213.0,1,213.0,1,2.0,75.0,0,0.0,95
2019_16_PIT_NYJ,PIT,183.0,1,183.0,1,0.0,85.0,0,1.0,95
2019_17_ARI_LA,ARI,319.0,3,319.0,3,0.0,113.0,1,0.0,96
2019_17_ARI_LA,LA,325.0,2,325.0,2,2.0,71.0,1,3.0,96
2019_17_ATL_TB,ATL,201.0,2,201.0,2,2.0,136.0,0,1.0,96
2019_17_ATL_TB,TB,313.0,1,313.0,1,0.0,87.0,0,1.0,96
2019_17_CHI_MIN,CHI,126.0,0,126.0,0,2.0,174.0,1,1.0,96
2019_17_CHI_MIN,MIN,207.0,0,207.0,0,0.0,158.0,1,1.0,96
2019_17_CLE_CIN,CIN,279.0,3,279.0,3,3.0,74.0,0,0.0,96
2019_17_CLE_CIN,CLE,190.0,1,190.0,1,1.0,179.0,3,0.0,96
2019_17_GB_DET,DET,323.0,2,323.0,2,1.0,120.0,0,0.0,96
2019_17_GB_DET,GB,141.0,1,141.0,1,1.0,171.0,1,0.0,96
2019_17_IND_JAX,IND,295.0,3,295.0,3,1.0,67.0,0,0.0,96
2019_17_IND_JAX,JAX,162.0,0,162.0,0,0.0,132.0,2,2.0,96
2019_17_LAC_KC,KC,281.0,2,281.0,2,2.0,108.0,1,0.0,96
2019_17_LAC_KC,LAC,174.0,1,174.0,1,1.0,162.0,2,0.0,96
2019_17_MIA_NE,MIA,221.0,2,221.0,2,1.0,135.0,1,0.0,96
2019_17_MIA_NE,NE,340.0,1,340.0,1,0.0,63.0,1,0.0,96
2019_17_NO_CAR,CAR,267.0,3,267.0,3,0.0,115.0,2,0.0,96
2019_17_NO_CAR,NO,299.0,0,299.0,0,2.0,41.0,1,1.0,96
2019_17_NYJ_BUF,BUF,199.0,1,199.0,1,1.0,86.0,0,0.0,96
2019_17_NYJ_BUF,NYJ,237.0,0,237.0,0,2.0,73.0,0,1.0,96
2019_17_OAK_DEN,DEN,391.0,1,391.0,1,0.0,97.0,0,1.0,96
2019_17_OAK_DEN,LV,177.0,1,177.0,1,0.0,70.0,0,1.0,96
2019_17_PHI_NYG,NYG,289.0,1,289.0,1,0.0,121.0,3,0.0,96
2019_17_PHI_NYG,PHI,301.0,1,301.0,1,1.0,122.0,1,0.0,96
2019_17_PIT_BAL,BAL,95.0,0,95.0,0,0.0,91.0,1,1.0,96
2019_17_PIT_BAL,PIT,96.0,0,96.0,0,1.0,223.0,1,1.0,96
2019_17_SF_SEA,SEA,285.0,0,285.0,0,0.0,128.0,3,0.0,96
2019_17_SF_SEA,SF,233.0,2,233.0,2,0.0,125.0,1,0.0,96
2019_17_TEN_HOU,HOU,222.0,2,222.0,2,0.0,245.0,3,0.0,96
2019_17_TEN_HOU,TEN,225.0,0,225.0,0,1.0,109.0,2,0.0,96
2019_17_WAS_DAL,DAL,206.0,1,206.0,1,1.0,88.0,0,1.0,96
2019_17_WAS_DAL,WAS,303.0,4,303.0,4,0.0,223.0,1,1.0,96
2020_01_ARI_SF,ARI,259.0,2,259.0,2,0.0,123.0,0,0.0,97
2020_01_ARI_SF,SF,230.0,1,230.0,1,1.0,180.0,2,0.0,97
2020_01_CHI_DET,CHI,297.0,1,297.0,1,1.0,138.0,1,0.0,97
2020_01_CHI_DET,DET,242.0,3,242.0,3,0.0,149.0,0,0.0,97
2020_01_CLE_BAL,BAL,189.0,1,189.0,1,1.0,138.0,0,2.0,97
2020_01_CLE_BAL,CLE,284.0,3,284.0,3,0.0,111.0,2,1.0,97
2020_01_DAL_LA,DAL,275.0,0,275.0,0,1.0,153.0,2,0.0,97
2020_01_DAL_LA,LA,266.0,1,266.0,1,0.0,136.0,1,0.0,97
2020_01_GB_MIN,GB,259.0,2,259.0,2,1.0,134.0,2,0.0,97
2020_01_GB_MIN,MIN,364.0,4,364.0,4,0.0,158.0,1,0.0,97
2020_01_HOU_KC,HOU,211.0,3,211.0,3,0.0,166.0,1,0.0,97
2020_01_HOU_KC,KC,253.0,1,253.0,1,1.0,118.0,2,0.0,97
2020_01_IND_JAX,IND,173.0,3,173.0,3,0.0,91.0,0,0.0,97
2020_01_IND_JAX,JAX,363.0,1,363.0,1,2.0,88.0,1,0.0,97
2020_01_LAC_CIN,CIN,208.0,0,208.0,0,0.0,155.0,1,0.0,97
2020_01_LAC_CIN,LAC,193.0,0,193.0,0,1.0,122.0,1,1.0,97
2020_01_LV_CAR,CAR,239.0,1,239.0,1,0.0,133.0,3,0.0,97
2020_01_LV_CAR,LV,269.0,1,269.0,1,0.0,129.0,2,0.0,97
2020_01_MIA_NE,MIA,155.0,0,155.0,0,0.0,217.0,3,0.0,97
2020_01_MIA_NE,NE,191.0,0,191.0,0,3.0,87.0,1,0.0,97
2020_01_NYJ_BUF,BUF,215.0,1,215.0,1,1.0,52.0,1,1.0,97
2020_01_NYJ_BUF,NYJ,312.0,2,312.0,2,0.0,98.0,1,2.0,97
2020_01_PHI_WAS,PHI,178.0,1,178.0,1,0.0,80.0,2,0.0,97
2020_01_PHI_WAS,WAS,270.0,2,270.0,2,2.0,57.0,0,1.0,97
2020_01_PIT_NYG,NYG,229.0,3,229.0,3,0.0,141.0,0,0.0,97
2020_01_PIT_NYG,PIT,279.0,2,279.0,2,2.0,29.0,0,0.0,97
2020_01_SEA_ATL,ATL,322.0,4,322.0,4,0.0,84.0,1,0.0,97
2020_01_SEA_ATL,SEA,450.0,2,450.0,2,1.0,72.0,1,1.0,97
2020_01_TB_NO,NO,239.0,2,239.0,2,2.0,86.0,1,0.0,97
2020_01_TB_NO,TB,198.0,2,198.0,2,0.0,82.0,1,0.0,97
2020_01_TEN_DEN,DEN,249.0,2,249.0,2,0.0,130.0,0,0.0,97
2020_01_TEN_DEN,TEN,216.0,1,216.0,1,0.0,107.0,1,1.0,97
2020_02_ATL_DAL,ATL,450.0,1,450.0,1,0.0,125.0,4,3.0,98
2020_02_ATL_DAL,DAL,273.0,4,273.0,4,0.0,113.0,0,0.0,98
2020_02_BAL_HOU,BAL,275.0,1,275.0,1,1.0,51.0,0,1.0,98
2020_02_BAL_HOU,HOU,204.0,1,204.0,1,0.0,230.0,1,0.0,98
2020_02_BUF_MIA,BUF,328.0,2,328.0,2,0.0,99.0,1,0.0,98
2020_02_BUF_MIA,MIA,415.0,4,415.0,4,0.0,112.0,0,1.0,98
2020_02_CAR_TB,CAR,217.0,1,217.0,1,1.0,122.0,3,1.0,98
2020_02_CAR_TB,TB,367.0,0,367.0,0,2.0,87.0,2,2.0,98
2020_02_CIN_CLE,CIN,219.0,2,219.0,2,1.0,215.0,3,0.0,98
2020_02_CIN_CLE,CLE,316.0,3,316.0,3,0.0,68.0,0,1.0,98
2020_02_DEN_PIT,DEN,311.0,2,311.0,2,1.0,109.0,1,1.0,98
2020_02_DEN_PIT,PIT,276.0,2,276.0,2,1.0,104.0,0,1.0,98
2020_02_DET_GB,DET,240.0,2,240.0,2,0.0,259.0,2,0.0,98
2020_02_DET_GB,GB,244.0,2,244.0,2,1.0,89.0,1,0.0,98
2020_02_JAX_TEN,JAX,239.0,4,239.0,4,0.0,123.0,0,0.0,98
2020_02_JAX_TEN,TEN,339.0,3,339.0,3,2.0,165.0,1,0.0,98
2020_02_KC_LAC,KC,311.0,1,311.0,1,1.0,183.0,1,0.0,98
2020_02_KC_LAC,LAC,302.0,2,302.0,2,0.0,125.0,0,0.0,98
2020_02_LA_PHI,LA,242.0,0,242.0,0,2.0,121.0,2,1.0,98
2020_02_LA_PHI,PHI,267.0,3,267.0,3,0.0,191.0,2,0.0,98
2020_02_MIN_IND,IND,113.0,0,113.0,0,3.0,80.0,1,0.0,98
2020_02_MIN_IND,MIN,214.0,1,214.0,1,1.0,151.0,1,0.0,98
2020_02_NE_SEA,NE,288.0,5,288.0,5,1.0,154.0,0,0.0,98
2020_02_NE_SEA,SEA,397.0,1,397.0,1,1.0,67.0,2,0.0,98
2020_02_NO_LV,LV,312.0,1,312.0,1,1.0,112.0,2,0.0,98
2020_02_NO_LV,NO,284.0,3,284.0,3,0.0,116.0,1,1.0,98
2020_02_NYG_CHI,CHI,241.0,0,241.0,0,1.0,75.0,1,1.0,98
2020_02_NYG_CHI,NYG,190.0,2,190.0,2,2.0,135.0,0,0.0,98
2020_02_SF_NYJ,NYJ,202.0,2,202.0,2,1.0,182.0,2,0.0,98
2020_02_SF_NYJ,SF,179.0,1,179.0,1,0.0,104.0,0,0.0,98
2020_02_WAS_ARI,ARI,223.0,1,223.0,1,0.0,117.0,1,1.0,98
2020_02_WAS_ARI,WAS,286.0,1,286.0,1,1.0,160.0,2,0.0,98
2020_03_CAR_LAC,CAR,330.0,1,330.0,1,1.0,117.0,1,3.0,99
2020_03_CAR_LAC,LAC,235.0,1,235.0,1,0.0,81.0,0,0.0,99
2020_03_CHI_ATL,ATL,316.0,4,316.0,4,2.0,130.0,0,0.0,99
2020_03_CHI_ATL,CHI,238.0,1,238.0,1,1.0,144.0,2,0.0,99
2020_03_CIN_PHI,CIN,225.0,1,225.0,1,2.0,172.0,1,0.0,99
2020_03_CIN_PHI,PHI,312.0,2,312.0,2,0.0,48.0,0,0.0,99
2020_03_DAL_SEA,DAL,315.0,5,315.0,5,0.0,117.0,0,0.0,99
2020_03_DAL_SEA,SEA,472.0,3,472.0,3,2.0,61.0,1,1.0,99
2020_03_DET_ARI,ARI,270.0,2,270.0,2,0.0,90.0,0,0.0,99
2020_03_DET_ARI,DET,270.0,2,270.0,2,3.0,109.0,1,0.0,99
2020_03_GB_NO,GB,288.0,3,288.0,3,0.0,122.0,0,1.0,99
2020_03_GB_NO,NO,283.0,3,283.0,3,0.0,98.0,1,0.0,99
2020_03_HOU_PIT,HOU,237.0,2,237.0,2,0.0,169.0,1,0.0,99
2020_03_HOU_PIT,PIT,264.0,2,264.0,2,1.0,29.0,1,0.0,99
2020_03_KC_BAL,BAL,385.0,4,385.0,4,0.0,132.0,1,1.0,99
2020_03_KC_BAL,KC,97.0,1,97.0,1,0.0,158.0,0,1.0,99
2020_03_LA_BUF,BUF,321.0,2,321.0,2,1.0,167.0,2,0.0,99
2020_03_LA_BUF,LA,311.0,4,311.0,4,1.0,101.0,1,1.0,99
2020_03_LV_NE,LV,162.0,1,162.0,1,1.0,250.0,2,0.0,99
2020_03_LV_NE,NE,261.0,2,261.0,2,0.0,126.0,0,3.0,99
2020_03_MIA_JAX,JAX,160.0,2,160.0,2,0.0,138.0,2,0.0,99
2020_03_MIA_JAX,MIA,275.0,0,275.0,0,1.0,72.0,2,1.0,99
2020_03_NYJ_IND,IND,168.0,1,168.0,1,3.0,109.0,0,0.0,99
2020_03_NYJ_IND,NYJ,234.0,1,234.0,1,0.0,119.0,1,0.0,99
2020_03_SF_NYG,NYG,343.0,1,343.0,1,0.0,93.0,3,0.0,99
2020_03_SF_NYG,SF,179.0,0,179.0,0,1.0,66.0,0,2.0,99
2020_03_TB_DEN,DEN,297.0,3,297.0,3,0.0,68.0,0,0.0,99
2020_03_TB_DEN,TB,229.0,1,229.0,1,2.0,42.0,0,0.0,99
2020_03_TEN_MIN,MIN,321.0,0,321.0,0,1.0,134.0,2,0.0,99
2020_03_TEN_MIN,TEN,251.0,3,251.0,3,2.0,226.0,1,1.0,99
2020_03_WAS_CLE,CLE,224.0,2,224.0,2,3.0,103.0,1,2.0,99
2020_03_WAS_CLE,WAS,156.0,2,156.0,2,0.0,158.0,2,0.0,99
2020_04_ARI_CAR,ARI,276.0,2,276.0,2,1.0,168.0,2,0.0,100
2020_04_ARI_CAR,CAR,133.0,3,133.0,3,0.0,129.0,0,1.0,100
2020_04_ATL_GB,ATL,327.0,4,327.0,4,0.0,88.0,0,0.0,100
2020_04_ATL_GB,GB,285.0,0,285.0,0,0.0,78.0,2,0.0,100
2020_04_BAL_WAS,BAL,314.0,0,314.0,0,0.0,69.0,2,1.0,100
2020_04_BAL_WAS,WAS,208.0,2,208.0,2,2.0,144.0,2,0.0,100
2020_04_BUF_LV,BUF,311.0,2,311.0,2,0.0,86.0,0,2.0,100
2020_04_BUF_LV,LV,288.0,2,288.0,2,0.0,63.0,2,0.0,100
2020_04_CLE_DAL,CLE,502.0,4,502.0,4,1.0,85.0,1,2.0,100
2020_04_CLE_DAL,DAL,202.0,3,202.0,3,0.0,307.0,3,0.0,100
2020_04_DEN_NYJ,DEN,246.0,0,246.0,0,0.0,129.0,1,0.0,100
2020_04_DEN_NYJ,NYJ,242.0,2,242.0,2,3.0,117.0,2,0.0,100
2020_04_IND_CHI,CHI,190.0,1,190.0,1,0.0,103.0,0,0.0,100
2020_04_IND_CHI,IND,249.0,1,249.0,1,1.0,28.0,0,0.0,100
2020_04_JAX_CIN,CIN,351.0,2,351.0,2,1.0,89.0,0,0.0,100
2020_04_JAX_CIN,JAX,300.0,1,300.0,1,1.0,205.0,2,0.0,100
2020_04_LAC_TB,LAC,369.0,5,369.0,5,1.0,115.0,0,0.0,100
2020_04_LAC_TB,TB,290.0,3,290.0,3,1.0,46.0,0,1.0,100
2020_04_MIN_HOU,HOU,260.0,1,260.0,1,0.0,162.0,3,0.0,100
2020_04_MIN_HOU,MIN,300.0,2,300.0,2,0.0,96.0,0,0.0,100
2020_04_NE_KC,KC,190.0,1,190.0,1,3.0,185.0,0,1.0,100
2020_04_NE_KC,NE,236.0,2,236.0,2,0.0,94.0,0,1.0,100
2020_04_NO_DET,DET,246.0,2,246.0,2,1.0,164.0,3,0.0,100
2020_04_NO_DET,NO,206.0,3,206.0,3,1.0,90.0,1,0.0,100
2020_04_NYG_LA,LA,190.0,0,190.0,0,1.0,136.0,0,0.0,100
2020_04_NYG_LA,NYG,200.0,1,200.0,1,0.0,58.0,1,1.0,100
2020_04_PHI_SF,PHI,338.0,1,338.0,1,2.0,116.0,2,1.0,100
2020_04_PHI_SF,SF,193.0,1,193.0,1,1.0,93.0,1,0.0,100
2020_04_SEA_MIA,MIA,360.0,2,360.0,2,1.0,98.0,2,0.0,100
2020_04_SEA_MIA,SEA,315.0,0,315.0,0,2.0,103.0,1,0.0,100
2020_05_ARI_NYJ,ARI,195.0,1,195.0,1,0.0,123.0,0,0.0,101
2020_05_ARI_NYJ,NYJ,380.0,1,380.0,1,1.0,127.0,3,0.0,101
2020_05_BUF_TEN,BUF,195.0,3,195.0,3,0.0,139.0,3,0.0,101
2020_05_BUF_TEN,TEN,285.0,2,285.0,2,2.0,95.0,0,0.0,100
2020_05_CAR_ATL,ATL,313.0,2,313.0,2,0.0,124.0,0,0.0,101
2020_05_CAR_ATL,CAR,226.0,0,226.0,0,1.0,166.0,1,0.0,101
2020_05_CIN_BAL,BAL,183.0,0,183.0,0,1.0,70.0,0,2.0,101
2020_05_CIN_BAL,CIN,180.0,2,180.0,2,1.0,161.0,0,0.0,101
2020_05_IND_CLE,CLE,243.0,0,243.0,0,2.0,68.0,1,0.0,101
2020_05_IND_CLE,IND,265.0,2,265.0,2,2.0,124.0,0,0.0,101
2020_05_JAX_HOU,HOU,301.0,2,301.0,2,0.0,75.0,0,2.0,101
2020_05_JAX_HOU,JAX,359.0,3,359.0,3,2.0,129.0,0,0.0,101
2020_05_LAC_NO,LAC,325.0,1,325.0,1,1.0,95.0,2,0.0,101
2020_05_LAC_NO,NO,264.0,4,264.0,4,0.0,111.0,0,0.0,101
2020_05_LA_WAS,LA,111.0,0,111.0,0,0.0,38.0,1,0.0,101
2020_05_LA_WAS,WAS,309.0,2,309.0,2,1.0,129.0,2,0.0,101
2020_05_LV_KC,KC,347.0,3,347.0,3,1.0,144.0,2,0.0,101
2020_05_LV_KC,LV,340.0,2,340.0,2,1.0,80.0,2,0.0,101
2020_05_MIA_SF,MIA,171.0,1,171.0,1,2.0,131.0,1,1.0,101
2020_05_MIA_SF,SF,350.0,3,350.0,3,0.0,94.0,1,0.0,101
2020_05_MIN_SEA,MIN,217.0,3,217.0,3,1.0,124.0,1,0.0,101
2020_05_MIN_SEA,SEA,249.0,2,249.0,2,1.0,201.0,1,1.0,101
2020_05_NYG_DAL,DAL,222.0,0,222.0,0,0.0,89.0,2,1.0,101
2020_05_NYG_DAL,NYG,288.0,1,288.0,1,1.0,126.0,2,1.0,101
2020_05_PHI_PIT,PHI,239.0,3,239.0,3,0.0,136.0,2,1.0,101
2020_05_PHI_PIT,PIT,276.0,2,276.0,2,2.0,94.0,2,0.0,100
2020_05_TB_CHI,CHI,253.0,1,253.0,1,0.0,106.0,0,1.0,101
2020_05_TB_CHI,TB,243.0,1,243.0,1,1.0,35.0,1,0.0,101
2020_06_ARI_DAL,ARI,266.0,1,266.0,1,2.0,97.0,0,2.0,102
2020_06_ARI_DAL,DAL,188.0,2,188.0,2,0.0,261.0,3,0.0,102
2020_06_ATL_MIN,ATL,343.0,3,343.0,3,3.0,32.0,0,0.0,102
2020_06_ATL_MIN,MIN,371.0,4,371.0,4,0.0,99.0,0,1.0,102
2020_06_BAL_PHI,BAL,213.0,2,213.0,2,0.0,194.0,1,1.0,102
2020_06_BAL_PHI,PHI,186.0,1,186.0,1,0.0,182.0,2,0.0,102
2020_06_CHI_CAR,CAR,198.0,1,198.0,1,1.0,63.0,1,0.0,102
2020_06_CHI_CAR,CHI,216.0,0,216.0,0,2.0,112.0,1,1.0,102
2020_06_CIN_IND,CIN,371.0,3,371.0,3,1.0,59.0,1,1.0,102
2020_06_CIN_IND,IND,313.0,0,313.0,0,1.0,98.0,3,0.0,102
2020_06_CLE_PIT,CLE,168.0,1,168.0,1,0.0,129.0,3,0.0,102
2020_06_CLE_PIT,PIT,165.0,1,165.0,1,2.0,75.0,0,0.0,101
2020_06_DEN_NE,DEN,195.0,0,195.0,0,2.0,117.0,1,1.0,101
2020_06_DEN_NE,NE,189.0,0,189.0,0,2.0,135.0,0,0.0,101
2020_06_DET_JAX,DET,243.0,1,243.0,1,1.0,44.0,1,1.0,101
2020_06_DET_JAX,JAX,223.0,1,223.0,1,1.0,180.0,3,0.0,102
2020_06_GB_TB,GB,166.0,2,166.0,2,0.0,158.0,2,0.0,101
2020_06_GB_TB,TB,160.0,0,160.0,0,2.0,94.0,1,0.0,102
2020_06_HOU_TEN,HOU,366.0,4,366.0,4,1.0,263.0,2,1.0,102
2020_06_HOU_TEN,TEN,335.0,4,335.0,4,0.0,92.0,1,0.0,101
2020_06_KC_BUF,BUF,225.0,2,225.0,2,0.0,245.0,1,1.0,102
2020_06_KC_BUF,KC,122.0,2,122.0,2,1.0,84.0,0,0.0,102
2020_06_LA_SF,LA,268.0,3,268.0,3,0.0,122.0,0,0.0,102
2020_06_LA_SF,SF,194.0,2,198.0,2,1.0,113.0,0,0.0,102
2020_06_NYJ_MIA,MIA,186.0,0,186.0,0,1.0,115.0,0,0.0,102
2020_06_NYJ_MIA,NYJ,200.0,3,200.0,3,2.0,110.0,0,0.0,102
2020_06_WAS_NYG,NYG,280.0,2,280.0,2,1.0,86.0,0,1.0,102
2020_06_WAS_NYG,WAS,112.0,1,112.0,1,1.0,132.0,0,0.0,102
2020_07_BUF_NYJ,BUF,120.0,0,120.0,0,2.0,100.0,1,0.0,103
2020_07_BUF_NYJ,NYJ,307.0,0,307.0,0,0.0,126.0,0,1.0,103
2020_07_CAR_NO,CAR,287.0,2,287.0,2,0.0,138.0,1,1.0,103
2020_07_CAR_NO,NO,254.0,2,254.0,2,0.0,37.0,1,0.0,102
2020_07_CHI_LA,CHI,220.0,2,220.0,2,0.0,160.0,1,1.0,103
2020_07_CHI_LA,LA,261.0,0,261.0,0,2.0,49.0,0,0.0,103
2020_07_CLE_CIN,CIN,316.0,5,316.0,5,1.0,82.0,0,0.0,103
2020_07_CLE_CIN,CLE,422.0,3,422.0,3,1.0,81.0,1,1.0,103
2020_07_DAL_WAS,DAL,194.0,2,194.0,2,0.0,208.0,1,0.0,103
2020_07_DAL_WAS,WAS,114.0,0,114.0,0,1.0,83.0,0,0.0,103
2020_07_DET_ATL,ATL,340.0,1,340.0,1,0.0,64.0,1,0.0,103
2020_07_DET_ATL,DET,338.0,1,338.0,1,0.0,66.0,2,1.0,102
2020_07_GB_HOU,GB,309.0,2,309.0,2,0.0,79.0,0,1.0,102
2020_07_GB_HOU,HOU,283.0,4,283.0,4,0.0,96.0,1,0.0,103
2020_07_JAX_LAC,JAX,351.0,3,351.0,3,0.0,135.0,2,0.0,103
2020_07_JAX_LAC,LAC,173.0,2,173.0,2,0.0,140.0,1,0.0,102
2020_07_KC_DEN,DEN,213.0,1,213.0,1,0.0,101.0,2,1.0,102
2020_07_KC_DEN,KC,254.0,0,254.0,0,2.0,177.0,2,2.0,103
2020_07_NYG_PHI,NYG,359.0,2,359.0,2,1.0,96.0,1,0.0,103
2020_07_NYG_PHI,PHI,187.0,2,187.0,2,1.0,160.0,1,2.0,103
2020_07_PIT_TEN,PIT,220.0,2,220.0,2,0.0,82.0,1,0.0,102
2020_07_PIT_TEN,TEN,268.0,2,268.0,2,3.0,94.0,1,0.0,102
2020_07_SEA_ARI,ARI,388.0,3,388.0,3,3.0,200.0,1,0.0,103
2020_07_SEA_ARI,SEA,360.0,3,360.0,3,1.0,159.0,1,1.0,102
2020_07_SF_NE,NE,277.0,0,277.0,0,2.0,197.0,4,0.0,102
2020_07_SF_NE,SF,162.0,0,162.0,0,4.0,94.0,0,0.0,103
2020_07_TB_LV,LV,369.0,4,369.0,4,0.0,85.0,2,0.0,102
2020_07_TB_LV,TB,284.0,2,284.0,2,1.0,76.0,0,0.0,103
2020_08_ATL_CAR,ATL,179.0,1,179.0,1,1.0,147.0,1,0.0,104
2020_08_ATL_CAR,CAR,281.0,0,281.0,0,1.0,131.0,2,0.0,104
2020_08_DAL_PHI,DAL,132.0,2,132.0,2,2.0,119.0,0,2.0,104
2020_08_DAL_PHI,PHI,180.0,0,180.0,0,0.0,133.0,0,2.0,104
2020_08_IND_DET,DET,262.0,3,262.0,3,0.0,119.0,2,0.0,103
2020_08_IND_DET,IND,336.0,3,336.0,3,1.0,29.0,0,1.0,103
2020_08_LAC_DEN,DEN,278.0,3,278.0,3,2.0,210.0,0,0.0,103
2020_08_LAC_DEN,LAC,248.0,3,248.0,3,1.0,108.0,1,0.0,103
2020_08_LA_MIA,LA,93.0,1,93.0,1,0.0,55.0,1,2.0,104
2020_08_LA_MIA,MIA,355.0,1,355.0,1,2.0,131.0,1,2.0,103
2020_08_LV_CLE,CLE,111.0,1,111.0,1,0.0,209.0,0,0.0,104
2020_08_LV_CLE,LV,122.0,0,122.0,0,0.0,101.0,0,1.0,103
2020_08_MIN_GB,GB,160.0,1,160.0,1,0.0,173.0,3,0.0,103
2020_08_MIN_GB,MIN,291.0,3,291.0,3,0.0,109.0,0,1.0,103
2020_08_NE_BUF,BUF,174.0,0,174.0,0,0.0,188.0,2,1.0,104
2020_08_NE_BUF,NE,154.0,0,154.0,0,1.0,190.0,3,0.0,103
2020_08_NO_CHI,CHI,280.0,2,280.0,2,0.0,122.0,0,0.0,104
2020_08_NO_CHI,NO,272.0,2,272.0,2,1.0,96.0,0,0.0,103
2020_08_NYJ_KC,KC,133.0,0,133.0,0,0.0,93.0,0,1.0,104
2020_08_NYJ_KC,NYJ,446.0,5,446.0,5,0.0,50.0,0,0.0,104
2020_08_PIT_BAL,BAL,182.0,2,182.0,2,0.0,48.0,1,1.0,103
2020_08_PIT_BAL,PIT,208.0,2,208.0,2,2.0,265.0,1,2.0,103
2020_08_SF_SEA,SEA,322.0,2,322.0,2,1.0,52.0,2,0.0,103
2020_08_SF_SEA,SF,261.0,4,261.0,4,0.0,101.0,1,0.0,104
2020_08_TB_NYG,NYG,279.0,2,279.0,2,0.0,81.0,0,1.0,104
2020_08_TB_NYG,TB,274.0,2,274.0,2,2.0,101.0,1,0.0,104
2020_08_TEN_CIN,CIN,233.0,2,233.0,2,1.0,218.0,1,0.0,104
2020_08_TEN_CIN,TEN,249.0,2,249.0,2,0.0,118.0,2,0.0,103
2020_09_BAL_IND,BAL,227.0,0,227.0,0,1.0,112.0,1,1.0,104
2020_09_BAL_IND,IND,170.0,0,170.0,0,0.0,110.0,2,1.0,104
2020_09_CAR_KC,CAR,372.0,4,372.0,4,0.0,36.0,0,1.0,105
2020_09_CAR_KC,KC,338.0,2,338.0,2,0.0,104.0,2,0.0,105
2020_09_CHI_TEN,CHI,158.0,2,158.0,2,0.0,92.0,0,0.0,105
2020_09_CHI_TEN,TEN,335.0,2,335.0,2,0.0,56.0,0,2.0,104
2020_09_DEN_ATL,ATL,313.0,2,313.0,2,1.0,103.0,1,0.0,105
2020_09_DEN_ATL,DEN,284.0,3,284.0,3,1.0,92.0,1,0.0,104
2020_09_DET_MIN,DET,220.0,3,220.0,3,0.0,275.0,2,0.0,104
2020_09_DET_MIN,MIN,305.0,2,305.0,2,3.0,129.0,0,0.0,104
2020_09_GB_SF,GB,291.0,1,291.0,1,1.0,55.0,1,1.0,104
2020_09_GB_SF,SF,305.0,4,305.0,4,0.0,111.0,0,0.0,105
2020_09_HOU_JAX,HOU,304.0,1,304.0,1,1.0,115.0,2,0.0,104
2020_09_HOU_JAX,JAX,281.0,2,281.0,2,0.0,107.0,1,1.0,104
2020_09_LV_LAC,LAC,165.0,2,165.0,2,0.0,160.0,2,1.0,104
2020_09_LV_LAC,LV,326.0,2,326.0,2,0.0,128.0,1,0.0,104
2020_09_MIA_ARI,ARI,248.0,2,248.0,2,0.0,91.0,1,0.0,104
2020_09_MIA_ARI,MIA,283.0,3,283.0,3,0.0,178.0,1,1.0,104
2020_09_NE_NYJ,NE,262.0,3,262.0,3,1.0,65.0,0,0.0,104
2020_09_NE_NYJ,NYJ,274.0,0,274.0,0,0.0,159.0,3,0.0,105
2020_09_NO_TB,NO,209.0,0,209.0,0,3.0,8.0,0,0.0,104
2020_09_NO_TB,TB,282.0,4,282.0,4,0.0,138.0,1,2.0,105
2020_09_NYG_WAS,NYG,387.0,1,387.0,1,3.0,37.0,1,1.0,105
2020_09_NYG_WAS,WAS,212.0,1,212.0,1,0.0,166.0,1,0.0,104
2020_09_PIT_DAL,DAL,309.0,3,309.0,3,0.0,46.0,0,0.0,105
2020_09_PIT_DAL,PIT,243.0,1,243.0,1,1.0,144.0,0,1.0,104
2020_09_SEA_BUF,BUF,390.0,2,390.0,2,2.0,57.0,2,2.0,105
2020_09_SEA_BUF,SEA,415.0,3,415.0,3,0.0,34.0,2,0.0,104
2020_10_BAL_NE,BAL,142.0,2,142.0,2,0.0,173.0,1,0.0,105
2020_10_BAL_NE,NE,249.0,2,249.0,2,1.0,115.0,0,0.0,105
2020_10_BUF_ARI,ARI,296.0,3,296.0,3,2.0,73.0,0,0.0,105
2020_10_BUF_ARI,BUF,245.0,1,245.0,1,1.0,217.0,2,1.0,106
2020_10_CIN_PIT,CIN,333.0,4,333.0,4,0.0,44.0,0,0.0,105
2020_10_CIN_PIT,PIT,213.0,1,213.0,1,0.0,139.0,0,1.0,105
2020_10_DEN_LV,DEN,154.0,0,154.0,0,0.0,203.0,4,0.0,105
2020_10_DEN_LV,LV,257.0,1,257.0,1,4.0,66.0,0,1.0,105
2020_10_HOU_CLE,CLE,163.0,1,163.0,1,0.0,90.0,0,0.0,105
2020_10_HOU_CLE,HOU,132.0,0,132.0,0,0.0,231.0,1,0.0,105
2020_10_IND_TEN,IND,147.0,1,147.0,1,0.0,157.0,1,0.0,105
2020_10_IND_TEN,TEN,308.0,1,308.0,1,0.0,133.0,2,0.0,105
2020_10_JAX_GB,GB,169.0,1,169.0,1,1.0,109.0,0,0.0,105
2020_10_JAX_GB,JAX,325.0,2,325.0,2,1.0,80.0,1,1.0,105
2020_10_LAC_MIA,LAC,169.0,2,169.0,2,0.0,111.0,1,0.0,105
2020_10_LAC_MIA,MIA,187.0,2,187.0,2,1.0,99.0,1,0.0,105
2020_10_MIN_CHI,CHI,292.0,2,292.0,2,1.0,99.0,0,1.0,106
2020_10_MIN_CHI,MIN,124.0,0,124.0,0,1.0,41.0,0,0.0,105
2020_10_PHI_NYG,NYG,208.0,0,208.0,0,0.0,156.0,2,0.0,106
2020_10_PHI_NYG,PHI,244.0,0,244.0,0,0.0,151.0,3,0.0,105
2020_10_SEA_LA,LA,248.0,0,248.0,0,2.0,113.0,1,1.0,105
2020_10_SEA_LA,SEA,302.0,0,302.0,0,0.0,106.0,3,1.0,105
2020_10_SF_NO,NO,247.0,1,247.0,1,2.0,49.0,0,0.0,105
2020_10_SF_NO,SF,139.0,1,139.0,1,0.0,114.0,2,1.0,106
2020_10_TB_CAR,CAR,341.0,3,341.0,3,0.0,210.0,2,1.0,106
2020_10_TB_CAR,TB,148.0,2,148.0,2,1.0,65.0,1,0.0,106
2020_10_WAS_DET,DET,390.0,0,390.0,0,0.0,89.0,3,1.0,105
2020_10_WAS_DET,WAS,276.0,3,276.0,3,0.0,105.0,0,0.0,105
2020_11_ARI_SEA,ARI,197.0,2,197.0,2,0.0,165.0,1,0.0,106
2020_11_ARI_SEA,SEA,269.0,2,269.0,2,0.0,57.0,1,0.0,106
2020_11_ATL_NO,ATL,233.0,0,233.0,0,0.0,166.0,3,1.0,106
2020_11_ATL_NO,NO,232.0,0,232.0,0,2.0,52.0,0,0.0,106
2020_11_CIN_WAS,CIN,166.0,1,166.0,1,1.0,164.0,1,0.0,106
2020_11_CIN_WAS,WAS,233.0,1,233.0,1,1.0,70.0,0,1.0,106
2020_11_DAL_MIN,DAL,314.0,3,314.0,3,0.0,125.0,1,2.0,106
2020_11_DAL_MIN,MIN,203.0,3,203.0,3,1.0,180.0,1,0.0,106
2020_11_DET_CAR,CAR,178.0,0,178.0,0,0.0,40.0,0,0.0,107
2020_11_DET_CAR,DET,258.0,1,258.0,1,2.0,116.0,1,0.0,106
2020_11_GB_IND,GB,288.0,3,288.0,3,1.0,140.0,0,1.0,106
2020_11_GB_IND,IND,311.0,3,311.0,3,1.0,66.0,1,2.0,106
2020_11_KC_LV,KC,275.0,3,275.0,3,1.0,89.0,1,0.0,106
2020_11_KC_LV,LV,352.0,2,352.0,2,1.0,108.0,3,0.0,106
2020_11_LA_TB,LA,216.0,2,216.0,2,2.0,42.0,1,0.0,106
2020_11_LA_TB,TB,376.0,3,376.0,3,2.0,37.0,0,0.0,107
2020_11_MIA_DEN,DEN,200.0,1,200.0,1,1.0,56.0,0,0.0,106
2020_11_MIA_DEN,MIA,270.0,0,270.0,0,1.0,189.0,2,1.0,106
2020_11_NE_HOU,HOU,365.0,1,365.0,1,0.0,86.0,1,0.0,106
2020_11_NE_HOU,NE,344.0,2,344.0,2,0.0,55.0,1,0.0,106
2020_11_NYJ_LAC,LAC,205.0,2,205.0,2,1.0,96.0,2,0.0,106
2020_11_NYJ_LAC,NYJ,366.0,3,366.0,3,0.0,29.0,0,1.0,106
2020_11_PHI_CLE,CLE,235.0,2,235.0,2,2.0,106.0,0,1.0,106
2020_11_PHI_CLE,PHI,204.0,0,204.0,0,0.0,137.0,1,1.0,106
2020_11_PIT_JAX,JAX,267.0,2,267.0,2,1.0,106.0,1,0.0,106
2020_11_PIT_JAX,PIT,151.0,0,151.0,0,4.0,73.0,0,0.0,106
2020_11_TEN_BAL,BAL,266.0,2,266.0,2,1.0,173.0,1,0.0,106
2020_11_TEN_BAL,TEN,186.0,1,186.0,1,1.0,129.0,1,0.0,106
2020_12_ARI_NE,ARI,84.0,0,84.0,0,2.0,110.0,2,0.0,107
2020_12_ARI_NE,NE,170.0,0,170.0,0,1.0,138.0,2,0.0,107
2020_12_BAL_PIT,BAL,266.0,1,266.0,1,1.0,68.0,0,0.0,107
2020_12_BAL_PIT,PIT,110.0,1,110.0,1,1.0,129.0,1,1.0,107
2020_12_CAR_MIN,CAR,307.0,3,307.0,3,0.0,96.0,0,2.0,108
2020_12_CAR_MIN,MIN,267.0,1,267.0,1,1.0,107.0,0,0.0,107
2020_12_CHI_GB,CHI,211.0,4,211.0,4,0.0,182.0,1,0.0,107
2020_12_CHI_GB,GB,242.0,3,242.0,3,2.0,121.0,0,1.0,107
2020_12_CLE_JAX,CLE,235.0,2,235.0,2,0.0,140.0,1,0.0,107
2020_12_CLE_JAX,JAX,258.0,2,258.0,2,0.0,207.0,1,1.0,107
2020_12_HOU_DET,DET,318.0,4,318.0,4,0.0,77.0,0,1.0,107
2020_12_HOU_DET,HOU,295.0,1,295.0,1,1.0,109.0,2,2.0,107
2020_12_KC_TB,KC,345.0,3,345.0,3,2.0,75.0,0,0.0,107
2020_12_KC_TB,TB,462.0,3,462.0,3,0.0,87.0,0,1.0,108
2020_12_LAC_BUF,BUF,316.0,1,316.0,1,1.0,76.0,1,0.0,107
2020_12_LAC_BUF,LAC,177.0,2,177.0,2,1.0,172.0,1,2.0,107
2020_12_LV_ATL,ATL,240.0,0,240.0,0,1.0,40.0,0,4.0,107
2020_12_LV_ATL,LV,185.0,2,185.0,2,1.0,125.0,1,0.0,107
2020_12_MIA_NYJ,MIA,197.0,0,197.0,0,2.0,87.0,0,0.0,107
2020_12_MIA_NYJ,NYJ,257.0,2,257.0,2,0.0,104.0,0,2.0,107
2020_12_NO_DEN,DEN,78.0,0,78.0,0,1.0,229.0,4,0.0,107
2020_12_NO_DEN,NO,13.0,0,13.0,0,2.0,100.0,0,0.0,107
2020_12_NYG_CIN,CIN,244.0,0,244.0,0,0.0,142.0,1,1.0,107
2020_12_NYG_CIN,NYG,136.0,1,136.0,1,1.0,40.0,0,2.0,107
2020_12_SEA_PHI,PHI,230.0,1,230.0,1,0.0,76.0,1,0.0,107
2020_12_SEA_PHI,SEA,221.0,2,221.0,2,1.0,70.0,0,0.0,107
2020_12_SF_LA,LA,252.0,0,252.0,0,1.0,112.0,1,2.0,107
2020_12_SF_LA,SF,198.0,0,198.0,0,2.0,126.0,1,2.0,107
2020_12_TEN_IND,IND,221.0,1,221.0,1,0.0,229.0,4,0.0,107
2020_12_TEN_IND,TEN,295.0,2,295.0,2,1.0,56.0,2,0.0,107
2020_12_WAS_DAL,DAL,177.0,1,177.0,1,1.0,182.0,3,0.0,107
2020_12_WAS_DAL,WAS,215.0,1,215.0,1,1.0,60.0,0,1.0,107
2020_13_BUF_SF,BUF,316.0,3,316.0,3,2.0,86.0,0,0.0,108
2020_13_BUF_SF,SF,375.0,4,375.0,4,0.0,81.0,0,1.0,108
2020_13_CIN_MIA,CIN,296.0,1,296.0,1,0.0,110.0,0,1.0,108
2020_13_CIN_MIA,MIA,193.0,1,193.0,1,2.0,40.0,0,0.0,108
2020_13_CLE_TEN,CLE,389.0,3,389.0,4,1.0,62.0,1,2.0,108
2020_13_CLE_TEN,TEN,340.0,4,340.0,4,0.0,118.0,1,1.0,108
2020_13_DAL_BAL,BAL,285.0,2,285.0,2,1.0,111.0,0,0.0,108
2020_13_DAL_BAL,DAL,107.0,2,107.0,2,1.0,294.0,2,0.0,108
2020_13_DEN_KC,DEN,318.0,1,318.0,1,0.0,134.0,0,0.0,108
2020_13_DEN_KC,KC,151.0,2,151.0,2,2.0,179.0,0,0.0,108
2020_13_DET_CHI,CHI,402.0,3,402.0,3,1.0,60.0,2,0.0,108
2020_13_DET_CHI,DET,267.0,1,267.0,1,0.0,140.0,3,1.0,108
2020_13_IND_HOU,HOU,285.0,2,285.0,2,0.0,109.0,1,0.0,108
2020_13_IND_HOU,IND,341.0,0,341.0,0,1.0,90.0,2,1.0,108
2020_13_JAX_MIN,JAX,305.0,3,305.0,3,1.0,145.0,0,1.0,108
2020_13_JAX_MIN,MIN,280.0,1,280.0,1,2.0,124.0,1,2.0,108
2020_13_LA_ARI,ARI,351.0,1,351.0,1,0.0,119.0,3,0.0,108
2020_13_LA_ARI,LA,173.0,3,173.0,3,1.0,92.0,1,1.0,108
2020_13_LV_NYJ,LV,186.0,2,186.0,2,1.0,206.0,2,2.0,108
2020_13_LV_NYJ,NYJ,381.0,3,381.0,3,1.0,72.0,1,1.0,108
2020_13_NE_LAC,LAC,130.0,2,130.0,2,0.0,165.0,2,0.0,108
2020_13_NE_LAC,NE,209.0,0,209.0,0,2.0,70.0,0,0.0,108
2020_13_NO_ATL,ATL,232.0,2,232.0,2,0.0,207.0,1,1.0,108
2020_13_NO_ATL,NO,273.0,1,273.0,1,0.0,70.0,0,1.0,108
2020_13_NYG_SEA,NYG,263.0,1,263.0,1,1.0,111.0,0,1.0,108
2020_13_NYG_SEA,SEA,105.0,1,105.0,1,1.0,190.0,1,0.0,108
2020_13_PHI_GB,GB,188.0,1,188.0,1,1.0,117.0,0,0.0,108
2020_13_PHI_GB,PHI,295.0,3,295.0,3,0.0,149.0,1,0.0,108
2020_13_WAS_PIT,PIT,296.0,1,296.0,1,0.0,45.0,1,0.0,108
2020_13_WAS_PIT,WAS,305.0,2,305.0,2,1.0,21.0,0,0.0,108
2020_14_ARI_NYG,ARI,145.0,0,145.0,0,0.0,78.0,1,2.0,109
2020_14_ARI_NYG,NYG,244.0,1,244.0,1,0.0,159.0,1,0.0,109
2020_14_ATL_LAC,ATL,243.0,2,243.0,2,1.0,105.0,0,0.0,109
2020_14_ATL_LAC,LAC,263.0,2,263.0,2,3.0,70.0,0,0.0,109
2020_14_BAL_CLE,BAL,355.0,2,355.0,2,1.0,138.0,4,0.0,109
2020_14_BAL_CLE,CLE,176.0,1,176.0,1,0.0,231.0,5,0.0,109
2020_14_DAL_CIN,CIN,185.0,2,185.0,2,0.0,101.0,0,0.0,109
2020_14_DAL_CIN,DAL,222.0,1,222.0,1,0.0,101.0,0,3.0,109
2020_14_DEN_CAR,CAR,280.0,4,280.0,4,0.0,96.0,0,1.0,109
2020_14_DEN_CAR,DEN,283.0,0,283.0,0,0.0,125.0,3,0.0,109
2020_14_GB_DET,DET,290.0,3,290.0,3,0.0,120.0,1,0.0,109
2020_14_GB_DET,GB,273.0,1,273.0,1,0.0,51.0,2,0.0,109
2020_14_HOU_CHI,CHI,219.0,1,219.0,1,0.0,108.0,0,1.0,109
2020_14_HOU_CHI,HOU,267.0,3,267.0,3,0.0,169.0,1,0.0,109
2020_14_IND_LV,IND,345.0,2,345.0,2,2.0,79.0,1,1.0,109
2020_14_IND_LV,LV,244.0,2,244.0,2,0.0,212.0,2,0.0,109
2020_14_KC_MIA,KC,316.0,2,316.0,2,1.0,80.0,1,0.0,109
2020_14_KC_MIA,MIA,393.0,2,393.0,2,3.0,94.0,1,1.0,109
2020_14_MIN_TB,MIN,196.0,2,196.0,2,0.0,107.0,1,0.0,109
2020_14_MIN_TB,TB,225.0,1,225.0,1,0.0,162.0,1,1.0,109
2020_14_NE_LA,LA,146.0,0,146.0,0,1.0,107.0,0,0.0,109
2020_14_NE_LA,NE,137.0,1,137.0,1,1.0,186.0,1,0.0,109
2020_14_NO_PHI,NO,167.0,1,167.0,1,0.0,246.0,2,1.0,109
2020_14_NO_PHI,PHI,291.0,2,291.0,2,1.0,96.0,1,1.0,109
2020_14_NYJ_SEA,NYJ,239.0,4,239.0,4,1.0,174.0,1,0.0,109
2020_14_NYJ_SEA,SEA,132.0,0,132.0,0,0.0,69.0,0,1.0,109
2020_14_PIT_BUF,BUF,187.0,2,187.0,2,2.0,47.0,0,0.0,109
2020_14_PIT_BUF,PIT,238.0,2,238.0,2,1.0,104.0,0,1.0,109
2020_14_TEN_JAX,JAX,212.0,2,212.0,2,0.0,249.0,2,1.0,109
2020_14_TEN_JAX,TEN,263.0,1,263.0,1,1.0,91.0,0,0.0,109
2020_14_WAS_SF,SF,108.0,0,108.0,0,1.0,98.0,0,0.0,109
2020_14_WAS_SF,WAS,260.0,1,260.0,1,1.0,108.0,1,2.0,109
2020_15_BUF_DEN,BUF,132.0,1,132.0,1,0.0,140.0,2,1.0,110
2020_15_BUF_DEN,DEN,359.0,2,359.0,2,0.0,182.0,3,0.0,110
2020_15_CAR_GB,CAR,143.0,1,143.0,1,0.0,195.0,2,0.0,110
2020_15_CAR_GB,GB,258.0,0,258.0,0,0.0,115.0,1,1.0,110
2020_15_CHI_MIN,CHI,271.0,2,271.0,2,1.0,158.0,1,0.0,110
2020_15_CHI_MIN,MIN,202.0,1,202.0,1,1.0,199.0,2,0.0,110
2020_15_CLE_NYG,CLE,221.0,0,221.0,0,0.0,74.0,0,0.0,110
2020_15_CLE_NYG,NYG,297.0,2,297.0,2,0.0,106.0,1,0.0,110
2020_15_DET_TEN,DET,273.0,3,273.0,3,0.0,195.0,3,0.0,110
2020_15_DET_TEN,TEN,307.0,1,307.0,1,1.0,123.0,2,2.0,110
2020_15_HOU_IND,HOU,228.0,2,228.0,2,0.0,127.0,1,0.0,110
2020_15_HOU_IND,IND,373.0,2,373.0,2,0.0,83.0,0,2.0,110
2020_15_JAX_BAL,BAL,226.0,2,226.0,2,0.0,62.0,0,1.0,110
2020_15_JAX_BAL,JAX,250.0,3,250.0,3,1.0,159.0,2,0.0,110
2020_15_KC_NO,KC,234.0,3,234.0,3,1.0,60.0,1,0.0,110
2020_15_KC_NO,NO,254.0,3,254.0,3,0.0,179.0,1,1.0,110
2020_15_LAC_LV,LAC,279.0,1,279.0,1,1.0,173.0,2,0.0,110
2020_15_LAC_LV,LV,314.0,2,314.0,2,0.0,96.0,2,0.0,110
2020_15_NE_MIA,MIA,209.0,0,209.0,0,0.0,117.0,0,1.0,110
2020_15_NE_MIA,NE,145.0,0,145.0,0,1.0,250.0,3,0.0,110
2020_15_NYJ_LA,LA,207.0,1,207.0,1,0.0,93.0,1,0.0,110
2020_15_NYJ_LA,NYJ,209.0,2,209.0,2,1.0,114.0,0,0.0,110
2020_15_PHI_ARI,ARI,338.0,3,338.0,3,0.0,117.0,1,0.0,110
2020_15_PHI_ARI,PHI,432.0,3,432.0,3,1.0,103.0,1,2.0,110
2020_15_PIT_CIN,CIN,170.0,1,170.0,1,1.0,86.0,1,2.0,110
2020_15_PIT_CIN,PIT,89.0,1,89.0,1,0.0,152.0,2,0.0,110
2020_15_SEA_WAS,SEA,295.0,1,295.0,1,2.0,84.0,1,0.0,110
2020_15_SEA_WAS,WAS,121.0,1,121.0,1,1.0,181.0,1,0.0,110
2020_15_SF_DAL,DAL,319.0,3,319.0,3,2.0,150.0,1,1.0,110
2020_15_SF_DAL,SF,221.0,2,221.0,2,0.0,87.0,2,0.0,110
2020_15_TB_ATL,ATL,390.0,2,390.0,2,0.0,51.0,2,0.0,110
2020_15_TB_ATL,TB,356.0,3,356.0,3,0.0,37.0,0,0.0,110
2020_16_ATL_KC,ATL,278.0,2,278.0,2,2.0,117.0,0,0.0,111
2020_16_ATL_KC,KC,300.0,2,300.0,2,0.0,90.0,0,1.0,111
2020_16_BUF_NE,BUF,78.0,0,78.0,0,0.0,145.0,1,0.0,111
2020_16_BUF_NE,NE,344.0,4,344.0,4,0.0,130.0,1,0.0,111
2020_16_CAR_WAS,CAR,291.0,1,291.0,1,2.0,108.0,0,1.0,111
2020_16_CAR_WAS,WAS,197.0,1,197.0,1,1.0,113.0,1,1.0,111
2020_16_CHI_JAX,CHI,211.0,2,211.0,2,2.0,76.0,0,0.0,111
2020_16_CHI_JAX,JAX,265.0,2,265.0,2,1.0,128.0,3,0.0,111
2020_16_CIN_HOU,CIN,309.0,3,324.0,3,0.0,166.0,1,1.0,111
2020_16_CIN_HOU,HOU,371.0,2,371.0,2,0.0,169.0,2,0.0,111
2020_16_CLE_NYJ,CLE,218.0,3,218.0,3,0.0,131.0,0,0.0,111
2020_16_CLE_NYJ,NYJ,285.0,0,285.0,0,0.0,45.0,2,2.0,111
2020_16_DEN_LAC,DEN,253.0,1,253.0,1,0.0,89.0,0,0.0,111
2020_16_DEN_LAC,LAC,264.0,0,264.0,0,2.0,133.0,1,0.0,111
2020_16_IND_PIT,IND,341.0,3,341.0,3,0.0,22.0,1,0.0,111
2020_16_IND_PIT,PIT,270.0,1,270.0,1,1.0,127.0,2,1.0,111
2020_16_LA_SEA,LA,225.0,1,225.0,1,0.0,95.0,1,0.0,111
2020_16_LA_SEA,SEA,234.0,0,234.0,0,1.0,118.0,0,0.0,111
2020_16_MIA_LV,LV,276.0,2,276.0,2,0.0,130.0,0,0.0,111
2020_16_MIA_LV,MIA,336.0,1,336.0,1,0.0,104.0,1,0.0,111
2020_16_MIN_NO,MIN,319.0,0,319.0,0,2.0,264.0,7,0.0,111
2020_16_MIN_NO,NO,291.0,3,291.0,3,0.0,90.0,2,0.0,111
2020_16_NYG_BAL,BAL,252.0,1,252.0,1,0.0,54.0,0,0.0,111
2020_16_NYG_BAL,NYG,183.0,2,183.0,2,0.0,249.0,1,1.0,111
2020_16_PHI_DAL,DAL,342.0,1,342.0,1,2.0,151.0,1,1.0,111
2020_16_PHI_DAL,PHI,377.0,3,377.0,3,1.0,151.0,1,0.0,111
2020_16_SF_ARI,ARI,182.0,3,182.0,3,0.0,227.0,0,1.0,111
2020_16_SF_ARI,SF,247.0,0,247.0,0,1.0,120.0,1,1.0,111
2020_16_TB_DET,DET,491.0,6,491.0,6,0.0,111.0,1,0.0,111
2020_16_TB_DET,TB,152.0,0,152.0,0,1.0,73.0,0,1.0,111
2020_16_TEN_GB,GB,121.0,1,121.0,1,2.0,156.0,1,0.0,111
2020_16_TEN_GB,TEN,231.0,4,231.0,4,1.0,234.0,2,0.0,111
2020_17_ARI_LA,ARI,231.0,0,231.0,0,1.0,110.0,0,1.0,112
2020_17_ARI_LA,LA,192.0,1,192.0,1,1.0,48.0,0,0.0,112
2020_17_ATL_TB,ATL,399.0,4,399.0,4,1.0,94.0,1,0.0,112
2020_17_ATL_TB,TB,265.0,2,265.0,2,0.0,127.0,1,2.0,112
2020_17_BAL_CIN,BAL,48.0,0,48.0,0,2.0,147.0,0,0.0,112
2020_17_BAL_CIN,CIN,121.0,3,121.0,3,1.0,404.0,2,0.0,112
2020_17_DAL_NYG,DAL,229.0,2,229.0,2,1.0,125.0,1,1.0,112
2020_17_DAL_NYG,NYG,244.0,0,244.0,0,1.0,108.0,1,0.0,112
2020_17_GB_CHI,CHI,240.0,4,240.0,4,0.0,79.0,1,0.0,112
2020_17_GB_CHI,GB,252.0,0,252.0,0,1.0,108.0,1,1.0,112
2020_17_JAX_IND,IND,261.0,2,261.0,2,0.0,53.0,0,1.0,112
2020_17_JAX_IND,JAX,164.0,1,164.0,1,1.0,273.0,2,0.0,112
2020_17_LAC_KC,KC,302.0,3,302.0,3,0.0,135.0,2,0.0,112
2020_17_LAC_KC,LAC,218.0,2,218.0,2,0.0,51.0,1,0.0,112
2020_17_LV_DEN,DEN,371.0,2,371.0,2,2.0,106.0,2,2.0,112
2020_17_LV_DEN,LV,339.0,2,339.0,2,0.0,122.0,1,0.0,112
2020_17_MIA_BUF,BUF,393.0,1,393.0,1,3.0,70.0,2,1.0,112
2020_17_MIA_BUF,MIA,388.0,4,388.0,4,2.0,78.0,2,0.0,112
2020_17_MIN_DET,DET,405.0,3,405.0,3,0.0,125.0,2,0.0,112
2020_17_MIN_DET,MIN,293.0,3,293.0,3,1.0,129.0,2,0.0,112
2020_17_NO_CAR,CAR,201.0,3,201.0,3,0.0,156.0,1,0.0,112
2020_17_NO_CAR,NO,271.0,0,271.0,0,5.0,74.0,1,0.0,112
2020_17_NYJ_NE,NE,266.0,1,266.0,1,2.0,111.0,1,0.0,112
2020_17_NYJ_NE,NYJ,261.0,4,261.0,4,0.0,166.0,0,0.0,112
2020_17_PIT_CLE,CLE,317.0,2,317.0,2,1.0,85.0,0,0.0,112
2020_17_PIT_CLE,PIT,196.0,1,196.0,1,0.0,192.0,2,0.0,112
2020_17_SEA_SF,SEA,273.0,1,273.0,1,0.0,86.0,1,1.0,112
2020_17_SEA_SF,SF,181.0,2,181.0,2,0.0,121.0,1,0.0,112
2020_17_TEN_HOU,HOU,216.0,1,216.0,1,0.0,288.0,4,1.0,112
2020_17_TEN_HOU,TEN,385.0,3,385.0,3,1.0,96.0,1,0.0,112
2020_17_WAS_PHI,PHI,162.0,2,162.0,2,2.0,103.0,0,0.0,112
2020_17_WAS_PHI,WAS,119.0,0,119.0,0,2.0,118.0,2,1.0,112
2021_01_ARI_TEN,ARI,218.0,1,218.0,1,1.0,86.0,1,2.0,113
2021_01_ARI_TEN,TEN,289.0,4,289.0,4,1.0,136.0,1,0.0,113
2021_01_BAL_LV,BAL,435.0,2,435.0,2,1.0,82.0,2,0.0,113
2021_01_BAL_LV,LV,235.0,1,235.0,1,0.0,189.0,2,2.0,113
2021_01_CHI_LA,CHI,321.0,3,321.0,3,0.0,74.0,1,0.0,113
2021_01_CHI_LA,LA,216.0,0,216.0,0,1.0,134.0,2,1.0,113
2021_01_CLE_KC,CLE,337.0,3,337.0,3,0.0,73.0,1,0.0,113
2021_01_CLE_KC,KC,310.0,0,321.0,0,1.0,153.0,4,1.0,113
2021_01_DAL_TB,DAL,379.0,4,379.0,4,2.0,52.0,0,2.0,113
2021_01_DAL_TB,TB,403.0,3,403.0,3,1.0,60.0,0,0.0,113
2021_01_DEN_NYG,DEN,267.0,1,267.0,1,0.0,60.0,1,1.0,113
2021_01_DEN_NYG,NYG,264.0,2,264.0,2,0.0,165.0,1,1.0,113
2021_01_GB_NO,GB,151.0,5,151.0,5,0.0,171.0,0,0.0,113
2021_01_GB_NO,NO,201.0,0,201.0,0,2.0,43.0,0,1.0,113
2021_01_JAX_HOU,HOU,332.0,3,332.0,3,3.0,76.0,0,0.0,113
2021_01_JAX_HOU,JAX,291.0,2,291.0,2,0.0,160.0,2,0.0,113
2021_01_LAC_WAS,LAC,135.0,1,135.0,1,0.0,126.0,0,1.0,113
2021_01_LAC_WAS,WAS,337.0,1,337.0,1,1.0,90.0,1,0.0,113
2021_01_MIA_NE,MIA,281.0,1,281.0,1,0.0,125.0,0,2.0,113
2021_01_MIA_NE,NE,202.0,1,202.0,1,1.0,74.0,1,0.0,113
2021_01_MIN_CIN,CIN,362.0,2,362.0,2,0.0,67.0,1,1.0,113
2021_01_MIN_CIN,MIN,261.0,2,261.0,2,0.0,149.0,1,0.0,113
2021_01_NYJ_CAR,CAR,258.0,2,258.0,2,1.0,45.0,0,0.0,113
2021_01_NYJ_CAR,NYJ,279.0,1,279.0,1,0.0,111.0,1,1.0,113
2021_01_PHI_ATL,ATL,264.0,3,264.0,3,0.0,173.0,1,0.0,113
2021_01_PHI_ATL,PHI,164.0,0,164.0,0,0.0,124.0,0,0.0,113
2021_01_PIT_BUF,BUF,188.0,1,188.0,1,0.0,75.0,0,0.0,113
2021_01_PIT_BUF,PIT,270.0,1,270.0,1,0.0,117.0,0,1.0,113
2021_01_SEA_IND,IND,254.0,4,254.0,4,0.0,140.0,0,1.0,113
2021_01_SEA_IND,SEA,251.0,2,251.0,2,0.0,113.0,0,1.0,113
2021_01_SF_DET,DET,319.0,2,319.0,2,0.0,131.0,2,2.0,113
2021_01_SF_DET,SF,338.0,3,338.0,3,1.0,116.0,1,0.0,113
2021_02_ATL_TB,ATL,276.0,5,276.0,5,0.0,82.0,0,1.0,114
2021_02_ATL_TB,TB,300.0,2,300.0,2,3.0,55.0,1,0.0,114
2021_02_BUF_MIA,BUF,182.0,0,182.0,0,1.0,71.0,0,1.0,114
2021_02_BUF_MIA,MIA,179.0,2,179.0,2,1.0,143.0,3,1.0,114
2021_02_CIN_CHI,CHI,207.0,2,207.0,2,3.0,69.0,0,1.0,114
2021_02_CIN_CHI,CIN,116.0,1,116.0,1,1.0,123.0,0,0.0,114
2021_02_DAL_LAC,DAL,338.0,1,338.0,1,2.0,95.0,0,0.0,114
2021_02_DAL_LAC,LAC,237.0,0,237.0,0,1.0,198.0,2,0.0,114
2021_02_DEN_JAX,DEN,118.0,1,118.0,1,2.0,75.0,0,0.0,114
2021_02_DEN_JAX,JAX,328.0,2,328.0,2,0.0,96.0,0,0.0,114
2021_02_DET_GB,DET,255.0,4,255.0,4,0.0,96.0,1,0.0,114
2021_02_DET_GB,GB,246.0,2,246.0,2,1.0,108.0,0,1.0,114
2021_02_HOU_CLE,CLE,227.0,2,227.0,2,1.0,82.0,1,0.0,114
2021_02_HOU_CLE,HOU,213.0,1,213.0,1,1.0,156.0,3,1.0,114
2021_02_KC_BAL,BAL,343.0,3,343.0,3,1.0,62.0,1,1.0,114
2021_02_KC_BAL,KC,239.0,1,239.0,1,2.0,251.0,3,0.0,114
2021_02_LA_IND,IND,278.0,2,278.0,2,1.0,101.0,1,0.0,114
2021_02_LA_IND,LA,272.0,1,272.0,1,2.0,109.0,0,0.0,114
2021_02_LV_PIT,LV,295.0,1,295.0,1,1.0,39.0,1,0.0,114
2021_02_LV_PIT,PIT,382.0,2,382.0,2,0.0,52.0,0,0.0,114
2021_02_MIN_ARI,ARI,244.0,3,244.0,3,0.0,177.0,0,0.0,114
2021_02_MIN_ARI,MIN,400.0,3,400.0,3,2.0,103.0,1,0.0,114
2021_02_NE_NYJ,NE,210.0,0,210.0,0,4.0,152.0,0,0.0,114
2021_02_NE_NYJ,NYJ,186.0,0,186.0,0,0.0,101.0,2,0.0,114
2021_02_NO_CAR,CAR,111.0,0,111.0,0,2.0,48.0,1,0.0,114
2021_02_NO_CAR,NO,305.0,2,305.0,2,1.0,89.0,1,0.0,114
2021_02_NYG_WAS,NYG,336.0,2,336.0,2,1.0,87.0,1,0.0,114
2021_02_NYG_WAS,WAS,249.0,1,249.0,1,0.0,163.0,1,0.0,114
2021_02_SF_PHI,PHI,189.0,1,189.0,1,0.0,117.0,1,0.0,114
2021_02_SF_PHI,SF,190.0,0,190.0,0,0.0,151.0,1,0.0,114
2021_02_TEN_SEA,SEA,347.0,0,347.0,0,0.0,212.0,3,1.0,114
2021_02_TEN_SEA,TEN,343.0,2,343.0,2,0.0,77.0,2,0.0,114
2021_03_ARI_JAX,ARI,219.0,1,219.0,1,2.0,159.0,1,2.0,115
2021_03_ARI_JAX,JAX,316.0,0,316.0,0,1.0,91.0,3,0.0,115
2021_03_ATL_NYG,ATL,266.0,0,266.0,0,0.0,100.0,1,1.0,115
2021_03_ATL_NYG,NYG,243.0,2,243.0,2,0.0,69.0,0,1.0,115
2021_03_BAL_DET,BAL,217.0,0,217.0,0,0.0,93.0,2,0.0,115
2021_03_BAL_DET,DET,287.0,1,287.0,1,1.0,116.0,0,0.0,115
2021_03_CAR_HOU,CAR,168.0,1,168.0,1,0.0,42.0,0,0.0,115
2021_03_CAR_HOU,HOU,304.0,0,304.0,0,0.0,117.0,3,0.0,115
2021_03_CHI_CLE,CHI,246.0,1,246.0,1,0.0,215.0,1,0.0,115
2021_03_CHI_CLE,CLE,68.0,0,68.0,0,0.0,46.0,0,0.0,115
2021_03_CIN_PIT,CIN,318.0,1,318.0,1,2.0,45.0,0,0.0,115
2021_03_CIN_PIT,PIT,172.0,3,172.0,3,1.0,96.0,0,0.0,115
2021_03_GB_SF,GB,257.0,2,257.0,2,1.0,67.0,2,1.0,115
2021_03_GB_SF,SF,261.0,2,261.0,2,0.0,100.0,1,0.0,115
2021_03_IND_TEN,IND,197.0,3,197.0,3,2.0,180.0,0,1.0,115
2021_03_IND_TEN,TEN,194.0,0,194.0,0,0.0,87.0,1,0.0,115
2021_03_LAC_KC,KC,281.0,4,281.0,4,0.0,77.0,0,0.0,115
2021_03_LAC_KC,LAC,260.0,3,260.0,3,2.0,186.0,0,2.0,115
2021_03_MIA_LV,LV,215.0,0,215.0,0,0.0,133.0,2,0.0,115
2021_03_MIA_LV,MIA,386.0,2,386.0,2,1.0,140.0,1,0.0,115
2021_03_NO_NE,NE,128.0,2,128.0,2,0.0,142.0,1,0.0,115
2021_03_NO_NE,NO,270.0,1,270.0,1,3.0,49.0,0,0.0,115
2021_03_NYJ_DEN,DEN,160.0,0,160.0,0,2.0,43.0,0,0.0,115
2021_03_NYJ_DEN,NYJ,235.0,0,235.0,0,0.0,120.0,2,1.0,115
2021_03_PHI_DAL,DAL,326.0,2,326.0,2,2.0,64.0,0,0.0,115
2021_03_PHI_DAL,PHI,238.0,3,238.0,3,0.0,160.0,2,1.0,115
2021_03_SEA_MIN,MIN,298.0,1,298.0,1,0.0,106.0,1,0.0,115
2021_03_SEA_MIN,SEA,323.0,3,323.0,3,0.0,140.0,0,0.0,115
2021_03_TB_LA,LA,432.0,1,432.0,1,0.0,35.0,2,0.0,115
2021_03_TB_LA,TB,343.0,4,343.0,4,0.0,76.0,0,0.0,115
2021_03_WAS_BUF,BUF,212.0,2,212.0,2,2.0,78.0,1,1.0,115
2021_03_WAS_BUF,WAS,359.0,4,359.0,4,0.0,122.0,1,0.0,115
2021_04_ARI_LA,ARI,280.0,2,280.0,2,1.0,121.0,0,1.0,116
2021_04_ARI_LA,LA,268.0,2,268.0,2,0.0,216.0,2,0.0,116
2021_04_BAL_DEN,BAL,178.0,1,178.0,1,1.0,106.0,0,0.0,116
2021_04_BAL_DEN,DEN,316.0,1,316.0,1,0.0,102.0,1,0.0,116
2021_04_CAR_DAL,CAR,188.0,4,188.0,4,0.0,245.0,1,0.0,116
2021_04_CAR_DAL,DAL,301.0,2,301.0,2,2.0,113.0,2,0.0,116
2021_04_CLE_MIN,CLE,203.0,1,203.0,1,1.0,65.0,0,0.0,116
2021_04_CLE_MIN,MIN,155.0,0,155.0,0,0.0,184.0,1,0.0,116
2021_04_DET_CHI,CHI,299.0,2,299.0,2,0.0,90.0,0,2.0,116
2021_04_DET_CHI,DET,209.0,0,209.0,0,1.0,188.0,3,0.0,116
2021_04_HOU_BUF,BUF,87.0,0,87.0,0,4.0,48.0,0,1.0,116
2021_04_HOU_BUF,HOU,256.0,2,256.0,2,1.0,199.0,2,0.0,116
2021_04_IND_MIA,IND,199.0,2,199.0,2,0.0,35.0,0,1.0,116
2021_04_IND_MIA,MIA,228.0,2,228.0,2,0.0,139.0,1,0.0,116
2021_04_JAX_CIN,CIN,204.0,0,204.0,0,0.0,139.0,3,0.0,116
2021_04_JAX_CIN,JAX,348.0,2,348.0,2,0.0,78.0,1,0.0,116
2021_04_KC_PHI,KC,387.0,2,387.0,2,0.0,103.0,1,0.0,116
2021_04_KC_PHI,PHI,278.0,5,278.0,5,1.0,200.0,1,0.0,116
2021_04_LV_LAC,LAC,196.0,2,196.0,2,1.0,48.0,0,0.0,116
2021_04_LV_LAC,LV,222.0,3,222.0,3,0.0,168.0,1,0.0,116
2021_04_NYG_NO,NO,402.0,2,402.0,2,1.0,83.0,1,0.0,116
2021_04_NYG_NO,NYG,235.0,1,235.0,1,1.0,170.0,2,0.0,116
2021_04_PIT_GB,GB,232.0,1,232.0,1,1.0,62.0,1,1.0,116
2021_04_PIT_GB,PIT,248.0,2,248.0,2,0.0,131.0,1,1.0,116
2021_04_SEA_SF,SEA,322.0,3,322.0,3,1.0,143.0,0,0.0,116
2021_04_SEA_SF,SF,149.0,2,149.0,2,0.0,105.0,2,0.0,116
2021_04_TB_NE,NE,269.0,0,269.0,0,0.0,120.0,1,0.0,116
2021_04_TB_NE,TB,320.0,2,320.0,2,1.0,-1.0,0,1.0,116
2021_04_TEN_NYJ,NYJ,298.0,1,298.0,1,0.0,177.0,1,0.0,116
2021_04_TEN_NYJ,TEN,297.0,2,297.0,2,1.0,66.0,1,0.0,116
2021_04_WAS_ATL,ATL,290.0,3,290.0,3,0.0,122.0,1,0.0,116
2021_04_WAS_ATL,WAS,283.0,4,283.0,4,0.0,99.0,0,0.0,116
2021_05_BUF_KC,BUF,272.0,2,272.0,2,2.0,120.0,0,1.0,117
2021_05_BUF_KC,KC,315.0,3,315.0,3,0.0,121.0,1,0.0,117
2021_05_CHI_LV,CHI,206.0,0,206.0,0,1.0,71.0,1,0.0,117
2021_05_CHI_LV,LV,119.0,1,119.0,1,0.0,143.0,1,0.0,117
2021_05_CLE_LAC,CLE,398.0,4,398.0,4,0.0,112.0,3,1.0,117
2021_05_CLE_LAC,LAC,305.0,2,305.0,2,0.0,230.0,3,0.0,117
2021_05_DEN_PIT,DEN,253.0,2,253.0,2,0.0,147.0,1,1.0,117
2021_05_DEN_PIT,PIT,288.0,2,288.0,2,1.0,106.0,0,0.0,117
2021_05_DET_MIN,DET,275.0,1,275.0,1,1.0,120.0,0,1.0,117
2021_05_DET_MIN,MIN,203.0,0,203.0,0,1.0,108.0,1,1.0,117
2021_05_GB_CIN,CIN,344.0,2,344.0,2,1.0,133.0,0,0.0,117
2021_05_GB_CIN,GB,281.0,2,281.0,2,2.0,103.0,1,0.0,117
2021_05_IND_BAL,BAL,402.0,2,402.0,2,0.0,123.0,1,1.0,117
2021_05_IND_BAL,IND,442.0,4,442.0,4,0.0,86.0,0,1.0,117
2021_05_LA_SEA,LA,283.0,2,283.0,2,2.0,92.0,0,0.0,117
2021_05_LA_SEA,SEA,365.0,1,365.0,1,1.0,118.0,2,0.0,117
2021_05_MIA_TB,MIA,452.0,5,452.0,5,0.0,121.0,1,0.0,117
2021_05_MIA_TB,TB,275.0,2,275.0,2,1.0,39.0,0,1.0,117
2021_05_NE_HOU,HOU,231.0,1,231.0,1,1.0,126.0,1,1.0,117
2021_05_NE_HOU,NE,312.0,3,312.0,3,0.0,67.0,0,1.0,117
2021_05_NO_WAS,NO,248.0,0,248.0,0,2.0,131.0,2,0.0,117
2021_05_NO_WAS,WAS,279.0,4,279.0,4,1.0,98.0,1,1.0,117
2021_05_NYG_DAL,DAL,294.0,1,294.0,1,2.0,73.0,1,0.0,117
2021_05_NYG_DAL,NYG,324.0,3,324.0,3,1.0,201.0,1,1.0,117
2021_05_NYJ_ATL,ATL,192.0,0,192.0,0,1.0,64.0,2,0.0,117
2021_05_NYJ_ATL,NYJ,342.0,2,342.0,2,0.0,108.0,1,2.0,117
2021_05_PHI_CAR,CAR,198.0,0,198.0,0,1.0,91.0,2,1.0,117
2021_05_PHI_CAR,PHI,177.0,1,177.0,1,3.0,109.0,0,0.0,117
2021_05_SF_ARI,ARI,192.0,0,192.0,0,1.0,152.0,1,0.0,117
2021_05_SF_ARI,SF,239.0,1,239.0,1,0.0,94.0,1,1.0,117
2021_05_TEN_JAX,JAX,197.0,1,197.0,1,0.0,184.0,3,0.0,117
2021_05_TEN_JAX,TEN,273.0,1,273.0,1,1.0,198.0,2,1.0,117
2021_06_ARI_CLE,ARI,240.0,2,240.0,2,1.0,73.0,0,2.0,118
2021_06_ARI_CLE,CLE,229.0,4,229.0,4,0.0,144.0,0,0.0,118
2021_06_BUF_TEN,BUF,216.0,0,216.0,0,1.0,146.0,4,0.0,118
2021_06_BUF_TEN,TEN,353.0,3,353.0,3,1.0,82.0,0,0.0,118
2021_06_CIN_DET,CIN,202.0,0,202.0,0,1.0,36.0,1,0.0,118
2021_06_CIN_DET,DET,278.0,4,278.0,4,1.0,142.0,0,0.0,118
2021_06_DAL_NE,DAL,229.0,2,229.0,2,1.0,120.0,2,1.0,118
2021_06_DAL_NE,NE,445.0,3,445.0,3,1.0,122.0,0,1.0,118
2021_06_GB_CHI,CHI,195.0,2,195.0,2,0.0,154.0,1,0.0,118
2021_06_GB_CHI,GB,174.0,1,174.0,1,1.0,140.0,1,0.0,118
2021_06_HOU_IND,HOU,223.0,2,223.0,2,0.0,174.0,2,0.0,118
2021_06_HOU_IND,IND,243.0,0,243.0,0,2.0,124.0,0,1.0,118
2021_06_KC_WAS,KC,182.0,1,182.0,1,1.0,94.0,0,1.0,118
2021_06_KC_WAS,WAS,397.0,2,397.0,2,2.0,109.0,2,1.0,118
2021_06_LAC_BAL,BAL,195.0,1,195.0,1,1.0,26.0,0,0.0,118
2021_06_LAC_BAL,LAC,167.0,1,167.0,1,2.0,187.0,3,0.0,118
2021_06_LA_NYG,LA,242.0,0,242.0,0,3.0,60.0,1,1.0,118
2021_06_LA_NYG,NYG,251.0,4,251.0,4,2.0,131.0,1,0.0,118
2021_06_LV_DEN,DEN,341.0,2,341.0,2,0.0,86.0,2,0.0,118
2021_06_LV_DEN,LV,334.0,3,334.0,3,3.0,112.0,0,1.0,118
2021_06_MIA_JAX,JAX,354.0,2,354.0,2,1.0,77.0,0,0.0,118
2021_06_MIA_JAX,MIA,319.0,1,319.0,1,0.0,84.0,1,1.0,118
2021_06_MIN_CAR,CAR,373.0,3,373.0,3,0.0,198.0,1,1.0,118
2021_06_MIN_CAR,MIN,207.0,1,207.0,1,1.0,118.0,1,2.0,118
2021_06_SEA_PIT,PIT,209.0,1,209.0,1,0.0,144.0,1,1.0,118
2021_06_SEA_PIT,SEA,229.0,1,229.0,1,0.0,119.0,1,1.0,118
2021_06_TB_PHI,PHI,297.0,2,297.0,2,1.0,102.0,2,0.0,118
2021_06_TB_PHI,TB,115.0,1,115.0,1,1.0,100.0,2,0.0,118
2021_07_ATL_MIA,ATL,291.0,4,291.0,4,2.0,132.0,0,0.0,118
2021_07_ATL_MIA,MIA,336.0,2,336.0,2,1.0,72.0,1,1.0,119
2021_07_CAR_NYG,CAR,219.0,1,219.0,1,0.0,103.0,1,0.0,119
2021_07_CAR_NYG,NYG,145.0,0,145.0,0,1.0,56.0,0,0.0,119
2021_07_CHI_TB,CHI,226.0,4,226.0,4,0.0,182.0,1,1.0,119
2021_07_CHI_TB,TB,184.0,0,184.0,0,3.0,143.0,0,2.0,119
2021_07_CIN_BAL,BAL,416.0,3,416.0,3,1.0,111.0,2,0.0,119
2021_07_CIN_BAL,CIN,296.0,1,296.0,1,0.0,115.0,1,0.0,119
2021_07_DEN_CLE,CLE,187.0,2,187.0,2,1.0,41.0,0,0.0,119
2021_07_DEN_CLE,DEN,199.0,1,199.0,1,0.0,182.0,1,0.0,119
2021_07_DET_LA,DET,334.0,3,334.0,3,0.0,47.0,0,0.0,119
2021_07_DET_LA,LA,285.0,1,285.0,1,2.0,137.0,0,0.0,119
2021_07_HOU_ARI,ARI,135.0,0,135.0,0,0.0,42.0,0,1.0,119
2021_07_HOU_ARI,HOU,261.0,3,261.0,3,1.0,172.0,1,0.0,119
2021_07_IND_SF,IND,181.0,1,181.0,1,2.0,111.0,1,2.0,119
2021_07_IND_SF,SF,150.0,2,150.0,2,0.0,148.0,2,2.0,118
2021_07_KC_TEN,KC,275.0,2,275.0,2,1.0,103.0,1,0.0,119
2021_07_KC_TEN,TEN,288.0,0,288.0,0,1.0,77.0,0,2.0,119
2021_07_NO_SEA,NO,167.0,1,167.0,1,0.0,90.0,0,0.0,118
2021_07_NO_SEA,SEA,222.0,1,222.0,1,0.0,94.0,0,1.0,119
2021_07_NYJ_NE,NE,253.0,1,253.0,1,2.0,62.0,1,1.0,119
2021_07_NYJ_NE,NYJ,411.0,3,411.0,3,0.0,148.0,4,0.0,118
2021_07_PHI_LV,LV,236.0,2,236.0,2,0.0,135.0,1,2.0,119
2021_07_PHI_LV,PHI,323.0,2,323.0,2,1.0,119.0,2,0.0,119
2021_07_WAS_GB,GB,268.0,1,268.0,1,1.0,195.0,0,1.0,119
2021_07_WAS_GB,WAS,274.0,3,274.0,3,0.0,57.0,0,1.0,119
2021_08_CAR_ATL,ATL,129.0,0,129.0,0,0.0,203.0,1,1.0,119
2021_08_CAR_ATL,CAR,146.0,1,146.0,1,2.0,82.0,0,0.0,120
2021_08_CIN_NYJ,CIN,422.0,3,422.0,3,2.0,97.0,1,1.0,120
2021_08_CIN_NYJ,NYJ,305.0,3,305.0,3,1.0,41.0,1,0.0,119
2021_08_DAL_MIN,DAL,184.0,1,184.0,1,0.0,101.0,0,0.0,119
2021_08_DAL_MIN,MIN,360.0,2,360.0,2,1.0,78.0,0,1.0,119
2021_08_GB_ARI,ARI,184.0,2,184.0,2,0.0,151.0,1,0.0,120
2021_08_GB_ARI,GB,274.0,0,274.0,0,2.0,74.0,3,0.0,120
2021_08_JAX_SEA,JAX,195.0,2,195.0,2,0.0,69.0,1,0.0,119
2021_08_JAX_SEA,SEA,238.0,1,238.0,1,1.0,82.0,0,0.0,120
2021_08_LA_HOU,HOU,310.0,3,310.0,3,0.0,165.0,2,0.0,120
2021_08_LA_HOU,LA,310.0,2,310.0,2,1.0,44.0,1,0.0,120
2021_08_MIA_BUF,BUF,205.0,0,205.0,0,1.0,68.0,1,0.0,119
2021_08_MIA_BUF,MIA,249.0,2,249.0,2,0.0,102.0,1,0.0,120
2021_08_NE_LAC,LAC,217.0,0,217.0,0,0.0,142.0,1,1.0,119
2021_08_NE_LAC,NE,223.0,2,223.0,2,2.0,163.0,1,0.0,120
2021_08_NYG_KC,KC,241.0,2,241.0,2,1.0,72.0,0,0.0,120
2021_08_NYG_KC,NYG,275.0,1,275.0,1,1.0,107.0,1,1.0,120
2021_08_PHI_DET,DET,114.0,0,114.0,0,0.0,236.0,4,0.0,120
2021_08_PHI_DET,PHI,222.0,0,222.0,0,0.0,57.0,1,1.0,120
2021_08_PIT_CLE,CLE,266.0,1,266.0,1,0.0,115.0,1,0.0,120
2021_08_PIT_CLE,PIT,225.0,0,225.0,0,0.0,96.0,1,1.0,119
2021_08_SF_CHI,CHI,322.0,0,322.0,0,0.0,145.0,3,0.0,120
2021_08_SF_CHI,SF,175.0,1,175.0,1,1.0,176.0,1,0.0,119
2021_08_TB_NO,NO,375.0,4,375.0,4,2.0,71.0,0,1.0,119
2021_08_TB_NO,TB,215.0,2,215.0,2,0.0,152.0,1,0.0,120
2021_08_TEN_IND,IND,265.0,3,265.0,3,2.0,93.0,0,0.0,120
2021_08_TEN_IND,TEN,231.0,3,231.0,3,2.0,83.0,1,0.0,120
2021_08_WAS_DEN,DEN,270.0,1,270.0,1,2.0,112.0,0,0.0,120
2021_08_WAS_DEN,WAS,213.0,1,213.0,1,0.0,83.0,1,1.0,120
2021_09_ARI_SF,ARI,326.0,2,326.0,2,1.0,39.0,0,2.0,121
2021_09_ARI_SF,SF,282.0,1,282.0,1,0.0,163.0,3,0.0,120
2021_09_ATL_NO,ATL,282.0,2,282.0,2,0.0,109.0,1,1.0,120
2021_09_ATL_NO,NO,343.0,2,343.0,2,0.0,34.0,1,0.0,120
2021_09_BUF_JAX,BUF,151.0,0,151.0,0,0.0,79.0,0,1.0,120
2021_09_BUF_JAX,JAX,264.0,0,264.0,0,2.0,72.0,0,1.0,120
2021_09_CHI_PIT,CHI,205.0,2,205.0,2,0.0,105.0,1,0.0,121
2021_09_CHI_PIT,PIT,291.0,1,291.0,1,1.0,136.0,1,0.0,120
2021_09_CLE_CIN,CIN,218.0,2,218.0,2,0.0,153.0,2,0.0,121
2021_09_CLE_CIN,CLE,288.0,0,288.0,0,2.0,85.0,2,1.0,121
2021_09_DEN_DAL,DAL,249.0,1,249.0,1,0.0,190.0,2,0.0,120
2021_09_DEN_DAL,DEN,232.0,2,232.0,2,1.0,78.0,0,0.0,121
2021_09_GB_KC,GB,166.0,1,166.0,1,0.0,77.0,0,0.0,121
2021_09_GB_KC,KC,190.0,1,190.0,1,1.0,122.0,0,0.0,121
2021_09_HOU_MIA,HOU,244.0,1,244.0,1,2.0,47.0,1,2.0,121
2021_09_HOU_MIA,MIA,240.0,0,240.0,0,3.0,73.0,0,1.0,121
2021_09_LAC_PHI,LAC,162.0,1,162.0,1,0.0,176.0,2,0.0,120
2021_09_LAC_PHI,PHI,356.0,2,356.0,2,0.0,89.0,1,0.0,121
2021_09_LV_NYG,LV,110.0,1,110.0,1,0.0,149.0,0,1.0,120
2021_09_LV_NYG,NYG,296.0,1,296.0,1,2.0,117.0,0,1.0,121
2021_09_MIN_BAL,BAL,187.0,2,187.0,2,0.0,131.0,1,0.0,120
2021_09_MIN_BAL,MIN,266.0,3,266.0,3,2.0,247.0,1,0.0,120
2021_09_NE_CAR,CAR,139.0,1,139.0,1,1.0,151.0,1,1.0,121
2021_09_NE_CAR,NE,172.0,0,172.0,0,3.0,78.0,0,0.0,121
2021_09_NYJ_IND,IND,412.0,4,412.0,4,1.0,88.0,0,1.0,121
2021_09_NYJ_IND,NYJ,272.0,3,272.0,3,0.0,260.0,3,0.0,120
2021_09_TEN_LA,LA,143.0,1,143.0,1,1.0,69.0,2,0.0,121
2021_09_TEN_LA,TEN,294.0,1,294.0,1,2.0,94.0,0,0.0,121
2021_10_ATL_DAL,ATL,317.0,2,317.0,2,0.0,114.0,3,1.0,121
2021_10_ATL_DAL,DAL,131.0,0,131.0,0,3.0,103.0,0,0.0,121
2021_10_BAL_MIA,BAL,314.0,0,314.0,0,0.0,60.0,1,0.0,121
2021_10_BAL_MIA,MIA,238.0,1,238.0,1,1.0,94.0,0,1.0,122
2021_10_BUF_NYJ,BUF,298.0,1,298.0,1,4.0,70.0,1,1.0,121
2021_10_BUF_NYJ,NYJ,366.0,2,366.0,2,1.0,139.0,4,1.0,121
2021_10_CAR_ARI,ARI,175.0,1,175.0,1,1.0,166.0,2,1.0,122
2021_10_CAR_ARI,CAR,143.0,0,143.0,0,1.0,65.0,1,1.0,122
2021_10_CLE_NE,CLE,283.0,4,283.0,4,0.0,184.0,2,0.0,122
2021_10_CLE_NE,NE,154.0,1,154.0,1,1.0,99.0,0,0.0,122
2021_10_DET_PIT,DET,242.0,1,242.0,1,1.0,145.0,0,2.0,121
2021_10_DET_PIT,PIT,114.0,0,114.0,0,0.0,229.0,2,0.0,121
2021_10_JAX_IND,IND,162.0,0,162.0,0,0.0,179.0,2,1.0,122
2021_10_JAX_IND,JAX,180.0,0,180.0,0,0.0,127.0,1,0.0,121
2021_10_KC_LV,KC,261.0,2,261.0,2,1.0,50.0,0,1.0,122
2021_10_KC_LV,LV,422.0,5,422.0,5,0.0,94.0,0,0.0,121
2021_10_LA_SF,LA,182.0,2,182.0,2,0.0,156.0,1,0.0,122
2021_10_LA_SF,SF,245.0,1,245.0,1,2.0,52.0,0,0.0,121
2021_10_MIN_LAC,LAC,294.0,2,294.0,2,0.0,103.0,1,1.0,121
2021_10_MIN_LAC,MIN,195.0,1,195.0,1,1.0,82.0,1,0.0,121
2021_10_NO_TEN,NO,213.0,1,213.0,1,0.0,66.0,1,0.0,121
2021_10_NO_TEN,TEN,309.0,2,309.0,2,0.0,86.0,1,0.0,122
2021_10_PHI_DEN,DEN,178.0,2,178.0,2,1.0,216.0,0,0.0,122
2021_10_PHI_DEN,PHI,226.0,0,226.0,0,0.0,96.0,1,1.0,122
2021_10_SEA_GB,GB,161.0,0,161.0,0,2.0,75.0,0,0.0,122
2021_10_SEA_GB,SEA,292.0,0,292.0,0,1.0,106.0,2,0.0,121
2021_10_TB_WAS,TB,256.0,1,256.0,1,0.0,94.0,2,1.0,121
2021_10_TB_WAS,WAS,220.0,2,220.0,2,2.0,53.0,0,0.0,121
2021_11_ARI_SEA,ARI,207.0,0,207.0,0,0.0,86.0,1,0.0,123
2021_11_ARI_SEA,SEA,328.0,2,328.0,2,0.0,95.0,1,0.0,122
2021_11_BAL_CHI,BAL,280.0,2,280.0,2,0.0,92.0,0,1.0,122
2021_11_BAL_CHI,CHI,219.0,0,219.0,0,1.0,123.0,1,0.0,122
2021_11_CIN_LV,CIN,215.0,1,215.0,1,1.0,72.0,0,1.0,122
2021_11_CIN_LV,LV,148.0,1,148.0,1,0.0,159.0,2,1.0,122
2021_11_DAL_KC,DAL,260.0,0,260.0,0,1.0,126.0,2,1.0,122
2021_11_DAL_KC,KC,216.0,0,216.0,0,2.0,82.0,0,1.0,123
2021_11_DET_CLE,CLE,77.0,0,77.0,0,2.0,168.0,1,0.0,123
2021_11_DET_CLE,DET,176.0,1,176.0,1,2.0,184.0,1,0.0,122
2021_11_GB_MIN,GB,341.0,3,341.0,3,0.0,90.0,1,0.0,123
2021_11_GB_MIN,MIN,385.0,4,385.0,4,0.0,95.0,0,0.0,122
2021_11_HOU_TEN,HOU,323.0,1,323.0,2,4.0,103.0,0,0.0,122
2021_11_HOU_TEN,TEN,107.0,0,107.0,0,0.0,83.0,2,0.0,123
2021_11_IND_BUF,BUF,106.0,1,106.0,1,0.0,264.0,4,0.0,122
2021_11_IND_BUF,IND,228.0,2,228.0,2,3.0,91.0,0,0.0,123
2021_11_MIA_NYJ,MIA,291.0,2,291.0,2,0.0,102.0,0,1.0,123
2021_11_MIA_NYJ,NYJ,273.0,2,273.0,2,1.0,115.0,1,0.0,122
2021_11_NE_ATL,ATL,207.0,1,207.0,1,1.0,134.0,0,0.0,122
2021_11_NE_ATL,NE,158.0,0,158.0,0,4.0,40.0,0,0.0,123
2021_11_NO_PHI,NO,147.0,0,147.0,0,0.0,242.0,3,1.0,122
2021_11_NO_PHI,PHI,214.0,3,214.0,3,2.0,109.0,1,1.0,123
2021_11_NYG_TB,NYG,318.0,2,318.0,2,1.0,94.0,1,0.0,122
2021_11_NYG_TB,TB,167.0,1,167.0,1,2.0,66.0,0,1.0,122
2021_11_PIT_LAC,LAC,273.0,3,273.0,3,0.0,55.0,1,0.0,122
2021_11_PIT_LAC,PIT,382.0,3,382.0,3,1.0,159.0,2,0.0,122
2021_11_SF_JAX,JAX,176.0,2,176.0,2,0.0,171.0,1,0.0,122
2021_11_SF_JAX,SF,158.0,0,158.0,0,0.0,54.0,1,1.0,122
2021_11_WAS_CAR,CAR,206.0,3,206.0,3,0.0,190.0,0,1.0,123
2021_11_WAS_CAR,WAS,189.0,2,189.0,2,0.0,111.0,1,0.0,122
2021_12_ATL_JAX,ATL,228.0,1,228.0,1,1.0,141.0,0,1.0,123
2021_12_ATL_JAX,JAX,190.0,1,190.0,1,1.0,149.0,2,0.0,123
2021_12_BUF_NO,BUF,163.0,1,163.0,1,1.0,44.0,0,0.0,123
2021_12_BUF_NO,NO,260.0,4,260.0,4,2.0,113.0,0,0.0,123
2021_12_CAR_MIA,CAR,230.0,1,230.0,1,0.0,111.0,2,0.0,124
2021_12_CAR_MIA,MIA,179.0,0,179.0,0,3.0,64.0,1,0.0,124
2021_12_CHI_DET,CHI,171.0,2,171.0,2,0.0,76.0,0,1.0,123
2021_12_CHI_DET,DET,317.0,1,317.0,1,1.0,68.0,0,0.0,123
2021_12_CLE_BAL,BAL,247.0,1,247.0,1,0.0,40.0,0,2.0,123
2021_12_CLE_BAL,CLE,165.0,1,165.0,1,4.0,148.0,0,0.0,124
2021_12_LAC_DEN,DEN,303.0,2,303.0,2,2.0,72.0,0,0.0,123
2021_12_LAC_DEN,LAC,155.0,1,155.0,1,1.0,147.0,2,0.0,123
2021_12_LA_GB,GB,302.0,3,302.0,3,1.0,68.0,0,1.0,124
2021_12_LA_GB,LA,307.0,2,307.0,2,0.0,92.0,1,0.0,123
2021_12_LV_DAL,DAL,373.0,1,373.0,1,0.0,143.0,2,0.0,123
2021_12_LV_DAL,LV,375.0,2,375.0,2,0.0,64.0,1,0.0,123
2021_12_MIN_SF,MIN,230.0,1,230.0,1,1.0,208.0,3,0.0,123
2021_12_MIN_SF,SF,262.0,2,262.0,2,1.0,67.0,1,1.0,123
2021_12_NYJ_HOU,HOU,145.0,0,145.0,0,1.0,157.0,2,0.0,123
2021_12_NYJ_HOU,NYJ,158.0,2,158.0,2,1.0,96.0,0,0.0,123
2021_12_PHI_NYG,NYG,129.0,0,129.0,0,3.0,208.0,1,1.0,123
2021_12_PHI_NYG,PHI,202.0,1,202.0,1,0.0,70.0,0,0.0,124
2021_12_PIT_CIN,CIN,263.0,1,263.0,1,2.0,51.0,0,1.0,123
2021_12_PIT_CIN,PIT,190.0,1,190.0,1,1.0,198.0,3,0.0,123
2021_12_SEA_WAS,SEA,223.0,1,223.0,1,1.0,152.0,1,0.0,123
2021_12_SEA_WAS,WAS,247.0,2,247.0,2,0.0,34.0,0,1.0,123
2021_12_TB_IND,IND,226.0,1,226.0,1,1.0,142.0,4,1.0,124
2021_12_TB_IND,TB,306.0,3,306.0,3,2.0,107.0,1,2.0,123
2021_12_TEN_NE,NE,93.0,1,93.0,1,1.0,270.0,1,3.0,124
2021_12_TEN_NE,TEN,310.0,2,310.0,2,0.0,105.0,1,0.0,124
2021_13_ARI_CHI,ARI,229.0,2,229.0,2,4.0,112.0,1,0.0,124
2021_13_ARI_CHI,CHI,123.0,2,123.0,2,0.0,137.0,2,0.0,124
2021_13_BAL_PIT,BAL,236.0,2,236.0,2,0.0,85.0,0,0.0,124
2021_13_BAL_PIT,PIT,253.0,1,253.0,1,1.0,107.0,1,0.0,124
2021_13_DAL_NO,DAL,264.0,2,264.0,2,4.0,153.0,0,0.0,124
2021_13_DAL_NO,NO,238.0,1,238.0,1,1.0,146.0,1,0.0,124
2021_13_DEN_KC,DEN,184.0,0,184.0,0,1.0,89.0,1,0.0,124
2021_13_DEN_KC,KC,257.0,1,257.0,1,2.0,154.0,0,0.0,124
2021_13_IND_HOU,HOU,158.0,1,158.0,1,0.0,238.0,3,1.0,124
2021_13_IND_HOU,IND,94.0,0,94.0,0,1.0,84.0,0,1.0,125
2021_13_JAX_LA,JAX,295.0,3,295.0,3,0.0,128.0,1,0.0,124
2021_13_JAX_LA,LA,145.0,0,145.0,0,0.0,61.0,1,2.0,124
2021_13_LAC_CIN,CIN,317.0,3,317.0,3,1.0,79.0,1,2.0,124
2021_13_LAC_CIN,LAC,300.0,1,300.0,1,2.0,96.0,2,2.0,124
2021_13_MIN_DET,DET,340.0,2,340.0,2,0.0,100.0,1,1.0,124
2021_13_MIN_DET,MIN,296.0,3,296.0,3,1.0,100.0,0,1.0,124
2021_13_NE_BUF,BUF,19.0,0,19.0,0,0.0,222.0,1,0.0,124
2021_13_NE_BUF,NE,145.0,1,145.0,1,0.0,99.0,0,1.0,125
2021_13_NYG_MIA,MIA,187.0,0,187.0,0,1.0,91.0,0,0.0,125
2021_13_NYG_MIA,NYG,244.0,2,244.0,2,0.0,68.0,0,0.0,124
2021_13_PHI_NYJ,NYJ,242.0,2,242.0,2,0.0,185.0,1,0.0,124
2021_13_PHI_NYJ,PHI,226.0,2,226.0,2,1.0,70.0,1,0.0,125
2021_13_SF_SEA,SEA,299.0,2,299.0,2,2.0,71.0,1,0.0,124
2021_13_SF_SEA,SF,231.0,2,231.0,2,1.0,146.0,2,2.0,124
2021_13_TB_ATL,ATL,368.0,4,368.0,4,1.0,57.0,0,0.0,124
2021_13_TB_ATL,TB,297.0,0,297.0,0,0.0,121.0,1,1.0,124
2021_13_WAS_LV,LV,196.0,2,196.0,2,1.0,112.0,0,0.0,124
2021_13_WAS_LV,WAS,249.0,0,249.0,0,0.0,76.0,1,0.0,124
2021_14_ATL_CAR,ATL,253.0,1,253.0,1,2.0,91.0,2,1.0,125
2021_14_ATL_CAR,CAR,190.0,1,190.0,1,0.0,128.0,1,1.0,125
2021_14_BAL_CLE,BAL,190.0,2,190.0,2,1.0,100.0,0,0.0,125
2021_14_BAL_CLE,CLE,287.0,1,287.0,1,0.0,118.0,1,2.0,125
2021_14_BUF_TB,BUF,363.0,2,363.0,2,0.0,137.0,2,0.0,125
2021_14_BUF_TB,TB,308.0,2,308.0,2,1.0,173.0,1,0.0,125
2021_14_CHI_GB,CHI,341.0,4,341.0,4,0.0,119.0,1,0.0,125
2021_14_CHI_GB,GB,224.0,2,224.0,2,2.0,137.0,0,1.0,125
2021_14_DAL_WAS,DAL,175.0,1,175.0,1,1.0,100.0,1,3.0,125
2021_14_DAL_WAS,WAS,211.0,1,211.0,1,2.0,122.0,0,0.0,125
2021_14_DET_DEN,DEN,215.0,1,215.0,1,1.0,118.0,0,1.0,125
2021_14_DET_DEN,DET,179.0,2,179.0,2,0.0,184.0,3,0.0,125
2021_14_JAX_TEN,JAX,191.0,0,191.0,0,0.0,102.0,2,0.0,125
2021_14_JAX_TEN,TEN,221.0,0,221.0,0,4.0,8.0,0,0.0,125
2021_14_LA_ARI,ARI,287.0,3,287.0,3,0.0,89.0,0,0.0,125
2021_14_LA_ARI,LA,383.0,0,383.0,0,2.0,103.0,2,0.0,125
2021_14_LV_KC,KC,263.0,1,263.0,1,1.0,44.0,0,4.0,125
2021_14_LV_KC,LV,258.0,2,258.0,2,0.0,132.0,3,0.0,125
2021_14_NO_NYJ,NO,202.0,0,202.0,0,0.0,78.0,0,0.0,125
2021_14_NO_NYJ,NYJ,175.0,0,175.0,0,0.0,203.0,3,0.0,125
2021_14_NYG_LAC,LAC,191.0,2,191.0,2,1.0,135.0,1,1.0,125
2021_14_NYG_LAC,NYG,275.0,3,275.0,3,0.0,152.0,1,0.0,125
2021_14_PIT_MIN,MIN,308.0,3,308.0,3,1.0,106.0,1,0.0,125
2021_14_PIT_MIN,PIT,216.0,2,216.0,2,2.0,242.0,2,0.0,125
2021_14_SEA_HOU,HOU,260.0,2,260.0,2,0.0,193.0,2,0.0,125
2021_14_SEA_HOU,SEA,331.0,1,331.0,1,0.0,63.0,0,0.0,125
2021_14_SF_CIN,CIN,296.0,2,296.0,2,0.0,100.0,1,0.0,125
2021_14_SF_CIN,SF,348.0,2,348.0,2,0.0,86.0,0,0.0,125
2021_15_ARI_DET,ARI,216.0,3,216.0,3,0.0,126.0,0,1.0,126
2021_15_ARI_DET,DET,313.0,1,313.0,1,1.0,105.0,0,0.0,126
2021_15_ATL_SF,ATL,235.0,1,235.0,1,0.0,162.0,3,0.0,126
2021_15_ATL_SF,SF,236.0,1,236.0,1,0.0,62.0,0,1.0,126
2021_15_CAR_BUF,BUF,156.0,1,156.0,1,1.0,151.0,1,0.0,126
2021_15_CAR_BUF,CAR,210.0,3,210.0,3,1.0,119.0,1,0.0,126
2021_15_CIN_DEN,CIN,186.0,1,186.0,1,0.0,133.0,0,1.0,126
2021_15_CIN_DEN,DEN,157.0,1,157.0,1,0.0,113.0,0,0.0,126
2021_15_DAL_NYG,DAL,181.0,0,181.0,0,3.0,124.0,0,1.0,126
2021_15_DAL_NYG,NYG,217.0,1,217.0,1,0.0,125.0,1,1.0,126
2021_15_GB_BAL,BAL,268.0,3,268.0,3,0.0,96.0,1,0.0,126
2021_15_GB_BAL,GB,215.0,2,215.0,2,0.0,143.0,2,0.0,126
2021_15_HOU_JAX,HOU,210.0,0,210.0,0,0.0,107.0,1,0.0,126
2021_15_HOU_JAX,JAX,209.0,2,209.0,2,1.0,75.0,0,0.0,126
2021_15_KC_LAC,KC,236.0,2,236.0,2,1.0,192.0,2,1.0,126
2021_15_KC_LAC,LAC,410.0,3,410.0,3,1.0,86.0,1,1.0,126
2021_15_LV_CLE,CLE,236.0,1,236.0,1,1.0,98.0,0,1.0,126
2021_15_LV_CLE,LV,147.0,1,147.0,1,0.0,89.0,1,0.0,126
2021_15_MIN_CHI,CHI,87.0,2,87.0,2,1.0,132.0,0,0.0,126
2021_15_MIN_CHI,MIN,285.0,1,285.0,1,0.0,115.0,0,2.0,126
2021_15_NE_IND,IND,299.0,2,299.0,2,2.0,81.0,0,0.0,126
2021_15_NE_IND,NE,57.0,1,57.0,1,1.0,226.0,1,0.0,126
2021_15_NO_TB,NO,214.0,0,214.0,0,1.0,118.0,0,1.0,126
2021_15_NO_TB,TB,154.0,0,154.0,0,0.0,61.0,0,0.0,126
2021_15_NYJ_MIA,MIA,170.0,0,170.0,0,0.0,102.0,2,1.0,126
2021_15_NYJ_MIA,NYJ,196.0,2,196.0,2,2.0,183.0,2,1.0,126
2021_15_SEA_LA,LA,156.0,0,156.0,0,1.0,80.0,1,0.0,126
2021_15_SEA_LA,SEA,244.0,2,244.0,2,1.0,123.0,0,0.0,126
2021_15_TEN_PIT,PIT,153.0,0,153.0,0,1.0,201.0,1,3.0,126
2021_15_TEN_PIT,TEN,148.0,0,148.0,0,0.0,35.0,1,0.0,126
2021_15_WAS_PHI,PHI,194.0,0,194.0,0,0.0,63.0,2,0.0,126
2021_15_WAS_PHI,WAS,296.0,1,296.0,1,1.0,238.0,2,1.0,126
2021_16_BAL_CIN,BAL,525.0,4,525.0,4,0.0,77.0,1,0.0,127
2021_16_BAL_CIN,CIN,304.0,2,304.0,2,1.0,39.0,1,0.0,127
2021_16_BUF_NE,BUF,145.0,0,145.0,0,2.0,149.0,3,0.0,127
2021_16_BUF_NE,NE,314.0,3,314.0,3,0.0,114.0,1,0.0,127
2021_16_CHI_SEA,CHI,181.0,2,181.0,2,0.0,170.0,1,0.0,127
2021_16_CHI_SEA,SEA,250.0,1,250.0,1,0.0,88.0,2,0.0,127
2021_16_CLE_GB,CLE,202.0,3,202.0,3,0.0,109.0,0,0.0,127
2021_16_CLE_GB,GB,222.0,2,222.0,2,4.0,219.0,1,0.0,127
2021_16_DEN_LV,DEN,201.0,1,201.0,1,1.0,160.0,1,2.0,127
2021_16_DEN_LV,LV,153.0,0,153.0,0,0.0,18.0,1,0.0,127
2021_16_DET_ATL,ATL,208.0,1,208.0,1,1.0,130.0,0,0.0,127
2021_16_DET_ATL,DET,215.0,1,215.0,1,0.0,47.0,1,1.0,127
2021_16_IND_ARI,ARI,225.0,2,225.0,2,0.0,126.0,0,0.0,127
2021_16_IND_ARI,IND,238.0,1,245.0,1,0.0,133.0,1,0.0,127
2021_16_JAX_NYJ,JAX,102.0,1,102.0,1,0.0,273.0,1,0.0,127
2021_16_JAX_NYJ,NYJ,280.0,0,280.0,0,0.0,132.0,1,1.0,127
2021_16_LAC_HOU,HOU,336.0,1,336.0,1,2.0,89.0,2,1.0,127
2021_16_LAC_HOU,LAC,254.0,2,254.0,2,0.0,189.0,2,0.0,127
2021_16_LA_MIN,LA,315.0,1,315.0,1,1.0,66.0,1,0.0,127
2021_16_LA_MIN,MIN,197.0,1,197.0,1,3.0,159.0,1,0.0,127
2021_16_MIA_NO,MIA,135.0,0,135.0,0,2.0,83.0,0,0.0,127
2021_16_MIA_NO,NO,198.0,1,198.0,1,1.0,86.0,0,0.0,127
2021_16_NYG_PHI,NYG,199.0,2,199.0,2,0.0,130.0,1,0.0,127
2021_16_NYG_PHI,PHI,118.0,1,118.0,1,2.0,84.0,0,0.0,127
2021_16_PIT_KC,KC,194.0,1,194.0,1,1.0,130.0,0,2.0,127
2021_16_PIT_KC,PIT,258.0,3,258.0,3,0.0,127.0,1,0.0,127
2021_16_SF_TEN,SF,209.0,1,209.0,1,0.0,90.0,1,0.0,127
2021_16_SF_TEN,TEN,322.0,1,322.0,1,2.0,83.0,1,0.0,127
2021_16_TB_CAR,CAR,232.0,1,232.0,1,0.0,159.0,2,0.0,127
2021_16_TB_CAR,TB,251.0,0,251.0,0,1.0,67.0,0,0.0,127
2021_16_WAS_DAL,DAL,188.0,2,188.0,2,2.0,85.0,0,0.0,127
2021_16_WAS_DAL,WAS,400.0,5,400.0,5,0.0,108.0,1,0.0,127
2021_17_ARI_DAL,ARI,257.0,3,257.0,3,0.0,45.0,0,1.0,128
2021_17_ARI_DAL,DAL,286.0,2,286.0,2,0.0,127.0,0,0.0,128
2021_17_ATL_BUF,ATL,120.0,0,120.0,0,3.0,233.0,4,0.0,128
2021_17_ATL_BUF,BUF,197.0,0,197.0,0,0.0,96.0,1,1.0,128
2021_17_CAR_NO,CAR,222.0,1,222.0,1,0.0,73.0,0,0.0,128
2021_17_CAR_NO,NO,132.0,0,132.0,0,1.0,88.0,1,1.0,128
2021_17_CLE_PIT,CLE,123.0,1,123.0,1,1.0,190.0,1,0.0,128
2021_17_CLE_PIT,PIT,185.0,2,185.0,2,2.0,93.0,0,0.0,128
2021_17_DEN_LAC,DEN,237.0,2,237.0,2,0.0,104.0,1,0.0,128
2021_17_DEN_LAC,LAC,246.0,1,246.0,1,0.0,83.0,0,0.0,128
2021_17_DET_SEA,DET,236.0,4,236.0,4,0.0,265.0,2,0.0,128
2021_17_DET_SEA,SEA,262.0,2,262.0,2,3.0,95.0,2,0.0,128
2021_17_HOU_SF,HOU,249.0,2,249.0,2,1.0,175.0,0,0.0,128
2021_17_HOU_SF,SF,163.0,1,163.0,1,1.0,86.0,0,0.0,128
2021_17_JAX_NE,JAX,290.0,3,290.0,3,0.0,181.0,4,0.0,128
2021_17_JAX_NE,NE,193.0,1,193.0,1,3.0,80.0,0,0.0,128
2021_17_KC_CIN,CIN,259.0,2,259.0,2,0.0,155.0,2,0.0,128
2021_17_KC_CIN,KC,446.0,4,446.0,4,0.0,60.0,0,0.0,128
2021_17_LA_BAL,BAL,309.0,2,309.0,2,2.0,73.0,1,1.0,128
2021_17_LA_BAL,LA,197.0,0,197.0,0,1.0,165.0,0,1.0,128
2021_17_LV_IND,IND,255.0,1,255.0,1,2.0,85.0,1,0.0,128
2021_17_LV_IND,LV,148.0,1,148.0,1,0.0,122.0,1,0.0,128
2021_17_MIA_TEN,MIA,120.0,2,120.0,2,0.0,198.0,2,0.0,128
2021_17_MIA_TEN,TEN,205.0,0,205.0,0,1.0,74.0,0,1.0,128
2021_17_MIN_GB,GB,194.0,1,194.0,1,0.0,27.0,0,0.0,128
2021_17_MIN_GB,MIN,307.0,2,307.0,2,0.0,174.0,2,0.0,128
2021_17_NYG_CHI,CHI,24.0,0,24.0,0,2.0,161.0,0,2.0,128
2021_17_NYG_CHI,NYG,173.0,1,173.0,1,2.0,87.0,2,0.0,128
2021_17_PHI_WAS,PHI,247.0,0,247.0,0,1.0,94.0,1,0.0,128
2021_17_PHI_WAS,WAS,214.0,0,214.0,0,0.0,118.0,2,0.0,128
2021_17_TB_NYJ,NYJ,410.0,3,410.0,3,1.0,62.0,0,0.0,128
2021_17_TB_NYJ,TB,234.0,1,234.0,1,0.0,150.0,2,1.0,128
2021_18_CAR_TB,CAR,326.0,3,326.0,3,0.0,85.0,2,0.0,129
2021_18_CAR_TB,TB,219.0,2,219.0,2,1.0,110.0,0,1.0,129
2021_18_CHI_MIN,CHI,250.0,3,250.0,3,0.0,104.0,0,0.0,129
2021_18_CHI_MIN,MIN,325.0,1,325.0,1,2.0,90.0,0,0.0,129
2021_18_CIN_CLE,CIN,176.0,2,176.0,2,1.0,205.0,1,1.0,129
2021_18_CIN_CLE,CLE,136.0,1,136.0,1,0.0,79.0,0,0.0,129
2021_18_DAL_PHI,DAL,188.0,2,188.0,2,1.0,149.0,1,0.0,129
2021_18_DAL_PHI,PHI,305.0,5,305.0,5,0.0,171.0,2,0.0,129
2021_18_GB_DET,DET,272.0,3,272.0,3,2.0,122.0,1,1.0,129
2021_18_GB_DET,GB,313.0,3,313.0,3,0.0,99.0,1,0.0,129
2021_18_IND_JAX,IND,223.0,2,223.0,2,0.0,101.0,0,0.0,129
2021_18_IND_JAX,JAX,185.0,1,185.0,1,1.0,94.0,0,1.0,129
2021_18_KC_DEN,DEN,270.0,2,270.0,2,0.0,135.0,0,0.0,129
2021_18_KC_DEN,KC,178.0,0,178.0,0,0.0,191.0,3,1.0,129
2021_18_LAC_LV,LAC,190.0,2,190.0,2,0.0,174.0,1,0.0,129
2021_18_LAC_LV,LV,383.0,3,383.0,3,1.0,85.0,1,0.0,129
2021_18_NE_MIA,MIA,261.0,1,261.0,1,1.0,134.0,2,2.0,129
2021_18_NE_MIA,NE,109.0,1,109.0,1,0.0,195.0,1,0.0,129
2021_18_NO_ATL,ATL,178.0,3,178.0,3,0.0,195.0,0,0.0,129
2021_18_NO_ATL,NO,216.0,1,216.0,1,1.0,62.0,1,2.0,129
2021_18_NYJ_BUF,BUF,87.0,1,87.0,1,0.0,48.0,0,0.0,129
2021_18_NYJ_BUF,NYJ,254.0,2,254.0,2,0.0,166.0,1,0.0,129
2021_18_PIT_BAL,BAL,244.0,1,244.0,1,1.0,79.0,0,0.0,129
2021_18_PIT_BAL,PIT,141.0,0,141.0,0,2.0,249.0,1,0.0,129
2021_18_SEA_ARI,ARI,238.0,3,238.0,3,1.0,202.0,2,1.0,129
2021_18_SEA_ARI,SEA,240.0,1,240.0,1,0.0,118.0,1,0.0,129
2021_18_SF_LA,LA,340.0,2,340.0,2,2.0,135.0,1,0.0,129
2021_18_SF_LA,SF,238.0,3,238.0,3,2.0,64.0,0,0.0,129
2021_18_TEN_HOU,HOU,287.0,4,287.0,4,0.0,124.0,0,0.0,129
2021_18_TEN_HOU,TEN,301.0,3,301.0,3,0.0,64.0,0,0.0,129
2021_18_WAS_NYG,NYG,120.0,0,120.0,0,0.0,226.0,1,0.0,129
2021_18_WAS_NYG,WAS,103.0,1,103.0,1,2.0,94.0,0,1.0,129
2022_01_BAL_NYJ,BAL,309.0,1,309.0,1,1.0,83.0,0,1.0,130
2022_01_BAL_NYJ,NYJ,213.0,3,213.0,3,1.0,63.0,0,0.0,130
2022_01_BUF_LA,BUF,240.0,1,240.0,1,3.0,52.0,0,0.0,130
2022_01_BUF_LA,LA,297.0,3,297.0,3,2.0,121.0,1,2.0,130
2022_01_CLE_CAR,CAR,147.0,1,147.0,1,0.0,217.0,1,0.0,130
2022_01_CLE_CAR,CLE,235.0,1,235.0,1,1.0,54.0,2,0.0,130
2022_01_DEN_SEA,DEN,195.0,2,195.0,2,0.0,76.0,0,1.0,130
2022_01_DEN_SEA,SEA,340.0,1,340.0,1,0.0,103.0,0,2.0,130
2022_01_GB_MIN,GB,277.0,2,277.0,2,0.0,126.0,0,0.0,130
2022_01_GB_MIN,MIN,260.0,0,260.0,0,1.0,111.0,1,1.0,130
2022_01_IND_HOU,HOU,352.0,1,352.0,1,1.0,177.0,1,1.0,130
2022_01_IND_HOU,IND,240.0,2,240.0,2,0.0,77.0,0,1.0,130
2022_01_JAX_WAS,JAX,313.0,4,313.0,4,2.0,85.0,0,1.0,130
2022_01_JAX_WAS,WAS,275.0,1,275.0,1,1.0,123.0,1,0.0,130
2022_01_KC_ARI,ARI,360.0,5,360.0,5,0.0,128.0,1,1.0,130
2022_01_KC_ARI,KC,205.0,2,205.0,2,0.0,103.0,1,0.0,130
2022_01_LV_LAC,LAC,295.0,2,295.0,2,3.0,64.0,0,0.0,130
2022_01_LV_LAC,LV,279.0,3,279.0,3,0.0,76.0,0,0.0,130
2022_01_NE_MIA,MIA,213.0,1,213.0,1,1.0,78.0,0,2.0,130
2022_01_NE_MIA,NE,270.0,1,270.0,1,0.0,65.0,0,0.0,130
2022_01_NO_ATL,ATL,269.0,2,269.0,2,0.0,151.0,1,1.0,130
2022_01_NO_ATL,NO,215.0,0,215.0,0,0.0,201.0,2,2.0,130
2022_01_NYG_TEN,NYG,266.0,2,266.0,2,0.0,93.0,0,0.0,130
2022_01_NYG_TEN,TEN,188.0,2,188.0,2,1.0,238.0,1,1.0,130
2022_01_PHI_DET,DET,243.0,0,243.0,0,0.0,216.0,4,0.0,130
2022_01_PHI_DET,PHI,215.0,2,215.0,2,1.0,181.0,3,0.0,130
2022_01_PIT_CIN,CIN,194.0,1,194.0,1,0.0,75.0,0,0.0,130
2022_01_PIT_CIN,PIT,338.0,2,338.0,2,4.0,133.0,0,1.0,130
2022_01_SF_CHI,CHI,164.0,0,164.0,0,1.0,176.0,1,1.0,130
2022_01_SF_CHI,SF,121.0,2,121.0,2,1.0,99.0,1,0.0,130
2022_01_TB_DAL,DAL,212.0,1,212.0,1,1.0,152.0,0,0.0,130
2022_01_TB_DAL,TB,198.0,0,198.0,0,1.0,71.0,0,0.0,130
2022_02_ARI_LV,ARI,252.0,2,252.0,2,0.0,80.0,0,1.0,131
2022_02_ARI_LV,LV,277.0,1,277.0,1,1.0,143.0,2,0.0,131
2022_02_ATL_LA,ATL,272.0,3,272.0,3,2.0,65.0,1,1.0,131
2022_02_ATL_LA,LA,196.0,2,196.0,2,2.0,90.0,0,1.0,131
2022_02_CAR_NYG,CAR,176.0,1,176.0,1,0.0,103.0,0,0.0,131
2022_02_CAR_NYG,NYG,145.0,1,145.0,1,0.0,146.0,0,1.0,131
2022_02_CHI_GB,CHI,234.0,2,234.0,2,0.0,203.0,1,1.0,131
2022_02_CHI_GB,GB,70.0,0,70.0,0,1.0,180.0,1,0.0,131
2022_02_CIN_DAL,CIN,235.0,1,235.0,1,0.0,107.0,1,1.0,131
2022_02_CIN_DAL,DAL,199.0,1,199.0,1,0.0,89.0,0,0.0,131
2022_02_HOU_DEN,DEN,177.0,0,177.0,0,0.0,80.0,0,0.0,131
2022_02_HOU_DEN,HOU,219.0,1,219.0,1,1.0,149.0,0,0.0,131
2022_02_IND_JAX,IND,235.0,2,235.0,2,0.0,96.0,1,0.0,131
2022_02_IND_JAX,JAX,195.0,0,195.0,0,3.0,54.0,0,0.0,131
2022_02_LAC_KC,KC,334.0,3,334.0,3,1.0,75.0,0,0.0,131
2022_02_LAC_KC,LAC,235.0,2,235.0,2,0.0,93.0,0,0.0,131
2022_02_MIA_BAL,BAL,469.0,6,469.0,6,2.0,86.0,0,0.0,131
2022_02_MIA_BAL,MIA,318.0,3,318.0,3,0.0,155.0,1,0.0,131
2022_02_MIN_PHI,MIN,333.0,1,333.0,1,1.0,163.0,2,0.0,131
2022_02_MIN_PHI,PHI,221.0,1,221.0,1,3.0,62.0,0,0.0,131
2022_02_NE_PIT,NE,168.0,1,168.0,1,1.0,91.0,0,0.0,131
2022_02_NE_PIT,PIT,252.0,1,252.0,1,1.0,124.0,1,0.0,131
2022_02_NYJ_CLE,CLE,324.0,4,324.0,4,0.0,93.0,0,1.0,131
2022_02_NYJ_CLE,NYJ,229.0,1,229.0,1,1.0,184.0,3,0.0,131
2022_02_SEA_SF,SEA,184.0,1,184.0,1,0.0,189.0,2,0.0,131
2022_02_SEA_SF,SF,197.0,0,197.0,0,2.0,36.0,0,0.0,131
2022_02_TB_NO,NO,190.0,1,190.0,1,0.0,72.0,0,1.0,131
2022_02_TB_NO,TB,236.0,1,236.0,1,3.0,100.0,0,2.0,131
2022_02_TEN_BUF,BUF,123.0,0,123.0,0,2.0,80.0,1,1.0,131
2022_02_TEN_BUF,TEN,317.0,4,317.0,4,0.0,101.0,0,0.0,131
2022_02_WAS_DET,DET,337.0,3,337.0,3,1.0,88.0,1,0.0,131
2022_02_WAS_DET,WAS,256.0,4,256.0,4,0.0,191.0,0,0.0,131
2022_03_ATL_SEA,ATL,325.0,2,325.0,2,1.0,112.0,0,0.0,132
2022_03_ATL_SEA,SEA,229.0,1,229.0,1,1.0,179.0,2,1.0,132
2022_03_BAL_NE,BAL,321.0,0,321.0,0,3.0,145.0,3,1.0,132
2022_03_BAL_NE,NE,218.0,4,218.0,4,1.0,188.0,1,1.0,132
2022_03_BUF_MIA,BUF,186.0,1,186.0,1,0.0,41.0,2,0.0,132
2022_03_BUF_MIA,MIA,400.0,2,400.0,2,0.0,115.0,0,1.0,132
2022_03_CIN_NYJ,CIN,285.0,0,285.0,0,2.0,76.0,0,2.0,132
2022_03_CIN_NYJ,NYJ,275.0,3,275.0,3,0.0,69.0,0,1.0,132
2022_03_DAL_NYG,DAL,196.0,0,196.0,0,1.0,167.0,1,0.0,132
2022_03_DAL_NYG,NYG,215.0,1,215.0,1,0.0,176.0,1,0.0,132
2022_03_DET_MIN,DET,260.0,2,260.0,2,0.0,123.0,2,1.0,132
2022_03_DET_MIN,MIN,277.0,1,277.0,1,1.0,139.0,2,0.0,132
2022_03_GB_TB,GB,271.0,1,271.0,1,0.0,34.0,0,2.0,132
2022_03_GB_TB,TB,255.0,2,255.0,2,1.0,67.0,0,1.0,132
2022_03_HOU_CHI,CHI,245.0,1,245.0,1,2.0,92.0,1,0.0,132
2022_03_HOU_CHI,HOU,106.0,0,106.0,0,2.0,281.0,2,0.0,132
2022_03_JAX_LAC,JAX,297.0,1,297.0,1,1.0,26.0,0,1.0,132
2022_03_JAX_LAC,LAC,262.0,3,262.0,3,0.0,151.0,1,0.0,132
2022_03_KC_IND,IND,262.0,1,262.0,1,1.0,58.0,1,0.0,132
2022_03_KC_IND,KC,222.0,2,222.0,2,0.0,82.0,0,1.0,132
2022_03_LA_ARI,ARI,249.0,0,249.0,0,0.0,100.0,2,1.0,132
2022_03_LA_ARI,LA,314.0,0,314.0,0,0.0,70.0,0,0.0,132
2022_03_LV_TEN,LV,264.0,1,264.0,1,1.0,109.0,2,0.0,132
2022_03_LV_TEN,TEN,307.0,2,307.0,2,1.0,96.0,0,0.0,132
2022_03_NO_CAR,CAR,353.0,1,353.0,1,2.0,84.0,1,1.0,132
2022_03_NO_CAR,NO,170.0,1,170.0,1,0.0,145.0,0,0.0,132
2022_03_PHI_WAS,PHI,211.0,0,211.0,0,0.0,87.0,1,1.0,132
2022_03_PHI_WAS,WAS,340.0,3,340.0,3,0.0,72.0,0,0.0,132
2022_03_PIT_CLE,CLE,207.0,0,207.0,0,0.0,104.0,2,1.0,132
2022_03_PIT_CLE,PIT,220.0,2,220.0,2,0.0,171.0,1,0.0,132
2022_03_SF_DEN,DEN,211.0,1,211.0,1,1.0,88.0,0,2.0,132
2022_03_SF_DEN,SF,184.0,0,184.0,0,0.0,101.0,1,0.0,132
2022_04_ARI_CAR,ARI,197.0,1,197.0,1,2.0,40.0,0,1.0,133
2022_04_ARI_CAR,CAR,207.0,2,207.0,2,1.0,132.0,1,0.0,133
2022_04_BUF_BAL,BAL,213.0,1,213.0,1,1.0,125.0,1,1.0,133
2022_04_BUF_BAL,BUF,144.0,1,144.0,1,2.0,162.0,1,0.0,133
2022_04_CHI_NYG,CHI,82.0,0,82.0,0,1.0,262.0,2,0.0,133
2022_04_CHI_NYG,NYG,174.0,0,174.0,0,0.0,149.0,0,2.0,133
2022_04_CLE_ATL,ATL,234.0,0,234.0,0,1.0,177.0,2,1.0,133
2022_04_CLE_ATL,CLE,139.0,0,139.0,0,1.0,202.0,2,0.0,133
2022_04_DEN_LV,DEN,188.0,0,188.0,0,0.0,212.0,2,0.0,133
2022_04_DEN_LV,LV,237.0,2,237.0,2,0.0,85.0,1,1.0,133
2022_04_JAX_PHI,JAX,204.0,0,204.0,0,1.0,210.0,4,0.0,133
2022_04_JAX_PHI,PHI,174.0,2,174.0,2,1.0,71.0,0,4.0,133
2022_04_KC_TB,KC,385.0,3,385.0,3,0.0,3.0,1,1.0,133
2022_04_KC_TB,TB,249.0,3,249.0,3,1.0,189.0,2,0.0,133
2022_04_LAC_HOU,HOU,340.0,2,340.0,2,0.0,81.0,2,0.0,133
2022_04_LAC_HOU,LAC,246.0,2,246.0,2,2.0,131.0,1,0.0,133
2022_04_LA_SF,LA,239.0,1,239.0,1,0.0,88.0,1,0.0,133
2022_04_LA_SF,SF,254.0,0,254.0,0,1.0,57.0,0,1.0,133
2022_04_MIA_CIN,CIN,303.0,1,303.0,1,2.0,85.0,0,0.0,133
2022_04_MIA_CIN,MIA,310.0,2,310.0,2,0.0,67.0,1,0.0,133
2022_04_MIN_NO,MIN,236.0,1,236.0,1,0.0,111.0,2,1.0,133
2022_04_MIN_NO,NO,286.0,1,286.0,1,1.0,81.0,1,0.0,133
2022_04_NE_GB,GB,136.0,1,136.0,1,0.0,167.0,1,1.0,133
2022_04_NE_GB,NE,251.0,2,251.0,2,1.0,199.0,1,1.0,133
2022_04_NYJ_PIT,NYJ,204.0,0,204.0,0,4.0,119.0,2,0.0,133
2022_04_NYJ_PIT,PIT,254.0,2,254.0,2,2.0,98.0,1,0.0,133
2022_04_SEA_DET,DET,320.0,2,320.0,2,0.0,235.0,3,0.0,133
2022_04_SEA_DET,SEA,384.0,4,384.0,4,1.0,145.0,2,1.0,133
2022_04_TEN_IND,IND,137.0,2,137.0,2,0.0,127.0,1,0.0,133
2022_04_TEN_IND,TEN,356.0,2,356.0,2,1.0,38.0,0,2.0,133
2022_04_WAS_DAL,DAL,170.0,1,170.0,1,2.0,142.0,0,0.0,133
2022_04_WAS_DAL,WAS,223.0,2,223.0,2,0.0,62.0,0,0.0,133
2022_05_ATL_TB,ATL,351.0,1,351.0,1,0.0,69.0,1,0.0,134
2022_05_ATL_TB,TB,147.0,1,147.0,1,0.0,151.0,1,0.0,134
2022_05_CHI_MIN,CHI,319.0,1,319.0,1,1.0,117.0,3,0.0,134
2022_05_CHI_MIN,MIN,208.0,1,208.0,1,0.0,78.0,1,1.0,134
2022_05_CIN_BAL,BAL,217.0,1,217.0,1,1.0,101.0,1,0.0,134
2022_05_CIN_BAL,CIN,174.0,1,174.0,1,1.0,155.0,0,0.0,134
2022_05_DAL_LA,DAL,320.0,1,320.0,1,1.0,38.0,0,2.0,134
2022_05_DAL_LA,LA,102.0,0,102.0,0,0.0,163.0,1,0.0,134
2022_05_DET_NE,DET,188.0,1,188.0,1,1.0,176.0,0,0.0,134
2022_05_DET_NE,NE,229.0,0,229.0,0,1.0,101.0,0,1.0,134
2022_05_HOU_JAX,HOU,286.0,0,286.0,0,2.0,136.0,0,0.0,134
2022_05_HOU_JAX,JAX,140.0,0,140.0,0,0.0,116.0,1,0.0,134
2022_05_IND_DEN,DEN,251.0,0,251.0,0,2.0,106.0,0,0.0,134
2022_05_IND_DEN,IND,274.0,0,274.0,0,2.0,125.0,0,0.0,134
2022_05_LAC_CLE,CLE,228.0,1,228.0,1,0.0,238.0,2,0.0,134
2022_05_LAC_CLE,LAC,230.0,1,230.0,1,1.0,213.0,3,0.0,134
2022_05_LV_KC,KC,241.0,2,241.0,2,0.0,155.0,1,0.0,134
2022_05_LV_KC,LV,292.0,4,292.0,4,0.0,103.0,0,0.0,134
2022_05_MIA_NYJ,MIA,210.0,0,210.0,0,0.0,135.0,5,0.0,134
2022_05_MIA_NYJ,NYJ,166.0,0,166.0,0,1.0,137.0,2,1.0,134
2022_05_NYG_GB,GB,217.0,0,217.0,0,0.0,125.0,3,0.0,134
2022_05_NYG_GB,NYG,222.0,2,222.0,2,0.0,94.0,0,0.0,134
2022_05_PHI_ARI,ARI,239.0,0,239.0,0,0.0,139.0,2,0.0,134
2022_05_PHI_ARI,PHI,250.0,1,250.0,1,1.0,124.0,1,0.0,134
2022_05_PIT_BUF,BUF,327.0,0,327.0,0,1.0,54.0,0,0.0,134
2022_05_PIT_BUF,PIT,432.0,4,432.0,4,1.0,120.0,1,1.0,134
2022_05_SEA_NO,NO,268.0,3,268.0,3,0.0,151.0,1,1.0,134
2022_05_SEA_NO,SEA,209.0,2,209.0,2,1.0,235.0,3,1.0,134
2022_05_SF_CAR,CAR,253.0,2,253.0,2,0.0,153.0,2,1.0,134
2022_05_SF_CAR,SF,275.0,0,275.0,0,1.0,64.0,1,0.0,134
2022_05_TEN_WAS,TEN,359.0,2,359.0,2,1.0,43.0,0,0.0,134
2022_05_TEN_WAS,WAS,181.0,1,181.0,1,0.0,105.0,2,0.0,134
2022_06_ARI_SEA,ARI,197.0,0,197.0,0,0.0,136.0,1,1.0,135
2022_06_ARI_SEA,SEA,222.0,0,222.0,0,1.0,144.0,0,1.0,135
2022_06_BAL_NYG,BAL,173.0,2,173.0,2,0.0,83.0,1,1.0,135
2022_06_BAL_NYG,NYG,210.0,1,210.0,1,1.0,211.0,1,1.0,135
2022_06_BUF_KC,BUF,338.0,2,338.0,2,2.0,68.0,0,0.0,135
2022_06_BUF_KC,KC,329.0,3,329.0,3,0.0,125.0,0,1.0,135
2022_06_CAR_LA,CAR,253.0,1,253.0,1,1.0,111.0,2,0.0,135
2022_06_CAR_LA,LA,119.0,0,119.0,0,1.0,93.0,0,0.0,135
2022_06_CIN_NO,CIN,178.0,1,178.0,1,0.0,228.0,1,0.0,135
2022_06_CIN_NO,NO,300.0,3,300.0,3,0.0,75.0,1,0.0,135
2022_06_DAL_PHI,DAL,155.0,2,155.0,2,0.0,136.0,1,0.0,135
2022_06_DAL_PHI,PHI,181.0,1,181.0,1,3.0,134.0,1,0.0,135
2022_06_DEN_LAC,DEN,238.0,0,238.0,0,1.0,73.0,1,0.0,135
2022_06_DEN_LAC,LAC,188.0,1,188.0,1,0.0,98.0,0,0.0,135
2022_06_JAX_IND,IND,165.0,1,165.0,1,0.0,243.0,3,1.0,135
2022_06_JAX_IND,JAX,389.0,3,389.0,3,0.0,45.0,1,0.0,135
2022_06_MIN_MIA,MIA,175.0,2,175.0,2,0.0,78.0,1,0.0,135
2022_06_MIN_MIA,MIN,418.0,2,418.0,2,2.0,73.0,0,1.0,135
2022_06_NE_CLE,CLE,309.0,2,309.0,2,0.0,98.0,3,1.0,135
2022_06_NE_CLE,NE,266.0,1,266.0,1,2.0,70.0,0,1.0,135
2022_06_NYJ_GB,GB,110.0,0,110.0,0,0.0,179.0,2,0.0,135
2022_06_NYJ_GB,NYJ,254.0,1,254.0,1,0.0,60.0,0,1.0,135
2022_06_SF_ATL,ATL,296.0,2,296.0,2,2.0,50.0,0,1.0,135
2022_06_SF_ATL,SF,129.0,2,129.0,2,0.0,168.0,1,0.0,135
2022_06_TB_PIT,PIT,243.0,1,243.0,1,0.0,75.0,0,0.0,135
2022_06_TB_PIT,TB,211.0,2,211.0,2,0.0,77.0,0,0.0,135
2022_06_WAS_CHI,CHI,99.0,0,99.0,0,0.0,128.0,1,0.0,135
2022_06_WAS_CHI,WAS,190.0,1,190.0,1,1.0,237.0,0,0.0,135
2022_07_ATL_CIN,ATL,481.0,3,481.0,3,0.0,78.0,2,0.0,136
2022_07_ATL_CIN,CIN,124.0,1,124.0,1,0.0,107.0,1,0.0,136
2022_07_CHI_NE,CHI,198.0,1,198.0,1,3.0,70.0,1,1.0,136
2022_07_CHI_NE,NE,179.0,1,179.0,1,1.0,243.0,2,0.0,136
2022_07_CLE_BAL,BAL,258.0,0,258.0,0,0.0,113.0,2,2.0,136
2022_07_CLE_BAL,CLE,120.0,0,120.0,0,0.0,160.0,2,1.0,136
2022_07_DET_DAL,DAL,228.0,0,228.0,0,2.0,117.0,0,3.0,136
2022_07_DET_DAL,DET,207.0,1,207.0,1,0.0,139.0,2,1.0,135
2022_07_GB_WAS,GB,201.0,2,201.0,2,1.0,166.0,0,0.0,136
2022_07_GB_WAS,WAS,194.0,2,194.0,2,0.0,38.0,0,0.0,136
2022_07_HOU_LV,HOU,241.0,1,241.0,1,0.0,164.0,3,0.0,135
2022_07_HOU_LV,LV,302.0,2,302.0,2,1.0,108.0,0,0.0,135
2022_07_IND_TEN,IND,132.0,0,132.0,0,0.0,138.0,0,1.0,136
2022_07_IND_TEN,TEN,243.0,1,243.0,1,2.0,65.0,0,1.0,135
2022_07_KC_SF,KC,369.0,2,369.0,2,2.0,101.0,0,1.0,136
2022_07_KC_SF,SF,423.0,3,423.0,3,1.0,112.0,3,0.0,136
2022_07_NO_ARI,ARI,409.0,4,409.0,4,3.0,85.0,0,0.0,136
2022_07_NO_ARI,NO,204.0,1,204.0,1,0.0,137.0,2,0.0,136
2022_07_NYG_JAX,JAX,202.0,1,202.0,1,0.0,236.0,1,0.0,136
2022_07_NYG_JAX,NYG,310.0,0,310.0,0,0.0,142.0,2,1.0,136
2022_07_NYJ_DEN,DEN,121.0,0,121.0,0,0.0,155.0,1,0.0,136
2022_07_NYJ_DEN,NYJ,225.0,0,225.0,0,1.0,105.0,1,0.0,136
2022_07_PIT_MIA,MIA,257.0,1,257.0,1,3.0,95.0,0,0.0,136
2022_07_PIT_MIA,PIT,261.0,1,261.0,1,0.0,111.0,0,0.0,136
2022_07_SEA_LAC,LAC,210.0,2,210.0,2,1.0,213.0,2,1.0,136
2022_07_SEA_LAC,SEA,293.0,2,293.0,2,1.0,53.0,1,1.0,136
2022_07_TB_CAR,CAR,290.0,0,290.0,0,0.0,46.0,0,0.0,136
2022_07_TB_CAR,TB,177.0,2,177.0,2,0.0,173.0,1,0.0,136
2022_08_ARI_MIN,ARI,232.0,2,232.0,2,0.0,173.0,3,1.0,137
2022_08_ARI_MIN,MIN,326.0,3,326.0,3,2.0,78.0,0,0.0,136
2022_08_BAL_TB,BAL,325.0,1,325.0,1,0.0,44.0,1,0.0,137
2022_08_BAL_TB,TB,238.0,2,238.0,2,0.0,231.0,1,0.0,137
2022_08_CAR_ATL,ATL,317.0,1,317.0,1,1.0,169.0,3,0.0,137
2022_08_CAR_ATL,CAR,253.0,3,253.0,3,2.0,167.0,0,0.0,137
2022_08_CHI_DAL,CHI,250.0,2,250.0,2,1.0,200.0,4,0.0,137
2022_08_CHI_DAL,DAL,156.0,2,156.0,2,0.0,240.0,2,1.0,137
2022_08_CIN_CLE,CIN,278.0,1,278.0,1,1.0,172.0,3,1.0,137
2022_08_CIN_CLE,CLE,232.0,2,232.0,2,1.0,36.0,0,1.0,137
2022_08_DEN_JAX,DEN,133.0,1,133.0,1,2.0,191.0,1,0.0,137
2022_08_DEN_JAX,JAX,252.0,1,252.0,1,1.0,101.0,2,0.0,137
2022_08_GB_BUF,BUF,203.0,2,203.0,2,1.0,208.0,0,0.0,136
2022_08_GB_BUF,GB,218.0,2,218.0,2,2.0,153.0,1,0.0,137
2022_08_LV_NO,LV,231.0,2,231.0,2,0.0,136.0,1,0.0,136
2022_08_LV_NO,NO,173.0,0,173.0,0,1.0,38.0,0,0.0,137
2022_08_MIA_DET,DET,382.0,3,382.0,3,0.0,107.0,1,1.0,136
2022_08_MIA_DET,MIA,321.0,1,321.0,1,0.0,82.0,2,0.0,137
2022_08_NE_NYJ,NE,355.0,2,355.0,2,3.0,51.0,0,0.0,137
2022_08_NE_NYJ,NYJ,194.0,1,194.0,1,1.0,127.0,0,0.0,137
2022_08_NYG_SEA,NYG,212.0,2,212.0,2,0.0,87.0,1,1.0,137
2022_08_NYG_SEA,SEA,176.0,0,176.0,0,0.0,78.0,1,0.0,137
2022_08_PIT_PHI,PHI,196.0,1,196.0,1,1.0,144.0,0,1.0,136
2022_08_PIT_PHI,PIT,308.0,4,308.0,4,0.0,111.0,1,0.0,137
2022_08_SF_LA,LA,269.0,3,269.0,3,0.0,111.0,1,0.0,136
2022_08_SF_LA,SF,187.0,1,187.0,1,0.0,56.0,1,0.0,137
2022_08_TEN_HOU,HOU,55.0,0,55.0,0,1.0,314.0,2,0.0,136
2022_08_TEN_HOU,TEN,152.0,1,152.0,1,1.0,43.0,0,0.0,136
2022_08_WAS_IND,IND,279.0,1,279.0,1,1.0,96.0,1,0.0,137
2022_08_WAS_IND,WAS,201.0,0,201.0,0,0.0,135.0,1,2.0,137
2022_09_BAL_NO,BAL,223.0,1,223.0,1,1.0,48.0,0,0.0,138
2022_09_BAL_NO,NO,133.0,1,133.0,1,0.0,188.0,2,0.0,138
2022_09_BUF_NYJ,BUF,154.0,1,154.0,1,0.0,174.0,1,1.0,137
2022_09_BUF_NYJ,NYJ,205.0,0,205.0,0,2.0,134.0,2,0.0,138
2022_09_CAR_CIN,CAR,228.0,1,228.0,1,0.0,241.0,5,0.0,138
2022_09_CAR_CIN,CIN,164.0,2,164.0,2,2.0,64.0,1,0.0,138
2022_09_GB_DET,DET,291.0,1,291.0,1,3.0,106.0,0,0.0,137
2022_09_GB_DET,GB,137.0,2,137.0,2,1.0,117.0,0,0.0,138
2022_09_IND_NE,IND,147.0,1,147.0,1,0.0,70.0,0,1.0,138
2022_09_IND_NE,NE,103.0,0,103.0,0,1.0,78.0,0,0.0,138
2022_09_LAC_ATL,ATL,245.0,1,245.0,1,1.0,91.0,1,1.0,138
2022_09_LAC_ATL,LAC,129.0,0,129.0,0,0.0,201.0,2,1.0,137
2022_09_LA_TB,LA,280.0,1,280.0,1,0.0,51.0,0,0.0,137
2022_09_LA_TB,TB,165.0,1,165.0,1,0.0,68.0,0,0.0,138
2022_09_LV_JAX,JAX,259.0,2,259.0,2,0.0,71.0,0,0.0,138
2022_09_LV_JAX,LV,235.0,1,235.0,1,0.0,168.0,2,1.0,137
2022_09_MIA_CHI,CHI,302.0,3,302.0,3,0.0,77.0,1,0.0,138
2022_09_MIA_CHI,MIA,123.0,3,123.0,3,0.0,252.0,1,0.0,138
2022_09_MIN_WAS,MIN,149.0,2,149.0,2,1.0,137.0,0,0.0,137
2022_09_MIN_WAS,WAS,262.0,2,262.0,2,1.0,56.0,0,0.0,138
2022_09_PHI_HOU,HOU,243.0,2,243.0,2,0.0,143.0,2,1.0,137
2022_09_PHI_HOU,PHI,154.0,2,154.0,2,2.0,168.0,0,0.0,137
2022_09_SEA_ARI,ARI,275.0,2,275.0,2,1.0,158.0,2,0.0,138
2022_09_SEA_ARI,SEA,175.0,2,175.0,2,0.0,122.0,0,1.0,138
2022_09_TEN_KC,KC,80.0,0,80.0,0,0.0,172.0,2,0.0,137
2022_09_TEN_KC,TEN,446.0,1,446.0,1,1.0,77.0,1,0.0,137
2022_10_ARI_LA,ARI,209.0,1,209.0,1,1.0,66.0,1,1.0,139
2022_10_ARI_LA,LA,238.0,1,238.0,1,0.0,78.0,2,0.0,138
2022_10_ATL_CAR,ATL,108.0,0,108.0,0,0.0,232.0,2,0.0,139
2022_10_ATL_CAR,CAR,186.0,2,186.0,2,1.0,138.0,0,0.0,139
2022_10_CLE_MIA,CLE,302.0,3,302.0,3,0.0,195.0,2,0.0,138
2022_10_CLE_MIA,MIA,212.0,1,212.0,1,0.0,112.0,1,1.0,139
2022_10_DAL_GB,DAL,224.0,3,224.0,3,0.0,207.0,1,1.0,138
2022_10_DAL_GB,GB,265.0,3,265.0,3,2.0,159.0,1,0.0,139
2022_10_DEN_TEN,DEN,255.0,2,255.0,2,0.0,63.0,0,1.0,138
2022_10_DEN_TEN,TEN,286.0,1,286.0,1,1.0,65.0,0,0.0,138
2022_10_DET_CHI,CHI,236.0,1,236.0,1,0.0,95.0,2,0.0,139
2022_10_DET_CHI,DET,167.0,2,167.0,2,1.0,258.0,2,0.0,138
2022_10_HOU_NYG,HOU,197.0,2,197.0,2,0.0,191.0,1,0.0,138
2022_10_HOU_NYG,NYG,319.0,1,319.0,1,1.0,101.0,0,1.0,138
2022_10_IND_LV,IND,248.0,2,248.0,2,0.0,77.0,1,0.0,139
2022_10_IND_LV,LV,222.0,1,222.0,1,0.0,207.0,2,1.0,138
2022_10_JAX_KC,JAX,331.0,4,331.0,4,1.0,155.0,0,1.0,139
2022_10_JAX_KC,KC,259.0,2,259.0,2,0.0,75.0,0,0.0,138
2022_10_LAC_SF,LAC,240.0,0,240.0,0,0.0,157.0,2,1.0,138
2022_10_LAC_SF,SF,196.0,1,196.0,1,1.0,51.0,0,0.0,138
2022_10_MIN_BUF,BUF,357.0,1,357.0,1,2.0,147.0,2,0.0,138
2022_10_MIN_BUF,MIN,330.0,1,330.0,1,2.0,175.0,2,2.0,138
2022_10_NO_PIT,NO,199.0,0,199.0,0,0.0,217.0,2,0.0,139
2022_10_NO_PIT,PIT,174.0,1,174.0,1,2.0,29.0,0,0.0,138
2022_10_SEA_TB,SEA,258.0,2,258.0,2,2.0,161.0,1,0.0,139
2022_10_SEA_TB,TB,275.0,2,275.0,2,0.0,39.0,0,1.0,139
2022_10_WAS_PHI,PHI,211.0,0,211.0,0,1.0,152.0,2,1.0,138
2022_10_WAS_PHI,WAS,175.0,2,175.0,2,1.0,94.0,1,3.0,139
2022_11_CAR_BAL,BAL,196.0,0,196.0,0,2.0,36.0,0,1.0,139
2022_11_CAR_BAL,CAR,209.0,0,209.0,0,1.0,115.0,1,0.0,140
2022_11_CHI_ATL,ATL,153.0,1,153.0,1,1.0,160.0,2,0.0,140
2022_11_CHI_ATL,CHI,131.0,1,131.0,1,0.0,149.0,1,1.0,140
2022_11_CIN_PIT,CIN,265.0,1,265.0,1,0.0,102.0,2,0.0,139
2022_11_CIN_PIT,PIT,355.0,4,355.0,4,2.0,62.0,0,0.0,139
2022_11_CLE_BUF,BUF,324.0,3,324.0,3,0.0,80.0,0,1.0,139
2022_11_CLE_BUF,CLE,197.0,1,197.0,1,0.0,171.0,1,0.0,139
2022_11_DAL_MIN,DAL,159.0,0,159.0,0,0.0,73.0,0,1.0,139
2022_11_DAL_MIN,MIN,307.0,2,307.0,2,0.0,151.0,2,0.0,139
2022_11_DET_NYG,DET,341.0,1,341.0,1,2.0,89.0,2,1.0,139
2022_11_DET_NYG,NYG,165.0,0,165.0,0,0.0,160.0,4,0.0,139
2022_11_KC_LAC,KC,280.0,2,280.0,2,1.0,115.0,1,1.0,139
2022_11_KC_LAC,LAC,329.0,3,329.0,3,0.0,163.0,0,1.0,139
2022_11_LA_NO,LA,274.0,3,274.0,3,0.0,88.0,0,0.0,139
2022_11_LA_NO,NO,223.0,2,223.0,2,0.0,148.0,0,0.0,140
2022_11_LV_DEN,DEN,307.0,2,307.0,2,0.0,109.0,0,0.0,139
2022_11_LV_DEN,LV,247.0,0,247.0,0,0.0,94.0,1,0.0,139
2022_11_NYJ_NE,NE,77.0,0,77.0,0,0.0,59.0,0,0.0,139
2022_11_NYJ_NE,NYJ,246.0,0,246.0,0,0.0,99.0,0,0.0,139
2022_11_PHI_IND,IND,190.0,1,190.0,1,0.0,141.0,1,2.0,140
2022_11_PHI_IND,PHI,213.0,0,213.0,0,0.0,99.0,1,1.0,139
2022_11_SF_ARI,ARI,228.0,4,228.0,4,0.0,159.0,1,0.0,140
2022_11_SF_ARI,SF,277.0,0,277.0,0,2.0,67.0,1,0.0,139
2022_11_TEN_GB,GB,337.0,3,337.0,3,1.0,88.0,1,0.0,140
2022_11_TEN_GB,TEN,227.0,2,227.0,2,0.0,56.0,0,0.0,139
2022_11_WAS_HOU,HOU,191.0,0,191.0,0,0.0,153.0,1,0.0,139
2022_11_WAS_HOU,WAS,169.0,0,169.0,0,2.0,21.0,1,0.0,140
2022_12_ATL_WAS,ATL,138.0,2,138.0,2,1.0,176.0,0,0.0,141
2022_12_ATL_WAS,WAS,174.0,1,174.0,1,1.0,167.0,0,0.0,141
2022_12_BAL_JAX,BAL,321.0,3,321.0,3,0.0,38.0,0,1.0,140
2022_12_BAL_JAX,JAX,254.0,1,254.0,1,0.0,162.0,1,2.0,140
2022_12_BUF_DET,BUF,240.0,2,240.0,2,0.0,96.0,1,1.0,140
2022_12_BUF_DET,DET,253.0,2,253.0,2,1.0,164.0,1,0.0,140
2022_12_CHI_NYJ,CHI,315.0,3,315.0,3,0.0,158.0,1,0.0,141
2022_12_CHI_NYJ,NYJ,179.0,1,179.0,1,1.0,127.0,0,0.0,140
2022_12_CIN_TEN,CIN,291.0,0,291.0,1,0.0,63.0,0,0.0,140
2022_12_CIN_TEN,TEN,270.0,1,270.0,1,0.0,108.0,1,0.0,140
2022_12_DEN_CAR,CAR,142.0,1,142.0,1,0.0,121.0,0,1.0,141
2022_12_DEN_CAR,DEN,164.0,1,164.0,1,0.0,185.0,1,0.0,140
2022_12_GB_PHI,GB,153.0,2,153.0,2,0.0,363.0,3,1.0,141
2022_12_GB_PHI,PHI,253.0,3,253.0,3,2.0,106.0,1,0.0,140
2022_12_HOU_MIA,HOU,305.0,1,305.0,1,0.0,66.0,1,1.0,140
2022_12_HOU_MIA,MIA,215.0,1,215.0,1,2.0,36.0,1,1.0,140
2022_12_LAC_ARI,ARI,274.0,3,274.0,3,0.0,65.0,0,0.0,141
2022_12_LAC_ARI,LAC,191.0,2,191.0,2,1.0,181.0,1,1.0,140
2022_12_LA_KC,KC,106.0,1,106.0,1,2.0,116.0,0,0.0,140
2022_12_LA_KC,LA,320.0,1,320.0,1,1.0,117.0,1,0.0,140
2022_12_LV_SEA,LV,328.0,2,328.0,2,1.0,65.0,2,1.0,140
2022_12_LV_SEA,SEA,295.0,3,295.0,3,2.0,283.0,2,0.0,140
2022_12_NE_MIN,MIN,382.0,2,382.0,2,0.0,45.0,0,0.0,140
2022_12_NE_MIN,NE,310.0,3,310.0,3,1.0,57.0,0,0.0,140
2022_12_NO_SF,NO,222.0,1,222.0,1,0.0,96.0,0,0.0,141
2022_12_NO_SF,SF,204.0,0,204.0,0,0.0,63.0,0,2.0,140
2022_12_NYG_DAL,DAL,228.0,1,228.0,1,0.0,90.0,1,0.0,140
2022_12_NYG_DAL,NYG,261.0,2,261.0,2,2.0,169.0,2,0.0,140
2022_12_PIT_IND,IND,174.0,0,174.0,0,0.0,172.0,2,0.0,141
2022_12_PIT_IND,PIT,199.0,1,199.0,1,1.0,110.0,1,1.0,140
2022_12_TB_CLE,CLE,246.0,2,246.0,2,0.0,96.0,0,0.0,140
2022_12_TB_CLE,TB,210.0,1,210.0,1,1.0,189.0,2,0.0,140
2022_13_BUF_NE,BUF,195.0,1,195.0,1,0.0,60.0,0,0.0,141
2022_13_BUF_NE,NE,223.0,2,223.0,2,0.0,132.0,1,1.0,141
2022_13_CLE_HOU,CLE,201.0,1,201.0,1,2.0,82.0,0,1.0,141
2022_13_CLE_HOU,HOU,131.0,0,131.0,0,1.0,174.0,0,1.0,141
2022_13_DEN_BAL,BAL,189.0,0,189.0,0,0.0,88.0,0,0.0,141
2022_13_DEN_BAL,DEN,198.0,0,198.0,0,2.0,103.0,1,0.0,141
2022_13_GB_CHI,CHI,182.0,1,182.0,1,0.0,175.0,2,0.0,142
2022_13_GB_CHI,GB,254.0,0,254.0,0,2.0,155.0,2,1.0,142
2022_13_IND_DAL,DAL,233.0,2,233.0,2,3.0,106.0,0,2.0,141
2022_13_IND_DAL,IND,170.0,3,170.0,3,1.0,220.0,4,0.0,142
2022_13_JAX_DET,DET,185.0,1,185.0,1,0.0,95.0,0,1.0,141
2022_13_JAX_DET,JAX,340.0,2,340.0,2,0.0,100.0,2,0.0,141
2022_13_KC_CIN,CIN,223.0,1,223.0,1,0.0,138.0,2,1.0,141
2022_13_KC_CIN,KC,286.0,2,286.0,2,0.0,152.0,1,0.0,141
2022_13_LAC_LV,LAC,250.0,2,250.0,2,1.0,154.0,1,1.0,141
2022_13_LAC_LV,LV,335.0,1,335.0,1,0.0,72.0,0,1.0,141
2022_13_MIA_SF,MIA,266.0,2,266.0,2,1.0,121.0,0,0.0,141
2022_13_MIA_SF,SF,295.0,2,295.0,2,3.0,33.0,0,1.0,141
2022_13_NO_TB,NO,281.0,2,281.0,2,1.0,76.0,0,1.0,142
2022_13_NO_TB,TB,250.0,1,250.0,1,0.0,66.0,0,0.0,141
2022_13_NYJ_MIN,MIN,369.0,0,369.0,0,2.0,120.0,1,0.0,141
2022_13_NYJ_MIN,NYJ,173.0,1,173.0,1,0.0,128.0,2,0.0,141
2022_13_PIT_ATL,ATL,197.0,1,197.0,1,0.0,154.0,0,0.0,142
2022_13_PIT_ATL,PIT,167.0,1,167.0,1,1.0,146.0,0,0.0,141
2022_13_SEA_LA,LA,367.0,3,367.0,3,1.0,90.0,0,1.0,141
2022_13_SEA_LA,SEA,178.0,0,178.0,0,2.0,171.0,2,0.0,141
2022_13_TEN_PHI,PHI,157.0,1,157.0,1,0.0,87.0,0,0.0,141
2022_13_TEN_PHI,TEN,391.0,3,391.0,3,0.0,67.0,2,0.0,141
2022_13_WAS_NYG,NYG,275.0,2,275.0,2,0.0,165.0,0,1.0,141
2022_13_WAS_NYG,WAS,200.0,1,200.0,1,0.0,134.0,1,1.0,142
2022_14_BAL_PIT,BAL,276.0,1,276.0,1,3.0,65.0,1,0.0,142
2022_14_BAL_PIT,PIT,104.0,0,104.0,0,0.0,215.0,1,0.0,142
2022_14_CAR_SEA,CAR,264.0,3,264.0,3,2.0,46.0,0,0.0,142
2022_14_CAR_SEA,SEA,120.0,1,120.0,1,0.0,223.0,2,0.0,142
2022_14_CLE_CIN,CIN,276.0,1,276.0,1,1.0,71.0,0,0.0,142
2022_14_CLE_CIN,CLE,239.0,2,239.0,2,1.0,136.0,1,0.0,142
2022_14_HOU_DAL,DAL,213.0,1,213.0,1,1.0,114.0,1,1.0,142
2022_14_HOU_DAL,HOU,284.0,1,284.0,1,2.0,127.0,2,0.0,142
2022_14_JAX_TEN,JAX,254.0,2,254.0,2,1.0,137.0,1,3.0,142
2022_14_JAX_TEN,TEN,368.0,3,368.0,3,0.0,60.0,1,0.0,142
2022_14_KC_DEN,DEN,352.0,3,352.0,3,3.0,89.0,0,0.0,142
2022_14_KC_DEN,KC,263.0,4,263.0,4,2.0,106.0,0,0.0,142
2022_14_LV_LA,LA,137.0,0,137.0,0,2.0,165.0,1,0.0,142
2022_14_LV_LA,LV,230.0,1,230.0,1,0.0,71.0,1,1.0,142
2022_14_MIA_LAC,LAC,145.0,1,145.0,1,0.0,92.0,0,0.0,142
2022_14_MIA_LAC,MIA,367.0,1,367.0,1,0.0,82.0,1,0.0,142
2022_14_MIN_DET,DET,425.0,2,425.0,2,0.0,22.0,1,2.0,142
2022_14_MIN_DET,MIN,330.0,3,330.0,3,0.0,134.0,1,0.0,142
2022_14_NE_ARI,ARI,235.0,0,235.0,0,1.0,103.0,2,0.0,142
2022_14_NE_ARI,NE,255.0,0,255.0,0,1.0,113.0,1,1.0,142
2022_14_NYJ_BUF,BUF,269.0,0,269.0,0,0.0,76.0,1,2.0,142
2022_14_NYJ_BUF,NYJ,147.0,1,147.0,1,0.0,102.0,1,0.0,142
2022_14_PHI_NYG,NYG,217.0,2,217.0,2,0.0,253.0,4,0.0,142
2022_14_PHI_NYG,PHI,216.0,2,216.0,2,0.0,123.0,1,1.0,142
2022_14_TB_SF,SF,253.0,1,253.0,1,2.0,69.0,0,1.0,142
2022_14_TB_SF,TB,195.0,2,195.0,2,0.0,209.0,3,1.0,142
2022_15_ARI_DEN,ARI,197.0,1,197.0,1,1.0,168.0,2,1.0,143
2022_15_ARI_DEN,DEN,173.0,0,173.0,0,3.0,73.0,1,0.0,143
2022_15_ATL_NO,ATL,231.0,3,231.0,3,0.0,134.0,0,1.0,143
2022_15_ATL_NO,NO,97.0,0,97.0,0,0.0,231.0,2,1.0,143
2022_15_BAL_CLE,BAL,161.0,1,161.0,1,0.0,143.0,0,0.0,143
2022_15_BAL_CLE,CLE,138.0,0,138.0,0,1.0,198.0,0,1.0,143
2022_15_CIN_TB,CIN,312.0,3,312.0,3,2.0,92.0,0,2.0,143
2022_15_CIN_TB,TB,200.0,4,200.0,4,1.0,53.0,0,0.0,143
2022_15_DAL_JAX,DAL,318.0,4,318.0,4,1.0,192.0,0,2.0,143
2022_15_DAL_JAX,JAX,256.0,3,256.0,3,2.0,154.0,1,0.0,143
2022_15_DET_NYJ,DET,317.0,2,317.0,2,1.0,50.0,0,0.0,143
2022_15_DET_NYJ,NYJ,252.0,1,252.0,1,0.0,107.0,0,0.0,143
2022_15_IND_MIN,IND,460.0,4,460.0,4,2.0,92.0,1,1.0,143
2022_15_IND_MIN,MIN,182.0,1,182.0,1,0.0,171.0,0,1.0,143
2022_15_KC_HOU,HOU,336.0,2,336.0,2,0.0,189.0,2,2.0,143
2022_15_KC_HOU,KC,129.0,2,129.0,2,0.0,94.0,1,1.0,143
2022_15_LA_GB,GB,111.0,1,111.0,1,1.0,72.0,0,0.0,143
2022_15_LA_GB,LA,229.0,1,229.0,1,1.0,138.0,2,1.0,143
2022_15_MIA_BUF,BUF,234.0,2,234.0,2,0.0,188.0,1,0.0,143
2022_15_MIA_BUF,MIA,304.0,4,304.0,4,0.0,150.0,0,1.0,143
2022_15_NE_LV,LV,112.0,0,112.0,0,0.0,226.0,1,0.0,143
2022_15_NE_LV,NE,231.0,3,231.0,3,1.0,97.0,0,0.0,143
2022_15_NYG_WAS,NYG,249.0,1,249.0,1,0.0,159.0,0,2.0,143
2022_15_NYG_WAS,WAS,160.0,0,160.0,0,0.0,128.0,1,0.0,143
2022_15_PHI_CHI,CHI,315.0,0,315.0,0,2.0,112.0,3,1.0,143
2022_15_PHI_CHI,PHI,152.0,2,152.0,2,0.0,157.0,1,1.0,143
2022_15_PIT_CAR,CAR,179.0,0,179.0,0,0.0,156.0,3,0.0,143
2022_15_PIT_CAR,PIT,225.0,1,225.0,1,0.0,21.0,0,0.0,143
2022_15_SF_SEA,SEA,217.0,2,217.0,2,0.0,170.0,1,0.0,143
2022_15_SF_SEA,SF,238.0,1,238.0,1,0.0,70.0,0,1.0,143
2022_15_TEN_LAC,LAC,185.0,0,185.0,0,1.0,127.0,2,0.0,143
2022_15_TEN_LAC,TEN,313.0,0,313.0,0,2.0,74.0,2,0.0,143
2022_16_ATL_BAL,ATL,115.0,1,115.0,1,0.0,184.0,0,0.0,144
2022_16_ATL_BAL,BAL,218.0,0,218.0,0,0.0,115.0,0,1.0,144
2022_16_BUF_CHI,BUF,144.0,1,144.0,1,1.0,80.0,0,1.0,144
2022_16_BUF_CHI,CHI,172.0,2,172.0,2,2.0,254.0,3,1.0,144
2022_16_CIN_NE,CIN,240.0,2,240.0,2,0.0,61.0,0,1.0,144
2022_16_CIN_NE,NE,375.0,3,375.0,3,2.0,73.0,0,1.0,144
2022_16_DEN_LA,DEN,230.0,2,230.0,2,0.0,158.0,3,0.0,144
2022_16_DEN_LA,LA,259.0,1,259.0,1,4.0,104.0,0,0.0,144
2022_16_DET_CAR,CAR,355.0,3,355.0,3,0.0,45.0,0,1.0,144
2022_16_DET_CAR,DET,250.0,1,250.0,1,0.0,320.0,3,0.0,144
2022_16_GB_MIA,GB,310.0,1,310.0,1,3.0,82.0,1,1.0,144
2022_16_GB_MIA,MIA,238.0,1,238.0,1,1.0,79.0,1,0.0,144
2022_16_HOU_TEN,HOU,99.0,0,99.0,0,2.0,184.0,2,1.0,144
2022_16_HOU_TEN,TEN,218.0,1,218.0,1,1.0,70.0,0,0.0,144
2022_16_JAX_NYJ,JAX,182.0,0,182.0,0,1.0,66.0,0,1.0,144
2022_16_JAX_NYJ,NYJ,229.0,0,229.0,0,0.0,147.0,1,1.0,144
2022_16_LAC_IND,IND,235.0,0,235.0,0,1.0,101.0,2,1.0,144
2022_16_LAC_IND,LAC,143.0,0,144.0,0,3.0,69.0,0,0.0,144
2022_16_LV_PIT,LV,244.0,1,244.0,1,1.0,106.0,0,0.0,144
2022_16_LV_PIT,PIT,174.0,1,174.0,1,3.0,58.0,0,0.0,144
2022_16_NO_CLE,CLE,92.0,0,92.0,0,1.0,152.0,2,0.0,144
2022_16_NO_CLE,NO,135.0,0,135.0,0,1.0,124.0,1,0.0,144
2022_16_NYG_MIN,MIN,334.0,1,334.0,1,1.0,126.0,1,1.0,144
2022_16_NYG_MIN,NYG,299.0,3,299.0,3,0.0,83.0,0,0.0,144
2022_16_PHI_DAL,DAL,355.0,2,355.0,2,2.0,87.0,1,2.0,144
2022_16_PHI_DAL,PHI,347.0,3,347.0,3,1.0,115.0,1,0.0,144
2022_16_SEA_KC,KC,215.0,1,215.0,1,1.0,133.0,0,0.0,144
2022_16_SEA_KC,SEA,224.0,2,224.0,2,0.0,77.0,1,0.0,144
2022_16_TB_ARI,ARI,281.0,1,281.0,1,2.0,115.0,0,0.0,144
2022_16_TB_ARI,TB,221.0,0,221.0,0,1.0,121.0,1,2.0,144
2022_16_WAS_SF,SF,289.0,3,289.0,3,1.0,79.0,0,1.0,144
2022_16_WAS_SF,WAS,234.0,2,234.0,2,1.0,153.0,2,0.0,144
2022_17_ARI_ATL,ARI,169.0,0,169.0,0,0.0,132.0,2,1.0,145
2022_17_ARI_ATL,ATL,222.0,1,222.0,1,0.0,126.0,0,0.0,145
2022_17_CAR_TB,CAR,432.0,3,432.0,3,0.0,67.0,1,1.0,145
2022_17_CAR_TB,TB,341.0,3,341.0,3,1.0,74.0,0,2.0,145
2022_17_CHI_DET,CHI,255.0,3,255.0,3,0.0,265.0,2,0.0,145
2022_17_CHI_DET,DET,75.0,1,75.0,1,1.0,200.0,0,1.0,145
2022_17_CLE_WAS,CLE,143.0,0,143.0,0,3.0,136.0,1,0.0,145
2022_17_CLE_WAS,WAS,169.0,3,169.0,3,0.0,146.0,0,0.0,145
2022_17_DAL_TEN,DAL,232.0,1,232.0,1,1.0,97.0,0,1.0,145
2022_17_DAL_TEN,TEN,282.0,2,282.0,2,2.0,87.0,1,1.0,145
2022_17_DEN_KC,DEN,328.0,3,328.0,3,1.0,46.0,1,0.0,145
2022_17_DEN_KC,KC,222.0,1,222.0,1,1.0,117.0,2,1.0,145
2022_17_IND_NYG,IND,177.0,2,177.0,2,0.0,217.0,2,1.0,145
2022_17_IND_NYG,NYG,141.0,1,141.0,1,1.0,128.0,0,0.0,145
2022_17_JAX_HOU,HOU,181.0,0,181.0,0,2.0,169.0,3,0.0,145
2022_17_JAX_HOU,JAX,211.0,0,211.0,0,0.0,84.0,0,1.0,145
2022_17_LA_LAC,LA,239.0,2,239.0,2,0.0,192.0,2,0.0,145
2022_17_LA_LAC,LAC,132.0,0,132.0,0,0.0,166.0,1,1.0,145
2022_17_MIA_NE,MIA,204.0,2,204.0,2,0.0,76.0,0,0.0,145
2022_17_MIA_NE,NE,265.0,2,265.0,2,2.0,86.0,1,0.0,145
2022_17_MIN_GB,GB,262.0,2,262.0,2,3.0,102.0,0,1.0,145
2022_17_MIN_GB,MIN,168.0,1,168.0,1,0.0,163.0,2,0.0,145
2022_17_NO_PHI,NO,274.0,1,274.0,1,1.0,67.0,0,0.0,145
2022_17_NO_PHI,PHI,229.0,0,229.0,0,1.0,129.0,1,0.0,145
2022_17_NYJ_SEA,NYJ,183.0,2,183.0,2,0.0,198.0,0,0.0,145
2022_17_NYJ_SEA,SEA,240.0,0,240.0,0,2.0,75.0,0,1.0,145
2022_17_PIT_BAL,BAL,168.0,1,168.0,1,0.0,198.0,0,0.0,145
2022_17_PIT_BAL,PIT,130.0,1,130.0,1,1.0,120.0,0,0.0,145
2022_17_SF_LV,LV,284.0,2,284.0,2,1.0,170.0,2,0.0,145
2022_17_SF_LV,SF,365.0,3,365.0,3,2.0,135.0,1,0.0,145
2022_18_ARI_SF,ARI,178.0,3,178.0,3,0.0,169.0,2,0.0,146
2022_18_ARI_SF,SF,209.0,1,209.0,1,3.0,61.0,1,1.0,146
2022_18_BAL_CIN,BAL,215.0,1,215.0,1,0.0,55.0,1,1.0,146
2022_18_BAL_CIN,CIN,286.0,0,286.0,0,2.0,110.0,1,2.0,145
2022_18_CAR_NO,CAR,171.0,1,171.0,1,0.0,143.0,0,1.0,146
2022_18_CAR_NO,NO,43.0,0,43.0,0,2.0,171.0,0,0.0,146
2022_18_CLE_PIT,CLE,195.0,1,195.0,1,0.0,144.0,2,1.0,146
2022_18_CLE_PIT,PIT,230.0,2,230.0,2,2.0,134.0,0,0.0,146
2022_18_DAL_WAS,DAL,169.0,1,169.0,1,1.0,151.0,1,0.0,146
2022_18_DAL_WAS,WAS,128.0,1,128.0,1,1.0,64.0,0,0.0,146
2022_18_DET_GB,DET,205.0,1,205.0,1,1.0,103.0,0,1.0,146
2022_18_DET_GB,GB,224.0,0,224.0,0,0.0,104.0,2,0.0,146
2022_18_HOU_IND,HOU,209.0,2,209.0,2,2.0,196.0,1,0.0,146
2022_18_HOU_IND,IND,311.0,3,311.0,3,2.0,59.0,0,1.0,146
2022_18_KC_LV,KC,219.0,1,219.0,1,1.0,99.0,0,1.0,146
2022_18_KC_LV,LV,202.0,1,202.0,1,0.0,168.0,3,0.0,146
2022_18_LAC_DEN,DEN,298.0,3,298.0,3,0.0,59.0,0,2.0,146
2022_18_LAC_DEN,LAC,283.0,3,283.0,3,1.0,205.0,1,0.0,146
2022_18_LA_SEA,LA,213.0,1,213.0,1,2.0,197.0,0,0.0,146
2022_18_LA_SEA,SEA,147.0,0,147.0,0,1.0,146.0,1,0.0,146
2022_18_MIN_CHI,CHI,341.0,1,341.0,1,1.0,141.0,2,1.0,146
2022_18_MIN_CHI,MIN,147.0,1,147.0,1,2.0,118.0,1,0.0,146
2022_18_NE_BUF,BUF,243.0,3,243.0,3,3.0,107.0,0,0.0,145
2022_18_NE_BUF,NE,254.0,3,254.0,3,1.0,90.0,0,1.0,146
2022_18_NYG_PHI,NYG,229.0,0,229.0,0,1.0,135.0,1,0.0,146
2022_18_NYG_PHI,PHI,168.0,1,168.0,1,0.0,129.0,1,0.0,146
2022_18_NYJ_MIA,MIA,152.0,0,149.0,0,0.0,38.0,0,0.0,146
2022_18_NYJ_MIA,NYJ,152.0,0,152.0,0,0.0,162.0,0,0.0,146
2022_18_TB_ATL,ATL,136.0,2,136.0,2,0.0,86.0,0,1.0,146
2022_18_TB_ATL,TB,224.0,2,224.0,2,0.0,174.0,1,1.0,146
2022_18_TEN_JAX,JAX,179.0,1,179.0,1,1.0,147.0,0,1.0,146
2022_18_TEN_JAX,TEN,212.0,1,212.0,1,0.0,19.0,0,1.0,146
2023_01_ARI_WAS,ARI,202.0,1,202.0,1,1.0,92.0,1,2.0,147
2023_01_ARI_WAS,WAS,132.0,0,132.0,0,0.0,96.0,0,1.0,147
2023_01_BUF_NYJ,BUF,140.0,1,140.0,1,1.0,172.0,0,0.0,146
2023_01_BUF_NYJ,NYJ,236.0,1,236.0,1,3.0,97.0,0,0.0,147
2023_01_CAR_ATL,ATL,146.0,1,146.0,1,2.0,154.0,0,1.0,147
2023_01_CAR_ATL,CAR,115.0,1,115.0,1,0.0,130.0,2,0.0,147
2023_01_CIN_CLE,CIN,154.0,1,154.0,1,1.0,206.0,1,0.0,146
2023_01_CIN_CLE,CLE,82.0,0,82.0,0,0.0,75.0,0,0.0,147
2023_01_DAL_NYG,DAL,110.0,0,110.0,0,2.0,108.0,0,1.0,147
2023_01_DAL_NYG,NYG,143.0,0,143.0,0,0.0,122.0,3,0.0,147
2023_01_DET_KC,DET,226.0,2,226.0,2,1.0,90.0,0,0.0,147
2023_01_DET_KC,KC,253.0,1,253.0,1,0.0,118.0,1,1.0,147
2023_01_GB_CHI,CHI,245.0,3,245.0,3,0.0,92.0,1,0.0,147
2023_01_GB_CHI,GB,216.0,1,216.0,1,1.0,122.0,1,1.0,147
2023_01_HOU_BAL,BAL,242.0,0,242.0,0,0.0,72.0,0,1.0,147
2023_01_HOU_BAL,HOU,169.0,0,169.0,0,1.0,110.0,3,1.0,147
2023_01_JAX_IND,IND,241.0,2,241.0,2,1.0,105.0,2,0.0,147
2023_01_JAX_IND,JAX,223.0,1,223.0,1,1.0,65.0,1,2.0,147
2023_01_LA_SEA,LA,112.0,1,112.0,1,0.0,85.0,0,0.0,147
2023_01_LA_SEA,SEA,334.0,0,334.0,0,0.0,92.0,3,0.0,147
2023_01_LV_DEN,DEN,200.0,2,200.0,2,1.0,61.0,0,0.0,147
2023_01_LV_DEN,LV,177.0,2,177.0,2,0.0,94.0,0,0.0,147
2023_01_MIA_LAC,LAC,466.0,3,466.0,3,1.0,70.0,1,1.0,147
2023_01_MIA_LAC,MIA,229.0,1,229.0,1,0.0,233.0,3,0.0,147
2023_01_PHI_NE,NE,170.0,1,170.0,1,0.0,97.0,0,1.0,147
2023_01_PHI_NE,PHI,316.0,3,316.0,3,1.0,76.0,0,1.0,147
2023_01_SF_PIT,PIT,220.0,2,220.0,2,0.0,188.0,1,1.0,147
2023_01_SF_PIT,SF,232.0,1,232.0,1,2.0,41.0,0,0.0,147
2023_01_TB_MIN,MIN,173.0,2,173.0,2,0.0,73.0,0,0.0,147
2023_01_TB_MIN,TB,344.0,2,344.0,2,1.0,41.0,0,2.0,147
2023_01_TEN_NO,NO,198.0,0,198.0,0,3.0,104.0,0,0.0,147
2023_01_TEN_NO,TEN,305.0,1,305.0,1,1.0,69.0,0,0.0,147
2023_02_BAL_CIN,BAL,222.0,2,222.0,2,1.0,66.0,0,0.0,148
2023_02_BAL_CIN,CIN,237.0,2,237.0,2,0.0,178.0,1,0.0,147
2023_02_CHI_TB,CHI,317.0,1,317.0,1,0.0,120.0,1,0.0,148
2023_02_CHI_TB,TB,211.0,1,211.0,1,2.0,67.0,1,0.0,148
2023_02_CLE_PIT,CLE,222.0,1,222.0,1,1.0,55.0,0,1.0,148
2023_02_CLE_PIT,PIT,235.0,1,235.0,1,1.0,198.0,1,3.0,148
2023_02_GB_ATL,ATL,151.0,3,151.0,3,0.0,84.0,0,0.0,148
2023_02_GB_ATL,GB,237.0,1,237.0,1,1.0,211.0,1,0.0,148
2023_02_IND_HOU,HOU,227.0,1,227.0,1,0.0,126.0,3,0.0,148
2023_02_IND_HOU,IND,384.0,2,384.0,2,0.0,52.0,0,1.0,148
2023_02_KC_JAX,JAX,305.0,2,305.0,2,1.0,101.0,0,1.0,148
2023_02_KC_JAX,KC,215.0,0,215.0,0,0.0,74.0,0,1.0,148
2023_02_LAC_TEN,LAC,246.0,1,246.0,1,0.0,141.0,2,0.0,148
2023_02_LAC_TEN,TEN,305.0,2,305.0,2,0.0,61.0,0,0.0,148
2023_02_LV_BUF,BUF,185.0,1,185.0,1,2.0,55.0,0,1.0,147
2023_02_LV_BUF,LV,274.0,3,274.0,3,0.0,183.0,2,0.0,148
2023_02_MIA_NE,MIA,228.0,1,231.0,1,1.0,88.0,1,1.0,148
2023_02_MIA_NE,NE,249.0,1,249.0,1,1.0,145.0,2,0.0,148
2023_02_MIN_PHI,MIN,193.0,1,193.0,1,1.0,259.0,3,0.0,148
2023_02_MIN_PHI,PHI,364.0,4,364.0,4,0.0,28.0,0,2.0,148
2023_02_NO_CAR,CAR,236.0,0,236.0,0,1.0,134.0,2,0.0,148
2023_02_NO_CAR,NO,153.0,1,153.0,1,0.0,100.0,0,1.0,148
2023_02_NYG_ARI,ARI,321.0,2,321.0,2,1.0,127.0,2,0.0,148
2023_02_NYG_ARI,NYG,228.0,1,228.0,1,0.0,151.0,2,0.0,148
2023_02_NYJ_DAL,DAL,170.0,1,170.0,1,3.0,64.0,0,1.0,148
2023_02_NYJ_DAL,NYJ,255.0,2,255.0,2,0.0,134.0,0,0.0,148
2023_02_SEA_DET,DET,328.0,2,328.0,2,0.0,82.0,2,0.0,148
2023_02_SEA_DET,SEA,323.0,3,323.0,3,1.0,102.0,1,2.0,148
2023_02_SF_LA,LA,206.0,0,206.0,0,0.0,159.0,3,0.0,148
2023_02_SF_LA,SF,307.0,1,307.0,1,2.0,89.0,1,0.0,148
2023_02_WAS_DEN,DEN,299.0,2,299.0,2,0.0,122.0,2,0.0,148
2023_02_WAS_DEN,WAS,308.0,3,308.0,3,1.0,122.0,1,1.0,148
2023_03_ATL_DET,ATL,243.0,1,243.0,1,1.0,115.0,1,0.0,149
2023_03_ATL_DET,DET,201.0,0,201.0,0,0.0,44.0,0,1.0,149
2023_03_BUF_WAS,BUF,170.0,0,170.0,0,4.0,105.0,0,1.0,148
2023_03_BUF_WAS,WAS,218.0,1,218.0,1,1.0,168.0,2,0.0,149
2023_03_CAR_SEA,CAR,296.0,1,296.0,1,1.0,146.0,2,0.0,149
2023_03_CAR_SEA,SEA,361.0,2,361.0,2,0.0,44.0,1,0.0,149
2023_03_CHI_KC,CHI,303.0,3,303.0,3,2.0,153.0,2,0.0,149
2023_03_CHI_KC,KC,99.0,1,99.0,1,1.0,116.0,0,1.0,149
2023_03_DAL_ARI,ARI,249.0,1,249.0,1,1.0,185.0,0,0.0,149
2023_03_DAL_ARI,DAL,189.0,1,189.0,1,0.0,222.0,2,0.0,149
2023_03_DEN_MIA,DEN,376.0,5,376.0,5,0.0,350.0,5,0.0,149
2023_03_DEN_MIA,MIA,306.0,1,306.0,1,1.0,69.0,0,2.0,149
2023_03_HOU_JAX,HOU,288.0,1,288.0,1,1.0,116.0,1,1.0,149
2023_03_HOU_JAX,JAX,280.0,2,280.0,2,0.0,86.0,1,0.0,149
2023_03_IND_BAL,BAL,227.0,1,227.0,1,0.0,139.0,0,0.0,149
2023_03_IND_BAL,IND,202.0,0,202.0,0,0.0,186.0,2,2.0,149
2023_03_LAC_MIN,LAC,367.0,3,367.0,3,1.0,130.0,0,1.0,149
2023_03_LAC_MIN,MIN,454.0,4,454.0,4,0.0,30.0,0,1.0,149
2023_03_LA_CIN,CIN,269.0,1,269.0,1,2.0,71.0,0,0.0,148
2023_03_LA_CIN,LA,259.0,0,259.0,0,1.0,67.0,1,0.0,149
2023_03_NE_NYJ,NE,157.0,0,157.0,0,0.0,38.0,1,0.0,149
2023_03_NE_NYJ,NYJ,201.0,1,201.0,1,0.0,157.0,0,0.0,149
2023_03_NO_GB,GB,204.0,1,204.0,1,0.0,77.0,0,0.0,149
2023_03_NO_GB,NO,259.0,1,259.0,1,1.0,95.0,1,0.0,149
2023_03_NYG_SF,NYG,310.0,2,310.0,2,0.0,141.0,1,0.0,149
2023_03_NYG_SF,SF,137.0,0,137.0,0,1.0,29.0,1,0.0,149
2023_03_PHI_TB,PHI,146.0,1,146.0,1,1.0,41.0,0,1.0,149
2023_03_PHI_TB,TB,277.0,1,277.0,1,2.0,201.0,1,0.0,149
2023_03_PIT_LV,LV,235.0,2,235.0,2,0.0,105.0,0,0.0,149
2023_03_PIT_LV,PIT,324.0,2,324.0,2,3.0,69.0,0,0.0,149
2023_03_TEN_CLE,CLE,104.0,0,104.0,0,0.0,26.0,0,0.0,149
2023_03_TEN_CLE,TEN,289.0,2,289.0,2,0.0,78.0,1,1.0,149
2023_04_ARI_SF,ARI,283.0,1,283.0,1,0.0,124.0,4,0.0,150
2023_04_ARI_SF,SF,265.0,2,265.0,2,0.0,105.0,0,0.0,150
2023_04_ATL_JAX,ATL,207.0,1,207.0,1,0.0,105.0,0,0.0,150
2023_04_ATL_JAX,JAX,191.0,1,191.0,1,2.0,127.0,0,1.0,150
2023_04_BAL_CLE,BAL,121.0,0,121.0,0,3.0,93.0,0,0.0,150
2023_04_BAL_CLE,CLE,186.0,2,186.0,2,0.0,131.0,2,1.0,150
2023_04_CIN_TEN,CIN,242.0,2,242.0,2,1.0,173.0,1,0.0,149
2023_04_CIN_TEN,TEN,165.0,0,165.0,0,0.0,72.0,0,1.0,150
2023_04_DEN_CHI,CHI,223.0,3,223.0,3,0.0,97.0,0,0.0,150
2023_04_DEN_CHI,DEN,335.0,4,335.0,4,1.0,171.0,0,1.0,150
2023_04_DET_GB,DET,246.0,1,246.0,1,2.0,27.0,1,0.0,150
2023_04_DET_GB,GB,210.0,1,210.0,1,1.0,211.0,3,0.0,150
2023_04_KC_NYJ,KC,245.0,2,245.0,2,0.0,108.0,0,1.0,150
2023_04_KC_NYJ,NYJ,203.0,1,203.0,1,2.0,204.0,1,0.0,150
2023_04_LA_IND,IND,319.0,1,319.0,1,1.0,164.0,2,0.0,150
2023_04_LA_IND,LA,200.0,2,200.0,2,0.0,133.0,1,1.0,150
2023_04_LV_LAC,LAC,238.0,0,238.0,0,1.0,76.0,2,2.0,150
2023_04_LV_LAC,LV,167.0,1,167.0,1,1.0,155.0,2,0.0,150
2023_04_MIA_BUF,BUF,282.0,1,282.0,1,1.0,142.0,2,1.0,149
2023_04_MIA_BUF,MIA,320.0,4,320.0,4,0.0,104.0,2,0.0,150
2023_04_MIN_CAR,CAR,139.0,2,139.0,2,2.0,135.0,0,0.0,150
2023_04_MIN_CAR,MIN,204.0,0,204.0,0,0.0,83.0,0,1.0,150
2023_04_NE_DAL,DAL,207.0,0,207.0,0,2.0,53.0,0,1.0,150
2023_04_NE_DAL,NE,281.0,1,281.0,1,0.0,124.0,1,0.0,150
2023_04_PIT_HOU,HOU,132.0,0,132.0,0,1.0,114.0,0,0.0,150
2023_04_PIT_HOU,PIT,312.0,3,312.0,3,0.0,139.0,0,0.0,150
2023_04_SEA_NYG,NYG,173.0,1,173.0,1,0.0,121.0,1,0.0,150
2023_04_SEA_NYG,SEA,203.0,0,203.0,0,2.0,112.0,0,1.0,150
2023_04_TB_NO,NO,246.0,3,246.0,3,1.0,114.0,0,0.0,150
2023_04_TB_NO,TB,140.0,0,140.0,0,1.0,70.0,0,2.0,150
2023_04_WAS_PHI,PHI,290.0,1,290.0,1,0.0,107.0,2,0.0,150
2023_04_WAS_PHI,WAS,319.0,2,319.0,2,0.0,104.0,1,0.0,150
2023_05_BAL_PIT,BAL,224.0,1,224.0,1,0.0,87.0,0,0.0,151
2023_05_BAL_PIT,PIT,236.0,0,236.0,0,1.0,125.0,1,2.0,151
2023_05_CAR_DET,CAR,236.0,3,236.0,3,0.0,159.0,3,0.0,151
2023_05_CAR_DET,DET,247.0,3,247.0,3,2.0,99.0,0,1.0,151
2023_05_CHI_WAS,CHI,388.0,2,388.0,2,1.0,29.0,0,1.0,151
2023_05_CHI_WAS,WAS,282.0,4,282.0,4,0.0,178.0,0,0.0,151
2023_05_CIN_ARI,ARI,317.0,3,317.0,3,1.0,93.0,0,0.0,151
2023_05_CIN_ARI,CIN,166.0,2,166.0,2,2.0,142.0,1,1.0,150
2023_05_DAL_SF,DAL,253.0,4,253.0,4,0.0,170.0,2,1.0,151
2023_05_DAL_SF,SF,161.0,1,161.0,1,3.0,57.0,0,1.0,151
2023_05_GB_LV,GB,208.0,1,208.0,1,1.0,96.0,1,0.0,151
2023_05_GB_LV,LV,182.0,0,182.0,0,3.0,110.0,1,0.0,151
2023_05_HOU_ATL,ATL,249.0,1,249.0,1,0.0,64.0,0,0.0,151
2023_05_HOU_ATL,HOU,351.0,1,351.0,1,0.0,96.0,1,2.0,151
2023_05_JAX_BUF,BUF,315.0,1,315.0,1,0.0,196.0,2,2.0,150
2023_05_JAX_BUF,JAX,359.0,2,359.0,2,1.0,29.0,1,1.0,151
2023_05_KC_MIN,KC,284.0,2,284.0,2,0.0,70.0,0,1.0,151
2023_05_KC_MIN,MIN,281.0,2,281.0,2,0.0,67.0,1,0.0,151
2023_05_NO_NE,NE,183.0,2,183.0,2,0.0,136.0,1,0.0,151
2023_05_NO_NE,NO,132.0,0,132.0,0,2.0,45.0,0,1.0,151
2023_05_NYG_MIA,MIA,205.0,0,205.0,0,0.0,85.0,0,0.0,151
2023_05_NYG_MIA,NYG,308.0,2,308.0,2,2.0,222.0,2,1.0,151
2023_05_NYJ_DEN,DEN,199.0,0,199.0,0,1.0,234.0,1,0.0,151
2023_05_NYJ_DEN,NYJ,196.0,2,196.0,2,0.0,139.0,0,2.0,151
2023_05_PHI_LA,LA,303.0,1,303.0,1,1.0,159.0,1,0.0,151
2023_05_PHI_LA,PHI,222.0,2,222.0,2,0.0,54.0,0,0.0,151
2023_05_TEN_IND,IND,264.0,0,264.0,0,1.0,89.0,1,0.0,151
2023_05_TEN_IND,TEN,253.0,0,253.0,0,0.0,193.0,2,0.0,151
2023_06_ARI_LA,ARI,226.0,1,226.0,1,0.0,179.0,1,0.0,152
2023_06_ARI_LA,LA,235.0,0,235.0,0,1.0,130.0,0,1.0,152
2023_06_BAL_TEN,BAL,150.0,0,150.0,0,1.0,129.0,1,0.0,152
2023_06_BAL_TEN,TEN,223.0,1,223.0,1,1.0,139.0,0,0.0,152
2023_06_CAR_MIA,CAR,262.0,3,262.0,3,1.0,162.0,3,0.0,152
2023_06_CAR_MIA,MIA,224.0,1,224.0,1,0.0,108.0,1,0.0,152
2023_06_DAL_LAC,DAL,227.0,2,227.0,2,1.0,53.0,0,0.0,152
2023_06_DAL_LAC,LAC,272.0,1,272.0,1,0.0,96.0,1,0.0,151
2023_06_DEN_KC,DEN,306.0,1,306.0,1,1.0,96.0,0,0.0,152
2023_06_DEN_KC,KC,95.0,1,95.0,1,2.0,115.0,0,1.0,152
2023_06_DET_TB,DET,206.0,0,206.0,0,1.0,46.0,0,0.0,152
2023_06_DET_TB,TB,353.0,2,353.0,2,0.0,40.0,0,0.0,151
2023_06_IND_JAX,IND,181.0,2,181.0,2,1.0,85.0,2,0.0,152
2023_06_IND_JAX,JAX,329.0,1,329.0,1,3.0,44.0,1,1.0,152
2023_06_MIN_CHI,CHI,181.0,1,181.0,1,0.0,46.0,0,1.0,152
2023_06_MIN_CHI,MIN,141.0,0,141.0,0,2.0,162.0,1,1.0,152
2023_06_NE_LV,LV,200.0,0,200.0,0,1.0,83.0,2,0.0,152
2023_06_NE_LV,NE,264.0,1,264.0,1,1.0,84.0,0,0.0,152
2023_06_NO_HOU,HOU,357.0,1,357.0,1,1.0,89.0,0,0.0,152
2023_06_NO_HOU,NO,199.0,2,199.0,2,1.0,120.0,0,0.0,152
2023_06_NYG_BUF,BUF,200.0,0,200.0,0,0.0,132.0,0,0.0,151
2023_06_NYG_BUF,NYG,169.0,2,169.0,2,1.0,128.0,0,1.0,152
2023_06_PHI_NYJ,NYJ,280.0,1,280.0,1,3.0,80.0,1,1.0,152
2023_06_PHI_NYJ,PHI,186.0,0,186.0,0,0.0,89.0,1,0.0,152
2023_06_SEA_CIN,CIN,326.0,0,326.0,0,2.0,87.0,1,0.0,151
2023_06_SEA_CIN,SEA,185.0,2,185.0,2,1.0,46.0,0,0.0,151
2023_06_SF_CLE,CLE,125.0,1,125.0,1,1.0,108.0,1,0.0,151
2023_06_SF_CLE,SF,192.0,0,192.0,0,2.0,160.0,1,0.0,152
2023_06_WAS_ATL,ATL,151.0,3,151.0,3,0.0,72.0,0,0.0,152
2023_06_WAS_ATL,WAS,307.0,2,307.0,2,3.0,106.0,0,0.0,152
2023_07_ARI_SEA,ARI,219.0,2,219.0,2,1.0,115.0,0,1.0,153
2023_07_ARI_SEA,SEA,150.0,0,150.0,0,0.0,127.0,1,0.0,152
2023_07_ATL_TB,ATL,275.0,1,275.0,1,1.0,73.0,0,1.0,153
2023_07_ATL_TB,TB,250.0,0,250.0,0,0.0,156.0,1,1.0,152
2023_07_BUF_NE,BUF,272.0,2,272.0,2,0.0,96.0,1,1.0,152
2023_07_BUF_NE,NE,265.0,2,265.0,2,1.0,81.0,1,1.0,153
2023_07_CLE_IND,CLE,305.0,2,305.0,2,1.0,168.0,3,3.0,152
2023_07_CLE_IND,IND,183.0,0,183.0,0,2.0,150.0,3,0.0,153
2023_07_DET_BAL,BAL,284.0,0,284.0,0,1.0,84.0,1,0.0,153
2023_07_DET_BAL,DET,357.0,3,357.0,3,0.0,146.0,2,1.0,153
2023_07_GB_DEN,DEN,194.0,2,194.0,2,1.0,137.0,0,0.0,153
2023_07_GB_DEN,GB,194.0,1,194.0,1,0.0,145.0,0,0.0,152
2023_07_JAX_NO,JAX,301.0,1,301.0,1,1.0,112.0,1,0.0,153
2023_07_JAX_NO,NO,217.0,1,217.0,1,0.0,113.0,2,1.0,153
2023_07_LAC_KC,KC,259.0,1,259.0,1,2.0,139.0,1,0.0,153
2023_07_LAC_KC,LAC,424.0,4,424.0,4,1.0,68.0,0,1.0,152
2023_07_LV_CHI,CHI,204.0,1,204.0,1,3.0,39.0,0,0.0,153
2023_07_LV_CHI,LV,162.0,1,162.0,1,0.0,173.0,2,0.0,153
2023_07_MIA_PHI,MIA,279.0,2,279.0,2,1.0,99.0,2,1.0,153
2023_07_MIA_PHI,PHI,216.0,1,216.0,1,1.0,45.0,0,0.0,153
2023_07_PIT_LA,LA,230.0,0,230.0,0,0.0,86.0,3,0.0,153
2023_07_PIT_LA,PIT,231.0,1,231.0,1,1.0,135.0,1,0.0,152
2023_07_SF_MIN,MIN,272.0,1,272.0,1,2.0,65.0,1,1.0,153
2023_07_SF_MIN,SF,378.0,2,378.0,2,1.0,74.0,0,0.0,153
2023_07_WAS_NYG,NYG,249.0,0,249.0,0,1.0,76.0,1,0.0,153
2023_07_WAS_NYG,WAS,279.0,2,279.0,2,0.0,106.0,0,1.0,153
2023_08_ATL_TEN,ATL,238.0,4,238.0,4,0.0,149.0,0,1.0,154
2023_08_ATL_TEN,TEN,246.0,1,246.0,1,0.0,140.0,1,1.0,153
2023_08_BAL_ARI,ARI,157.0,1,157.0,1,0.0,130.0,3,0.0,154
2023_08_BAL_ARI,BAL,208.0,2,208.0,2,2.0,129.0,1,0.0,154
2023_08_CHI_LAC,CHI,298.0,3,298.0,3,0.0,54.0,0,1.0,154
2023_08_CHI_LAC,LAC,232.0,0,232.0,0,2.0,73.0,2,0.0,153
2023_08_CIN_SF,CIN,365.0,1,365.0,1,2.0,113.0,1,1.0,152
2023_08_CIN_SF,SF,283.0,3,283.0,3,0.0,134.0,1,1.0,154
2023_08_CLE_SEA,CLE,254.0,2,254.0,2,2.0,114.0,1,0.0,153
2023_08_CLE_SEA,SEA,257.0,1,257.0,1,2.0,155.0,1,1.0,153
2023_08_HOU_CAR,CAR,140.0,0,140.0,0,0.0,110.0,2,1.0,153
2023_08_HOU_CAR,HOU,235.0,1,235.0,1,0.0,44.0,0,0.0,153
2023_08_JAX_PIT,JAX,211.0,1,211.0,1,2.0,70.0,0,0.0,154
2023_08_JAX_PIT,PIT,292.0,1,292.0,1,1.0,106.0,0,2.0,153
2023_08_KC_DEN,DEN,240.0,0,240.0,0,2.0,62.0,0,2.0,154
2023_08_KC_DEN,KC,114.0,3,114.0,3,0.0,153.0,0,1.0,154
2023_08_LA_DAL,DAL,204.0,1,204.0,1,1.0,92.0,1,0.0,153
2023_08_LA_DAL,LA,307.0,4,307.0,4,1.0,102.0,0,0.0,154
2023_08_LV_DET,DET,126.0,0,126.0,0,1.0,80.0,1,0.0,154
2023_08_LV_DET,LV,272.0,1,272.0,1,1.0,222.0,1,2.0,154
2023_08_MIN_GB,GB,297.0,2,297.0,2,0.0,62.0,1,1.0,153
2023_08_MIN_GB,MIN,229.0,1,229.0,1,1.0,74.0,0,0.0,154
2023_08_NE_MIA,MIA,161.0,2,161.0,2,1.0,77.0,0,0.0,154
2023_08_NE_MIA,NE,324.0,3,324.0,3,1.0,78.0,1,1.0,154
2023_08_NO_IND,IND,354.0,2,354.0,2,0.0,161.0,3,1.0,154
2023_08_NO_IND,NO,213.0,2,213.0,2,1.0,164.0,1,0.0,154
2023_08_NYJ_NYG,NYG,240.0,1,240.0,1,0.0,58.0,0,2.0,154
2023_08_NYJ_NYG,NYJ,7.0,0,7.0,0,0.0,203.0,1,0.0,153
2023_08_PHI_WAS,PHI,397.0,4,397.0,4,1.0,84.0,0,0.0,154
2023_08_PHI_WAS,WAS,319.0,4,319.0,4,0.0,59.0,1,2.0,154
2023_08_TB_BUF,BUF,237.0,2,237.0,2,0.0,78.0,0,0.0,153
2023_08_TB_BUF,TB,324.0,2,324.0,2,1.0,115.0,1,0.0,153
2023_09_ARI_CLE,ARI,219.0,2,219.0,2,0.0,113.0,1,0.0,155
2023_09_ARI_CLE,CLE,58.0,0,58.0,0,2.0,41.0,0,1.0,154
2023_09_BUF_CIN,BUF,348.0,2,348.0,2,0.0,54.0,1,0.0,154
2023_09_BUF_CIN,CIN,258.0,1,258.0,1,1.0,68.0,1,1.0,153
2023_09_CHI_NO,CHI,214.0,3,214.0,3,0.0,87.0,0,0.0,155
2023_09_CHI_NO,NO,220.0,2,220.0,2,3.0,156.0,0,2.0,155
2023_09_DAL_PHI,DAL,207.0,2,207.0,2,0.0,109.0,2,0.0,154
2023_09_DAL_PHI,PHI,374.0,3,374.0,3,0.0,73.0,0,1.0,155
2023_09_IND_CAR,CAR,127.0,1,127.0,1,0.0,78.0,0,0.0,154
2023_09_IND_CAR,IND,173.0,1,173.0,1,3.0,138.0,0,0.0,155
2023_09_LAC_NYJ,LAC,263.0,0,263.0,0,0.0,64.0,0,3.0,154
2023_09_LAC_NYJ,NYJ,136.0,0,136.0,0,0.0,84.0,2,0.0,154
2023_09_LA_GB,GB,130.0,0,130.0,0,1.0,68.0,0,0.0,154
2023_09_LA_GB,LA,228.0,1,228.0,1,0.0,184.0,1,2.0,155
2023_09_MIA_KC,KC,193.0,1,193.0,1,0.0,117.0,1,1.0,155
2023_09_MIA_KC,MIA,185.0,2,185.0,2,0.0,93.0,0,1.0,155
2023_09_MIN_ATL,ATL,236.0,2,236.0,2,0.0,146.0,1,2.0,155
2023_09_MIN_ATL,MIN,268.0,1,268.0,1,1.0,110.0,1,1.0,155
2023_09_NYG_LV,LV,200.0,1,200.0,1,2.0,123.0,0,0.0,155
2023_09_NYG_LV,NYG,209.0,0,209.0,0,0.0,125.0,3,0.0,155
2023_09_SEA_BAL,BAL,157.0,0,157.0,0,1.0,28.0,0,1.0,155
2023_09_SEA_BAL,SEA,225.0,1,225.0,1,0.0,298.0,3,2.0,154
2023_09_TB_HOU,HOU,268.0,2,265.0,2,0.0,81.0,2,1.0,154
2023_09_TB_HOU,TB,470.0,5,470.0,5,0.0,43.0,0,1.0,154
2023_09_TEN_PIT,PIT,262.0,0,262.0,0,1.0,105.0,1,0.0,154
2023_09_TEN_PIT,TEN,160.0,1,160.0,1,0.0,166.0,1,0.0,154
2023_09_WAS_NE,NE,325.0,1,325.0,1,1.0,124.0,1,1.0,155
2023_09_WAS_NE,WAS,220.0,1,220.0,1,1.0,107.0,1,0.0,155
2023_10_ATL_ARI,ARI,94.0,1,94.0,1,0.0,184.0,2,0.0,156
2023_10_ATL_ARI,ATL,249.0,0,249.0,0,1.0,122.0,2,0.0,156
2023_10_CAR_CHI,CAR,162.0,0,162.0,0,0.0,133.0,1,0.0,155
2023_10_CAR_CHI,CHI,185.0,0,185.0,0,0.0,43.0,0,0.0,156
2023_10_CLE_BAL,BAL,213.0,1,213.0,1,1.0,178.0,1,0.0,156
2023_10_CLE_BAL,CLE,223.0,1,223.0,1,2.0,106.0,2,0.0,155
2023_10_DEN_BUF,BUF,193.0,2,193.0,2,0.0,122.0,0,1.0,155
2023_10_DEN_BUF,DEN,177.0,1,177.0,1,2.0,192.0,2,2.0,155
2023_10_DET_LAC,DET,323.0,4,323.0,4,1.0,98.0,1,0.0,155
2023_10_DET_LAC,LAC,333.0,2,333.0,2,0.0,200.0,3,0.0,155
2023_10_GB_PIT,GB,126.0,0,126.0,0,0.0,205.0,2,0.0,155
2023_10_GB_PIT,PIT,289.0,2,289.0,2,2.0,116.0,0,0.0,155
2023_10_HOU_CIN,CIN,356.0,1,356.0,1,1.0,188.0,2,2.0,154
2023_10_HOU_CIN,HOU,347.0,2,347.0,2,2.0,66.0,1,0.0,155
2023_10_IND_NE,IND,195.0,0,195.0,0,2.0,167.0,0,0.0,156
2023_10_IND_NE,NE,194.0,0,194.0,0,1.0,70.0,1,0.0,156
2023_10_NO_MIN,MIN,232.0,2,232.0,2,2.0,65.0,0,0.0,156
2023_10_NO_MIN,NO,268.0,1,268.0,1,0.0,125.0,2,0.0,156
2023_10_NYG_DAL,DAL,86.0,2,86.0,2,1.0,111.0,0,0.0,155
2023_10_NYG_DAL,NYG,472.0,4,472.0,4,2.0,168.0,3,0.0,156
2023_10_NYJ_LV,LV,263.0,0,263.0,0,1.0,108.0,0,0.0,156
2023_10_NYJ_LV,NYJ,153.0,1,153.0,1,1.0,148.0,0,1.0,155
2023_10_SF_JAX,JAX,302.0,3,302.0,3,0.0,144.0,1,0.0,155
2023_10_SF_JAX,SF,190.0,0,190.0,0,2.0,59.0,0,2.0,155
2023_10_TEN_TB,TB,199.0,0,199.0,0,1.0,42.0,0,0.0,155
2023_10_TEN_TB,TEN,278.0,2,278.0,2,1.0,77.0,0,0.0,155
2023_10_WAS_SEA,SEA,312.0,3,312.0,3,0.0,68.0,0,1.0,155
2023_10_WAS_SEA,WAS,369.0,2,369.0,2,0.0,120.0,0,0.0,156
2023_11_ARI_HOU,ARI,338.0,2,338.0,2,3.0,111.0,1,0.0,157
2023_11_ARI_HOU,HOU,214.0,1,214.0,1,1.0,123.0,1,0.0,156
2023_11_CHI_DET,CHI,236.0,2,236.0,2,3.0,115.0,2,0.0,157
2023_11_CHI_DET,DET,169.0,1,169.0,1,0.0,183.0,1,1.0,156
2023_11_CIN_BAL,BAL,169.0,2,169.0,2,0.0,136.0,0,0.0,157
2023_11_CIN_BAL,CIN,264.0,2,264.0,2,0.0,157.0,2,0.0,155
2023_11_DAL_CAR,CAR,204.0,2,204.0,2,0.0,107.0,1,0.0,156
2023_11_DAL_CAR,DAL,123.0,1,123.0,1,1.0,110.0,0,1.0,156
2023_11_LAC_GB,GB,260.0,2,260.0,2,0.0,150.0,0,1.0,156
2023_11_LAC_GB,LAC,322.0,2,322.0,2,0.0,102.0,1,0.0,156
2023_11_LV_MIA,LV,325.0,2,325.0,2,1.0,99.0,0,2.0,157
2023_11_LV_MIA,MIA,271.0,1,271.0,1,3.0,36.0,0,0.0,156
2023_11_MIN_DEN,DEN,221.0,1,221.0,1,1.0,175.0,1,2.0,156
2023_11_MIN_DEN,MIN,259.0,1,259.0,1,0.0,46.0,0,0.0,157
2023_11_NYG_WAS,NYG,256.0,1,256.0,1,3.0,174.0,1,2.0,157
2023_11_NYG_WAS,WAS,246.0,3,246.0,3,0.0,91.0,0,0.0,157
2023_11_NYJ_BUF,BUF,132.0,1,132.0,1,2.0,63.0,0,1.0,156
2023_11_NYJ_BUF,NYJ,275.0,3,275.0,3,1.0,130.0,0,0.0,156
2023_11_PHI_KC,KC,150.0,0,150.0,0,1.0,114.0,3,0.0,156
2023_11_PHI_KC,PHI,177.0,2,177.0,2,1.0,168.0,0,1.0,156
2023_11_PIT_CLE,CLE,106.0,0,106.0,0,0.0,172.0,1,0.0,156
2023_11_PIT_CLE,PIT,165.0,0,165.0,0,1.0,96.0,1,0.0,156
2023_11_SEA_LA,LA,236.0,1,236.0,1,1.0,68.0,0,0.0,156
2023_11_SEA_LA,SEA,190.0,1,190.0,1,1.0,82.0,1,0.0,156
2023_11_TB_SF,SF,246.0,1,246.0,1,1.0,66.0,1,1.0,156
2023_11_TB_SF,TB,333.0,3,333.0,3,0.0,115.0,0,0.0,156
2023_11_TEN_JAX,JAX,158.0,2,158.0,2,0.0,92.0,0,1.0,156
2023_11_TEN_JAX,TEN,262.0,2,262.0,2,0.0,128.0,2,0.0,156
2023_12_BAL_LAC,BAL,217.0,1,217.0,1,1.0,86.0,0,3.0,158
2023_12_BAL_LAC,LAC,177.0,1,177.0,1,0.0,197.0,1,0.0,157
2023_12_BUF_PHI,BUF,200.0,3,200.0,3,1.0,185.0,2,1.0,157
2023_12_BUF_PHI,PHI,339.0,2,339.0,2,1.0,173.0,2,0.0,157
2023_12_CAR_TEN,CAR,185.0,0,185.0,0,0.0,80.0,2,0.0,157
2023_12_CAR_TEN,TEN,194.0,0,194.0,0,0.0,96.0,1,1.0,157
2023_12_CHI_MIN,CHI,185.0,1,185.0,1,4.0,73.0,0,0.0,158
2023_12_CHI_MIN,MIN,217.0,0,217.0,0,0.0,118.0,0,2.0,158
2023_12_CLE_DEN,CLE,134.0,1,134.0,1,0.0,169.0,2,1.0,157
2023_12_CLE_DEN,DEN,190.0,1,190.0,1,0.0,107.0,0,3.0,157
2023_12_GB_DET,DET,268.0,3,268.0,3,0.0,109.0,0,0.0,157
2023_12_GB_DET,GB,332.0,2,332.0,2,0.0,140.0,1,3.0,157
2023_12_JAX_HOU,HOU,364.0,1,364.0,1,1.0,81.0,1,0.0,157
2023_12_JAX_HOU,JAX,304.0,2,304.0,2,0.0,91.0,1,0.0,157
2023_12_KC_LV,KC,248.0,1,248.0,1,0.0,123.0,1,0.0,157
2023_12_KC_LV,LV,298.0,2,298.0,2,0.0,69.0,2,0.0,158
2023_12_LA_ARI,ARI,229.0,4,229.0,4,1.0,228.0,1,0.0,158
2023_12_LA_ARI,LA,256.0,1,256.0,1,0.0,73.0,1,0.0,157
2023_12_MIA_NYJ,MIA,179.0,1,179.0,1,2.0,29.0,0,0.0,157
2023_12_MIA_NYJ,NYJ,243.0,1,243.0,1,2.0,167.0,2,1.0,157
2023_12_NE_NYG,NE,191.0,1,191.0,1,0.0,58.0,0,1.0,157
2023_12_NE_NYG,NYG,143.0,0,143.0,0,3.0,147.0,1,0.0,158
2023_12_NO_ATL,ATL,304.0,0,304.0,0,1.0,148.0,0,1.0,157
2023_12_NO_ATL,NO,168.0,1,168.0,1,2.0,228.0,1,0.0,157
2023_12_PIT_CIN,CIN,278.0,0,278.0,0,0.0,153.0,1,1.0,156
2023_12_PIT_CIN,PIT,227.0,1,227.0,1,1.0,25.0,0,0.0,157
2023_12_SF_SEA,SEA,209.0,1,209.0,1,1.0,169.0,3,0.0,157
2023_12_SF_SEA,SF,180.0,0,180.0,0,1.0,88.0,0,0.0,157
2023_12_TB_IND,IND,199.0,2,199.0,2,1.0,125.0,0,1.0,157
2023_12_TB_IND,TB,251.0,0,251.0,0,1.0,155.0,3,0.0,157
2023_12_WAS_DAL,DAL,300.0,0,300.0,0,1.0,108.0,1,0.0,157
2023_12_WAS_DAL,WAS,331.0,4,331.0,4,0.0,100.0,1,0.0,158
2023_13_ARI_PIT,ARI,187.0,1,187.0,1,0.0,130.0,0,1.0,159
2023_13_ARI_PIT,PIT,145.0,1,145.0,1,0.0,150.0,2,0.0,158
2023_13_ATL_NYJ,ATL,214.0,0,214.0,0,1.0,62.0,0,2.0,158
2023_13_ATL_NYJ,NYJ,121.0,1,121.0,1,0.0,90.0,0,0.0,158
2023_13_CAR_TB,CAR,202.0,1,202.0,1,1.0,128.0,2,0.0,158
2023_13_CAR_TB,TB,178.0,0,178.0,0,1.0,133.0,2,0.0,158
2023_13_CIN_JAX,CIN,321.0,2,321.0,2,0.0,71.0,2,0.0,157
2023_13_CIN_JAX,JAX,347.0,1,347.0,1,1.0,156.0,3,0.0,158
2023_13_CLE_LA,CLE,279.0,3,279.0,3,0.0,120.0,1,0.0,158
2023_13_CLE_LA,LA,254.0,2,254.0,2,1.0,87.0,0,0.0,158
2023_13_DEN_HOU,DEN,292.0,1,292.0,1,0.0,89.0,1,0.0,158
2023_13_DEN_HOU,HOU,186.0,1,186.0,1,3.0,118.0,1,0.0,158
2023_13_DET_NO,DET,267.0,1,267.0,1,1.0,113.0,3,1.0,158
2023_13_DET_NO,NO,213.0,2,213.0,2,0.0,142.0,2,0.0,158
2023_13_IND_TEN,IND,224.0,1,224.0,1,0.0,177.0,2,2.0,158
2023_13_IND_TEN,TEN,312.0,2,312.0,2,0.0,55.0,0,1.0,158
2023_13_KC_GB,GB,210.0,1,210.0,1,1.0,148.0,1,0.0,158
2023_13_KC_GB,KC,267.0,3,267.0,3,0.0,129.0,0,0.0,158
2023_13_LAC_NE,LAC,141.0,0,141.0,0,0.0,148.0,0,1.0,158
2023_13_LAC_NE,NE,212.0,0,212.0,0,0.0,29.0,0,0.0,158
2023_13_MIA_WAS,MIA,127.0,0,127.0,0,1.0,138.0,2,0.0,158
2023_13_MIA_WAS,WAS,283.0,2,283.0,2,0.0,123.0,3,0.0,159
2023_13_SEA_DAL,DAL,334.0,3,334.0,3,1.0,72.0,2,0.0,158
2023_13_SEA_DAL,SEA,299.0,3,299.0,3,0.0,136.0,1,0.0,158
2023_13_SF_PHI,PHI,314.0,4,314.0,4,0.0,146.0,2,0.0,158
2023_13_SF_PHI,SF,314.0,1,314.0,1,0.0,46.0,1,0.0,158
2023_14_BUF_KC,BUF,271.0,1,271.0,1,1.0,82.0,1,1.0,158
2023_14_BUF_KC,KC,233.0,1,233.0,1,1.0,118.0,1,0.0,159
2023_14_CAR_NO,CAR,119.0,2,119.0,2,1.0,97.0,1,0.0,159
2023_14_CAR_NO,NO,137.0,0,137.0,0,0.0,204.0,0,2.0,159
2023_14_DEN_LAC,DEN,275.0,0,275.0,0,1.0,76.0,1,1.0,159
2023_14_DEN_LAC,LAC,224.0,2,224.0,2,1.0,106.0,1,0.0,159
2023_14_DET_CHI,CHI,161.0,1,161.0,1,2.0,140.0,1,1.0,159
2023_14_DET_CHI,DET,223.0,1,223.0,1,0.0,142.0,2,0.0,159
2023_14_GB_NYG,GB,158.0,1,158.0,1,0.0,209.0,2,1.0,159
2023_14_GB_NYG,NYG,218.0,1,218.0,1,1.0,123.0,1,1.0,159
2023_14_HOU_NYJ,HOU,301.0,2,301.0,2,0.0,79.0,1,1.0,159
2023_14_HOU_NYJ,NYJ,95.0,0,95.0,0,0.0,81.0,1,0.0,159
2023_14_IND_CIN,CIN,240.0,1,240.0,1,1.0,46.0,0,0.0,158
2023_14_IND_CIN,IND,274.0,2,274.0,2,1.0,111.0,2,0.0,159
2023_14_JAX_CLE,CLE,257.0,3,257.0,3,3.0,58.0,1,1.0,159
2023_14_JAX_CLE,JAX,311.0,3,311.0,3,1.0,82.0,1,2.0,159
2023_14_LA_BAL,BAL,294.0,3,294.0,3,0.0,128.0,0,0.0,159
2023_14_LA_BAL,LA,316.0,3,316.0,3,1.0,139.0,0,0.0,159
2023_14_MIN_LV,LV,146.0,0,146.0,0,0.0,132.0,0,0.0,159
2023_14_MIN_LV,MIN,166.0,0,171.0,0,1.0,56.0,0,1.0,159
2023_14_NE_PIT,NE,190.0,1,190.0,1,1.0,82.0,1,0.0,159
2023_14_NE_PIT,PIT,240.0,3,240.0,3,1.0,81.0,0,0.0,159
2023_14_PHI_DAL,DAL,225.0,0,225.0,0,0.0,106.0,0,3.0,159
2023_14_PHI_DAL,PHI,271.0,2,271.0,2,0.0,138.0,1,1.0,159
2023_14_SEA_SF,SEA,368.0,2,368.0,2,1.0,173.0,2,1.0,159
2023_14_SEA_SF,SF,269.0,2,269.0,2,2.0,70.0,0,0.0,159
2023_14_TB_ATL,ATL,144.0,2,144.0,2,0.0,148.0,1,0.0,159
2023_14_TB_ATL,TB,347.0,1,347.0,1,1.0,96.0,2,0.0,159
2023_14_TEN_MIA,MIA,327.0,1,327.0,1,1.0,83.0,2,1.0,159
2023_14_TEN_MIA,TEN,240.0,0,240.0,0,0.0,158.0,2,0.0,159
2023_15_ATL_CAR,ATL,167.0,0,167.0,0,0.0,129.0,0,0.0,160
2023_15_ATL_CAR,CAR,152.0,1,152.0,1,1.0,52.0,0,1.0,160
2023_15_BAL_JAX,BAL,264.0,1,264.0,1,0.0,75.0,0,2.0,160
2023_15_BAL_JAX,JAX,171.0,1,171.0,1,1.0,251.0,1,0.0,160
2023_15_CHI_CLE,CHI,379.0,2,379.0,2,3.0,29.0,0,0.0,160
2023_15_CHI_CLE,CLE,166.0,1,166.0,1,2.0,88.0,0,0.0,160
2023_15_DAL_BUF,BUF,134.0,0,134.0,0,1.0,89.0,1,0.0,159
2023_15_DAL_BUF,DAL,94.0,1,94.0,1,0.0,266.0,3,0.0,160
2023_15_DEN_DET,DEN,278.0,5,278.0,5,0.0,185.0,1,0.0,160
2023_15_DEN_DET,DET,223.0,1,223.0,1,0.0,83.0,1,1.0,160
2023_15_HOU_TEN,HOU,199.0,0,199.0,0,1.0,66.0,1,0.0,160
2023_15_HOU_TEN,TEN,229.0,1,229.0,1,1.0,148.0,0,0.0,160
2023_15_KC_NE,KC,180.0,1,180.0,1,1.0,52.0,1,0.0,160
2023_15_KC_NE,NE,309.0,3,309.0,3,2.0,43.0,0,0.0,160
2023_15_LAC_LV,LAC,260.0,5,260.0,5,0.0,124.0,2,0.0,160
2023_15_LAC_LV,LV,257.0,3,257.0,3,1.0,92.0,0,3.0,160
2023_15_MIN_CIN,CIN,303.0,2,303.0,2,2.0,143.0,1,0.0,159
2023_15_MIN_CIN,MIN,324.0,2,324.0,2,1.0,80.0,1,0.0,160
2023_15_NYG_NO,NO,190.0,0,190.0,0,0.0,60.0,0,0.0,160
2023_15_NYG_NO,NYG,218.0,3,218.0,3,0.0,87.0,0,0.0,160
2023_15_NYJ_MIA,MIA,136.0,0,136.0,0,2.0,23.0,0,2.0,160
2023_15_NYJ_MIA,NYJ,228.0,1,228.0,1,0.0,77.0,2,0.0,160
2023_15_PHI_SEA,PHI,208.0,1,208.0,1,0.0,100.0,1,0.0,160
2023_15_PHI_SEA,SEA,143.0,0,143.0,0,2.0,178.0,2,0.0,160
2023_15_PIT_IND,IND,172.0,1,172.0,1,2.0,74.0,1,1.0,160
2023_15_PIT_IND,PIT,215.0,3,215.0,3,0.0,170.0,0,0.0,160
2023_15_SF_ARI,ARI,262.0,4,262.0,4,0.0,144.0,1,0.0,160
2023_15_SF_ARI,SF,211.0,1,211.0,1,2.0,234.0,2,0.0,160
2023_15_TB_GB,GB,381.0,4,381.0,4,0.0,99.0,0,1.0,160
2023_15_TB_GB,TB,284.0,2,284.0,2,0.0,60.0,0,1.0,160
2023_15_WAS_LA,LA,226.0,3,226.0,3,1.0,79.0,0,0.0,160
2023_15_WAS_LA,WAS,258.0,2,258.0,2,0.0,196.0,1,2.0,160
2023_16_ARI_CHI,ARI,170.0,1,170.0,1,1.0,250.0,2,0.0,161
2023_16_ARI_CHI,CHI,230.0,2,230.0,2,0.0,93.0,0,0.0,161
2023_16_BAL_SF,BAL,336.0,1,336.0,1,5.0,121.0,1,0.0,161
2023_16_BAL_SF,SF,252.0,2,252.0,2,0.0,102.0,1,0.0,161
2023_16_BUF_LAC,BUF,215.0,0,215.0,0,0.0,98.0,1,0.0,160
2023_16_BUF_LAC,LAC,237.0,1,237.0,1,1.0,105.0,2,1.0,161
2023_16_CIN_PIT,CIN,290.0,2,290.0,2,0.0,113.0,2,0.0,160
2023_16_CIN_PIT,PIT,335.0,1,335.0,1,3.0,59.0,0,0.0,161
2023_16_CLE_HOU,CLE,211.0,2,211.0,2,2.0,72.0,0,0.0,161
2023_16_CLE_HOU,HOU,374.0,3,374.0,3,2.0,54.0,2,0.0,161
2023_16_DAL_MIA,DAL,293.0,1,293.0,1,0.0,91.0,0,0.0,161
2023_16_DAL_MIA,MIA,253.0,2,253.0,2,0.0,97.0,0,1.0,161
2023_16_DET_MIN,DET,411.0,2,411.0,2,4.0,17.0,1,0.0,161
2023_16_DET_MIN,MIN,257.0,1,257.0,1,0.0,143.0,3,1.0,161
2023_16_GB_CAR,CAR,219.0,2,219.0,2,0.0,162.0,2,0.0,161
2023_16_GB_CAR,GB,312.0,2,312.0,2,0.0,96.0,2,0.0,161
2023_16_IND_ATL,ATL,201.0,0,201.0,0,1.0,92.0,1,0.0,161
2023_16_IND_ATL,IND,229.0,1,229.0,1,0.0,177.0,1,0.0,161
2023_16_JAX_TB,JAX,283.0,2,283.0,2,0.0,70.0,1,0.0,161
2023_16_JAX_TB,TB,305.0,2,305.0,2,2.0,37.0,0,2.0,161
2023_16_LV_KC,KC,62.0,0,62.0,0,0.0,157.0,0,0.0,161
2023_16_LV_KC,LV,246.0,1,246.0,1,1.0,85.0,1,1.0,161
2023_16_NE_DEN,DEN,256.0,2,256.0,2,0.0,59.0,0,1.0,161
2023_16_NE_DEN,NE,238.0,2,238.0,2,0.0,83.0,1,1.0,161
2023_16_NO_LA,LA,319.0,3,319.0,3,1.0,35.0,0,0.0,161
2023_16_NO_LA,NO,328.0,2,328.0,2,0.0,133.0,1,0.0,161
2023_16_NYG_PHI,NYG,301.0,1,301.0,1,1.0,170.0,2,0.0,161
2023_16_NYG_PHI,PHI,188.0,1,188.0,1,1.0,106.0,1,0.0,161
2023_16_SEA_TEN,SEA,164.0,1,164.0,1,0.0,162.0,1,0.0,161
2023_16_SEA_TEN,TEN,227.0,2,227.0,2,0.0,58.0,0,0.0,161
2023_16_WAS_NYJ,NYJ,156.0,1,156.0,1,2.0,102.0,3,0.0,161
2023_16_WAS_NYJ,WAS,217.0,1,217.0,1,1.0,164.0,2,1.0,161
2023_17_ARI_PHI,ARI,184.0,3,184.0,3,1.0,91.0,0,0.0,162
2023_17_ARI_PHI,PHI,232.0,3,232.0,3,1.0,221.0,1,0.0,162
2023_17_ATL_CHI,ATL,268.0,1,268.0,1,0.0,192.0,3,0.0,162
2023_17_ATL_CHI,CHI,180.0,1,180.0,1,4.0,134.0,1,0.0,162
2023_17_CAR_JAX,CAR,178.0,0,178.0,0,0.0,155.0,2,0.0,162
2023_17_CAR_JAX,JAX,112.0,0,112.0,0,1.0,57.0,0,0.0,162
2023_17_CIN_KC,CIN,245.0,1,245.0,1,0.0,132.0,0,1.0,161
2023_17_CIN_KC,KC,197.0,1,197.0,1,0.0,104.0,1,0.0,162
2023_17_DET_DAL,DAL,302.0,1,302.0,1,2.0,125.0,1,0.0,162
2023_17_DET_DAL,DET,345.0,2,345.0,2,1.0,61.0,0,0.0,162
2023_17_GB_MIN,GB,180.0,1,180.0,1,1.0,67.0,0,1.0,162
2023_17_GB_MIN,MIN,293.0,3,293.0,3,0.0,177.0,1,0.0,162
2023_17_LAC_DEN,DEN,220.0,0,220.0,0,0.0,86.0,0,1.0,162
2023_17_LAC_DEN,LAC,224.0,1,224.0,1,0.0,101.0,0,0.0,162
2023_17_LA_NYG,LA,319.0,1,319.0,1,1.0,105.0,1,0.0,162
2023_17_LA_NYG,NYG,317.0,1,317.0,1,2.0,105.0,3,1.0,162
2023_17_LV_IND,IND,299.0,2,299.0,2,0.0,84.0,0,0.0,162
2023_17_LV_IND,LV,224.0,1,224.0,1,0.0,134.0,1,0.0,162
2023_17_MIA_BAL,BAL,237.0,2,237.0,2,2.0,154.0,0,1.0,162
2023_17_MIA_BAL,MIA,340.0,6,340.0,6,0.0,160.0,2,1.0,162
2023_17_NE_BUF,BUF,209.0,0,209.0,0,3.0,103.0,2,1.0,161
2023_17_NE_BUF,NE,169.0,0,169.0,0,1.0,127.0,2,0.0,162
2023_17_NO_TB,NO,309.0,2,309.0,2,2.0,57.0,0,2.0,162
2023_17_NO_TB,TB,208.0,2,208.0,2,0.0,108.0,0,0.0,162
2023_17_NYJ_CLE,CLE,261.0,1,261.0,1,1.0,107.0,0,0.0,162
2023_17_NYJ_CLE,NYJ,309.0,3,309.0,3,1.0,127.0,1,2.0,162
2023_17_PIT_SEA,PIT,290.0,1,290.0,1,0.0,88.0,1,1.0,162
2023_17_PIT_SEA,SEA,274.0,0,274.0,0,0.0,202.0,3,0.0,162
2023_17_SF_WAS,SF,169.0,1,169.0,1,2.0,62.0,0,0.0,162
2023_17_SF_WAS,WAS,230.0,2,230.0,2,0.0,184.0,1,0.0,162
2023_17_TEN_HOU,HOU,184.0,0,184.0,0,0.0,53.0,0,1.0,162
2023_17_TEN_HOU,TEN,213.0,1,213.0,1,0.0,111.0,0,0.0,162
2023_18_ATL_NO,ATL,264.0,4,264.0,4,0.0,154.0,2,0.0,163
2023_18_ATL_NO,NO,318.0,2,318.0,2,2.0,78.0,0,1.0,163
2023_18_BUF_MIA,BUF,173.0,1,173.0,1,2.0,108.0,1,0.0,162
2023_18_BUF_MIA,MIA,359.0,2,359.0,2,2.0,128.0,0,1.0,163
2023_18_CHI_GB,CHI,316.0,2,316.0,2,0.0,124.0,0,1.0,163
2023_18_CHI_GB,GB,148.0,0,148.0,0,0.0,75.0,0,0.0,163
2023_18_CLE_CIN,CIN,166.0,2,166.0,2,2.0,104.0,0,0.0,162
2023_18_CLE_CIN,CLE,176.0,3,176.0,3,1.0,183.0,1,0.0,163
2023_18_DAL_WAS,DAL,157.0,1,157.0,1,2.0,50.0,0,1.0,163
2023_18_DAL_WAS,WAS,309.0,4,309.0,4,1.0,131.0,1,0.0,163
2023_18_DEN_LV,DEN,244.0,2,244.0,2,0.0,129.0,1,0.0,163
2023_18_DEN_LV,LV,272.0,1,272.0,1,1.0,48.0,1,0.0,163
2023_18_HOU_IND,HOU,141.0,0,141.0,0,0.0,227.0,1,0.0,163
2023_18_HOU_IND,IND,264.0,2,264.0,2,0.0,60.0,1,0.0,163
2023_18_JAX_TEN,JAX,168.0,2,168.0,2,1.0,175.0,2,0.0,163
2023_18_JAX_TEN,TEN,280.0,2,280.0,2,2.0,82.0,0,0.0,163
2023_18_KC_LAC,KC,258.0,0,258.0,0,0.0,118.0,0,1.0,163
2023_18_KC_LAC,LAC,154.0,0,154.0,0,1.0,123.0,0,0.0,163
2023_18_LA_SF,LA,189.0,1,189.0,1,0.0,125.0,2,1.0,163
2023_18_LA_SF,SF,163.0,2,163.0,2,1.0,109.0,1,0.0,163
2023_18_MIN_DET,DET,396.0,2,396.0,2,2.0,89.0,0,0.0,163
2023_18_MIN_DET,MIN,320.0,2,320.0,2,0.0,70.0,2,0.0,163
2023_18_NYJ_NE,NE,70.0,0,70.0,0,0.0,185.0,1,0.0,163
2023_18_NYJ_NE,NYJ,88.0,0,88.0,0,2.0,88.0,0,0.0,163
2023_18_PHI_NYG,NYG,203.0,1,203.0,1,2.0,133.0,0,2.0,163
2023_18_PHI_NYG,PHI,311.0,1,311.0,1,1.0,109.0,2,0.0,163
2023_18_PIT_BAL,BAL,152.0,1,152.0,1,0.0,155.0,1,2.0,163
2023_18_PIT_BAL,PIT,146.0,1,146.0,1,0.0,106.0,0,2.0,163
2023_18_SEA_ARI,ARI,189.0,2,189.0,2,0.0,138.0,0,0.0,163
2023_18_SEA_ARI,SEA,262.0,1,262.0,1,0.0,206.0,1,0.0,163
2023_18_TB_CAR,CAR,137.0,0,137.0,0,0.0,113.0,0,0.0,163
2023_18_TB_CAR,TB,94.0,0,94.0,0,0.0,131.0,0,2.0,163
2024_01_ARI_BUF,ARI,232.0,2,232.0,2,0.0,130.0,2,1.0,164
2024_01_ARI_BUF,BUF,162.0,1,162.0,1,0.0,124.0,1,1.0,163
2024_01_BAL_KC,BAL,291.0,1,291.0,1,1.0,72.0,2,0.0,164
2024_01_BAL_KC,KC,273.0,1,273.0,1,0.0,185.0,1,1.0,164
2024_01_CAR_NO,CAR,200.0,3,200.0,3,0.0,180.0,2,0.0,164
2024_01_CAR_NO,NO,161.0,0,161.0,0,2.0,58.0,1,1.0,164
2024_01_DAL_CLE,CLE,179.0,1,179.0,1,0.0,102.0,1,0.0,164
2024_01_DAL_CLE,DAL,169.0,1,169.0,1,2.0,93.0,1,0.0,164
2024_01_DEN_SEA,DEN,171.0,1,171.0,1,1.0,146.0,2,0.0,164
2024_01_DEN_SEA,SEA,138.0,0,138.0,0,2.0,99.0,1,1.0,164
2024_01_GB_PHI,GB,278.0,2,278.0,2,2.0,144.0,2,1.0,164
2024_01_GB_PHI,PHI,260.0,2,260.0,2,1.0,163.0,1,0.0,164
2024_01_HOU_IND,HOU,212.0,2,212.0,2,1.0,104.0,2,0.0,164
2024_01_HOU_IND,IND,234.0,2,234.0,2,0.0,213.0,1,0.0,164
2024_01_JAX_MIA,JAX,338.0,1,338.0,1,0.0,81.0,1,0.0,164
2024_01_JAX_MIA,MIA,162.0,1,162.0,1,0.0,128.0,1,1.0,164
2024_01_LA_DET,DET,317.0,1,317.0,1,1.0,83.0,1,0.0,164
2024_01_LA_DET,LA,217.0,1,217.0,1,1.0,163.0,2,0.0,164
2024_01_LV_LAC,LAC,257.0,1,257.0,1,1.0,71.0,0,2.0,164
2024_01_LV_LAC,LV,144.0,1,144.0,1,0.0,176.0,1,0.0,164
2024_01_MIN_NYG,MIN,186.0,0,186.0,0,2.0,74.0,0,0.0,164
2024_01_MIN_NYG,NYG,208.0,2,208.0,2,1.0,111.0,1,1.0,164
2024_01_NE_CIN,CIN,121.0,0,121.0,0,0.0,170.0,1,0.0,163
2024_01_NE_CIN,NE,164.0,0,164.0,0,0.0,70.0,1,1.0,164
2024_01_NYJ_SF,NYJ,231.0,0,231.0,0,0.0,180.0,2,0.0,164
2024_01_NYJ_SF,SF,203.0,2,203.0,2,1.0,68.0,1,1.0,164
2024_01_PIT_ATL,ATL,156.0,0,156.0,0,0.0,137.0,0,0.0,164
2024_01_PIT_ATL,PIT,155.0,1,155.0,1,2.0,89.0,0,0.0,164
2024_01_TEN_CHI,CHI,127.0,1,127.0,1,2.0,140.0,1,1.0,164
2024_01_TEN_CHI,TEN,93.0,0,93.0,0,0.0,84.0,0,0.0,164
2024_01_WAS_TB,TB,184.0,0,184.0,0,0.0,138.0,3,0.0,164
2024_01_WAS_TB,WAS,289.0,4,289.0,4,0.0,112.0,0,0.0,164
2024_02_ATL_PHI,ATL,183.0,1,183.0,1,1.0,186.0,1,0.0,165
2024_02_ATL_PHI,PHI,241.0,2,241.0,2,0.0,152.0,0,0.0,165
2024_02_BUF_MIA,BUF,225.0,1,225.0,1,3.0,139.0,0,0.0,164
2024_02_BUF_MIA,MIA,139.0,1,139.0,1,0.0,108.0,2,0.0,165
2024_02_CHI_HOU,CHI,260.0,1,260.0,1,0.0,75.0,0,1.0,165
2024_02_CHI_HOU,HOU,174.0,0,174.0,0,2.0,71.0,1,0.0,165
2024_02_CIN_KC,CIN,151.0,2,151.0,2,2.0,149.0,0,1.0,164
2024_02_CIN_KC,KC,258.0,2,258.0,2,0.0,74.0,0,1.0,165
2024_02_CLE_JAX,CLE,220.0,0,220.0,0,0.0,127.0,1,0.0,165
2024_02_CLE_JAX,JAX,186.0,0,186.0,0,0.0,125.0,1,0.0,165
2024_02_IND_GB,GB,204.0,1,204.0,1,3.0,140.0,0,0.0,165
2024_02_IND_GB,IND,122.0,1,122.0,1,0.0,261.0,0,1.0,165
2024_02_LAC_CAR,CAR,130.0,2,130.0,2,1.0,219.0,1,1.0,165
2024_02_LAC_CAR,LAC,84.0,0,84.0,0,1.0,90.0,0,0.0,165
2024_02_LA_ARI,ARI,216.0,0,216.0,0,0.0,53.0,1,1.0,165
2024_02_LA_ARI,LA,266.0,3,266.0,3,0.0,231.0,1,1.0,165
2024_02_LV_BAL,BAL,276.0,1,276.0,1,1.0,27.0,1,0.0,165
2024_02_LV_BAL,LV,247.0,1,247.0,1,1.0,151.0,1,0.0,165
2024_02_NO_DAL,DAL,243.0,2,243.0,2,1.0,190.0,4,0.0,165
2024_02_NO_DAL,NO,299.0,1,299.0,1,2.0,68.0,0,0.0,165
2024_02_NYG_WAS,NYG,226.0,0,226.0,0,0.0,215.0,0,0.0,165
2024_02_NYG_WAS,WAS,178.0,2,178.0,2,0.0,129.0,1,1.0,165
2024_02_NYJ_TEN,NYJ,192.0,1,192.0,1,1.0,130.0,1,1.0,165
2024_02_NYJ_TEN,TEN,176.0,2,176.0,2,0.0,101.0,1,0.0,165
2024_02_PIT_DEN,DEN,117.0,1,117.0,1,0.0,141.0,0,0.0,165
2024_02_PIT_DEN,PIT,246.0,0,246.0,0,2.0,64.0,0,0.0,165
2024_02_SEA_NE,NE,327.0,1,327.0,1,0.0,46.0,1,0.0,165
2024_02_SEA_NE,SEA,149.0,1,149.0,1,0.0,185.0,1,0.0,165
2024_02_SF_MIN,MIN,319.0,1,319.0,1,1.0,102.0,1,1.0,165
2024_02_SF_MIN,SF,268.0,2,268.0,2,1.0,146.0,0,1.0,165
2024_02_TB_DET,DET,185.0,1,185.0,1,1.0,70.0,1,0.0,165
2024_02_TB_DET,TB,324.0,0,324.0,0,2.0,139.0,1,0.0,165
2024_03_BAL_DAL,BAL,379.0,2,379.0,2,0.0,51.0,1,1.0,166
2024_03_BAL_DAL,DAL,182.0,1,182.0,1,0.0,274.0,3,0.0,166
2024_03_CAR_LV,CAR,296.0,2,296.0,2,1.0,55.0,1,0.0,166
2024_03_CAR_LV,LV,319.0,3,319.0,3,0.0,131.0,1,0.0,166
2024_03_CHI_IND,CHI,167.0,0,167.0,0,2.0,150.0,3,0.0,166
2024_03_CHI_IND,IND,363.0,2,363.0,2,2.0,63.0,0,1.0,166
2024_03_DEN_TB,DEN,163.0,1,163.0,1,1.0,91.0,0,1.0,166
2024_03_DEN_TB,TB,216.0,0,216.0,0,0.0,136.0,2,1.0,166
2024_03_DET_ARI,ARI,179.0,1,199.0,2,1.0,187.0,1,0.0,166
2024_03_DET_ARI,DET,207.0,1,207.0,1,1.0,77.0,0,0.0,166
2024_03_GB_TEN,GB,260.0,2,260.0,2,2.0,33.0,0,1.0,166
2024_03_GB_TEN,TEN,202.0,1,202.0,1,0.0,188.0,1,0.0,166
2024_03_HOU_MIN,HOU,181.0,4,181.0,4,0.0,118.0,0,0.0,166
2024_03_HOU_MIN,MIN,307.0,1,307.0,1,2.0,38.0,0,0.0,166
2024_03_JAX_BUF,BUF,200.0,1,200.0,1,1.0,92.0,0,1.0,165
2024_03_JAX_BUF,JAX,266.0,4,266.0,4,0.0,122.0,2,0.0,166
2024_03_KC_ATL,ATL,217.0,2,217.0,2,1.0,128.0,0,0.0,166
2024_03_KC_ATL,KC,230.0,1,230.0,1,1.0,82.0,1,0.0,166
2024_03_LAC_PIT,LAC,245.0,1,245.0,1,1.0,114.0,1,0.0,166
2024_03_LAC_PIT,PIT,149.0,1,149.0,1,0.0,61.0,0,0.0,166
2024_03_MIA_SEA,MIA,289.0,1,289.0,1,2.0,100.0,2,0.0,166
2024_03_MIA_SEA,SEA,186.0,0,186.0,0,0.0,65.0,0,0.0,166
2024_03_NE_NYJ,NE,281.0,2,281.0,2,0.0,133.0,1,0.0,166
2024_03_NE_NYJ,NYJ,120.0,0,120.0,0,0.0,78.0,0,1.0,166
2024_03_NYG_CLE,CLE,236.0,2,236.0,2,0.0,112.0,1,1.0,166
2024_03_NYG_CLE,NYG,196.0,2,196.0,2,0.0,69.0,0,2.0,166
2024_03_PHI_NO,NO,311.0,0,311.0,0,1.0,172.0,2,1.0,166
2024_03_PHI_NO,PHI,142.0,1,142.0,1,1.0,89.0,0,0.0,166
2024_03_SF_LA,LA,293.0,3,292.0,3,0.0,137.0,0,1.0,166
2024_03_SF_LA,SF,221.0,1,221.0,1,0.0,98.0,2,0.0,166
2024_03_WAS_CIN,CIN,254.0,2,254.0,2,0.0,108.0,3,0.0,165
2024_03_WAS_CIN,WAS,324.0,3,324.0,3,0.0,124.0,1,0.0,166
2024_04_BUF_BAL,BAL,182.0,0,182.0,0,0.0,81.0,1,1.0,167
2024_04_BUF_BAL,BUF,157.0,2,157.0,2,0.0,271.0,2,1.0,166
2024_04_CIN_CAR,CAR,232.0,2,232.0,2,1.0,141.0,2,0.0,167
2024_04_CIN_CAR,CIN,220.0,2,220.0,2,1.0,155.0,1,0.0,166
2024_04_CLE_LV,CLE,130.0,0,130.0,0,0.0,152.0,2,1.0,167
2024_04_CLE_LV,LV,176.0,1,176.0,1,1.0,92.0,0,0.0,167
2024_04_DAL_NYG,DAL,281.0,0,281.0,0,1.0,26.0,0,0.0,167
2024_04_DAL_NYG,NYG,221.0,2,221.0,2,0.0,80.0,0,0.0,167
2024_04_DEN_NYJ,DEN,225.0,0,225.0,0,0.0,64.0,0,1.0,167
2024_04_DEN_NYJ,NYJ,60.0,1,60.0,1,0.0,126.0,0,1.0,167
2024_04_JAX_HOU,HOU,174.0,2,169.0,2,0.0,158.0,0,0.0,167
2024_04_JAX_HOU,JAX,345.0,2,345.0,2,0.0,101.0,1,0.0,167
2024_04_KC_LAC,KC,179.0,1,179.0,1,0.0,55.0,0,0.0,167
2024_04_KC_LAC,LAC,245.0,1,245.0,1,1.0,101.0,1,1.0,167
2024_04_LA_CHI,CHI,224.0,0,224.0,0,1.0,119.0,1,1.0,167
2024_04_LA_CHI,LA,157.0,1,157.0,1,0.0,131.0,2,0.0,167
2024_04_MIN_GB,GB,275.0,3,275.0,3,1.0,120.0,1,1.0,167
2024_04_MIN_GB,MIN,389.0,4,389.0,4,3.0,86.0,0,1.0,167
2024_04_NE_SF,NE,288.0,1,288.0,1,1.0,148.0,1,0.0,167
2024_04_NE_SF,SF,168.0,1,168.0,1,1.0,73.0,0,2.0,167
2024_04_NO_ATL,ATL,239.0,0,239.0,0,1.0,131.0,3,0.0,167
2024_04_NO_ATL,NO,238.0,0,238.0,0,1.0,88.0,0,0.0,167
2024_04_PHI_TB,PHI,347.0,2,347.0,2,0.0,111.0,2,0.0,167
2024_04_PHI_TB,TB,158.0,1,158.0,1,0.0,113.0,1,1.0,167
2024_04_PIT_IND,IND,312.0,1,312.0,1,0.0,122.0,2,2.0,167
2024_04_PIT_IND,PIT,239.0,2,239.0,2,0.0,133.0,1,0.0,167
2024_04_SEA_DET,DET,395.0,1,395.0,1,1.0,133.0,3,1.0,167
2024_04_SEA_DET,SEA,299.0,3,299.0,3,0.0,116.0,3,0.0,167
2024_04_TEN_MIA,MIA,110.0,0,110.0,0,1.0,142.0,2,0.0,167
2024_04_TEN_MIA,TEN,96.0,0,96.0,0,0.0,106.0,1,1.0,167
2024_04_WAS_ARI,ARI,233.0,1,233.0,1,1.0,216.0,4,0.0,167
2024_04_WAS_ARI,WAS,142.0,1,142.0,1,0.0,181.0,1,1.0,167
2024_05_ARI_SF,ARI,244.0,1,244.0,1,2.0,153.0,0,1.0,168
2024_05_ARI_SF,SF,195.0,1,195.0,1,1.0,169.0,1,0.0,168
2024_05_BAL_CIN,BAL,392.0,5,392.0,5,1.0,71.0,0,0.0,168
2024_05_BAL_CIN,CIN,348.0,4,348.0,4,0.0,175.0,1,1.0,167
2024_05_BUF_HOU,BUF,331.0,1,331.0,1,1.0,94.0,1,1.0,167
2024_05_BUF_HOU,HOU,131.0,1,131.0,1,0.0,150.0,1,0.0,168
2024_05_CAR_CHI,CAR,304.0,2,304.0,2,0.0,128.0,3,0.0,168
2024_05_CAR_CHI,CHI,194.0,0,194.0,0,1.0,120.0,1,2.0,168
2024_05_CLE_WAS,CLE,236.0,1,236.0,1,1.0,215.0,3,1.0,168
2024_05_CLE_WAS,WAS,141.0,1,141.0,1,0.0,104.0,0,1.0,168
2024_05_DAL_PIT,DAL,152.0,2,150.0,2,0.0,92.0,0,1.0,168
2024_05_DAL_PIT,PIT,352.0,2,352.0,2,2.0,109.0,0,1.0,168
2024_05_GB_LA,GB,260.0,1,260.0,1,1.0,134.0,1,1.0,168
2024_05_GB_LA,LA,224.0,2,224.0,2,1.0,126.0,1,0.0,168
2024_05_IND_JAX,IND,371.0,2,371.0,2,1.0,126.0,2,1.0,168
2024_05_IND_JAX,JAX,383.0,3,383.0,3,0.0,99.0,1,1.0,168
2024_05_LV_DEN,DEN,231.0,1,231.0,1,3.0,115.0,1,0.0,168
2024_05_LV_DEN,LV,206.0,2,206.0,2,0.0,109.0,1,0.0,168
2024_05_MIA_NE,MIA,160.0,0,160.0,0,0.0,151.0,1,0.0,168
2024_05_MIA_NE,NE,194.0,0,194.0,0,1.0,193.0,1,0.0,168
2024_05_NO_KC,KC,182.0,2,182.0,2,1.0,46.0,0,0.0,168
2024_05_NO_KC,NO,331.0,0,331.0,0,1.0,139.0,2,0.0,168
2024_05_NYG_SEA,NYG,284.0,1,284.0,1,0.0,102.0,0,1.0,168
2024_05_NYG_SEA,SEA,257.0,2,257.0,2,0.0,175.0,0,1.0,168
2024_05_NYJ_MIN,MIN,244.0,2,244.0,2,3.0,36.0,0,0.0,168
2024_05_NYJ_MIN,NYJ,203.0,0,203.0,0,1.0,82.0,1,1.0,168
2024_05_TB_ATL,ATL,180.0,3,180.0,3,0.0,160.0,0,1.0,168
2024_05_TB_ATL,TB,509.0,4,509.0,4,1.0,73.0,0,0.0,168
2024_06_ARI_GB,ARI,258.0,4,258.0,4,1.0,179.0,0,0.0,169
2024_06_ARI_GB,GB,214.0,1,214.0,1,0.0,89.0,0,3.0,169
2024_06_ATL_CAR,ATL,221.0,2,221.0,2,2.0,114.0,0,0.0,169
2024_06_ATL_CAR,CAR,225.0,1,225.0,1,0.0,198.0,3,1.0,169
2024_06_BUF_NYJ,BUF,294.0,2,294.0,2,1.0,121.0,0,0.0,168
2024_06_BUF_NYJ,NYJ,215.0,2,215.0,2,0.0,149.0,1,0.0,169
2024_06_CIN_NYG,CIN,205.0,0,205.0,0,1.0,119.0,1,0.0,168
2024_06_CIN_NYG,NYG,208.0,0,208.0,0,0.0,121.0,2,1.0,169
2024_06_CLE_PHI,CLE,264.0,2,264.0,2,0.0,116.0,0,0.0,169
2024_06_CLE_PHI,PHI,168.0,0,168.0,0,0.0,100.0,0,0.0,168
2024_06_DET_DAL,DAL,334.0,3,334.0,3,0.0,184.0,2,0.0,169
2024_06_DET_DAL,DET,224.0,0,224.0,0,3.0,53.0,0,2.0,168
2024_06_HOU_NE,HOU,243.0,3,243.0,3,2.0,82.0,0,2.0,169
2024_06_HOU_NE,NE,192.0,3,192.0,3,1.0,192.0,2,0.0,169
2024_06_IND_TEN,IND,95.0,1,95.0,1,1.0,146.0,1,0.0,169
2024_06_IND_TEN,TEN,189.0,2,189.0,2,1.0,80.0,0,0.0,168
2024_06_JAX_CHI,CHI,240.0,2,240.0,2,1.0,68.0,0,1.0,169
2024_06_JAX_CHI,JAX,226.0,4,226.0,4,1.0,152.0,1,0.0,169
2024_06_LAC_DEN,DEN,237.0,1,237.0,1,0.0,128.0,1,0.0,169
2024_06_LAC_DEN,LAC,216.0,2,216.0,2,1.0,110.0,0,1.0,168
2024_06_PIT_LV,LV,145.0,0,145.0,0,0.0,183.0,3,0.0,169
2024_06_PIT_LV,PIT,227.0,1,227.0,1,1.0,57.0,1,2.0,169
2024_06_SF_SEA,SEA,255.0,3,255.0,3,0.0,228.0,1,0.0,169
2024_06_SF_SEA,SF,312.0,1,312.0,1,2.0,52.0,1,0.0,169
2024_06_TB_NO,NO,316.0,4,325.0,4,3.0,277.0,2,0.0,169
2024_06_TB_NO,TB,243.0,1,243.0,1,2.0,81.0,1,1.0,169
2024_06_WAS_BAL,BAL,269.0,2,269.0,2,0.0,52.0,0,0.0,169
2024_06_WAS_BAL,WAS,323.0,1,323.0,1,1.0,176.0,2,0.0,169
2024_07_BAL_TB,BAL,370.0,3,370.0,3,2.0,125.0,1,0.0,170
2024_07_BAL_TB,TB,281.0,5,281.0,5,0.0,244.0,0,1.0,170
2024_07_CAR_WAS,CAR,211.0,2,211.0,2,0.0,214.0,1,0.0,170
2024_07_CAR_WAS,WAS,89.0,0,89.0,0,2.0,95.0,1,0.0,170
2024_07_CIN_CLE,CIN,277.0,1,277.0,1,2.0,77.0,1,0.0,169
2024_07_CIN_CLE,CLE,181.0,2,181.0,2,0.0,59.0,0,0.0,170
2024_07_DEN_NO,DEN,210.0,1,210.0,1,0.0,97.0,0,2.0,170
2024_07_DEN_NO,NO,164.0,0,164.0,0,0.0,225.0,2,1.0,170
2024_07_DET_MIN,DET,259.0,1,259.0,1,1.0,139.0,1,0.0,169
2024_07_DET_MIN,MIN,280.0,2,280.0,2,0.0,144.0,2,1.0,169
2024_07_HOU_GB,GB,86.0,0,86.0,0,0.0,142.0,2,0.0,170
2024_07_HOU_GB,HOU,220.0,3,220.0,3,2.0,82.0,0,0.0,170
2024_07_KC_SF,KC,212.0,0,212.0,0,3.0,101.0,2,0.0,169
2024_07_KC_SF,SF,154.0,0,154.0,0,2.0,184.0,4,0.0,170
2024_07_LAC_ARI,ARI,349.0,0,349.0,0,0.0,59.0,0,1.0,170
2024_07_LAC_ARI,LAC,145.0,1,145.0,1,1.0,181.0,1,0.0,169
2024_07_LV_LA,LA,206.0,0,206.0,0,3.0,122.0,0,1.0,169
2024_07_LV_LA,LV,154.0,0,154.0,0,1.0,115.0,2,0.0,170
2024_07_MIA_IND,IND,161.0,1,161.0,1,0.0,188.0,0,2.0,170
2024_07_MIA_IND,MIA,129.0,0,129.0,0,0.0,155.0,1,1.0,169
2024_07_NE_JAX,JAX,276.0,2,276.0,2,0.0,38.0,0,0.0,170
2024_07_NE_JAX,NE,193.0,1,193.0,1,0.0,171.0,2,0.0,170
2024_07_NYJ_PIT,NYJ,264.0,2,264.0,2,0.0,149.0,2,0.0,170
2024_07_NYJ_PIT,PIT,276.0,1,276.0,1,2.0,54.0,1,0.0,170
2024_07_PHI_NYG,NYG,114.0,1,114.0,1,0.0,269.0,3,0.0,170
2024_07_PHI_NYG,PHI,105.0,0,105.0,0,0.0,76.0,0,0.0,169
2024_07_SEA_ATL,ATL,242.0,2,242.0,2,0.0,103.0,1,0.0,170
2024_07_SEA_ATL,SEA,246.0,1,246.0,1,2.0,155.0,1,1.0,170
2024_07_TEN_BUF,BUF,215.0,1,215.0,1,1.0,89.0,0,1.0,169
2024_07_TEN_BUF,TEN,323.0,2,323.0,2,0.0,74.0,2,0.0,169
2024_08_ARI_MIA,ARI,234.0,1,234.0,1,0.0,150.0,2,0.0,171
2024_08_ARI_MIA,MIA,307.0,2,307.0,2,0.0,82.0,1,0.0,170
2024_08_ATL_TB,ATL,330.0,3,330.0,3,2.0,102.0,0,1.0,171
2024_08_ATL_TB,TB,276.0,4,276.0,4,0.0,129.0,0,0.0,171
2024_08_BAL_CLE,BAL,334.0,3,334.0,3,0.0,80.0,0,1.0,171
2024_08_BAL_CLE,CLE,289.0,2,289.0,2,0.0,124.0,1,0.0,171
2024_08_BUF_SEA,BUF,212.0,0,212.0,0,1.0,32.0,1,0.0,170
2024_08_BUF_SEA,SEA,283.0,2,283.0,2,1.0,164.0,2,0.0,171
2024_08_CAR_DEN,CAR,315.0,3,315.0,3,0.0,102.0,1,2.0,171
2024_08_CAR_DEN,DEN,224.0,2,224.0,2,2.0,69.0,0,0.0,171
2024_08_CHI_WAS,CHI,326.0,1,326.0,1,0.0,168.0,0,0.0,170
2024_08_CHI_WAS,WAS,131.0,0,131.0,0,0.0,202.0,2,1.0,171
2024_08_DAL_SF,DAL,260.0,1,260.0,1,0.0,223.0,2,0.0,170
2024_08_DAL_SF,SF,243.0,2,243.0,2,2.0,56.0,1,0.0,171
2024_08_GB_JAX,GB,308.0,2,308.0,2,1.0,91.0,1,1.0,171
2024_08_GB_JAX,JAX,252.0,1,252.0,1,1.0,170.0,2,0.0,171
2024_08_IND_HOU,HOU,175.0,1,175.0,1,1.0,150.0,1,1.0,171
2024_08_IND_HOU,IND,285.0,1,285.0,1,0.0,96.0,1,1.0,171
2024_08_KC_LV,KC,209.0,2,209.0,2,0.0,33.0,0,1.0,170
2024_08_KC_LV,LV,262.0,2,262.0,2,1.0,82.0,1,0.0,171
2024_08_MIN_LA,LA,240.0,2,240.0,2,0.0,64.0,0,0.0,170
2024_08_MIN_LA,MIN,279.0,4,279.0,4,1.0,107.0,0,0.0,170
2024_08_NO_LAC,LAC,281.0,0,281.0,0,0.0,117.0,0,0.0,170
2024_08_NO_LAC,NO,279.0,2,279.0,2,0.0,122.0,1,0.0,171
2024_08_NYG_PIT,NYG,278.0,1,278.0,1,0.0,167.0,0,1.0,171
2024_08_NYG_PIT,PIT,264.0,0,264.0,0,1.0,157.0,1,1.0,171
2024_08_NYJ_NE,NE,233.0,2,233.0,2,0.0,112.0,1,0.0,171
2024_08_NYJ_NE,NYJ,155.0,0,155.0,0,0.0,112.0,3,0.0,171
2024_08_PHI_CIN,CIN,236.0,1,236.0,1,0.0,161.0,3,0.0,170
2024_08_PHI_CIN,PHI,234.0,1,234.0,1,1.0,58.0,1,1.0,170
2024_08_TEN_DET,DET,266.0,1,266.0,1,2.0,158.0,1,2.0,170
2024_08_TEN_DET,TEN,94.0,4,94.0,4,0.0,164.0,2,0.0,170
2024_09_CHI_ARI,ARI,217.0,0,217.0,0,0.0,69.0,0,0.0,172
2024_09_CHI_ARI,CHI,154.0,0,154.0,0,0.0,213.0,3,2.0,171
2024_09_DAL_ATL,ATL,248.0,2,248.0,2,0.0,137.0,0,0.0,172
2024_09_DAL_ATL,DAL,222.0,3,222.0,3,0.0,100.0,1,1.0,171
2024_09_DEN_BAL,BAL,225.0,1,225.0,1,1.0,122.0,0,0.0,172
2024_09_DEN_BAL,DEN,280.0,3,280.0,3,0.0,127.0,2,0.0,172
2024_09_DET_GB,DET,273.0,0,273.0,0,1.0,138.0,1,0.0,171
2024_09_DET_GB,GB,145.0,1,145.0,1,0.0,124.0,1,0.0,172
2024_09_HOU_NYJ,HOU,211.0,3,211.0,3,0.0,100.0,0,0.0,172
2024_09_HOU_NYJ,NYJ,191.0,0,191.0,0,0.0,187.0,1,1.0,172
2024_09_IND_MIN,IND,312.0,3,312.0,3,2.0,133.0,0,1.0,172
2024_09_IND_MIN,MIN,179.0,0,179.0,0,1.0,68.0,0,1.0,171
2024_09_JAX_PHI,JAX,230.0,2,230.0,2,0.0,237.0,2,1.0,172
2024_09_JAX_PHI,PHI,169.0,0,169.0,0,2.0,60.0,2,0.0,171
2024_09_LAC_CLE,CLE,282.0,2,282.0,2,0.0,96.0,2,0.0,172
2024_09_LAC_CLE,LAC,235.0,1,235.0,1,3.0,79.0,0,0.0,171
2024_09_LA_SEA,LA,363.0,3,363.0,3,3.0,107.0,0,0.0,171
2024_09_LA_SEA,SEA,298.0,2,298.0,2,1.0,68.0,0,0.0,172
2024_09_LV_CIN,CIN,198.0,1,198.0,1,0.0,60.0,1,2.0,171
2024_09_LV_CIN,LV,251.0,5,251.0,5,1.0,130.0,0,0.0,172
2024_09_MIA_BUF,BUF,231.0,2,231.0,2,0.0,149.0,1,1.0,171
2024_09_MIA_BUF,MIA,235.0,3,235.0,3,1.0,94.0,0,0.0,171
2024_09_NE_TEN,NE,240.0,2,240.0,2,1.0,167.0,0,0.0,172
2024_09_NE_TEN,TEN,206.0,1,206.0,1,2.0,110.0,1,1.0,171
2024_09_NO_CAR,CAR,236.0,1,236.0,1,0.0,197.0,1,0.0,172
2024_09_NO_CAR,NO,171.0,1,171.0,1,1.0,80.0,2,0.0,172
2024_09_TB_KC,KC,200.0,2,200.0,2,0.0,95.0,1,0.0,171
2024_09_TB_KC,TB,291.0,3,291.0,3,0.0,124.0,1,1.0,172
2024_09_WAS_NYG,NYG,209.0,2,209.0,2,0.0,149.0,1,0.0,172
2024_09_WAS_NYG,WAS,174.0,2,174.0,2,0.0,164.0,1,1.0,172
2024_10_ATL_NO,ATL,269.0,2,269.0,2,0.0,96.0,0,0.0,173
2024_10_ATL_NO,NO,306.0,0,306.0,0,1.0,181.0,2,0.0,173
2024_10_BUF_IND,BUF,272.0,2,272.0,2,3.0,121.0,0,1.0,172
2024_10_BUF_IND,IND,280.0,0,280.0,0,2.0,135.0,2,0.0,173
2024_10_CIN_BAL,BAL,428.0,4,428.0,4,0.0,49.0,1,1.0,173
2024_10_CIN_BAL,CIN,290.0,4,290.0,4,0.0,99.0,1,0.0,172
2024_10_DEN_KC,DEN,266.0,1,266.0,1,0.0,57.0,0,0.0,173
2024_10_DEN_KC,KC,215.0,2,215.0,2,0.0,78.0,0,0.0,172
2024_10_DET_HOU,DET,232.0,1,232.0,1,2.0,56.0,1,0.0,172
2024_10_DET_HOU,HOU,240.0,2,240.0,2,5.0,105.0,1,0.0,173
2024_10_MIA_LA,LA,207.0,1,207.0,1,1.0,67.0,1,1.0,172
2024_10_MIA_LA,MIA,293.0,0,293.0,0,1.0,70.0,0,1.0,172
2024_10_MIN_JAX,JAX,241.0,0,241.0,0,3.0,169.0,0,0.0,173
2024_10_MIN_JAX,MIN,111.0,0,111.0,0,2.0,56.0,1,1.0,172
2024_10_NE_CHI,CHI,184.0,1,184.0,1,1.0,144.0,0,0.0,172
2024_10_NE_CHI,NE,120.0,0,120.0,0,0.0,73.0,0,0.0,173
2024_10_NYG_CAR,CAR,190.0,0,190.0,0,2.0,167.0,2,1.0,173
2024_10_NYG_CAR,NYG,126.0,1,126.0,1,0.0,188.0,1,1.0,173
2024_10_NYJ_ARI,ARI,151.0,0,151.0,0,0.0,79.0,0,1.0,173
2024_10_NYJ_ARI,NYJ,266.0,1,266.0,1,0.0,147.0,3,0.0,173
2024_10_PHI_DAL,DAL,207.0,2,207.0,2,1.0,187.0,2,1.0,172
2024_10_PHI_DAL,PHI,66.0,0,66.0,0,1.0,97.0,0,4.0,172
2024_10_PIT_WAS,PIT,202.0,0,202.0,0,0.0,60.0,3,0.0,172
2024_10_PIT_WAS,WAS,195.0,3,195.0,3,1.0,140.0,1,1.0,173
2024_10_SF_TB,SF,116.0,1,116.0,1,0.0,110.0,1,0.0,172
2024_10_SF_TB,TB,353.0,2,353.0,2,0.0,75.0,0,0.0,173
2024_10_TEN_LAC,LAC,175.0,2,175.0,2,0.0,132.0,0,0.0,172
2024_10_TEN_LAC,TEN,164.0,1,164.0,1,0.0,145.0,2,0.0,172
2024_11_ATL_DEN,ATL,307.0,4,307.0,4,0.0,105.0,1,0.0,174
2024_11_ATL_DEN,DEN,197.0,0,197.0,0,1.0,50.0,0,0.0,174
2024_11_BAL_PIT,BAL,205.0,0,205.0,0,1.0,122.0,0,0.0,174
2024_11_BAL_PIT,PIT,207.0,1,207.0,1,1.0,124.0,1,2.0,173
2024_11_CIN_LAC,CIN,297.0,2,297.0,2,0.0,155.0,2,1.0,173
2024_11_CIN_LAC,LAC,356.0,3,356.0,3,0.0,110.0,0,0.0,173
2024_11_CLE_NO,CLE,266.0,2,266.0,2,1.0,214.0,3,1.0,173
2024_11_CLE_NO,NO,395.0,2,395.0,2,0.0,66.0,0,0.0,174
2024_11_GB_CHI,CHI,261.0,1,261.0,1,1.0,106.0,2,0.0,173
2024_11_GB_CHI,GB,231.0,0,231.0,0,0.0,179.0,2,0.0,173
2024_11_HOU_DAL,DAL,257.0,0,257.0,0,1.0,141.0,3,0.0,173
2024_11_HOU_DAL,HOU,358.0,1,358.0,1,1.0,64.0,0,0.0,174
2024_11_IND_NYJ,IND,184.0,2,184.0,2,0.0,91.0,1,0.0,174
2024_11_IND_NYJ,NYJ,272.0,1,272.0,1,0.0,91.0,2,1.0,174
2024_11_JAX_DET,DET,138.0,0,138.0,0,1.0,41.0,0,0.0,173
2024_11_JAX_DET,JAX,449.0,4,449.0,4,0.0,196.0,3,0.0,174
2024_11_KC_BUF,BUF,196.0,3,196.0,3,2.0,78.0,0,0.0,173
2024_11_KC_BUF,KC,262.0,1,262.0,1,1.0,104.0,3,0.0,173
2024_11_LA_NE,LA,282.0,2,282.0,2,1.0,125.0,0,1.0,173
2024_11_LA_NE,NE,295.0,4,295.0,4,0.0,107.0,0,0.0,174
2024_11_LV_MIA,LV,288.0,3,288.0,3,0.0,82.0,1,0.0,173
2024_11_LV_MIA,MIA,282.0,2,282.0,2,1.0,60.0,0,0.0,173
2024_11_MIN_TEN,MIN,295.0,1,295.0,1,1.0,33.0,0,0.0,173
2024_11_MIN_TEN,TEN,246.0,2,246.0,2,0.0,82.0,1,1.0,173
2024_11_SEA_SF,SEA,159.0,1,159.0,1,1.0,131.0,1,0.0,173
2024_11_SEA_SF,SF,221.0,0,221.0,0,1.0,94.0,2,0.0,173
2024_11_WAS_PHI,PHI,191.0,1,191.0,1,1.0,93.0,1,0.0,173
2024_11_WAS_PHI,WAS,221.0,0,221.0,0,0.0,228.0,3,0.0,174
2024_12_ARI_SEA,ARI,254.0,1,254.0,1,1.0,65.0,0,0.0,174
2024_12_ARI_SEA,SEA,285.0,0,285.0,0,1.0,49.0,0,0.0,174
2024_12_BAL_LAC,BAL,218.0,0,218.0,0,0.0,83.0,2,0.0,175
2024_12_BAL_LAC,LAC,177.0,2,177.0,2,0.0,212.0,2,0.0,174
2024_12_DAL_WAS,DAL,275.0,2,275.0,2,2.0,145.0,1,1.0,174
2024_12_DAL_WAS,WAS,247.0,2,247.0,2,0.0,91.0,0,1.0,175
2024_12_DEN_LV,DEN,328.0,1,328.0,1,1.0,69.0,0,1.0,175
2024_12_DEN_LV,LV,273.0,2,273.0,2,0.0,63.0,0,0.0,174
2024_12_DET_IND,DET,172.0,0,172.0,0,0.0,96.0,0,0.0,174
2024_12_DET_IND,IND,269.0,0,269.0,0,0.0,137.0,3,0.0,175
2024_12_KC_CAR,CAR,269.0,3,269.0,3,0.0,165.0,0,0.0,174
2024_12_KC_CAR,KC,263.0,1,263.0,1,0.0,85.0,1,0.0,174
2024_12_MIN_CHI,CHI,344.0,2,344.0,2,0.0,124.0,1,1.0,174
2024_12_MIN_CHI,MIN,340.0,2,340.0,2,0.0,78.0,1,0.0,174
2024_12_NE_MIA,MIA,222.0,1,222.0,1,1.0,86.0,0,1.0,174
2024_12_NE_MIA,NE,317.0,4,317.0,4,0.0,65.0,0,1.0,175
2024_12_PHI_LA,LA,179.0,1,179.0,1,0.0,314.0,3,0.0,174
2024_12_PHI_LA,PHI,243.0,2,243.0,2,0.0,92.0,1,1.0,174
2024_12_PIT_CLE,CLE,270.0,1,270.0,1,0.0,120.0,1,1.0,174
2024_12_PIT_CLE,PIT,219.0,0,219.0,0,1.0,85.0,3,2.0,174
2024_12_SF_GB,GB,199.0,1,199.0,1,1.0,44.0,0,2.0,174
2024_12_SF_GB,SF,163.0,2,163.0,2,0.0,169.0,3,0.0,174
2024_12_TB_NYG,NYG,294.0,0,294.0,0,0.0,157.0,4,1.0,174
2024_12_TB_NYG,TB,192.0,0,192.0,0,0.0,76.0,1,1.0,174
2024_12_TEN_HOU,HOU,278.0,2,278.0,2,1.0,132.0,1,1.0,175
2024_12_TEN_HOU,TEN,247.0,2,247.0,2,2.0,40.0,0,0.0,174
2024_13_ARI_MIN,ARI,235.0,2,235.0,2,0.0,68.0,0,1.0,175
2024_13_ARI_MIN,MIN,260.0,1,260.0,1,2.0,154.0,0,0.0,175
2024_13_CHI_DET,CHI,221.0,2,221.0,2,0.0,194.0,0,1.0,175
2024_13_CHI_DET,DET,256.0,3,256.0,3,0.0,78.0,0,0.0,175
2024_13_CLE_DEN,CLE,294.0,1,294.0,1,2.0,106.0,2,0.0,175
2024_13_CLE_DEN,DEN,497.0,4,497.0,4,3.0,77.0,0,0.0,176
2024_13_HOU_JAX,HOU,276.0,2,276.0,2,1.0,97.0,0,0.0,176
2024_13_HOU_JAX,JAX,242.0,1,242.0,1,0.0,108.0,1,0.0,175
2024_13_IND_NE,IND,238.0,1,238.0,1,1.0,200.0,1,0.0,176
2024_13_IND_NE,NE,109.0,2,109.0,2,2.0,144.0,1,0.0,176
2024_13_LAC_ATL,ATL,150.0,0,150.0,0,0.0,56.0,0,1.0,175
2024_13_LAC_ATL,LAC,245.0,0,245.0,0,4.0,116.0,1,0.0,175
2024_13_LA_NO,LA,184.0,1,184.0,1,0.0,143.0,0,0.0,175
2024_13_LA_NO,NO,183.0,2,183.0,2,0.0,156.0,1,0.0,175
2024_13_LV_KC,KC,340.0,2,340.0,2,0.0,116.0,0,1.0,175
2024_13_LV_KC,LV,306.0,1,306.0,1,0.0,63.0,0,0.0,175
2024_13_MIA_GB,GB,365.0,2,365.0,2,0.0,39.0,0,0.0,175
2024_13_MIA_GB,MIA,274.0,2,274.0,2,0.0,114.0,1,0.0,175
2024_13_NYG_DAL,DAL,178.0,0,178.0,0,1.0,116.0,2,1.0,175
2024_13_NYG_DAL,NYG,195.0,1,195.0,1,0.0,122.0,1,0.0,175
2024_13_PHI_BAL,BAL,118.0,1,118.0,1,0.0,140.0,2,0.0,176
2024_13_PHI_BAL,PHI,237.0,2,237.0,2,0.0,166.0,0,0.0,175
2024_13_PIT_CIN,CIN,414.0,3,414.0,3,1.0,110.0,1,0.0,174
2024_13_PIT_CIN,PIT,309.0,3,309.0,3,1.0,93.0,1,2.0,175
2024_13_SEA_NYJ,NYJ,206.0,1,206.0,1,0.0,84.0,1,0.0,175
2024_13_SEA_NYJ,SEA,185.0,2,185.0,2,1.0,89.0,0,1.0,175
2024_13_SF_BUF,BUF,94.0,0,94.0,0,0.0,153.0,1,2.0,174
2024_13_SF_BUF,SF,145.0,1,152.0,2,0.0,220.0,3,0.0,175
2024_13_TB_CAR,CAR,240.0,1,240.0,1,2.0,236.0,1,0.0,175
2024_13_TB_CAR,TB,298.0,1,298.0,1,0.0,78.0,1,1.0,175
2024_13_TEN_WAS,TEN,206.0,3,206.0,3,1.0,267.0,3,0.0,175
2024_13_TEN_WAS,WAS,212.0,2,212.0,2,0.0,35.0,0,1.0,176
2024_14_ATL_MIN,ATL,347.0,5,347.0,5,0.0,115.0,1,0.0,176
2024_14_ATL_MIN,MIN,344.0,0,344.0,0,2.0,158.0,2,0.0,176
2024_14_BUF_LA,BUF,320.0,2,320.0,2,0.0,137.0,3,0.0,175
2024_14_BUF_LA,LA,342.0,3,342.0,3,0.0,103.0,3,0.0,176
2024_14_CAR_PHI,CAR,108.0,2,108.0,2,0.0,209.0,1,0.0,176
2024_14_CAR_PHI,PHI,191.0,1,191.0,1,1.0,118.0,1,0.0,176
2024_14_CHI_SF,CHI,325.0,2,325.0,2,1.0,131.0,3,0.0,176
2024_14_CHI_SF,SF,140.0,2,140.0,2,0.0,68.0,0,1.0,176
2024_14_CIN_DAL,CIN,183.0,2,183.0,2,1.0,156.0,0,0.0,175
2024_14_CIN_DAL,DAL,369.0,3,369.0,3,1.0,74.0,0,0.0,176
2024_14_CLE_PIT,CLE,158.0,2,158.0,2,0.0,120.0,1,1.0,176
2024_14_CLE_PIT,PIT,212.0,2,212.0,2,2.0,104.0,0,0.0,176
2024_14_GB_DET,DET,206.0,1,206.0,1,0.0,99.0,3,1.0,176
2024_14_GB_DET,GB,283.0,3,283.0,3,1.0,111.0,1,0.0,176
2024_14_JAX_TEN,JAX,168.0,0,168.0,0,0.0,126.0,0,0.0,176
2024_14_JAX_TEN,TEN,220.0,0,220.0,0,2.0,71.0,1,0.0,176
2024_14_LAC_KC,KC,213.0,1,213.0,1,0.0,94.0,1,0.0,176
2024_14_LAC_KC,LAC,210.0,1,210.0,1,0.0,96.0,0,0.0,176
2024_14_LV_TB,LV,295.0,3,295.0,3,2.0,152.0,1,1.0,176
2024_14_LV_TB,TB,205.0,0,205.0,0,1.0,91.0,1,1.0,176
2024_14_NO_NYG,NO,227.0,0,227.0,0,1.0,112.0,1,0.0,176
2024_14_NO_NYG,NYG,219.0,1,219.0,1,1.0,92.0,1,0.0,176
2024_14_NYJ_MIA,MIA,339.0,1,339.0,1,0.0,83.0,1,0.0,176
2024_14_NYJ_MIA,NYJ,331.0,2,331.0,2,0.0,44.0,1,0.0,176
2024_14_SEA_ARI,ARI,233.0,1,233.0,1,0.0,176.0,2,0.0,176
2024_14_SEA_ARI,SEA,259.0,2,259.0,2,2.0,121.0,0,0.0,176
2024_15_ATL_LV,ATL,208.0,1,208.0,1,2.0,65.0,0,1.0,177
2024_15_ATL_LV,LV,112.0,1,112.0,1,1.0,168.0,0,0.0,177
2024_15_BAL_NYG,BAL,191.0,1,191.0,1,1.0,55.0,1,0.0,177
2024_15_BAL_NYG,NYG,290.0,5,290.0,5,0.0,170.0,0,1.0,177
2024_15_BUF_DET,BUF,494.0,5,494.0,5,0.0,48.0,1,1.0,176
2024_15_BUF_DET,DET,362.0,2,362.0,2,0.0,197.0,4,0.0,177
2024_15_CHI_MIN,CHI,231.0,1,231.0,1,1.0,114.0,2,0.0,177
2024_15_CHI_MIN,MIN,196.0,1,196.0,1,0.0,113.0,0,1.0,177
2024_15_CIN_TEN,CIN,298.0,2,298.0,2,4.0,83.0,2,2.0,176
2024_15_CIN_TEN,TEN,271.0,3,271.0,3,2.0,101.0,1,1.0,177
2024_15_DAL_CAR,CAR,214.0,3,214.0,3,0.0,211.0,0,1.0,177
2024_15_DAL_CAR,DAL,219.0,1,219.0,1,2.0,60.0,1,2.0,177
2024_15_GB_SEA,GB,173.0,0,173.0,0,2.0,80.0,1,0.0,177
2024_15_GB_SEA,SEA,229.0,2,229.0,2,0.0,140.0,1,1.0,177
2024_15_IND_DEN,DEN,172.0,0,172.0,0,2.0,149.0,1,2.0,177
2024_15_IND_DEN,IND,130.0,3,130.0,3,3.0,72.0,0,0.0,177
2024_15_KC_CLE,CLE,179.0,2,179.0,2,0.0,132.0,1,0.0,177
2024_15_KC_CLE,KC,164.0,0,164.0,0,4.0,139.0,1,1.0,177
2024_15_LA_SF,LA,142.0,0,142.0,0,1.0,63.0,0,0.0,177
2024_15_LA_SF,SF,160.0,0,160.0,0,0.0,142.0,0,0.0,177
2024_15_MIA_HOU,HOU,196.0,1,196.0,1,3.0,52.0,0,1.0,177
2024_15_MIA_HOU,MIA,131.0,2,131.0,2,0.0,77.0,0,1.0,177
2024_15_NE_ARI,ARI,202.0,1,202.0,1,1.0,116.0,1,0.0,177
2024_15_NE_ARI,NE,232.0,0,232.0,0,0.0,163.0,2,0.0,177
2024_15_NYJ_JAX,JAX,289.0,3,289.0,3,0.0,125.0,1,0.0,177
2024_15_NYJ_JAX,NYJ,294.0,2,294.0,2,2.0,136.0,0,0.0,177
2024_15_PIT_PHI,PHI,128.0,1,128.0,1,0.0,56.0,0,1.0,177
2024_15_PIT_PHI,PIT,290.0,2,290.0,2,0.0,131.0,1,1.0,177
2024_15_TB_LAC,LAC,288.0,4,288.0,4,1.0,223.0,0,1.0,177
2024_15_TB_LAC,TB,199.0,2,199.0,2,1.0,32.0,0,1.0,177
2024_15_WAS_NO,NO,226.0,2,226.0,2,0.0,137.0,0,0.0,177
2024_15_WAS_NO,WAS,205.0,2,205.0,2,1.0,69.0,0,0.0,177
2024_16_ARI_CAR,ARI,158.0,2,158.0,2,0.0,243.0,3,0.0,178
2024_16_ARI_CAR,CAR,202.0,1,202.0,1,1.0,206.0,2,1.0,178
2024_16_CLE_CIN,CIN,157.0,0,157.0,0,2.0,148.0,1,1.0,177
2024_16_CLE_CIN,CLE,252.0,3,252.0,3,0.0,116.0,0,1.0,178
2024_16_DEN_LAC,DEN,284.0,2,284.0,2,1.0,117.0,2,0.0,178
2024_16_DEN_LAC,LAC,263.0,2,263.0,2,0.0,110.0,1,0.0,178
2024_16_DET_CHI,CHI,336.0,3,336.0,3,0.0,146.0,1,0.0,178
2024_16_DET_CHI,DET,334.0,2,334.0,2,0.0,59.0,0,2.0,178
2024_16_HOU_KC,HOU,260.0,1,260.0,1,0.0,124.0,2,0.0,178
2024_16_HOU_KC,KC,244.0,2,244.0,2,2.0,84.0,0,0.0,178
2024_16_JAX_LV,JAX,257.0,0,257.0,0,0.0,69.0,2,0.0,178
2024_16_JAX_LV,LV,247.0,1,247.0,1,0.0,72.0,1,2.0,178
2024_16_LA_NYJ,LA,256.0,1,256.0,1,0.0,75.0,0,1.0,178
2024_16_LA_NYJ,NYJ,110.0,1,110.0,1,1.0,132.0,1,0.0,178
2024_16_MIN_SEA,MIN,314.0,3,314.0,3,2.0,59.0,0,0.0,178
2024_16_MIN_SEA,SEA,246.0,3,246.0,3,0.0,81.0,0,0.0,178
2024_16_NE_BUF,BUF,261.0,2,261.0,2,1.0,126.0,1,2.0,177
2024_16_NE_BUF,NE,154.0,1,154.0,1,1.0,172.0,1,0.0,178
2024_16_NO_GB,GB,153.0,0,153.0,0,1.0,67.0,0,1.0,178
2024_16_NO_GB,NO,216.0,1,216.0,1,0.0,188.0,3,0.0,178
2024_16_NYG_ATL,ATL,210.0,1,210.0,1,2.0,45.0,0,1.0,178
2024_16_NYG_ATL,NYG,202.0,0,202.0,0,1.0,127.0,2,0.0,178
2024_16_PHI_WAS,PHI,258.0,5,258.0,5,2.0,113.0,0,3.0,178
2024_16_PHI_WAS,WAS,154.0,1,154.0,1,1.0,211.0,2,0.0,178
2024_16_PIT_BAL,BAL,217.0,2,217.0,2,1.0,117.0,0,1.0,178
2024_16_PIT_BAL,PIT,207.0,3,207.0,3,1.0,220.0,0,0.0,178
2024_16_SF_MIA,MIA,313.0,2,313.0,2,1.0,81.0,0,0.0,178
2024_16_SF_MIA,SF,215.0,1,215.0,1,0.0,166.0,1,0.0,178
2024_16_TB_DAL,DAL,303.0,2,303.0,2,1.0,134.0,1,1.0,178
2024_16_TB_DAL,TB,292.0,1,292.0,1,0.0,31.0,1,0.0,178
2024_16_TEN_IND,IND,252.0,2,252.0,2,3.0,65.0,2,0.0,178
2024_16_TEN_IND,TEN,131.0,1,131.0,1,1.0,335.0,4,0.0,178
2024_17_ARI_LA,ARI,189.0,0,189.0,0,0.0,68.0,1,0.0,179
2024_17_ARI_LA,LA,321.0,1,321.0,1,2.0,113.0,0,0.0,179
2024_17_ATL_WAS,ATL,227.0,3,227.0,3,1.0,216.0,1,0.0,179
2024_17_ATL_WAS,WAS,223.0,1,223.0,1,1.0,126.0,2,0.0,179
2024_17_BAL_HOU,BAL,190.0,0,190.0,0,1.0,58.0,0,0.0,179
2024_17_BAL_HOU,HOU,184.0,2,184.0,2,0.0,251.0,2,0.0,179
2024_17_CAR_TB,CAR,359.0,5,359.0,5,0.0,202.0,0,0.0,179
2024_17_CAR_TB,TB,203.0,2,203.0,2,0.0,39.0,0,0.0,179
2024_17_DAL_PHI,DAL,197.0,3,197.0,3,0.0,179.0,1,0.0,179
2024_17_DAL_PHI,PHI,148.0,1,148.0,1,2.0,127.0,0,2.0,179
2024_17_DEN_CIN,CIN,219.0,3,219.0,3,1.0,123.0,0,0.0,178
2024_17_DEN_CIN,DEN,412.0,3,412.0,3,0.0,115.0,1,1.0,179
2024_17_DET_SF,DET,412.0,3,412.0,3,2.0,75.0,2,0.0,179
2024_17_DET_SF,SF,303.0,3,303.0,3,0.0,152.0,2,0.0,179
2024_17_GB_MIN,GB,377.0,3,377.0,3,1.0,69.0,0,0.0,179
2024_17_GB_MIN,MIN,185.0,1,185.0,1,0.0,104.0,2,1.0,179
2024_17_IND_NYG,IND,309.0,4,309.0,4,0.0,80.0,1,0.0,179
2024_17_IND_NYG,NYG,330.0,2,330.0,2,2.0,126.0,2,1.0,179
2024_17_KC_PIT,KC,205.0,0,205.0,0,1.0,202.0,1,1.0,179
2024_17_KC_PIT,PIT,320.0,3,320.0,3,0.0,69.0,1,0.0,179
2024_17_LAC_NE,LAC,115.0,1,115.0,1,0.0,96.0,0,1.0,179
2024_17_LAC_NE,NE,281.0,3,281.0,3,0.0,147.0,1,0.0,179
2024_17_LV_NO,LV,218.0,1,218.0,1,2.0,81.0,0,0.0,179
2024_17_LV_NO,NO,242.0,2,242.0,2,0.0,156.0,0,0.0,179
2024_17_MIA_CLE,CLE,225.0,1,225.0,1,0.0,74.0,1,0.0,179
2024_17_MIA_CLE,MIA,170.0,0,170.0,0,1.0,114.0,0,1.0,179
2024_17_NYJ_BUF,BUF,195.0,2,195.0,2,2.0,112.0,0,1.0,178
2024_17_NYJ_BUF,NYJ,251.0,3,251.0,3,0.0,97.0,2,0.0,179
2024_17_SEA_CHI,CHI,160.0,0,160.0,0,0.0,122.0,0,1.0,179
2024_17_SEA_CHI,SEA,122.0,0,122.0,0,1.0,103.0,0,0.0,179
2024_17_TEN_JAX,JAX,193.0,1,193.0,1,1.0,159.0,0,0.0,179
2024_17_TEN_JAX,TEN,174.0,2,174.0,2,0.0,122.0,0,0.0,179
2024_18_BUF_NE,BUF,241.0,1,241.0,1,0.0,77.0,1,1.0,179
2024_18_BUF_NE,NE,129.0,1,129.0,1,0.0,130.0,1,0.0,180
2024_18_CAR_ATL,ATL,270.0,3,270.0,3,0.0,155.0,3,0.0,180
2024_18_CAR_ATL,CAR,312.0,2,312.0,2,1.0,227.0,3,0.0,180
2024_18_CHI_GB,CHI,205.0,0,205.0,0,0.0,183.0,2,2.0,180
2024_18_CHI_GB,GB,148.0,1,148.0,1,1.0,83.0,1,1.0,180
2024_18_CIN_PIT,CIN,148.0,1,148.0,1,0.0,74.0,1,0.0,179
2024_18_CIN_PIT,PIT,277.0,1,277.0,1,1.0,68.0,0,0.0,180
2024_18_CLE_BAL,BAL,183.0,1,183.0,1,2.0,56.0,0,0.0,180
2024_18_CLE_BAL,CLE,217.0,2,217.0,2,0.0,220.0,2,0.0,180
2024_18_HOU_TEN,HOU,245.0,1,245.0,1,0.0,85.0,0,1.0,180
2024_18_HOU_TEN,TEN,178.0,1,178.0,1,0.0,207.0,1,1.0,180
2024_18_JAX_IND,IND,225.0,1,225.0,1,1.0,113.0,1,0.0,180
2024_18_JAX_IND,JAX,264.0,1,264.0,1,0.0,177.0,1,0.0,180
2024_18_KC_DEN,DEN,98.0,0,98.0,0,0.0,27.0,0,0.0,180
2024_18_KC_DEN,KC,321.0,4,321.0,4,0.0,158.0,1,0.0,180
2024_18_LAC_LV,LAC,225.0,2,225.0,2,1.0,39.0,0,0.0,180
2024_18_LAC_LV,LV,346.0,2,346.0,2,0.0,137.0,1,0.0,180
2024_18_MIA_NYJ,MIA,274.0,4,274.0,4,1.0,118.0,0,0.0,180
2024_18_MIA_NYJ,NYJ,227.0,1,227.0,1,2.0,135.0,1,2.0,180
2024_18_MIN_DET,DET,166.0,0,166.0,0,0.0,120.0,0,0.0,180
2024_18_MIN_DET,MIN,231.0,1,231.0,1,2.0,178.0,3,0.0,180
2024_18_NO_TB,NO,221.0,2,221.0,2,1.0,179.0,1,0.0,180
2024_18_NO_TB,TB,240.0,1,240.0,1,0.0,64.0,0,0.0,180
2024_18_NYG_PHI,NYG,269.0,2,269.0,2,0.0,51.0,0,0.0,180
2024_18_NYG_PHI,PHI,138.0,1,138.0,1,1.0,100.0,0,0.0,180
2024_18_SEA_LA,LA,191.0,4,223.0,4,0.0,126.0,0,0.0,180
2024_18_SEA_LA,SEA,334.0,2,334.0,2,1.0,84.0,0,0.0,180
2024_18_SF_ARI,ARI,326.0,2,326.0,2,2.0,138.0,1,1.0,180
2024_18_SF_ARI,SF,242.0,4,242.0,4,0.0,151.0,2,0.0,180
2024_18_WAS_DAL,DAL,199.0,2,199.0,2,0.0,113.0,1,0.0,180
2024_18_WAS_DAL,WAS,244.0,0,244.0,0,0.0,150.0,1,0.0,180
