game_id,ball_team,receiving_yards,targets,receptions,receiving_tds,rushing_yards,carries,rushing_tds,passing_yards,attempts,completions,passing_tds,rn,passing_yards_last5,passing_tds_last5,rushing_yards_last5,rushing_tds_last5,receiving_yards_last5,receiving_tds_last5,carries_last5,completions_last5,attempts_last5,receptions_last5
2014_01_SD_ARI,ARI,304.0,36,24,2,109.0,26,0,304.0,37,24,2,1,,,,,,,,,,
2014_02_ARI_NYG,ARI,167.0,28,14,0,124.0,28,1,167.0,29,14,0,2,304.0,2.0,109.0,0.0,304.0,2.0,26.0,24.0,37.0,24.0
2014_03_SF_ARI,ARI,254.0,34,19,2,84.0,27,0,254.0,34,19,2,3,235.5,1.0,116.5,0.5,235.5,1.0,27.0,19.0,33.0,19.0
2014_05_ARI_DEN,ARI,199.0,34,12,1,37.0,19,1,199.0,34,12,1,4,241.66666666666666,1.3333333333333333,105.66666666666667,0.3333333333333333,241.66666666666666,1.3333333333333333,27.0,19.0,33.333333333333336,19.0
2014_06_WAS_ARI,ARI,250.0,42,28,2,74.0,23,0,250.0,44,28,2,5,231.0,1.25,88.5,0.5,231.0,1.25,25.0,17.25,33.5,17.25
2014_07_ARI_OAK,ARI,253.0,31,22,2,123.0,37,1,253.0,31,22,2,6,234.8,1.4,85.6,0.4,234.8,1.4,24.6,19.4,35.6,19.4
2014_08_PHI_ARI,ARI,329.0,40,20,2,71.0,23,1,329.0,42,20,2,7,224.6,1.4,88.4,0.6,224.6,1.4,26.8,19.0,34.4,19.0
2014_09_ARI_DAL,ARI,249.0,34,22,3,102.0,29,1,249.0,34,22,3,8,257.0,1.8,77.8,0.6,257.0,1.8,25.8,20.2,37.0,20.2
2014_10_STL_ARI,ARI,326.0,41,28,1,28.0,22,1,326.0,41,28,1,9,256.0,2.0,81.4,0.8,256.0,2.0,26.2,20.8,37.0,20.8
2014_11_DET_ARI,ARI,306.0,32,21,2,46.0,26,0,306.0,32,21,2,10,281.4,2.0,79.6,0.8,281.4,2.0,26.8,24.0,38.4,24.0
2014_12_ARI_SEA,ARI,149.0,26,14,0,64.0,20,0,149.0,26,14,0,11,292.6,2.0,74.0,0.8,292.6,2.0,27.4,22.6,36.0,22.6
2014_13_ARI_ATL,ARI,294.0,39,24,1,35.0,11,0,294.0,39,24,1,12,271.8,1.6,62.2,0.6,271.8,1.6,24.0,21.0,35.0,21.0
2014_14_KC_ARI,ARI,239.0,29,15,1,141.0,33,0,239.0,30,15,1,13,264.8,1.4,55.0,0.4,264.8,1.4,21.6,21.8,34.4,21.8
2014_15_ARI_STL,ARI,139.0,30,16,0,143.0,33,0,139.0,30,16,0,14,262.8,1.0,62.8,0.2,262.8,1.0,22.4,20.4,33.6,20.4
2014_16_SEA_ARI,ARI,216.0,45,18,0,29.0,15,0,216.0,45,18,0,15,225.4,0.8,85.8,0.0,225.4,0.8,24.6,18.0,31.4,18.0
2014_17_ARI_SF,ARI,316.0,40,23,2,98.0,25,0,316.0,40,23,2,16,207.4,0.4,82.4,0.0,207.4,0.4,22.4,17.4,34.0,17.4
2015_01_NO_ARI,ARI,307.0,32,19,3,120.0,25,1,307.0,32,19,3,17,240.8,0.8,89.2,0.0,240.8,0.8,23.4,19.2,36.8,19.2
2015_02_ARI_CHI,ARI,185.0,23,17,4,115.0,28,1,185.0,24,17,4,18,243.4,1.2,106.2,0.2,243.4,1.2,26.2,18.2,35.4,18.2
2015_03_SF_ARI,ARI,311.0,31,20,2,139.0,37,2,311.0,32,20,2,19,232.6,1.8,101.0,0.4,232.6,1.8,25.2,18.6,34.2,18.6
2015_04_STL_ARI,ARI,352.0,45,29,1,113.0,21,0,352.0,46,29,1,20,267.0,2.2,100.2,0.8,267.0,2.2,26.0,19.4,34.6,19.4
2015_05_ARI_DET,ARI,171.0,18,12,3,187.0,25,3,171.0,18,12,3,21,294.2,2.4,117.0,0.8,294.2,2.4,27.2,21.6,34.8,21.6
2015_06_ARI_PIT,ARI,421.0,44,29,1,55.0,20,0,421.0,45,29,1,22,265.2,2.6,134.8,1.4,265.2,2.6,27.2,19.4,30.4,19.4
2015_07_BAL_ARI,ARI,275.0,28,20,2,150.0,28,1,275.0,29,20,2,23,288.0,2.2,121.8,1.2,288.0,2.2,26.2,21.4,33.0,21.4
2015_08_ARI_CLE,ARI,374.0,37,23,4,119.0,38,0,374.0,38,23,4,24,306.0,1.8,128.8,1.2,306.0,1.8,26.2,22.0,34.0,22.0
2015_10_ARI_SEA,ARI,363.0,45,29,3,117.0,33,1,363.0,47,29,3,25,318.6,2.2,124.8,0.8,318.6,2.2,26.4,22.6,35.2,22.6
2015_11_CIN_ARI,ARI,317.0,30,20,4,82.0,25,0,317.0,31,20,4,26,320.8,2.6,125.6,1.0,320.8,2.6,28.8,22.6,35.4,22.6
2015_12_ARI_SF,ARI,271.0,40,24,0,70.0,29,2,271.0,40,24,0,27,350.0,2.8,104.6,0.4,350.0,2.8,28.8,24.2,38.0,24.2
2015_13_ARI_STL,ARI,362.0,40,27,2,175.0,36,1,362.0,41,27,2,28,320.0,2.6,107.6,0.8,320.0,2.6,30.6,23.2,37.0,23.2
2015_14_MIN_ARI,ARI,310.0,35,25,2,97.0,29,0,310.0,35,25,2,29,337.4,2.6,112.6,0.8,337.4,2.6,32.2,24.6,39.4,24.6
2015_15_ARI_PHI,ARI,274.0,32,20,1,230.0,39,3,274.0,33,20,1,30,324.6,2.2,108.2,0.8,324.6,2.2,30.4,25.0,38.8,25.0
2015_16_GB_ARI,ARI,269.0,27,19,2,121.0,26,1,269.0,28,19,2,31,306.8,1.8,130.8,1.2,306.8,1.8,31.6,23.2,36.0,23.2
2015_17_SEA_ARI,ARI,213.0,43,20,1,27.0,13,0,213.0,43,20,1,32,297.2,1.4,138.6,1.4,297.2,1.4,31.8,23.0,35.4,23.0
2016_01_NE_ARI,ARI,271.0,37,24,2,92.0,19,1,271.0,37,24,2,33,285.6,1.6,130.0,1.0,285.6,1.6,28.6,22.2,36.0,22.2
2016_02_TB_ARI,ARI,315.0,34,18,3,105.0,30,1,315.0,34,18,3,34,267.4,1.6,113.4,1.0,267.4,1.6,25.2,21.6,35.2,21.6
2016_03_ARI_BUF,ARI,287.0,50,26,0,88.0,22,2,287.0,50,26,0,35,268.4,1.8,115.0,1.2,268.4,1.8,25.4,20.2,35.0,20.2
2016_04_LA_ARI,ARI,325.0,45,27,1,118.0,25,0,325.0,47,27,1,36,271.0,1.6,86.6,1.0,271.0,1.6,22.0,21.4,38.4,21.4
2016_05_ARI_SF,ARI,124.0,27,11,2,172.0,37,2,124.0,28,11,2,37,282.2,1.4,86.0,0.8,282.2,1.4,21.8,23.0,42.2,23.0
2016_06_NYJ_ARI,ARI,225.0,35,24,1,171.0,35,3,225.0,35,24,1,38,264.4,1.6,115.0,1.2,264.4,1.6,26.6,21.2,39.2,21.2
2016_07_SEA_ARI,ARI,342.0,49,29,0,132.0,37,0,342.0,49,29,0,39,255.2,1.4,130.8,1.6,255.2,1.4,29.8,21.2,38.8,21.2
2016_08_ARI_CAR,ARI,363.0,45,35,3,24.0,10,0,363.0,46,35,3,40,260.6,0.8,136.2,1.4,260.6,0.8,31.2,23.4,41.8,23.4
2016_10_SF_ARI,ARI,376.0,48,30,1,80.0,23,1,376.0,49,30,1,41,275.8,1.4,123.4,1.0,275.8,1.4,28.8,25.2,41.0,25.2
2016_11_ARI_MIN,ARI,198.0,37,20,2,135.0,28,1,198.0,38,20,2,42,286.0,1.4,115.8,1.2,286.0,1.4,28.4,25.8,41.4,25.8
2016_12_ARI_ATL,ARI,289.0,44,25,2,58.0,14,0,289.0,45,25,2,43,300.8,1.4,108.4,1.0,300.8,1.4,26.6,27.6,43.4,27.6
2016_13_WAS_ARI,ARI,300.0,43,30,3,88.0,24,1,300.0,46,30,3,44,313.6,1.6,85.8,0.4,313.6,1.6,22.4,27.8,45.4,27.8
2016_14_ARI_MIA,ARI,145.0,33,18,2,175.0,27,1,145.0,33,18,2,45,305.2,2.2,77.0,0.6,305.2,2.2,19.8,28.0,44.8,28.0
2016_15_NO_ARI,ARI,318.0,40,28,2,116.0,15,3,318.0,40,28,2,46,261.6,2.0,107.2,0.8,261.6,2.0,23.2,24.6,42.2,24.6
2016_16_ARI_SEA,ARI,284.0,27,16,1,94.0,29,3,284.0,27,16,1,47,250.0,2.2,114.4,1.2,250.0,2.2,21.6,24.2,40.4,24.2
2016_17_ARI_LA,ARI,263.0,42,22,3,84.0,24,1,263.0,42,22,3,48,267.2,2.0,106.2,1.6,267.2,2.0,21.8,23.4,38.2,23.4
2017_01_ARI_DET,ARI,268.0,47,27,1,45.0,18,1,268.0,48,27,1,49,262.0,2.2,111.4,1.8,262.0,2.2,23.8,22.8,37.6,22.8
2017_02_ARI_IND,ARI,332.0,36,19,1,83.0,25,0,332.0,36,19,1,50,255.6,1.8,102.8,1.8,255.6,1.8,22.6,22.2,38.0,22.2
2017_03_DAL_ARI,ARI,325.0,48,29,2,49.0,21,0,325.0,48,29,2,51,293.0,1.6,84.4,1.6,293.0,1.6,22.2,22.4,38.6,22.4
2017_04_SF_ARI,ARI,357.0,51,33,1,51.0,22,0,357.0,51,33,1,52,294.4,1.6,71.0,1.0,294.4,1.6,23.4,22.6,40.2,22.6
2017_05_ARI_PHI,ARI,291.0,44,28,1,31.0,14,0,291.0,44,28,1,53,309.0,1.6,62.4,0.4,309.0,1.6,22.0,26.0,45.0,26.0
2017_06_TB_ARI,ARI,283.0,22,18,3,160.0,35,2,283.0,22,18,3,54,314.6,1.2,51.8,0.2,314.6,1.2,20.0,27.2,45.4,27.2
2017_07_ARI_LA,ARI,188.0,32,15,0,25.0,12,0,188.0,32,15,0,55,317.6,1.6,74.8,0.4,317.6,1.6,23.4,25.4,40.2,25.4
2017_09_ARI_SF,ARI,201.0,29,15,2,167.0,43,0,201.0,30,15,2,56,288.8,1.4,63.2,0.4,288.8,1.4,20.8,24.6,39.4,24.6
2017_10_SEA_ARI,ARI,273.0,47,24,1,34.0,24,1,273.0,47,24,1,57,264.0,1.4,86.8,0.4,264.0,1.4,25.2,21.8,35.8,21.8
2017_11_ARI_HOU,ARI,257.0,34,22,3,48.0,18,0,257.0,34,22,3,58,247.2,1.4,83.4,0.6,247.2,1.4,25.6,20.0,35.0,20.0
2017_12_JAX_ARI,ARI,241.0,37,22,2,108.0,31,0,241.0,38,22,2,59,240.4,1.8,86.8,0.6,240.4,1.8,26.4,18.8,33.0,18.8
2017_13_LA_ARI,ARI,221.0,32,18,1,118.0,23,1,221.0,32,18,1,60,232.0,1.6,76.4,0.2,232.0,1.6,25.6,19.6,36.2,19.6
2017_14_TEN_ARI,ARI,178.0,26,17,0,136.0,29,0,178.0,26,17,0,61,238.6,1.8,95.0,0.4,238.6,1.8,27.8,20.2,36.2,20.2
2017_15_ARI_WAS,ARI,189.0,40,16,0,141.0,34,0,189.0,41,16,0,62,234.0,1.4,88.8,0.4,234.0,1.4,25.0,20.6,35.4,20.6
2017_16_NYG_ARI,ARI,230.0,34,21,2,74.0,27,0,230.0,35,21,2,63,217.2,1.2,110.2,0.2,217.2,1.2,27.0,19.0,34.2,19.0
2017_17_ARI_SEA,ARI,145.0,33,15,1,116.0,33,1,145.0,34,15,1,64,211.8,1.0,115.4,0.2,211.8,1.0,28.8,18.8,34.4,18.8
2018_01_WAS_ARI,ARI,153.0,34,20,0,68.0,15,1,153.0,34,20,0,65,192.6,0.8,117.0,0.4,192.6,0.8,29.2,17.4,33.6,17.4
2018_02_ARI_LA,ARI,90.0,27,17,0,54.0,15,0,90.0,27,17,0,66,179.0,0.6,107.0,0.4,179.0,0.6,27.6,17.8,34.0,17.8
2018_03_CHI_ARI,ARI,193.0,25,17,2,53.0,18,0,193.0,26,17,2,67,161.4,0.6,90.6,0.4,161.4,0.6,24.8,17.8,34.2,17.8
2018_04_SEA_ARI,ARI,180.0,25,15,1,92.0,28,1,180.0,27,15,1,68,162.2,1.0,73.0,0.4,162.2,1.0,21.6,18.0,31.2,18.0
2018_05_ARI_SF,ARI,170.0,23,10,1,56.0,23,2,170.0,25,10,1,69,152.2,0.8,76.6,0.6,152.2,0.8,21.8,16.8,29.6,16.8
2018_06_ARI_MIN,ARI,240.0,31,21,0,60.0,20,1,240.0,31,21,0,70,157.2,0.8,64.6,0.8,157.2,0.8,19.8,15.8,27.8,15.8
2018_07_DEN_ARI,ARI,194.0,36,21,1,69.0,21,0,194.0,39,21,1,71,174.6,0.8,63.0,0.8,174.6,0.8,20.8,16.0,27.2,16.0
2018_08_SF_ARI,ARI,252.0,35,23,2,88.0,21,0,252.0,40,23,2,72,195.4,1.0,66.0,0.8,195.4,1.0,22.0,16.8,29.6,16.8
2018_10_ARI_KC,ARI,208.0,37,22,1,94.0,25,1,208.0,39,22,1,73,207.2,1.0,73.0,0.8,207.2,1.0,22.6,18.0,32.4,18.0
2018_11_OAK_ARI,ARI,136.0,19,9,3,154.0,31,0,136.0,20,9,3,74,212.8,1.0,73.4,0.8,212.8,1.0,22.0,19.4,34.8,19.4
2018_12_ARI_LAC,ARI,105.0,17,12,1,62.0,24,0,105.0,19,12,1,75,206.0,1.4,93.0,0.4,206.0,1.4,23.6,19.2,33.8,19.2
2018_13_ARI_GB,ARI,149.0,24,11,0,182.0,29,2,149.0,26,11,0,76,179.0,1.6,93.4,0.2,179.0,1.6,24.4,17.4,31.4,17.4
2018_14_DET_ARI,ARI,240.0,41,26,0,61.0,21,0,240.0,41,26,0,77,170.0,1.4,116.0,0.6,170.0,1.4,26.0,15.4,28.8,15.4
2018_15_ARI_ATL,ARI,243.0,35,23,1,60.0,22,1,243.0,36,23,1,78,167.6,1.0,110.6,0.6,167.6,1.0,26.0,16.0,29.0,16.0
2018_16_LA_ARI,ARI,182.0,31,18,1,104.0,18,0,182.0,31,18,1,79,174.6,1.0,103.8,0.6,174.6,1.0,25.4,16.2,28.4,16.2
2018_17_ARI_SEA,ARI,149.0,33,18,1,85.0,24,0,149.0,34,18,1,80,183.8,0.6,93.8,0.6,183.8,0.6,22.8,18.0,30.6,18.0
2019_01_DET_ARI,ARI,308.0,52,29,2,112.0,23,0,308.0,54,29,2,81,192.6,0.6,98.4,0.6,192.6,0.6,22.8,19.2,33.6,19.2
2019_02_ARI_BAL,ARI,349.0,37,25,0,20.0,11,1,349.0,40,25,0,82,224.4,1.0,84.4,0.2,224.4,1.0,21.6,22.8,39.2,22.8
2019_03_CAR_ARI,ARI,173.0,42,30,2,121.0,22,0,173.0,43,30,2,83,246.2,1.0,76.2,0.4,246.2,1.0,19.6,22.6,39.0,22.6
2019_04_SEA_ARI,ARI,241.0,30,22,0,115.0,23,1,241.0,32,22,0,84,232.2,1.2,88.4,0.2,232.2,1.2,19.6,24.0,40.4,24.0
2019_05_ARI_CIN,ARI,253.0,31,20,0,266.0,38,2,253.0,32,20,0,85,244.0,1.0,90.6,0.4,244.0,1.0,20.6,24.8,40.6,24.8
2019_06_ATL_ARI,ARI,340.0,35,27,3,102.0,29,1,340.0,37,27,3,86,264.8,0.8,126.8,0.8,264.8,0.8,23.4,25.2,40.2,25.2
2019_07_ARI_NYG,ARI,104.0,21,14,0,156.0,38,3,104.0,21,14,0,87,271.2,1.0,124.8,1.0,271.2,1.0,24.6,24.8,36.8,24.8
2019_08_ARI_NO,ARI,220.0,32,19,0,40.0,11,0,220.0,34,19,0,88,222.2,1.0,152.0,1.4,222.2,1.0,30.0,22.6,33.0,22.6
2019_09_SF_ARI,ARI,241.0,23,17,2,153.0,23,1,241.0,24,17,2,89,231.6,0.6,135.8,1.4,231.6,0.6,27.8,20.4,31.2,20.4
2019_10_ARI_TB,ARI,350.0,43,28,3,75.0,18,0,350.0,45,28,3,90,231.6,1.0,143.4,1.4,231.6,1.0,27.8,19.4,29.6,19.4
2019_11_ARI_SF,ARI,150.0,33,24,2,135.0,25,1,150.0,33,24,2,91,251.0,1.6,105.2,1.0,251.0,1.6,23.8,21.0,32.2,21.0
2019_13_LA_ARI,ARI,163.0,33,19,0,74.0,21,1,163.0,34,19,0,92,213.0,1.4,111.8,1.0,213.0,1.4,23.0,20.4,31.4,20.4
2019_14_PIT_ARI,ARI,194.0,28,20,2,71.0,22,0,194.0,30,20,2,93,224.8,1.4,95.4,0.6,224.8,1.4,19.6,21.4,34.0,21.4
2019_15_CLE_ARI,ARI,249.0,20,16,1,190.0,31,4,249.0,22,16,1,94,219.6,1.8,101.6,0.6,219.6,1.8,21.8,21.6,33.2,21.6
2019_16_ARI_SEA,ARI,167.0,27,15,1,253.0,40,2,167.0,27,15,1,95,221.2,1.6,109.0,1.2,221.2,1.6,23.4,21.4,32.8,21.4
2019_17_ARI_LA,ARI,325.0,39,27,2,71.0,17,1,325.0,43,27,2,96,184.6,1.2,144.6,1.6,184.6,1.2,27.8,18.8,29.2,18.8
2020_01_ARI_SF,ARI,230.0,37,26,1,180.0,36,2,230.0,40,26,1,97,219.6,1.2,131.8,1.6,219.6,1.2,26.2,19.4,31.2,19.4
2020_02_WAS_ARI,ARI,286.0,34,26,1,160.0,32,2,286.0,38,26,1,98,233.0,1.4,153.0,1.8,233.0,1.4,29.2,20.8,32.4,20.8
2020_03_DET_ARI,ARI,270.0,33,23,2,109.0,27,1,270.0,35,23,2,99,251.4,1.2,170.8,2.2,251.4,1.2,31.2,22.0,34.0,22.0
2020_04_ARI_CAR,ARI,133.0,31,24,3,129.0,23,0,133.0,31,24,3,100,255.6,1.4,154.6,1.6,255.6,1.4,30.4,23.4,36.6,23.4
2020_05_ARI_NYJ,ARI,380.0,35,27,1,127.0,30,3,380.0,37,27,1,101,248.8,1.8,129.8,1.2,248.8,1.8,27.0,25.2,37.4,25.2
2020_06_ARI_DAL,ARI,188.0,22,9,2,261.0,35,3,188.0,24,9,2,102,259.8,1.6,141.0,1.6,259.8,1.6,29.6,25.2,36.2,25.2
2020_07_SEA_ARI,ARI,360.0,44,34,3,159.0,33,1,360.0,48,34,3,103,251.4,1.8,157.2,1.8,251.4,1.8,29.4,21.8,33.0,21.8
2020_09_MIA_ARI,ARI,283.0,26,21,3,178.0,37,1,283.0,26,21,3,104,266.2,2.2,157.0,1.6,266.2,2.2,29.6,23.4,35.0,23.4
2020_10_BUF_ARI,ARI,245.0,32,22,1,217.0,35,2,245.0,32,22,1,105,268.8,2.4,170.8,1.6,268.8,2.4,31.6,23.0,33.2,23.0
2020_11_ARI_SEA,ARI,269.0,39,29,2,57.0,18,1,269.0,42,29,2,106,291.2,2.0,188.4,2.0,291.2,2.0,34.0,22.6,33.4,22.6
2020_12_ARI_NE,ARI,170.0,34,23,0,138.0,34,2,170.0,34,23,0,107,269.0,2.2,174.4,1.6,269.0,2.2,31.6,23.0,34.4,23.0
2020_13_LA_ARI,ARI,173.0,36,21,3,92.0,21,1,173.0,39,21,3,108,265.4,1.8,149.8,1.4,265.4,1.8,31.4,25.8,36.4,25.8
2020_14_ARI_NYG,ARI,244.0,32,24,1,159.0,43,1,244.0,35,24,1,109,228.0,1.8,136.4,1.4,228.0,1.8,29.0,23.2,34.6,23.2
2020_15_PHI_ARI,ARI,432.0,37,28,3,103.0,30,1,432.0,37,28,3,110,220.2,1.4,132.6,1.4,220.2,1.4,30.2,23.8,36.4,23.8
2020_16_SF_ARI,ARI,247.0,46,31,0,120.0,27,1,247.0,50,31,0,111,257.6,1.8,109.8,1.2,257.6,1.8,29.2,25.0,37.4,25.0
2020_17_ARI_LA,ARI,192.0,27,19,1,48.0,18,0,192.0,27,19,1,112,253.2,1.4,122.4,1.2,253.2,1.4,31.0,25.4,39.0,25.4
2021_01_ARI_TEN,ARI,289.0,32,21,4,136.0,33,1,289.0,32,21,4,113,257.6,1.6,104.4,0.8,257.6,1.6,27.8,24.6,37.6,24.6
2021_02_MIN_ARI,ARI,400.0,34,29,3,103.0,21,1,400.0,36,29,3,114,280.8,1.8,113.2,0.8,280.8,1.8,30.2,24.6,36.2,24.6
2021_03_ARI_JAX,ARI,316.0,34,28,0,91.0,30,3,316.0,34,28,0,115,312.0,2.2,102.0,0.8,312.0,2.2,25.8,25.6,36.4,25.6
2021_04_ARI_LA,ARI,268.0,29,24,2,216.0,40,2,268.0,32,24,2,116,288.8,1.6,99.6,1.2,288.8,1.6,25.8,25.6,35.8,25.6
2021_05_SF_ARI,ARI,239.0,28,22,1,94.0,27,1,239.0,31,22,1,117,293.0,2.0,118.8,1.4,293.0,2.0,28.4,24.2,32.2,24.2
2021_06_ARI_CLE,ARI,229.0,28,20,4,144.0,37,0,229.0,30,20,4,118,302.4,2.0,128.0,1.6,302.4,2.0,30.2,24.8,33.0,24.8
2021_07_HOU_ARI,ARI,261.0,28,20,3,172.0,37,1,261.0,28,20,3,119,290.4,2.0,129.6,1.4,290.4,2.0,31.0,24.6,32.6,24.6
2021_08_GB_ARI,ARI,274.0,31,22,0,74.0,20,3,274.0,33,22,0,120,262.6,2.0,143.4,1.4,262.6,2.0,34.2,22.8,31.0,22.8
2021_09_ARI_SF,ARI,282.0,26,23,1,163.0,39,3,282.0,27,23,1,121,254.2,2.0,140.0,1.4,254.2,2.0,32.2,21.6,30.8,21.6
2021_10_CAR_ARI,ARI,143.0,29,17,0,65.0,20,1,143.0,29,17,0,122,257.0,1.8,129.4,1.6,257.0,1.8,32.0,21.4,29.8,21.4
2021_11_ARI_SEA,ARI,328.0,44,35,2,95.0,33,1,328.0,44,35,2,123,237.8,1.6,123.6,1.6,237.8,1.6,30.6,20.4,29.4,20.4
2021_13_ARI_CHI,ARI,123.0,15,11,2,137.0,35,2,123.0,15,11,2,124,257.6,1.2,113.8,1.8,257.6,1.2,29.8,23.4,32.2,23.4
2021_14_LA_ARI,ARI,383.0,49,32,0,103.0,22,2,383.0,49,32,0,125,230.0,1.0,106.8,2.0,230.0,1.0,29.4,21.6,29.6,21.6
2021_15_ARI_DET,ARI,313.0,48,29,1,105.0,21,0,313.0,50,29,1,126,251.8,1.0,112.6,1.8,251.8,1.0,29.8,23.6,32.8,23.6
2021_16_IND_ARI,ARI,238.0,39,27,1,133.0,21,1,245.0,43,27,1,127,258.0,1.0,101.0,1.2,258.0,1.0,26.2,24.8,37.4,24.8
2021_17_ARI_DAL,ARI,286.0,37,27,2,127.0,32,0,286.0,39,27,2,128,278.4,1.2,114.6,1.2,277.0,1.2,26.4,26.8,40.2,26.8
2021_18_SEA_ARI,ARI,240.0,39,28,1,118.0,28,1,240.0,39,28,1,129,270.0,1.2,121.0,1.0,268.6,1.2,26.2,25.2,39.2,25.2
2022_01_KC_ARI,ARI,205.0,36,24,2,103.0,22,1,205.0,38,24,2,130,293.4,1.0,117.2,0.8,292.0,1.0,24.8,28.6,44.0,28.6
2022_02_ARI_LV,ARI,277.0,47,31,1,143.0,28,2,277.0,49,31,1,131,257.8,1.4,117.2,0.6,256.4,1.4,24.8,27.0,41.8,27.0
2022_03_LA_ARI,ARI,314.0,55,37,0,70.0,21,0,314.0,58,37,0,132,250.6,1.4,124.8,1.0,249.2,1.4,26.2,27.4,41.6,27.4
2022_04_ARI_CAR,ARI,207.0,31,23,2,132.0,37,1,207.0,32,23,2,133,264.4,1.2,112.2,0.8,264.4,1.2,26.2,29.4,44.6,29.4
2022_05_PHI_ARI,ARI,250.0,38,28,1,124.0,26,1,250.0,42,28,1,134,248.6,1.2,113.2,1.0,248.6,1.2,27.2,28.6,43.2,28.6
2022_06_ARI_SEA,ARI,222.0,36,23,0,144.0,28,0,222.0,37,23,0,135,250.6,1.2,114.4,1.0,250.6,1.2,26.8,28.6,43.8,28.6
2022_07_NO_ARI,ARI,204.0,29,20,1,137.0,29,2,204.0,29,20,1,136,254.0,0.8,122.6,0.8,254.0,0.8,28.0,28.4,43.6,28.4
2022_08_ARI_MIN,ARI,326.0,43,31,3,78.0,22,0,326.0,44,31,3,137,239.4,0.8,121.4,0.8,239.4,0.8,28.2,26.2,39.6,26.2
2022_09_SEA_ARI,ARI,175.0,33,25,2,122.0,21,0,175.0,35,25,2,138,241.8,1.4,123.0,0.8,241.8,1.4,28.4,25.0,36.8,25.0
2022_10_ARI_LA,ARI,238.0,35,26,1,78.0,26,2,238.0,37,26,1,139,235.4,1.4,121.0,0.6,235.4,1.4,25.2,25.4,37.4,25.4
2022_11_SF_ARI,ARI,277.0,42,30,0,67.0,24,1,277.0,44,30,0,140,233.0,1.4,111.8,0.8,233.0,1.4,25.2,25.0,36.4,25.0
2022_12_LAC_ARI,ARI,191.0,27,18,2,181.0,34,1,191.0,29,18,2,141,244.0,1.4,96.4,1.0,244.0,1.4,24.4,26.4,37.8,26.4
2022_14_NE_ARI,ARI,255.0,41,28,0,113.0,22,1,255.0,41,28,0,142,241.4,1.6,105.2,0.8,241.4,1.6,25.4,26.0,37.8,26.0
2022_15_ARI_DEN,ARI,173.0,35,20,0,73.0,20,1,173.0,36,20,0,143,227.2,1.0,112.2,1.0,227.2,1.0,25.4,25.4,37.2,25.4
2022_16_TB_ARI,ARI,221.0,42,25,0,121.0,27,1,221.0,46,25,0,144,226.8,0.6,102.4,1.2,226.8,0.6,25.2,24.4,37.4,24.4
2022_17_ARI_ATL,ARI,222.0,38,24,1,126.0,27,0,222.0,40,24,1,145,223.4,0.4,111.0,1.0,223.4,0.4,25.4,24.2,39.2,24.2
2022_18_ARI_SF,ARI,209.0,27,20,1,61.0,20,1,209.0,27,20,1,146,212.4,0.6,122.8,0.8,212.4,0.6,26.0,23.0,38.4,23.0
2023_01_ARI_WAS,ARI,132.0,30,21,0,96.0,25,0,132.0,30,21,0,147,216.0,0.4,98.8,0.8,216.0,0.4,23.2,23.4,38.0,23.4
2023_02_NYG_ARI,ARI,228.0,29,21,1,151.0,29,2,228.0,31,21,1,148,191.4,0.4,95.4,0.6,191.4,0.4,23.8,22.0,35.8,22.0
2023_03_DAL_ARI,ARI,189.0,21,17,1,222.0,30,2,189.0,21,17,1,149,202.4,0.6,111.0,0.8,202.4,0.6,25.6,22.2,34.8,22.2
2023_04_ARI_SF,ARI,265.0,41,28,2,105.0,25,0,265.0,41,28,2,150,196.0,0.8,131.2,1.0,196.0,0.8,26.2,20.6,29.8,20.6
2023_05_CIN_ARI,ARI,166.0,30,15,2,142.0,22,1,166.0,32,15,2,151,204.6,1.0,127.0,1.0,204.6,1.0,25.8,21.4,30.0,21.4
2023_06_ARI_LA,ARI,235.0,38,21,0,130.0,30,0,235.0,41,21,0,152,196.0,1.2,143.2,1.0,196.0,1.2,26.2,20.4,31.0,20.4
2023_07_ARI_SEA,ARI,150.0,33,20,0,127.0,25,1,150.0,34,20,0,153,216.6,1.2,150.0,1.0,216.6,1.2,27.2,20.4,33.2,20.4
2023_08_BAL_ARI,ARI,208.0,36,25,2,129.0,32,1,208.0,37,25,2,154,201.0,1.0,145.2,0.8,201.0,1.0,26.4,20.2,33.8,20.2
2023_09_ARI_CLE,ARI,58.0,20,11,0,41.0,21,0,58.0,20,11,0,155,204.8,1.2,126.6,0.6,204.8,1.2,26.8,21.8,37.0,21.8
2023_10_ATL_ARI,ARI,249.0,31,19,0,122.0,26,2,249.0,32,19,0,156,163.4,0.8,113.8,0.6,163.4,0.8,26.0,18.4,32.8,18.4
2023_11_ARI_HOU,ARI,214.0,29,20,1,123.0,25,1,214.0,30,20,1,157,180.0,0.4,109.8,0.8,180.0,0.4,26.8,19.2,32.8,19.2
2023_12_LA_ARI,ARI,256.0,44,27,1,73.0,15,1,256.0,45,27,1,158,175.8,0.6,108.4,1.0,175.8,0.6,25.8,19.0,30.6,19.0
2023_13_ARI_PIT,ARI,145.0,23,13,1,150.0,38,2,145.0,23,13,1,159,197.0,0.8,97.6,1.0,197.0,0.8,23.8,20.4,32.8,20.4
2023_15_SF_ARI,ARI,211.0,38,26,1,234.0,30,2,211.0,39,26,1,160,184.4,0.6,101.8,1.2,184.4,0.6,25.0,18.0,30.0,18.0
2023_16_ARI_CHI,ARI,230.0,37,24,2,93.0,20,0,230.0,38,24,2,161,215.0,0.8,140.4,1.6,215.0,0.8,26.8,21.0,33.8,21.0
2023_17_ARI_PHI,ARI,232.0,31,25,3,221.0,40,1,232.0,31,25,3,162,211.2,1.2,134.6,1.2,211.2,1.2,25.6,22.0,35.0,22.0
2023_18_SEA_ARI,ARI,262.0,29,22,1,206.0,38,1,262.0,30,22,1,163,214.8,1.6,154.2,1.2,214.8,1.6,28.6,23.0,35.2,23.0
2024_01_ARI_BUF,ARI,162.0,31,21,1,124.0,25,1,162.0,31,21,1,164,216.0,1.6,180.8,1.2,216.0,1.6,33.2,22.0,32.2,22.0
2024_02_LA_ARI,ARI,266.0,21,17,3,231.0,40,1,266.0,21,17,3,165,219.4,1.6,175.6,1.0,219.4,1.6,30.6,23.6,33.8,23.6
2024_03_DET_ARI,ARI,207.0,34,21,1,77.0,18,0,207.0,34,21,1,166,230.4,2.0,175.0,0.8,230.4,2.0,32.6,21.8,30.2,21.8
2024_04_WAS_ARI,ARI,142.0,22,16,1,181.0,32,1,142.0,22,16,1,167,225.8,1.8,171.8,0.8,225.8,1.8,32.2,21.2,29.4,21.2
2024_05_ARI_SF,ARI,195.0,30,19,1,169.0,26,1,195.0,30,19,1,168,207.8,1.4,163.8,0.8,207.8,1.4,30.6,19.4,27.6,19.4
2024_06_ARI_GB,ARI,214.0,32,22,1,89.0,23,0,214.0,32,22,1,169,194.4,1.4,156.4,0.8,194.4,1.4,28.2,18.8,27.6,18.8
2024_07_LAC_ARI,ARI,145.0,25,14,1,181.0,29,1,145.0,26,14,1,170,204.8,1.4,149.4,0.6,204.8,1.4,27.8,19.0,27.8,19.0
2024_08_ARI_MIA,ARI,307.0,33,26,2,82.0,26,1,307.0,36,26,2,171,180.6,1.0,139.4,0.6,180.6,1.0,25.6,18.4,28.8,18.4
2024_09_CHI_ARI,ARI,154.0,19,13,0,213.0,34,3,154.0,20,13,0,172,200.6,1.2,140.4,0.8,200.6,1.2,27.2,19.4,29.2,19.4
2024_10_NYJ_ARI,ARI,266.0,24,22,1,147.0,32,3,266.0,24,22,1,173,203.0,1.0,146.8,1.2,203.0,1.0,27.6,18.8,28.8,18.8
2024_12_ARI_SEA,ARI,285.0,34,24,0,49.0,14,0,285.0,37,24,0,174,217.2,1.0,142.4,1.6,217.2,1.0,28.8,19.4,27.6,19.4
2024_13_ARI_MIN,ARI,260.0,43,31,1,154.0,31,0,260.0,45,31,1,175,231.4,0.8,134.4,1.6,231.4,0.8,27.0,19.8,28.6,19.8
2024_14_SEA_ARI,ARI,259.0,38,25,2,121.0,23,0,259.0,38,25,2,176,254.4,0.8,129.0,1.4,254.4,0.8,27.4,23.2,32.4,23.2
2024_15_NE_ARI,ARI,232.0,31,25,0,163.0,32,2,232.0,32,25,0,177,244.8,0.8,136.8,1.2,244.8,0.8,26.8,23.0,32.8,23.0
2024_16_ARI_CAR,ARI,202.0,29,20,1,206.0,29,2,202.0,32,20,1,178,260.4,0.8,126.8,1.0,260.4,0.8,26.4,25.4,35.2,25.4
2024_17_ARI_LA,ARI,321.0,45,33,1,113.0,22,0,321.0,48,33,1,179,247.6,0.8,138.6,0.8,247.6,0.8,25.8,25.0,36.8,25.0
2024_18_SF_ARI,ARI,242.0,32,25,4,151.0,27,2,242.0,35,25,4,180,254.8,1.0,151.4,0.8,254.8,1.0,27.4,26.8,39.0,26.8
2014_01_NO_ATL,ATL,448.0,42,31,3,123.0,25,1,448.0,43,31,3,1,,,,,,,,,,
2014_02_ATL_CIN,ATL,231.0,43,24,1,97.0,19,0,231.0,44,24,1,2,448.0,3.0,123.0,1.0,448.0,3.0,25.0,31.0,43.0,31.0
2014_03_TB_ATL,ATL,350.0,28,24,3,144.0,36,3,350.0,28,24,3,3,339.5,2.0,110.0,0.5,339.5,2.0,22.0,27.5,43.5,27.5
2014_04_ATL_MIN,ATL,298.0,40,25,3,123.0,22,1,298.0,41,25,3,4,343.0,2.3333333333333335,121.33333333333333,1.3333333333333333,343.0,2.3333333333333335,26.666666666666668,26.333333333333332,38.333333333333336,26.333333333333332
2014_05_ATL_NYG,ATL,316.0,43,29,1,90.0,21,1,316.0,45,29,1,5,331.75,2.5,121.75,1.25,331.75,2.5,25.5,26.0,39.0,26.0
2014_06_CHI_ATL,ATL,271.0,36,19,1,42.0,13,0,271.0,37,19,1,6,328.6,2.2,115.4,1.2,328.6,2.2,24.6,26.6,40.2,26.6
2014_07_ATL_BAL,ATL,228.0,44,29,1,68.0,16,0,228.0,44,29,1,7,293.2,1.8,99.2,1.0,293.2,1.8,22.2,24.2,39.0,24.2
2014_08_DET_ATL,ATL,228.0,26,20,2,78.0,26,1,228.0,27,20,2,8,292.6,1.8,93.4,1.0,292.6,1.8,21.6,25.2,39.0,25.2
2014_10_ATL_TB,ATL,219.0,30,20,1,110.0,28,1,219.0,31,20,1,9,268.2,1.6,80.2,0.6,268.2,1.6,19.6,24.4,38.8,24.4
2014_11_ATL_CAR,ATL,268.0,44,31,1,86.0,27,0,268.0,45,31,1,10,252.4,1.2,77.6,0.6,252.4,1.2,20.8,23.4,36.8,23.4
2014_12_CLE_ATL,ATL,273.0,43,27,2,63.0,23,1,273.0,43,27,2,11,242.8,1.2,76.8,0.4,242.8,1.2,22.0,23.8,36.8,23.8
2014_13_ARI_ATL,ATL,361.0,41,30,2,142.0,34,0,361.0,41,30,2,12,243.2,1.4,81.0,0.6,243.2,1.4,24.0,25.4,38.0,25.4
2014_14_ATL_GB,ATL,375.0,39,24,4,91.0,24,1,375.0,39,24,4,13,269.8,1.6,95.8,0.6,269.8,1.6,27.6,25.6,37.4,25.6
2014_15_PIT_ATL,ATL,310.0,37,26,2,97.0,20,0,310.0,37,26,2,14,299.2,2.0,98.4,0.6,299.2,2.0,27.2,26.4,39.8,26.4
2014_16_ATL_NO,ATL,322.0,40,30,1,81.0,22,1,322.0,40,30,1,15,317.4,2.2,95.8,0.4,317.4,2.2,25.6,27.6,41.0,27.6
2014_17_CAR_ATL,ATL,260.0,47,29,0,63.0,16,0,260.0,47,29,0,16,328.2,2.2,94.8,0.6,328.2,2.2,24.6,27.4,40.0,27.4
2015_01_PHI_ATL,ATL,298.0,34,23,2,105.0,35,0,298.0,34,23,2,17,325.6,1.8,94.8,0.4,325.6,1.8,23.2,27.8,40.8,27.8
2015_02_ATL_NYG,ATL,363.0,46,30,1,56.0,22,2,363.0,46,30,1,18,313.0,1.8,87.4,0.4,313.0,1.8,23.4,26.4,39.4,26.4
2015_03_ATL_DAL,ATL,285.0,35,24,2,158.0,32,3,285.0,36,24,2,19,310.6,1.2,80.4,0.6,310.6,1.2,23.0,27.6,40.8,27.6
2015_04_HOU_ATL,ATL,256.0,27,19,1,135.0,35,4,256.0,27,19,1,20,305.6,1.2,92.6,1.2,305.6,1.2,25.4,27.2,40.6,27.2
2015_05_WAS_ATL,ATL,254.0,42,24,0,176.0,32,1,254.0,42,24,0,21,292.4,1.2,103.4,1.8,292.4,1.2,28.0,25.0,38.0,25.0
2015_06_ATL_NO,ATL,295.0,43,30,2,150.0,21,1,295.0,44,30,2,22,291.2,1.2,126.0,2.0,291.2,1.2,31.2,24.0,37.0,24.0
2015_07_ATL_TEN,ATL,251.0,38,22,1,127.0,31,0,251.0,38,22,1,23,290.6,1.2,135.0,2.2,290.6,1.2,28.4,25.4,39.0,25.4
2015_08_TB_ATL,ATL,397.0,45,37,2,101.0,27,0,397.0,45,37,2,24,268.2,1.2,149.2,1.8,268.2,1.2,30.2,23.8,37.4,23.8
2015_09_ATL_SF,ATL,303.0,45,30,1,17.0,14,0,303.0,45,30,1,25,290.6,1.2,137.8,1.2,290.6,1.2,29.2,26.4,39.2,26.4
2015_11_IND_ATL,ATL,280.0,46,25,3,100.0,24,0,280.0,46,25,3,26,300.0,1.2,114.2,0.4,300.0,1.2,25.0,28.6,42.8,28.6
2015_12_MIN_ATL,ATL,230.0,31,22,1,116.0,24,0,230.0,31,22,1,27,305.2,1.8,99.0,0.2,305.2,1.8,23.4,28.8,43.6,28.8
2015_13_ATL_TB,ATL,269.0,44,30,1,64.0,18,0,269.0,45,30,1,28,292.2,1.6,92.2,0.0,292.2,1.6,24.0,27.2,41.0,27.2
2015_14_ATL_CAR,ATL,235.0,41,25,0,54.0,16,0,235.0,41,25,0,29,295.8,1.6,79.6,0.0,295.8,1.6,21.4,28.8,42.4,28.8
2015_15_ATL_JAX,ATL,246.0,35,22,1,83.0,33,1,246.0,35,22,1,30,263.4,1.2,70.2,0.0,263.4,1.2,19.2,26.4,41.6,26.4
2015_16_CAR_ATL,ATL,306.0,29,23,1,77.0,30,1,306.0,30,23,1,31,252.0,1.2,83.4,0.2,252.0,1.2,23.0,24.8,39.6,24.8
2015_17_NO_ATL,ATL,334.0,36,24,2,87.0,26,0,334.0,36,24,2,32,257.2,0.8,78.8,0.4,257.2,0.8,24.2,24.4,36.4,24.4
2016_01_TB_ATL,ATL,334.0,38,27,2,52.0,22,0,334.0,39,27,2,33,278.0,1.0,73.0,0.4,278.0,1.0,24.6,24.8,37.4,24.8
2016_02_ATL_OAK,ATL,396.0,34,26,3,139.0,29,1,396.0,34,26,3,34,291.0,1.2,70.6,0.4,291.0,1.2,25.4,24.2,36.2,24.2
2016_03_ATL_NO,ATL,240.0,30,20,2,217.0,31,3,240.0,30,20,2,35,323.2,1.8,87.6,0.6,323.2,1.8,28.0,24.4,34.8,24.4
2016_04_CAR_ATL,ATL,503.0,37,28,4,90.0,25,1,503.0,37,28,4,36,322.0,2.0,114.4,1.0,322.0,2.0,27.6,24.0,33.8,24.0
2016_05_ATL_DEN,ATL,267.0,28,15,1,122.0,32,1,267.0,28,15,1,37,361.4,2.6,117.0,1.0,361.4,2.6,26.6,25.0,35.2,25.0
2016_06_ATL_SEA,ATL,335.0,41,27,3,52.0,18,0,335.0,42,27,3,38,348.0,2.4,124.0,1.2,348.0,2.4,27.8,23.2,33.6,23.2
2016_07_SD_ATL,ATL,273.0,34,22,1,130.0,26,1,273.0,34,22,1,39,348.2,2.6,124.0,1.2,348.2,2.6,27.0,23.2,34.2,23.2
2016_08_GB_ATL,ATL,288.0,35,28,3,90.0,19,1,288.0,35,28,3,40,323.6,2.2,122.2,1.2,323.6,2.2,26.4,22.4,34.2,22.4
2016_09_ATL_TB,ATL,344.0,34,25,4,136.0,34,1,344.0,34,25,4,41,333.2,2.4,96.8,0.8,333.2,2.4,24.0,24.0,35.2,24.0
2016_10_ATL_PHI,ATL,267.0,31,18,1,48.0,13,0,267.0,33,18,1,42,301.4,2.4,106.0,0.8,301.4,2.4,25.8,23.4,34.6,23.4
2016_12_ARI_ATL,ATL,269.0,33,26,2,116.0,30,3,269.0,34,26,2,43,301.4,2.4,91.2,0.6,301.4,2.4,22.0,24.0,35.6,24.0
2016_13_KC_ATL,ATL,297.0,33,22,1,128.0,30,2,297.0,34,22,1,44,288.2,2.2,104.0,1.2,288.2,2.2,24.4,23.8,34.0,23.8
2016_14_ATL_LA,ATL,237.0,30,18,3,66.0,25,1,237.0,30,18,3,45,293.0,2.2,103.6,1.4,293.0,2.2,25.2,23.8,34.0,23.8
2016_15_SF_ATL,ATL,302.0,23,18,2,248.0,41,3,302.0,24,18,2,46,282.8,2.2,98.8,1.4,282.8,2.2,26.4,21.8,33.0,21.8
2016_16_ATL_CAR,ATL,277.0,33,27,2,152.0,24,1,277.0,33,27,2,47,274.4,1.8,121.2,1.8,274.4,1.8,27.8,20.4,31.0,20.4
2016_17_NO_ATL,ATL,331.0,36,27,4,142.0,22,1,331.0,36,27,4,48,276.4,2.0,142.0,2.0,276.4,2.0,30.0,22.2,31.0,22.2
2017_01_ATL_CHI,ATL,321.0,30,21,1,64.0,23,1,321.0,30,21,1,49,288.8,2.4,147.2,1.6,288.8,2.4,28.4,22.4,31.4,22.4
2017_02_GB_ATL,ATL,252.0,27,19,1,141.0,27,2,252.0,28,19,1,50,293.6,2.4,134.4,1.4,293.6,2.4,27.0,22.2,30.6,22.2
2017_03_ATL_DET,ATL,294.0,35,24,2,151.0,28,1,294.0,35,24,2,51,296.6,2.0,149.4,1.6,296.6,2.0,27.4,22.4,30.2,22.4
2017_04_BUF_ATL,ATL,242.0,42,24,1,147.0,29,1,242.0,42,24,1,52,295.0,2.0,130.0,1.2,295.0,2.0,24.8,23.6,32.4,23.6
2017_06_MIA_ATL,ATL,248.0,34,24,1,100.0,19,1,248.0,35,24,1,53,288.0,1.8,129.0,1.2,288.0,1.8,25.8,23.0,34.2,23.0
2017_07_ATL_NE,ATL,233.0,33,23,1,120.0,22,0,233.0,33,23,1,54,271.4,1.2,120.6,1.2,271.4,1.2,25.2,22.4,34.0,22.4
2017_08_ATL_NYJ,ATL,254.0,27,18,2,140.0,32,0,254.0,29,18,2,55,253.8,1.2,131.8,1.0,253.8,1.2,25.0,22.8,34.6,22.8
2017_09_ATL_CAR,ATL,313.0,37,24,2,53.0,18,0,313.0,38,24,2,56,254.2,1.4,131.6,0.6,254.2,1.4,26.0,22.6,34.8,22.6
2017_10_DAL_ATL,ATL,215.0,28,22,2,132.0,34,1,215.0,29,22,2,57,258.0,1.4,112.0,0.4,258.0,1.4,24.0,22.6,35.4,22.6
2017_11_ATL_SEA,ATL,195.0,27,19,2,89.0,30,1,195.0,27,19,2,58,252.6,1.6,109.0,0.4,252.6,1.6,25.0,22.2,32.8,22.2
2017_12_TB_ATL,ATL,368.0,34,27,2,148.0,28,2,368.0,36,27,2,59,242.0,1.8,106.8,0.4,242.0,1.8,27.2,21.2,31.2,21.2
2017_13_MIN_ATL,ATL,173.0,29,16,0,102.0,22,0,173.0,29,16,0,60,269.0,2.0,112.4,0.8,269.0,2.0,28.4,22.0,31.8,22.0
2017_14_NO_ATL,ATL,221.0,27,15,1,132.0,37,1,221.0,27,15,1,61,252.8,1.6,104.8,0.8,252.8,1.6,26.4,21.6,31.8,21.6
2017_15_ATL_TB,ATL,212.0,30,17,1,201.0,35,1,212.0,31,17,1,62,234.4,1.4,120.6,1.0,234.4,1.4,30.2,19.8,29.6,19.8
2017_16_ATL_NO,ATL,288.0,35,22,1,67.0,20,0,288.0,36,22,1,63,233.8,1.2,134.4,1.0,233.8,1.2,30.4,18.8,30.0,18.8
2017_17_CAR_ATL,ATL,317.0,42,28,1,60.0,26,0,317.0,45,28,1,64,252.4,1.0,130.0,0.8,252.4,1.0,28.4,19.4,31.8,19.4
2018_01_ATL_PHI,ATL,251.0,39,21,0,74.0,18,1,251.0,43,21,0,65,242.2,0.8,112.4,0.4,242.2,0.8,28.0,19.6,33.6,19.6
2018_02_CAR_ATL,ATL,272.0,28,23,2,170.0,32,2,272.0,28,23,2,66,257.8,0.8,106.8,0.6,257.8,0.8,27.2,20.6,36.4,20.6
2018_03_NO_ATL,ATL,374.0,34,26,5,48.0,22,0,374.0,35,26,5,67,268.0,1.0,114.4,0.8,268.0,1.0,26.2,22.2,36.6,22.2
2018_04_CIN_ATL,ATL,419.0,38,29,3,92.0,24,1,419.0,39,29,3,68,300.4,1.8,83.8,0.6,300.4,1.8,23.6,24.0,37.4,24.0
2018_05_ATL_PIT,ATL,305.0,45,31,1,62.0,19,1,305.0,45,31,1,69,326.6,2.2,88.8,0.8,326.6,2.2,24.4,25.4,38.0,25.4
2018_06_TB_ATL,ATL,355.0,41,31,3,70.0,22,1,355.0,41,31,3,70,324.2,2.2,89.2,1.0,324.2,2.2,23.0,26.0,38.0,26.0
2018_07_NYG_ATL,ATL,379.0,36,31,1,67.0,20,1,379.0,39,31,1,71,345.0,2.8,88.4,1.0,345.0,2.8,23.8,28.0,37.6,28.0
2018_09_ATL_WAS,ATL,350.0,37,26,4,154.0,24,1,350.0,38,26,4,72,366.4,2.6,67.8,0.8,366.4,2.6,21.4,29.6,39.8,29.6
2018_10_ATL_CLE,ATL,330.0,51,38,2,71.0,19,0,330.0,52,38,2,73,361.6,2.4,89.0,1.0,361.6,2.4,21.8,29.6,40.4,29.6
2018_11_DAL_ATL,ATL,291.0,34,24,1,80.0,18,0,291.0,34,24,1,74,343.8,2.2,84.8,0.8,343.8,2.2,20.8,31.4,43.0,31.4
2018_12_ATL_NO,ATL,377.0,47,35,2,26.0,16,0,377.0,47,35,2,75,341.0,2.2,88.4,0.6,341.0,2.2,20.6,30.0,40.8,30.0
2018_13_BAL_ATL,ATL,131.0,27,16,1,34.0,15,0,131.0,27,16,1,76,345.4,2.0,79.6,0.4,345.4,2.0,19.4,30.8,42.0,30.8
2018_14_ATL_GB,ATL,262.0,42,28,3,107.0,24,0,262.0,42,28,3,77,295.8,2.0,73.0,0.2,295.8,2.0,18.4,27.8,39.6,27.8
2018_15_ARI_ATL,ATL,231.0,36,22,2,215.0,27,2,231.0,36,22,2,78,278.2,1.8,63.6,0.0,278.2,1.8,18.4,28.2,40.4,28.2
2018_16_ATL_CAR,ATL,239.0,26,15,3,194.0,21,0,239.0,26,15,3,79,258.4,1.8,92.4,0.4,258.4,1.8,20.0,25.0,37.2,25.0
2018_17_ATL_TB,ATL,383.0,43,32,3,109.0,30,1,383.0,45,32,3,80,248.0,2.2,115.2,0.4,248.0,2.2,20.6,23.2,35.6,23.2
2019_01_ATL_MIN,ATL,304.0,45,33,2,73.0,17,0,304.0,46,33,2,81,249.2,2.4,131.8,0.6,249.2,2.4,23.4,22.6,35.2,22.6
2019_02_PHI_ATL,ATL,320.0,43,27,3,57.0,17,0,320.0,43,27,3,82,283.8,2.6,139.6,0.6,283.8,2.6,23.8,26.0,39.0,26.0
2019_03_ATL_IND,ATL,304.0,33,29,3,93.0,20,0,304.0,34,29,3,83,295.4,2.6,129.6,0.6,295.4,2.6,22.4,25.8,39.2,25.8
2019_04_TEN_ATL,ATL,397.0,50,35,0,58.0,17,1,397.0,53,35,0,84,310.0,2.8,105.2,0.2,310.0,2.8,21.0,27.2,38.8,27.2
2019_05_ATL_HOU,ATL,330.0,44,32,3,57.0,20,1,330.0,46,32,3,85,341.6,2.2,78.0,0.4,341.6,2.2,20.2,31.2,44.2,31.2
2019_06_ATL_ARI,ATL,356.0,34,30,4,103.0,25,0,356.0,36,30,4,86,331.0,2.2,67.6,0.4,331.0,2.2,18.2,31.2,44.4,31.2
2019_07_LA_ATL,ATL,224.0,33,22,1,38.0,15,0,224.0,33,22,1,87,341.4,2.6,73.6,0.4,341.4,2.6,19.8,30.6,42.4,30.6
2019_08_SEA_ATL,ATL,460.0,49,39,1,69.0,17,1,460.0,52,39,1,88,322.2,2.2,69.8,0.4,322.2,2.2,19.4,29.6,40.4,29.6
2019_10_ATL_NO,ATL,182.0,32,20,2,143.0,34,0,182.0,35,20,2,89,353.4,1.8,65.0,0.6,353.4,1.8,18.8,31.6,44.0,31.6
2019_11_ATL_CAR,ATL,314.0,31,22,1,54.0,26,1,314.0,32,22,1,90,310.4,2.2,82.0,0.4,310.4,2.2,22.2,28.6,40.4,28.6
2019_12_TB_ATL,ATL,326.0,53,28,1,57.0,19,1,326.0,55,28,1,91,307.2,1.8,81.4,0.4,307.2,1.8,23.4,26.6,37.6,26.6
2019_13_NO_ATL,ATL,312.0,47,35,2,89.0,26,0,312.0,50,35,2,92,301.2,1.2,72.2,0.6,301.2,1.2,22.2,26.2,41.4,26.2
2019_14_CAR_ATL,ATL,313.0,31,20,2,159.0,32,2,313.0,34,20,2,93,318.8,1.4,82.4,0.6,318.8,1.4,24.4,28.8,44.8,28.8
2019_15_ATL_SF,ATL,210.0,39,25,2,89.0,20,1,210.0,39,25,2,94,289.4,1.6,100.4,0.8,289.4,1.6,27.4,25.0,41.2,25.0
2019_16_JAX_ATL,ATL,384.0,43,32,1,135.0,27,2,384.0,45,32,1,95,295.0,1.6,89.6,1.0,295.0,1.6,24.6,26.0,42.0,26.0
2019_17_ATL_TB,ATL,313.0,48,30,1,87.0,30,0,313.0,51,30,1,96,309.0,1.6,105.8,1.2,309.0,1.6,24.8,28.0,44.6,28.0
2020_01_SEA_ATL,ATL,450.0,52,37,2,72.0,21,1,450.0,54,37,2,97,306.4,1.6,111.8,1.0,306.4,1.6,27.0,28.4,43.8,28.4
2020_02_ATL_DAL,ATL,273.0,36,24,4,113.0,34,0,273.0,37,24,4,98,334.0,1.6,108.4,1.2,334.0,1.6,26.0,28.8,44.6,28.8
2020_03_CHI_ATL,ATL,238.0,38,19,1,144.0,25,2,238.0,38,19,1,99,326.0,2.0,99.2,0.8,326.0,2.0,26.4,29.6,45.2,29.6
2020_04_ATL_GB,ATL,285.0,39,28,0,78.0,25,2,285.0,39,28,0,100,331.6,1.8,110.2,1.0,331.6,1.8,27.4,28.4,45.0,28.4
2020_05_CAR_ATL,ATL,226.0,35,21,0,166.0,24,1,226.0,37,21,0,101,311.8,1.6,98.8,1.0,311.8,1.6,27.0,27.6,43.8,27.6
2020_06_ATL_MIN,ATL,371.0,37,30,4,99.0,37,0,371.0,40,30,4,102,294.4,1.4,114.6,1.2,294.4,1.4,25.8,25.8,41.0,25.8
2020_07_DET_ATL,ATL,338.0,40,31,1,66.0,26,2,338.0,42,31,1,103,278.6,1.8,120.0,1.0,278.6,1.8,29.0,24.4,38.2,24.4
2020_08_ATL_CAR,ATL,281.0,30,21,0,131.0,36,2,281.0,30,21,0,104,291.6,1.2,110.6,1.4,291.6,1.2,27.4,25.8,39.2,25.8
2020_09_DEN_ATL,ATL,284.0,35,25,3,92.0,32,1,284.0,35,25,3,105,300.2,1.0,108.0,1.4,300.2,1.0,29.6,26.2,37.6,26.2
2020_11_ATL_NO,ATL,232.0,34,19,0,52.0,14,0,232.0,37,19,0,106,300.0,1.6,110.8,1.2,300.0,1.6,31.0,25.6,36.8,25.6
2020_12_LV_ATL,ATL,185.0,37,22,2,125.0,32,1,185.0,39,22,2,107,301.2,1.6,88.0,1.0,301.2,1.6,29.0,25.2,36.8,25.2
2020_13_NO_ATL,ATL,273.0,37,19,1,70.0,21,0,273.0,39,19,1,108,264.0,1.2,93.2,1.2,264.0,1.2,28.0,23.6,36.6,23.6
2020_14_ATL_LAC,ATL,263.0,32,22,2,70.0,20,0,263.0,33,22,2,109,251.0,1.2,94.0,0.8,251.0,1.2,27.0,21.2,36.0,21.2
2020_15_TB_ATL,ATL,356.0,48,34,3,37.0,13,0,356.0,49,34,3,110,247.4,1.6,81.8,0.4,247.4,1.6,23.8,21.4,36.6,21.4
2020_16_ATL_KC,ATL,300.0,34,27,2,90.0,23,0,300.0,35,27,2,111,261.8,1.6,70.8,0.2,261.8,1.6,20.0,23.2,39.4,23.2
2020_17_ATL_TB,ATL,265.0,41,29,2,127.0,26,1,265.0,44,29,2,112,275.4,2.0,78.4,0.2,275.4,2.0,21.8,24.8,39.0,24.8
2021_01_PHI_ATL,ATL,164.0,33,21,0,124.0,26,0,164.0,35,21,0,113,291.4,2.0,78.8,0.2,291.4,2.0,20.6,26.2,40.0,26.2
2021_02_ATL_TB,ATL,300.0,48,35,2,55.0,20,1,300.0,48,35,2,114,269.6,1.8,89.6,0.2,269.6,1.8,21.6,26.6,39.2,26.6
2021_03_ATL_NYG,ATL,243.0,36,27,2,69.0,20,0,243.0,36,27,2,115,277.0,1.8,86.6,0.4,277.0,1.8,21.6,29.2,42.2,29.2
2021_04_WAS_ATL,ATL,283.0,40,25,4,99.0,28,0,283.0,42,25,4,116,254.4,1.6,93.0,0.4,254.4,1.6,23.0,27.8,39.6,27.8
2021_05_NYJ_ATL,ATL,342.0,45,33,2,108.0,29,1,342.0,46,33,2,117,251.0,2.0,94.8,0.4,251.0,2.0,24.0,27.4,41.0,27.4
2021_07_ATL_MIA,ATL,336.0,39,25,2,72.0,22,1,336.0,40,25,2,118,266.4,2.0,91.0,0.4,266.4,2.0,24.6,28.2,41.4,28.2
2021_08_CAR_ATL,ATL,146.0,27,20,1,82.0,20,0,146.0,27,20,1,119,300.8,2.4,80.6,0.6,300.8,2.4,23.8,29.0,42.4,29.0
2021_09_ATL_NO,ATL,343.0,30,23,2,34.0,25,1,343.0,30,23,2,120,270.0,2.2,86.0,0.4,270.0,2.2,23.8,26.0,38.2,26.0
2021_10_ATL_DAL,ATL,131.0,27,10,0,103.0,24,0,131.0,27,10,0,121,290.0,2.2,79.0,0.6,290.0,2.2,24.8,25.2,37.0,25.2
2021_11_NE_ATL,ATL,158.0,31,20,0,40.0,16,0,158.0,32,20,0,122,259.6,1.4,79.8,0.6,259.6,1.4,24.0,22.2,34.0,22.2
2021_12_ATL_JAX,ATL,190.0,28,19,1,149.0,29,2,190.0,29,19,1,123,222.8,1.0,66.2,0.4,222.8,1.0,21.4,19.6,31.2,19.6
2021_13_TB_ATL,ATL,297.0,40,30,0,121.0,23,1,297.0,41,30,0,124,193.6,0.8,81.6,0.6,193.6,0.8,22.8,18.4,29.0,18.4
2021_14_ATL_CAR,ATL,190.0,27,19,1,128.0,36,1,190.0,28,19,1,125,223.8,0.6,89.4,0.8,223.8,0.6,23.4,20.4,31.8,20.4
2021_15_ATL_SF,ATL,236.0,30,19,1,62.0,23,0,236.0,32,19,1,126,193.2,0.4,108.2,0.8,193.2,0.4,25.6,19.6,31.4,19.6
2021_16_DET_ATL,ATL,215.0,22,18,1,47.0,18,1,215.0,24,18,1,127,214.2,0.6,100.0,0.8,214.2,0.6,25.4,21.4,32.4,21.4
2021_17_ATL_BUF,ATL,197.0,20,13,0,96.0,22,1,197.0,23,13,0,128,225.6,0.8,101.4,1.0,225.6,0.8,25.8,21.0,30.8,21.0
2021_18_NO_ATL,ATL,216.0,31,20,1,62.0,12,1,216.0,33,20,1,129,227.0,0.6,90.8,0.8,227.0,0.6,24.4,19.8,29.6,19.8
2022_01_NO_ATL,ATL,215.0,32,20,0,201.0,38,2,215.0,33,20,0,130,210.8,0.8,79.0,0.8,210.8,0.8,22.2,17.8,28.0,17.8
2022_02_ATL_LA,ATL,196.0,25,17,2,90.0,27,0,196.0,26,17,2,131,215.8,0.6,93.6,1.0,215.8,0.6,22.6,18.0,29.0,18.0
2022_03_ATL_SEA,ATL,229.0,19,13,1,179.0,31,2,229.0,20,13,1,132,207.8,0.8,99.2,1.0,207.8,0.8,23.4,17.6,27.8,17.6
2022_04_CLE_ATL,ATL,139.0,18,7,0,202.0,35,2,139.0,19,7,0,133,210.6,0.8,125.6,1.2,210.6,0.8,26.0,16.6,27.0,16.6
2022_05_ATL_TB,ATL,147.0,24,14,1,151.0,31,1,147.0,25,14,1,134,199.0,0.8,146.8,1.4,199.0,0.8,28.6,15.4,26.2,15.4
2022_06_SF_ATL,ATL,129.0,14,13,2,168.0,40,1,129.0,14,13,2,135,185.2,0.8,164.6,1.4,185.2,0.8,32.4,14.2,24.6,14.2
2022_07_ATL_CIN,ATL,124.0,12,8,1,107.0,29,1,124.0,13,8,1,136,168.0,1.2,158.0,1.2,168.0,1.2,32.8,12.8,20.8,12.8
2022_08_CAR_ATL,ATL,253.0,28,20,3,167.0,37,0,253.0,28,20,3,137,153.6,1.0,161.4,1.4,153.6,1.0,33.2,11.0,18.2,11.0
2022_09_LAC_ATL,ATL,129.0,23,12,0,201.0,35,2,129.0,23,12,0,138,158.4,1.4,159.0,1.0,158.4,1.4,34.4,12.4,19.8,12.4
2022_10_ATL_CAR,ATL,186.0,29,19,2,138.0,25,0,186.0,30,19,2,139,156.4,1.4,158.8,1.0,156.4,1.4,34.4,13.4,20.6,13.4
2022_11_CHI_ATL,ATL,131.0,18,13,1,149.0,33,1,131.0,20,13,1,140,164.2,1.6,156.2,0.8,164.2,1.6,33.2,14.4,21.6,14.4
2022_12_ATL_WAS,ATL,174.0,24,15,1,167.0,29,0,174.0,25,15,1,141,164.6,1.4,152.4,0.8,164.6,1.4,31.8,14.4,22.8,14.4
2022_13_PIT_ATL,ATL,167.0,24,13,1,146.0,28,0,167.0,24,13,1,142,174.6,1.4,164.4,0.6,174.6,1.4,31.8,15.8,25.2,15.8
2022_15_ATL_NO,ATL,97.0,26,13,0,231.0,39,2,97.0,26,13,0,143,157.4,1.0,160.2,0.6,157.4,1.0,30.0,14.4,24.4,14.4
2022_16_ATL_BAL,ATL,218.0,31,22,0,115.0,33,0,218.0,33,22,0,144,151.0,1.0,166.2,0.6,151.0,1.0,30.8,14.6,25.0,14.6
2022_17_ARI_ATL,ATL,169.0,25,19,0,132.0,34,2,169.0,26,19,0,145,157.4,0.6,161.6,0.6,157.4,0.6,32.4,15.2,25.6,15.2
2022_18_TB_ATL,ATL,224.0,28,19,2,174.0,35,1,224.0,30,19,2,146,165.0,0.4,158.2,0.8,165.0,0.4,32.6,16.4,26.8,16.4
2023_01_CAR_ATL,ATL,115.0,18,15,1,130.0,26,2,115.0,18,15,1,147,175.0,0.6,159.6,1.0,175.0,0.6,33.8,17.2,27.8,17.2
2023_02_GB_ATL,ATL,237.0,30,19,1,211.0,45,1,237.0,32,19,1,148,164.6,0.6,156.4,1.4,164.6,0.6,33.4,17.6,26.6,17.6
2023_03_ATL_DET,ATL,201.0,38,21,0,44.0,20,0,201.0,38,21,0,149,192.6,0.8,152.4,1.2,192.6,0.8,34.6,18.8,27.8,18.8
2023_04_ATL_JAX,ATL,191.0,30,19,1,127.0,22,0,191.0,31,19,1,150,189.2,0.8,138.2,1.2,189.2,0.8,32.0,18.6,28.8,18.6
2023_05_HOU_ATL,ATL,351.0,38,29,1,96.0,36,1,351.0,38,29,1,151,193.6,1.0,137.2,0.8,193.6,1.0,29.6,18.6,29.8,18.6
2023_06_WAS_ATL,ATL,307.0,44,28,2,106.0,29,0,307.0,47,28,2,152,219.0,0.8,121.6,0.8,219.0,0.8,29.8,20.6,31.4,20.6
2023_07_ATL_TB,ATL,250.0,23,19,0,156.0,38,1,250.0,25,19,0,153,257.4,1.0,116.8,0.4,257.4,1.0,30.4,23.2,37.2,23.2
2023_08_ATL_TEN,ATL,246.0,33,20,1,140.0,26,1,246.0,34,20,1,154,260.0,0.8,105.8,0.4,260.0,0.8,29.0,23.2,35.8,23.2
2023_09_MIN_ATL,ATL,268.0,34,21,1,110.0,28,1,268.0,38,21,1,155,269.0,1.0,125.0,0.6,269.0,1.0,30.2,23.0,35.0,23.0
2023_10_ATL_ARI,ATL,94.0,19,12,1,184.0,41,2,94.0,21,12,1,156,284.4,1.0,121.6,0.8,284.4,1.0,31.4,23.4,36.4,23.4
2023_12_NO_ATL,ATL,168.0,20,13,1,228.0,41,1,168.0,21,13,1,157,233.0,1.0,139.2,1.0,233.0,1.0,32.4,20.0,33.0,20.0
2023_13_ATL_NYJ,ATL,121.0,25,12,1,90.0,34,0,121.0,27,12,1,158,205.2,0.8,163.6,1.2,205.2,0.8,34.8,17.0,27.8,17.0
2023_14_TB_ATL,ATL,347.0,39,26,1,96.0,26,2,347.0,40,26,1,159,179.4,1.0,150.4,1.0,179.4,1.0,34.0,15.6,28.2,15.6
2023_15_ATL_CAR,ATL,152.0,19,12,1,52.0,31,0,152.0,20,12,1,160,199.6,1.0,141.6,1.2,199.6,1.0,34.0,16.8,29.4,16.8
2023_16_IND_ATL,ATL,229.0,32,23,1,177.0,30,1,229.0,33,23,1,161,176.4,1.0,130.0,1.0,176.4,1.0,34.6,15.0,25.8,15.0
2023_17_ATL_CHI,ATL,180.0,32,13,1,134.0,24,1,180.0,33,13,1,162,203.4,1.0,128.6,0.8,203.4,1.0,32.4,17.2,28.2,17.2
2023_18_ATL_NO,ATL,318.0,34,25,2,78.0,25,0,318.0,34,25,2,163,205.8,1.0,109.8,0.8,205.8,1.0,29.0,17.2,30.6,17.2
2024_01_PIT_ATL,ATL,155.0,23,16,1,89.0,22,0,155.0,26,16,1,164,245.2,1.2,107.4,0.8,245.2,1.2,27.2,19.8,32.0,19.8
2024_02_ATL_PHI,ATL,241.0,29,20,2,152.0,28,0,241.0,29,20,2,165,206.8,1.2,106.0,0.4,206.8,1.2,26.4,17.8,29.2,17.8
2024_03_KC_ATL,ATL,230.0,27,20,1,82.0,25,1,230.0,29,20,1,166,224.6,1.4,126.0,0.4,224.6,1.4,25.8,19.4,31.0,19.4
2024_04_NO_ATL,ATL,238.0,34,21,0,88.0,15,0,238.0,35,21,0,167,224.8,1.4,107.0,0.4,224.8,1.4,24.8,18.8,30.2,18.8
2024_05_TB_ATL,ATL,509.0,54,42,4,73.0,18,0,509.0,59,42,4,168,236.4,1.2,97.8,0.2,236.4,1.2,23.0,20.4,30.6,20.4
2024_06_ATL_CAR,ATL,225.0,29,19,1,198.0,38,3,225.0,30,19,1,169,274.6,1.6,96.8,0.2,274.6,1.6,21.6,23.8,35.6,23.8
2024_07_SEA_ATL,ATL,246.0,36,25,1,155.0,32,1,246.0,36,25,1,170,288.6,1.6,118.6,0.8,288.6,1.6,24.8,24.4,36.4,24.4
2024_08_ATL_TB,ATL,276.0,28,23,4,129.0,29,0,276.0,29,23,4,171,289.6,1.4,119.2,1.0,289.6,1.4,25.6,25.4,37.8,25.4
2024_09_DAL_ATL,ATL,222.0,24,19,3,100.0,30,1,222.0,24,19,3,172,298.8,2.0,128.6,0.8,298.8,2.0,26.4,26.0,37.8,26.0
2024_10_ATL_NO,ATL,306.0,37,23,0,181.0,32,2,306.0,38,23,0,173,295.6,2.6,131.0,1.0,295.6,2.6,29.4,25.6,35.6,25.6
2024_11_ATL_DEN,ATL,197.0,29,20,0,50.0,21,0,197.0,31,20,0,174,255.0,1.8,152.6,1.4,255.0,1.8,32.2,21.8,31.4,21.8
2024_13_LAC_ATL,ATL,245.0,38,24,0,116.0,37,1,245.0,39,24,0,175,249.4,1.6,123.0,0.8,249.4,1.6,28.8,22.0,31.6,22.0
2024_14_ATL_MIN,ATL,344.0,37,23,0,158.0,32,2,344.0,37,23,0,176,249.2,1.4,115.2,0.8,249.2,1.4,29.8,21.8,32.2,21.8
2024_15_ATL_LV,ATL,112.0,16,11,1,168.0,37,0,112.0,17,11,1,177,262.8,0.6,121.0,1.2,262.8,0.6,30.4,21.8,33.8,21.8
2024_16_NYG_ATL,ATL,202.0,26,18,0,127.0,38,2,202.0,27,18,0,178,240.8,0.2,134.6,1.0,240.8,0.2,31.8,20.2,32.4,20.2
2024_17_ATL_WAS,ATL,223.0,35,19,1,126.0,23,2,223.0,35,19,1,179,220.0,0.2,123.8,1.0,220.0,0.2,33.0,19.2,30.2,19.2
2024_18_CAR_ATL,ATL,312.0,37,21,2,227.0,38,3,312.0,38,21,2,180,225.2,0.4,139.0,1.4,225.2,0.4,33.4,19.0,31.0,19.0
2014_01_CIN_BAL,BAL,345.0,62,35,1,94.0,20,1,345.0,62,35,1,1,,,,,,,,,,
2014_02_PIT_BAL,BAL,166.0,29,21,2,157.0,36,0,166.0,29,21,2,2,345.0,1.0,94.0,1.0,345.0,1.0,20.0,35.0,62.0,35.0
2014_03_BAL_CLE,BAL,217.0,30,19,1,160.0,33,1,217.0,31,19,1,3,255.5,1.5,125.5,0.5,255.5,1.5,28.0,28.0,45.5,28.0
2014_04_CAR_BAL,BAL,327.0,30,22,3,127.0,30,2,327.0,31,22,3,4,242.66666666666666,1.3333333333333333,137.0,0.6666666666666666,242.66666666666666,1.3333333333333333,29.666666666666668,25.0,40.666666666666664,25.0
2014_05_BAL_IND,BAL,235.0,36,22,0,90.0,15,1,235.0,38,22,0,5,263.75,1.75,134.5,1.0,263.75,1.75,29.75,24.25,38.25,24.25
2014_06_BAL_TB,BAL,306.0,26,21,5,169.0,35,1,306.0,28,21,5,6,258.0,1.4,125.6,1.0,258.0,1.4,26.8,23.8,38.2,23.8
2014_07_ATL_BAL,BAL,258.0,25,16,2,123.0,36,1,258.0,25,16,2,7,250.2,2.2,140.6,1.0,250.2,2.2,29.8,21.0,31.4,21.0
2014_08_BAL_CIN,BAL,195.0,33,17,0,107.0,26,2,195.0,34,17,0,8,268.6,2.2,133.8,1.2,268.6,2.2,29.8,20.0,30.6,20.0
2014_09_BAL_PIT,BAL,303.0,44,30,2,63.0,18,0,303.0,45,30,2,9,264.2,2.0,123.2,1.4,264.2,2.0,28.4,19.6,31.2,19.6
2014_10_TEN_BAL,BAL,169.0,27,16,1,151.0,34,2,169.0,27,16,1,10,259.4,1.8,110.4,1.0,259.4,1.8,26.0,21.2,34.0,21.2
2014_12_BAL_NO,BAL,243.0,24,18,1,215.0,32,2,243.0,24,18,1,11,246.2,2.0,122.6,1.2,246.2,2.0,29.8,20.0,31.8,20.0
2014_13_SD_BAL,BAL,225.0,31,19,2,125.0,32,1,225.0,31,19,2,12,233.6,1.2,131.8,1.4,233.6,1.2,29.2,19.4,31.0,19.4
2014_14_BAL_MIA,BAL,269.0,30,25,2,183.0,31,2,269.0,33,25,2,13,227.0,1.2,132.2,1.4,227.0,1.2,28.4,20.0,32.2,20.0
2014_15_JAX_BAL,BAL,221.0,30,20,1,93.0,26,0,221.0,30,20,1,14,241.8,1.6,147.4,1.4,241.8,1.6,29.4,21.6,32.0,21.6
2014_16_BAL_HOU,BAL,195.0,48,21,2,33.0,16,0,195.0,50,21,2,15,225.4,1.4,153.4,1.4,225.4,1.4,31.0,19.6,29.0,19.6
2014_17_CLE_BAL,BAL,312.0,36,22,2,129.0,28,0,312.0,36,22,2,16,230.6,1.6,129.8,1.0,230.6,1.6,27.4,20.6,33.6,20.6
2015_01_BAL_DEN,BAL,117.0,32,18,0,73.0,23,0,117.0,32,18,0,17,244.4,1.8,112.6,0.6,244.4,1.8,26.6,21.4,36.0,21.4
2015_02_BAL_OAK,BAL,384.0,45,32,2,109.0,25,1,384.0,45,32,2,18,222.8,1.4,102.2,0.4,222.8,1.4,24.8,21.2,36.2,21.2
2015_03_CIN_BAL,BAL,362.0,48,32,2,36.0,18,0,362.0,49,32,2,19,245.8,1.4,87.4,0.2,245.8,1.4,23.6,22.6,38.6,22.6
2015_04_BAL_PIT,BAL,186.0,33,21,1,191.0,39,1,186.0,34,21,1,20,274.0,1.6,76.0,0.2,274.0,1.6,22.0,25.0,42.4,25.0
2015_05_CLE_BAL,BAL,210.0,35,19,1,181.0,31,3,210.0,35,19,1,21,272.2,1.4,107.6,0.4,272.2,1.4,26.6,25.0,39.2,25.0
2015_06_BAL_SF,BAL,343.0,52,33,2,77.0,22,0,343.0,53,33,2,22,251.8,1.2,118.0,1.0,251.8,1.2,27.2,24.4,39.0,24.4
2015_07_BAL_ARI,BAL,252.0,39,26,1,55.0,16,1,252.0,40,26,1,23,297.0,1.6,118.8,1.0,297.0,1.6,27.0,27.4,43.2,27.4
2015_08_SD_BAL,BAL,319.0,37,25,1,72.0,25,1,319.0,37,25,1,24,270.6,1.4,108.0,1.0,270.6,1.4,25.2,26.2,42.2,26.2
2015_10_JAX_BAL,BAL,316.0,45,34,3,89.0,21,0,316.0,45,34,3,25,262.0,1.2,115.2,1.2,262.0,1.2,26.6,24.8,39.8,24.8
2015_11_STL_BAL,BAL,299.0,43,27,1,96.0,28,0,299.0,44,27,1,26,288.0,1.6,94.8,1.0,288.0,1.6,23.0,27.4,42.0,27.4
2015_12_BAL_CLE,BAL,232.0,34,20,2,104.0,23,0,232.0,34,20,2,27,305.8,1.6,77.8,0.4,305.8,1.6,22.4,29.0,43.8,29.0
2015_13_BAL_MIA,BAL,308.0,46,32,1,94.0,26,0,308.0,46,32,1,28,283.6,1.6,83.2,0.4,283.6,1.6,22.6,26.4,40.0,26.4
2015_14_SEA_BAL,BAL,274.0,40,23,0,28.0,14,0,274.0,40,23,0,29,294.8,1.6,91.0,0.2,294.8,1.6,24.6,27.6,41.2,27.6
2015_15_KC_BAL,BAL,281.0,45,26,2,93.0,20,0,281.0,45,26,2,30,285.8,1.4,82.2,0.0,285.8,1.4,22.4,27.2,41.8,27.2
2015_16_PIT_BAL,BAL,274.0,40,28,1,121.0,31,1,274.0,41,28,1,31,278.8,1.2,83.0,0.0,278.8,1.2,22.2,25.6,41.8,25.6
2015_17_BAL_CIN,BAL,292.0,54,30,1,59.0,21,0,292.0,56,30,1,32,273.8,1.2,88.0,0.2,273.8,1.2,22.8,25.8,41.2,25.8
2016_01_BUF_BAL,BAL,258.0,32,22,1,83.0,28,0,258.0,33,22,1,33,285.8,1.0,79.0,0.2,285.8,1.0,22.4,27.8,45.6,27.8
2016_02_BAL_CLE,BAL,302.0,45,25,2,80.0,26,0,302.0,45,25,2,34,275.8,1.0,76.8,0.2,275.8,1.0,22.8,25.8,43.0,25.8
2016_03_BAL_JAX,BAL,214.0,40,29,0,84.0,22,1,214.0,40,29,0,35,281.4,1.4,87.2,0.2,281.4,1.4,25.2,26.2,44.0,26.2
2016_04_OAK_BAL,BAL,298.0,50,32,1,130.0,26,2,298.0,52,32,1,36,268.0,1.0,85.4,0.4,268.0,1.0,25.6,26.8,43.0,26.8
2016_05_WAS_BAL,BAL,210.0,47,30,1,118.0,19,0,210.0,47,30,1,37,272.8,1.0,87.2,0.6,272.8,1.0,24.6,27.6,45.2,27.6
2016_06_BAL_NYG,BAL,307.0,48,26,0,98.0,26,2,307.0,48,26,0,38,256.4,1.0,99.0,0.6,256.4,1.0,24.2,27.6,43.4,27.6
2016_07_BAL_NYJ,BAL,248.0,43,25,0,11.0,11,0,248.0,44,25,0,39,266.2,0.8,102.0,1.0,266.2,0.8,23.8,28.4,46.4,28.4
2016_09_PIT_BAL,BAL,250.0,30,19,1,50.0,29,0,250.0,31,19,1,40,255.4,0.4,88.2,1.0,255.4,0.4,20.8,28.4,46.2,28.4
2016_10_CLE_BAL,BAL,296.0,40,30,3,119.0,34,0,296.0,41,30,3,41,262.6,0.6,81.4,0.8,262.6,0.6,22.2,26.4,44.4,26.4
2016_11_BAL_DAL,BAL,269.0,35,23,1,101.0,16,1,269.0,35,23,1,42,262.2,1.0,79.2,0.4,262.2,1.0,23.8,26.0,42.2,26.0
2016_12_CIN_BAL,BAL,234.0,33,25,1,92.0,30,0,234.0,36,25,1,43,274.0,1.0,75.8,0.6,274.0,1.0,23.2,24.6,39.8,24.6
2016_13_MIA_BAL,BAL,386.0,48,37,4,110.0,20,1,386.0,50,37,4,44,259.4,1.2,74.6,0.2,259.4,1.2,24.0,24.4,37.4,24.4
2016_14_BAL_NE,BAL,324.0,52,37,2,42.0,14,0,324.0,52,37,2,45,287.0,2.0,94.4,0.4,287.0,2.0,25.8,26.8,38.6,26.8
2016_15_PHI_BAL,BAL,206.0,29,16,2,151.0,24,1,206.0,30,16,2,46,301.8,2.2,92.8,0.4,301.8,2.2,22.8,30.4,42.8,30.4
2016_16_BAL_PIT,BAL,262.0,44,30,1,122.0,26,1,262.0,44,30,1,47,283.8,2.0,99.2,0.6,283.8,2.0,20.8,27.6,40.6,27.6
2016_17_BAL_CIN,BAL,279.0,49,33,0,72.0,16,1,279.0,51,33,0,48,282.4,2.0,103.4,0.6,282.4,2.0,22.8,29.0,42.4,29.0
2017_01_BAL_CIN,BAL,121.0,17,9,1,157.0,42,1,121.0,17,9,1,49,291.4,1.8,99.4,0.8,291.4,1.8,20.0,30.6,45.4,30.6
2017_02_CLE_BAL,BAL,217.0,33,25,2,136.0,32,1,217.0,34,25,2,50,238.4,1.2,108.8,0.8,238.4,1.2,24.4,25.0,38.8,25.0
2017_03_BAL_JAX,BAL,64.0,27,14,1,134.0,25,0,64.0,27,14,1,51,217.0,1.2,127.6,1.0,217.0,1.2,28.0,22.6,35.2,22.6
2017_04_PIT_BAL,BAL,235.0,47,31,1,82.0,15,0,235.0,49,31,1,52,188.6,1.0,124.2,0.8,188.6,1.0,28.2,22.2,34.6,22.2
2017_05_BAL_OAK,BAL,222.0,26,19,0,143.0,39,2,222.0,26,19,0,53,183.2,1.0,116.2,0.6,183.2,1.0,26.0,22.4,35.6,22.4
2017_06_CHI_BAL,BAL,180.0,41,24,0,125.0,26,0,180.0,41,24,0,54,171.8,1.0,130.4,0.8,171.8,1.0,30.6,19.6,30.6,19.6
2017_07_BAL_MIN,BAL,186.0,39,27,1,64.0,20,0,186.0,39,27,1,55,183.6,0.8,124.0,0.6,183.6,0.8,27.4,22.6,35.4,22.6
2017_08_MIA_BAL,BAL,121.0,21,13,2,174.0,40,0,121.0,22,13,2,56,177.4,0.6,109.6,0.4,177.4,0.6,25.0,23.0,36.4,23.0
2017_09_BAL_TEN,BAL,277.0,52,35,2,73.0,22,0,277.0,53,35,2,57,188.8,0.8,117.6,0.4,188.8,0.8,28.0,22.8,35.4,22.8
2017_11_BAL_GB,BAL,183.0,28,22,1,58.0,26,1,183.0,28,22,1,58,197.2,1.0,115.8,0.4,197.2,1.0,29.4,23.6,36.2,23.6
2017_12_HOU_BAL,BAL,163.0,33,21,0,139.0,31,2,163.0,33,21,0,59,189.4,1.2,98.8,0.2,189.4,1.2,26.8,24.2,36.6,24.2
2017_13_DET_BAL,BAL,269.0,36,23,2,101.0,27,2,269.0,36,23,2,60,186.0,1.2,101.6,0.6,186.0,1.2,27.8,23.6,35.0,23.6
2017_14_BAL_PIT,BAL,269.0,34,20,2,152.0,26,3,269.0,35,20,2,61,202.6,1.4,109.0,1.0,202.6,1.4,29.2,22.8,34.4,22.8
2017_15_BAL_CLE,BAL,288.0,42,26,1,97.0,31,1,288.0,42,26,1,62,232.2,1.4,104.6,1.6,232.2,1.4,26.4,24.2,37.0,24.2
2017_16_IND_BAL,BAL,237.0,38,29,2,103.0,32,0,237.0,38,29,2,63,234.4,1.2,109.4,1.8,234.4,1.2,28.2,22.4,34.8,22.4
2017_17_CIN_BAL,BAL,203.0,47,25,2,118.0,26,1,203.0,47,25,2,64,245.2,1.4,118.4,1.6,245.2,1.4,29.4,23.8,36.8,23.8
2018_01_BUF_BAL,BAL,260.0,37,26,3,117.0,34,3,260.0,38,26,3,65,253.2,1.8,114.2,1.4,253.2,1.8,28.4,24.6,39.6,24.6
2018_02_BAL_CIN,BAL,376.0,53,32,2,66.0,22,1,376.0,55,32,2,66,251.4,2.0,117.4,1.6,251.4,2.0,29.8,25.2,40.0,25.2
2018_03_DEN_BAL,BAL,277.0,38,25,1,77.0,28,2,277.0,40,25,1,67,272.8,2.0,100.2,1.2,272.8,2.0,29.0,27.6,44.0,27.6
2018_04_BAL_PIT,BAL,363.0,40,28,2,96.0,30,0,363.0,42,28,2,68,270.6,2.0,96.2,1.4,270.6,2.0,28.4,27.4,43.6,27.4
2018_05_BAL_CLE,BAL,298.0,57,29,0,116.0,25,0,298.0,57,29,0,69,295.8,2.0,94.8,1.4,295.8,2.0,28.0,27.2,44.4,27.2
2018_06_BAL_TEN,BAL,238.0,37,25,1,123.0,35,2,238.0,37,25,1,70,314.8,1.6,94.4,1.2,314.8,1.6,27.8,28.0,46.4,28.0
2018_07_NO_BAL,BAL,284.0,37,24,2,77.0,23,1,284.0,40,24,2,71,310.4,1.2,95.6,1.0,310.4,1.2,28.0,27.8,46.2,27.8
2018_08_BAL_CAR,BAL,238.0,44,26,2,101.0,18,1,238.0,44,26,2,72,292.0,1.2,97.8,1.0,292.0,1.2,28.2,26.2,43.2,26.2
2018_09_PIT_BAL,BAL,218.0,37,24,0,61.0,16,1,218.0,38,24,0,73,284.2,1.4,102.6,0.8,284.2,1.4,26.2,26.4,44.0,26.4
2018_11_CIN_BAL,BAL,150.0,18,13,0,262.0,53,2,150.0,19,13,0,74,255.2,1.0,95.6,1.0,255.2,1.0,23.4,25.6,43.2,25.6
2018_12_OAK_BAL,BAL,178.0,24,14,1,242.0,43,1,178.0,25,14,1,75,225.6,1.0,124.8,1.4,225.6,1.0,29.0,22.4,35.6,22.4
2018_13_BAL_ATL,BAL,167.0,25,15,0,207.0,49,1,167.0,26,15,0,76,213.6,1.0,148.6,1.2,213.6,1.0,30.6,20.2,33.2,20.2
2018_14_BAL_KC,BAL,147.0,26,13,2,194.0,40,1,147.0,26,13,2,77,190.2,0.6,174.6,1.2,190.2,0.6,35.8,18.4,30.4,18.4
2018_15_TB_BAL,BAL,131.0,21,14,1,242.0,49,1,131.0,23,14,1,78,172.0,0.6,193.2,1.2,172.0,0.6,40.2,15.8,26.8,15.8
2018_16_BAL_LAC,BAL,204.0,22,12,1,159.0,35,0,204.0,22,12,1,79,154.6,0.8,229.4,1.2,154.6,0.8,46.8,13.8,23.8,13.8
2018_17_CLE_BAL,BAL,179.0,23,14,0,296.0,47,2,179.0,24,14,0,80,165.4,1.0,208.8,0.8,165.4,1.0,43.2,13.6,24.4,13.6
2019_01_BAL_MIA,BAL,379.0,25,23,6,265.0,46,2,379.0,26,23,6,81,165.6,0.8,219.6,1.0,165.6,0.8,44.0,13.6,24.2,13.6
2019_02_ARI_BAL,BAL,272.0,35,24,2,182.0,33,0,272.0,37,24,2,82,208.0,2.0,231.2,1.2,208.0,2.0,43.4,15.2,24.2,15.2
2019_03_BAL_KC,BAL,267.0,43,22,0,203.0,32,4,267.0,43,22,0,83,233.0,2.0,228.8,1.0,233.0,2.0,42.0,17.4,26.4,17.4
2019_04_CLE_BAL,BAL,247.0,33,24,3,173.0,29,0,247.0,34,24,3,84,260.2,1.8,221.0,1.6,260.2,1.8,38.6,19.0,30.4,19.0
2019_05_BAL_PIT,BAL,161.0,28,19,1,138.0,40,1,161.0,28,19,1,85,268.8,2.2,223.8,1.6,268.8,2.2,37.4,21.4,32.8,21.4
2019_06_CIN_BAL,BAL,236.0,29,21,0,269.0,43,2,236.0,33,21,0,86,265.2,2.4,192.2,1.4,265.2,2.4,36.0,22.4,33.6,22.4
2019_07_BAL_SEA,BAL,143.0,20,9,0,199.0,35,1,143.0,20,9,0,87,236.6,1.2,193.0,1.4,236.6,1.2,35.4,22.0,35.0,22.0
2019_09_NE_BAL,BAL,163.0,23,17,1,210.0,41,3,163.0,23,17,1,88,210.8,0.8,196.4,1.6,210.8,0.8,35.8,19.0,31.6,19.0
2019_10_BAL_CIN,BAL,243.0,21,18,3,127.0,23,2,243.0,22,18,3,89,190.0,1.0,197.8,1.4,190.0,1.0,37.6,18.0,27.6,18.0
2019_11_HOU_BAL,BAL,235.0,27,20,4,256.0,37,1,235.0,27,20,4,90,189.2,1.0,188.6,1.8,189.2,1.0,36.4,16.8,25.2,16.8
2019_12_BAL_LA,BAL,208.0,22,16,5,285.0,48,1,208.0,23,16,5,91,204.0,1.6,212.2,1.8,204.0,1.6,35.8,17.0,25.0,17.0
2019_13_SF_BAL,BAL,105.0,23,14,1,178.0,38,1,105.0,23,14,1,92,198.4,2.6,215.4,1.6,198.4,2.6,36.8,16.0,23.0,16.0
2019_14_BAL_BUF,BAL,145.0,23,16,3,118.0,33,0,145.0,25,16,3,93,190.8,2.8,211.2,1.6,190.8,2.8,37.4,17.0,23.6,17.0
2019_15_NYJ_BAL,BAL,212.0,22,15,5,218.0,34,1,212.0,24,15,5,94,187.2,3.2,192.8,1.0,187.2,3.2,35.8,16.8,24.0,16.8
2019_16_BAL_CLE,BAL,238.0,30,20,3,243.0,40,1,238.0,31,20,3,95,181.0,3.6,211.0,0.8,181.0,3.6,38.0,16.2,24.4,16.2
2019_17_PIT_BAL,BAL,96.0,20,11,0,223.0,44,1,96.0,21,11,0,96,181.6,3.4,208.4,0.8,181.6,3.4,38.6,16.2,25.2,16.2
2020_01_CLE_BAL,BAL,284.0,25,21,3,111.0,30,2,284.0,26,21,3,97,159.2,2.4,196.0,0.8,159.2,2.4,37.8,15.2,24.8,15.2
2020_02_BAL_HOU,BAL,204.0,23,18,1,230.0,37,1,204.0,24,18,1,98,195.0,2.8,182.6,1.0,195.0,2.8,36.2,16.6,25.4,16.6
2020_03_KC_BAL,BAL,97.0,27,15,1,158.0,21,0,97.0,28,15,1,99,206.8,2.4,205.0,1.2,206.8,2.4,37.0,17.0,25.2,17.0
2020_04_BAL_WAS,BAL,208.0,23,15,2,144.0,32,2,208.0,23,15,2,100,183.8,1.6,193.0,1.0,183.8,1.6,34.4,17.0,26.0,17.0
2020_05_CIN_BAL,BAL,180.0,36,19,2,161.0,24,0,180.0,37,19,2,101,177.8,1.4,173.2,1.2,177.8,1.4,32.8,16.0,24.4,16.0
2020_06_BAL_PHI,BAL,186.0,25,16,1,182.0,37,2,186.0,27,16,1,102,194.6,1.8,160.8,1.0,194.6,1.8,28.8,17.6,27.6,17.6
2020_08_PIT_BAL,BAL,208.0,26,13,2,265.0,47,1,208.0,28,13,2,103,175.0,1.4,175.0,1.0,175.0,1.4,30.2,16.6,27.8,16.6
2020_09_BAL_IND,BAL,170.0,23,19,0,110.0,38,2,170.0,23,19,0,104,175.8,1.6,182.0,1.0,175.8,1.6,32.2,15.6,28.6,15.6
2020_10_BAL_NE,BAL,249.0,34,24,2,115.0,28,0,249.0,34,24,2,105,190.4,1.4,172.4,1.4,190.4,1.4,35.6,16.4,27.6,16.4
2020_11_TEN_BAL,BAL,186.0,28,17,1,129.0,33,1,186.0,29,17,1,106,198.6,1.4,166.6,1.0,198.6,1.4,34.8,18.2,29.8,18.2
2020_12_BAL_PIT,BAL,110.0,18,9,1,129.0,28,1,110.0,18,9,1,107,199.8,1.2,160.2,1.2,199.8,1.2,36.6,17.8,28.2,17.8
2020_13_DAL_BAL,BAL,107.0,17,12,2,294.0,37,2,107.0,17,12,2,108,184.6,1.2,149.6,1.0,184.6,1.2,34.8,16.4,26.4,16.4
2020_14_BAL_CLE,BAL,176.0,19,12,1,231.0,32,5,176.0,21,12,1,109,164.4,1.2,155.4,1.2,164.4,1.2,32.8,16.2,24.2,16.2
2020_15_JAX_BAL,BAL,250.0,26,19,3,159.0,37,2,250.0,26,19,3,110,165.6,1.4,179.6,1.8,165.6,1.4,31.6,14.8,23.8,14.8
2020_16_NYG_BAL,BAL,183.0,23,17,2,249.0,40,1,183.0,26,17,2,111,165.8,1.6,188.4,2.2,165.8,1.6,33.4,13.8,22.2,13.8
2020_17_BAL_CIN,BAL,121.0,19,11,3,404.0,54,2,121.0,19,11,3,112,165.2,1.8,212.4,2.2,165.2,1.8,34.8,13.8,21.6,13.8
2021_01_BAL_LV,BAL,235.0,29,19,1,189.0,34,2,235.0,30,19,1,113,167.4,2.2,267.4,2.4,167.4,2.2,40.0,14.2,21.8,14.2
2021_02_KC_BAL,BAL,239.0,25,18,1,251.0,41,3,239.0,26,18,1,114,193.0,2.0,246.4,2.4,193.0,2.0,39.4,15.6,24.4,15.6
2021_03_BAL_DET,BAL,287.0,27,16,1,116.0,22,0,287.0,31,16,1,115,205.6,2.0,250.4,2.0,205.6,2.0,41.2,16.8,25.4,16.8
2021_04_BAL_DEN,BAL,316.0,35,22,1,102.0,30,1,316.0,37,22,1,116,213.0,1.6,241.8,1.6,213.0,1.6,38.2,16.2,26.4,16.2
2021_05_IND_BAL,BAL,442.0,43,37,4,86.0,25,0,442.0,43,37,4,117,239.6,1.4,212.4,1.6,239.6,1.4,36.2,17.2,28.6,17.2
2021_06_LAC_BAL,BAL,167.0,27,19,1,187.0,38,3,167.0,27,19,1,118,303.8,1.6,148.8,1.2,303.8,1.6,30.4,22.4,33.4,22.4
2021_07_CIN_BAL,BAL,296.0,41,20,1,115.0,24,1,296.0,42,20,1,119,290.2,1.6,148.4,1.4,290.2,1.6,31.2,22.4,32.8,22.4
2021_09_MIN_BAL,BAL,266.0,41,27,3,247.0,45,1,266.0,41,27,3,120,301.6,1.6,121.2,1.0,301.6,1.6,27.8,22.8,36.0,22.8
2021_10_BAL_MIA,BAL,238.0,41,26,1,94.0,23,0,238.0,43,26,1,121,297.4,2.0,147.4,1.2,297.4,2.0,32.4,25.0,38.0,25.0
2021_11_BAL_CHI,BAL,219.0,36,26,0,123.0,34,1,219.0,36,26,0,122,281.8,2.0,145.8,1.0,281.8,2.0,31.0,25.8,39.2,25.8
2021_12_CLE_BAL,BAL,165.0,32,20,1,148.0,43,0,165.0,32,20,1,123,237.2,1.2,153.2,1.2,237.2,1.2,32.8,23.6,37.8,23.6
2021_13_BAL_PIT,BAL,253.0,37,23,1,107.0,25,1,253.0,37,23,1,124,236.8,1.2,145.4,0.6,236.8,1.2,33.8,23.8,38.8,23.8
2021_14_BAL_CLE,BAL,287.0,40,31,1,118.0,23,1,287.0,42,31,1,125,228.2,1.2,143.8,0.6,228.2,1.2,34.0,24.4,37.8,24.4
2021_15_GB_BAL,BAL,215.0,39,28,2,143.0,26,2,215.0,40,28,2,126,232.4,0.8,118.0,0.6,232.4,0.8,29.6,25.2,38.0,25.2
2021_16_BAL_CIN,BAL,304.0,37,28,2,39.0,16,1,304.0,40,28,2,127,227.8,1.0,127.8,1.0,227.8,1.0,30.2,25.6,37.4,25.6
2021_17_LA_BAL,BAL,197.0,29,20,0,165.0,32,0,197.0,32,20,0,128,244.8,1.4,111.0,1.0,244.8,1.4,26.6,26.0,38.2,26.0
2021_18_PIT_BAL,BAL,141.0,32,16,0,249.0,36,1,141.0,32,16,0,129,251.2,1.2,114.4,1.0,251.2,1.2,24.4,26.0,38.2,26.0
2022_01_BAL_NYJ,BAL,213.0,29,17,3,63.0,21,0,213.0,30,17,3,130,228.8,1.0,142.8,1.0,228.8,1.0,26.6,24.6,37.2,24.6
2022_02_MIA_BAL,BAL,318.0,29,21,3,155.0,25,1,318.0,29,21,3,131,214.0,1.4,131.8,0.8,214.0,1.4,26.2,21.8,34.8,21.8
2022_03_BAL_NE,BAL,218.0,27,18,4,188.0,26,1,218.0,29,18,4,132,234.6,1.6,134.2,0.6,234.6,1.6,26.0,20.4,32.6,20.4
2022_04_BUF_BAL,BAL,144.0,28,20,1,162.0,33,1,144.0,29,20,1,133,217.4,2.0,164.0,0.6,217.4,2.0,28.0,18.4,30.4,18.4
2022_05_CIN_BAL,BAL,174.0,27,19,1,155.0,28,0,174.0,32,19,1,134,206.8,2.2,163.4,0.8,206.8,2.2,28.2,18.4,29.8,18.4
2022_06_BAL_NYG,BAL,210.0,32,17,1,211.0,24,1,210.0,32,17,1,135,213.4,2.4,144.6,0.6,213.4,2.4,26.6,19.0,29.8,19.0
2022_07_CLE_BAL,BAL,120.0,16,9,0,160.0,44,2,120.0,16,9,0,136,212.8,2.0,174.2,0.8,212.8,2.0,27.2,19.0,30.2,19.0
2022_08_BAL_TB,BAL,238.0,34,27,2,231.0,33,1,238.0,38,27,2,137,173.2,1.4,175.2,1.0,173.2,1.4,31.0,16.6,27.6,16.6
2022_09_BAL_NO,BAL,133.0,22,12,1,188.0,40,2,133.0,22,12,1,138,177.2,1.0,183.8,1.0,177.2,1.0,32.4,18.4,29.4,18.4
2022_11_CAR_BAL,BAL,209.0,32,24,0,115.0,30,1,209.0,33,24,0,139,175.0,1.0,189.0,1.2,175.0,1.0,33.8,16.8,28.0,16.8
2022_12_BAL_JAX,BAL,254.0,30,16,1,162.0,35,1,254.0,32,16,1,140,182.0,0.8,181.0,1.4,182.0,0.8,34.2,17.8,28.2,17.8
2022_13_DEN_BAL,BAL,198.0,36,30,0,103.0,28,1,198.0,37,30,0,141,190.8,0.8,171.2,1.4,190.8,0.8,36.4,17.6,28.2,17.6
2022_14_BAL_PIT,BAL,104.0,17,11,0,215.0,42,1,104.0,17,11,0,142,206.4,0.8,159.8,1.2,206.4,0.8,33.2,21.8,32.4,21.8
2022_15_BAL_CLE,BAL,138.0,28,17,0,198.0,28,0,138.0,30,17,0,143,179.6,0.4,156.6,1.2,179.6,0.4,35.0,18.6,28.2,18.6
2022_16_ATL_BAL,BAL,115.0,16,9,1,184.0,34,0,115.0,17,9,1,144,180.6,0.2,158.6,0.8,180.6,0.2,32.6,19.6,29.8,19.6
2022_17_PIT_BAL,BAL,130.0,20,14,1,120.0,28,0,130.0,21,14,1,145,161.8,0.4,172.4,0.6,161.8,0.4,33.4,16.6,26.6,16.6
2022_18_BAL_CIN,BAL,286.0,42,19,0,110.0,27,1,286.0,44,19,0,146,137.0,0.4,164.0,0.4,137.0,0.4,32.0,16.2,24.4,16.2
2023_01_HOU_BAL,BAL,169.0,21,17,0,110.0,32,3,169.0,22,17,0,147,154.6,0.4,165.4,0.4,154.6,0.4,31.8,14.0,25.8,14.0
2023_02_BAL_CIN,BAL,237.0,33,24,2,178.0,37,1,237.0,33,24,2,148,167.6,0.4,144.4,0.8,167.6,0.4,29.8,15.2,26.8,15.2
2023_03_IND_BAL,BAL,202.0,30,22,0,186.0,37,2,202.0,31,22,0,149,187.4,0.8,140.4,1.0,187.4,0.8,31.6,16.6,27.4,16.6
2023_04_BAL_CLE,BAL,186.0,18,15,2,131.0,33,2,186.0,19,15,2,150,204.8,0.6,140.8,1.4,204.8,0.6,32.2,19.2,30.2,19.2
2023_05_BAL_PIT,BAL,236.0,38,22,0,125.0,25,1,236.0,38,22,0,151,216.0,0.8,143.0,1.8,216.0,0.8,33.2,19.4,29.8,19.4
2023_06_BAL_TEN,BAL,223.0,29,21,1,139.0,39,0,223.0,30,21,1,152,206.0,0.8,146.0,1.8,206.0,0.8,32.8,20.0,28.6,20.0
2023_07_DET_BAL,BAL,357.0,28,21,3,146.0,27,2,357.0,28,21,3,153,216.8,1.0,151.8,1.2,216.8,1.0,34.2,20.8,30.2,20.8
2023_08_BAL_ARI,BAL,157.0,26,18,1,130.0,29,3,157.0,27,18,1,154,240.8,1.2,145.4,1.4,240.8,1.2,32.2,20.2,29.2,20.2
2023_09_SEA_BAL,BAL,225.0,32,26,1,298.0,41,3,225.0,33,26,1,155,231.8,1.4,134.2,1.6,231.8,1.4,30.6,19.4,28.4,19.4
2023_10_CLE_BAL,BAL,223.0,23,13,1,106.0,24,2,223.0,23,13,1,156,239.6,1.2,167.6,1.8,239.6,1.2,32.2,21.6,31.2,21.6
2023_11_CIN_BAL,BAL,264.0,23,16,2,157.0,31,2,264.0,26,16,2,157,237.0,1.4,163.8,2.0,237.0,1.4,32.0,19.8,28.2,19.8
2023_12_BAL_LAC,BAL,177.0,30,18,1,197.0,35,1,177.0,32,18,1,158,245.2,1.6,167.4,2.4,245.2,1.6,30.4,18.8,27.4,18.8
2023_14_LA_BAL,BAL,316.0,40,24,3,139.0,26,0,316.0,43,24,3,159,209.2,1.2,177.6,2.2,209.2,1.2,32.0,18.2,28.2,18.2
2023_15_BAL_JAX,BAL,171.0,23,14,1,251.0,42,1,171.0,24,14,1,160,241.0,1.6,179.4,1.6,241.0,1.6,31.4,19.4,31.4,19.4
2023_16_BAL_SF,BAL,252.0,34,23,2,102.0,26,1,252.0,35,23,2,161,230.2,1.6,170.0,1.2,230.2,1.6,31.6,17.0,29.6,17.0
2023_17_MIA_BAL,BAL,340.0,22,19,6,160.0,32,2,340.0,22,19,6,162,236.0,1.8,169.2,1.0,236.0,1.8,32.0,19.0,32.0,19.0
2023_18_PIT_BAL,BAL,146.0,26,15,1,106.0,25,0,146.0,28,15,1,163,251.2,2.6,169.8,1.0,251.2,2.6,32.2,19.6,31.2,19.6
2024_01_BAL_KC,BAL,273.0,40,26,1,185.0,32,1,273.0,41,26,1,164,245.0,2.6,151.6,0.8,245.0,2.6,30.2,19.0,30.4,19.0
2024_02_LV_BAL,BAL,247.0,31,21,1,151.0,27,1,247.0,34,21,1,165,236.4,2.2,160.8,1.0,236.4,2.2,31.4,19.4,30.0,19.4
2024_03_BAL_DAL,BAL,182.0,15,12,1,274.0,45,3,182.0,15,12,1,166,251.6,2.2,140.8,1.0,251.6,2.2,28.4,20.8,32.0,20.8
2024_04_BUF_BAL,BAL,157.0,18,14,2,271.0,34,2,157.0,19,14,2,167,237.6,2.0,175.2,1.4,237.6,2.0,32.2,18.6,28.0,18.6
2024_05_BAL_CIN,BAL,348.0,41,26,4,175.0,34,1,348.0,42,26,4,168,201.0,1.2,197.4,1.4,201.0,1.2,32.6,17.6,27.4,17.6
2024_06_WAS_BAL,BAL,323.0,25,20,1,176.0,37,2,323.0,26,20,1,169,241.4,1.8,211.2,1.6,241.4,1.8,34.4,19.8,30.2,19.8
2024_07_BAL_TB,BAL,281.0,21,17,5,244.0,30,0,281.0,22,17,5,170,251.4,1.8,209.4,1.8,251.4,1.8,35.4,18.6,27.2,18.6
2024_08_BAL_CLE,BAL,289.0,35,23,2,124.0,21,1,289.0,38,23,2,171,258.2,2.6,228.0,1.6,258.2,2.6,36.0,17.8,24.8,17.8
2024_09_DEN_BAL,BAL,280.0,19,16,3,127.0,34,2,280.0,19,16,3,172,279.6,2.8,198.0,1.2,279.6,2.8,31.2,20.0,29.4,20.0
2024_10_CIN_BAL,BAL,290.0,32,25,4,99.0,25,1,290.0,33,25,4,173,304.2,3.0,169.2,1.2,304.2,3.0,31.2,20.4,29.4,20.4
2024_11_BAL_PIT,BAL,207.0,31,16,1,124.0,19,1,207.0,33,16,1,174,292.6,3.0,154.0,1.2,292.6,3.0,29.4,20.2,27.6,20.2
2024_12_BAL_LAC,BAL,177.0,21,16,2,212.0,37,2,177.0,22,16,2,175,269.4,3.0,143.6,1.0,269.4,3.0,25.8,19.4,29.0,19.4
2024_13_PHI_BAL,BAL,237.0,35,23,2,166.0,32,0,237.0,36,23,2,176,248.6,2.4,137.2,1.4,248.6,2.4,27.2,19.2,29.0,19.2
2024_15_BAL_NYG,BAL,290.0,24,21,5,170.0,31,0,290.0,25,21,5,177,238.2,2.4,145.6,1.2,238.2,2.4,29.4,19.2,28.6,19.2
2024_16_PIT_BAL,BAL,207.0,23,15,3,220.0,38,0,207.0,23,15,3,178,240.2,2.8,154.2,0.8,240.2,2.8,28.8,20.2,29.8,20.2
2024_17_BAL_HOU,BAL,184.0,16,11,2,251.0,43,2,184.0,17,11,2,179,223.6,2.6,178.4,0.6,223.6,2.6,31.4,18.2,27.8,18.2
2024_18_CLE_BAL,BAL,217.0,30,16,2,220.0,35,2,217.0,32,16,2,180,219.0,2.8,203.8,0.8,219.0,2.8,36.2,17.2,24.6,17.2
2014_01_BUF_CHI,BUF,173.0,22,16,1,193.0,33,1,173.0,22,16,1,1,,,,,,,,,,
2014_02_MIA_BUF,BUF,202.0,26,16,1,113.0,33,0,202.0,26,16,1,2,173.0,1.0,193.0,1.0,173.0,1.0,33.0,16.0,22.0,16.0
2014_03_SD_BUF,BUF,238.0,39,23,1,87.0,22,0,238.0,40,23,1,3,187.5,1.0,153.0,0.5,187.5,1.0,33.0,16.0,24.0,16.0
2014_04_BUF_HOU,BUF,225.0,43,21,2,96.0,23,0,225.0,44,21,2,4,204.33333333333334,1.0,131.0,0.3333333333333333,204.33333333333334,1.0,29.333333333333332,18.333333333333332,29.333333333333332,18.333333333333332
2014_05_BUF_DET,BUF,308.0,43,30,1,49.0,22,0,308.0,43,30,1,5,209.5,1.25,122.25,0.25,209.5,1.25,27.75,19.0,33.0,19.0
2014_06_NE_BUF,BUF,299.0,38,24,2,68.0,23,1,299.0,38,24,2,6,229.2,1.2,107.6,0.2,229.2,1.2,26.6,21.2,35.0,21.2
2014_07_MIN_BUF,BUF,283.0,41,31,2,118.0,19,0,283.0,43,31,2,7,254.4,1.4,82.6,0.2,254.4,1.4,24.6,22.8,38.2,22.8
2014_08_BUF_NYJ,BUF,238.0,17,10,4,67.0,32,1,238.0,17,10,4,8,270.6,1.6,83.6,0.2,270.6,1.6,21.8,25.8,41.6,25.8
2014_10_KC_BUF,BUF,259.0,48,29,1,111.0,22,0,259.0,48,29,1,9,270.6,2.2,79.6,0.4,270.6,2.2,23.8,23.2,37.0,23.2
2014_11_BUF_MIA,BUF,193.0,38,22,0,54.0,19,0,193.0,39,22,0,10,277.4,2.0,82.6,0.4,277.4,2.0,23.6,24.8,37.8,24.8
2014_12_NYJ_BUF,BUF,230.0,31,24,2,116.0,29,2,230.0,32,24,2,11,254.4,1.8,83.6,0.4,254.4,1.8,23.0,23.2,37.0,23.2
2014_13_CLE_BUF,BUF,190.0,30,17,1,106.0,30,0,190.0,31,17,1,12,240.6,1.8,93.2,0.6,240.6,1.8,24.2,23.2,35.8,23.2
2014_14_BUF_DEN,BUF,355.0,57,38,1,74.0,16,1,355.0,57,38,1,13,222.0,1.6,90.8,0.6,222.0,1.6,26.4,20.4,33.4,20.4
2014_15_GB_BUF,BUF,158.0,27,14,0,113.0,33,0,158.0,27,14,0,14,245.4,1.0,92.2,0.6,245.4,1.0,23.2,26.0,41.4,26.0
2014_16_BUF_OAK,BUF,329.0,49,32,3,13.0,13,0,329.0,49,32,3,15,225.2,0.8,92.6,0.6,225.2,0.8,25.4,23.0,37.2,23.0
2014_17_BUF_NE,BUF,176.0,23,16,1,104.0,33,1,176.0,23,16,1,16,252.4,1.4,84.4,0.6,252.4,1.4,24.2,25.0,39.2,25.0
2015_01_IND_BUF,BUF,195.0,19,14,1,147.0,36,2,195.0,19,14,1,17,241.6,1.2,82.0,0.4,241.6,1.2,25.0,23.4,37.4,23.4
2015_02_NE_BUF,BUF,242.0,30,23,3,160.0,27,2,242.0,30,23,3,18,242.6,1.2,90.2,0.8,242.6,1.2,26.2,22.8,35.0,22.8
2015_03_BUF_MIA,BUF,277.0,29,21,3,151.0,34,1,277.0,29,21,3,19,220.0,1.6,107.4,1.0,220.0,1.6,28.4,19.8,29.6,19.8
2015_04_NYG_BUF,BUF,274.0,42,28,1,55.0,24,0,274.0,42,28,1,20,243.8,2.2,115.0,1.2,243.8,2.2,28.6,21.2,30.0,21.2
2015_05_BUF_TEN,BUF,113.0,18,11,1,127.0,28,1,113.0,18,11,1,21,232.8,1.8,123.4,1.2,232.8,1.8,30.8,20.4,28.6,20.4
2015_06_CIN_BUF,BUF,263.0,40,28,1,112.0,23,2,263.0,42,28,1,22,220.2,1.8,128.0,1.2,220.2,1.8,29.8,19.4,27.6,19.4
2015_07_BUF_JAX,BUF,298.0,42,24,2,115.0,28,0,298.0,42,24,2,23,233.8,1.8,121.0,1.2,233.8,1.8,27.2,22.2,32.2,22.2
2015_09_MIA_BUF,BUF,181.0,12,11,1,266.0,36,3,181.0,12,11,1,24,245.0,1.6,112.0,0.8,245.0,1.6,27.4,22.4,34.6,22.4
2015_10_BUF_NYJ,BUF,158.0,26,17,1,148.0,33,0,158.0,27,17,1,25,225.8,1.2,135.0,1.2,225.8,1.2,27.8,20.4,31.2,20.4
2015_11_BUF_NE,BUF,233.0,36,20,0,94.0,30,1,233.0,36,20,0,26,202.6,1.2,153.6,1.2,202.6,1.2,29.6,18.2,28.2,18.2
2015_12_BUF_KC,BUF,291.0,38,21,3,129.0,28,0,291.0,38,21,3,27,226.6,1.0,147.0,1.2,226.6,1.0,30.0,20.0,31.8,20.0
2015_13_HOU_BUF,BUF,211.0,21,11,3,187.0,36,1,211.0,21,11,3,28,232.2,1.4,150.4,0.8,232.2,1.4,31.0,18.6,31.0,18.6
2015_14_BUF_PHI,BUF,268.0,36,19,1,152.0,32,1,268.0,36,19,1,29,214.8,1.6,164.8,1.0,214.8,1.6,32.6,16.0,26.8,16.0
2015_15_BUF_WAS,BUF,235.0,27,16,2,240.0,31,1,235.0,27,16,2,30,232.2,1.6,142.0,0.6,232.2,1.6,31.8,17.6,31.6,17.6
2015_16_DAL_BUF,BUF,179.0,18,13,0,236.0,40,2,179.0,18,13,0,31,247.6,1.8,160.4,0.8,247.6,1.8,31.4,17.4,31.6,17.4
2015_17_NYJ_BUF,BUF,182.0,28,18,0,113.0,43,2,182.0,28,18,0,32,236.8,1.8,188.8,1.0,236.8,1.8,33.4,16.0,28.0,16.0
2016_01_BUF_BAL,BUF,111.0,22,15,0,65.0,24,1,111.0,22,15,0,33,215.0,1.2,185.6,1.4,215.0,1.2,36.4,15.4,26.0,15.4
2016_02_NYJ_BUF,BUF,307.0,30,19,3,86.0,19,0,307.0,31,19,3,34,195.0,0.6,161.2,1.4,195.0,0.6,34.0,16.2,26.2,16.2
2016_03_ARI_BUF,BUF,119.0,25,14,0,208.0,32,3,119.0,25,14,0,35,202.8,1.0,148.0,1.2,202.8,1.0,31.4,16.2,25.2,16.2
2016_04_BUF_NE,BUF,246.0,38,27,1,134.0,32,0,246.0,39,27,1,36,179.6,0.6,141.6,1.6,179.6,0.6,31.6,15.8,24.8,15.8
2016_05_BUF_LA,BUF,124.0,21,12,2,193.0,27,1,124.0,23,12,2,37,193.0,0.8,121.2,1.2,193.0,0.8,30.0,18.6,29.0,18.6
2016_06_SF_BUF,BUF,179.0,25,16,2,313.0,44,4,179.0,27,16,2,38,181.4,1.2,137.2,1.0,181.4,1.2,26.8,17.4,28.0,17.4
2016_07_BUF_MIA,BUF,221.0,25,14,1,67.0,22,2,221.0,28,14,1,39,195.0,1.6,186.8,1.6,195.0,1.6,30.8,17.6,29.0,17.6
2016_08_NE_BUF,BUF,218.0,39,20,0,167.0,26,3,218.0,40,20,0,40,177.8,1.2,183.0,2.0,177.8,1.2,31.4,16.6,28.4,16.6
2016_09_BUF_SEA,BUF,289.0,34,27,1,162.0,38,2,289.0,39,27,1,41,197.6,1.2,174.8,2.0,197.6,1.2,30.2,17.8,31.4,17.8
2016_11_BUF_CIN,BUF,166.0,27,19,0,183.0,34,1,166.0,27,19,0,42,206.2,1.2,180.4,2.4,206.2,1.2,31.4,17.8,31.4,17.8
2016_12_JAX_BUF,BUF,166.0,18,12,1,153.0,29,3,166.0,18,12,1,43,214.6,0.8,178.4,2.4,214.6,0.8,32.8,19.2,32.2,19.2
2016_13_BUF_OAK,BUF,191.0,35,18,0,212.0,30,3,191.0,35,18,0,44,212.0,0.6,146.4,2.2,212.0,0.6,29.8,18.4,30.4,18.4
2016_14_PIT_BUF,BUF,228.0,25,15,2,67.0,18,1,228.0,25,15,2,45,206.0,0.4,175.4,2.4,206.0,0.4,31.4,19.2,31.8,19.2
2016_15_CLE_BUF,BUF,174.0,25,17,1,280.0,40,3,174.0,25,17,1,46,208.0,0.8,155.4,2.0,208.0,0.8,29.8,18.2,28.8,18.2
2016_16_MIA_BUF,BUF,329.0,39,26,3,272.0,49,1,329.0,39,26,3,47,185.0,0.8,179.0,2.2,185.0,0.8,30.2,16.2,26.0,16.2
2016_17_BUF_NYJ,BUF,182.0,31,15,0,68.0,28,1,182.0,31,15,0,48,217.6,1.4,196.8,2.2,217.6,1.4,33.2,17.6,28.4,17.6
2017_01_NYJ_BUF,BUF,224.0,27,16,2,190.0,42,1,224.0,28,16,2,49,220.8,1.2,179.8,1.8,220.8,1.2,33.0,18.2,31.0,18.2
2017_02_BUF_CAR,BUF,125.0,25,17,0,69.0,23,0,125.0,25,17,0,50,227.4,1.6,175.4,1.4,227.4,1.6,35.4,17.8,29.6,17.8
2017_03_DEN_BUF,BUF,213.0,26,20,2,75.0,33,0,213.0,26,20,2,51,206.8,1.2,175.8,1.2,206.8,1.2,36.4,18.2,29.6,18.2
2017_04_BUF_ATL,BUF,182.0,20,12,1,117.0,36,0,182.0,20,12,1,52,214.6,1.4,134.8,0.6,214.6,1.4,35.0,18.8,29.8,18.8
2017_05_BUF_CIN,BUF,166.0,35,20,1,82.0,24,0,166.0,37,20,1,53,185.2,1.0,103.8,0.4,185.2,1.0,32.4,16.0,26.0,16.0
2017_07_TB_BUF,BUF,268.0,32,20,1,173.0,33,2,268.0,33,20,1,54,182.0,1.2,106.6,0.2,182.0,1.2,31.6,17.0,27.2,17.0
2017_08_OAK_BUF,BUF,165.0,27,20,1,166.0,37,2,165.0,27,20,1,55,190.8,1.0,103.2,0.4,190.8,1.0,29.8,17.8,28.2,17.8
2017_09_BUF_NYJ,BUF,285.0,40,29,2,63.0,22,1,285.0,40,29,2,56,198.8,1.2,122.6,0.8,198.8,1.2,32.6,18.4,28.6,18.4
2017_10_NO_BUF,BUF,135.0,27,16,1,69.0,15,0,135.0,28,16,1,57,213.2,1.2,120.2,1.0,213.2,1.2,30.4,20.2,31.4,20.2
2017_11_BUF_LAC,BUF,224.0,39,21,1,173.0,22,2,224.0,39,21,1,58,203.8,1.2,110.6,1.0,203.8,1.2,26.2,21.0,33.0,21.0
2017_12_BUF_KC,BUF,183.0,29,19,1,104.0,37,0,183.0,29,19,1,59,215.4,1.2,128.8,1.4,215.4,1.2,25.8,21.2,33.4,21.2
2017_13_NE_BUF,BUF,115.0,34,15,0,183.0,26,0,115.0,34,15,0,60,198.4,1.2,115.0,1.0,198.4,1.2,26.6,21.0,32.6,21.0
2017_14_IND_BUF,BUF,71.0,14,6,1,227.0,51,1,71.0,15,6,1,61,188.4,1.0,118.4,0.6,188.4,1.0,24.4,20.0,34.0,20.0
2017_15_MIA_BUF,BUF,224.0,28,17,1,116.0,30,2,224.0,29,17,1,62,145.6,0.8,151.2,0.6,145.6,0.8,30.2,15.4,29.0,15.4
2017_16_BUF_NE,BUF,281.0,38,21,0,84.0,24,0,281.0,38,21,0,63,163.4,0.8,160.6,1.0,163.4,0.8,33.2,15.6,29.2,15.6
2017_17_BUF_MIA,BUF,204.0,27,19,1,126.0,32,1,204.0,27,19,1,64,174.8,0.6,142.8,0.6,174.8,0.6,33.6,15.6,29.0,15.6
2018_01_BUF_BAL,BUF,98.0,32,11,0,83.0,22,0,98.0,33,11,0,65,179.0,0.6,147.2,0.8,179.0,0.6,32.6,15.6,28.6,15.6
2018_02_LAC_BUF,BUF,215.0,32,17,1,84.0,22,1,215.0,32,17,1,66,175.6,0.6,127.2,0.8,175.6,0.6,31.8,14.8,28.4,14.8
2018_03_BUF_MIN,BUF,196.0,22,15,1,128.0,38,2,196.0,22,15,1,67,204.4,0.6,98.6,0.8,204.4,0.6,26.0,17.0,31.8,17.0
2018_04_BUF_GB,BUF,151.0,33,16,0,58.0,16,0,151.0,33,16,0,68,198.8,0.6,101.0,0.8,198.8,0.6,27.6,16.6,30.4,16.6
2018_05_TEN_BUF,BUF,82.0,20,10,0,144.0,43,1,82.0,20,10,0,69,172.8,0.6,95.8,0.8,172.8,0.6,26.0,15.6,29.4,15.6
2018_06_BUF_HOU,BUF,145.0,29,16,1,100.0,27,0,145.0,29,16,1,70,148.4,0.4,99.4,0.8,148.4,0.4,28.2,13.8,28.0,13.8
2018_07_BUF_IND,BUF,175.0,31,20,0,135.0,22,0,175.0,31,20,0,71,157.8,0.6,102.8,0.8,157.8,0.6,29.2,14.8,27.2,14.8
2018_08_NE_BUF,BUF,313.0,40,24,0,46.0,19,0,313.0,41,24,0,72,149.8,0.4,113.0,0.6,149.8,0.4,29.2,15.4,27.0,15.4
2018_09_CHI_BUF,BUF,188.0,47,31,0,98.0,28,1,188.0,49,31,0,73,173.2,0.2,96.6,0.2,173.2,0.2,25.4,17.2,30.8,17.2
2018_10_BUF_NYJ,BUF,247.0,26,16,2,212.0,46,2,247.0,26,16,3,74,180.6,0.2,104.6,0.4,180.6,0.2,27.8,20.2,34.0,20.2
2018_12_JAX_BUF,BUF,160.0,17,8,1,167.0,35,2,160.0,19,8,1,75,213.6,0.8,118.2,0.6,213.6,0.6,28.4,21.4,35.2,21.4
2018_13_BUF_MIA,BUF,231.0,28,18,2,198.0,31,0,231.0,33,18,2,76,216.6,0.8,131.6,1.0,216.6,0.6,30.0,19.8,33.2,19.8
2018_14_NYJ_BUF,BUF,206.0,35,18,0,176.0,31,2,206.0,37,18,0,77,227.8,1.2,144.2,1.0,227.8,1.0,31.8,19.4,33.6,19.4
2018_15_DET_BUF,BUF,204.0,23,13,1,117.0,37,1,204.0,26,13,1,78,206.4,1.2,170.2,1.4,206.4,1.0,34.2,18.2,32.8,18.2
2018_16_BUF_NE,BUF,217.0,40,20,1,72.0,18,0,217.0,41,20,1,79,209.6,1.4,174.0,1.4,209.6,1.2,36.0,14.6,28.2,14.6
2018_17_MIA_BUF,BUF,224.0,24,17,3,166.0,33,3,224.0,26,17,3,80,203.6,1.0,146.0,1.0,203.6,1.0,30.4,15.4,31.2,15.4
2019_01_BUF_NYJ,BUF,254.0,35,24,1,128.0,25,1,254.0,37,24,1,81,216.4,1.4,145.8,1.2,216.4,1.4,30.0,17.2,32.6,17.2
2019_02_BUF_NYG,BUF,253.0,28,19,1,151.0,34,3,253.0,30,19,1,82,221.0,1.2,131.8,1.4,221.0,1.2,28.8,18.4,33.4,18.4
2019_03_CIN_BUF,BUF,243.0,33,23,1,175.0,36,1,243.0,36,23,1,83,230.4,1.4,126.8,1.6,230.4,1.4,29.4,18.6,32.0,18.6
2019_04_NE_BUF,BUF,280.0,41,22,0,135.0,22,1,280.0,44,22,0,84,238.2,1.4,138.4,1.6,238.2,1.4,29.2,20.6,34.0,20.6
2019_05_BUF_TEN,BUF,219.0,29,23,2,109.0,27,0,219.0,32,23,2,85,250.8,1.2,151.0,1.8,250.8,1.2,30.0,21.0,34.6,21.0
2019_07_MIA_BUF,BUF,202.0,25,16,2,117.0,23,0,202.0,26,16,2,86,249.8,1.0,139.6,1.2,249.8,1.0,28.8,22.2,35.8,22.2
2019_08_PHI_BUF,BUF,169.0,31,16,2,98.0,20,0,169.0,34,16,2,87,239.4,1.2,137.4,1.0,239.4,1.2,28.4,20.6,33.6,20.6
2019_09_WAS_BUF,BUF,160.0,20,14,1,122.0,39,2,160.0,20,14,1,88,222.6,1.4,126.8,0.4,222.6,1.4,25.6,20.0,34.4,20.0
2019_10_BUF_CLE,BUF,266.0,39,22,0,84.0,20,2,266.0,41,22,0,89,206.0,1.4,116.2,0.6,206.0,1.4,26.2,18.2,31.2,18.2
2019_11_BUF_MIA,BUF,256.0,31,21,3,168.0,34,1,256.0,33,21,3,90,203.2,1.4,106.0,0.8,203.2,1.4,25.8,18.2,30.6,18.2
2019_12_DEN_BUF,BUF,185.0,22,15,2,244.0,47,0,185.0,25,15,2,91,210.6,1.6,117.8,1.0,210.6,1.6,27.2,17.8,30.8,17.8
2019_13_BUF_DAL,BUF,259.0,25,20,2,124.0,34,1,259.0,25,20,2,92,207.2,1.6,143.2,1.0,207.2,1.6,32.0,17.6,30.6,17.6
2019_14_BAL_BUF,BUF,146.0,37,17,1,104.0,23,0,146.0,39,17,1,93,225.2,1.6,148.4,1.2,225.2,1.6,34.8,18.4,28.8,18.4
2019_15_BUF_PIT,BUF,139.0,24,13,1,130.0,38,1,139.0,25,13,1,94,222.4,1.6,144.8,0.8,222.4,1.6,31.6,19.0,32.6,19.0
2019_16_BUF_NE,BUF,208.0,26,13,2,92.0,23,0,208.0,26,13,2,95,197.0,1.8,154.0,0.6,197.0,1.8,35.2,17.2,29.4,17.2
2019_17_NYJ_BUF,BUF,237.0,39,21,0,73.0,20,0,237.0,40,21,0,96,187.4,1.6,138.8,0.4,187.4,1.6,33.0,15.6,28.0,15.6
2020_01_NYJ_BUF,BUF,312.0,45,33,2,98.0,32,1,312.0,46,33,2,97,197.8,1.2,104.6,0.4,197.8,1.2,27.6,16.8,31.0,16.8
2020_02_BUF_MIA,BUF,415.0,35,24,4,112.0,23,0,415.0,35,24,4,98,208.4,1.2,99.4,0.4,208.4,1.2,27.2,19.4,35.2,19.4
2020_03_LA_BUF,BUF,311.0,32,24,4,101.0,21,1,311.0,33,24,4,99,262.2,1.8,101.0,0.4,262.2,1.8,27.2,20.8,34.4,20.8
2020_04_BUF_LV,BUF,288.0,32,24,2,63.0,24,2,288.0,34,24,2,100,296.6,2.4,95.2,0.4,296.6,2.4,23.8,23.0,36.0,23.0
2020_05_BUF_TEN,BUF,285.0,45,29,2,95.0,22,0,285.0,46,29,2,101,312.6,2.4,89.4,0.8,312.6,2.4,24.0,25.2,37.6,25.2
2020_06_KC_BUF,BUF,122.0,25,14,2,84.0,23,0,122.0,27,14,2,102,322.2,2.8,93.8,0.8,322.2,2.8,24.4,26.8,38.8,26.8
2020_07_BUF_NYJ,BUF,307.0,41,30,0,126.0,27,0,307.0,43,30,0,103,284.2,2.8,91.0,0.6,284.2,2.8,22.6,23.0,35.0,23.0
2020_08_NE_BUF,BUF,154.0,18,11,0,190.0,38,3,154.0,18,11,0,104,262.6,2.0,93.8,0.6,262.6,2.0,23.4,24.2,36.6,24.2
2020_09_SEA_BUF,BUF,415.0,38,31,3,34.0,19,2,415.0,38,31,3,105,231.2,1.2,111.6,1.0,231.2,1.2,26.8,21.6,33.6,21.6
2020_10_BUF_ARI,BUF,296.0,45,33,3,73.0,18,0,296.0,50,33,3,106,256.6,1.4,105.8,1.0,256.6,1.4,25.8,23.0,34.4,23.0
2020_12_LAC_BUF,BUF,177.0,24,19,2,172.0,30,1,177.0,25,19,2,107,258.8,1.6,101.4,1.0,258.8,1.6,25.0,23.8,35.2,23.8
2020_13_BUF_SF,BUF,375.0,37,32,4,81.0,27,0,375.0,40,32,4,108,269.8,1.6,119.0,1.2,269.8,1.6,26.4,24.8,34.8,24.8
2020_14_PIT_BUF,BUF,238.0,42,24,2,104.0,27,0,238.0,43,24,2,109,283.4,2.4,110.0,1.2,283.4,2.4,26.4,25.2,34.2,25.2
2020_15_BUF_DEN,BUF,359.0,38,28,2,182.0,24,3,359.0,40,28,2,110,300.2,2.8,92.8,0.6,300.2,2.8,24.2,27.8,39.2,27.8
2020_16_BUF_NE,BUF,344.0,38,30,4,130.0,31,1,344.0,40,30,4,111,289.0,2.6,122.4,0.8,289.0,2.6,25.2,27.2,39.6,27.2
2020_17_MIA_BUF,BUF,388.0,37,24,4,78.0,25,2,388.0,38,24,4,112,298.6,2.8,133.8,1.0,298.6,2.8,27.8,26.6,37.6,26.6
2021_01_PIT_BUF,BUF,270.0,48,30,1,117.0,25,0,270.0,51,30,1,113,340.8,3.2,115.0,1.2,340.8,3.2,26.8,27.6,40.2,27.6
2021_02_BUF_MIA,BUF,179.0,29,17,2,143.0,30,3,179.0,33,17,2,114,319.8,2.6,122.2,1.2,319.8,2.6,26.4,27.2,42.4,27.2
2021_03_WAS_BUF,BUF,359.0,43,33,4,122.0,33,1,359.0,44,33,4,115,308.0,2.6,130.0,1.8,308.0,2.6,27.0,25.8,40.4,25.8
2021_04_HOU_BUF,BUF,256.0,31,21,2,199.0,40,2,256.0,31,21,2,116,308.0,3.0,118.0,1.4,308.0,3.0,28.8,26.8,41.2,26.8
2021_05_BUF_KC,BUF,315.0,24,15,3,121.0,28,1,315.0,26,15,3,117,290.4,2.6,131.8,1.6,290.4,2.6,30.6,25.0,39.4,25.0
2021_06_BUF_TEN,BUF,353.0,45,35,3,82.0,23,0,353.0,47,35,3,118,275.8,2.4,140.4,1.4,275.8,2.4,31.2,23.2,37.0,23.2
2021_08_MIA_BUF,BUF,249.0,41,29,2,102.0,23,1,249.0,43,29,2,119,292.4,2.8,133.4,1.4,292.4,2.8,30.8,24.2,36.2,24.2
2021_09_BUF_JAX,BUF,264.0,45,31,0,72.0,14,0,264.0,47,31,0,120,306.4,2.8,125.2,1.0,306.4,2.8,29.4,26.6,38.2,26.6
2021_10_BUF_NYJ,BUF,366.0,28,21,2,139.0,24,4,366.0,28,21,2,121,287.4,2.0,115.2,0.8,287.4,2.0,25.6,26.2,38.8,26.2
2021_11_IND_BUF,BUF,228.0,39,24,2,91.0,13,0,228.0,40,24,2,122,309.4,2.0,103.2,1.2,309.4,2.0,22.4,26.2,38.2,26.2
2021_12_BUF_NO,BUF,260.0,26,23,4,113.0,32,0,260.0,28,23,4,123,292.0,1.8,97.2,1.0,292.0,1.8,19.4,28.0,41.0,28.0
2021_13_NE_BUF,BUF,145.0,30,15,1,99.0,25,0,145.0,30,15,1,124,273.4,2.0,103.4,1.0,273.4,2.0,21.2,25.6,37.2,25.6
2021_14_BUF_TB,BUF,308.0,51,36,2,173.0,19,1,308.0,54,36,2,125,252.6,1.8,102.8,0.8,252.6,1.8,21.6,22.8,34.6,22.8
2021_15_CAR_BUF,BUF,210.0,31,19,3,119.0,27,1,210.0,34,19,3,126,261.4,2.2,123.0,1.0,261.4,2.2,22.6,23.8,36.0,23.8
2021_16_BUF_NE,BUF,314.0,43,30,3,114.0,28,1,314.0,47,30,3,127,230.2,2.4,119.0,0.4,230.2,2.4,23.2,23.4,37.2,23.4
2021_17_ATL_BUF,BUF,120.0,24,11,0,233.0,44,4,120.0,26,11,0,128,247.4,2.6,123.6,0.6,247.4,2.6,26.2,24.6,38.6,24.6
2021_18_NYJ_BUF,BUF,254.0,45,25,2,166.0,33,1,254.0,46,25,2,129,219.4,1.8,147.6,1.4,219.4,1.8,28.6,22.2,38.2,22.2
2022_01_BUF_LA,BUF,297.0,31,26,3,121.0,25,1,297.0,31,26,3,130,241.2,2.0,161.0,1.6,241.2,2.0,30.2,24.2,41.4,24.2
2022_02_TEN_BUF,BUF,317.0,39,26,4,101.0,24,0,317.0,40,26,4,131,239.0,2.2,150.6,1.6,239.0,2.2,31.4,22.2,36.8,22.2
2022_03_BUF_MIA,BUF,400.0,57,42,2,115.0,23,0,400.0,63,42,2,132,260.4,2.4,147.0,1.4,260.4,2.4,30.8,23.6,38.0,23.6
2022_04_BUF_BAL,BUF,213.0,34,19,1,125.0,25,1,213.0,36,19,1,133,277.6,2.2,147.2,1.2,277.6,2.2,29.8,26.0,41.2,26.0
2022_05_PIT_BUF,BUF,432.0,36,22,4,120.0,18,1,432.0,36,22,4,134,296.2,2.4,125.6,0.6,296.2,2.4,26.0,27.6,43.2,27.6
2022_06_BUF_KC,BUF,329.0,38,27,3,125.0,31,0,329.0,40,27,3,135,331.8,2.8,116.4,0.6,331.8,2.8,23.0,27.0,41.2,27.0
2022_08_GB_BUF,BUF,218.0,25,13,2,153.0,27,1,218.0,25,13,2,136,338.2,2.8,117.2,0.4,338.2,2.8,24.2,27.2,43.0,27.2
2022_09_BUF_NYJ,BUF,205.0,33,18,0,134.0,22,2,205.0,34,18,0,137,318.4,2.4,127.6,0.6,318.4,2.4,24.8,24.6,40.0,24.6
2022_10_MIN_BUF,BUF,330.0,41,29,1,175.0,27,2,330.0,43,29,1,138,279.4,2.0,131.4,1.0,279.4,2.0,24.6,19.8,34.2,19.8
2022_11_CLE_BUF,BUF,197.0,24,18,1,171.0,33,1,197.0,27,18,1,139,302.8,2.0,141.4,1.2,302.8,2.0,25.0,21.8,35.6,21.8
2022_12_BUF_DET,BUF,253.0,39,24,2,164.0,29,1,253.0,42,24,2,140,255.8,1.4,151.6,1.2,255.8,1.4,28.0,21.0,33.8,21.0
2022_13_BUF_NE,BUF,223.0,33,22,2,132.0,37,1,223.0,33,22,2,141,240.6,1.2,159.4,1.4,240.6,1.2,27.6,20.4,34.2,20.4
2022_14_NYJ_BUF,BUF,147.0,27,16,1,102.0,24,1,147.0,27,16,1,142,241.6,1.2,155.2,1.4,241.6,1.2,29.6,22.2,35.8,22.2
2022_15_MIA_BUF,BUF,304.0,38,25,4,150.0,29,0,304.0,40,25,4,143,230.0,1.4,148.8,1.2,230.0,1.4,30.0,21.8,34.4,21.8
2022_16_BUF_CHI,BUF,172.0,25,15,2,254.0,31,3,172.0,26,15,2,144,224.8,2.0,143.8,0.8,224.8,2.0,30.4,21.0,33.8,21.0
2022_18_NE_BUF,BUF,254.0,31,19,3,90.0,25,0,254.0,31,19,3,145,219.8,2.2,160.4,1.2,219.8,2.2,30.0,20.4,33.6,20.4
2023_01_BUF_NYJ,BUF,236.0,39,29,1,97.0,22,0,236.0,41,29,1,146,220.0,2.4,145.6,1.0,220.0,2.4,29.2,19.4,31.4,19.4
2023_02_LV_BUF,BUF,274.0,36,31,3,183.0,35,2,274.0,37,31,3,147,222.6,2.2,138.6,0.8,222.6,2.2,26.2,20.8,33.0,20.8
2023_03_BUF_WAS,BUF,218.0,32,20,1,168.0,33,2,218.0,32,20,1,148,248.0,2.6,154.8,1.0,248.0,2.6,28.4,23.8,35.0,23.8
2023_04_MIA_BUF,BUF,320.0,25,21,4,104.0,29,2,320.0,25,21,4,149,230.8,2.0,158.4,1.4,230.8,2.0,29.2,22.8,33.4,22.8
2023_05_JAX_BUF,BUF,359.0,36,27,2,29.0,14,1,359.0,40,27,2,150,260.4,2.4,128.4,1.2,260.4,2.4,28.8,24.0,33.2,24.0
2023_06_NYG_BUF,BUF,169.0,29,19,2,128.0,29,0,169.0,30,19,2,151,281.4,2.2,116.2,1.4,281.4,2.2,26.6,25.6,35.0,25.6
2023_07_BUF_NE,BUF,265.0,39,27,2,81.0,24,1,265.0,41,27,2,152,268.0,2.4,122.4,1.4,268.0,2.4,28.0,23.6,32.8,23.6
2023_08_TB_BUF,BUF,324.0,39,31,2,115.0,26,1,324.0,40,31,2,153,266.2,2.2,102.0,1.2,266.2,2.2,25.8,22.8,33.6,22.8
2023_09_BUF_CIN,BUF,258.0,32,26,1,68.0,16,1,258.0,38,26,1,154,287.4,2.4,91.4,1.0,287.4,2.4,24.4,25.0,35.2,25.0
2023_10_DEN_BUF,BUF,177.0,25,15,1,192.0,26,2,177.0,26,15,1,155,275.0,1.8,84.2,0.8,275.0,1.8,21.8,26.0,37.8,26.0
2023_11_NYJ_BUF,BUF,275.0,29,20,3,130.0,38,0,275.0,32,20,3,156,238.6,1.6,116.8,1.0,238.6,1.6,24.2,23.6,35.0,23.6
2023_12_BUF_PHI,BUF,339.0,49,29,2,173.0,40,2,339.0,51,29,2,157,259.8,1.8,117.2,1.0,259.8,1.8,26.0,23.8,35.4,23.8
2023_14_BUF_KC,BUF,233.0,36,23,1,118.0,28,1,233.0,42,23,1,158,274.6,1.8,135.6,1.2,274.6,1.8,29.2,24.2,37.4,24.2
2023_15_DAL_BUF,BUF,94.0,13,7,1,266.0,49,3,94.0,15,7,1,159,256.4,1.6,136.2,1.2,256.4,1.6,29.6,22.6,37.8,22.6
2023_16_BUF_LAC,BUF,237.0,21,15,1,105.0,30,2,237.0,21,15,1,160,223.6,1.6,175.8,1.6,223.6,1.6,36.2,18.8,33.2,18.8
2023_17_NE_BUF,BUF,169.0,28,15,0,127.0,37,2,169.0,30,15,0,161,235.6,1.6,158.4,1.6,235.6,1.6,37.0,18.8,32.2,18.8
2023_18_BUF_MIA,BUF,359.0,37,30,2,128.0,36,0,359.0,38,30,2,162,214.4,1.0,157.8,2.0,214.4,1.0,36.8,17.8,31.8,17.8
2024_01_ARI_BUF,BUF,232.0,23,18,2,130.0,33,2,232.0,23,18,2,163,218.4,1.0,148.8,1.6,218.4,1.0,36.0,18.0,29.2,18.0
2024_02_BUF_MIA,BUF,139.0,18,13,1,108.0,26,2,139.0,19,13,1,164,218.2,1.2,151.2,1.8,218.2,1.2,37.0,17.0,25.4,17.0
2024_03_JAX_BUF,BUF,266.0,30,24,4,122.0,29,2,266.0,31,24,4,165,227.2,1.2,119.6,1.6,227.2,1.2,32.4,18.2,26.2,18.2
2024_04_BUF_BAL,BUF,182.0,27,17,0,81.0,23,1,182.0,31,17,0,166,233.0,1.8,123.0,1.6,233.0,1.8,32.2,20.0,28.2,20.0
2024_05_BUF_HOU,BUF,131.0,29,9,1,150.0,28,1,131.0,30,9,1,167,235.6,1.8,113.8,1.4,235.6,1.8,29.4,20.4,28.4,20.4
2024_06_BUF_NYJ,BUF,215.0,23,19,2,149.0,33,1,215.0,25,19,2,168,190.0,1.6,118.2,1.6,190.0,1.6,27.8,16.2,26.8,16.2
2024_07_TEN_BUF,BUF,323.0,32,21,2,74.0,20,2,323.0,33,21,2,169,186.6,1.6,122.0,1.4,186.6,1.6,27.8,16.4,27.2,16.4
2024_08_BUF_SEA,BUF,283.0,32,24,2,164.0,34,2,283.0,34,24,2,170,223.4,1.8,115.2,1.4,223.4,1.8,26.6,18.0,30.0,18.0
2024_09_MIA_BUF,BUF,235.0,36,25,3,94.0,19,0,235.0,39,25,3,171,226.8,1.4,123.6,1.4,226.8,1.4,27.6,18.0,30.6,18.0
2024_10_BUF_IND,BUF,280.0,35,22,0,135.0,31,2,280.0,37,22,0,172,237.4,2.0,126.2,1.2,237.4,2.0,26.8,19.6,32.2,19.6
2024_11_KC_BUF,BUF,262.0,38,27,1,104.0,31,3,262.0,40,27,1,173,267.2,1.8,123.2,1.4,267.2,1.8,27.4,22.2,33.6,22.2
2024_13_SF_BUF,BUF,145.0,18,14,1,220.0,38,3,152.0,18,14,2,174,276.6,1.6,114.2,1.8,276.6,1.6,27.0,23.8,36.6,23.8
2024_14_BUF_LA,BUF,342.0,37,22,3,103.0,17,3,342.0,37,22,3,175,242.4,1.6,143.4,2.0,241.0,1.4,30.6,22.4,33.6,22.4
2024_15_BUF_DET,BUF,362.0,32,23,2,197.0,34,4,362.0,34,23,2,176,254.2,1.8,131.2,2.2,252.8,1.6,27.2,22.0,34.2,22.0
2024_16_NE_BUF,BUF,154.0,27,16,1,172.0,28,1,154.0,29,16,1,177,279.6,1.6,151.8,3.0,278.2,1.4,30.2,21.6,33.2,21.6
2024_17_NYJ_BUF,BUF,251.0,27,17,3,97.0,34,2,251.0,28,17,3,178,254.4,1.8,159.2,2.8,253.0,1.6,29.6,20.4,31.6,20.4
2024_18_BUF_NE,BUF,129.0,31,18,1,130.0,33,1,129.0,32,18,1,179,252.2,2.2,157.8,2.6,250.8,2.0,30.2,18.4,29.2,18.4
2014_01_CAR_TB,CAR,230.0,32,24,2,113.0,33,0,230.0,34,24,2,1,,,,,,,,,,
2014_02_DET_CAR,CAR,281.0,34,22,1,62.0,24,1,281.0,34,22,1,2,230.0,2.0,113.0,0.0,230.0,2.0,33.0,24.0,34.0,24.0
2014_03_PIT_CAR,CAR,330.0,41,29,2,42.0,10,0,330.0,41,29,2,3,255.5,1.5,87.5,0.5,255.5,1.5,28.5,23.0,34.0,23.0
2014_04_CAR_BAL,CAR,268.0,34,20,1,67.0,26,0,268.0,34,20,1,4,280.3333333333333,1.6666666666666667,72.33333333333333,0.3333333333333333,280.3333333333333,1.6666666666666667,22.333333333333332,25.0,36.333333333333336,25.0
2014_05_CHI_CAR,CAR,255.0,35,19,2,91.0,26,1,255.0,35,19,2,5,277.25,1.5,71.0,0.25,277.25,1.5,23.25,23.75,35.75,23.75
2014_06_CAR_CIN,CAR,284.0,45,29,2,147.0,34,2,284.0,46,29,2,6,272.8,1.6,75.0,0.4,272.8,1.6,23.8,22.8,35.6,22.8
2014_07_CAR_GB,CAR,248.0,39,22,2,108.0,25,0,248.0,39,22,2,7,283.6,1.6,81.8,0.8,283.6,1.6,24.0,23.8,38.0,23.8
2014_08_SEA_CAR,CAR,171.0,22,12,0,114.0,31,0,171.0,22,12,0,8,277.0,1.8,91.0,0.6,277.0,1.8,24.2,23.8,39.0,23.8
2014_09_NO_CAR,CAR,151.0,28,10,0,109.0,22,1,151.0,28,10,0,9,245.2,1.4,105.4,0.6,245.2,1.4,28.4,20.4,35.2,20.4
2014_10_CAR_PHI,CAR,306.0,40,25,2,102.0,32,1,306.0,40,25,2,10,221.8,1.2,113.8,0.8,221.8,1.2,27.6,18.4,34.0,18.4
2014_11_ATL_CAR,CAR,292.0,37,23,2,106.0,25,0,292.0,37,23,2,11,232.0,1.2,116.0,0.8,232.0,1.2,28.8,19.6,35.0,19.6
2014_13_CAR_MIN,CAR,194.0,35,18,1,178.0,33,0,194.0,35,18,1,12,233.6,1.2,107.8,0.4,233.6,1.2,27.0,18.4,33.2,18.4
2014_14_CAR_NO,CAR,226.0,31,21,3,271.0,40,2,226.0,33,21,3,13,222.8,1.0,121.8,0.4,222.8,1.0,28.6,17.6,32.4,17.6
2014_15_TB_CAR,CAR,277.0,40,25,1,123.0,32,0,277.0,40,25,1,14,233.8,1.6,153.2,0.8,233.8,1.6,30.4,19.4,34.6,19.4
2014_16_CLE_CAR,CAR,201.0,31,18,1,209.0,45,1,201.0,31,18,1,15,259.0,1.8,156.0,0.6,259.0,1.8,32.4,22.4,37.0,22.4
2014_17_CAR_ATL,CAR,114.0,16,10,1,194.0,35,1,114.0,16,10,1,16,238.0,1.6,177.4,0.6,238.0,1.6,35.0,21.0,35.2,21.0
2015_01_CAR_JAX,CAR,175.0,31,18,1,105.0,35,0,175.0,31,18,1,17,202.4,1.4,195.0,0.8,202.4,1.4,37.0,18.4,31.0,18.4
2015_02_HOU_CAR,CAR,195.0,37,18,2,172.0,33,1,195.0,37,18,2,18,198.6,1.4,180.4,0.8,198.6,1.4,37.4,18.4,30.2,18.4
2015_03_NO_CAR,CAR,315.0,31,20,2,119.0,30,1,315.0,31,20,2,19,192.4,1.2,160.6,0.6,192.4,1.2,36.0,17.8,31.0,17.8
2015_04_CAR_TB,CAR,124.0,22,11,2,133.0,33,0,124.0,22,11,2,20,200.0,1.4,159.8,0.8,200.0,1.4,35.6,16.8,29.2,16.8
2015_06_CAR_SEA,CAR,269.0,35,20,1,135.0,33,3,269.0,36,20,1,21,184.6,1.6,144.6,0.6,184.6,1.6,33.2,15.4,27.4,15.4
2015_07_PHI_CAR,CAR,197.0,24,14,1,204.0,33,2,197.0,24,14,1,22,215.6,1.6,132.8,1.0,215.6,1.6,32.8,17.4,31.4,17.4
2015_08_IND_CAR,CAR,248.0,35,16,2,140.0,36,1,248.0,35,16,2,23,220.0,1.6,152.6,1.4,220.0,1.6,32.4,16.6,30.0,16.6
2015_09_GB_CAR,CAR,297.0,29,15,3,130.0,36,1,297.0,30,15,3,24,230.6,1.6,146.2,1.4,230.6,1.6,33.0,16.2,29.6,16.2
2015_10_CAR_TEN,CAR,217.0,25,21,1,119.0,34,2,217.0,25,21,1,25,227.0,1.8,148.4,1.4,227.0,1.8,34.2,15.2,29.4,15.2
2015_11_WAS_CAR,CAR,246.0,34,21,5,142.0,39,0,246.0,34,21,5,26,245.6,1.6,145.6,1.8,245.6,1.6,34.4,17.2,30.0,17.2
2015_12_CAR_DAL,CAR,183.0,27,16,0,129.0,37,1,183.0,27,16,0,27,241.0,2.4,147.0,1.2,241.0,2.4,35.6,17.4,29.6,17.4
2015_13_CAR_NO,CAR,331.0,41,28,5,175.0,34,1,331.0,41,28,5,28,238.2,2.2,132.0,1.0,238.2,2.2,36.4,17.8,30.2,17.8
2015_14_ATL_CAR,CAR,301.0,26,19,3,142.0,32,2,301.0,27,19,3,29,254.8,2.8,139.0,1.0,254.8,2.8,36.0,20.2,31.4,20.2
2015_15_CAR_NYG,CAR,340.0,43,25,5,171.0,29,0,340.0,45,25,5,30,255.6,2.8,141.4,1.2,255.6,2.8,35.2,21.0,30.8,21.0
2015_16_CAR_ATL,CAR,142.0,28,17,0,155.0,20,1,142.0,30,17,0,31,280.2,3.6,151.8,0.8,280.2,3.6,34.2,21.8,34.8,21.8
2015_17_TB_CAR,CAR,293.0,26,21,2,111.0,32,3,293.0,26,21,2,32,259.4,2.6,154.4,1.0,259.4,2.6,30.4,21.0,34.0,21.0
2016_01_CAR_DEN,CAR,194.0,31,18,1,157.0,32,1,194.0,33,18,1,33,281.4,3.0,150.8,1.4,281.4,3.0,29.4,22.0,33.8,22.0
2016_02_SF_CAR,CAR,353.0,39,24,4,176.0,37,0,353.0,40,24,4,34,254.0,2.2,147.2,1.4,254.0,2.2,29.0,20.0,32.2,20.0
2016_03_MIN_CAR,CAR,265.0,36,22,0,105.0,28,1,265.0,36,22,0,35,264.4,2.4,154.0,1.0,264.4,2.4,30.0,21.0,34.8,21.0
2016_04_CAR_ATL,CAR,337.0,48,31,3,49.0,15,0,337.0,48,31,3,36,249.4,1.4,140.8,1.2,249.4,1.4,29.8,20.4,33.0,20.4
2016_05_TB_CAR,CAR,278.0,28,18,0,136.0,25,2,278.0,28,18,0,37,288.4,2.0,119.6,1.0,288.4,2.0,28.8,23.2,36.6,23.2
2016_06_CAR_NO,CAR,322.0,46,27,2,103.0,27,3,322.0,47,27,2,38,285.4,1.6,124.6,0.8,285.4,1.6,27.4,22.6,37.0,22.6
2016_08_ARI_CAR,CAR,212.0,27,14,0,141.0,36,2,212.0,27,14,0,39,311.0,1.8,113.8,1.2,311.0,1.8,26.4,24.4,39.8,24.4
2016_09_CAR_LA,CAR,225.0,32,20,1,59.0,25,0,225.0,32,20,1,40,282.8,1.0,106.8,1.6,282.8,1.0,26.2,22.4,37.2,22.4
2016_10_KC_CAR,CAR,261.0,38,23,1,99.0,29,1,261.0,38,23,1,41,274.8,1.2,97.6,1.4,274.8,1.2,25.6,22.0,36.4,22.0
2016_11_NO_CAR,CAR,192.0,32,14,1,50.0,27,1,192.0,33,14,1,42,259.6,0.8,107.6,1.6,259.6,0.8,28.4,20.4,34.4,20.4
2016_12_CAR_OAK,CAR,246.0,28,14,2,129.0,25,3,246.0,29,14,2,43,242.4,1.0,90.4,1.4,242.4,1.0,28.8,19.6,35.4,19.6
2016_13_CAR_SEA,CAR,182.0,32,14,1,89.0,21,0,182.0,33,14,1,44,227.2,1.0,95.6,1.4,227.2,1.0,28.4,17.0,31.8,17.0
2016_14_SD_CAR,CAR,160.0,27,10,1,126.0,38,1,160.0,27,10,1,45,221.2,1.2,85.2,1.0,221.2,1.2,25.4,17.0,33.0,17.0
2016_15_CAR_WAS,CAR,300.0,35,21,2,148.0,33,0,300.0,37,21,2,46,208.2,1.2,98.6,1.2,208.2,1.2,28.0,15.0,32.0,15.0
2016_16_ATL_CAR,CAR,198.0,43,18,1,119.0,23,0,198.0,43,18,1,47,216.0,1.4,108.4,1.0,216.0,1.4,28.8,14.6,31.8,14.6
2016_17_CAR_TB,CAR,237.0,31,18,1,128.0,32,1,237.0,32,18,1,48,217.2,1.4,122.2,0.8,217.2,1.4,28.0,15.4,33.8,15.4
2017_01_CAR_SF,CAR,171.0,24,14,2,116.0,38,0,171.0,25,14,2,49,215.4,1.2,122.0,0.4,215.4,1.2,29.4,16.2,34.4,16.2
2017_02_BUF_CAR,CAR,228.0,31,20,0,77.0,28,0,228.0,32,20,0,50,213.2,1.4,127.4,0.4,213.2,1.4,32.8,16.2,32.8,16.2
2017_03_NO_CAR,CAR,184.0,33,19,0,132.0,22,1,184.0,33,19,0,51,226.8,1.2,117.6,0.2,226.8,1.2,30.8,18.2,33.8,18.2
2017_04_CAR_NE,CAR,316.0,29,22,3,140.0,29,1,316.0,29,22,3,52,203.6,0.8,114.4,0.4,203.6,0.8,28.6,17.8,33.0,17.8
2017_05_CAR_DET,CAR,355.0,33,26,3,28.0,28,0,355.0,33,26,3,53,227.2,1.2,118.6,0.6,227.2,1.2,29.8,18.6,30.2,18.6
2017_06_PHI_CAR,CAR,239.0,52,28,1,80.0,25,1,239.0,52,28,1,54,250.8,1.6,98.6,0.4,250.8,1.6,29.0,20.2,30.4,20.2
2017_07_CAR_CHI,CAR,211.0,34,21,0,108.0,30,0,211.0,34,21,0,55,264.4,1.4,91.4,0.6,264.4,1.4,26.4,23.0,35.8,23.0
2017_08_CAR_TB,CAR,154.0,30,18,1,100.0,31,1,154.0,32,18,1,56,261.0,1.4,97.6,0.6,261.0,1.4,26.8,23.2,36.2,23.2
2017_09_ATL_CAR,CAR,137.0,23,13,0,201.0,38,2,137.0,24,13,0,57,255.0,1.6,91.2,0.6,255.0,1.6,28.6,23.0,36.0,23.0
2017_10_MIA_CAR,CAR,254.0,35,21,4,294.0,36,2,254.0,35,21,4,58,219.2,1.0,103.4,0.8,219.2,1.0,30.4,21.2,35.0,21.2
2017_12_CAR_NYJ,CAR,168.0,28,11,0,145.0,33,2,168.0,28,11,0,59,199.0,1.2,156.6,1.2,199.0,1.2,32.0,20.2,35.4,20.2
2017_13_CAR_NO,CAR,183.0,28,17,2,112.0,23,1,183.0,28,17,2,60,184.8,1.0,169.6,1.4,184.8,1.0,33.6,16.8,30.6,16.8
2017_14_MIN_CAR,CAR,137.0,23,13,1,216.0,36,3,137.0,25,13,1,61,179.2,1.4,170.4,1.6,179.2,1.4,32.2,16.0,29.4,16.0
2017_15_GB_CAR,CAR,242.0,30,20,4,151.0,38,0,242.0,31,20,4,62,175.8,1.4,193.6,2.0,175.8,1.4,33.2,15.0,28.0,15.0
2017_16_TB_CAR,CAR,160.0,26,16,0,115.0,31,1,160.0,26,16,0,63,196.8,2.2,183.6,1.6,196.8,2.2,33.2,16.4,29.4,16.4
2017_17_CAR_ATL,CAR,180.0,33,14,1,87.0,24,0,180.0,34,14,1,64,178.0,1.4,147.8,1.4,178.0,1.4,32.2,15.4,27.6,15.4
2018_01_DAL_CAR,CAR,161.0,25,17,0,147.0,32,2,161.0,26,17,0,65,180.4,1.6,136.2,1.0,180.4,1.6,30.4,16.0,28.8,16.0
2018_02_CAR_ATL,CAR,335.0,45,32,3,121.0,18,0,335.0,45,32,3,66,176.0,1.2,143.2,1.2,176.0,1.2,32.2,16.0,28.4,16.0
2018_03_CIN_CAR,CAR,150.0,24,15,2,230.0,41,2,150.0,24,15,2,67,215.6,1.6,124.2,0.6,215.6,1.6,28.6,19.8,32.4,19.8
2018_05_NYG_CAR,CAR,237.0,34,21,2,118.0,31,0,237.0,35,21,2,68,197.2,1.2,140.0,1.0,197.2,1.2,29.2,18.8,31.0,18.8
2018_06_CAR_WAS,CAR,275.0,37,27,2,81.0,18,0,275.0,40,27,2,69,212.6,1.6,140.6,0.8,212.6,1.6,29.2,19.8,32.8,19.8
2018_07_CAR_PHI,CAR,269.0,37,25,2,121.0,17,1,269.0,39,25,2,70,231.6,1.8,139.4,0.8,231.6,1.8,28.0,22.4,34.0,22.4
2018_08_BAL_CAR,CAR,232.0,27,22,2,154.0,33,2,232.0,30,22,2,71,253.2,2.2,134.2,0.6,253.2,2.2,25.0,24.0,36.6,24.0
2018_09_TB_CAR,CAR,247.0,24,19,2,179.0,32,4,247.0,25,19,2,72,232.6,2.0,140.8,1.0,232.6,2.0,28.0,22.0,33.6,22.0
2018_10_CAR_PIT,CAR,193.0,28,23,2,95.0,22,1,193.0,29,23,2,73,252.0,2.0,130.6,1.4,252.0,2.0,26.2,22.8,33.8,22.8
2018_11_CAR_DET,CAR,357.0,37,25,3,56.0,16,0,357.0,38,25,3,74,243.2,2.0,126.0,1.6,243.2,2.0,24.4,23.2,32.6,23.2
2018_12_SEA_CAR,CAR,256.0,29,25,2,220.0,27,1,256.0,30,25,2,75,259.6,2.2,121.0,1.6,259.6,2.2,24.0,22.8,32.2,22.8
2018_13_CAR_TB,CAR,300.0,41,28,2,168.0,19,0,300.0,42,28,2,76,257.0,2.2,140.8,1.6,257.0,2.2,26.0,22.8,30.4,22.8
2018_14_CAR_CLE,CAR,298.0,42,27,0,96.0,25,2,298.0,43,27,0,77,270.6,2.2,143.6,1.2,270.6,2.2,23.2,24.0,32.8,24.0
2018_15_NO_CAR,CAR,181.0,29,17,1,98.0,23,0,181.0,30,17,1,78,280.8,1.8,127.0,0.8,280.8,1.8,21.8,25.6,36.4,25.6
2018_16_ATL_CAR,CAR,312.0,55,37,1,141.0,25,0,312.0,57,37,1,79,278.4,1.6,127.6,0.6,278.4,1.6,22.0,24.4,36.6,24.4
2018_17_CAR_NO,CAR,268.0,30,18,2,111.0,37,2,268.0,30,18,2,80,269.4,1.2,144.6,0.6,269.4,1.2,23.8,26.8,40.4,26.8
2019_01_LA_CAR,CAR,239.0,37,25,0,127.0,23,3,239.0,38,25,0,81,271.8,1.2,122.8,0.8,271.8,1.2,25.8,25.4,40.4,25.4
2019_02_TB_CAR,CAR,333.0,49,25,0,39.0,19,0,333.0,51,25,0,82,259.6,0.8,114.6,1.4,259.6,0.8,26.6,24.8,39.6,24.8
2019_03_CAR_ARI,CAR,261.0,25,19,4,173.0,31,1,261.0,26,19,4,83,266.6,0.8,103.2,1.0,266.6,0.8,25.4,24.4,41.2,24.4
2019_04_CAR_HOU,CAR,232.0,33,24,0,94.0,28,1,232.0,34,24,0,84,282.6,1.4,118.2,1.2,282.6,1.4,27.0,24.8,40.4,24.8
2019_05_JAX_CAR,CAR,181.0,28,17,1,285.0,27,3,181.0,31,17,1,85,266.6,1.2,108.8,1.4,266.6,1.2,27.6,22.2,35.8,22.2
2019_06_CAR_TB,CAR,227.0,31,20,2,59.0,29,2,227.0,32,20,2,86,249.2,1.0,143.6,1.6,249.2,1.0,25.6,22.0,36.0,22.0
2019_08_CAR_SF,CAR,158.0,37,19,0,130.0,19,1,158.0,37,19,0,87,246.8,1.4,130.0,1.4,246.8,1.4,26.8,21.0,34.8,21.0
2019_09_TEN_CAR,CAR,232.0,30,17,2,156.0,33,2,232.0,32,17,2,88,211.8,1.4,148.2,1.6,211.8,1.4,26.8,19.8,32.0,19.8
2019_10_CAR_GB,CAR,307.0,38,28,1,120.0,23,1,307.0,43,28,1,89,206.0,1.0,144.8,1.8,206.0,1.0,27.2,19.4,33.2,19.4
2019_11_ATL_CAR,CAR,325.0,47,31,0,77.0,15,0,325.0,50,31,0,90,221.0,1.2,150.0,1.8,221.0,1.2,26.2,20.2,35.0,20.2
2019_12_CAR_NO,CAR,256.0,32,23,3,121.0,29,1,256.0,36,23,3,91,249.8,1.0,108.4,1.2,249.8,1.0,23.8,23.0,38.8,23.0
2019_13_WAS_CAR,CAR,278.0,43,27,2,65.0,20,1,278.0,46,27,2,92,255.6,1.2,120.8,1.0,255.6,1.2,23.8,23.6,39.6,23.6
2019_14_CAR_ATL,CAR,293.0,40,28,1,100.0,22,1,293.0,41,28,1,93,279.6,1.6,107.8,1.0,279.6,1.6,24.0,25.2,41.4,25.2
2019_15_SEA_CAR,CAR,277.0,39,25,1,145.0,29,2,277.0,42,25,1,94,291.8,1.4,96.6,0.8,291.8,1.4,21.8,27.4,43.2,27.4
2019_16_CAR_IND,CAR,236.0,42,28,0,87.0,21,0,236.0,45,28,0,95,285.8,1.4,101.6,1.0,285.8,1.4,23.0,26.8,43.0,26.8
2019_17_NO_CAR,CAR,299.0,49,26,0,41.0,18,1,299.0,49,26,0,96,268.0,1.4,103.6,1.0,268.0,1.4,24.2,26.2,42.0,26.2
2020_01_LV_CAR,CAR,269.0,34,22,1,129.0,30,2,269.0,34,22,1,97,276.6,0.8,87.6,1.0,276.6,0.8,22.0,26.8,44.6,26.8
2020_02_CAR_TB,CAR,367.0,40,33,0,87.0,24,2,367.0,42,33,0,98,274.8,0.6,100.4,1.2,274.8,0.6,24.0,25.8,42.2,25.8
2020_03_CAR_LAC,CAR,235.0,27,22,1,81.0,21,0,235.0,28,22,1,99,289.6,0.4,97.8,1.4,289.6,0.4,24.4,26.8,42.4,26.8
2020_04_ARI_CAR,CAR,276.0,36,26,2,168.0,35,2,276.0,37,26,2,100,281.2,0.4,85.0,1.0,281.2,0.4,22.8,26.2,39.6,26.2
2020_05_CAR_ATL,CAR,313.0,34,27,2,124.0,27,0,313.0,36,27,2,101,289.2,0.8,101.2,1.4,289.2,0.8,25.6,25.8,38.0,25.8
2020_06_CHI_CAR,CAR,216.0,27,16,0,112.0,29,1,216.0,29,16,0,102,292.0,1.2,117.8,1.2,292.0,1.2,27.4,26.0,35.4,26.0
2020_07_CAR_NO,CAR,254.0,27,23,2,37.0,14,1,254.0,28,23,2,103,281.4,1.0,114.4,1.0,281.4,1.0,27.2,24.8,34.4,24.8
2020_08_ATL_CAR,CAR,179.0,26,16,1,147.0,22,1,179.0,27,16,1,104,258.8,1.4,104.4,0.8,258.8,1.4,25.2,22.8,31.6,22.8
2020_09_CAR_KC,CAR,338.0,44,37,2,104.0,24,2,338.0,50,37,2,105,247.6,1.4,117.6,1.0,247.6,1.4,25.4,21.6,31.4,21.6
2020_10_TB_CAR,CAR,148.0,28,20,2,65.0,16,1,148.0,28,20,2,106,260.0,1.4,104.8,1.0,260.0,1.4,23.2,23.8,34.0,23.8
2020_11_DET_CAR,CAR,258.0,35,24,1,116.0,34,1,258.0,35,24,1,107,227.0,1.4,93.0,1.2,227.0,1.4,21.0,22.4,32.4,22.4
2020_12_CAR_MIN,CAR,267.0,32,19,1,107.0,28,0,267.0,36,19,1,108,235.4,1.6,93.8,1.2,235.4,1.6,22.0,24.0,33.6,24.0
2020_14_DEN_CAR,CAR,283.0,39,30,0,125.0,21,3,283.0,40,30,0,109,238.0,1.4,107.8,1.0,238.0,1.4,24.8,23.2,35.2,23.2
2020_15_CAR_GB,CAR,258.0,34,21,0,115.0,27,1,258.0,35,21,0,110,258.8,1.2,103.4,1.4,258.8,1.2,24.6,26.0,37.8,26.0
2020_16_CAR_WAS,CAR,197.0,28,19,1,113.0,35,1,197.0,28,19,1,111,242.8,0.8,105.6,1.2,242.8,0.8,25.2,22.8,34.8,22.8
2020_17_NO_CAR,CAR,271.0,36,18,0,74.0,20,1,271.0,37,18,0,112,252.6,0.6,115.2,1.2,252.6,0.6,29.0,22.6,34.8,22.6
2021_01_NYJ_CAR,CAR,279.0,33,24,1,111.0,27,1,279.0,35,24,1,113,255.2,0.4,106.8,1.2,255.2,0.4,26.2,21.4,35.2,21.4
2021_02_NO_CAR,CAR,305.0,36,26,2,89.0,33,1,305.0,38,26,2,114,257.6,0.4,107.6,1.4,257.6,0.4,26.0,22.4,35.0,22.4
2021_03_CAR_HOU,CAR,304.0,33,23,0,117.0,33,3,304.0,34,23,0,115,262.0,0.8,100.4,1.0,262.0,0.8,28.4,21.6,34.6,21.6
2021_04_CAR_DAL,CAR,301.0,39,26,2,113.0,24,2,301.0,39,26,2,116,271.2,0.8,100.8,1.4,271.2,0.8,29.6,22.0,34.4,22.0
2021_05_PHI_CAR,CAR,177.0,34,21,1,109.0,30,0,177.0,37,21,1,117,292.0,1.0,100.8,1.6,292.0,1.0,27.4,23.4,36.6,23.4
2021_06_MIN_CAR,CAR,207.0,39,17,1,118.0,23,1,207.0,41,17,1,118,273.2,1.2,107.8,1.4,273.2,1.2,29.4,24.0,36.6,24.0
2021_07_CAR_NYG,CAR,145.0,38,19,0,56.0,17,0,145.0,39,19,0,119,258.8,1.2,109.2,1.4,258.8,1.2,28.6,22.6,37.8,22.6
2021_08_CAR_ATL,CAR,129.0,24,13,0,203.0,47,1,129.0,25,13,0,120,226.8,0.8,102.6,1.2,226.8,0.8,25.4,21.2,38.0,21.2
2021_09_NE_CAR,CAR,172.0,29,16,0,78.0,23,0,172.0,33,16,0,121,191.8,0.8,119.8,0.8,191.8,0.8,28.2,19.2,36.2,19.2
2021_10_CAR_ARI,CAR,175.0,32,25,1,166.0,37,2,175.0,33,25,1,122,166.0,0.4,112.8,0.4,166.0,0.4,28.0,17.2,35.0,17.2
2021_11_WAS_CAR,CAR,189.0,27,21,2,111.0,21,1,189.0,27,21,2,123,165.6,0.4,124.2,0.8,165.6,0.4,29.4,18.0,34.2,18.0
2021_12_CAR_MIA,CAR,179.0,31,10,0,64.0,18,1,179.0,31,10,0,124,162.0,0.6,122.8,0.8,162.0,0.6,29.0,18.8,31.4,18.8
2021_14_ATL_CAR,CAR,253.0,35,21,1,91.0,26,2,253.0,35,21,1,125,168.8,0.6,124.4,1.0,168.8,0.6,29.2,17.0,29.8,17.0
2021_15_CAR_BUF,CAR,156.0,36,18,1,151.0,29,1,156.0,38,18,1,126,193.6,0.8,102.0,1.2,193.6,0.8,25.0,18.6,31.8,18.6
2021_16_TB_CAR,CAR,251.0,43,22,0,67.0,15,0,251.0,45,22,0,127,190.4,1.0,116.6,1.4,190.4,1.0,26.2,19.0,32.8,19.0
2021_17_CAR_NO,CAR,132.0,24,17,0,88.0,26,1,132.0,26,17,0,128,205.6,0.8,96.8,1.0,205.6,0.8,21.8,18.4,35.2,18.4
2021_18_CAR_TB,CAR,219.0,42,29,2,110.0,26,0,219.0,43,29,2,129,194.2,0.4,92.2,1.0,194.2,0.4,22.8,17.6,35.0,17.6
2022_01_CLE_CAR,CAR,235.0,26,16,1,54.0,19,2,235.0,27,16,1,130,202.2,0.8,101.4,0.8,202.2,0.8,24.4,21.4,37.4,21.4
2022_02_CAR_NYG,CAR,145.0,27,14,1,146.0,23,0,145.0,29,14,1,131,198.6,0.8,94.0,0.8,198.6,0.8,23.0,20.4,35.8,20.4
2022_03_NO_CAR,CAR,170.0,24,12,1,145.0,31,0,170.0,25,12,1,132,196.4,0.8,93.0,0.6,196.4,0.8,21.8,19.6,34.0,19.6
2022_04_ARI_CAR,CAR,197.0,36,22,1,40.0,13,0,197.0,36,22,1,133,180.2,1.0,108.6,0.6,180.2,1.0,25.0,17.6,30.0,17.6
2022_05_SF_CAR,CAR,275.0,40,25,0,64.0,17,1,275.0,42,25,0,134,193.2,1.2,99.0,0.4,193.2,1.2,22.4,18.6,32.0,18.6
2022_06_CAR_LA,CAR,119.0,21,13,0,93.0,21,0,119.0,21,13,0,135,204.4,0.8,89.8,0.6,204.4,0.8,20.6,17.8,31.8,17.8
2022_07_TB_CAR,CAR,177.0,21,16,2,173.0,27,1,177.0,22,16,2,136,181.2,0.6,97.6,0.2,181.2,0.6,21.0,17.2,30.6,17.2
2022_08_CAR_ATL,CAR,317.0,36,19,1,169.0,36,3,317.0,36,19,1,137,187.6,0.8,103.0,0.4,187.6,0.8,21.8,17.6,29.2,17.6
2022_09_CAR_CIN,CAR,164.0,30,17,2,64.0,18,1,164.0,30,17,2,138,217.0,0.8,107.8,1.0,217.0,0.8,22.8,19.0,31.4,19.0
2022_10_ATL_CAR,CAR,108.0,16,10,0,232.0,47,2,108.0,16,10,0,139,210.4,1.0,112.6,1.2,210.4,1.0,23.8,18.0,30.2,18.0
2022_11_CAR_BAL,CAR,196.0,31,21,0,36.0,17,0,196.0,33,21,0,140,177.0,1.0,146.2,1.4,177.0,1.0,29.8,15.0,25.0,15.0
2022_12_DEN_CAR,CAR,164.0,17,11,1,185.0,46,1,164.0,19,11,1,141,192.4,1.0,134.8,1.4,192.4,1.0,29.0,16.6,27.4,16.6
2022_14_CAR_SEA,CAR,120.0,20,14,1,223.0,46,2,120.0,24,14,1,142,189.8,0.8,137.2,1.4,189.8,0.8,32.8,15.6,26.8,15.6
2022_15_PIT_CAR,CAR,225.0,19,14,1,21.0,16,0,225.0,23,14,1,143,150.4,0.8,148.0,1.2,150.4,0.8,34.8,14.6,24.4,14.6
2022_16_DET_CAR,CAR,250.0,21,15,1,320.0,43,3,250.0,22,15,1,144,162.6,0.6,139.4,1.0,162.6,0.6,34.4,14.0,23.0,14.0
2022_17_CAR_TB,CAR,341.0,31,23,3,74.0,22,0,341.0,37,23,3,145,191.0,0.8,157.0,1.2,191.0,0.8,33.6,15.0,24.2,15.0
2022_18_CAR_NO,CAR,43.0,11,5,0,171.0,41,0,43.0,15,5,0,146,220.0,1.4,164.6,1.2,220.0,1.4,34.6,15.4,25.0,15.4
2023_01_CAR_ATL,CAR,146.0,31,20,1,154.0,32,0,146.0,38,20,1,147,195.8,1.2,161.8,1.0,195.8,1.2,33.6,14.2,24.2,14.2
2023_02_NO_CAR,CAR,153.0,31,22,1,100.0,19,0,153.0,33,22,1,148,201.0,1.2,148.0,0.6,201.0,1.2,30.8,15.4,27.0,15.4
2023_03_CAR_SEA,CAR,361.0,57,34,2,44.0,14,1,361.0,58,34,2,149,186.6,1.2,163.8,0.6,186.6,1.2,31.4,17.0,29.0,17.0
2023_04_MIN_CAR,CAR,204.0,31,25,0,83.0,31,0,204.0,32,25,0,150,208.8,1.4,108.6,0.2,208.8,1.4,25.6,20.8,36.2,20.8
2023_05_CAR_DET,CAR,247.0,35,25,3,99.0,23,0,247.0,41,25,3,151,181.4,0.8,110.4,0.2,181.4,0.8,27.4,21.2,35.2,21.2
2023_06_CAR_MIA,CAR,224.0,35,24,1,108.0,25,1,224.0,39,24,1,152,222.2,1.4,96.0,0.2,222.2,1.4,23.8,25.2,40.4,25.2
2023_08_HOU_CAR,CAR,235.0,31,22,1,44.0,24,0,235.0,31,22,1,153,237.8,1.4,86.8,0.4,237.8,1.4,22.4,26.0,40.6,26.0
2023_09_IND_CAR,CAR,173.0,37,24,1,138.0,28,0,173.0,39,24,1,154,254.2,1.4,75.6,0.4,254.2,1.4,23.4,26.0,40.2,26.0
2023_10_CAR_CHI,CAR,185.0,34,21,0,43.0,16,0,185.0,38,21,0,155,216.6,1.2,94.4,0.2,216.6,1.2,26.2,24.0,36.4,24.0
2023_11_DAL_CAR,CAR,123.0,26,16,1,110.0,23,0,123.0,29,16,1,156,212.8,1.2,86.4,0.2,212.8,1.2,23.2,23.2,37.6,23.2
2023_12_CAR_TEN,CAR,194.0,24,18,0,96.0,32,1,194.0,31,18,0,157,188.0,0.8,88.6,0.2,188.0,0.8,23.2,21.4,35.2,21.4
2023_13_CAR_TB,CAR,178.0,26,15,0,133.0,34,2,178.0,31,15,0,158,182.0,0.6,86.2,0.2,182.0,0.6,24.6,20.2,33.6,20.2
2023_14_CAR_NO,CAR,137.0,32,13,0,204.0,39,0,137.0,36,13,0,159,170.6,0.4,104.0,0.6,170.6,0.4,26.6,18.8,33.6,18.8
2023_15_ATL_CAR,CAR,167.0,23,18,0,129.0,36,0,167.0,24,18,0,160,163.4,0.2,117.2,0.6,163.4,0.2,28.8,16.6,33.0,16.6
2023_16_GB_CAR,CAR,312.0,32,23,2,96.0,25,2,312.0,36,23,2,161,159.8,0.2,134.4,0.6,159.8,0.2,32.8,16.0,30.2,16.0
2023_17_CAR_JAX,CAR,112.0,31,19,0,57.0,15,0,112.0,32,19,0,162,197.6,0.4,131.6,1.0,197.6,0.4,33.2,17.4,31.6,17.4
2023_18_TB_CAR,CAR,94.0,18,11,0,131.0,29,0,94.0,18,11,0,163,181.2,0.4,123.8,0.8,181.2,0.4,29.8,17.6,31.8,17.6
2024_01_CAR_NO,CAR,161.0,29,13,0,58.0,20,1,161.0,31,13,0,164,164.4,0.4,123.4,0.4,164.4,0.4,28.8,16.8,29.2,16.8
2024_02_LAC_CAR,CAR,84.0,26,18,0,90.0,18,0,84.0,26,18,0,165,169.2,0.4,94.2,0.6,169.2,0.4,25.0,16.8,28.2,16.8
2024_03_CAR_LV,CAR,319.0,37,26,3,131.0,31,1,319.0,37,26,3,166,152.6,0.4,86.4,0.6,152.6,0.4,21.4,16.8,28.6,16.8
2024_04_CIN_CAR,CAR,220.0,40,25,2,155.0,29,1,220.0,41,25,2,167,154.0,0.6,93.4,0.4,154.0,0.6,22.6,17.4,28.8,17.4
2024_05_CAR_CHI,CAR,194.0,33,22,0,120.0,19,1,194.0,35,22,0,168,175.6,1.0,113.0,0.6,175.6,1.0,25.4,18.6,30.6,18.6
2024_06_ATL_CAR,CAR,221.0,37,26,2,114.0,24,0,221.0,38,26,2,169,195.6,1.0,110.8,0.8,195.6,1.0,23.4,20.8,34.0,20.8
2024_07_CAR_WAS,CAR,89.0,17,13,0,95.0,23,1,89.0,18,13,0,170,207.6,1.4,122.0,0.6,207.6,1.4,24.2,23.4,35.4,23.4
2024_08_CAR_DEN,CAR,224.0,35,24,2,69.0,20,0,224.0,38,24,2,171,208.6,1.4,123.0,0.8,208.6,1.4,25.2,22.4,33.8,22.4
2024_09_NO_CAR,CAR,171.0,24,16,1,80.0,23,2,171.0,26,16,1,172,189.6,1.2,110.6,0.6,189.6,1.2,23.0,22.0,34.0,22.0
2024_10_NYG_CAR,CAR,126.0,25,15,1,188.0,32,1,126.0,25,15,1,173,179.8,1.0,95.6,0.8,179.8,1.0,21.8,20.2,31.0,20.2
2024_12_KC_CAR,CAR,263.0,33,21,1,85.0,21,1,263.0,35,21,1,174,166.2,1.2,109.2,0.8,166.2,1.2,24.4,18.8,29.0,18.8
2024_13_TB_CAR,CAR,298.0,41,26,1,78.0,21,1,298.0,46,26,1,175,174.6,1.0,103.4,1.0,174.6,1.0,23.8,17.8,28.4,17.8
2024_14_CAR_PHI,CAR,191.0,33,19,1,118.0,34,1,191.0,34,19,1,176,216.4,1.2,100.0,1.0,216.4,1.2,23.4,20.4,34.0,20.4
2024_15_DAL_CAR,CAR,219.0,27,19,1,60.0,16,1,219.0,28,19,1,177,209.8,1.0,109.8,1.2,209.8,1.0,26.2,19.4,33.2,19.4
2024_16_ARI_CAR,CAR,158.0,24,17,2,243.0,36,3,158.0,26,17,2,178,219.4,1.0,105.8,1.0,219.4,1.0,24.8,20.0,33.6,20.0
2024_17_CAR_TB,CAR,203.0,22,15,2,39.0,13,0,203.0,28,15,2,179,225.8,1.2,116.8,1.4,225.8,1.2,25.6,20.4,33.8,20.4
2024_18_CAR_ATL,CAR,270.0,35,26,3,155.0,30,3,270.0,35,26,3,180,213.8,1.4,107.6,1.2,213.8,1.4,24.0,19.2,32.4,19.2
2014_01_BUF_CHI,CHI,349.0,49,34,2,86.0,18,0,349.0,49,34,2,1,,,,,,,,,,
2014_02_CHI_SF,CHI,176.0,34,23,4,46.0,17,0,176.0,34,23,4,2,349.0,2.0,86.0,0.0,349.0,2.0,18.0,34.0,49.0,34.0
2014_03_CHI_NYJ,CHI,225.0,38,23,2,60.0,21,0,225.0,38,23,2,3,262.5,3.0,66.0,0.0,262.5,3.0,17.5,28.5,41.5,28.5
2014_04_GB_CHI,CHI,265.0,35,23,2,235.0,41,0,265.0,35,23,2,4,250.0,2.6666666666666665,64.0,0.0,250.0,2.6666666666666665,18.666666666666668,26.666666666666668,40.333333333333336,26.666666666666668
2014_05_CHI_CAR,CHI,289.0,36,28,2,85.0,22,1,289.0,36,28,2,5,253.75,2.5,106.75,0.0,253.75,2.5,24.25,25.75,39.0,25.75
2014_06_CHI_ATL,CHI,381.0,38,26,1,103.0,29,2,381.0,38,26,1,6,260.8,2.4,102.4,0.2,260.8,2.4,23.8,26.2,38.4,26.2
2014_07_MIA_CHI,CHI,190.0,34,21,1,52.0,14,1,190.0,34,21,1,7,267.2,2.2,105.8,0.6,267.2,2.2,26.0,24.6,36.2,24.6
2014_08_CHI_NE,CHI,249.0,35,21,3,153.0,26,0,249.0,35,21,3,8,270.0,1.6,107.0,0.8,270.0,1.6,25.4,24.2,36.2,24.2
2014_10_CHI_GB,CHI,283.0,40,23,1,55.0,24,0,283.0,40,23,1,9,274.8,1.8,125.6,0.8,274.8,1.8,26.4,23.8,35.6,23.8
2014_11_MIN_CHI,CHI,330.0,43,31,3,138.0,31,0,330.0,43,31,3,10,278.4,1.6,89.6,0.8,278.4,1.6,23.0,23.8,36.6,23.8
2014_12_TB_CHI,CHI,130.0,27,17,1,92.0,26,2,130.0,27,17,1,11,286.6,1.8,100.2,0.6,286.6,1.8,24.8,24.4,38.0,24.4
2014_13_CHI_DET,CHI,280.0,48,31,2,13.0,8,0,280.0,48,31,2,12,236.4,1.8,98.0,0.6,236.4,1.8,24.2,22.6,35.8,22.6
2014_14_DAL_CHI,CHI,341.0,46,32,2,35.0,15,2,341.0,46,32,2,13,254.4,2.0,90.2,0.4,254.4,2.0,23.0,24.6,38.6,24.6
2014_15_NO_CHI,CHI,194.0,31,17,2,125.0,20,0,194.0,31,17,2,14,272.8,1.8,66.6,0.8,272.8,1.8,20.8,26.8,40.8,26.8
2014_16_DET_CHI,CHI,181.0,38,23,2,64.0,22,0,181.0,39,23,2,15,255.0,2.0,80.6,0.8,255.0,2.0,20.0,25.6,39.0,25.6
2014_17_CHI_MIN,CHI,172.0,36,23,0,99.0,21,0,172.0,36,23,0,16,225.2,1.8,65.8,0.8,225.2,1.8,18.2,24.0,38.2,24.0
2015_01_GB_CHI,CHI,225.0,35,18,1,189.0,33,1,225.0,36,18,1,17,233.6,1.6,67.2,0.4,233.6,1.6,17.2,25.2,40.0,25.2
2015_02_ARI_CHI,CHI,241.0,32,22,1,109.0,28,1,241.0,32,22,1,18,222.6,1.4,102.4,0.6,222.6,1.4,22.2,22.6,37.6,22.6
2015_03_CHI_SEA,CHI,63.0,17,9,0,98.0,27,0,63.0,17,9,0,19,202.6,1.2,117.2,0.4,202.6,1.2,24.8,20.6,34.8,20.6
2015_04_OAK_CHI,CHI,281.0,43,28,2,98.0,29,0,281.0,43,28,2,20,176.4,0.8,111.8,0.4,176.4,0.8,26.2,19.0,32.0,19.0
2015_05_CHI_KC,CHI,252.0,45,26,2,87.0,26,0,252.0,45,26,2,21,196.4,0.8,118.6,0.4,196.4,0.8,27.6,20.0,32.8,20.0
2015_06_CHI_DET,CHI,353.0,41,26,1,91.0,31,2,353.0,41,26,1,22,212.4,1.2,116.2,0.4,212.4,1.2,28.6,20.6,34.6,20.6
2015_08_MIN_CHI,CHI,211.0,33,22,1,97.0,25,1,211.0,33,22,1,23,238.0,1.2,96.6,0.6,238.0,1.2,28.2,22.2,35.6,22.2
2015_09_CHI_SD,CHI,345.0,38,27,2,109.0,29,1,345.0,40,27,2,24,232.0,1.2,94.2,0.6,232.0,1.2,27.6,22.2,35.8,22.2
2015_10_CHI_STL,CHI,258.0,24,19,3,153.0,37,1,258.0,24,19,3,25,288.4,1.6,96.4,0.8,288.4,1.6,28.0,25.8,40.4,25.8
2015_11_DEN_CHI,CHI,265.0,32,18,0,86.0,25,1,265.0,32,18,0,26,283.8,1.8,107.4,1.0,283.8,1.8,29.6,24.0,36.6,24.0
2015_12_CHI_GB,CHI,200.0,31,19,1,101.0,31,1,200.0,31,19,1,27,286.4,1.4,107.2,1.2,286.4,1.4,29.4,22.4,34.0,22.4
2015_13_SF_CHI,CHI,202.0,31,18,0,170.0,42,2,202.0,31,18,0,28,255.8,1.4,109.2,1.0,255.8,1.4,29.4,21.0,32.0,21.0
2015_14_WAS_CHI,CHI,315.0,31,19,2,87.0,22,1,315.0,31,19,2,29,254.0,1.2,123.8,1.2,254.0,1.2,32.8,20.2,31.6,20.2
2015_15_CHI_MIN,CHI,231.0,36,26,2,94.0,20,0,231.0,37,26,2,30,248.0,1.2,119.4,1.2,248.0,1.2,31.4,18.6,29.8,18.6
2015_16_CHI_TB,CHI,156.0,27,20,1,174.0,39,1,156.0,27,20,1,31,242.6,1.0,107.6,1.0,242.6,1.0,28.0,20.0,32.4,20.0
2015_17_DET_CHI,CHI,245.0,23,17,2,111.0,24,0,245.0,23,17,2,32,220.8,1.2,125.2,1.0,220.8,1.2,30.8,20.4,31.4,20.4
2016_01_CHI_HOU,CHI,216.0,28,16,1,73.0,20,1,216.0,29,16,1,33,229.8,1.4,127.2,0.8,229.8,1.4,29.4,20.0,29.8,20.0
2016_02_PHI_CHI,CHI,235.0,29,21,0,64.0,18,1,235.0,29,21,0,34,232.6,1.6,107.8,0.6,232.6,1.6,25.0,19.6,29.4,19.6
2016_03_CHI_DAL,CHI,317.0,45,30,2,78.0,14,0,317.0,49,30,2,35,216.6,1.2,103.2,0.6,216.6,1.2,24.2,20.0,29.0,20.0
2016_04_DET_CHI,CHI,302.0,36,28,2,114.0,29,0,302.0,36,28,2,36,233.8,1.2,100.0,0.6,233.8,1.2,23.0,20.8,31.4,20.8
2016_05_CHI_IND,CHI,397.0,41,33,2,125.0,19,0,397.0,43,33,2,37,263.0,1.4,88.0,0.4,263.0,1.4,21.0,22.4,33.2,22.4
2016_06_JAX_CHI,CHI,302.0,49,30,0,92.0,27,1,302.0,49,30,0,38,293.4,1.4,90.8,0.4,293.4,1.4,20.0,25.6,37.2,25.6
2016_07_CHI_GB,CHI,130.0,26,10,0,69.0,18,0,130.0,26,10,0,39,310.6,1.2,94.6,0.4,310.6,1.2,21.4,28.4,41.2,28.4
2016_08_MIN_CHI,CHI,252.0,31,20,1,158.0,29,1,252.0,31,20,1,40,289.6,1.2,95.6,0.2,289.6,1.2,21.4,26.2,40.6,26.2
2016_10_CHI_TB,CHI,182.0,29,16,1,122.0,20,0,182.0,30,16,1,41,276.6,1.0,111.6,0.4,276.6,1.0,24.4,24.2,37.0,24.2
2016_11_CHI_NYG,CHI,252.0,29,17,1,93.0,25,1,252.0,30,17,1,42,252.6,0.8,113.2,0.4,252.6,0.8,22.6,21.8,35.8,21.8
2016_12_TEN_CHI,CHI,316.0,54,28,3,95.0,22,0,316.0,54,28,3,43,223.6,0.6,106.8,0.6,223.6,0.6,23.8,18.6,33.2,18.6
2016_13_SF_CHI,CHI,192.0,18,11,0,142.0,40,3,192.0,18,11,0,44,226.4,1.2,107.4,0.4,226.4,1.2,22.8,18.2,34.2,18.2
2016_14_CHI_DET,CHI,212.0,32,20,1,92.0,17,0,212.0,32,20,1,45,238.8,1.2,122.0,1.0,238.8,1.2,27.2,18.4,32.6,18.4
2016_15_GB_CHI,CHI,362.0,43,30,2,95.0,19,1,362.0,43,30,2,46,230.8,1.2,108.8,0.8,230.8,1.2,24.8,18.4,32.8,18.4
2016_16_WAS_CHI,CHI,323.0,40,24,2,140.0,26,1,323.0,40,24,2,47,266.8,1.4,103.4,1.0,266.8,1.4,24.6,21.2,35.4,21.2
2016_17_CHI_MIN,CHI,149.0,20,13,1,183.0,37,0,149.0,20,13,1,48,281.0,1.6,112.8,1.0,281.0,1.6,24.8,22.6,37.4,22.6
2017_01_ATL_CHI,CHI,213.0,40,26,1,125.0,19,1,213.0,40,26,1,49,247.6,1.2,130.4,1.0,247.6,1.2,27.8,19.6,30.6,19.6
2017_02_CHI_TB,CHI,301.0,45,31,1,20.0,16,0,301.0,45,31,1,50,251.8,1.4,127.0,0.6,251.8,1.4,23.6,22.6,35.0,22.6
2017_03_PIT_CHI,CHI,101.0,21,15,1,222.0,38,2,101.0,22,15,1,51,269.6,1.4,112.6,0.6,269.6,1.4,23.4,24.8,37.6,24.8
2017_04_CHI_GB,CHI,218.0,33,21,1,103.0,30,1,218.0,33,21,1,52,217.4,1.2,138.0,0.8,217.4,1.2,27.2,21.8,33.4,21.8
2017_05_MIN_CHI,CHI,166.0,26,13,2,115.0,29,0,166.0,26,13,2,53,196.4,1.0,130.6,0.8,196.4,1.0,28.0,21.2,32.0,21.2
2017_06_CHI_BAL,CHI,134.0,16,9,2,231.0,54,0,134.0,17,9,2,54,199.8,1.2,117.0,0.8,199.8,1.2,26.4,21.2,33.2,21.2
2017_07_CAR_CHI,CHI,107.0,7,4,0,68.0,26,0,107.0,7,4,0,55,184.0,1.4,138.2,0.6,184.0,1.4,33.4,17.8,28.6,17.8
2017_08_CHI_NO,CHI,164.0,32,14,0,157.0,31,1,164.0,32,14,0,56,145.2,1.2,147.8,0.6,145.2,1.2,35.4,12.4,21.0,12.4
2017_10_GB_CHI,CHI,295.0,35,21,1,55.0,17,0,297.0,35,21,1,57,157.8,1.0,134.8,0.4,157.8,1.0,34.0,12.2,23.0,12.2
2017_11_DET_CHI,CHI,179.0,30,18,1,222.0,30,2,179.0,30,18,1,58,173.6,1.0,125.2,0.2,173.2,1.0,31.4,12.2,23.4,12.2
2017_12_CHI_PHI,CHI,147.0,32,17,0,6.0,14,0,147.0,33,17,0,59,176.2,0.8,146.6,0.6,175.8,0.8,31.6,13.2,24.2,13.2
2017_13_SF_CHI,CHI,102.0,15,12,1,62.0,19,0,102.0,15,12,1,60,178.8,0.4,101.6,0.6,178.4,0.4,23.6,14.8,27.4,14.8
2017_14_CHI_CIN,CHI,271.0,31,25,1,232.0,38,3,271.0,32,25,1,61,177.8,0.6,100.4,0.6,177.4,0.6,22.2,16.4,29.0,16.4
2017_15_CHI_DET,CHI,314.0,46,31,1,43.0,15,0,314.0,46,31,1,62,199.2,0.8,115.4,1.0,198.8,0.8,23.6,18.6,29.0,18.6
2017_16_CLE_CHI,CHI,193.0,23,14,0,97.0,31,3,193.0,23,14,0,63,202.6,0.8,113.0,1.0,202.6,0.8,23.2,20.6,31.2,20.6
2017_17_CHI_MIN,CHI,178.0,36,20,0,30.0,15,0,178.0,37,20,0,64,205.4,0.6,88.0,1.2,205.4,0.6,23.4,19.8,29.8,19.8
2018_01_CHI_GB,CHI,171.0,33,23,0,139.0,27,1,171.0,35,23,0,65,211.6,0.6,92.8,1.2,211.6,0.6,23.6,20.4,30.6,20.4
2018_02_SEA_CHI,CHI,200.0,34,25,2,86.0,27,0,200.0,34,25,2,66,225.4,0.4,108.2,1.4,225.4,0.4,25.2,22.6,34.6,22.6
2018_03_CHI_ARI,CHI,220.0,35,24,0,122.0,31,1,220.0,35,24,0,67,211.2,0.6,79.0,0.8,211.2,0.6,23.0,22.6,35.0,22.6
2018_04_TB_CHI,CHI,354.0,26,19,6,139.0,31,0,354.0,26,19,6,68,192.4,0.4,94.8,1.0,192.4,0.4,26.2,21.2,32.8,21.2
2018_06_CHI_MIA,CHI,316.0,30,22,3,164.0,31,1,316.0,31,22,3,69,224.6,1.6,103.2,0.4,224.6,1.6,26.2,22.2,33.4,22.2
2018_07_NE_CHI,CHI,333.0,48,26,2,134.0,25,2,333.0,50,26,2,70,252.2,2.2,130.0,0.6,252.2,2.2,29.4,22.6,32.2,22.6
2018_08_NYJ_CHI,CHI,220.0,29,16,2,179.0,34,1,220.0,29,16,2,71,284.6,2.6,129.0,0.8,284.6,2.6,29.0,23.2,35.2,23.2
2018_09_CHI_BUF,CHI,135.0,20,12,1,64.0,25,2,135.0,20,12,1,72,288.6,2.6,147.6,1.0,288.6,2.6,30.4,21.4,34.2,21.4
2018_10_DET_CHI,CHI,355.0,30,23,3,54.0,22,2,355.0,30,23,3,73,271.6,2.8,136.0,1.2,271.6,2.8,29.2,19.0,31.2,19.0
2018_11_MIN_CHI,CHI,165.0,30,20,1,148.0,39,0,165.0,31,20,1,74,271.8,2.2,119.0,1.6,271.8,2.2,27.4,19.8,32.0,19.8
2018_12_CHI_DET,CHI,238.0,38,28,2,38.0,15,0,238.0,38,28,2,75,241.6,1.8,115.8,1.4,241.6,1.8,29.0,19.4,32.0,19.4
2018_13_CHI_NYG,CHI,286.0,40,27,2,118.0,32,1,286.0,40,27,2,76,222.6,1.8,96.6,1.0,222.6,1.8,27.0,19.8,29.6,19.8
2018_14_LA_CHI,CHI,110.0,28,16,1,194.0,35,0,110.0,30,16,1,77,235.8,1.8,84.4,1.0,235.8,1.8,26.6,22.0,31.8,22.0
2018_15_GB_CHI,CHI,235.0,28,20,2,100.0,29,1,235.0,28,20,2,78,230.8,1.8,110.4,0.6,230.8,1.8,28.6,22.8,33.8,22.8
2018_16_CHI_SF,CHI,246.0,29,25,1,90.0,28,1,246.0,29,25,1,79,206.8,1.6,119.6,0.4,206.8,1.6,30.0,22.2,33.4,22.2
2018_17_CHI_MIN,CHI,163.0,26,18,0,169.0,37,3,163.0,26,18,0,80,223.0,1.6,108.0,0.6,223.0,1.6,27.8,23.2,33.0,23.2
2019_01_GB_CHI,CHI,228.0,44,26,0,46.0,15,0,228.0,45,26,0,81,208.0,1.2,134.2,1.2,208.0,1.2,32.2,21.2,30.6,21.2
2019_02_CHI_DEN,CHI,120.0,27,16,0,153.0,29,1,120.0,27,16,0,82,196.4,0.8,119.8,1.0,196.4,0.8,28.8,21.0,31.6,21.0
2019_03_CHI_WAS,CHI,231.0,31,25,3,90.0,24,0,231.0,31,25,3,83,198.4,0.6,111.6,1.2,198.4,0.6,27.6,21.0,31.0,21.0
2019_04_MIN_CHI,CHI,204.0,33,24,1,72.0,33,0,204.0,33,24,1,84,197.6,0.8,109.6,1.0,197.6,0.8,26.6,22.0,31.6,22.0
2019_05_CHI_OAK,CHI,231.0,30,22,2,42.0,17,1,231.0,30,22,2,85,189.2,0.8,106.0,0.8,189.2,0.8,27.6,21.8,32.4,21.8
2019_07_NO_CHI,CHI,251.0,51,34,2,17.0,7,0,251.0,54,34,2,86,202.8,1.2,80.6,0.4,202.8,1.2,23.6,22.6,33.2,22.6
2019_08_LAC_CHI,CHI,253.0,33,23,0,162.0,38,1,253.0,35,23,0,87,207.4,1.6,74.8,0.4,207.4,1.6,22.0,24.2,35.0,24.2
2019_09_CHI_PHI,CHI,125.0,21,10,0,62.0,18,2,125.0,21,10,0,88,234.0,1.6,76.6,0.4,234.0,1.6,23.8,25.6,36.6,25.6
2019_10_DET_CHI,CHI,173.0,23,16,3,81.0,24,0,173.0,23,16,3,89,212.8,1.0,71.0,0.8,212.8,1.0,22.6,22.6,34.6,22.6
2019_11_CHI_LA,CHI,199.0,45,25,1,74.0,24,0,199.0,47,25,1,90,206.6,1.4,72.8,0.8,206.6,1.4,20.8,21.0,32.6,21.0
2019_12_NYG_CHI,CHI,278.0,41,25,1,65.0,26,1,278.0,41,25,1,91,200.2,1.2,79.2,0.6,200.2,1.2,22.2,21.6,36.0,21.6
2019_13_CHI_DET,CHI,338.0,38,29,3,88.0,23,0,338.0,38,29,3,92,205.6,1.0,88.8,0.8,205.6,1.0,26.0,19.8,33.4,19.8
2019_14_DAL_CHI,CHI,244.0,31,23,3,151.0,34,1,244.0,31,23,3,93,222.6,1.6,74.0,0.6,222.6,1.6,23.0,21.0,34.0,21.0
2019_15_CHI_GB,CHI,334.0,50,29,1,96.0,27,0,334.0,53,29,1,94,246.4,2.2,91.8,0.4,246.4,2.2,26.2,23.6,36.0,23.6
2019_16_KC_CHI,CHI,157.0,33,18,0,101.0,22,0,157.0,34,18,0,95,278.6,1.8,94.8,0.4,278.6,1.8,26.8,26.2,42.0,26.2
2019_17_CHI_MIN,CHI,207.0,35,26,0,158.0,34,1,207.0,37,26,0,96,270.2,1.6,100.2,0.4,270.2,1.6,26.4,24.8,39.4,24.8
2020_01_CHI_DET,CHI,242.0,36,20,3,149.0,28,0,242.0,36,20,3,97,256.0,1.4,118.8,0.4,256.0,1.4,28.0,25.0,38.6,25.0
2020_02_NYG_CHI,CHI,190.0,28,18,2,135.0,32,0,190.0,28,18,2,98,236.8,1.4,131.0,0.4,236.8,1.4,29.0,23.2,38.2,23.2
2020_03_CHI_ATL,CHI,316.0,49,29,4,130.0,25,0,316.0,51,29,4,99,226.0,1.2,127.8,0.2,226.0,1.2,28.6,22.2,37.6,22.2
2020_04_IND_CHI,CHI,249.0,42,26,1,28.0,16,0,249.0,42,26,1,100,222.4,1.8,134.6,0.2,222.4,1.8,28.2,22.2,37.2,22.2
2020_05_TB_CHI,CHI,243.0,42,30,1,35.0,14,1,243.0,42,30,1,101,240.8,2.0,120.0,0.2,240.8,2.0,27.0,23.8,38.8,23.8
2020_06_CHI_CAR,CHI,198.0,36,23,1,63.0,25,1,198.0,39,23,1,102,248.0,2.2,95.4,0.2,248.0,2.2,23.0,24.6,39.8,24.6
2020_07_CHI_LA,CHI,261.0,38,28,0,49.0,17,0,261.0,40,28,0,103,239.2,1.8,78.2,0.4,239.2,1.8,22.4,25.2,40.4,25.2
2020_08_NO_CHI,CHI,272.0,41,28,2,96.0,23,0,272.0,41,28,2,104,253.4,1.4,61.0,0.4,253.4,1.4,19.4,27.2,42.8,27.2
2020_09_CHI_TEN,CHI,335.0,47,36,2,56.0,20,0,335.0,52,36,2,105,244.6,1.0,54.2,0.4,244.6,1.0,19.0,27.0,40.8,27.0
2020_10_MIN_CHI,CHI,124.0,29,16,0,41.0,17,0,124.0,31,16,0,106,261.8,1.2,59.8,0.4,261.8,1.2,19.8,29.0,42.8,29.0
2020_12_CHI_GB,CHI,242.0,44,26,3,121.0,16,0,242.0,46,26,3,107,238.0,1.0,61.0,0.2,238.0,1.0,20.4,26.2,40.6,26.2
2020_13_DET_CHI,CHI,267.0,33,26,1,140.0,31,3,267.0,34,26,1,108,246.8,1.4,72.6,0.0,246.8,1.4,18.6,26.8,42.0,26.8
2020_14_HOU_CHI,CHI,267.0,33,24,3,169.0,23,1,267.0,33,24,3,109,248.0,1.6,90.8,0.6,248.0,1.6,21.4,26.4,40.8,26.4
2020_15_CHI_MIN,CHI,202.0,21,15,1,199.0,42,2,202.0,21,15,1,110,247.0,1.8,105.4,0.8,247.0,1.8,21.4,25.6,39.2,25.6
2020_16_CHI_JAX,CHI,265.0,36,24,2,128.0,33,3,265.0,36,24,2,111,220.4,1.6,134.0,1.2,220.4,1.6,25.8,21.4,33.0,21.4
2020_17_GB_CHI,CHI,252.0,41,33,0,108.0,31,1,252.0,42,33,0,112,248.6,2.0,151.4,1.8,248.6,2.0,29.0,23.0,34.0,23.0
2021_01_CHI_LA,CHI,216.0,40,29,0,134.0,26,2,216.0,40,29,0,113,250.6,1.4,148.8,2.0,250.6,1.4,32.0,24.4,33.2,24.4
2021_02_CIN_CHI,CHI,116.0,23,15,1,123.0,34,0,116.0,24,15,1,114,240.4,1.2,147.6,1.8,240.4,1.2,31.0,25.0,34.4,25.0
2021_03_CHI_CLE,CHI,68.0,20,6,0,46.0,13,0,68.0,20,6,0,115,210.2,0.8,138.4,1.6,210.2,0.8,33.2,23.2,32.6,23.2
2021_04_DET_CHI,CHI,209.0,17,11,0,188.0,39,3,209.0,17,11,0,116,183.4,0.6,107.8,1.2,183.4,0.6,27.4,21.4,32.4,21.4
2021_05_CHI_LV,CHI,119.0,20,13,1,143.0,37,1,119.0,21,13,1,117,172.2,0.2,119.8,1.2,172.2,0.2,28.6,18.8,28.6,18.8
2021_06_GB_CHI,CHI,174.0,25,16,1,140.0,26,1,174.0,27,16,1,118,145.6,0.4,126.8,1.2,145.6,0.4,29.8,14.8,24.4,14.8
2021_07_CHI_TB,CHI,184.0,31,22,0,143.0,29,0,184.0,32,22,0,119,137.2,0.6,128.0,1.0,137.2,0.6,29.8,12.2,21.8,12.2
2021_08_SF_CHI,CHI,175.0,27,19,1,176.0,36,1,175.0,27,19,1,120,150.8,0.4,132.0,1.0,150.8,0.4,28.8,13.6,23.4,13.6
2021_09_CHI_PIT,CHI,291.0,29,17,1,136.0,26,1,291.0,29,17,1,121,172.2,0.6,158.0,1.2,172.2,0.6,33.4,16.2,24.8,16.2
2021_11_BAL_CHI,CHI,280.0,33,15,2,92.0,20,0,280.0,34,15,2,122,188.6,0.8,147.6,0.8,188.6,0.8,30.8,17.4,27.2,17.4
2021_12_CHI_DET,CHI,317.0,37,24,1,68.0,29,0,317.0,39,24,1,123,220.8,1.0,137.4,0.6,220.8,1.0,27.4,17.8,29.8,17.8
2021_13_ARI_CHI,CHI,229.0,40,26,2,112.0,27,1,229.0,41,26,2,124,249.4,1.0,123.0,0.4,249.4,1.0,28.0,19.4,32.2,19.4
2021_14_CHI_GB,CHI,224.0,32,18,2,137.0,23,0,224.0,33,18,2,125,258.4,1.4,116.8,0.6,258.4,1.4,27.6,20.2,34.0,20.2
2021_15_MIN_CHI,CHI,285.0,36,26,1,115.0,28,0,285.0,39,26,1,126,268.2,1.6,109.0,0.4,268.2,1.6,25.0,20.0,35.2,20.0
2021_16_CHI_SEA,CHI,250.0,35,24,1,88.0,30,2,250.0,35,24,1,127,267.0,1.6,104.8,0.2,267.0,1.6,25.4,21.8,37.2,21.8
2021_17_NYG_CHI,CHI,173.0,33,18,1,87.0,27,2,173.0,36,18,1,128,261.0,1.4,104.0,0.6,261.0,1.4,27.4,23.6,37.4,23.6
2021_18_CHI_MIN,CHI,325.0,46,33,1,90.0,25,0,325.0,48,33,1,129,232.2,1.4,107.8,1.0,232.2,1.4,27.0,22.4,36.8,22.4
2022_01_SF_CHI,CHI,121.0,17,8,2,99.0,37,1,121.0,17,8,2,130,251.4,1.2,103.4,0.8,251.4,1.2,26.6,23.8,38.2,23.8
2022_02_CHI_GB,CHI,70.0,11,7,0,180.0,27,1,70.0,11,7,0,131,230.8,1.2,95.8,1.0,230.8,1.2,29.4,21.8,35.0,21.8
2022_03_HOU_CHI,CHI,106.0,16,8,0,281.0,40,2,106.0,17,8,0,132,187.8,1.0,108.8,1.2,187.8,1.0,29.2,18.0,29.4,18.0
2022_04_CHI_NYG,CHI,174.0,20,11,0,149.0,32,0,174.0,22,11,0,133,159.0,0.8,147.4,1.2,159.0,0.8,31.2,14.8,25.8,14.8
2022_05_CHI_MIN,CHI,208.0,21,15,1,78.0,24,1,208.0,21,15,1,134,159.2,0.6,159.8,0.8,159.2,0.6,32.2,13.4,23.0,13.4
2022_06_WAS_CHI,CHI,190.0,26,14,1,237.0,37,0,190.0,27,14,1,135,135.8,0.6,157.4,1.0,135.8,0.6,32.0,9.8,17.6,9.8
2022_07_CHI_NE,CHI,179.0,21,13,1,243.0,45,2,179.0,21,13,1,136,149.6,0.4,185.0,0.8,149.6,0.4,32.0,11.0,19.6,11.0
2022_08_CHI_DAL,CHI,156.0,23,18,2,240.0,43,2,156.0,24,18,2,137,171.4,0.6,197.6,1.0,171.4,0.6,35.6,12.2,21.6,12.2
2022_09_MIA_CHI,CHI,123.0,27,17,3,252.0,40,1,123.0,28,17,3,138,181.4,1.0,189.4,1.0,181.4,1.0,36.2,14.2,23.0,14.2
2022_10_DET_CHI,CHI,167.0,18,12,2,258.0,35,2,167.0,20,12,2,139,171.2,1.6,210.0,1.2,171.2,1.6,37.8,15.4,24.2,15.4
2022_11_CHI_ATL,CHI,153.0,19,14,1,160.0,41,2,153.0,21,14,1,140,163.0,1.8,246.0,1.4,163.0,1.8,40.0,14.8,24.0,14.8
2022_12_CHI_NYJ,CHI,179.0,24,14,1,127.0,29,0,179.0,25,14,1,141,155.6,1.8,230.6,1.8,155.6,1.8,40.8,14.8,22.8,14.8
2022_13_GB_CHI,CHI,254.0,25,20,0,155.0,25,2,254.0,25,20,0,142,155.6,1.8,207.4,1.4,155.6,1.8,37.6,15.0,23.6,15.0
2022_15_PHI_CHI,CHI,152.0,21,14,2,157.0,30,1,152.0,22,14,2,143,175.2,1.4,190.4,1.4,175.2,1.4,34.0,15.4,23.8,15.4
2022_16_BUF_CHI,CHI,144.0,25,18,1,80.0,29,0,144.0,28,18,1,144,181.0,1.2,171.4,1.4,181.0,1.2,32.0,14.8,22.6,14.8
2022_17_CHI_DET,CHI,75.0,18,7,1,200.0,22,0,75.0,21,7,1,145,176.4,1.0,135.8,1.0,176.4,1.0,30.8,16.0,24.2,16.0
2022_18_MIN_CHI,CHI,147.0,27,13,1,118.0,22,1,147.0,27,13,1,146,160.8,1.0,143.8,0.6,160.8,1.0,27.0,14.6,24.2,14.6
2023_01_GB_CHI,CHI,216.0,36,24,1,122.0,29,1,216.0,37,24,1,147,154.4,1.0,142.0,0.8,154.4,1.0,25.6,14.4,24.6,14.4
2023_02_CHI_TB,CHI,211.0,28,16,1,67.0,16,1,211.0,29,16,1,148,146.8,1.2,135.4,0.6,146.8,1.2,26.4,15.2,27.0,15.2
2023_03_CHI_KC,CHI,99.0,20,11,1,116.0,26,0,99.0,22,11,1,149,158.6,1.0,117.4,0.6,158.6,1.0,23.6,15.6,28.4,15.6
2023_04_DEN_CHI,CHI,335.0,32,28,4,171.0,31,0,335.0,35,28,4,150,149.6,1.0,124.6,0.6,149.6,1.0,23.0,14.2,27.2,14.2
2023_05_CHI_WAS,CHI,282.0,25,15,4,178.0,32,0,282.0,29,15,4,151,201.6,1.6,118.8,0.6,201.6,1.6,24.8,18.4,30.0,18.4
2023_06_MIN_CHI,CHI,141.0,24,16,0,162.0,36,1,141.0,24,16,0,152,228.6,2.2,130.8,0.4,228.6,2.2,26.8,18.8,30.4,18.8
2023_07_LV_CHI,CHI,162.0,29,21,1,173.0,38,2,162.0,29,21,1,153,213.6,2.0,138.8,0.4,213.6,2.0,28.2,17.2,27.8,17.2
2023_08_CHI_LAC,CHI,232.0,37,25,0,73.0,25,2,232.0,37,25,0,154,203.8,2.0,160.0,0.6,203.8,2.0,32.6,18.2,27.8,18.2
2023_09_CHI_NO,CHI,220.0,26,18,2,156.0,32,0,220.0,30,18,2,155,230.4,1.8,151.4,1.0,230.4,1.8,32.4,21.0,30.8,21.0
2023_10_CAR_CHI,CHI,162.0,32,20,0,133.0,37,1,162.0,33,20,0,156,207.4,1.4,148.4,1.0,207.4,1.4,32.6,19.0,29.8,19.0
2023_11_CHI_DET,CHI,169.0,22,16,1,183.0,46,1,169.0,23,16,1,157,183.4,0.6,139.4,1.2,183.4,0.6,33.6,20.0,30.6,20.0
2023_12_CHI_MIN,CHI,217.0,32,27,0,118.0,28,0,217.0,37,27,0,158,189.0,0.8,143.6,1.2,189.0,0.8,35.6,20.0,30.4,20.0
2023_14_DET_CHI,CHI,223.0,30,19,1,142.0,30,2,223.0,33,19,1,159,200.0,0.6,132.6,0.8,200.0,0.6,33.6,21.2,32.0,21.2
2023_15_CHI_CLE,CHI,166.0,35,19,1,88.0,27,0,166.0,40,19,1,160,198.2,0.8,146.4,0.8,198.2,0.8,34.6,20.0,31.2,20.0
2023_16_ARI_CHI,CHI,170.0,23,15,1,250.0,39,2,170.0,27,15,1,161,187.4,0.6,132.8,0.8,187.4,0.6,33.6,20.2,33.2,20.2
2023_17_ATL_CHI,CHI,268.0,30,20,1,192.0,37,3,268.0,32,20,1,162,189.0,0.8,156.2,1.0,189.0,0.8,34.0,19.2,32.0,19.2
2023_18_CHI_GB,CHI,148.0,16,11,0,75.0,25,0,148.0,16,11,0,163,208.8,0.8,158.0,1.4,208.8,0.8,32.2,20.0,33.8,20.0
2024_01_TEN_CHI,CHI,93.0,29,14,0,84.0,22,0,93.0,29,14,0,164,195.0,0.8,149.4,1.4,195.0,0.8,31.6,16.8,29.6,16.8
2024_02_CHI_HOU,CHI,174.0,34,23,0,71.0,22,1,174.0,37,23,0,165,169.0,0.6,137.8,1.0,169.0,0.6,30.0,15.8,28.8,15.8
2024_03_CHI_IND,CHI,363.0,48,33,2,63.0,28,0,363.0,52,33,2,166,170.6,0.4,134.4,1.2,170.6,0.4,29.0,16.6,28.2,16.6
2024_04_LA_CHI,CHI,157.0,22,17,1,131.0,28,2,157.0,23,17,1,167,209.2,0.6,97.0,0.8,209.2,0.6,26.8,20.2,33.2,20.2
2024_05_CAR_CHI,CHI,304.0,28,20,2,128.0,39,3,304.0,29,20,2,168,187.0,0.6,84.8,0.6,187.0,0.6,25.0,19.6,31.4,19.6
2024_06_JAX_CHI,CHI,226.0,26,23,4,152.0,29,1,226.0,29,23,4,169,218.2,1.0,95.4,1.2,218.2,1.0,27.8,21.4,34.0,21.4
2024_08_CHI_WAS,CHI,131.0,21,10,0,202.0,33,2,131.0,24,10,0,170,244.8,1.8,109.0,1.4,244.8,1.8,29.2,23.2,34.0,23.2
2024_09_CHI_ARI,CHI,217.0,36,22,0,69.0,23,0,217.0,41,22,0,171,236.2,1.8,135.2,1.6,236.2,1.8,31.4,20.6,31.4,20.6
2024_10_NE_CHI,CHI,120.0,26,16,0,73.0,20,0,120.0,30,16,0,172,207.0,1.4,136.4,1.6,207.0,1.4,30.4,18.4,29.2,18.4
2024_11_GB_CHI,CHI,231.0,31,23,0,179.0,34,2,231.0,31,23,0,173,199.6,1.2,124.8,1.2,199.6,1.2,28.8,18.2,30.6,18.2
2024_12_MIN_CHI,CHI,340.0,47,32,2,78.0,22,1,340.0,48,32,2,174,185.0,0.8,135.0,1.0,185.0,0.8,27.8,18.8,31.0,18.8
2024_13_CHI_DET,CHI,256.0,36,20,3,78.0,15,0,256.0,39,20,3,175,207.8,0.4,120.2,1.0,207.8,0.4,26.4,20.6,34.8,20.6
2024_14_CHI_SF,CHI,140.0,24,18,2,68.0,21,0,140.0,24,18,2,176,232.8,1.0,95.4,0.6,232.8,1.0,22.8,22.6,37.8,22.6
2024_15_CHI_MIN,CHI,196.0,31,19,1,113.0,29,0,196.0,32,19,1,177,217.4,1.4,95.2,0.6,217.4,1.4,22.4,21.8,34.4,21.8
2024_16_DET_CHI,CHI,334.0,37,26,2,59.0,17,0,334.0,40,26,2,178,232.6,1.6,103.2,0.6,232.6,1.6,24.2,22.4,34.8,22.4
2024_17_SEA_CHI,CHI,122.0,26,16,0,103.0,23,0,122.0,28,16,0,179,253.2,2.0,79.2,0.2,253.2,2.0,20.8,23.0,36.6,23.0
2024_18_CHI_GB,CHI,148.0,24,21,1,83.0,26,1,148.0,30,21,1,180,209.6,1.6,84.2,0.0,209.6,1.6,21.0,19.8,32.6,19.8
2014_01_CIN_BAL,CIN,301.0,38,25,1,79.0,26,0,301.0,38,25,1,1,,,,,,,,,,
2014_02_ATL_CIN,CIN,302.0,23,16,1,170.0,45,2,302.0,24,16,1,2,301.0,1.0,79.0,0.0,301.0,1.0,26.0,25.0,38.0,25.0
2014_03_TEN_CIN,CIN,184.0,26,17,1,116.0,31,3,184.0,26,17,1,3,301.5,1.0,124.5,1.0,301.5,1.0,35.5,20.5,31.0,20.5
2014_05_CIN_NE,CIN,249.0,29,18,2,79.0,18,0,249.0,29,18,2,4,262.3333333333333,1.0,121.66666666666667,1.6666666666666667,262.3333333333333,1.0,34.0,19.333333333333332,29.333333333333332,19.333333333333332
2014_06_CAR_CIN,CIN,323.0,41,33,2,193.0,31,2,323.0,43,33,2,5,259.0,1.25,111.0,1.25,259.0,1.25,30.0,19.0,29.25,19.0
2014_07_CIN_IND,CIN,126.0,36,18,0,32.0,12,0,126.0,38,18,0,6,271.8,1.4,127.4,1.4,271.8,1.4,30.2,21.8,32.0,21.8
2014_08_BAL_CIN,CIN,266.0,27,21,0,111.0,34,3,266.0,28,21,0,7,236.8,1.2,118.0,1.4,236.8,1.2,27.4,20.4,32.0,20.4
2014_09_JAX_CIN,CIN,233.0,31,19,2,191.0,34,2,233.0,31,19,2,8,229.6,1.0,106.2,1.6,229.6,1.0,25.2,21.4,32.8,21.4
2014_10_CLE_CIN,CIN,93.0,37,13,0,86.0,22,0,93.0,39,13,0,9,239.4,1.2,121.2,1.4,239.4,1.2,25.8,21.8,33.8,21.8
2014_11_CIN_NO,CIN,220.0,22,16,3,186.0,36,0,220.0,22,16,3,10,208.2,0.8,122.6,1.4,208.2,0.8,26.6,20.8,35.8,20.8
2014_12_CIN_HOU,CIN,233.0,35,24,1,139.0,43,1,233.0,35,24,1,11,187.6,1.0,121.2,1.0,187.6,1.0,27.6,17.4,31.6,17.4
2014_13_CIN_TB,CIN,187.0,27,20,1,112.0,28,1,187.0,28,20,1,12,209.0,1.2,142.6,1.2,209.0,1.2,33.8,18.6,31.0,18.6
2014_14_PIT_CIN,CIN,327.0,35,25,2,86.0,21,1,327.0,35,25,2,13,193.2,1.4,142.8,0.8,193.2,1.4,32.6,18.4,31.0,18.4
2014_15_CIN_CLE,CIN,117.0,24,14,0,244.0,45,3,117.0,24,14,0,14,212.0,1.4,121.8,0.6,212.0,1.4,30.0,19.6,31.8,19.6
2014_16_DEN_CIN,CIN,146.0,24,17,2,207.0,37,1,146.0,25,17,2,15,216.8,1.4,153.4,1.2,216.8,1.4,34.6,19.8,28.8,19.8
2014_17_CIN_PIT,CIN,244.0,38,27,2,116.0,29,0,244.0,38,27,2,16,202.0,1.2,157.6,1.4,202.0,1.2,34.8,20.0,29.4,20.0
2015_01_CIN_OAK,CIN,269.0,34,25,2,127.0,31,2,269.0,34,25,2,17,204.2,1.4,153.0,1.2,204.2,1.4,32.0,20.6,30.0,20.6
2015_02_SD_CIN,CIN,214.0,24,16,3,175.0,36,0,214.0,26,16,3,18,220.6,1.6,156.0,1.4,220.6,1.6,32.6,21.6,31.2,21.6
2015_03_CIN_BAL,CIN,383.0,32,20,3,86.0,31,1,383.0,32,20,3,19,198.0,1.8,173.8,1.2,198.0,1.8,35.6,19.8,29.4,19.8
2015_04_KC_CIN,CIN,321.0,24,17,1,124.0,26,4,321.0,24,17,1,20,251.2,2.4,142.2,0.8,251.2,2.4,32.8,21.0,31.0,21.0
2015_05_SEA_CIN,CIN,331.0,43,30,2,109.0,31,1,331.0,44,30,2,21,286.2,2.2,125.6,1.4,286.2,2.2,30.6,21.0,30.8,21.0
2015_06_CIN_BUF,CIN,243.0,33,22,3,112.0,28,1,243.0,33,22,3,22,303.6,2.2,124.2,1.6,303.6,2.2,31.0,21.6,32.0,21.6
2015_08_CIN_PIT,CIN,231.0,38,23,1,78.0,23,0,231.0,38,23,1,23,298.4,2.4,121.2,1.4,298.4,2.4,30.4,21.0,31.8,21.0
2015_09_CLE_CIN,CIN,234.0,25,21,3,152.0,37,1,234.0,27,21,3,24,301.8,2.0,101.8,1.4,301.8,2.0,27.8,22.4,34.2,22.4
2015_10_HOU_CIN,CIN,197.0,38,22,0,74.0,20,0,197.0,38,22,0,25,272.0,2.0,115.0,1.4,272.0,2.0,29.0,22.6,33.2,22.6
2015_11_CIN_ARI,CIN,315.0,39,22,2,99.0,28,2,315.0,39,22,2,26,247.2,1.8,105.0,0.6,247.2,1.8,27.8,23.6,36.0,23.6
2015_12_STL_CIN,CIN,236.0,28,21,3,140.0,31,0,236.0,28,21,3,27,244.0,1.8,103.0,0.8,244.0,1.8,27.2,22.0,35.0,22.0
2015_13_CIN_CLE,CIN,239.0,22,16,2,144.0,33,2,239.0,22,16,2,28,242.6,1.8,108.6,0.6,242.6,1.8,27.8,21.8,34.0,21.8
2015_14_PIT_CIN,CIN,339.0,36,25,2,64.0,16,0,339.0,37,25,2,29,244.2,2.0,121.8,1.0,244.2,2.0,29.8,20.4,30.8,20.4
2015_15_CIN_SF,CIN,192.0,21,15,1,68.0,36,2,192.0,21,15,1,30,265.2,1.8,104.2,0.8,265.2,1.8,25.6,21.2,32.8,21.2
2015_16_CIN_DEN,CIN,200.0,34,22,1,108.0,33,1,200.0,35,22,1,31,264.2,2.0,103.0,1.2,264.2,2.0,28.8,19.8,29.4,19.8
2015_17_BAL_CIN,CIN,160.0,24,17,2,145.0,27,1,160.0,27,17,2,32,241.2,1.8,104.8,1.0,241.2,1.8,29.8,19.8,28.6,19.8
2016_01_CIN_NYJ,CIN,366.0,30,23,1,57.0,19,1,366.0,30,23,1,33,226.0,1.6,105.8,1.2,226.0,1.6,29.0,19.0,28.4,19.0
2016_02_CIN_PIT,CIN,366.0,54,31,1,46.0,18,0,366.0,54,31,1,34,251.4,1.4,88.4,1.0,251.4,1.4,26.2,20.4,30.0,20.4
2016_03_DEN_CIN,CIN,206.0,28,21,0,143.0,29,2,206.0,31,21,0,35,256.8,1.2,84.8,1.0,256.8,1.2,26.6,21.6,33.4,21.6
2016_04_MIA_CIN,CIN,296.0,31,22,1,77.0,37,0,296.0,31,22,1,36,259.6,1.0,99.8,1.0,259.6,1.0,25.2,22.8,35.4,22.8
2016_05_CIN_DAL,CIN,269.0,39,29,2,96.0,19,0,269.0,41,29,2,37,278.8,1.0,93.6,0.8,278.8,1.0,26.0,22.8,34.6,22.8
2016_06_CIN_NE,CIN,254.0,31,21,1,120.0,32,1,254.0,31,21,1,38,300.6,1.0,83.8,0.6,300.6,1.0,24.4,25.2,37.4,25.2
2016_07_CLE_CIN,CIN,308.0,26,19,2,271.0,30,2,308.0,28,19,2,39,278.2,1.0,96.4,0.6,278.2,1.0,27.0,24.8,37.6,24.8
2016_08_WAS_CIN,CIN,284.0,42,27,1,152.0,36,3,284.0,42,27,1,40,266.6,1.2,141.4,1.0,266.6,1.2,29.4,22.4,32.4,22.4
2016_10_CIN_NYG,CIN,204.0,28,16,1,78.0,23,1,204.0,29,16,1,41,282.2,1.4,143.2,1.2,282.2,1.4,30.8,23.6,34.6,23.6
2016_11_BUF_CIN,CIN,207.0,40,24,1,93.0,27,1,207.0,43,24,1,42,263.8,1.4,143.4,1.4,263.8,1.4,28.0,22.4,34.2,22.4
2016_12_CIN_BAL,CIN,283.0,47,26,1,64.0,20,0,283.0,48,26,1,43,251.4,1.2,142.8,1.6,251.4,1.2,29.6,21.4,34.6,21.4
2016_13_PHI_CIN,CIN,332.0,29,23,2,80.0,33,1,332.0,31,23,2,44,257.2,1.2,131.6,1.4,257.2,1.2,27.2,22.4,38.0,22.4
2016_14_CIN_CLE,CIN,180.0,28,20,2,213.0,38,1,180.0,28,20,2,45,262.0,1.2,93.4,1.2,262.0,1.2,27.8,23.2,38.6,23.2
2016_15_PIT_CIN,CIN,157.0,23,16,0,76.0,28,2,157.0,27,16,0,46,241.2,1.4,105.6,0.8,241.2,1.4,28.2,21.8,35.8,21.8
2016_16_CIN_HOU,CIN,268.0,41,28,1,50.0,19,0,268.0,41,28,1,47,231.8,1.2,105.2,1.0,231.8,1.2,29.2,21.8,35.4,21.8
2016_17_BAL_CIN,CIN,226.0,25,18,1,153.0,38,2,226.0,28,18,1,48,244.0,1.2,96.6,0.8,244.0,1.2,27.6,22.6,35.0,22.6
2017_01_BAL_CIN,CIN,170.0,29,16,0,77.0,22,0,170.0,31,16,0,49,232.6,1.2,114.4,1.2,232.6,1.2,31.2,21.0,31.0,21.0
2017_02_HOU_CIN,CIN,216.0,31,20,0,82.0,24,0,224.0,35,20,0,50,200.2,0.8,113.8,1.0,200.2,0.8,29.0,19.6,31.0,19.6
2017_03_CIN_GB,CIN,212.0,26,21,2,110.0,30,0,212.0,27,21,2,51,209.0,0.4,87.6,0.8,207.4,0.4,26.2,19.6,32.4,19.6
2017_04_CIN_CLE,CIN,286.0,30,25,4,86.0,30,0,286.0,30,25,4,52,220.0,0.8,94.4,0.4,218.4,0.8,26.6,20.6,32.4,20.6
2017_05_BUF_CIN,CIN,328.0,34,22,1,65.0,27,1,328.0,36,22,1,53,223.6,1.4,101.6,0.4,222.0,1.4,28.8,20.0,30.2,20.0
2017_07_CIN_PIT,CIN,140.0,29,17,2,71.0,17,0,140.0,30,17,2,54,244.0,1.4,84.0,0.2,242.4,1.4,26.6,20.8,31.8,20.8
2017_08_IND_CIN,CIN,243.0,28,17,2,58.0,21,0,243.0,29,17,2,55,238.0,1.8,82.8,0.2,236.4,1.8,25.6,21.0,31.6,21.0
2017_09_CIN_JAX,CIN,136.0,17,10,0,29.0,17,1,136.0,18,10,0,56,241.8,2.2,78.0,0.2,241.8,2.2,25.0,20.4,30.4,20.4
2017_10_CIN_TEN,CIN,265.0,34,20,2,53.0,14,1,265.0,35,20,2,57,226.6,1.8,61.8,0.4,226.6,1.8,22.4,18.2,28.6,18.2
2017_11_CIN_DEN,CIN,154.0,24,15,3,49.0,26,0,154.0,25,15,3,58,222.4,1.4,55.2,0.6,222.4,1.4,19.2,17.2,29.6,17.2
2017_12_CLE_CIN,CIN,214.0,26,18,2,152.0,30,1,214.0,28,18,2,59,187.6,1.8,52.0,0.4,187.6,1.8,19.0,15.8,27.4,15.8
2017_13_PIT_CIN,CIN,234.0,35,21,2,130.0,22,0,234.0,36,21,2,60,202.4,1.8,68.2,0.6,202.4,1.8,21.6,16.0,27.0,16.0
2017_14_CHI_CIN,CIN,188.0,36,18,1,70.0,13,0,188.0,37,18,1,61,200.6,1.8,82.6,0.6,200.6,1.8,21.8,16.8,28.4,16.8
2017_15_CIN_MIN,CIN,132.0,28,14,0,46.0,20,1,132.0,28,14,0,62,211.0,2.0,90.8,0.4,211.0,2.0,21.0,18.4,32.2,18.4
2017_16_DET_CIN,CIN,238.0,40,27,1,142.0,34,1,238.0,41,27,1,63,184.4,1.6,89.4,0.4,184.4,1.6,22.2,17.2,30.8,17.2
2017_17_CIN_BAL,CIN,222.0,41,23,3,146.0,30,0,222.0,44,23,3,64,201.2,1.2,108.0,0.6,201.2,1.2,23.8,19.6,34.0,19.6
2018_01_CIN_IND,CIN,243.0,28,21,2,101.0,20,1,243.0,28,21,2,65,202.8,1.4,106.8,0.4,202.8,1.4,23.8,20.6,37.2,20.6
2018_02_BAL_CIN,CIN,265.0,41,24,4,108.0,28,0,265.0,42,24,4,66,204.6,1.4,101.0,0.6,204.6,1.4,23.4,20.6,35.6,20.6
2018_03_CIN_CAR,CIN,352.0,45,29,2,66.0,13,1,352.0,46,29,2,67,220.0,2.0,108.6,0.6,220.0,2.0,26.4,21.8,36.6,21.8
2018_04_CIN_ATL,CIN,337.0,41,29,3,99.0,23,2,337.0,41,29,3,68,264.0,2.4,112.6,0.6,264.0,2.4,25.0,24.8,40.2,24.8
2018_05_MIA_CIN,CIN,248.0,30,20,1,103.0,26,0,248.0,30,20,1,69,283.8,2.8,104.0,0.8,283.8,2.8,22.8,25.2,40.2,25.2
2018_06_PIT_CIN,CIN,229.0,41,26,2,62.0,13,1,229.0,42,26,2,70,289.0,2.4,95.4,0.8,289.0,2.4,22.0,24.6,37.4,24.6
2018_07_CIN_KC,CIN,187.0,32,19,1,65.0,19,0,187.0,33,19,1,71,286.2,2.4,87.6,0.8,286.2,2.4,20.6,25.6,40.2,25.6
2018_08_TB_CIN,CIN,280.0,32,21,2,138.0,27,2,280.0,34,21,2,72,270.6,1.8,79.0,0.8,270.6,1.8,18.8,24.6,38.4,24.6
2018_10_NO_CIN,CIN,198.0,22,14,1,110.0,16,1,198.0,23,14,1,73,256.2,1.8,93.4,1.0,256.2,1.8,21.6,23.0,36.0,23.0
2018_11_CIN_BAL,CIN,211.0,36,19,2,48.0,16,1,211.0,37,19,2,74,228.4,1.4,95.6,0.8,228.4,1.4,20.2,20.0,32.4,20.0
2018_12_CLE_CIN,CIN,255.0,45,27,2,129.0,20,1,255.0,46,27,2,75,221.0,1.6,84.6,1.0,221.0,1.6,18.2,19.8,33.8,19.8
2018_13_DEN_CIN,CIN,236.0,36,25,1,111.0,23,0,236.0,37,25,1,76,226.2,1.6,98.0,1.0,226.2,1.6,19.6,20.0,34.6,20.0
2018_14_CIN_LAC,CIN,170.0,25,18,1,144.0,32,1,170.0,27,18,1,77,236.0,1.6,107.2,1.0,236.0,1.6,20.4,21.2,35.4,21.2
2018_15_OAK_CIN,CIN,130.0,33,14,1,171.0,41,2,130.0,33,14,1,78,214.0,1.4,108.4,0.8,214.0,1.4,21.4,20.6,34.0,20.6
2018_16_CIN_CLE,CIN,133.0,19,13,2,102.0,24,0,133.0,19,13,2,79,200.4,1.4,120.6,1.0,200.4,1.4,26.4,20.6,36.0,20.6
2018_17_CIN_PIT,CIN,95.0,23,12,0,125.0,18,0,95.0,24,12,0,80,184.8,1.4,131.4,0.8,184.8,1.4,28.0,19.4,32.4,19.4
2019_01_CIN_SEA,CIN,418.0,49,35,2,34.0,14,0,418.0,51,35,2,81,152.8,1.0,130.6,0.6,152.8,1.0,27.6,16.4,28.0,16.4
2019_02_SF_CIN,CIN,311.0,42,26,2,25.0,19,0,311.0,42,26,2,82,189.2,1.2,115.2,0.6,189.2,1.2,25.8,18.4,30.8,18.4
2019_03_CIN_BUF,CIN,250.0,34,20,1,66.0,19,1,250.0,36,20,1,83,217.4,1.4,91.4,0.4,217.4,1.4,23.2,20.0,33.8,20.0
2019_04_CIN_PIT,CIN,171.0,36,21,0,73.0,19,0,171.0,37,21,0,84,241.4,1.4,70.4,0.2,241.4,1.4,18.8,21.2,34.4,21.2
2019_05_ARI_CIN,CIN,262.0,37,27,2,108.0,23,0,262.0,38,27,2,85,249.0,1.0,64.6,0.2,249.0,1.0,17.8,22.8,38.0,22.8
2019_06_CIN_BAL,CIN,235.0,37,21,0,33.0,14,1,235.0,39,21,0,86,282.4,1.4,61.2,0.2,282.4,1.4,18.8,25.8,40.8,25.8
2019_07_JAX_CIN,CIN,276.0,42,22,1,33.0,20,1,276.0,43,22,1,87,245.8,1.0,61.0,0.4,245.8,1.0,18.8,23.0,38.4,23.0
2019_08_CIN_LA,CIN,329.0,48,32,1,104.0,22,0,329.0,52,32,1,88,238.8,0.8,62.6,0.6,238.8,0.8,19.0,22.2,38.6,22.2
2019_10_BAL_CIN,CIN,167.0,29,16,1,157.0,40,0,167.0,30,16,1,89,254.6,0.8,70.2,0.4,254.6,0.8,19.6,24.6,41.8,24.6
2019_11_CIN_OAK,CIN,115.0,30,13,0,173.0,22,1,115.0,31,13,0,90,253.8,1.0,87.0,0.4,253.8,1.0,23.8,23.6,40.4,23.6
2019_12_PIT_CIN,CIN,192.0,25,12,1,86.0,21,0,192.0,26,12,1,91,224.4,0.6,100.0,0.6,224.4,0.6,23.6,20.8,39.0,20.8
2019_13_NYJ_CIN,CIN,243.0,36,22,1,44.0,25,1,243.0,37,22,1,92,215.8,0.8,110.6,0.4,215.8,0.8,25.0,19.0,36.4,19.0
2019_14_CIN_CLE,CIN,288.0,34,23,0,179.0,31,1,288.0,39,23,0,93,209.2,0.8,112.8,0.4,209.2,0.8,26.0,19.0,35.2,19.0
2019_15_NE_CIN,CIN,151.0,29,17,1,164.0,32,0,151.0,31,17,1,94,201.0,0.6,127.8,0.6,201.0,0.6,27.8,17.2,32.6,17.2
2019_16_CIN_MIA,CIN,396.0,54,33,4,59.0,25,0,396.0,56,33,4,95,197.8,0.6,129.2,0.6,197.8,0.6,26.2,17.4,32.8,17.4
2019_17_CLE_CIN,CIN,190.0,27,16,1,179.0,39,3,190.0,28,16,1,96,254.0,1.4,106.4,0.4,254.0,1.4,26.8,21.4,37.8,21.4
2020_01_LAC_CIN,CIN,193.0,35,23,0,122.0,28,1,193.0,36,23,0,97,253.6,1.4,125.0,1.0,253.6,1.4,30.4,22.2,38.2,22.2
2020_02_CIN_CLE,CIN,316.0,59,37,3,68.0,24,0,316.0,61,37,3,98,243.6,1.2,140.6,1.0,243.6,1.2,31.0,22.4,38.0,22.4
2020_03_CIN_PHI,CIN,312.0,42,31,2,48.0,18,0,312.0,44,31,2,99,249.2,1.8,118.4,0.8,249.2,1.8,29.6,25.2,42.4,25.2
2020_04_JAX_CIN,CIN,300.0,35,25,1,205.0,34,2,300.0,36,25,1,100,281.4,2.0,95.2,0.8,281.4,2.0,26.8,28.0,45.0,28.0
2020_05_CIN_BAL,CIN,183.0,29,19,0,70.0,28,0,183.0,30,19,0,101,262.2,1.4,124.4,1.2,262.2,1.4,28.6,26.4,41.0,26.4
2020_06_CIN_IND,CIN,313.0,39,25,0,98.0,32,3,313.0,39,25,0,102,260.8,1.2,102.6,0.6,260.8,1.2,26.4,27.0,41.4,27.0
2020_07_CLE_CIN,CIN,422.0,47,36,3,81.0,21,1,422.0,48,36,3,103,284.8,1.2,97.8,1.0,284.8,1.2,27.2,27.4,42.0,27.4
2020_08_TEN_CIN,CIN,249.0,35,26,2,118.0,32,2,249.0,37,26,2,104,306.0,1.2,100.4,1.2,306.0,1.2,26.6,27.2,39.4,27.2
2020_10_CIN_PIT,CIN,213.0,38,21,1,139.0,21,0,213.0,40,21,1,105,293.4,1.2,114.4,1.6,293.4,1.2,29.4,26.2,38.0,26.2
2020_11_CIN_WAS,CIN,233.0,44,25,1,70.0,18,0,233.0,44,25,1,106,276.0,1.2,101.2,1.2,276.0,1.2,26.8,25.4,38.8,25.4
2020_12_NYG_CIN,CIN,136.0,27,17,1,40.0,15,0,136.0,29,17,1,107,286.0,1.4,101.2,1.2,286.0,1.4,24.8,26.6,41.6,26.6
2020_13_CIN_MIA,CIN,193.0,27,17,1,40.0,17,0,193.0,27,17,1,108,250.6,1.6,89.6,0.6,250.6,1.6,21.4,25.0,39.6,25.0
2020_14_DAL_CIN,CIN,222.0,38,28,1,101.0,30,0,222.0,38,28,1,109,204.8,1.2,81.4,0.4,204.8,1.2,20.6,21.2,35.4,21.2
2020_15_PIT_CIN,CIN,89.0,13,7,1,152.0,41,2,89.0,13,7,1,110,199.4,1.0,78.0,0.0,199.4,1.0,20.2,21.6,35.6,21.6
2020_16_CIN_HOU,CIN,371.0,38,29,2,169.0,33,2,371.0,38,29,2,111,174.6,1.0,80.6,0.4,174.6,1.0,24.2,18.8,30.2,18.8
2020_17_BAL_CIN,CIN,48.0,20,6,0,147.0,19,0,48.0,21,6,0,112,202.2,1.2,100.4,0.8,202.2,1.2,27.2,19.6,29.0,19.6
2021_01_MIN_CIN,CIN,261.0,26,20,2,149.0,36,1,261.0,27,20,2,113,184.6,1.0,121.8,0.8,184.6,1.0,28.0,17.4,27.4,17.4
2021_02_CIN_CHI,CIN,207.0,29,19,2,69.0,20,0,207.0,30,19,2,114,198.2,1.2,143.6,1.0,198.2,1.2,31.8,18.0,27.4,18.0
2021_03_CIN_PIT,CIN,172.0,18,14,3,96.0,24,0,172.0,18,14,3,115,195.2,1.4,137.2,1.0,195.2,1.4,29.8,16.2,25.8,16.2
2021_04_JAX_CIN,CIN,348.0,32,25,2,78.0,22,1,348.0,32,25,2,116,211.8,1.8,126.0,0.6,211.8,1.8,26.4,17.6,26.8,17.6
2021_05_GB_CIN,CIN,281.0,37,26,2,103.0,24,1,281.0,38,26,2,117,207.2,1.8,107.8,0.4,207.2,1.8,24.2,16.8,25.6,16.8
2021_06_CIN_DET,CIN,278.0,29,20,4,142.0,36,0,278.0,30,20,4,118,253.8,2.2,99.0,0.6,253.8,2.2,25.2,20.8,29.0,20.8
2021_07_CIN_BAL,CIN,416.0,36,23,3,111.0,24,2,416.0,38,23,3,119,257.2,2.6,97.6,0.4,257.2,2.6,25.2,20.8,29.6,20.8
2021_08_CIN_NYJ,CIN,305.0,34,22,3,41.0,16,1,305.0,35,22,3,120,299.0,2.8,106.0,0.8,299.0,2.8,26.0,21.6,31.2,21.6
2021_09_CLE_CIN,CIN,288.0,41,29,0,85.0,23,2,288.0,42,29,0,121,325.6,2.8,95.0,1.0,325.6,2.8,24.4,23.2,34.6,23.2
2021_11_CIN_LV,CIN,148.0,28,20,1,159.0,38,2,148.0,29,20,1,122,313.6,2.4,96.4,1.2,313.6,2.4,24.6,24.0,36.6,24.0
2021_12_PIT_CIN,CIN,190.0,24,20,1,198.0,38,3,190.0,25,20,1,123,287.0,2.2,107.6,1.4,287.0,2.2,27.4,22.8,34.8,22.8
2021_13_LAC_CIN,CIN,300.0,38,24,1,96.0,25,2,300.0,40,24,1,124,269.4,1.6,118.8,2.0,269.4,1.6,27.8,22.8,33.8,22.8
2021_14_SF_CIN,CIN,348.0,34,25,2,86.0,26,0,348.0,34,25,2,125,246.2,1.2,115.8,2.0,246.2,1.2,28.0,23.0,34.2,23.0
2021_15_CIN_DEN,CIN,157.0,21,15,1,113.0,26,0,157.0,22,15,1,126,254.8,1.0,124.8,1.8,254.8,1.0,30.0,23.6,34.0,23.6
2021_16_BAL_CIN,CIN,525.0,46,37,4,77.0,21,1,525.0,46,37,4,127,228.6,1.2,130.4,1.4,228.6,1.2,30.6,20.8,30.0,20.8
2021_17_KC_CIN,CIN,446.0,38,30,4,60.0,19,0,446.0,40,30,4,128,304.0,1.8,114.0,1.2,304.0,1.8,27.2,24.2,33.4,24.2
2021_18_CIN_CLE,CIN,136.0,29,15,1,79.0,18,0,136.0,29,15,1,129,355.2,2.4,86.4,0.6,355.2,2.4,23.4,26.2,36.4,26.2
2022_01_PIT_CIN,CIN,338.0,53,33,2,133.0,34,0,338.0,53,33,2,130,322.4,2.4,83.0,0.2,322.4,2.4,22.0,24.4,34.2,24.4
2022_02_CIN_DAL,CIN,199.0,35,24,1,89.0,25,0,199.0,36,24,1,131,320.4,2.4,92.4,0.2,320.4,2.4,23.6,26.0,38.0,26.0
2022_03_CIN_NYJ,CIN,275.0,35,23,3,69.0,28,0,275.0,36,23,3,132,328.8,2.4,87.6,0.2,328.8,2.4,23.4,27.8,40.8,27.8
2022_04_MIA_CIN,CIN,310.0,32,21,2,67.0,30,1,310.0,32,21,2,133,278.8,2.2,86.0,0.0,278.8,2.2,24.8,25.0,38.8,25.0
2022_05_CIN_BAL,CIN,217.0,34,24,1,101.0,21,1,217.0,35,24,1,134,251.6,1.8,87.4,0.2,251.6,1.8,27.0,23.2,37.2,23.2
2022_06_CIN_NO,CIN,300.0,36,28,3,75.0,14,1,300.0,37,28,3,135,267.8,1.8,91.8,0.4,267.8,1.8,27.6,25.0,38.4,25.0
2022_07_ATL_CIN,CIN,481.0,42,34,3,78.0,21,2,481.0,42,34,3,136,260.2,2.0,80.2,0.6,260.2,2.0,23.6,24.0,35.2,24.0
2022_08_CIN_CLE,CIN,232.0,34,25,2,36.0,10,0,232.0,35,25,2,137,316.6,2.4,78.0,1.0,316.6,2.4,22.8,26.0,36.4,26.0
2022_09_CAR_CIN,CIN,228.0,30,25,1,241.0,39,5,228.0,31,25,1,138,308.0,2.2,71.4,1.0,308.0,2.2,19.2,26.4,36.2,26.4
2022_11_CIN_PIT,CIN,355.0,37,24,4,62.0,24,0,355.0,39,24,4,139,291.6,2.0,106.2,1.8,291.6,2.0,21.0,27.2,36.0,27.2
2022_12_CIN_TEN,CIN,270.0,36,22,1,108.0,28,1,270.0,37,22,1,140,319.2,2.6,98.4,1.6,319.2,2.6,21.6,27.2,36.8,27.2
2022_13_KC_CIN,CIN,286.0,31,25,2,152.0,34,1,286.0,31,25,2,141,313.2,2.2,105.0,1.6,313.2,2.2,24.4,26.0,36.8,26.0
2022_14_CLE_CIN,CIN,239.0,32,18,2,136.0,26,1,239.0,33,18,2,142,274.2,2.0,119.8,1.4,274.2,2.0,27.0,24.2,34.6,24.2
2022_15_CIN_TB,CIN,200.0,38,27,4,53.0,21,0,200.0,39,27,4,143,275.6,2.0,139.8,1.6,275.6,2.0,30.2,22.8,34.2,22.8
2022_16_CIN_NE,CIN,375.0,49,40,3,73.0,24,0,375.0,52,40,3,144,270.0,2.6,102.2,0.6,270.0,2.6,26.6,23.2,35.8,23.2
2022_18_BAL_CIN,CIN,215.0,40,25,1,55.0,20,1,215.0,42,25,1,145,274.0,2.4,104.4,0.6,274.0,2.4,26.6,26.4,38.4,26.4
2023_01_CIN_CLE,CIN,82.0,31,14,0,75.0,20,0,82.0,32,14,0,146,263.0,2.4,93.8,0.6,263.0,2.4,25.0,27.0,39.4,27.0
2023_02_BAL_CIN,CIN,222.0,39,27,2,66.0,15,0,222.0,41,27,2,147,222.2,2.0,78.4,0.4,222.2,2.0,22.2,24.8,39.6,24.8
2023_03_LA_CIN,CIN,259.0,46,26,0,67.0,23,1,259.0,49,26,0,148,218.8,2.0,64.4,0.2,218.8,2.0,20.0,26.6,41.2,26.6
2023_04_CIN_TEN,CIN,165.0,27,20,0,72.0,18,0,165.0,30,20,0,149,230.6,1.2,67.2,0.4,230.6,1.2,20.4,26.4,43.2,26.4
2023_05_CIN_ARI,CIN,317.0,44,36,3,93.0,30,0,317.0,46,36,3,150,188.6,0.6,67.0,0.4,188.6,0.6,19.2,22.4,38.8,22.4
2023_06_SEA_CIN,CIN,185.0,35,24,2,46.0,15,0,185.0,35,24,2,151,209.0,1.0,74.6,0.2,209.0,1.0,21.2,24.6,39.6,24.6
2023_08_CIN_SF,CIN,283.0,32,28,3,134.0,27,1,283.0,32,28,3,152,229.6,1.4,68.8,0.2,229.6,1.4,20.2,26.6,40.2,26.6
2023_09_BUF_CIN,CIN,348.0,42,31,2,54.0,22,1,348.0,44,31,2,153,241.8,1.6,82.4,0.4,241.8,1.6,22.6,26.8,38.4,26.8
2023_10_HOU_CIN,CIN,347.0,39,27,2,66.0,16,1,347.0,40,27,2,154,259.6,2.0,79.8,0.4,259.6,2.0,22.4,27.8,37.4,27.8
2023_11_CIN_BAL,CIN,169.0,31,19,2,136.0,23,0,169.0,31,19,2,155,296.0,2.4,78.6,0.6,296.0,2.4,22.0,29.2,39.4,29.2
2023_12_PIT_CIN,CIN,227.0,25,19,1,25.0,11,0,227.0,26,19,1,156,266.4,2.2,87.2,0.6,266.4,2.2,20.6,25.8,36.4,25.8
2023_13_CIN_JAX,CIN,347.0,37,33,1,156.0,31,3,347.0,39,33,1,157,274.8,2.0,83.0,0.6,274.8,2.0,19.8,24.8,34.6,24.8
2023_14_IND_CIN,CIN,274.0,25,19,2,111.0,32,2,274.0,25,19,2,158,287.6,1.6,87.4,1.0,287.6,1.6,20.6,25.8,36.0,25.8
2023_15_MIN_CIN,CIN,324.0,40,29,2,80.0,22,1,324.0,42,29,2,159,272.8,1.6,98.8,1.2,272.8,1.6,22.6,23.4,32.2,23.4
2023_16_CIN_PIT,CIN,335.0,40,28,1,59.0,16,0,335.0,42,28,1,160,268.2,1.6,101.6,1.2,268.2,1.6,23.8,23.8,32.6,23.8
2023_17_CIN_KC,CIN,197.0,31,19,1,104.0,32,1,197.0,33,19,1,161,301.4,1.4,86.2,1.2,301.4,1.4,22.4,25.6,34.8,25.6
2023_18_CLE_CIN,CIN,176.0,28,21,3,183.0,30,1,176.0,28,21,3,162,295.4,1.4,102.0,1.4,295.4,1.4,26.6,25.6,36.2,25.6
2024_01_NE_CIN,CIN,164.0,29,21,0,70.0,16,1,164.0,29,21,0,163,261.2,1.8,107.4,1.0,261.2,1.8,26.4,23.2,34.0,23.2
2024_02_CIN_KC,CIN,258.0,34,23,2,74.0,22,0,258.0,36,23,2,164,239.2,1.4,99.2,0.8,239.2,1.4,23.2,23.6,34.8,23.6
2024_03_WAS_CIN,CIN,324.0,38,29,3,124.0,20,1,324.0,38,29,3,165,226.0,1.4,98.0,0.6,226.0,1.4,23.2,22.4,33.6,22.4
2024_04_CIN_CAR,CIN,232.0,30,22,2,141.0,31,2,232.0,31,22,2,166,223.8,1.8,111.0,0.8,223.8,1.8,24.0,22.6,32.8,22.6
2024_05_BAL_CIN,CIN,392.0,39,30,5,71.0,23,0,392.0,39,30,5,167,230.8,2.0,118.4,1.0,230.8,2.0,23.8,23.2,32.4,23.2
2024_06_CIN_NYG,CIN,208.0,23,19,0,121.0,20,2,208.0,28,19,0,168,274.0,2.4,96.0,0.8,274.0,2.4,22.4,25.0,34.6,25.0
2024_07_CIN_CLE,CIN,181.0,24,15,2,59.0,25,0,181.0,25,15,2,169,282.8,2.4,106.2,1.0,282.8,2.4,23.2,24.6,34.4,24.6
2024_08_PHI_CIN,CIN,234.0,36,26,1,58.0,20,1,234.0,37,26,1,170,267.4,2.4,103.2,1.0,267.4,2.4,23.8,23.0,32.2,23.0
2024_09_LV_CIN,CIN,251.0,37,27,5,130.0,31,0,251.0,39,27,5,171,249.4,2.0,90.0,1.0,249.4,2.0,23.8,22.4,32.0,22.4
2024_10_CIN_BAL,CIN,428.0,54,34,4,49.0,16,1,428.0,56,34,4,172,253.2,2.6,87.8,0.6,253.2,2.6,23.8,23.4,33.6,23.4
2024_11_CIN_LAC,CIN,356.0,46,28,3,110.0,25,0,356.0,50,28,3,173,260.4,2.4,83.4,0.8,260.4,2.4,22.4,24.2,37.0,24.2
2024_13_PIT_CIN,CIN,309.0,37,28,3,93.0,15,1,309.0,38,28,3,174,290.0,3.0,81.2,0.4,290.0,3.0,23.4,26.0,41.4,26.0
2024_14_CIN_DAL,CIN,369.0,43,33,3,74.0,19,0,369.0,44,33,3,175,315.6,3.2,88.0,0.6,315.6,3.2,21.4,28.6,44.0,28.6
2024_15_CIN_TEN,CIN,271.0,35,26,3,101.0,26,1,271.0,37,26,3,176,342.6,3.6,91.2,0.4,342.6,3.6,21.2,30.0,45.4,30.0
2024_16_CLE_CIN,CIN,252.0,28,23,3,116.0,22,0,252.0,30,23,3,177,346.6,3.2,85.4,0.6,346.6,3.2,20.2,29.8,45.0,29.8
2024_17_DEN_CIN,CIN,412.0,49,39,3,115.0,28,1,412.0,49,39,3,178,311.4,3.0,98.8,0.4,311.4,3.0,21.4,27.6,39.8,27.6
2024_18_CIN_PIT,CIN,277.0,46,37,1,68.0,21,0,277.0,46,37,1,179,322.6,3.0,99.8,0.6,322.6,3.0,22.0,29.8,39.6,29.8
2014_01_CLE_PIT,CLE,222.0,30,18,1,191.0,31,2,222.0,30,18,1,1,,,,,,,,,,
2014_02_NO_CLE,CLE,204.0,41,24,1,122.0,30,1,204.0,41,24,1,2,222.0,1.0,191.0,2.0,222.0,1.0,31.0,18.0,30.0,18.0
2014_03_BAL_CLE,CLE,290.0,25,19,1,85.0,30,2,290.0,25,19,1,3,213.0,1.0,156.5,1.5,213.0,1.0,30.5,21.0,35.5,21.0
2014_05_CLE_TEN,CLE,291.0,37,21,3,176.0,36,0,291.0,37,21,3,4,238.66666666666666,1.0,132.66666666666666,1.6666666666666667,238.66666666666666,1.0,30.333333333333332,20.333333333333332,32.0,20.333333333333332
2014_06_PIT_CLE,CLE,217.0,17,8,1,158.0,38,3,217.0,17,8,1,5,251.75,1.5,143.5,1.25,251.75,1.5,31.75,20.5,33.25,20.5
2014_07_CLE_JAX,CLE,215.0,41,16,0,69.0,30,0,215.0,41,16,0,6,244.8,1.4,146.4,1.6,244.8,1.4,33.0,18.0,30.0,18.0
2014_08_OAK_CLE,CLE,275.0,28,19,1,39.0,25,1,275.0,28,19,1,7,243.4,1.2,122.0,1.2,243.4,1.2,32.8,17.6,32.2,17.6
2014_09_TB_CLE,CLE,300.0,33,21,2,56.0,27,0,300.0,34,21,2,8,257.6,1.2,105.4,1.2,257.6,1.2,31.8,16.6,29.6,16.6
2014_10_CLE_CIN,CLE,198.0,23,15,0,170.0,52,3,198.0,23,15,0,9,259.6,1.4,99.6,0.8,259.6,1.4,31.2,17.0,31.4,17.0
2014_11_HOU_CLE,CLE,330.0,50,20,1,65.0,23,0,330.0,50,20,1,10,241.0,0.8,98.4,1.4,241.0,0.8,34.4,15.8,28.6,15.8
2014_12_CLE_ATL,CLE,322.0,40,23,0,162.0,29,2,322.0,41,23,0,11,263.6,0.8,79.8,0.8,263.6,0.8,31.4,18.2,35.2,18.2
2014_13_CLE_BUF,CLE,255.0,37,23,0,74.0,26,1,255.0,38,23,0,12,285.0,0.8,98.4,1.2,285.0,0.8,31.2,19.6,35.2,19.6
2014_14_IND_CLE,CLE,136.0,30,13,0,115.0,32,1,136.0,30,13,0,13,281.0,0.6,105.4,1.2,281.0,0.6,31.4,20.4,37.2,20.4
2014_15_CIN_CLE,CLE,80.0,18,10,0,53.0,17,0,80.0,18,10,0,14,248.2,0.2,117.2,1.4,248.2,0.2,32.4,18.8,36.4,18.8
2014_16_CLE_CAR,CLE,166.0,21,10,1,84.0,22,0,166.0,21,10,1,15,224.6,0.2,93.8,0.8,224.6,0.2,25.4,17.8,35.4,17.8
2014_17_CLE_BAL,CLE,177.0,28,14,0,109.0,29,1,177.0,28,14,0,16,191.8,0.2,97.6,0.8,191.8,0.2,25.2,15.8,29.6,15.8
2015_01_CLE_NYJ,CLE,231.0,32,18,1,104.0,28,0,231.0,32,18,1,17,162.8,0.2,87.0,0.6,162.8,0.2,25.2,14.0,27.0,14.0
2015_02_TEN_CLE,CLE,172.0,15,8,2,116.0,30,1,172.0,15,8,2,18,158.0,0.4,93.0,0.4,158.0,0.4,25.6,13.0,25.8,13.0
2015_03_OAK_CLE,CLE,341.0,49,28,2,39.0,14,0,341.0,49,28,2,19,165.2,0.8,93.2,0.4,165.2,0.8,25.2,12.0,22.8,12.0
2015_04_CLE_SD,CLE,356.0,40,32,2,100.0,21,0,356.0,41,32,2,20,217.4,1.2,90.4,0.4,217.4,1.2,24.6,15.6,29.0,15.6
2015_05_CLE_BAL,CLE,457.0,51,36,2,83.0,25,1,457.0,51,36,2,21,255.4,1.4,93.6,0.4,255.4,1.4,24.4,20.0,33.0,20.0
2015_06_DEN_CLE,CLE,213.0,39,20,2,109.0,33,0,213.0,39,20,2,22,311.4,1.8,88.4,0.4,311.4,1.8,23.6,24.4,37.6,24.4
2015_07_CLE_STL,CLE,297.0,36,30,0,82.0,24,0,297.0,37,30,0,23,307.8,2.0,89.4,0.4,307.8,2.0,24.6,24.8,39.0,24.8
2015_08_ARI_CLE,CLE,223.0,40,21,3,39.0,20,0,223.0,40,21,3,24,332.8,1.6,82.6,0.2,332.8,1.6,23.4,29.2,43.4,29.2
2015_09_CLE_CIN,CLE,168.0,33,15,1,69.0,17,0,168.0,33,15,1,25,309.2,1.8,82.6,0.2,309.2,1.8,24.6,27.8,41.6,27.8
2015_10_CLE_PIT,CLE,372.0,45,33,1,15.0,14,0,372.0,45,33,1,26,271.6,1.6,76.4,0.2,271.6,1.6,23.8,24.4,40.0,24.4
2015_12_BAL_CLE,CLE,289.0,48,28,2,63.0,18,0,289.0,48,28,2,27,254.6,1.4,62.8,0.0,254.6,1.4,21.6,23.8,38.8,23.8
2015_13_CIN_CLE,CLE,230.0,36,25,0,68.0,19,0,230.0,38,25,0,28,269.8,1.4,53.6,0.0,269.8,1.4,18.6,25.4,40.6,25.4
2015_14_SF_CLE,CLE,270.0,31,21,1,230.0,41,2,270.0,31,21,1,29,256.4,1.4,50.8,0.0,256.4,1.4,17.6,24.4,40.8,24.4
2015_15_CLE_SEA,CLE,161.0,31,19,1,94.0,17,0,161.0,32,19,1,30,265.8,1.0,89.0,0.4,265.8,1.0,21.8,24.4,39.0,24.4
2015_16_CLE_KC,CLE,136.0,29,13,0,232.0,36,1,136.0,32,13,0,31,264.4,1.0,94.0,0.4,264.4,1.0,21.8,25.2,38.8,25.2
2015_17_PIT_CLE,CLE,240.0,46,24,0,86.0,23,0,240.0,46,24,0,32,217.2,0.8,137.4,0.6,217.2,0.8,26.2,21.2,36.2,21.2
2016_01_CLE_PHI,CLE,190.0,26,12,0,120.0,21,1,190.0,26,12,0,33,207.4,0.4,142.0,0.6,207.4,0.4,27.2,20.4,35.8,20.4
2016_02_BAL_CLE,CLE,260.0,33,20,2,145.0,23,1,260.0,33,20,2,34,199.4,0.4,152.4,0.8,199.4,0.4,27.6,17.8,33.4,17.8
2016_03_CLE_MIA,CLE,279.0,38,24,0,169.0,32,1,279.0,38,24,0,35,197.4,0.6,135.4,0.6,197.4,0.6,24.0,17.6,33.8,17.6
2016_04_CLE_WAS,CLE,223.0,38,28,1,163.0,28,1,223.0,40,28,1,36,221.0,0.4,150.4,0.8,221.0,0.4,27.0,18.6,35.0,18.6
2016_05_NE_CLE,CLE,249.0,35,20,2,27.0,22,0,249.0,35,20,2,37,238.4,0.6,136.6,0.8,238.4,0.6,25.4,21.6,36.6,21.6
2016_06_CLE_TEN,CLE,337.0,42,27,2,40.0,15,1,337.0,42,27,2,38,240.2,1.0,124.8,0.8,240.2,1.0,25.2,20.8,34.4,20.8
2016_07_CLE_CIN,CLE,182.0,31,21,0,180.0,26,2,182.0,35,21,0,39,269.6,1.4,108.8,0.8,269.6,1.4,24.0,23.8,37.6,23.8
2016_08_NYJ_CLE,CLE,345.0,51,27,2,68.0,18,1,345.0,51,27,2,40,254.0,1.0,115.8,1.0,254.0,1.0,24.6,24.0,38.0,24.0
2016_09_DAL_CLE,CLE,203.0,27,19,1,45.0,13,0,203.0,27,19,1,41,267.2,1.4,95.6,1.0,267.2,1.4,21.8,24.6,40.6,24.6
2016_10_CLE_BAL,CLE,150.0,31,17,1,33.0,13,0,150.0,31,17,1,42,263.2,1.4,72.0,0.8,263.2,1.4,18.8,22.8,38.0,22.8
2016_11_PIT_CLE,CLE,246.0,40,21,1,33.0,13,0,246.0,41,21,1,43,243.4,1.2,73.2,0.8,243.4,1.2,17.0,22.2,37.2,22.2
2016_12_NYG_CLE,CLE,322.0,43,25,1,58.0,21,0,322.0,44,25,1,44,225.2,1.0,71.8,0.6,225.2,1.0,16.6,21.0,37.0,21.0
2016_14_CIN_CLE,CLE,104.0,28,12,0,169.0,22,1,104.0,28,12,0,45,253.2,1.2,47.4,0.2,253.2,1.2,15.6,21.8,38.8,21.8
2016_15_CLE_BUF,CLE,196.0,27,17,0,107.0,21,1,196.0,28,17,0,46,205.0,0.8,67.6,0.2,205.0,0.8,16.4,18.8,34.2,18.8
2016_16_SD_CLE,CLE,175.0,28,19,0,124.0,29,2,175.0,28,19,0,47,203.6,0.6,80.0,0.4,203.6,0.6,18.0,18.4,34.4,18.4
2016_17_CLE_PIT,CLE,232.0,40,29,2,231.0,33,1,232.0,40,29,2,48,208.6,0.4,98.2,0.8,208.6,0.4,21.2,18.8,33.8,18.8
2017_01_PIT_CLE,CLE,222.0,30,20,1,57.0,25,1,222.0,30,20,1,49,205.8,0.6,137.8,1.0,205.8,0.6,25.2,20.4,33.6,20.4
2017_02_CLE_BAL,CLE,300.0,42,20,1,93.0,21,0,300.0,42,20,1,50,185.8,0.6,137.6,1.2,185.8,0.6,26.0,19.4,30.8,19.4
2017_03_CLE_IND,CLE,242.0,46,22,2,111.0,21,2,242.0,47,22,2,51,225.0,0.8,122.4,1.0,225.0,0.8,25.8,21.0,33.6,21.0
2017_04_CIN_CLE,CLE,183.0,41,21,0,45.0,17,1,183.0,42,21,0,52,234.2,1.2,123.2,1.2,234.2,1.2,25.8,22.0,37.4,22.0
2017_05_NYJ_CLE,CLE,281.0,36,24,2,140.0,33,0,281.0,36,24,2,53,235.8,1.2,107.4,1.0,235.8,1.2,23.4,22.4,40.2,22.4
2017_06_CLE_HOU,CLE,140.0,36,20,1,134.0,22,0,140.0,37,20,1,54,245.6,1.2,89.2,0.8,245.6,1.2,23.4,21.4,39.4,21.4
2017_07_TEN_CLE,CLE,235.0,38,22,0,66.0,26,0,235.0,39,22,0,55,229.2,1.2,104.6,0.6,229.2,1.2,22.8,21.4,40.8,21.4
2017_08_MIN_CLE,CLE,179.0,34,18,0,115.0,22,2,179.0,34,18,0,56,216.2,1.0,99.2,0.6,216.2,1.0,23.8,21.8,40.2,21.8
2017_10_CLE_DET,CLE,237.0,39,22,1,201.0,33,2,237.0,40,22,1,57,203.6,0.6,100.0,0.6,203.6,0.6,24.0,21.0,37.6,21.0
2017_11_JAX_CLE,CLE,179.0,31,16,1,50.0,18,0,179.0,32,16,1,58,214.4,0.8,131.2,0.8,214.4,0.8,27.2,21.2,37.2,21.2
2017_12_CLE_CIN,CLE,268.0,30,18,0,169.0,31,1,268.0,32,18,0,59,194.0,0.6,113.2,0.8,194.0,0.6,24.2,19.6,36.4,19.6
2017_13_CLE_LAC,CLE,215.0,32,15,1,89.0,22,0,215.0,32,15,1,60,219.6,0.4,120.2,1.0,219.6,0.4,26.0,19.2,35.4,19.2
2017_14_GB_CLE,CLE,214.0,28,20,3,136.0,27,0,214.0,28,20,3,61,215.6,0.6,124.8,1.0,215.6,0.6,25.2,17.8,34.0,17.8
2017_15_BAL_CLE,CLE,146.0,37,20,0,130.0,19,1,146.0,37,20,0,62,222.6,1.2,129.0,0.6,222.6,1.2,26.2,18.2,32.8,18.2
2017_16_CLE_CHI,CLE,182.0,36,18,0,76.0,20,0,182.0,36,18,0,63,204.4,1.0,114.8,0.4,204.4,1.0,23.4,17.8,32.2,17.8
2017_17_CLE_PIT,CLE,314.0,30,16,2,102.0,27,1,314.0,30,16,2,64,205.0,0.8,120.0,0.4,205.0,0.8,23.8,18.2,33.0,18.2
2018_01_PIT_CLE,CLE,197.0,38,15,1,177.0,38,2,197.0,40,15,1,65,214.2,1.2,106.6,0.4,214.2,1.2,23.0,17.8,32.6,17.8
2018_02_CLE_NO,CLE,246.0,30,22,1,93.0,27,1,246.0,30,22,1,66,210.6,1.2,124.2,0.8,210.6,1.2,26.2,17.8,34.2,17.8
2018_03_NYJ_CLE,CLE,220.0,35,21,0,133.0,33,2,220.0,37,21,0,67,217.0,0.8,115.6,1.0,217.0,0.8,26.2,18.2,34.6,18.2
2018_04_CLE_OAK,CLE,295.0,41,21,2,208.0,31,3,295.0,41,21,2,68,231.8,0.8,116.2,1.2,231.8,0.8,29.0,18.4,34.6,18.4
2018_05_BAL_CLE,CLE,342.0,42,25,1,112.0,28,0,342.0,43,25,1,69,254.4,1.2,142.6,1.8,254.4,1.2,31.2,19.0,35.6,19.0
2018_06_LAC_CLE,CLE,238.0,43,22,1,103.0,21,0,238.0,46,22,1,70,260.0,1.0,144.6,1.6,260.0,1.0,31.4,20.8,38.2,20.8
2018_07_CLE_TB,CLE,215.0,33,23,2,119.0,23,1,215.0,34,23,2,71,268.2,1.0,129.8,1.2,268.2,1.0,28.0,22.2,39.4,22.2
2018_08_CLE_PIT,CLE,180.0,33,22,2,74.0,21,0,180.0,36,22,2,72,262.0,1.2,135.0,1.2,262.0,1.2,27.2,22.4,40.2,22.4
2018_09_KC_CLE,CLE,308.0,43,30,2,102.0,25,1,308.0,43,30,2,73,254.0,1.6,123.2,0.8,254.0,1.6,24.8,22.6,40.0,22.6
2018_10_ATL_CLE,CLE,216.0,21,17,3,211.0,29,1,216.0,21,17,3,74,256.6,1.6,102.0,0.4,256.6,1.6,23.6,24.4,40.4,24.4
2018_12_CLE_CIN,CLE,258.0,25,19,4,84.0,35,1,258.0,26,19,4,75,231.4,2.0,121.8,0.6,231.4,2.0,23.8,22.8,36.0,22.8
2018_13_CLE_HOU,CLE,397.0,40,29,1,31.0,9,1,397.0,43,29,1,76,235.4,2.6,118.0,0.8,235.4,2.6,26.6,22.2,32.0,22.2
2018_14_CAR_CLE,CLE,238.0,23,18,1,116.0,21,2,238.0,23,18,1,77,271.8,2.4,100.4,0.8,271.8,2.4,23.8,23.4,33.8,23.4
2018_15_CLE_DEN,CLE,188.0,31,18,2,134.0,28,0,188.0,31,18,2,78,283.4,2.2,108.8,1.2,283.4,2.2,23.8,22.6,31.2,22.6
2018_16_CIN_CLE,CLE,347.0,38,28,3,146.0,28,0,347.0,38,28,3,79,259.4,2.2,115.2,1.0,259.4,2.2,24.4,20.2,28.8,20.2
2018_17_CLE_BAL,CLE,376.0,41,23,3,50.0,14,0,376.0,42,23,3,80,285.6,2.2,102.2,0.8,285.6,2.2,24.2,22.4,32.2,22.4
2019_01_TEN_CLE,CLE,285.0,38,25,1,102.0,20,1,285.0,38,25,1,81,309.2,2.0,95.4,0.6,309.2,2.0,20.0,23.2,35.4,23.2
2019_02_CLE_NYJ,CLE,325.0,32,19,1,70.0,21,1,325.0,35,19,1,82,286.8,2.0,109.6,0.6,286.8,2.0,22.2,22.4,34.4,22.4
2019_03_LA_CLE,CLE,195.0,34,18,1,95.0,24,0,195.0,36,18,1,83,304.2,2.0,100.4,0.4,304.2,2.0,22.2,22.6,36.8,22.6
2019_04_CLE_BAL,CLE,342.0,31,20,1,193.0,29,4,342.0,31,20,1,84,305.6,1.8,92.6,0.4,305.6,1.8,21.4,22.6,37.8,22.6
2019_05_CLE_SF,CLE,120.0,22,9,0,102.0,18,0,120.0,24,9,0,85,304.6,1.4,102.0,1.2,304.6,1.4,21.6,21.0,36.4,21.0
2019_06_SEA_CLE,CLE,249.0,36,22,1,157.0,24,3,249.0,37,22,1,86,253.4,0.8,112.4,1.2,253.4,0.8,22.4,18.2,32.8,18.2
2019_08_CLE_NE,CLE,194.0,30,20,1,159.0,22,0,194.0,31,20,1,87,246.2,0.8,123.4,1.6,246.2,0.8,23.2,17.6,32.6,17.6
2019_09_CLE_DEN,CLE,273.0,40,27,1,90.0,29,0,273.0,42,27,1,88,220.0,0.8,141.2,1.4,220.0,0.8,23.4,17.8,31.8,17.8
2019_10_BUF_CLE,CLE,238.0,38,26,2,147.0,26,0,238.0,38,26,2,89,235.6,0.8,140.2,1.4,235.6,0.8,24.4,19.6,33.0,19.6
2019_11_PIT_CLE,CLE,193.0,30,17,2,104.0,35,1,193.0,32,17,2,90,214.8,1.0,131.0,0.6,214.8,1.0,23.8,20.8,34.4,20.8
2019_12_MIA_CLE,CLE,327.0,33,24,3,147.0,32,2,327.0,34,24,3,91,229.4,1.4,131.4,0.8,229.4,1.4,27.2,22.4,36.0,22.4
2019_13_CLE_PIT,CLE,196.0,33,18,1,106.0,24,0,196.0,34,18,1,92,245.0,1.8,129.4,0.6,245.0,1.8,28.8,22.8,35.4,22.8
2019_14_CIN_CLE,CLE,192.0,22,11,0,146.0,27,2,192.0,24,11,0,93,245.4,1.8,118.8,0.6,245.4,1.8,29.2,22.4,36.0,22.4
2019_15_CLE_ARI,CLE,303.0,43,31,3,171.0,24,1,303.0,44,31,3,94,229.2,1.6,130.0,1.0,229.2,1.6,28.8,19.2,32.4,19.2
2019_16_BAL_CLE,CLE,192.0,32,20,2,57.0,19,0,192.0,33,20,2,95,242.2,1.8,134.8,1.2,242.2,1.8,28.4,20.2,33.6,20.2
2019_17_CLE_CIN,CLE,279.0,24,12,3,74.0,20,0,279.0,27,12,3,96,242.0,1.8,125.4,1.0,242.0,1.8,25.2,20.8,33.8,20.8
2020_01_CLE_BAL,CLE,189.0,35,21,1,138.0,27,0,189.0,39,21,1,97,232.4,1.8,110.8,0.6,232.4,1.8,22.8,18.4,32.4,18.4
2020_02_CIN_CLE,CLE,219.0,21,16,2,215.0,35,3,219.0,23,16,2,98,231.0,1.8,117.2,0.6,231.0,1.8,23.4,19.0,33.4,19.0
2020_03_WAS_CLE,CLE,156.0,22,16,2,158.0,37,2,156.0,23,16,2,99,236.4,2.2,131.0,0.8,236.4,2.2,25.0,20.0,33.2,20.0
2020_04_CLE_DAL,CLE,202.0,26,20,3,307.0,40,3,202.0,31,20,3,100,207.0,2.0,128.4,1.0,207.0,2.0,27.6,17.0,29.0,17.0
2020_05_IND_CLE,CLE,265.0,38,22,2,124.0,33,0,265.0,38,22,2,101,209.0,2.2,178.4,1.6,209.0,2.2,31.8,17.0,28.6,17.0
2020_06_CLE_PIT,CLE,165.0,26,15,1,75.0,22,0,165.0,28,15,1,102,206.2,2.0,188.4,1.6,206.2,2.0,34.4,19.0,30.8,19.0
2020_07_CLE_CIN,CLE,316.0,28,23,5,82.0,22,0,316.0,29,23,5,103,201.4,2.0,175.8,1.6,201.4,2.0,33.4,17.8,28.6,17.8
2020_08_LV_CLE,CLE,122.0,25,12,0,101.0,22,0,122.0,25,12,0,104,220.8,2.6,149.2,1.0,220.8,2.6,30.8,19.2,29.8,19.2
2020_10_HOU_CLE,CLE,132.0,19,12,0,231.0,41,1,132.0,20,12,0,105,214.0,2.2,137.8,0.6,214.0,2.2,27.8,18.4,30.2,18.4
2020_11_PHI_CLE,CLE,204.0,18,12,0,137.0,40,1,204.0,22,12,0,106,200.0,1.6,122.6,0.2,200.0,1.6,28.0,16.8,28.0,16.8
2020_12_CLE_JAX,CLE,258.0,27,19,2,207.0,33,1,258.0,29,19,2,107,187.8,1.2,125.2,0.4,187.8,1.2,29.4,14.8,24.8,14.8
2020_13_CLE_TEN,CLE,340.0,32,26,4,118.0,36,1,340.0,34,26,4,108,206.4,1.4,151.6,0.6,206.4,1.4,31.6,15.6,25.0,15.6
2020_14_BAL_CLE,CLE,355.0,44,29,2,138.0,28,4,355.0,48,29,2,109,211.2,1.2,158.8,0.8,211.2,1.2,34.4,16.2,26.0,16.2
2020_15_CLE_NYG,CLE,297.0,30,27,2,106.0,30,1,297.0,32,27,2,110,257.8,1.6,166.2,1.6,257.8,1.6,35.6,19.6,30.6,19.6
2020_16_CLE_NYJ,CLE,285.0,50,28,0,45.0,18,2,285.0,53,28,0,111,290.8,2.0,141.2,1.6,290.8,2.0,33.4,22.6,33.0,22.6
2020_17_PIT_CLE,CLE,196.0,26,17,1,192.0,31,2,196.0,27,17,1,112,307.0,2.0,122.8,1.8,307.0,2.0,29.0,25.8,39.2,25.8
2021_01_CLE_KC,CLE,310.0,27,21,0,153.0,26,4,321.0,28,21,0,113,294.6,1.8,119.8,2.0,294.6,1.8,28.6,25.4,38.8,25.4
2021_02_HOU_CLE,CLE,213.0,21,19,1,156.0,34,3,213.0,21,19,1,114,290.8,1.0,126.8,2.6,288.6,1.0,26.6,24.4,37.6,24.4
2021_03_CHI_CLE,CLE,246.0,29,19,1,215.0,42,1,246.0,31,19,1,115,262.4,0.8,130.4,2.4,260.2,0.8,27.8,22.4,32.2,22.4
2021_04_CLE_MIN,CLE,155.0,31,15,0,184.0,38,1,155.0,33,15,0,116,252.2,0.6,152.2,2.4,250.0,0.6,30.2,20.8,32.0,20.8
2021_05_CLE_LAC,CLE,305.0,29,23,2,230.0,35,3,305.0,32,23,2,117,226.2,0.6,180.0,2.2,224.0,0.6,34.2,18.2,28.0,18.2
2021_06_ARI_CLE,CLE,240.0,31,20,2,73.0,19,0,240.0,31,20,2,118,248.0,0.8,187.6,2.4,245.8,0.8,35.0,19.4,29.0,19.4
2021_07_DEN_CLE,CLE,199.0,32,21,1,182.0,33,1,199.0,33,21,1,119,231.8,1.2,171.6,1.6,231.8,1.2,33.6,19.2,29.6,19.2
2021_08_PIT_CLE,CLE,225.0,31,20,0,96.0,23,1,225.0,31,20,0,120,229.0,1.2,176.8,1.2,229.0,1.2,33.4,19.6,32.0,19.6
2021_09_CLE_CIN,CLE,218.0,19,14,2,153.0,23,2,218.0,21,14,2,121,224.8,1.0,153.0,1.2,224.8,1.0,29.6,19.8,32.0,19.8
2021_10_CLE_NE,CLE,154.0,31,19,1,99.0,20,0,154.0,33,19,1,122,237.4,1.4,146.8,1.4,237.4,1.4,26.6,19.6,29.6,19.6
2021_11_DET_CLE,CLE,176.0,28,15,1,184.0,36,1,176.0,29,15,1,123,207.2,1.2,120.6,0.8,207.2,1.2,23.6,18.8,29.8,18.8
2021_12_CLE_BAL,CLE,247.0,34,18,1,40.0,17,0,247.0,37,18,1,124,194.4,1.0,142.8,1.0,194.4,1.0,27.0,17.8,29.4,17.8
2021_14_BAL_CLE,CLE,190.0,31,22,2,100.0,29,0,190.0,32,22,2,125,204.0,1.0,114.4,0.8,204.0,1.0,23.8,17.2,30.2,17.2
2021_15_LV_CLE,CLE,147.0,29,20,1,89.0,24,1,147.0,30,20,1,126,197.0,1.4,115.2,0.6,197.0,1.4,25.0,17.6,30.4,17.6
2021_16_CLE_GB,CLE,222.0,36,21,2,219.0,25,1,222.0,36,21,2,127,182.8,1.2,102.4,0.4,182.8,1.2,25.2,18.8,32.2,18.8
2021_17_CLE_PIT,CLE,185.0,36,16,2,93.0,20,0,185.0,38,16,2,128,196.4,1.4,126.4,0.6,196.4,1.4,26.2,19.2,32.8,19.2
2021_18_CIN_CLE,CLE,176.0,24,17,2,205.0,41,1,176.0,24,17,2,129,198.2,1.6,108.2,0.4,198.2,1.6,23.0,19.4,34.6,19.4
2022_01_CLE_CAR,CLE,147.0,30,18,1,217.0,39,1,147.0,34,18,1,130,184.0,1.8,141.2,0.6,184.0,1.8,27.8,19.2,32.0,19.2
2022_02_NYJ_CLE,CLE,229.0,27,22,1,184.0,37,3,229.0,27,22,1,131,175.4,1.6,164.6,0.8,175.4,1.6,29.8,18.4,32.4,18.4
2022_03_PIT_CLE,CLE,220.0,31,21,2,171.0,38,1,220.0,31,21,2,132,191.8,1.6,183.6,1.2,191.8,1.6,32.4,18.8,31.8,18.8
2022_04_CLE_ATL,CLE,234.0,35,21,0,177.0,35,2,234.0,35,21,0,133,191.4,1.6,174.0,1.2,191.4,1.6,35.0,18.8,30.8,18.8
2022_05_LAC_CLE,CLE,230.0,32,21,1,213.0,31,3,230.0,34,21,1,134,201.2,1.2,190.8,1.6,201.2,1.2,38.0,19.8,30.2,19.8
2022_06_NE_CLE,CLE,266.0,42,21,1,70.0,18,0,266.0,45,21,1,135,212.0,1.0,192.4,2.0,212.0,1.0,36.0,20.6,32.2,20.6
2022_07_CLE_BAL,CLE,258.0,25,22,0,113.0,24,2,258.0,27,22,0,136,235.8,1.0,163.0,1.8,235.8,1.0,31.8,21.2,34.4,21.2
2022_08_CIN_CLE,CLE,278.0,20,17,1,172.0,44,3,278.0,23,17,1,137,241.6,0.8,148.8,1.6,241.6,0.8,29.2,21.2,34.4,21.2
2022_10_CLE_MIA,CLE,212.0,34,22,1,112.0,24,1,212.0,35,22,1,138,253.2,0.6,149.0,2.0,253.2,0.6,30.4,20.4,32.8,20.4
2022_11_CLE_BUF,CLE,324.0,39,28,3,80.0,26,0,324.0,41,28,3,139,248.8,0.8,136.0,1.8,248.8,0.8,28.2,20.6,32.8,20.6
2022_12_TB_CLE,CLE,210.0,36,23,1,189.0,34,2,210.0,37,23,1,140,267.6,1.2,109.4,1.2,267.6,1.2,27.2,22.0,34.2,22.0
2022_13_CLE_HOU,CLE,131.0,21,12,0,174.0,38,0,131.0,22,12,0,141,256.4,1.2,133.2,1.6,256.4,1.2,30.4,22.4,32.6,22.4
2022_14_CLE_CIN,CLE,276.0,39,26,1,71.0,25,0,276.0,43,26,1,142,231.0,1.2,145.4,1.2,231.0,1.2,33.2,20.4,31.6,20.4
2022_15_BAL_CLE,CLE,161.0,26,18,1,143.0,33,0,161.0,28,18,1,143,230.6,1.2,125.2,0.6,230.6,1.2,29.4,22.2,35.6,22.2
2022_16_NO_CLE,CLE,135.0,27,15,0,124.0,34,1,135.0,31,15,0,144,220.4,1.2,131.4,0.4,220.4,1.2,31.2,21.4,34.2,21.4
2022_17_CLE_WAS,CLE,169.0,16,9,3,146.0,30,0,169.0,18,9,3,145,182.6,0.6,140.2,0.6,182.6,0.6,32.8,18.8,32.2,18.8
2022_18_CLE_PIT,CLE,230.0,27,19,2,134.0,22,0,230.0,29,19,2,146,174.4,1.0,131.6,0.2,174.4,1.0,32.0,16.0,28.4,16.0
2023_01_CIN_CLE,CLE,154.0,29,16,1,206.0,40,1,154.0,29,16,1,147,194.2,1.4,123.6,0.2,194.2,1.4,28.8,17.4,29.8,17.4
2023_02_CLE_PIT,CLE,235.0,40,22,1,198.0,35,1,235.0,40,22,1,148,169.8,1.4,150.6,0.4,169.8,1.4,31.8,15.4,27.0,15.4
2023_03_TEN_CLE,CLE,289.0,31,27,2,78.0,31,1,289.0,33,27,2,149,184.6,1.4,161.6,0.6,184.6,1.4,32.2,16.2,29.4,16.2
2023_04_BAL_CLE,CLE,121.0,34,19,0,93.0,25,0,121.0,36,19,0,150,215.4,1.8,152.4,0.6,215.4,1.8,31.6,18.6,29.8,18.6
2023_06_SF_CLE,CLE,192.0,33,18,0,160.0,34,1,192.0,34,18,0,151,205.8,1.2,141.8,0.6,205.8,1.2,30.6,20.6,33.4,20.6
2023_07_CLE_IND,CLE,183.0,35,16,0,150.0,33,3,183.0,37,16,0,152,198.2,0.8,147.0,0.8,198.2,0.8,33.0,20.4,34.4,20.4
2023_08_CLE_SEA,CLE,257.0,30,16,1,155.0,40,1,257.0,32,16,1,153,204.0,0.6,135.8,1.2,204.0,0.6,31.6,20.4,36.0,20.4
2023_09_ARI_CLE,CLE,219.0,28,19,2,113.0,40,1,219.0,30,19,2,154,208.4,0.6,127.2,1.2,208.4,0.6,32.6,19.2,34.4,19.2
2023_10_CLE_BAL,CLE,213.0,32,20,1,178.0,36,1,213.0,35,20,1,155,194.4,0.6,134.2,1.2,194.4,0.6,34.4,17.6,33.8,17.6
2023_11_PIT_CLE,CLE,165.0,41,24,0,96.0,29,1,165.0,43,24,0,156,212.8,0.8,151.2,1.4,212.8,0.8,36.6,17.8,33.6,17.8
2023_12_CLE_DEN,CLE,190.0,39,20,1,107.0,24,0,190.0,42,20,1,157,207.4,0.8,138.4,1.4,207.4,0.8,35.6,19.0,35.4,19.0
2023_13_CLE_LA,CLE,254.0,41,23,2,87.0,23,0,254.0,44,23,2,158,208.8,1.0,129.8,0.8,208.8,1.0,33.8,19.8,36.4,19.8
2023_14_JAX_CLE,CLE,311.0,43,26,3,82.0,28,1,311.0,45,26,3,159,208.2,1.2,116.2,0.6,208.2,1.2,30.4,21.2,38.8,21.2
2023_15_CHI_CLE,CLE,379.0,44,29,2,29.0,18,0,379.0,45,29,2,160,226.6,1.4,110.0,0.6,226.6,1.4,28.0,22.6,41.8,22.6
2023_16_CLE_HOU,CLE,374.0,43,28,3,54.0,30,2,374.0,44,28,3,161,259.8,1.6,80.2,0.4,259.8,1.6,24.4,24.4,43.8,24.4
2023_17_NYJ_CLE,CLE,309.0,29,19,3,127.0,28,1,309.0,29,19,3,162,301.6,2.2,71.8,0.6,301.6,2.2,24.6,25.2,44.0,25.2
2023_18_CLE_CIN,CLE,166.0,25,13,2,104.0,24,0,166.0,26,13,2,163,325.4,2.6,75.8,0.8,325.4,2.6,25.4,25.0,41.4,25.0
2024_01_DAL_CLE,CLE,169.0,43,24,1,93.0,19,1,169.0,45,24,1,164,307.8,2.6,79.2,0.8,307.8,2.6,25.6,23.0,37.8,23.0
2024_02_CLE_JAX,CLE,186.0,33,22,0,125.0,29,1,186.0,34,22,0,165,279.4,2.2,81.4,0.8,279.4,2.2,23.8,22.6,37.8,22.6
2024_03_NYG_CLE,CLE,196.0,35,21,2,69.0,18,0,196.0,37,21,2,166,240.8,1.8,100.6,1.0,240.8,1.8,26.0,21.2,35.6,21.2
2024_04_CLE_LV,CLE,176.0,32,24,1,92.0,22,0,176.0,32,24,1,167,205.2,1.6,103.6,0.6,205.2,1.6,23.6,19.8,34.2,19.8
2024_05_CLE_WAS,CLE,141.0,28,16,1,104.0,23,0,141.0,29,16,1,168,178.6,1.2,96.6,0.4,178.6,1.2,22.4,20.8,34.8,20.8
2024_06_CLE_PHI,CLE,168.0,23,16,0,100.0,25,0,168.0,23,16,0,169,173.6,1.0,96.6,0.4,173.6,1.0,22.2,21.4,35.4,21.4
2024_07_CIN_CLE,CLE,277.0,48,31,1,77.0,21,1,277.0,52,31,1,170,173.4,0.8,98.0,0.2,173.4,0.8,23.4,19.8,31.0,19.8
2024_08_BAL_CLE,CLE,334.0,41,27,3,80.0,23,0,334.0,41,27,3,171,191.6,1.0,88.4,0.2,191.6,1.0,21.8,21.6,34.6,21.6
2024_09_LAC_CLE,CLE,235.0,46,26,1,79.0,24,0,235.0,46,26,1,172,219.2,1.2,90.6,0.2,219.2,1.2,22.8,22.8,35.4,22.8
2024_11_CLE_NO,CLE,395.0,45,30,2,66.0,20,0,395.0,47,30,2,173,231.0,1.2,88.0,0.2,231.0,1.2,23.2,23.2,38.2,23.2
2024_12_PIT_CLE,CLE,219.0,27,18,0,85.0,27,3,219.0,27,18,0,174,281.8,1.4,80.4,0.2,281.8,1.4,22.6,26.0,41.8,26.0
2024_13_CLE_DEN,CLE,497.0,57,34,4,77.0,23,0,497.0,58,34,4,175,292.0,1.4,77.4,0.8,292.0,1.4,23.0,26.4,42.6,26.4
2024_14_CLE_PIT,CLE,212.0,37,24,2,104.0,25,0,212.0,41,24,2,176,336.0,2.0,77.4,0.6,336.0,2.0,23.4,27.0,43.8,27.0
2024_15_KC_CLE,CLE,164.0,32,20,0,139.0,21,1,164.0,34,20,0,177,311.6,1.8,82.2,0.6,311.6,1.8,23.8,26.4,43.8,26.4
2024_16_CLE_CIN,CLE,157.0,31,20,0,148.0,24,1,157.0,34,20,0,178,297.4,1.6,94.2,0.8,297.4,1.6,23.2,25.2,41.4,25.2
2024_17_MIA_CLE,CLE,170.0,43,24,0,114.0,28,0,170.0,47,24,0,179,249.8,1.2,110.6,1.0,249.8,1.2,24.0,23.2,38.8,23.2
2024_18_CLE_BAL,CLE,183.0,33,18,1,56.0,19,0,183.0,34,18,1,180,240.0,1.2,116.4,0.4,240.0,1.2,24.2,24.4,42.8,24.4
2014_01_SF_DAL,DAL,281.0,37,23,1,127.0,23,1,281.0,37,23,1,1,,,,,,,,,,
2014_02_DAL_TEN,DAL,176.0,29,19,1,220.0,43,1,176.0,29,19,1,2,281.0,1.0,127.0,1.0,281.0,1.0,23.0,23.0,37.0,23.0
2014_03_DAL_STL,DAL,217.0,23,18,2,123.0,29,1,217.0,23,18,2,3,228.5,1.0,173.5,1.0,228.5,1.0,33.0,21.0,33.0,21.0
2014_04_NO_DAL,DAL,262.0,29,22,3,190.0,35,2,262.0,29,22,3,4,224.66666666666666,1.3333333333333333,156.66666666666666,1.0,224.66666666666666,1.3333333333333333,31.666666666666668,20.0,29.666666666666668,20.0
2014_05_HOU_DAL,DAL,324.0,40,28,2,140.0,33,0,324.0,41,28,2,5,234.0,1.75,165.0,1.25,234.0,1.75,32.5,20.5,29.5,20.5
2014_06_DAL_SEA,DAL,250.0,32,21,2,162.0,36,1,250.0,32,21,2,6,252.0,1.8,160.0,1.0,252.0,1.8,32.6,22.0,31.8,22.0
2014_07_NYG_DAL,DAL,279.0,23,17,3,156.0,35,1,279.0,23,17,3,7,245.8,2.0,167.0,1.0,245.8,2.0,35.2,21.6,30.8,21.6
2014_08_WAS_DAL,DAL,278.0,33,21,2,171.0,25,0,278.0,34,21,2,8,266.4,2.4,154.2,1.0,266.4,2.4,33.6,21.2,29.6,21.2
2014_09_ARI_DAL,DAL,183.0,33,18,1,92.0,25,0,183.0,33,18,1,9,278.6,2.4,163.8,0.8,278.6,2.4,32.8,21.8,31.8,21.8
2014_10_DAL_JAX,DAL,254.0,28,21,3,151.0,30,1,254.0,28,21,3,10,262.8,2.0,144.2,0.4,262.8,2.0,30.8,21.0,32.6,21.0
2014_12_DAL_NYG,DAL,275.0,25,18,4,119.0,25,0,275.0,26,18,4,11,248.8,2.2,146.4,0.6,248.8,2.2,30.2,19.6,30.0,19.6
2014_13_PHI_DAL,DAL,199.0,29,18,0,93.0,25,1,199.0,29,18,0,12,253.8,2.6,137.8,0.4,253.8,2.6,28.0,19.0,28.8,19.0
2014_14_DAL_CHI,DAL,205.0,26,21,3,194.0,35,2,205.0,26,21,3,13,237.8,2.0,125.2,0.4,237.8,2.0,26.0,19.2,30.0,19.2
2014_15_DAL_PHI,DAL,265.0,29,22,3,115.0,42,2,265.0,31,22,3,14,223.2,2.2,129.8,0.8,223.2,2.2,28.0,19.2,28.4,19.2
2014_16_IND_DAL,DAL,261.0,21,19,5,127.0,40,1,261.0,21,19,5,15,239.6,2.6,134.4,1.2,239.6,2.6,31.4,20.0,28.0,20.0
2014_17_DAL_WAS,DAL,299.0,34,22,2,174.0,27,2,299.0,34,22,2,16,241.0,3.0,129.6,1.2,241.0,3.0,33.4,19.6,26.6,19.6
2015_01_NYG_DAL,DAL,356.0,45,36,3,80.0,23,0,356.0,45,36,3,17,245.8,2.6,140.6,1.6,245.8,2.6,33.8,20.4,28.2,20.4
2015_02_DAL_PHI,DAL,268.0,34,25,1,109.0,33,0,268.0,34,25,1,18,277.2,3.2,138.0,1.4,277.2,3.2,33.4,24.0,31.4,24.0
2015_03_ATL_DAL,DAL,232.0,26,22,0,127.0,21,4,232.0,26,22,0,19,289.8,2.8,121.0,1.0,289.8,2.8,33.0,24.8,33.0,24.8
2015_04_DAL_NO,DAL,246.0,26,16,1,115.0,28,1,246.0,26,16,1,20,283.2,2.2,123.4,1.4,283.2,2.2,28.8,24.8,32.0,24.8
2015_05_NE_DAL,DAL,187.0,39,26,0,102.0,24,0,187.0,39,26,0,21,280.2,1.4,121.0,1.4,280.2,1.4,26.4,24.2,33.0,24.2
2015_07_DAL_NYG,DAL,227.0,27,17,1,233.0,41,1,227.0,27,17,1,22,257.8,1.0,106.6,1.0,257.8,1.0,25.8,25.0,34.0,25.0
2015_08_SEA_DAL,DAL,97.0,26,13,0,129.0,30,0,97.0,26,13,0,23,232.0,0.6,137.2,1.2,232.0,0.6,29.4,21.2,30.4,21.2
2015_09_PHI_DAL,DAL,299.0,37,25,3,134.0,29,0,299.0,38,25,3,24,197.8,0.4,141.2,1.2,197.8,0.4,28.8,18.8,28.8,18.8
2015_10_DAL_TB,DAL,186.0,28,19,0,42.0,21,0,186.0,29,19,0,25,211.2,1.0,142.6,0.4,211.2,1.0,30.4,19.4,31.2,19.4
2015_11_DAL_MIA,DAL,227.0,28,18,2,166.0,38,0,227.0,28,18,2,26,199.2,0.8,128.0,0.2,199.2,0.8,29.0,20.0,31.8,20.0
2015_12_CAR_DAL,DAL,199.0,38,24,1,31.0,14,0,199.0,40,24,1,27,207.2,1.2,140.8,0.2,207.2,1.2,31.8,18.4,29.6,18.4
2015_13_DAL_WAS,DAL,223.0,28,16,0,97.0,24,1,223.0,29,16,0,28,201.6,1.2,100.4,0.0,201.6,1.2,26.4,19.8,32.2,19.8
2015_14_DAL_GB,DAL,114.0,28,13,0,171.0,20,1,114.0,29,13,0,29,226.8,1.2,94.0,0.2,226.8,1.2,25.2,20.4,32.8,20.4
2015_15_NYJ_DAL,DAL,195.0,31,18,1,133.0,21,0,195.0,33,18,1,30,189.8,0.6,101.4,0.4,189.8,0.6,23.4,18.0,31.0,18.0
2015_16_DAL_BUF,DAL,186.0,30,13,0,121.0,25,0,186.0,31,13,0,31,191.6,0.8,119.6,0.4,191.6,0.8,23.4,17.8,31.8,17.8
2015_17_WAS_DAL,DAL,435.0,48,33,3,100.0,16,0,435.0,48,33,3,32,183.4,0.4,110.6,0.4,183.4,0.4,20.8,16.8,32.4,16.8
2016_01_NYG_DAL,DAL,227.0,43,25,0,101.0,30,1,227.0,45,25,0,33,230.6,0.8,124.4,0.4,230.6,0.8,21.2,18.6,34.0,18.6
2016_02_DAL_WAS,DAL,292.0,30,22,0,102.0,30,3,292.0,30,22,0,34,231.4,0.8,125.2,0.4,231.4,0.8,22.4,20.4,37.2,20.4
2016_03_CHI_DAL,DAL,248.0,24,19,1,199.0,41,3,248.0,24,19,1,35,267.0,0.8,111.4,0.8,267.0,0.8,24.4,22.2,37.4,22.2
2016_04_DAL_SF,DAL,245.0,32,23,2,194.0,39,1,245.0,32,23,2,36,277.6,0.8,124.6,1.4,277.6,0.8,28.4,22.4,35.6,22.4
2016_05_CIN_DAL,DAL,227.0,24,18,1,180.0,29,3,227.0,24,18,1,37,289.4,1.2,139.2,1.6,289.4,1.2,31.2,24.4,35.8,24.4
2016_06_DAL_GB,DAL,247.0,27,18,3,191.0,33,0,247.0,27,18,3,38,247.8,0.8,155.2,2.2,247.8,0.8,33.8,21.4,31.0,21.4
2016_08_PHI_DAL,DAL,287.0,40,19,2,187.0,34,1,287.0,40,19,2,39,251.8,1.4,173.2,2.0,251.8,1.4,34.4,20.0,27.4,20.0
2016_09_DAL_CLE,DAL,255.0,28,22,3,168.0,42,2,255.0,28,22,3,40,250.8,1.8,190.2,1.6,250.8,1.8,35.2,19.4,29.4,19.4
2016_10_DAL_PIT,DAL,319.0,32,22,2,127.0,25,2,319.0,32,22,2,41,252.2,2.2,184.0,1.4,252.2,2.2,35.4,20.0,30.2,20.0
2016_11_BAL_DAL,DAL,301.0,36,27,3,118.0,30,0,301.0,36,27,3,42,267.0,2.2,170.6,1.6,267.0,2.2,32.6,19.8,30.2,19.8
2016_12_WAS_DAL,DAL,195.0,23,17,1,163.0,30,3,195.0,24,17,1,43,281.8,2.6,158.2,1.0,281.8,2.6,32.8,21.6,32.6,21.6
2016_13_DAL_MIN,DAL,139.0,18,12,1,140.0,28,1,139.0,18,12,1,44,271.4,2.2,152.6,1.6,271.4,2.2,32.2,21.4,32.0,21.4
2016_14_DAL_NYG,DAL,165.0,37,17,1,108.0,25,0,165.0,37,17,1,45,241.8,2.0,143.2,1.6,241.8,2.0,31.0,20.0,27.6,20.0
2016_15_TB_DAL,DAL,279.0,36,32,0,185.0,32,2,279.0,36,32,0,46,223.8,1.6,131.2,1.2,223.8,1.6,27.6,19.0,29.4,19.0
2016_16_DET_DAL,DAL,222.0,21,16,4,164.0,30,2,222.0,21,16,4,47,215.8,1.2,142.8,1.2,215.8,1.2,29.0,21.0,30.2,21.0
2016_17_DAL_PHI,DAL,151.0,28,16,1,69.0,21,0,151.0,29,16,1,48,200.0,1.4,152.0,1.6,200.0,1.4,29.0,18.8,27.2,18.8
2017_01_NYG_DAL,DAL,268.0,38,24,1,129.0,31,0,268.0,39,24,1,49,191.2,1.4,133.2,1.0,191.2,1.4,27.2,18.6,28.2,18.6
2017_02_DAL_DEN,DAL,238.0,49,30,2,40.0,14,0,238.0,50,30,2,50,217.0,1.4,131.0,0.8,217.0,1.4,27.8,21.0,32.4,21.0
2017_03_DAL_ARI,DAL,183.0,18,13,2,99.0,26,2,183.0,18,13,2,51,231.6,1.6,117.4,0.8,231.6,1.6,25.6,23.6,35.0,23.6
2017_04_LA_DAL,DAL,252.0,35,20,3,189.0,27,1,252.0,36,20,3,52,212.4,2.0,100.2,0.8,212.4,2.0,24.4,19.8,31.4,19.8
2017_05_GB_DAL,DAL,251.0,36,25,3,163.0,35,1,251.0,36,25,3,53,218.4,1.8,105.2,0.6,218.4,1.8,23.8,20.6,34.4,20.6
2017_07_DAL_SF,DAL,236.0,27,17,3,265.0,43,3,236.0,27,17,3,54,238.4,2.2,124.0,0.8,238.4,2.2,26.6,22.4,35.8,22.4
2017_08_DAL_WAS,DAL,143.0,22,14,0,169.0,39,2,143.0,22,14,0,55,232.0,2.6,151.2,1.4,232.0,2.6,29.0,21.0,33.4,21.0
2017_09_KC_DAL,DAL,249.0,31,21,2,131.0,31,2,249.0,33,21,2,56,213.0,2.2,177.0,1.8,213.0,2.2,34.0,17.8,27.8,17.8
2017_10_DAL_ATL,DAL,176.0,30,20,0,107.0,21,1,176.0,30,20,0,57,226.2,2.2,183.4,1.8,226.2,2.2,35.0,19.4,30.8,19.4
2017_11_PHI_DAL,DAL,145.0,31,18,0,112.0,27,0,145.0,32,18,0,58,211.0,1.6,167.0,1.8,211.0,1.6,33.8,19.4,29.6,19.4
2017_12_LAC_DAL,DAL,179.0,25,20,0,79.0,20,1,179.0,27,20,0,59,189.8,1.0,156.8,1.6,189.8,1.0,32.2,18.0,28.8,18.0
2017_13_WAS_DAL,DAL,102.0,22,11,2,182.0,42,2,102.0,22,11,2,60,178.4,0.4,119.6,1.2,178.4,0.4,27.6,18.6,28.8,18.6
2017_14_DAL_NYG,DAL,332.0,30,20,3,122.0,31,1,332.0,30,20,3,61,170.2,0.8,122.2,1.2,170.2,0.8,28.2,18.0,28.8,18.0
2017_15_DAL_OAK,DAL,212.0,27,18,0,126.0,31,2,212.0,27,18,0,62,186.8,1.0,120.4,1.0,186.8,1.0,28.2,17.8,28.2,17.8
2017_16_SEA_DAL,DAL,181.0,34,21,0,128.0,30,0,181.0,34,21,0,63,194.0,1.0,124.2,1.2,194.0,1.0,30.2,17.4,27.6,17.4
2017_17_DAL_PHI,DAL,179.0,30,17,1,129.0,32,0,179.0,30,17,1,64,201.2,1.0,127.4,1.2,201.2,1.0,30.8,18.0,28.0,18.0
2018_01_DAL_CAR,DAL,170.0,29,19,0,94.0,22,1,170.0,29,19,0,65,201.2,1.2,137.4,1.0,201.2,1.2,33.2,17.4,28.6,17.4
2018_02_NYG_DAL,DAL,160.0,23,16,1,138.0,25,1,160.0,25,16,1,66,214.8,0.8,119.8,0.8,214.8,0.8,29.2,19.0,30.0,19.0
2018_03_DAL_SEA,DAL,168.0,34,19,1,166.0,19,0,168.0,34,19,1,67,180.4,0.4,123.0,0.8,180.4,0.4,28.0,18.2,29.0,18.2
2018_04_DET_DAL,DAL,255.0,27,17,2,183.0,35,0,255.0,27,17,2,68,171.6,0.6,131.0,0.4,171.6,0.6,25.6,18.4,30.4,18.4
2018_05_DAL_HOU,DAL,208.0,28,18,1,98.0,29,0,208.0,29,18,1,69,186.4,1.0,142.0,0.4,186.4,1.0,26.6,17.6,29.0,17.6
2018_06_JAX_DAL,DAL,183.0,26,17,2,206.0,42,2,183.0,27,17,2,70,192.2,1.0,135.8,0.4,192.2,1.0,26.0,17.8,28.8,17.8
2018_07_DAL_WAS,DAL,273.0,35,22,1,73.0,22,1,273.0,35,22,1,71,194.8,1.4,158.2,0.6,194.8,1.4,30.0,17.4,28.4,17.4
2018_09_TEN_DAL,DAL,243.0,31,21,2,72.0,19,0,243.0,32,21,2,72,217.4,1.4,145.2,0.6,217.4,1.4,29.4,18.6,30.4,18.6
2018_10_DAL_PHI,DAL,270.0,34,26,1,171.0,28,2,270.0,36,26,1,73,232.4,1.6,126.4,0.6,232.4,1.6,29.4,19.0,30.0,19.0
2018_11_DAL_ATL,DAL,208.0,32,22,0,132.0,29,2,208.0,32,22,0,74,235.4,1.4,124.0,1.0,235.4,1.4,28.0,20.8,31.8,20.8
2018_12_WAS_DAL,DAL,289.0,31,22,2,146.0,34,2,289.0,31,22,2,75,235.4,1.2,130.8,1.4,235.4,1.2,28.0,21.6,32.4,21.6
2018_13_NO_DAL,DAL,249.0,28,24,1,99.0,31,0,249.0,28,24,1,76,256.6,1.2,118.8,1.4,256.6,1.2,26.4,22.6,33.2,22.6
2018_14_PHI_DAL,DAL,455.0,53,42,3,142.0,36,0,455.0,54,42,3,77,251.8,1.2,124.0,1.2,251.8,1.2,28.2,23.0,31.8,23.0
2018_15_DAL_IND,DAL,206.0,38,24,0,112.0,22,0,206.0,39,24,0,78,294.2,1.4,138.0,1.2,294.2,1.4,31.6,27.2,36.2,27.2
2018_16_TB_DAL,DAL,161.0,25,20,1,80.0,24,1,161.0,25,20,1,79,281.4,1.2,126.2,0.8,281.4,1.2,30.4,26.8,36.8,26.8
2018_17_DAL_NYG,DAL,387.0,43,27,4,51.0,22,1,387.0,44,27,4,80,272.0,1.4,115.8,0.6,272.0,1.4,29.4,26.4,35.4,26.4
2019_01_NYG_DAL,DAL,405.0,32,25,4,89.0,30,1,405.0,32,25,4,81,291.6,1.8,96.8,0.4,291.6,1.8,27.0,27.4,38.0,27.4
2019_02_DAL_WAS,DAL,269.0,30,26,3,213.0,34,1,269.0,30,26,3,82,322.8,2.4,94.8,0.6,322.8,2.4,26.8,27.6,38.8,27.6
2019_03_MIA_DAL,DAL,246.0,30,19,2,235.0,34,2,246.0,32,19,2,83,285.6,2.4,109.0,0.8,285.6,2.4,26.4,24.4,34.0,24.4
2019_04_DAL_NO,DAL,223.0,30,22,0,45.0,20,1,223.0,33,22,0,84,293.6,2.8,133.6,1.2,293.6,2.8,28.8,23.4,32.6,23.4
2019_05_GB_DAL,DAL,463.0,42,27,2,122.0,21,1,463.0,44,27,2,85,306.0,2.6,126.6,1.2,306.0,2.6,28.0,23.8,34.2,23.8
2019_06_DAL_NYJ,DAL,278.0,39,28,0,129.0,34,2,278.0,40,28,0,86,321.2,2.2,140.8,1.2,321.2,2.2,27.8,23.8,34.2,23.8
2019_07_PHI_DAL,DAL,239.0,25,21,1,189.0,36,3,239.0,27,21,1,87,295.8,1.4,148.8,1.4,295.8,1.4,28.6,24.4,35.8,24.4
2019_09_DAL_NYG,DAL,257.0,34,22,3,172.0,30,0,257.0,35,22,3,88,289.8,1.0,144.0,1.8,289.8,1.0,29.0,23.4,35.2,23.4
2019_10_MIN_DAL,DAL,397.0,44,28,3,50.0,22,0,397.0,47,28,3,89,292.0,1.2,131.4,1.4,292.0,1.2,28.2,24.0,35.8,24.0
2019_11_DAL_DET,DAL,444.0,45,29,3,75.0,24,1,444.0,46,29,3,90,326.8,1.8,132.4,1.2,326.8,1.8,28.6,25.2,38.6,25.2
2019_12_DAL_NE,DAL,212.0,32,19,0,109.0,26,0,212.0,33,19,0,91,323.0,2.0,123.0,1.2,323.0,2.0,29.2,25.6,39.0,25.6
2019_13_BUF_DAL,DAL,355.0,49,32,2,103.0,19,0,355.0,49,32,2,92,309.8,2.0,119.0,0.8,309.8,2.0,27.6,23.8,37.6,23.8
2019_14_DAL_CHI,DAL,334.0,46,27,1,82.0,22,2,334.0,49,27,1,93,333.0,2.2,101.8,0.2,333.0,2.2,24.2,26.0,42.0,26.0
2019_15_LA_DAL,DAL,212.0,22,15,2,263.0,45,3,212.0,23,15,2,94,348.4,1.8,83.8,0.6,348.4,1.8,22.6,27.0,44.8,27.0
2019_16_DAL_PHI,DAL,265.0,44,25,0,54.0,16,0,265.0,44,25,0,95,311.4,1.6,126.4,1.2,311.4,1.6,27.2,24.4,40.0,24.4
2019_17_WAS_DAL,DAL,303.0,32,23,4,223.0,36,1,303.0,33,23,4,96,275.6,1.0,122.2,1.0,275.6,1.0,25.6,23.6,39.6,23.6
2020_01_DAL_LA,DAL,266.0,37,25,1,136.0,27,1,266.0,39,25,1,97,293.8,1.8,145.0,1.2,293.8,1.8,27.6,24.4,39.6,24.4
2020_02_ATL_DAL,DAL,450.0,47,34,1,125.0,31,4,450.0,49,34,1,98,276.0,1.6,151.6,1.4,276.0,1.6,29.2,23.0,37.6,23.0
2020_03_DAL_SEA,DAL,472.0,56,37,3,61.0,21,1,472.0,57,37,3,99,299.2,1.6,160.2,1.8,299.2,1.6,31.0,24.4,37.6,24.4
2020_04_CLE_DAL,DAL,502.0,58,41,4,85.0,18,1,502.0,58,41,4,100,351.2,1.8,119.8,1.4,351.2,1.8,26.2,28.8,44.4,28.8
2020_05_NYG_DAL,DAL,288.0,33,24,1,126.0,29,2,288.0,33,24,1,101,398.6,2.6,126.0,1.6,398.6,2.6,26.6,32.0,47.2,32.0
2020_06_ARI_DAL,DAL,266.0,52,34,1,97.0,27,0,266.0,54,34,1,102,395.6,2.0,106.6,1.8,395.6,2.0,25.2,32.2,47.2,32.2
2020_07_DAL_WAS,DAL,114.0,21,11,0,83.0,26,0,114.0,22,11,0,103,395.6,2.0,98.8,1.6,395.6,2.0,25.2,34.0,50.2,34.0
2020_08_DAL_PHI,DAL,180.0,38,21,0,133.0,35,0,180.0,40,21,0,104,328.4,1.8,90.4,0.8,328.4,1.8,24.2,29.4,44.8,29.4
2020_09_PIT_DAL,DAL,243.0,37,21,1,144.0,31,0,243.0,38,21,1,105,270.0,1.2,104.8,0.6,270.0,1.2,27.0,26.2,41.4,26.2
2020_11_DAL_MIN,DAL,203.0,31,22,3,180.0,31,1,203.0,32,22,3,106,218.2,0.6,116.6,0.4,218.2,0.6,29.6,22.2,37.4,22.2
2020_12_WAS_DAL,DAL,215.0,34,25,1,60.0,18,0,215.0,35,25,1,107,201.2,1.0,127.4,0.2,201.2,1.0,30.0,21.8,37.2,21.8
2020_13_DAL_BAL,DAL,285.0,45,31,2,111.0,28,0,285.0,48,31,2,108,191.0,1.0,120.0,0.2,191.0,1.0,28.2,20.0,33.4,20.0
2020_14_DAL_CIN,DAL,185.0,22,16,2,101.0,25,0,185.0,23,16,2,109,225.2,1.4,125.6,0.2,225.2,1.4,28.6,24.0,38.6,24.0
2020_15_SF_DAL,DAL,221.0,32,20,2,87.0,22,2,221.0,34,20,2,110,226.2,1.8,119.2,0.2,226.2,1.8,26.6,23.0,35.2,23.0
2020_16_PHI_DAL,DAL,377.0,30,22,3,151.0,34,1,377.0,30,22,3,111,221.8,2.0,107.8,0.6,221.8,2.0,24.8,22.8,34.4,22.8
2020_17_DAL_NYG,DAL,244.0,44,29,0,108.0,27,1,244.0,47,29,0,112,256.6,2.0,102.0,0.6,256.6,2.0,25.4,22.8,34.0,22.8
2021_01_DAL_TB,DAL,403.0,57,42,3,60.0,18,0,403.0,58,42,3,113,262.4,1.8,111.6,0.8,262.4,1.8,27.2,23.6,36.4,23.6
2021_02_DAL_LAC,DAL,237.0,27,23,0,198.0,31,2,237.0,27,23,0,114,286.0,2.0,101.4,0.8,286.0,2.0,25.2,25.8,38.4,25.8
2021_03_PHI_DAL,DAL,238.0,25,21,3,160.0,41,2,238.0,26,21,3,115,296.4,1.6,120.8,1.2,296.4,1.6,26.4,27.2,39.2,27.2
2021_04_CAR_DAL,DAL,188.0,22,14,4,245.0,34,1,188.0,22,14,4,116,299.8,1.8,135.4,1.2,299.8,1.8,30.2,27.4,37.6,27.4
2021_05_NYG_DAL,DAL,324.0,32,23,3,201.0,39,1,324.0,33,23,3,117,262.0,2.0,154.2,1.2,262.0,2.0,30.2,25.8,36.0,25.8
2021_06_DAL_NE,DAL,445.0,49,36,3,122.0,31,0,445.0,51,36,3,118,278.0,2.6,172.8,1.2,278.0,2.6,32.6,24.6,33.2,24.6
2021_08_DAL_MIN,DAL,360.0,41,25,2,78.0,24,0,360.0,41,25,2,119,286.4,2.6,185.2,1.2,286.4,2.6,35.2,23.4,31.8,23.4
2021_09_DEN_DAL,DAL,232.0,39,19,2,78.0,16,0,232.0,39,19,2,120,311.0,3.0,161.2,0.8,311.0,3.0,33.8,23.8,34.6,23.8
2021_10_ATL_DAL,DAL,317.0,33,28,2,114.0,37,3,317.0,35,28,2,121,309.8,2.8,144.8,0.4,309.8,2.8,28.8,23.4,37.2,23.4
2021_11_DAL_KC,DAL,216.0,42,28,0,82.0,16,0,216.0,43,28,0,122,335.6,2.4,118.6,0.8,335.6,2.4,29.4,26.2,39.8,26.2
2021_12_LV_DAL,DAL,375.0,47,32,2,64.0,20,1,375.0,47,32,2,123,314.0,1.8,94.8,0.6,314.0,1.8,24.8,27.2,41.8,27.2
2021_13_DAL_NO,DAL,238.0,40,26,1,146.0,24,1,238.0,40,26,1,124,300.0,1.6,83.2,0.8,300.0,1.6,22.6,26.4,41.0,26.4
2021_14_DAL_WAS,DAL,211.0,39,22,1,122.0,35,0,211.0,39,22,1,125,275.6,1.4,96.8,1.0,275.6,1.4,22.6,26.6,40.8,26.6
2021_15_DAL_NYG,DAL,217.0,37,28,1,125.0,30,1,217.0,37,28,1,126,271.4,1.2,105.6,1.0,271.4,1.2,26.4,27.2,40.8,27.2
2021_16_WAS_DAL,DAL,400.0,41,30,5,108.0,28,1,400.0,42,30,5,127,251.4,1.0,107.8,0.6,251.4,1.0,25.0,27.2,41.2,27.2
2021_17_ARI_DAL,DAL,257.0,38,25,3,45.0,17,0,257.0,39,25,3,128,288.2,2.0,113.0,0.8,288.2,2.0,27.4,27.6,41.0,27.6
2021_18_DAL_PHI,DAL,305.0,28,22,5,171.0,32,2,305.0,28,22,5,129,264.6,2.2,109.2,0.6,264.6,2.2,26.8,26.2,39.4,26.2
2022_01_TB_DAL,DAL,198.0,41,21,0,71.0,18,0,198.0,42,21,0,130,278.0,3.0,114.2,0.8,278.0,3.0,28.4,25.4,37.0,25.4
2022_02_CIN_DAL,DAL,235.0,30,19,1,107.0,27,1,235.0,31,19,1,131,275.4,2.8,104.0,0.8,275.4,2.8,25.0,25.2,37.6,25.2
2022_03_DAL_NYG,DAL,215.0,30,21,1,176.0,30,1,215.0,31,21,1,132,279.0,2.8,100.4,0.8,279.0,2.8,24.4,23.4,36.4,23.4
2022_04_WAS_DAL,DAL,223.0,26,15,2,62.0,29,0,223.0,27,15,2,133,242.0,2.0,114.0,0.8,242.0,2.0,24.8,21.6,34.2,21.6
2022_05_DAL_LA,DAL,102.0,16,10,0,163.0,34,1,102.0,16,10,0,134,235.2,1.8,117.4,0.8,235.2,1.8,27.2,19.6,31.8,19.6
2022_06_DAL_PHI,DAL,181.0,37,18,1,134.0,26,1,181.0,38,18,1,135,194.6,0.8,115.8,0.6,194.6,0.8,27.6,17.2,29.4,17.2
2022_07_DET_DAL,DAL,207.0,25,19,1,139.0,32,2,207.0,25,19,1,136,191.2,1.0,128.4,0.8,191.2,1.0,29.2,16.6,28.6,16.6
2022_08_CHI_DAL,DAL,250.0,26,21,2,200.0,29,4,250.0,27,21,2,137,185.6,1.0,134.8,1.0,185.6,1.0,30.2,16.6,27.4,16.6
2022_10_DAL_GB,DAL,265.0,44,27,3,159.0,31,1,265.0,46,27,3,138,192.6,1.2,139.6,1.6,192.6,1.2,30.0,16.6,26.6,16.6
2022_11_DAL_MIN,DAL,307.0,30,26,2,151.0,40,2,307.0,30,26,2,139,201.0,1.4,159.0,1.8,201.0,1.4,30.4,19.0,30.4,19.0
2022_12_NYG_DAL,DAL,261.0,29,21,2,169.0,39,2,261.0,30,21,2,140,242.0,1.8,156.6,2.0,242.0,1.8,31.6,22.2,33.2,22.2
2022_13_IND_DAL,DAL,170.0,30,20,3,220.0,34,4,170.0,30,20,3,141,258.0,2.0,163.6,2.2,258.0,2.0,34.2,22.8,31.6,22.8
2022_14_HOU_DAL,DAL,284.0,39,24,1,127.0,31,2,284.0,39,24,1,142,250.6,2.4,179.8,2.6,250.6,2.4,34.6,23.0,32.6,23.0
2022_15_DAL_JAX,DAL,256.0,30,23,3,154.0,41,1,256.0,30,23,3,143,257.4,2.2,165.2,2.2,257.4,2.2,35.0,23.6,35.0,23.6
2022_16_PHI_DAL,DAL,347.0,35,27,3,115.0,31,1,347.0,35,27,3,144,255.6,2.2,164.2,2.2,255.6,2.2,37.0,22.8,31.8,22.8
2022_17_DAL_TEN,DAL,282.0,41,29,2,87.0,32,1,282.0,41,29,2,145,263.6,2.4,157.0,2.0,263.6,2.4,35.2,23.0,32.8,23.0
2022_18_DAL_WAS,DAL,128.0,36,14,1,64.0,27,0,128.0,38,14,1,146,267.8,2.4,140.6,1.8,267.8,2.4,33.8,24.6,35.0,24.6
2023_01_DAL_NYG,DAL,143.0,25,13,0,122.0,30,3,143.0,25,13,0,147,259.4,2.0,109.4,1.0,259.4,2.0,32.4,23.4,36.6,23.4
2023_02_NYJ_DAL,DAL,255.0,37,31,2,134.0,44,0,255.0,38,31,2,148,231.2,1.8,108.4,1.2,231.2,1.8,32.2,21.2,33.8,21.2
2023_03_DAL_ARI,DAL,249.0,37,25,1,185.0,33,0,249.0,40,25,1,149,231.0,1.6,104.4,1.0,231.0,1.6,32.8,22.8,35.4,22.8
2023_04_NE_DAL,DAL,281.0,36,30,1,124.0,30,1,281.0,36,30,1,150,211.4,1.2,118.4,0.8,211.4,1.2,33.2,22.4,36.4,22.4
2023_05_DAL_SF,DAL,161.0,26,16,1,57.0,19,0,161.0,26,16,1,151,211.2,1.0,125.8,0.8,211.2,1.0,32.8,22.6,35.4,22.6
2023_06_DAL_LAC,DAL,272.0,30,21,1,96.0,26,1,272.0,30,21,1,152,217.8,1.0,124.4,0.8,217.8,1.0,31.2,23.0,33.0,23.0
2023_08_LA_DAL,DAL,307.0,34,27,4,102.0,26,0,307.0,34,27,4,153,243.6,1.2,119.2,0.4,243.6,1.2,30.4,24.6,34.0,24.6
2023_09_DAL_PHI,DAL,374.0,44,29,3,73.0,21,0,374.0,44,29,3,154,254.0,1.6,112.8,0.4,254.0,1.6,26.8,23.8,33.2,23.8
2023_10_NYG_DAL,DAL,472.0,44,33,4,168.0,33,3,472.0,44,33,4,155,279.0,2.0,90.4,0.4,279.0,2.0,24.4,24.6,34.0,24.6
2023_11_DAL_CAR,DAL,204.0,40,27,2,107.0,27,1,204.0,41,27,2,156,317.2,2.6,99.2,0.8,317.2,2.6,25.0,25.2,35.6,25.2
2023_12_WAS_DAL,DAL,331.0,32,22,4,100.0,18,1,331.0,32,22,4,157,325.8,2.8,109.2,1.0,325.8,2.8,26.6,27.4,38.6,27.4
2023_13_SEA_DAL,DAL,299.0,40,29,3,136.0,34,1,299.0,41,29,3,158,337.6,3.4,110.0,1.0,337.6,3.4,25.0,27.6,39.0,27.6
2023_14_PHI_DAL,DAL,271.0,39,24,2,138.0,32,1,271.0,39,24,2,159,336.0,3.2,116.8,1.2,336.0,3.2,26.6,28.0,40.4,28.0
2023_15_DAL_BUF,DAL,134.0,32,21,0,89.0,20,1,134.0,34,21,0,160,315.4,3.0,129.8,1.4,315.4,3.0,28.8,27.0,39.4,27.0
2023_16_DAL_MIA,DAL,253.0,32,20,2,97.0,25,0,253.0,32,20,2,161,247.8,2.2,114.0,1.0,247.8,2.2,26.2,24.6,37.4,24.6
2023_17_DET_DAL,DAL,345.0,37,26,2,61.0,21,0,345.0,38,26,2,162,257.6,2.2,112.0,0.8,257.6,2.2,25.8,23.2,35.6,23.2
2023_18_DAL_WAS,DAL,309.0,40,34,4,131.0,29,1,309.0,40,34,4,163,260.4,1.8,104.2,0.6,260.4,1.8,26.4,24.0,36.8,24.0
2024_01_DAL_CLE,DAL,179.0,31,19,1,102.0,25,1,179.0,32,19,1,164,262.4,2.0,103.2,0.6,262.4,2.0,25.4,25.0,36.6,25.0
2024_02_NO_DAL,DAL,299.0,41,28,1,68.0,21,0,299.0,42,28,1,165,244.0,1.8,96.0,0.6,244.0,1.8,24.0,24.0,35.2,24.0
2024_03_BAL_DAL,DAL,379.0,50,28,2,51.0,16,1,379.0,51,28,2,166,277.0,2.0,91.8,0.4,277.0,2.0,24.2,25.4,36.8,25.4
2024_04_DAL_NYG,DAL,221.0,26,22,2,80.0,23,0,221.0,27,22,2,167,302.2,2.0,82.6,0.6,302.2,2.0,22.4,27.0,40.6,27.0
2024_05_DAL_PIT,DAL,352.0,41,29,2,109.0,31,0,352.0,42,29,2,168,277.4,2.0,86.4,0.6,277.4,2.0,22.8,26.2,38.4,26.2
2024_06_DET_DAL,DAL,224.0,43,25,0,53.0,17,0,224.0,44,25,0,169,286.0,1.6,82.0,0.4,286.0,1.6,23.2,25.2,38.8,25.2
2024_08_DAL_SF,DAL,243.0,37,25,2,56.0,19,1,243.0,38,25,2,170,295.0,1.4,72.2,0.2,295.0,1.4,21.6,26.4,41.2,26.4
2024_09_DAL_ATL,DAL,248.0,48,31,2,137.0,21,0,248.0,50,31,2,171,283.8,1.6,69.8,0.4,283.8,1.6,21.2,25.8,40.4,25.8
2024_10_PHI_DAL,DAL,66.0,29,17,0,97.0,24,0,66.0,29,17,0,172,257.6,1.6,87.0,0.2,257.6,1.6,22.2,26.4,40.2,26.4
2024_11_HOU_DAL,DAL,358.0,54,33,1,64.0,18,0,358.0,56,33,1,173,226.6,1.2,90.4,0.2,226.6,1.2,22.4,25.4,40.6,25.4
2024_12_DAL_WAS,DAL,247.0,32,24,2,91.0,28,0,247.0,32,24,2,174,227.8,1.0,81.4,0.2,227.8,1.0,19.8,26.2,43.4,26.2
2024_13_NYG_DAL,DAL,195.0,36,21,1,122.0,32,1,195.0,36,21,1,175,232.4,1.4,89.0,0.2,232.4,1.4,22.0,26.0,41.0,26.0
2024_14_CIN_DAL,DAL,183.0,31,16,2,156.0,25,0,183.0,31,16,2,176,222.8,1.2,102.2,0.2,222.8,1.2,24.6,25.2,40.6,25.2
2024_15_DAL_CAR,DAL,214.0,28,18,3,211.0,40,0,214.0,29,18,3,177,209.8,1.2,106.0,0.2,209.8,1.2,25.4,22.2,36.8,22.2
2024_16_TB_DAL,DAL,292.0,33,26,1,31.0,20,1,292.0,35,26,1,178,239.4,1.8,128.8,0.2,239.4,1.8,28.6,22.4,36.8,22.4
2024_17_DAL_PHI,DAL,148.0,29,16,1,127.0,30,0,148.0,29,16,1,179,226.2,1.8,122.2,0.4,226.2,1.8,29.0,21.0,32.6,21.0
2024_18_WAS_DAL,DAL,244.0,33,20,0,150.0,39,1,244.0,34,20,0,180,206.4,1.6,129.4,0.4,206.4,1.6,29.4,19.4,32.0,19.4
2014_01_IND_DEN,DEN,269.0,36,22,3,102.0,32,1,269.0,36,22,3,1,,,,,,,,,,
2014_02_KC_DEN,DEN,242.0,26,21,3,88.0,19,0,242.0,26,21,3,2,269.0,3.0,102.0,1.0,269.0,3.0,32.0,22.0,36.0,22.0
2014_03_DEN_SEA,DEN,303.0,48,31,2,36.0,20,0,303.0,49,31,2,3,255.5,3.0,95.0,0.5,255.5,3.0,25.5,21.5,31.0,21.5
2014_05_ARI_DEN,DEN,479.0,47,31,4,92.0,28,1,479.0,47,31,4,4,271.3333333333333,2.6666666666666665,75.33333333333333,0.3333333333333333,271.3333333333333,2.6666666666666665,23.666666666666668,24.666666666666668,37.0,24.666666666666668
2014_06_DEN_NYJ,DEN,237.0,32,22,3,138.0,33,0,237.0,33,22,3,5,323.25,3.0,79.5,0.5,323.25,3.0,24.75,26.25,39.5,26.25
2014_07_SF_DEN,DEN,318.0,27,22,4,115.0,27,2,318.0,27,22,4,6,306.0,3.0,91.2,0.4,306.0,3.0,26.4,25.4,38.2,25.4
2014_08_SD_DEN,DEN,286.0,35,25,3,139.0,30,2,286.0,35,25,3,7,315.8,3.2,93.8,0.6,315.8,3.2,25.4,25.4,36.4,25.4
2014_09_DEN_NE,DEN,438.0,57,34,2,43.0,17,1,438.0,57,34,2,8,324.6,3.2,104.0,1.0,324.6,3.2,27.6,26.2,38.2,26.2
2014_10_DEN_OAK,DEN,353.0,48,33,5,118.0,27,0,353.0,49,33,5,9,351.6,3.2,105.4,1.2,351.6,3.2,27.0,26.8,39.8,26.8
2014_11_DEN_STL,DEN,389.0,54,34,1,28.0,10,0,389.0,54,34,1,10,326.4,3.4,110.6,1.0,326.4,3.4,26.8,27.2,40.2,27.2
2014_12_MIA_DEN,DEN,257.0,35,28,4,201.0,35,1,257.0,35,28,4,11,356.8,3.0,88.6,1.0,356.8,3.0,22.2,29.6,44.4,29.6
2014_13_DEN_KC,DEN,179.0,34,17,2,214.0,45,0,179.0,34,17,2,12,344.6,3.0,105.8,0.8,344.6,3.0,23.8,30.8,46.0,30.8
2014_14_BUF_DEN,DEN,173.0,20,14,0,133.0,29,3,173.0,20,14,0,13,323.2,2.8,120.8,0.4,323.2,2.8,26.8,29.2,45.8,29.2
2014_15_DEN_SD,DEN,233.0,21,14,1,111.0,38,0,233.0,22,14,1,14,270.2,2.4,138.8,0.8,270.2,2.4,29.2,25.2,38.4,25.2
2014_16_DEN_CIN,DEN,311.0,44,28,2,85.0,19,1,311.0,44,28,2,15,246.2,1.6,137.4,0.8,246.2,1.6,31.4,21.4,33.0,21.4
2014_17_OAK_DEN,DEN,312.0,39,23,1,142.0,34,3,312.0,39,23,1,16,230.6,1.8,148.8,1.0,230.6,1.8,33.2,20.2,31.0,20.2
2015_01_BAL_DEN,DEN,175.0,40,24,0,69.0,25,0,175.0,40,24,0,17,241.6,1.2,137.0,1.4,241.6,1.2,33.0,19.2,31.8,19.2
2015_02_DEN_KC,DEN,256.0,45,26,3,61.0,22,0,256.0,45,26,3,18,240.8,0.8,108.0,1.4,240.8,0.8,29.0,20.6,33.0,20.6
2015_03_DEN_DET,DEN,324.0,42,31,2,41.0,19,1,324.0,42,31,2,19,257.4,1.4,93.6,0.8,257.4,1.4,27.6,23.0,38.0,23.0
2015_04_MIN_DEN,DEN,213.0,27,17,1,144.0,24,1,213.0,27,17,1,20,275.6,1.6,79.6,1.0,275.6,1.6,23.8,26.4,42.0,26.4
2015_05_DEN_OAK,DEN,266.0,35,22,0,43.0,18,0,266.0,35,22,0,21,256.0,1.4,91.4,1.0,256.0,1.4,24.8,24.2,38.6,24.2
2015_06_DEN_CLE,DEN,290.0,47,26,1,152.0,33,0,290.0,48,26,1,22,246.8,1.2,71.6,0.4,246.8,1.2,21.6,24.0,37.8,24.0
2015_08_GB_DEN,DEN,340.0,29,21,0,160.0,34,3,340.0,29,21,0,23,269.8,1.4,88.2,0.4,269.8,1.4,23.2,24.4,39.4,24.4
2015_09_DEN_IND,DEN,281.0,36,21,2,35.0,14,0,281.0,36,21,2,24,286.6,0.8,108.0,1.0,286.6,0.8,25.6,23.4,36.2,23.4
2015_10_KC_DEN,DEN,181.0,43,19,1,69.0,16,1,181.0,44,19,1,25,278.0,0.8,106.8,0.8,278.0,0.8,24.6,21.4,35.0,21.4
2015_11_DEN_CHI,DEN,250.0,27,20,2,170.0,36,0,250.0,27,20,2,26,271.6,0.8,91.8,0.8,271.6,0.8,23.0,21.8,38.4,21.8
2015_12_NE_DEN,DEN,270.0,42,23,1,179.0,32,3,270.0,42,23,1,27,268.4,1.2,117.2,0.8,268.4,1.2,26.6,21.4,36.8,21.4
2015_13_DEN_SD,DEN,166.0,26,16,1,134.0,39,0,166.0,26,16,1,28,264.4,1.2,122.6,1.4,264.4,1.2,26.4,20.8,35.6,20.8
2015_14_OAK_DEN,DEN,308.0,51,35,0,34.0,21,0,308.0,51,35,0,29,229.6,1.4,117.4,0.8,229.6,1.4,27.4,19.8,35.0,19.8
2015_15_DEN_PIT,DEN,296.0,44,21,3,104.0,25,1,296.0,44,21,3,30,235.0,1.0,117.2,0.8,235.0,1.0,28.8,22.6,38.0,22.6
2015_16_CIN_DEN,DEN,299.0,39,27,1,113.0,21,1,299.0,39,27,1,31,258.0,1.4,124.2,0.8,258.0,1.4,30.6,23.0,38.0,23.0
2015_17_SD_DEN,DEN,301.0,31,19,1,210.0,32,2,301.0,31,19,1,32,267.8,1.2,112.8,1.0,267.8,1.2,27.6,24.4,40.4,24.4
2016_01_CAR_DEN,DEN,178.0,26,18,1,148.0,29,2,178.0,26,18,1,33,274.0,1.2,119.0,0.8,274.0,1.2,27.6,23.6,38.2,23.6
2016_02_IND_DEN,DEN,266.0,33,22,0,134.0,31,1,266.0,33,22,0,34,276.4,1.2,121.8,1.2,276.4,1.2,25.6,24.0,38.2,24.0
2016_03_DEN_CIN,DEN,312.0,35,23,4,52.0,23,0,312.0,35,23,4,35,268.0,1.2,141.8,1.4,268.0,1.2,27.6,21.4,34.6,21.4
2016_04_DEN_TB,DEN,238.0,31,19,2,89.0,32,1,238.0,31,19,2,36,271.2,1.4,131.4,1.2,271.2,1.4,27.2,21.8,32.8,21.8
2016_05_ATL_DEN,DEN,223.0,34,23,1,84.0,24,0,223.0,35,23,1,37,259.0,1.6,126.6,1.2,259.0,1.6,29.4,20.2,31.2,20.2
2016_06_DEN_SD,DEN,230.0,47,30,1,84.0,16,0,230.0,50,30,1,38,243.4,1.6,101.4,0.8,243.4,1.6,27.8,21.0,32.0,21.0
2016_07_HOU_DEN,DEN,157.0,25,14,1,190.0,35,2,157.0,25,14,1,39,253.8,1.6,88.6,0.4,253.8,1.6,25.2,23.4,36.8,23.4
2016_08_SD_DEN,DEN,276.0,37,20,0,57.0,25,2,276.0,38,20,0,40,232.0,1.8,99.8,0.6,232.0,1.8,26.0,21.8,35.2,21.8
2016_09_DEN_OAK,DEN,283.0,36,18,2,33.0,12,0,283.0,37,18,2,41,224.8,1.0,100.8,1.0,224.8,1.0,26.4,21.2,35.8,21.2
2016_10_DEN_NO,DEN,258.0,38,25,2,103.0,37,0,258.0,40,25,2,42,233.8,1.0,89.6,0.8,233.8,1.0,22.4,21.0,37.0,21.0
2016_12_KC_DEN,DEN,368.0,32,20,3,124.0,38,0,368.0,34,20,3,43,240.8,1.2,93.4,0.8,240.8,1.2,25.0,21.4,38.0,21.4
2016_13_DEN_JAX,DEN,104.0,24,12,0,104.0,28,1,104.0,24,12,0,44,268.4,1.6,101.4,0.8,268.4,1.6,29.4,19.4,34.8,19.4
2016_14_DEN_TEN,DEN,350.0,52,36,1,18.0,9,0,350.0,52,36,1,45,257.8,1.4,84.2,0.6,257.8,1.4,28.0,19.0,34.6,19.0
2016_15_NE_DEN,DEN,282.0,39,25,0,58.0,17,0,282.0,40,25,0,46,272.6,1.6,76.4,0.2,272.6,1.6,24.8,22.2,37.4,22.2
2016_16_DEN_KC,DEN,183.0,40,17,0,63.0,14,1,183.0,43,17,0,47,272.4,1.2,81.4,0.2,272.4,1.2,25.8,23.6,38.0,23.6
2016_17_OAK_DEN,DEN,206.0,27,17,2,143.0,40,1,206.0,27,17,2,48,257.4,0.8,73.4,0.4,257.4,0.8,21.2,22.0,38.6,22.0
2017_01_LAC_DEN,DEN,219.0,28,17,2,140.0,36,1,219.0,28,17,2,49,225.0,0.6,77.2,0.6,225.0,0.6,21.6,21.4,37.2,21.4
2017_02_DAL_DEN,DEN,231.0,30,22,4,178.0,39,1,231.0,32,22,4,50,248.0,1.0,84.4,0.6,248.0,1.0,23.2,22.4,38.0,22.4
2017_03_DEN_BUF,DEN,259.0,40,24,0,111.0,23,1,259.0,40,24,0,51,224.2,1.6,116.4,0.8,224.2,1.6,29.2,19.6,34.0,19.6
2017_04_OAK_DEN,DEN,179.0,25,16,1,143.0,32,0,179.0,26,16,1,52,219.6,1.6,127.0,1.0,219.6,1.6,30.4,19.4,34.0,19.4
2017_06_NYG_DEN,DEN,394.0,53,31,1,46.0,17,0,394.0,54,31,1,53,218.8,1.8,143.0,0.8,218.8,1.8,34.0,19.2,30.6,19.2
2017_07_DEN_LAC,DEN,207.0,35,25,0,69.0,19,0,207.0,35,25,0,54,256.4,1.6,123.6,0.6,256.4,1.6,29.4,22.0,36.0,22.0
2017_08_DEN_KC,DEN,198.0,36,19,1,177.0,31,1,198.0,36,19,1,55,254.0,1.2,109.4,0.4,254.0,1.2,26.0,23.6,37.4,23.6
2017_09_DEN_PHI,DEN,208.0,37,19,1,35.0,19,0,208.0,38,19,1,56,247.4,0.6,109.2,0.4,247.4,0.6,24.4,23.0,38.2,23.0
2017_10_NE_DEN,DEN,221.0,32,18,1,118.0,28,0,221.0,33,18,1,57,237.2,0.8,94.0,0.2,237.2,0.8,23.6,22.0,37.8,22.0
2017_11_CIN_DEN,DEN,254.0,40,23,1,112.0,34,1,254.0,42,23,1,58,245.6,0.8,89.0,0.2,245.6,0.8,22.8,22.4,39.2,22.4
2017_12_DEN_OAK,DEN,190.0,34,20,2,56.0,17,0,190.0,35,20,2,59,217.6,0.8,102.2,0.4,217.6,0.8,26.2,20.8,36.8,20.8
2017_13_DEN_MIA,DEN,200.0,40,19,0,103.0,23,0,200.0,41,19,0,60,214.2,1.2,99.6,0.4,214.2,1.2,25.8,19.8,36.8,19.8
2017_14_NYJ_DEN,DEN,200.0,28,19,1,84.0,35,1,200.0,31,19,1,61,214.6,1.0,84.8,0.2,214.6,1.0,24.2,19.8,37.8,19.8
2017_15_DEN_IND,DEN,261.0,25,17,2,211.0,46,1,261.0,26,17,2,62,213.0,1.0,94.6,0.4,213.0,1.0,27.4,19.8,36.4,19.8
2017_16_DEN_WAS,DEN,193.0,37,22,0,159.0,29,1,193.0,38,22,0,63,221.0,1.2,113.2,0.6,221.0,1.2,31.0,19.6,35.0,19.6
2017_17_KC_DEN,DEN,254.0,31,21,2,110.0,29,0,254.0,31,21,2,64,208.8,1.0,122.6,0.6,208.8,1.0,30.0,19.4,34.2,19.4
2018_01_SEA_DEN,DEN,329.0,39,25,3,146.0,32,0,329.0,39,25,3,65,221.6,1.0,133.4,0.6,221.6,1.0,32.4,19.6,33.4,19.6
2018_02_OAK_DEN,DEN,222.0,34,19,0,168.0,28,2,222.0,35,19,0,66,247.4,1.6,142.0,0.6,247.4,1.6,34.2,20.8,33.0,20.8
2018_03_DEN_BAL,DEN,192.0,34,22,0,120.0,24,2,192.0,34,22,0,67,251.8,1.4,158.8,0.8,251.8,1.4,32.8,20.8,33.8,20.8
2018_04_KC_DEN,DEN,245.0,33,21,0,159.0,22,2,245.0,33,21,0,68,238.0,1.0,140.6,1.0,238.0,1.0,28.4,21.8,35.4,21.8
2018_05_DEN_NYJ,DEN,377.0,51,35,2,92.0,17,0,377.0,51,35,2,69,248.4,1.0,140.6,1.2,248.4,1.0,27.0,21.6,34.4,21.6
2018_06_LA_DEN,DEN,322.0,39,25,2,60.0,17,0,322.0,41,25,2,70,273.0,1.0,137.0,1.2,273.0,1.0,24.6,24.4,38.4,24.4
2018_07_DEN_ARI,DEN,189.0,19,15,2,131.0,31,2,189.0,22,15,2,71,271.6,0.8,119.8,1.2,271.6,0.8,21.6,24.4,38.8,24.4
2018_08_DEN_KC,DEN,262.0,33,23,2,189.0,30,1,262.0,34,23,2,72,265.0,1.2,112.4,1.2,265.0,1.2,22.2,23.6,36.2,23.6
2018_09_HOU_DEN,DEN,290.0,38,26,1,75.0,20,1,290.0,42,26,1,73,279.0,1.6,126.2,1.0,279.0,1.6,23.4,23.8,36.2,23.8
2018_11_DEN_LAC,DEN,217.0,31,20,0,108.0,19,3,217.0,33,20,0,74,288.0,1.8,109.4,0.8,288.0,1.8,23.0,24.8,38.0,24.8
2018_12_PIT_DEN,DEN,197.0,28,15,2,124.0,23,1,197.0,28,15,2,75,256.0,1.4,112.6,1.4,256.0,1.4,23.4,21.8,34.4,21.8
2018_13_DEN_CIN,DEN,151.0,19,12,1,218.0,34,2,151.0,21,12,1,76,231.0,1.4,125.4,1.6,231.0,1.4,24.6,19.8,31.8,19.8
2018_14_DEN_SF,DEN,186.0,38,24,1,103.0,27,1,186.0,42,24,1,77,223.4,1.2,142.8,1.6,223.4,1.2,25.2,19.2,31.6,19.2
2018_15_CLE_DEN,DEN,257.0,45,31,0,32.0,20,1,257.0,48,31,0,78,208.2,1.0,125.6,1.6,208.2,1.0,24.6,19.4,33.2,19.4
2018_16_DEN_OAK,DEN,202.0,36,23,2,100.0,24,0,202.0,37,23,2,79,201.6,0.8,117.0,1.6,201.6,0.8,24.6,20.4,34.4,20.4
2018_17_LAC_DEN,DEN,292.0,47,31,1,82.0,25,0,292.0,48,31,1,80,198.6,1.2,115.4,1.0,198.6,1.2,25.6,21.0,35.2,21.0
2019_01_DEN_OAK,DEN,268.0,30,21,1,95.0,23,0,268.0,31,21,1,81,217.6,1.0,107.0,0.8,217.6,1.0,26.0,24.2,39.2,24.2
2019_02_CHI_DEN,DEN,292.0,50,35,1,90.0,24,0,292.0,50,35,1,82,241.0,1.0,82.4,0.4,241.0,1.0,23.8,26.0,41.2,26.0
2019_03_DEN_GB,DEN,213.0,28,20,0,149.0,38,2,213.0,29,20,0,83,262.2,1.0,79.8,0.2,262.2,1.0,23.2,28.2,42.8,28.2
2019_04_JAX_DEN,DEN,303.0,35,22,3,68.0,16,0,303.0,38,22,3,84,253.4,1.0,103.2,0.4,253.4,1.0,26.8,26.0,39.0,26.0
2019_05_DEN_LAC,DEN,182.0,19,14,1,191.0,32,1,182.0,20,14,1,85,273.6,1.2,96.8,0.4,273.6,1.2,25.2,25.8,39.2,25.8
2019_06_TEN_DEN,DEN,177.0,26,18,0,103.0,30,1,177.0,28,18,0,86,251.6,1.2,118.6,0.6,251.6,1.2,26.6,22.4,33.6,22.4
2019_07_KC_DEN,DEN,213.0,33,21,0,71.0,21,1,213.0,34,21,0,87,233.4,1.0,120.2,0.8,233.4,1.0,28.0,21.8,33.0,21.8
2019_08_DEN_IND,DEN,174.0,29,20,0,113.0,28,1,174.0,32,20,0,88,217.6,0.8,116.4,1.0,217.6,0.8,27.4,19.0,29.8,19.0
2019_09_CLE_DEN,DEN,193.0,18,12,2,127.0,20,1,193.0,20,12,2,89,209.8,0.8,109.2,0.8,209.8,0.8,25.4,19.0,30.4,19.0
2019_11_DEN_MIN,DEN,278.0,36,18,1,124.0,33,1,278.0,40,18,1,90,187.8,0.6,121.0,1.0,187.8,0.6,26.2,17.0,26.8,17.0
2019_12_DEN_BUF,DEN,82.0,24,10,0,85.0,17,0,82.0,25,10,0,91,207.0,0.6,107.6,1.0,207.0,0.6,26.4,17.8,30.8,17.8
2019_13_LAC_DEN,DEN,134.0,26,18,2,84.0,25,0,134.0,28,18,2,92,188.0,0.6,104.0,0.8,188.0,0.6,23.8,16.2,30.2,16.2
2019_14_DEN_HOU,DEN,309.0,27,22,3,90.0,27,1,309.0,27,22,3,93,172.2,1.0,106.6,0.6,172.2,1.0,24.6,15.6,29.0,15.6
2019_15_DEN_KC,DEN,208.0,40,18,0,52.0,15,0,208.0,40,18,0,94,199.2,1.6,102.0,0.6,199.2,1.6,24.4,16.0,28.0,16.0
2019_16_DET_DEN,DEN,198.0,34,26,1,150.0,33,2,198.0,34,26,1,95,202.2,1.2,87.0,0.4,202.2,1.2,23.4,17.2,32.0,17.2
2019_17_OAK_DEN,DEN,177.0,26,17,1,70.0,27,0,177.0,28,17,1,96,186.2,1.2,92.2,0.6,186.2,1.2,23.4,18.8,30.8,18.8
2020_01_TEN_DEN,DEN,216.0,32,22,1,107.0,26,1,216.0,33,22,1,97,205.2,1.4,89.2,0.6,205.2,1.4,25.4,20.2,31.4,20.2
2020_02_DEN_PIT,DEN,276.0,38,19,2,104.0,26,0,276.0,39,19,2,98,221.6,1.2,93.8,0.8,221.6,1.2,25.6,21.0,32.4,21.0
2020_03_TB_DEN,DEN,229.0,38,25,1,42.0,14,0,229.0,39,25,1,99,215.0,1.0,96.6,0.6,215.0,1.0,25.4,20.4,34.8,20.4
2020_04_DEN_NYJ,DEN,242.0,28,19,2,117.0,32,2,242.0,31,19,2,100,219.2,1.2,94.6,0.6,219.2,1.2,25.2,21.8,34.6,21.8
2020_06_DEN_NE,DEN,189.0,24,10,0,135.0,37,0,189.0,24,10,0,101,228.0,1.4,88.0,0.6,228.0,1.4,25.0,20.4,34.0,20.4
2020_07_KC_DEN,DEN,254.0,38,24,0,177.0,33,2,254.0,40,24,0,102,230.4,1.2,101.0,0.6,230.4,1.2,27.0,19.0,33.2,19.0
2020_08_LAC_DEN,DEN,248.0,38,26,3,108.0,16,1,248.0,41,26,3,103,238.0,1.0,115.0,0.8,238.0,1.0,28.4,19.4,34.6,19.4
2020_09_DEN_ATL,DEN,313.0,45,25,2,103.0,22,1,313.0,48,25,2,104,232.4,1.2,115.8,1.0,232.4,1.2,26.4,20.8,35.0,20.8
2020_10_DEN_LV,DEN,257.0,45,23,1,66.0,19,0,257.0,47,23,1,105,249.2,1.4,128.0,1.2,249.2,1.4,28.0,20.8,36.8,20.8
2020_11_MIA_DEN,DEN,270.0,30,18,0,189.0,33,2,270.0,30,18,0,106,252.2,1.2,117.8,0.8,252.2,1.2,25.4,21.6,40.0,21.6
2020_12_NO_DEN,DEN,13.0,8,1,0,100.0,33,0,13.0,9,1,0,107,268.4,1.2,128.6,1.2,268.4,1.2,24.6,23.2,41.2,23.2
2020_13_DEN_KC,DEN,151.0,27,15,2,179.0,33,0,151.0,28,15,2,108,220.2,1.2,113.2,0.8,220.2,1.2,24.6,18.6,35.0,18.6
2020_14_DEN_CAR,DEN,280.0,27,21,4,96.0,30,0,280.0,27,21,4,109,200.8,1.0,127.4,0.6,200.8,1.0,28.0,16.4,32.4,16.4
2020_15_BUF_DEN,DEN,132.0,32,20,1,140.0,28,2,132.0,32,20,1,110,194.2,1.4,126.0,0.4,194.2,1.4,29.6,15.6,28.2,15.6
2020_16_DEN_LAC,DEN,264.0,43,24,0,133.0,28,1,264.0,47,24,0,111,169.2,1.4,140.8,0.8,169.2,1.4,31.4,15.0,25.2,15.0
2020_17_LV_DEN,DEN,339.0,40,25,2,122.0,32,1,339.0,41,25,2,112,168.0,1.4,129.6,0.6,168.0,1.4,30.4,16.2,28.6,16.2
2021_01_DEN_NYG,DEN,264.0,35,28,2,165.0,28,1,264.0,36,28,2,113,233.2,1.8,134.0,0.8,233.2,1.8,30.2,21.0,35.0,21.0
2021_02_DEN_JAX,DEN,328.0,34,26,2,96.0,30,0,328.0,34,26,2,114,255.8,1.8,131.2,1.0,255.8,1.8,29.2,23.6,36.6,23.6
2021_03_NYJ_DEN,DEN,235.0,24,19,0,120.0,37,2,235.0,25,19,0,115,265.4,1.4,131.2,1.0,265.4,1.4,29.2,24.6,38.0,24.6
2021_04_BAL_DEN,DEN,178.0,37,19,1,106.0,17,0,178.0,37,19,1,116,286.0,1.2,127.2,1.0,286.0,1.2,31.0,24.4,36.6,24.4
2021_05_DEN_PIT,DEN,288.0,35,24,2,106.0,18,0,288.0,38,24,2,117,268.8,1.4,121.8,0.8,268.8,1.4,28.8,23.4,34.6,23.4
2021_06_LV_DEN,DEN,334.0,48,35,3,112.0,23,0,334.0,49,35,3,118,258.6,1.4,118.6,0.6,258.6,1.4,26.0,23.2,34.0,23.2
2021_07_DEN_CLE,DEN,187.0,32,23,2,41.0,14,0,187.0,33,23,2,119,272.6,1.6,108.0,0.4,272.6,1.6,25.0,24.6,36.6,24.6
2021_08_WAS_DEN,DEN,213.0,25,19,1,83.0,21,1,213.0,26,19,1,120,244.4,1.6,97.0,0.4,244.4,1.6,21.8,24.0,36.4,24.0
2021_09_DEN_DAL,DEN,249.0,24,19,1,190.0,41,2,249.0,28,19,1,121,240.0,1.8,89.6,0.2,240.0,1.8,18.6,24.0,36.6,24.0
2021_10_PHI_DEN,DEN,226.0,34,22,0,96.0,18,1,226.0,36,22,0,122,254.2,1.8,106.4,0.6,254.2,1.8,23.4,24.0,34.8,24.0
2021_12_LAC_DEN,DEN,155.0,23,15,1,147.0,33,2,155.0,25,15,1,123,241.8,1.4,104.4,0.8,241.8,1.4,23.4,23.6,34.4,23.6
2021_13_DEN_KC,DEN,257.0,36,22,1,154.0,31,0,257.0,40,22,1,124,206.0,1.0,111.4,1.2,206.0,1.0,25.4,19.6,29.6,19.6
2021_14_DET_DEN,DEN,179.0,25,18,2,184.0,39,3,179.0,25,18,2,125,220.0,0.8,134.0,1.2,220.0,0.8,28.8,19.4,31.0,19.4
2021_15_CIN_DEN,DEN,186.0,32,18,1,133.0,34,0,186.0,34,18,1,126,213.2,1.0,154.2,1.6,213.2,1.0,32.4,19.2,30.8,19.2
2021_16_DEN_LV,DEN,153.0,22,15,0,18.0,16,1,153.0,22,15,0,127,200.6,1.0,142.8,1.2,200.6,1.0,31.0,19.0,32.0,19.0
2021_17_DEN_LAC,DEN,246.0,27,19,1,83.0,27,0,246.0,28,19,1,128,186.0,1.0,127.2,1.2,186.0,1.0,30.6,17.6,29.2,17.6
2021_18_KC_DEN,DEN,178.0,24,13,0,191.0,28,3,178.0,25,13,0,129,204.2,1.0,114.4,0.8,204.2,1.0,29.4,18.4,29.8,18.4
2022_01_DEN_SEA,DEN,340.0,41,29,1,103.0,20,0,340.0,42,29,1,130,188.4,0.8,121.8,1.4,188.4,0.8,28.8,16.6,26.8,16.6
2022_02_HOU_DEN,DEN,219.0,28,14,1,149.0,31,0,219.0,31,14,1,131,220.6,0.6,105.6,0.8,220.6,0.6,25.0,18.8,30.2,18.8
2022_03_SF_DEN,DEN,184.0,32,20,0,101.0,33,1,184.0,33,20,0,132,227.2,0.6,108.8,0.8,227.2,0.6,24.4,18.0,29.6,18.0
2022_04_DEN_LV,DEN,237.0,25,17,2,85.0,20,1,237.0,25,17,2,133,233.4,0.6,125.4,0.8,233.4,0.6,27.8,19.0,31.8,19.0
2022_05_IND_DEN,DEN,274.0,38,21,0,125.0,28,0,274.0,39,21,0,134,231.6,0.8,125.8,1.0,231.6,0.8,26.4,18.6,31.2,18.6
2022_06_DEN_LAC,DEN,188.0,25,15,1,98.0,23,0,188.0,28,15,1,135,250.8,0.8,112.6,0.4,250.8,0.8,26.4,20.2,34.0,20.2
2022_07_NYJ_DEN,DEN,225.0,45,24,0,105.0,28,1,225.0,46,24,0,136,220.4,0.8,111.6,0.4,220.4,0.8,27.0,17.4,31.2,17.4
2022_08_DEN_JAX,DEN,252.0,26,18,1,101.0,28,2,252.0,30,18,1,137,221.6,0.6,102.8,0.6,221.6,0.6,26.4,19.4,34.2,19.4
2022_10_DEN_TEN,DEN,286.0,39,21,1,65.0,25,0,286.0,42,21,1,138,235.2,0.8,102.8,0.8,235.2,0.8,25.4,19.0,33.6,19.0
2022_11_LV_DEN,DEN,247.0,28,24,0,94.0,28,1,247.0,31,24,0,139,245.0,0.6,98.8,0.6,245.0,0.6,26.4,19.8,37.0,19.8
2022_12_DEN_CAR,DEN,142.0,32,19,1,121.0,19,0,142.0,35,19,1,140,239.6,0.6,92.6,0.8,239.6,0.6,26.4,20.4,35.4,20.4
2022_13_DEN_BAL,DEN,189.0,21,17,0,88.0,28,0,189.0,22,17,0,141,230.4,0.6,97.2,0.8,230.4,0.6,25.6,21.2,36.8,21.2
2022_14_KC_DEN,DEN,263.0,43,27,4,106.0,19,0,263.0,44,27,4,142,223.2,0.6,93.8,0.6,223.2,0.6,25.6,19.8,32.0,19.8
2022_15_ARI_DEN,DEN,197.0,26,21,1,168.0,34,2,197.0,26,21,1,143,225.4,1.2,94.8,0.2,225.4,1.2,23.8,21.6,34.8,21.6
2022_16_DEN_LA,DEN,259.0,34,19,1,104.0,20,0,259.0,35,19,1,144,207.6,1.2,115.4,0.6,207.6,1.2,25.6,21.6,31.6,21.6
2022_17_DEN_KC,DEN,222.0,36,26,1,117.0,24,2,222.0,38,26,1,145,210.0,1.4,117.4,0.4,210.0,1.4,24.0,20.6,32.4,20.6
2022_18_LAC_DEN,DEN,283.0,22,13,3,205.0,36,1,283.0,24,13,3,146,226.0,1.4,116.6,0.8,226.0,1.4,25.0,22.0,33.0,22.0
2023_01_LV_DEN,DEN,177.0,32,27,2,94.0,22,0,177.0,34,27,2,147,244.8,2.0,140.0,1.0,244.8,2.0,26.6,21.2,33.4,21.2
2023_02_WAS_DEN,DEN,308.0,27,18,3,122.0,23,1,308.0,32,18,3,148,227.6,1.6,137.6,1.0,227.6,1.6,27.2,21.2,31.4,21.2
2023_03_DEN_MIA,DEN,306.0,36,23,1,69.0,20,0,306.0,38,23,1,149,249.8,2.0,128.4,0.8,249.8,2.0,25.0,20.6,32.6,20.6
2023_04_DEN_CHI,DEN,223.0,26,21,3,97.0,19,0,223.0,28,21,3,150,259.2,2.0,121.4,0.8,259.2,2.0,25.0,21.4,33.2,21.4
2023_05_NYJ_DEN,DEN,196.0,27,20,2,139.0,22,0,196.0,31,20,2,151,259.4,2.4,117.4,0.4,259.4,2.4,24.0,20.4,31.2,20.4
2023_06_DEN_KC,DEN,95.0,22,13,1,115.0,23,0,95.0,22,13,1,152,242.0,2.2,104.2,0.2,242.0,2.2,21.2,21.8,32.6,21.8
2023_07_GB_DEN,DEN,194.0,24,20,1,145.0,25,0,194.0,29,20,1,153,225.6,2.0,108.4,0.2,225.6,2.0,21.4,19.0,30.2,19.0
2023_08_KC_DEN,DEN,114.0,18,12,3,153.0,40,0,114.0,19,12,3,154,202.8,1.6,113.0,0.0,202.8,1.6,21.8,19.4,29.6,19.4
2023_10_DEN_BUF,DEN,193.0,29,24,2,122.0,38,0,193.0,29,24,2,155,164.4,2.0,129.8,0.0,164.4,2.0,25.8,17.2,25.8,17.2
2023_11_MIN_DEN,DEN,259.0,32,27,1,46.0,15,0,259.0,35,27,1,156,158.4,1.8,134.8,0.0,158.4,1.8,29.6,17.8,26.0,17.8
2023_12_CLE_DEN,DEN,134.0,21,13,1,169.0,39,2,134.0,22,13,1,157,171.0,1.6,116.2,0.0,171.0,1.6,28.2,19.2,26.8,19.2
2023_13_DEN_HOU,DEN,186.0,24,15,1,118.0,30,1,186.0,26,15,1,158,178.8,1.6,127.0,0.4,178.8,1.6,31.4,19.2,26.8,19.2
2023_14_DEN_LAC,DEN,224.0,30,21,2,106.0,31,1,224.0,33,21,2,159,177.2,1.6,121.6,0.6,177.2,1.6,32.4,18.2,26.2,18.2
2023_15_DEN_DET,DEN,223.0,32,18,1,83.0,28,1,223.0,32,18,1,160,199.2,1.4,112.2,0.8,199.2,1.4,30.6,20.0,29.0,20.0
2023_16_NE_DEN,DEN,238.0,35,25,2,83.0,23,1,238.0,37,25,2,161,205.2,1.2,104.4,1.0,205.2,1.2,28.6,18.8,29.6,18.8
2023_17_LAC_DEN,DEN,224.0,30,20,1,101.0,33,0,224.0,32,20,1,162,201.0,1.4,111.8,1.2,201.0,1.4,30.2,18.4,30.0,18.4
2023_18_DEN_LV,DEN,272.0,32,20,1,48.0,20,1,272.0,34,20,1,163,219.0,1.4,98.2,0.8,219.0,1.4,29.0,19.8,32.0,19.8
2024_01_DEN_SEA,DEN,138.0,42,26,0,99.0,25,1,138.0,42,26,0,164,236.2,1.4,84.2,0.8,236.2,1.4,27.0,20.8,33.6,20.8
2024_02_PIT_DEN,DEN,246.0,33,20,0,64.0,19,0,246.0,35,20,0,165,219.0,1.0,82.8,0.8,219.0,1.0,25.8,21.8,35.4,21.8
2024_03_DEN_TB,DEN,216.0,34,25,0,136.0,28,2,216.0,36,25,0,166,223.6,0.8,79.0,0.6,223.6,0.8,24.0,22.2,36.0,22.2
2024_04_DEN_NYJ,DEN,60.0,25,12,1,126.0,31,0,60.0,25,12,1,167,219.2,0.4,89.6,0.8,219.2,0.4,25.0,22.2,35.8,22.2
2024_05_LV_DEN,DEN,206.0,26,19,2,109.0,28,1,206.0,27,19,2,168,186.4,0.4,94.6,0.8,186.4,0.4,24.6,20.6,34.4,20.6
2024_06_LAC_DEN,DEN,216.0,32,19,2,110.0,18,0,216.0,33,19,2,169,173.2,0.6,106.8,0.8,173.2,0.6,26.2,20.4,33.0,20.4
2024_07_DEN_NO,DEN,164.0,25,16,0,225.0,35,2,164.0,26,16,0,170,188.8,1.0,109.0,0.6,188.8,1.0,24.8,19.0,31.2,19.0
2024_08_CAR_DEN,DEN,315.0,38,30,3,102.0,32,1,315.0,39,30,3,171,172.4,1.0,141.2,1.0,172.4,1.0,28.0,18.2,29.4,18.2
2024_09_DEN_BAL,DEN,225.0,33,20,1,122.0,30,0,225.0,34,20,1,172,192.2,1.6,134.4,0.8,192.2,1.6,28.8,19.2,30.0,19.2
2024_10_DEN_KC,DEN,215.0,28,22,2,78.0,23,0,215.0,30,22,2,173,225.2,1.6,133.6,0.8,225.2,1.6,28.6,20.8,31.8,20.8
2024_11_ATL_DEN,DEN,307.0,32,28,4,105.0,26,1,307.0,33,28,4,174,227.0,1.6,127.4,0.6,227.0,1.6,27.6,21.4,32.4,21.4
2024_12_DEN_LV,DEN,273.0,39,25,2,63.0,22,0,273.0,42,25,2,175,245.2,2.0,126.4,0.8,245.2,2.0,29.2,23.2,32.4,23.2
2024_13_CLE_DEN,DEN,294.0,31,18,1,106.0,26,2,294.0,35,18,1,176,267.0,2.4,94.0,0.4,267.0,2.4,26.6,25.0,35.6,25.0
2024_15_IND_DEN,DEN,130.0,32,20,3,72.0,27,0,130.0,33,20,3,177,262.8,2.0,94.8,0.6,262.8,2.0,25.4,22.6,34.8,22.6
2024_16_DEN_LAC,DEN,263.0,39,29,2,110.0,21,1,263.0,40,29,2,178,243.8,2.4,84.8,0.6,243.8,2.4,24.8,22.6,34.6,22.6
2024_17_DEN_CIN,DEN,219.0,31,24,3,123.0,27,0,219.0,31,24,3,179,253.4,2.4,91.2,0.8,253.4,2.4,24.4,24.0,36.6,24.0
2024_18_KC_DEN,DEN,321.0,29,26,4,158.0,43,1,321.0,29,26,4,180,235.8,2.2,94.8,0.6,235.8,2.2,24.6,23.2,36.2,23.2
2014_01_NYG_DET,DET,346.0,30,22,2,76.0,30,2,346.0,32,22,2,1,,,,,,,,,,
2014_02_DET_CAR,DET,291.0,48,27,1,70.0,18,0,291.0,48,27,1,2,346.0,2.0,76.0,2.0,346.0,2.0,30.0,22.0,32.0,22.0
2014_03_GB_DET,DET,246.0,34,22,0,115.0,38,1,246.0,34,22,0,3,318.5,1.5,73.0,1.0,318.5,1.5,24.0,24.5,40.0,24.5
2014_04_DET_NYJ,DET,293.0,33,24,2,88.0,27,1,293.0,34,24,2,4,294.3333333333333,1.0,87.0,1.0,294.3333333333333,1.0,28.666666666666668,23.666666666666668,38.0,23.666666666666668
2014_05_BUF_DET,DET,231.0,31,18,1,69.0,20,0,231.0,31,18,1,5,294.0,1.25,87.25,1.0,294.0,1.25,28.25,23.75,37.0,23.75
2014_06_DET_MIN,DET,185.0,33,19,1,100.0,28,1,185.0,33,19,1,6,281.4,1.2,83.6,0.8,281.4,1.2,26.6,22.6,35.8,22.6
2014_07_NO_DET,DET,299.0,40,27,2,59.0,24,1,299.0,40,27,2,7,249.2,1.0,88.4,0.6,249.2,1.0,26.2,22.0,36.0,22.0
2014_08_DET_ATL,DET,325.0,44,24,2,60.0,23,0,325.0,47,24,2,8,250.8,1.2,86.2,0.8,250.8,1.2,27.4,22.0,34.4,22.0
2014_10_MIA_DET,DET,307.0,41,27,2,63.0,19,0,307.0,42,27,2,9,266.6,1.6,75.2,0.6,266.6,1.6,24.4,22.4,37.0,22.4
2014_11_DET_ARI,DET,183.0,30,18,0,98.0,19,0,183.0,30,18,0,10,269.4,1.6,70.2,0.4,269.4,1.6,22.8,23.0,38.6,23.0
2014_12_DET_NE,DET,264.0,45,18,0,91.0,25,0,264.0,46,18,0,11,259.8,1.4,76.0,0.4,259.8,1.4,22.6,23.0,38.4,23.0
2014_13_CHI_DET,DET,390.0,44,34,2,91.0,23,2,390.0,45,34,2,12,275.6,1.2,74.2,0.2,275.6,1.2,22.0,22.8,41.0,22.8
2014_14_TB_DET,DET,311.0,32,26,3,113.0,31,1,311.0,34,26,3,13,293.8,1.2,80.6,0.4,293.8,1.2,21.8,24.2,42.0,24.2
2014_15_MIN_DET,DET,153.0,26,17,1,80.0,22,0,153.0,28,17,1,14,291.0,1.4,91.2,0.6,291.0,1.4,23.4,24.6,39.4,24.6
2014_16_DET_CHI,DET,243.0,39,22,0,138.0,26,2,243.0,39,22,0,15,260.2,1.2,94.6,0.6,260.2,1.2,24.0,22.6,36.6,22.6
2014_17_DET_GB,DET,217.0,40,20,3,111.0,23,0,217.0,41,20,3,16,272.2,1.2,102.6,1.0,272.2,1.2,25.4,23.4,38.4,23.4
2015_01_DET_SD,DET,246.0,28,19,2,69.0,16,1,246.0,30,19,2,17,262.8,1.8,106.6,1.0,262.8,1.8,25.0,23.8,37.4,23.8
2015_02_DET_MIN,DET,286.0,52,32,2,38.0,16,0,286.0,53,32,2,18,234.0,1.8,102.2,0.8,234.0,1.8,23.6,20.8,34.4,20.8
2015_03_DEN_DET,DET,282.0,45,31,1,28.0,19,1,282.0,45,31,1,19,229.0,1.6,87.2,0.6,229.0,1.6,20.6,22.0,38.2,22.0
2015_04_DET_SEA,DET,203.0,35,24,0,53.0,18,0,203.0,35,24,0,20,254.8,1.6,76.8,0.8,254.8,1.6,20.0,24.8,41.6,24.8
2015_05_ARI_DET,DET,379.0,68,41,2,56.0,18,0,379.0,70,41,2,21,246.8,1.6,59.8,0.4,246.8,1.6,18.4,25.2,40.8,25.2
2015_06_CHI_DET,DET,405.0,40,27,4,155.0,32,0,405.0,42,27,4,22,279.2,1.4,48.8,0.4,279.2,1.4,17.4,29.4,46.6,29.4
2015_07_MIN_DET,DET,256.0,26,18,2,77.0,17,0,256.0,26,18,2,23,311.0,1.8,66.0,0.2,311.0,1.8,20.6,31.0,49.0,31.0
2015_08_DET_KC,DET,227.0,38,23,1,81.0,14,0,227.0,38,23,1,24,305.0,1.8,73.8,0.2,305.0,1.8,20.8,28.2,43.6,28.2
2015_10_DET_GB,DET,242.0,38,24,2,45.0,26,0,242.0,38,24,2,25,294.0,1.8,84.4,0.0,294.0,1.8,19.8,26.6,42.2,26.6
2015_11_OAK_DET,DET,282.0,34,22,0,109.0,31,1,282.0,35,22,0,26,301.8,2.2,82.8,0.0,301.8,2.2,21.4,26.6,42.8,26.6
2015_12_PHI_DET,DET,337.0,38,27,5,108.0,30,1,337.0,38,27,5,27,282.4,1.8,93.4,0.2,282.4,1.8,24.0,22.8,35.8,22.8
2015_13_GB_DET,DET,220.0,34,23,2,101.0,25,0,220.0,35,23,2,28,268.8,2.0,84.0,0.4,268.8,2.0,23.6,22.8,35.0,22.8
2015_14_DET_STL,DET,245.0,45,30,2,111.0,20,0,245.0,46,30,2,29,261.6,2.0,88.8,0.4,261.6,2.0,25.2,23.8,36.8,23.8
2015_15_DET_NO,DET,254.0,25,22,3,150.0,23,2,254.0,25,22,3,30,265.2,2.2,94.8,0.4,265.2,2.2,26.4,25.2,38.4,25.2
2015_16_SF_DET,DET,301.0,37,29,2,87.0,28,1,301.0,37,29,2,31,267.6,2.4,115.8,0.8,267.6,2.4,25.8,24.8,35.8,24.8
2015_17_DET_CHI,DET,298.0,39,28,3,67.0,21,0,298.0,39,28,3,32,271.4,2.8,111.4,0.8,271.4,2.8,25.2,26.2,36.2,26.2
2016_01_DET_IND,DET,340.0,37,31,3,116.0,24,2,340.0,39,31,3,33,263.6,2.4,103.2,0.6,263.6,2.4,23.4,26.4,36.4,26.4
2016_02_TEN_DET,DET,260.0,39,22,1,137.0,23,0,260.0,40,22,1,34,287.6,2.6,106.2,1.0,287.6,2.6,23.2,28.0,37.2,28.0
2016_03_DET_GB,DET,385.0,40,28,3,50.0,23,0,385.0,41,28,3,35,290.6,2.4,111.4,1.0,290.6,2.4,23.8,26.4,36.0,26.4
2016_04_DET_CHI,DET,213.0,36,23,0,66.0,18,0,213.0,36,23,0,36,316.8,2.4,91.4,0.6,316.8,2.4,23.8,27.6,39.2,27.6
2016_05_PHI_DET,DET,180.0,23,19,3,80.0,27,0,180.0,25,19,3,37,299.2,2.0,87.2,0.4,299.2,2.0,21.8,26.4,39.0,26.4
2016_06_LA_DET,DET,270.0,31,23,4,83.0,26,0,270.0,31,23,4,38,275.6,2.0,89.8,0.4,275.6,2.0,23.0,24.6,36.2,24.6
2016_07_WAS_DET,DET,266.0,29,18,1,94.0,19,1,266.0,29,18,1,39,261.6,2.2,83.2,0.0,261.6,2.2,23.4,23.0,34.6,23.0
2016_08_DET_HOU,DET,240.0,41,27,1,58.0,14,0,240.0,41,27,1,40,262.8,2.2,74.6,0.2,262.8,2.2,22.6,22.2,32.4,22.2
2016_09_DET_MIN,DET,219.0,35,23,2,97.0,25,0,219.0,36,23,2,41,233.8,1.8,76.2,0.2,233.8,1.8,20.8,22.0,32.4,22.0
2016_11_JAX_DET,DET,278.0,33,24,0,14.0,21,1,278.0,33,24,0,42,235.0,2.2,82.4,0.2,235.0,2.2,22.2,22.0,32.4,22.0
2016_12_MIN_DET,DET,232.0,37,23,1,94.0,19,0,232.0,40,23,1,43,254.6,1.6,69.2,0.4,254.6,1.6,21.0,23.0,34.0,23.0
2016_13_DET_NO,DET,341.0,41,30,2,85.0,23,0,341.0,42,30,2,44,247.0,1.0,71.4,0.4,247.0,1.0,19.6,23.0,35.8,23.0
2016_14_CHI_DET,DET,223.0,34,21,1,114.0,28,1,223.0,35,21,1,45,262.0,1.2,69.6,0.2,262.0,1.2,20.4,25.4,38.4,25.4
2016_15_DET_NYG,DET,273.0,38,24,0,56.0,19,0,273.0,39,24,0,46,258.6,1.2,80.8,0.4,258.6,1.2,23.2,24.2,37.2,24.2
2016_16_DET_DAL,DET,260.0,45,26,0,90.0,20,3,260.0,46,26,0,47,269.4,0.8,72.6,0.4,269.4,0.8,22.0,24.4,37.8,24.4
2016_17_GB_DET,DET,347.0,41,26,2,76.0,21,1,347.0,41,26,2,48,265.8,0.8,87.8,0.8,265.8,0.8,21.8,24.8,40.4,24.8
2017_01_ARI_DET,DET,292.0,39,29,4,82.0,27,0,292.0,41,29,4,49,288.8,1.0,84.2,1.0,288.8,1.0,22.2,25.4,40.6,25.4
2017_02_DET_NYG,DET,122.0,21,15,2,138.0,32,0,122.0,21,15,2,50,279.0,1.4,83.6,1.0,279.0,1.4,23.0,25.2,40.4,25.2
2017_03_ATL_DET,DET,264.0,45,25,1,71.0,19,0,264.0,45,25,1,51,258.8,1.6,88.4,0.8,258.8,1.6,23.8,24.0,37.6,24.0
2017_04_DET_MIN,DET,209.0,31,19,0,97.0,31,1,209.0,31,19,0,52,257.0,1.8,91.4,0.8,257.0,1.8,23.8,24.2,38.8,24.2
2017_05_CAR_DET,DET,229.0,35,23,2,50.0,15,1,229.0,35,23,2,53,246.8,1.8,92.8,0.4,246.8,1.8,26.0,22.8,35.8,22.8
2017_06_DET_NO,DET,312.0,51,25,3,66.0,19,0,312.0,52,25,3,54,223.2,1.8,87.6,0.4,223.2,1.8,24.8,22.2,34.6,22.2
2017_08_PIT_DET,DET,423.0,45,27,0,71.0,22,0,423.0,45,27,0,55,227.2,1.6,84.4,0.4,227.2,1.6,23.2,21.4,36.8,21.4
2017_09_DET_GB,DET,361.0,33,26,2,64.0,33,1,361.0,33,26,2,56,287.4,1.2,71.0,0.4,287.4,1.2,21.2,23.8,41.6,23.8
2017_10_CLE_DET,DET,249.0,25,17,3,104.0,19,1,249.0,26,17,3,57,306.8,1.4,69.6,0.6,306.8,1.4,24.0,24.0,39.2,24.0
2017_11_DET_CHI,DET,299.0,31,21,2,65.0,24,0,299.0,31,21,2,58,314.8,2.0,71.0,0.6,314.8,2.0,21.6,23.6,38.2,23.6
2017_12_MIN_DET,DET,250.0,35,20,2,53.0,15,0,250.0,35,20,2,59,328.8,2.0,74.0,0.4,328.8,2.0,23.4,23.2,37.4,23.2
2017_13_DET_BAL,DET,316.0,34,27,1,78.0,24,2,316.0,34,27,1,60,316.4,1.8,71.4,0.4,316.4,1.8,22.6,22.2,34.0,22.2
2017_14_DET_TB,DET,381.0,44,36,1,53.0,18,2,381.0,44,36,1,61,295.0,2.0,72.8,0.8,295.0,2.0,23.0,22.2,31.8,22.2
2017_15_CHI_DET,DET,237.0,33,25,2,91.0,20,0,237.0,33,25,2,62,299.0,1.8,70.6,1.0,299.0,1.8,20.0,24.2,34.0,24.2
2017_16_DET_CIN,DET,203.0,34,19,1,87.0,22,1,203.0,35,19,1,63,296.6,1.6,68.0,0.8,296.6,1.6,20.2,25.8,35.4,25.8
2017_17_GB_DET,DET,323.0,29,20,3,51.0,23,1,323.0,29,20,3,64,277.4,1.4,72.4,1.0,277.4,1.4,19.8,25.4,36.2,25.4
2018_01_NYJ_DET,DET,300.0,52,29,1,39.0,15,0,300.0,52,29,1,65,292.0,1.6,72.0,1.2,292.0,1.6,21.4,25.4,35.0,25.4
2018_02_DET_SF,DET,347.0,52,34,3,98.0,18,0,347.0,53,34,3,66,288.8,1.6,64.2,0.8,288.8,1.6,19.6,25.8,38.6,25.8
2018_03_NE_DET,DET,262.0,35,27,2,159.0,33,0,262.0,36,27,2,67,282.0,2.0,73.2,0.4,282.0,2.0,19.6,25.4,40.4,25.4
2018_04_DET_DAL,DET,307.0,29,24,2,96.0,20,1,307.0,30,24,2,68,287.0,2.0,86.8,0.4,287.0,2.0,22.2,25.8,41.0,25.8
2018_05_GB_DET,DET,183.0,26,14,2,94.0,28,2,183.0,26,14,2,69,307.8,2.2,88.6,0.4,307.8,2.2,21.8,26.8,40.0,26.8
2018_07_DET_MIA,DET,217.0,22,18,2,248.0,35,1,217.0,22,18,2,70,279.8,2.0,97.2,0.6,279.8,2.0,22.8,25.6,39.4,25.6
2018_08_SEA_DET,DET,310.0,39,27,2,34.0,13,0,310.0,40,27,2,71,263.2,2.2,139.0,0.8,263.2,2.2,26.8,23.4,33.4,23.4
2018_09_DET_MIN,DET,199.0,34,25,0,66.0,24,0,199.0,36,25,0,72,255.8,2.0,126.2,0.8,255.8,2.0,25.8,22.0,30.8,22.0
2018_10_DET_CHI,DET,274.0,42,25,2,76.0,24,1,274.0,42,25,2,73,243.2,1.6,107.6,0.8,243.2,1.6,24.0,21.6,30.8,21.6
2018_11_CAR_DET,DET,220.0,35,23,1,94.0,26,1,220.0,37,23,1,74,236.6,1.6,103.6,0.8,236.6,1.6,24.8,21.8,33.2,21.8
2018_12_CHI_DET,DET,236.0,37,28,0,111.0,24,2,236.0,38,28,0,75,244.0,1.4,103.6,0.6,244.0,1.4,24.4,23.6,35.4,23.6
2018_13_LA_DET,DET,245.0,33,20,1,102.0,26,0,245.0,34,20,1,76,247.8,1.0,76.2,0.8,247.8,1.0,22.2,25.6,38.6,25.6
2018_14_DET_ARI,DET,101.0,22,15,0,122.0,31,1,101.0,23,15,0,77,234.8,0.8,89.8,0.8,234.8,0.8,24.8,24.2,37.4,24.2
2018_15_DET_BUF,DET,208.0,28,22,1,105.0,26,1,208.0,29,22,1,78,215.2,0.8,101.0,1.0,215.2,0.8,26.2,22.2,34.8,22.2
2018_16_MIN_DET,DET,161.0,42,23,0,86.0,23,0,161.0,43,23,0,79,202.0,0.6,106.8,1.0,202.0,0.6,26.6,21.6,32.2,21.6
2018_17_DET_GB,DET,274.0,33,21,3,130.0,38,1,274.0,33,21,3,80,190.2,0.4,105.2,0.8,190.2,0.4,26.0,21.6,33.4,21.6
2019_01_DET_ARI,DET,385.0,41,27,3,116.0,32,0,385.0,45,27,3,81,197.8,1.0,109.0,0.6,197.8,1.0,28.8,20.2,32.4,20.2
2019_02_LAC_DET,DET,245.0,30,22,2,94.0,28,0,245.0,30,22,2,82,225.8,1.4,111.8,0.6,225.8,1.4,30.0,21.6,34.6,21.6
2019_03_DET_PHI,DET,201.0,32,18,1,86.0,28,1,201.0,32,18,1,83,254.6,1.8,106.2,0.4,254.6,1.8,29.4,23.0,36.0,23.0
2019_04_KC_DET,DET,291.0,32,21,3,186.0,35,0,291.0,34,21,3,84,253.2,1.8,102.4,0.4,253.2,1.8,29.8,22.2,36.6,22.2
2019_06_DET_GB,DET,265.0,32,18,0,56.0,20,1,265.0,32,18,0,85,279.2,2.4,122.4,0.4,279.2,2.4,32.2,21.8,34.8,21.8
2019_07_MIN_DET,DET,364.0,45,30,4,81.0,20,0,364.0,45,30,4,86,277.4,1.8,107.6,0.4,277.4,1.8,28.6,21.2,34.6,21.2
2019_08_NYG_DET,DET,342.0,31,25,3,59.0,25,0,342.0,32,25,3,87,273.2,2.0,100.6,0.4,273.2,2.0,26.2,21.8,34.6,21.8
2019_09_DET_OAK,DET,406.0,41,26,3,90.0,19,0,406.0,41,26,3,88,292.6,2.2,93.6,0.4,292.6,2.2,25.6,22.4,35.0,22.4
2019_10_DET_CHI,DET,269.0,43,27,1,98.0,27,0,269.0,46,27,1,89,333.6,2.6,94.4,0.2,333.6,2.6,23.8,24.0,36.8,24.0
2019_11_DAL_DET,DET,209.0,24,15,2,121.0,28,2,209.0,26,15,2,90,329.2,2.2,76.8,0.2,329.2,2.2,22.2,25.2,39.2,25.2
2019_12_DET_WAS,DET,207.0,30,20,1,175.0,32,0,207.0,33,20,1,91,318.0,2.6,89.8,0.4,318.0,2.6,23.8,24.6,38.0,24.6
2019_13_CHI_DET,DET,280.0,36,22,2,105.0,27,0,280.0,38,22,2,92,286.6,2.0,108.6,0.4,286.6,2.0,26.2,22.6,35.6,22.6
2019_14_DET_MIN,DET,205.0,38,24,1,70.0,22,0,205.0,40,24,1,93,274.2,1.8,117.8,0.4,274.2,1.8,26.6,22.0,36.8,22.0
2019_15_TB_DET,DET,260.0,43,24,0,45.0,18,2,260.0,43,24,0,94,234.0,1.4,113.8,0.4,234.0,1.4,27.2,21.6,36.6,21.6
2019_16_DET_DEN,DET,117.0,23,12,1,96.0,21,0,117.0,24,12,1,95,232.2,1.2,103.2,0.8,232.2,1.2,25.4,21.0,36.0,21.0
2019_17_GB_DET,DET,141.0,29,13,1,171.0,25,1,141.0,30,13,1,96,213.8,1.0,98.2,0.4,213.8,1.0,24.0,20.4,35.6,20.4
2020_01_CHI_DET,DET,297.0,41,24,1,138.0,29,1,297.0,42,24,1,97,200.6,1.0,97.4,0.6,200.6,1.0,22.6,19.0,35.0,19.0
2020_02_DET_GB,DET,244.0,30,20,2,89.0,21,1,244.0,33,20,2,98,204.0,0.8,104.0,0.8,204.0,0.8,23.0,19.4,35.8,19.4
2020_03_DET_ARI,DET,270.0,31,22,2,90.0,27,0,270.0,31,22,2,99,211.8,1.0,107.8,1.0,211.8,1.0,22.8,18.6,34.4,18.6
2020_04_NO_DET,DET,206.0,30,17,3,90.0,22,1,206.0,31,17,3,100,213.8,1.4,116.8,0.6,213.8,1.4,24.6,18.2,32.0,18.2
2020_06_DET_JAX,DET,223.0,31,19,1,180.0,39,3,223.0,31,19,1,101,231.6,1.8,115.6,0.8,231.6,1.8,24.8,19.2,33.4,19.2
2020_07_DET_ATL,DET,340.0,32,25,1,64.0,21,1,340.0,36,25,1,102,248.0,1.8,117.4,1.2,248.0,1.8,27.6,20.4,33.6,20.4
2020_08_IND_DET,DET,336.0,40,24,3,29.0,13,0,336.0,42,24,3,103,256.6,1.8,102.6,1.2,256.6,1.8,26.0,20.6,32.4,20.6
2020_09_DET_MIN,DET,305.0,44,31,2,129.0,27,0,305.0,45,31,2,104,275.0,2.0,90.6,1.0,275.0,2.0,24.4,21.4,34.2,21.4
2020_10_WAS_DET,DET,276.0,32,24,3,105.0,21,0,276.0,33,24,3,105,282.0,2.0,98.4,1.0,282.0,2.0,24.4,23.2,37.0,23.2
2020_11_DET_CAR,DET,178.0,32,18,0,40.0,17,0,178.0,33,18,0,106,296.0,2.0,101.4,0.8,296.0,2.0,24.2,24.6,37.4,24.6
2020_12_HOU_DET,DET,295.0,42,28,1,109.0,29,2,295.0,43,28,1,107,287.0,1.8,73.4,0.2,287.0,1.8,19.8,24.4,37.8,24.4
2020_13_DET_CHI,DET,402.0,41,27,3,60.0,22,2,402.0,42,27,3,108,278.0,1.8,82.4,0.4,278.0,1.8,21.4,25.0,39.2,25.0
2020_14_GB_DET,DET,273.0,38,27,1,51.0,15,2,273.0,40,27,1,109,291.2,1.8,88.6,0.8,291.2,1.8,23.2,25.6,39.2,25.6
2020_15_DET_TEN,DET,307.0,37,27,1,123.0,27,2,307.0,38,27,1,110,284.8,1.6,73.0,1.2,284.8,1.6,20.8,24.8,38.2,24.8
2020_16_TB_DET,DET,152.0,30,21,0,73.0,15,0,152.0,31,21,0,111,291.0,1.2,76.6,1.6,291.0,1.2,22.0,25.4,39.2,25.4
2020_17_MIN_DET,DET,293.0,31,20,3,129.0,22,2,293.0,31,20,3,112,285.8,1.2,83.2,1.6,285.8,1.2,21.6,26.0,38.8,26.0
2021_01_SF_DET,DET,338.0,56,38,3,116.0,24,1,338.0,57,38,3,113,285.4,1.6,87.2,1.6,285.4,1.6,20.2,24.4,36.4,24.4
2021_02_DET_GB,DET,246.0,35,26,2,108.0,19,0,246.0,36,26,2,114,272.6,1.6,98.4,1.4,272.6,1.6,20.6,26.6,39.4,26.6
2021_03_BAL_DET,DET,217.0,28,22,0,93.0,27,2,217.0,31,22,0,115,267.2,1.8,109.8,1.0,267.2,1.8,21.4,26.4,38.6,26.4
2021_04_DET_CHI,DET,299.0,37,24,2,90.0,25,0,299.0,38,24,2,116,249.2,1.6,103.8,1.0,249.2,1.6,21.4,25.4,37.2,25.4
2021_05_DET_MIN,DET,203.0,31,21,0,108.0,24,1,203.0,35,21,0,117,278.6,2.0,107.2,1.0,278.6,2.0,23.4,26.0,38.6,26.0
2021_06_CIN_DET,DET,202.0,39,28,0,36.0,18,1,202.0,42,28,0,118,260.6,1.4,103.0,0.8,260.6,1.4,23.8,26.2,39.4,26.2
2021_07_DET_LA,DET,285.0,32,23,1,137.0,28,0,285.0,37,23,1,119,233.4,0.8,87.0,0.8,233.4,0.8,22.6,24.2,36.4,24.2
2021_08_PHI_DET,DET,222.0,32,25,0,57.0,18,1,222.0,34,25,0,120,241.2,0.6,92.8,0.8,241.2,0.6,24.4,23.6,36.6,23.6
2021_10_DET_PIT,DET,114.0,24,14,0,229.0,39,2,114.0,25,14,0,121,242.2,0.6,85.6,0.6,242.2,0.6,22.6,24.2,37.2,24.2
2021_11_DET_CLE,DET,77.0,23,15,0,168.0,23,1,77.0,23,15,0,122,205.2,0.2,113.4,1.0,205.2,0.2,25.4,22.2,34.6,22.2
2021_12_CHI_DET,DET,171.0,25,21,2,76.0,19,0,171.0,25,21,2,123,180.0,0.2,125.4,1.0,180.0,0.2,25.2,21.0,32.2,21.0
2021_13_MIN_DET,DET,296.0,38,25,3,100.0,27,0,296.0,41,25,3,124,173.8,0.6,133.4,0.8,173.8,0.6,25.4,19.6,28.8,19.6
2021_14_DET_DEN,DET,215.0,38,24,1,118.0,21,0,215.0,39,24,1,125,176.0,1.0,126.0,0.8,176.0,1.0,25.2,20.0,29.6,20.0
2021_15_ARI_DET,DET,216.0,26,21,3,126.0,34,0,216.0,26,21,3,126,174.6,1.2,138.2,0.6,174.6,1.2,25.8,19.8,30.6,19.8
2021_16_DET_ATL,DET,208.0,35,25,1,130.0,33,0,208.0,35,25,1,127,195.0,1.8,117.6,0.2,195.0,1.8,24.8,21.2,30.8,21.2
2021_17_DET_SEA,DET,262.0,37,22,2,95.0,22,2,262.0,37,22,2,128,221.2,2.0,110.0,0.0,221.2,2.0,26.8,23.2,33.2,23.2
2021_18_GB_DET,DET,313.0,29,22,3,99.0,26,1,313.0,32,22,3,129,239.4,2.0,113.8,0.4,239.4,2.0,27.4,23.4,35.6,23.4
2022_01_PHI_DET,DET,215.0,37,21,2,181.0,28,3,215.0,37,21,2,130,242.8,2.0,113.6,0.6,242.8,2.0,27.2,22.8,33.8,22.8
2022_02_WAS_DET,DET,256.0,34,20,4,191.0,24,0,256.0,34,20,4,131,242.8,2.2,126.2,1.2,242.8,2.2,28.6,22.2,33.4,22.2
2022_03_DET_MIN,DET,277.0,37,25,1,139.0,35,2,277.0,41,25,1,132,250.8,2.4,139.2,1.2,250.8,2.4,26.6,22.0,35.0,22.0
2022_04_SEA_DET,DET,384.0,39,27,4,145.0,25,2,384.0,40,27,4,133,264.6,2.4,141.0,1.6,264.6,2.4,27.0,22.0,36.2,22.0
2022_05_DET_NE,DET,229.0,31,19,0,101.0,27,0,229.0,35,19,0,134,289.0,2.8,151.0,1.6,289.0,2.8,27.6,23.0,36.8,23.0
2022_07_DET_DAL,DET,228.0,25,21,0,117.0,25,0,228.0,26,21,0,135,272.2,2.2,151.4,1.4,272.2,2.2,27.8,22.4,37.4,22.4
2022_08_MIA_DET,DET,321.0,37,27,1,82.0,19,2,321.0,37,27,1,136,274.8,1.8,138.6,0.8,274.8,1.8,27.2,22.4,35.2,22.4
2022_09_GB_DET,DET,137.0,24,14,2,117.0,31,0,137.0,26,14,2,137,287.8,1.2,116.8,1.2,287.8,1.2,26.2,23.8,35.8,23.8
2022_10_DET_CHI,DET,236.0,25,19,1,95.0,31,2,236.0,26,19,1,138,259.8,1.4,112.4,0.8,259.8,1.4,25.4,21.6,32.8,21.6
2022_11_DET_NYG,DET,165.0,25,17,0,160.0,37,4,165.0,26,17,0,139,230.2,0.8,102.4,0.8,230.2,0.8,26.6,20.0,30.0,20.0
2022_12_BUF_DET,DET,240.0,35,23,2,96.0,28,1,240.0,37,23,2,140,217.4,0.8,114.2,1.6,217.4,0.8,28.6,19.6,28.2,19.6
2022_13_JAX_DET,DET,340.0,39,31,2,100.0,31,2,340.0,41,31,2,141,219.8,1.2,110.0,1.8,219.8,1.2,29.2,20.0,30.4,20.0
2022_14_MIN_DET,DET,330.0,36,27,3,134.0,30,1,330.0,39,27,3,142,223.6,1.4,113.6,1.8,223.6,1.4,31.6,20.8,31.2,20.8
2022_15_DET_NYJ,DET,252.0,36,23,1,107.0,28,0,252.0,38,23,1,143,262.2,1.6,117.0,2.0,262.2,1.6,31.4,23.4,33.8,23.4
2022_16_DET_CAR,DET,355.0,41,25,3,45.0,17,0,355.0,42,25,3,144,265.4,1.6,119.4,1.6,265.4,1.6,30.8,24.2,36.2,24.2
2022_17_CHI_DET,DET,255.0,29,21,3,265.0,39,2,255.0,29,21,3,145,303.4,2.2,96.4,0.8,303.4,2.2,26.8,25.8,39.4,25.8
2022_18_DET_GB,DET,224.0,33,23,0,104.0,25,2,224.0,34,23,0,146,306.4,2.4,130.2,1.0,306.4,2.4,29.0,25.4,37.8,25.4
2023_01_DET_KC,DET,253.0,32,22,1,118.0,34,1,253.0,35,22,1,147,283.2,2.0,131.0,1.0,283.2,2.0,27.8,23.8,36.4,23.8
2023_02_SEA_DET,DET,323.0,34,28,3,102.0,27,1,323.0,35,28,3,148,267.8,1.6,127.8,1.0,267.8,1.6,28.6,22.8,35.6,22.8
2023_03_ATL_DET,DET,243.0,31,22,1,115.0,31,1,243.0,33,22,1,149,282.0,2.0,126.8,1.2,282.0,2.0,28.4,23.8,35.0,23.8
2023_04_DET_GB,DET,210.0,27,19,1,211.0,43,3,210.0,28,19,1,150,259.6,1.6,140.8,1.4,259.6,1.6,31.2,23.2,33.2,23.2
2023_05_CAR_DET,DET,236.0,27,20,3,159.0,30,3,236.0,28,20,3,151,250.6,1.2,130.0,1.6,250.6,1.2,32.0,22.8,33.0,22.8
2023_06_DET_TB,DET,353.0,41,30,2,40.0,22,0,353.0,44,30,2,152,253.0,1.8,141.0,1.8,253.0,1.8,33.0,22.2,31.8,22.2
2023_07_DET_BAL,DET,284.0,49,33,0,84.0,14,1,284.0,53,33,0,153,273.0,2.0,125.4,1.6,273.0,2.0,30.6,23.8,33.6,23.8
2023_08_LV_DET,DET,272.0,34,26,1,222.0,43,1,272.0,37,26,1,154,265.2,1.4,121.8,1.6,265.2,1.4,28.0,24.8,37.2,24.8
2023_10_DET_LAC,DET,333.0,32,23,2,200.0,31,3,333.0,33,23,2,155,271.0,1.4,143.2,1.6,271.0,1.4,30.4,25.6,38.0,25.6
2023_11_CHI_DET,DET,236.0,32,23,2,115.0,22,2,236.0,35,23,2,156,295.6,1.6,141.0,1.6,295.6,1.6,28.0,26.4,39.0,26.4
2023_12_GB_DET,DET,332.0,42,29,2,140.0,31,1,332.0,44,29,2,157,295.6,1.4,132.2,1.4,295.6,1.4,26.4,27.0,40.4,27.0
2023_13_DET_NO,DET,213.0,25,16,2,142.0,30,2,213.0,25,16,2,158,291.4,1.4,152.2,1.6,291.4,1.4,28.2,26.8,40.4,26.8
2023_14_DET_CHI,DET,161.0,34,20,1,140.0,24,1,161.0,35,20,1,159,277.2,1.8,163.8,1.8,277.2,1.8,31.4,23.4,34.8,23.4
2023_15_DEN_DET,DET,278.0,32,24,5,185.0,28,1,278.0,34,24,5,160,255.0,1.8,147.4,1.8,255.0,1.8,27.6,22.2,34.4,22.2
2023_16_DET_MIN,DET,257.0,39,30,1,143.0,36,3,257.0,40,30,1,161,244.0,2.4,144.4,1.4,244.0,2.4,27.0,22.4,34.6,22.4
2023_17_DET_DAL,DET,302.0,32,20,1,125.0,31,1,302.0,35,20,1,162,248.2,2.2,150.0,1.6,248.2,2.2,29.8,23.8,35.6,23.8
2023_18_MIN_DET,DET,320.0,31,23,2,70.0,23,2,320.0,32,23,2,163,242.2,2.0,147.0,1.6,242.2,2.0,29.8,22.0,33.8,22.0
2024_01_LA_DET,DET,217.0,28,18,1,163.0,31,2,217.0,28,18,1,164,263.6,2.0,132.6,1.6,263.6,2.0,28.4,23.4,35.2,23.4
2024_02_TB_DET,DET,324.0,53,35,0,139.0,27,1,324.0,56,35,0,165,274.8,2.0,137.2,1.8,274.8,2.0,29.8,23.0,33.8,23.0
2024_03_DET_ARI,DET,179.0,22,18,1,187.0,43,1,199.0,23,18,2,166,284.0,1.0,128.0,1.8,284.0,1.0,29.6,25.2,38.2,25.2
2024_04_SEA_DET,DET,299.0,19,19,3,116.0,28,3,299.0,19,19,3,167,272.4,1.2,136.8,1.4,268.4,1.0,31.0,22.8,34.8,22.8
2024_06_DET_DAL,DET,334.0,27,19,3,184.0,36,2,334.0,27,19,3,168,271.8,1.6,135.0,1.8,267.8,1.4,30.4,22.6,31.6,22.6
2024_07_DET_MIN,DET,280.0,25,22,2,144.0,27,2,280.0,25,22,2,169,274.6,1.8,157.8,1.8,270.6,1.6,33.0,21.8,30.6,21.8
2024_08_TEN_DET,DET,94.0,18,15,4,164.0,24,2,94.0,19,15,4,170,287.2,2.0,154.0,1.8,283.2,1.8,32.2,22.6,30.0,22.6
2024_09_DET_GB,DET,145.0,20,18,1,124.0,32,1,145.0,22,18,1,171,241.2,2.8,159.0,2.0,237.2,2.6,31.6,18.6,22.6,18.6
2024_10_DET_HOU,DET,240.0,24,15,2,105.0,32,1,240.0,30,15,2,172,230.4,2.6,146.4,2.0,230.4,2.6,29.4,18.6,22.4,18.6
2024_11_JAX_DET,DET,449.0,31,27,4,196.0,43,3,449.0,33,27,4,173,218.6,2.4,144.2,1.6,218.6,2.4,30.2,17.8,24.6,17.8
2024_12_DET_IND,DET,269.0,33,26,0,137.0,33,3,269.0,36,26,0,174,241.6,2.6,146.6,1.8,241.6,2.6,31.6,19.4,25.8,19.4
2024_13_CHI_DET,DET,221.0,31,21,2,194.0,33,0,221.0,34,21,2,175,239.4,2.2,145.2,2.0,239.4,2.2,32.8,20.2,28.0,20.2
2024_14_GB_DET,DET,283.0,40,32,3,111.0,34,1,283.0,41,32,3,176,264.8,1.8,151.2,1.6,264.8,1.8,34.6,21.4,31.0,21.4
2024_15_BUF_DET,DET,494.0,54,38,5,48.0,15,1,494.0,59,38,5,177,292.4,2.2,148.6,1.6,292.4,2.2,35.0,24.2,34.8,24.2
2024_16_DET_CHI,DET,336.0,32,23,3,146.0,32,1,336.0,32,23,3,178,343.2,2.8,137.2,1.6,343.2,2.8,31.6,28.8,40.6,28.8
2024_17_DET_SF,DET,303.0,33,26,3,152.0,33,2,303.0,34,26,3,179,320.6,2.6,127.2,1.2,320.6,2.6,29.4,28.0,40.4,28.0
2024_18_MIN_DET,DET,231.0,32,27,1,178.0,31,3,231.0,33,27,1,180,327.4,3.2,130.2,1.0,327.4,3.2,29.4,28.0,40.0,28.0
2014_01_GB_SEA,GB,189.0,33,23,1,80.0,21,1,189.0,33,23,1,1,,,,,,,,,,
2014_02_NYJ_GB,GB,346.0,41,25,3,80.0,22,0,346.0,42,25,3,2,189.0,1.0,80.0,1.0,189.0,1.0,21.0,23.0,33.0,23.0
2014_03_GB_DET,GB,162.0,27,16,1,76.0,22,0,162.0,27,16,1,3,267.5,2.0,80.0,0.5,267.5,2.0,21.5,24.0,37.5,24.0
2014_04_GB_CHI,GB,302.0,28,22,4,56.0,18,1,302.0,28,22,4,4,232.33333333333334,1.6666666666666667,78.66666666666667,0.3333333333333333,232.33333333333334,1.6666666666666667,21.666666666666668,21.333333333333332,34.0,21.333333333333332
2014_05_MIN_GB,GB,178.0,22,15,3,156.0,28,2,178.0,22,15,3,5,249.75,2.25,73.0,0.5,249.75,2.25,20.75,21.5,32.5,21.5
2014_06_GB_MIA,GB,264.0,41,24,3,121.0,34,0,264.0,42,24,3,6,235.4,2.4,89.6,0.8,235.4,2.4,22.2,20.2,30.4,20.2
2014_07_CAR_GB,GB,255.0,24,19,3,122.0,30,2,255.0,24,19,3,7,250.4,2.8,97.8,0.6,250.4,2.8,24.8,20.4,32.2,20.4
2014_08_GB_NO,GB,426.0,40,29,1,89.0,19,1,426.0,40,29,1,8,232.2,2.8,106.2,1.0,232.2,2.8,26.4,19.2,28.6,19.2
2014_10_CHI_GB,GB,319.0,32,19,6,132.0,32,0,319.0,32,19,6,9,285.0,2.8,108.8,1.2,285.0,2.8,25.8,21.8,31.2,21.8
2014_11_PHI_GB,GB,367.0,36,24,3,110.0,25,1,367.0,38,24,3,10,288.4,3.2,124.0,1.0,288.4,3.2,28.6,21.2,32.0,21.2
2014_12_GB_MIN,GB,209.0,29,19,2,155.0,32,1,209.0,29,19,2,11,326.2,3.2,114.8,0.8,326.2,3.2,28.0,23.0,35.2,23.0
2014_13_NE_GB,GB,368.0,38,24,2,130.0,29,0,368.0,38,24,2,12,315.2,3.0,121.6,1.0,315.2,3.0,27.6,22.0,32.6,22.0
2014_14_ATL_GB,GB,327.0,36,24,3,179.0,30,2,327.0,36,24,3,13,337.8,2.8,123.2,0.6,337.8,2.8,27.4,23.0,35.4,23.0
2014_15_GB_BUF,GB,185.0,41,17,0,158.0,24,1,185.0,42,17,0,14,318.0,3.2,141.2,0.8,318.0,3.2,29.6,22.0,34.6,22.0
2014_16_GB_TB,GB,318.0,40,31,1,121.0,31,1,318.0,40,31,1,15,291.2,2.0,146.4,1.0,291.2,2.0,28.0,21.6,36.6,21.6
2014_17_DET_GB,GB,232.0,23,18,2,152.0,38,1,232.0,23,18,2,16,281.4,1.6,148.6,1.0,281.4,1.6,29.2,23.0,37.0,23.0
2015_01_GB_CHI,GB,189.0,23,18,3,133.0,30,1,189.0,23,18,3,17,286.0,1.6,148.0,1.0,286.0,1.6,30.4,22.8,35.8,22.8
2015_02_SEA_GB,GB,249.0,31,25,2,127.0,29,0,249.0,33,25,2,18,250.2,1.8,148.6,1.2,250.2,1.8,30.6,21.6,32.8,21.6
2015_03_KC_GB,GB,333.0,35,24,5,123.0,32,0,333.0,35,24,5,19,234.6,1.6,138.2,0.8,234.6,1.6,30.4,21.8,32.2,21.8
2015_04_GB_SF,GB,224.0,32,22,1,162.0,33,1,224.0,32,22,1,20,264.2,2.6,131.2,0.6,264.2,2.6,32.0,23.2,30.8,23.2
2015_05_STL_GB,GB,241.0,30,19,2,86.0,27,0,241.0,30,19,2,21,245.4,2.6,139.4,0.6,245.4,2.6,32.4,21.4,29.2,21.4
2015_06_SD_GB,GB,255.0,29,16,2,133.0,17,1,255.0,29,16,2,22,247.2,2.6,126.2,0.4,247.2,2.6,30.2,21.6,30.6,21.6
2015_08_GB_DEN,GB,77.0,22,14,0,90.0,21,1,77.0,22,14,0,23,260.4,2.4,126.2,0.4,260.4,2.4,27.6,21.2,31.8,21.2
2015_09_GB_CAR,GB,381.0,48,25,4,71.0,19,0,369.0,48,25,4,24,226.0,2.0,118.8,0.6,226.0,2.0,26.0,19.0,29.6,19.0
2015_10_DET_GB,GB,333.0,60,35,2,47.0,18,0,333.0,61,35,2,25,233.2,1.8,108.4,0.6,235.6,1.8,23.4,19.2,32.2,19.2
2015_11_GB_MIN,GB,212.0,34,16,2,124.0,34,0,212.0,34,16,2,26,255.0,2.0,85.4,0.4,257.4,2.0,20.4,21.8,38.0,21.8
2015_12_CHI_GB,GB,202.0,43,22,1,177.0,28,0,202.0,43,22,1,27,249.2,2.0,93.0,0.4,251.6,2.0,21.8,21.2,38.8,21.2
2015_13_GB_DET,GB,289.0,35,24,2,67.0,24,1,273.0,36,24,2,28,238.6,1.8,101.8,0.2,241.0,1.8,24.0,22.4,41.6,22.4
2015_14_DAL_GB,GB,218.0,33,22,2,230.0,44,2,218.0,35,22,2,29,277.8,2.2,97.2,0.2,283.4,2.2,24.6,24.4,44.4,24.4
2015_15_GB_OAK,GB,204.0,38,22,1,103.0,28,1,204.0,39,22,1,30,247.6,1.8,129.0,0.6,250.8,1.8,29.6,23.8,41.8,23.8
2015_16_GB_ARI,GB,155.0,29,16,1,101.0,26,0,155.0,29,16,1,31,221.8,1.6,140.2,0.8,225.0,1.6,31.6,21.2,37.4,21.2
2015_17_MIN_GB,GB,291.0,43,28,1,76.0,26,0,291.0,44,28,1,32,210.4,1.4,135.6,0.8,213.6,1.4,30.0,21.2,36.4,21.2
2016_01_GB_JAX,GB,199.0,33,20,2,95.0,25,1,199.0,34,20,2,33,228.2,1.4,115.4,0.8,231.4,1.4,29.6,22.4,36.6,22.4
2016_02_GB_MIN,GB,213.0,36,20,1,83.0,23,1,213.0,36,20,1,34,213.4,1.4,121.0,0.8,213.4,1.4,29.8,21.6,36.2,21.6
2016_03_DET_GB,GB,205.0,24,15,4,123.0,24,0,205.0,24,15,4,35,212.4,1.2,91.6,0.6,212.4,1.2,25.6,21.2,36.4,21.2
2016_05_NYG_GB,GB,259.0,44,23,2,147.0,32,0,259.0,45,23,2,36,212.6,1.8,95.6,0.4,212.6,1.8,24.8,19.8,33.4,19.8
2016_06_DAL_GB,GB,294.0,42,31,1,78.0,24,0,294.0,42,31,1,37,233.4,2.0,104.8,0.4,233.4,2.0,26.0,21.2,36.6,21.2
2016_07_CHI_GB,GB,326.0,56,39,3,103.0,23,0,326.0,56,39,3,38,234.0,2.0,105.2,0.4,234.0,2.0,25.6,21.8,36.2,21.8
2016_08_GB_ATL,GB,246.0,38,28,4,108.0,19,0,246.0,38,28,4,39,259.4,2.2,106.8,0.2,259.4,2.2,25.2,25.6,40.6,25.6
2016_09_IND_GB,GB,297.0,42,26,3,116.0,19,0,297.0,43,26,3,40,266.0,2.8,111.8,0.0,266.0,2.8,24.4,27.2,41.0,27.2
2016_10_GB_TEN,GB,379.0,55,32,2,69.0,13,1,379.0,55,32,2,41,284.4,2.6,110.4,0.0,284.4,2.6,23.4,29.4,44.8,29.4
2016_11_GB_WAS,GB,360.0,43,27,3,84.0,19,0,360.0,44,27,3,42,308.4,2.6,94.8,0.2,308.4,2.6,19.6,31.2,46.8,31.2
2016_12_GB_PHI,GB,313.0,38,30,2,74.0,28,1,313.0,39,30,2,43,321.6,3.0,96.0,0.2,321.6,3.0,18.6,30.4,47.2,30.4
2016_13_HOU_GB,GB,209.0,30,20,2,109.0,26,1,209.0,30,20,2,44,319.0,2.8,90.2,0.4,319.0,2.8,19.6,28.6,43.8,28.6
2016_14_SEA_GB,GB,246.0,25,18,3,93.0,30,2,246.0,25,18,3,45,311.6,2.4,90.4,0.6,311.6,2.4,21.0,27.0,42.2,27.0
2016_15_GB_CHI,GB,252.0,30,19,0,226.0,23,3,252.0,31,19,0,46,301.4,2.4,85.8,1.0,301.4,2.4,23.2,25.4,38.6,25.4
2016_16_MIN_GB,GB,347.0,39,28,4,40.0,15,1,347.0,39,28,4,47,276.0,2.0,117.2,1.4,276.0,2.0,25.2,22.8,33.8,22.8
2016_17_GB_DET,GB,300.0,39,27,4,153.0,31,0,300.0,39,27,4,48,273.4,2.2,108.4,1.6,273.4,2.2,24.4,23.0,32.8,23.0
2017_01_SEA_GB,GB,311.0,42,28,1,84.0,28,1,311.0,42,28,1,49,270.8,2.6,124.2,1.4,270.8,2.6,25.0,22.4,32.8,22.4
2017_02_GB_ATL,GB,343.0,49,33,2,59.0,15,1,343.0,50,33,2,50,291.2,2.4,119.2,1.4,291.2,2.4,25.4,24.0,35.2,24.0
2017_03_CIN_GB,GB,313.0,42,28,3,64.0,17,0,313.0,42,28,3,51,310.6,2.2,112.4,1.2,310.6,2.2,22.4,27.0,40.2,27.0
2017_04_CHI_GB,GB,179.0,27,19,4,91.0,24,1,179.0,27,19,4,52,322.8,2.8,80.0,0.6,322.8,2.8,21.2,28.8,42.4,28.8
2017_05_GB_DAL,GB,221.0,28,19,3,160.0,25,1,221.0,29,19,3,53,289.2,2.8,90.2,0.6,289.2,2.8,23.0,27.0,40.0,27.0
2017_06_GB_MIN,GB,175.0,37,20,1,72.0,24,0,175.0,37,20,1,54,273.4,2.6,91.6,0.8,273.4,2.6,21.8,25.4,38.0,25.4
2017_07_NO_GB,GB,87.0,25,12,0,181.0,24,2,87.0,25,12,0,55,246.2,2.6,89.2,0.6,246.2,2.6,21.0,23.8,37.0,23.8
2017_09_DET_GB,GB,245.0,38,26,0,78.0,17,2,245.0,38,26,0,56,195.0,2.2,113.6,0.8,195.0,2.2,22.8,19.6,32.0,19.6
2017_10_GB_CHI,GB,212.0,24,18,1,160.0,37,1,212.0,25,18,1,57,181.4,1.6,116.4,1.2,181.4,1.6,22.8,19.2,31.2,19.2
2017_11_BAL_GB,GB,239.0,35,21,0,75.0,25,0,239.0,36,21,0,58,188.0,1.0,130.2,1.2,188.0,1.0,25.4,19.0,30.8,19.0
2017_12_GB_PIT,GB,245.0,25,17,3,80.0,24,1,245.0,26,17,3,59,191.6,0.4,113.2,1.0,191.6,0.4,25.4,19.4,32.2,19.4
2017_13_TB_GB,GB,84.0,22,13,0,199.0,29,2,84.0,22,13,0,60,205.6,0.8,114.8,1.2,205.6,0.8,25.4,18.8,30.0,18.8
2017_14_GB_CLE,GB,265.0,46,35,3,85.0,27,1,265.0,46,35,3,61,205.0,0.8,118.4,1.2,205.0,0.8,26.4,19.0,29.4,19.0
2017_15_GB_CAR,GB,290.0,43,26,3,120.0,19,0,290.0,45,26,3,62,209.0,1.4,119.8,1.0,209.0,1.4,28.4,20.8,31.0,20.8
2017_16_MIN_GB,GB,130.0,40,17,0,113.0,24,0,130.0,40,17,0,63,224.6,1.8,111.8,0.8,224.6,1.8,24.8,22.4,35.0,22.4
2017_17_GB_DET,GB,193.0,31,20,1,103.0,27,0,193.0,32,20,1,64,202.8,1.8,119.4,0.8,202.8,1.8,24.6,21.6,35.8,21.6
2018_01_CHI_GB,GB,341.0,36,24,3,69.0,18,0,341.0,37,24,3,65,192.4,1.4,124.0,0.6,192.4,1.4,25.2,22.2,37.0,22.2
2018_02_MIN_GB,GB,281.0,41,30,1,98.0,24,0,281.0,42,30,1,66,243.8,2.0,98.0,0.2,243.8,2.0,23.0,24.4,40.0,24.4
2018_03_GB_WAS,GB,265.0,45,27,2,100.0,17,0,265.0,45,27,2,67,247.0,1.6,100.6,0.0,247.0,1.6,22.4,23.4,39.2,23.4
2018_04_BUF_GB,GB,298.0,40,22,1,141.0,32,1,298.0,40,22,1,68,242.0,1.4,96.6,0.0,242.0,1.4,22.0,23.6,39.2,23.6
2018_05_GB_DET,GB,442.0,50,32,3,98.0,20,0,442.0,52,32,3,69,275.6,1.6,102.2,0.2,275.6,1.6,23.6,24.6,39.2,24.6
2018_06_SF_GB,GB,425.0,44,25,2,116.0,21,1,425.0,46,25,2,70,325.4,2.0,101.2,0.2,325.4,2.0,22.2,27.0,43.2,27.0
2018_08_GB_LA,GB,286.0,30,18,1,106.0,19,2,286.0,30,18,1,71,342.2,1.8,110.6,0.4,342.2,1.8,22.8,27.2,45.0,27.2
2018_09_GB_NE,GB,259.0,39,24,2,117.0,25,0,259.0,43,24,2,72,343.2,1.8,112.2,0.8,343.2,1.8,21.8,24.8,42.6,24.8
2018_10_MIA_GB,GB,199.0,26,19,2,195.0,25,2,199.0,28,19,2,73,342.0,1.8,115.6,0.8,342.0,1.8,23.4,24.2,42.2,24.2
2018_11_GB_SEA,GB,332.0,29,21,2,48.0,13,1,332.0,30,21,2,74,322.2,2.0,126.4,1.0,322.2,2.0,22.0,23.6,39.8,23.6
2018_12_GB_MIN,GB,198.0,27,17,1,82.0,19,1,198.0,28,17,1,75,300.2,1.8,116.4,1.2,300.2,1.8,20.6,21.4,35.4,21.4
2018_13_ARI_GB,GB,233.0,48,31,1,98.0,23,1,233.0,50,31,1,76,254.8,1.6,109.6,1.2,254.8,1.6,20.2,19.8,31.8,19.8
2018_14_ATL_GB,GB,196.0,31,21,2,138.0,25,1,196.0,32,21,2,77,244.2,1.6,108.0,1.0,244.2,1.6,21.0,22.4,35.8,22.4
2018_15_GB_CHI,GB,274.0,40,25,0,88.0,19,1,274.0,42,25,0,78,231.6,1.6,112.2,1.2,231.6,1.6,21.0,21.8,33.6,21.8
2018_16_GB_NYJ,GB,442.0,53,37,2,127.0,20,3,442.0,55,37,2,79,246.6,1.2,90.8,1.0,246.6,1.2,19.8,23.0,36.4,23.0
2018_17_DET_GB,GB,158.0,36,19,0,46.0,13,0,158.0,40,19,0,80,268.6,1.2,106.6,1.4,268.6,1.2,21.2,26.2,41.4,26.2
2019_01_GB_CHI,GB,203.0,27,18,1,47.0,22,0,203.0,30,18,1,81,260.6,1.0,99.4,1.2,260.6,1.0,20.0,26.6,43.8,26.6
2019_02_MIN_GB,GB,209.0,31,22,2,144.0,33,1,209.0,34,22,2,82,254.6,1.0,89.2,1.0,254.6,1.0,19.8,24.0,39.8,24.0
2019_03_DEN_GB,GB,235.0,27,17,1,77.0,23,2,235.0,29,17,1,83,257.2,1.0,90.4,1.0,257.2,1.0,21.4,24.2,40.2,24.2
2019_04_PHI_GB,GB,422.0,49,34,2,77.0,20,1,422.0,53,34,2,84,249.4,1.2,88.2,1.2,249.4,1.2,22.2,22.6,37.6,22.6
2019_05_GB_DAL,GB,238.0,31,22,0,120.0,29,4,238.0,34,22,0,85,245.4,1.2,78.2,0.8,245.4,1.2,22.2,22.0,37.2,22.0
2019_06_DET_GB,GB,283.0,38,24,2,170.0,29,0,283.0,39,24,2,86,261.4,1.2,93.0,1.6,261.4,1.2,25.4,22.6,36.0,22.6
2019_07_OAK_GB,GB,429.0,29,25,5,60.0,23,1,429.0,31,25,5,87,277.4,1.4,117.6,1.6,277.4,1.4,26.8,23.8,37.8,23.8
2019_08_GB_KC,GB,305.0,31,23,3,118.0,26,1,305.0,33,23,3,88,321.4,2.0,100.8,1.6,321.4,2.0,24.8,24.4,37.2,24.4
2019_09_GB_LAC,GB,161.0,34,23,1,45.0,11,0,161.0,35,23,1,89,335.4,2.4,109.0,1.4,335.4,2.4,25.4,25.6,38.0,25.6
2019_10_CAR_GB,GB,233.0,27,17,0,163.0,27,3,233.0,29,17,0,90,283.2,2.2,102.6,1.2,283.2,2.2,23.6,23.4,34.4,23.4
2019_12_GB_SF,GB,119.0,36,23,1,117.0,28,0,119.0,37,23,1,91,282.2,2.2,111.2,1.0,282.2,2.2,23.2,22.4,33.4,22.4
2019_13_GB_NYG,GB,243.0,33,21,4,79.0,26,0,243.0,33,21,4,92,249.4,2.0,100.6,1.0,249.4,2.0,23.0,22.2,33.0,22.2
2019_14_WAS_GB,GB,195.0,27,18,1,174.0,28,1,195.0,28,18,1,93,212.2,1.8,104.4,0.8,212.2,1.8,23.6,21.4,33.4,21.4
2019_15_CHI_GB,GB,203.0,30,16,1,100.0,24,2,203.0,33,16,1,94,190.2,1.4,115.6,0.8,190.2,1.4,24.0,20.4,32.4,20.4
2019_16_GB_MIN,GB,216.0,38,26,0,184.0,32,2,216.0,40,26,0,95,198.6,1.4,126.6,1.2,198.6,1.4,26.6,19.0,32.0,19.0
2019_17_GB_DET,GB,323.0,54,27,2,120.0,30,0,323.0,55,27,2,96,195.2,1.4,130.8,1.0,195.2,1.4,27.6,20.8,34.2,20.8
2020_01_GB_MIN,GB,364.0,41,32,4,158.0,32,1,364.0,44,32,4,97,236.0,1.6,131.4,1.0,236.0,1.6,28.0,21.6,37.8,21.6
2020_02_DET_GB,GB,240.0,30,18,2,259.0,35,2,240.0,30,18,2,98,260.2,1.6,147.2,1.2,260.2,1.6,29.2,23.8,40.0,23.8
2020_03_GB_NO,GB,283.0,30,21,3,98.0,26,1,283.0,32,21,3,99,269.2,1.8,164.2,1.4,269.2,1.8,30.6,23.8,40.4,23.8
2020_04_ATL_GB,GB,327.0,33,27,4,88.0,26,0,327.0,33,27,4,100,285.2,2.2,163.8,1.2,285.2,2.2,31.0,24.8,40.2,24.8
2020_06_GB_TB,GB,160.0,31,16,0,94.0,21,1,160.0,35,16,0,101,307.4,3.0,144.6,0.8,307.4,3.0,29.8,25.0,38.8,25.0
2020_07_GB_HOU,GB,283.0,34,23,4,96.0,27,1,283.0,34,23,4,102,274.8,2.6,139.4,1.0,274.8,2.6,28.0,22.8,34.8,22.8
2020_08_MIN_GB,GB,291.0,38,27,3,109.0,24,0,291.0,41,27,3,103,258.6,2.6,127.0,1.0,258.6,2.6,27.0,21.0,32.8,21.0
2020_09_GB_SF,GB,305.0,30,25,4,111.0,31,0,305.0,31,25,4,104,268.8,2.8,97.0,0.6,268.8,2.8,24.8,22.8,35.0,22.8
2020_10_JAX_GB,GB,325.0,33,24,2,80.0,25,1,325.0,34,24,2,105,273.2,3.0,99.6,0.4,273.2,3.0,25.8,23.6,34.8,23.6
2020_11_GB_IND,GB,311.0,35,27,3,66.0,18,1,311.0,38,27,3,106,272.8,2.6,98.0,0.6,272.8,2.6,25.6,23.0,35.0,23.0
2020_12_CHI_GB,GB,211.0,29,21,4,182.0,39,1,211.0,29,21,4,107,303.0,3.2,92.4,0.6,303.0,3.2,25.0,25.2,35.6,25.2
2020_13_PHI_GB,GB,295.0,32,25,3,149.0,25,1,295.0,34,25,3,108,288.6,3.2,109.6,0.6,288.6,3.2,27.4,24.8,34.6,24.8
2020_14_GB_DET,GB,290.0,31,26,3,120.0,31,1,290.0,33,26,3,109,289.4,3.2,117.6,0.8,289.4,3.2,27.6,24.4,33.2,24.4
2020_15_CAR_GB,GB,143.0,26,20,1,195.0,27,2,143.0,29,20,1,110,286.4,3.0,119.4,1.0,286.4,3.0,27.6,24.6,33.6,24.6
2020_16_TEN_GB,GB,231.0,24,21,4,234.0,37,2,231.0,25,21,4,111,250.0,2.8,142.4,1.2,250.0,2.8,28.0,23.8,32.6,23.8
2020_17_GB_CHI,GB,240.0,24,19,4,79.0,19,1,240.0,24,19,4,112,234.0,3.0,176.0,1.4,234.0,3.0,31.8,22.6,30.0,22.6
2021_01_GB_NO,GB,201.0,33,20,0,43.0,15,0,201.0,35,20,0,113,239.8,3.0,155.4,1.4,239.8,3.0,27.8,22.2,29.0,22.2
2021_02_DET_GB,GB,255.0,27,22,4,96.0,31,1,255.0,27,22,4,114,221.0,2.4,134.2,1.2,221.0,2.4,25.8,21.2,29.2,21.2
2021_03_GB_SF,GB,261.0,31,23,2,100.0,25,1,261.0,33,23,2,115,214.0,2.6,129.4,1.2,214.0,2.6,25.8,20.4,28.0,20.4
2021_04_PIT_GB,GB,248.0,35,20,2,131.0,33,1,248.0,36,20,2,116,237.6,2.8,110.4,1.0,237.6,2.8,25.4,21.0,28.8,21.0
2021_05_GB_CIN,GB,344.0,35,27,2,133.0,22,0,344.0,39,27,2,117,241.0,2.4,89.8,0.8,241.0,2.4,24.6,20.8,31.0,20.8
2021_06_GB_CHI,GB,195.0,21,17,2,154.0,31,1,195.0,23,17,2,118,261.8,2.0,100.6,0.6,261.8,2.0,25.2,22.4,34.0,22.4
2021_07_WAS_GB,GB,274.0,34,27,3,57.0,15,0,274.0,35,27,3,119,260.6,2.4,122.8,0.8,260.6,2.4,28.4,21.8,31.6,21.8
2021_08_GB_ARI,GB,184.0,35,22,2,151.0,34,1,184.0,37,22,2,120,264.4,2.2,115.0,0.6,264.4,2.2,25.2,22.8,33.2,22.8
2021_09_GB_KC,GB,190.0,32,19,1,122.0,25,0,190.0,34,19,1,121,249.0,2.2,125.2,0.6,249.0,2.2,27.0,22.6,34.0,22.6
2021_10_SEA_GB,GB,292.0,35,23,0,106.0,32,2,292.0,37,23,0,122,237.4,2.0,123.4,0.4,237.4,2.0,25.4,22.4,33.6,22.4
2021_11_GB_MIN,GB,385.0,31,23,4,95.0,19,0,385.0,33,23,4,123,227.0,1.6,118.0,0.8,227.0,1.6,27.4,21.6,33.2,21.6
2021_12_LA_GB,GB,307.0,44,28,2,92.0,32,1,307.0,45,28,2,124,265.0,2.0,106.2,0.6,265.0,2.0,25.0,22.8,35.2,22.8
2021_14_CHI_GB,GB,341.0,35,29,4,119.0,24,1,341.0,37,29,4,125,271.6,1.8,113.2,0.8,271.6,1.8,28.4,23.0,37.2,23.0
2021_15_GB_BAL,GB,268.0,31,23,3,96.0,25,1,268.0,31,23,3,126,303.0,2.2,106.8,0.8,303.0,2.2,26.4,24.4,37.2,24.4
2021_16_CLE_GB,GB,202.0,34,24,3,109.0,24,0,202.0,34,24,3,127,318.6,2.6,101.6,1.0,318.6,2.6,26.4,25.2,36.6,25.2
2021_17_MIN_GB,GB,307.0,42,31,2,174.0,32,2,307.0,42,31,2,128,300.6,3.2,102.2,0.6,300.6,3.2,24.8,25.4,36.0,25.4
2021_18_GB_DET,GB,272.0,35,24,3,122.0,27,1,272.0,35,24,3,129,285.0,2.8,118.0,1.0,285.0,2.8,27.4,27.0,37.8,27.0
2022_01_GB_MIN,GB,260.0,35,26,0,111.0,18,1,260.0,39,26,0,130,278.0,3.0,124.0,1.0,278.0,3.0,26.4,26.2,35.8,26.2
2022_02_CHI_GB,GB,234.0,25,19,2,203.0,38,1,234.0,25,19,2,131,261.8,2.2,122.4,1.0,261.8,2.2,25.2,25.6,36.2,25.6
2022_03_GB_TB,GB,255.0,34,27,2,67.0,25,0,255.0,35,27,2,132,255.0,2.0,143.8,1.0,255.0,2.0,27.8,24.8,35.0,24.8
2022_04_NE_GB,GB,251.0,32,21,2,199.0,35,1,251.0,35,21,2,133,265.6,1.8,135.4,1.0,265.6,1.8,28.0,25.4,35.2,25.4
2022_05_NYG_GB,GB,222.0,39,25,2,94.0,20,0,222.0,39,25,2,134,254.4,1.8,140.4,0.8,254.4,1.8,28.6,23.4,33.8,23.4
2022_06_NYJ_GB,GB,254.0,44,28,1,60.0,20,0,254.0,45,28,1,135,244.4,1.6,134.8,0.6,244.4,1.6,27.2,23.6,34.6,23.6
2022_07_GB_WAS,GB,194.0,33,23,2,38.0,12,0,194.0,35,23,2,136,243.2,1.8,124.6,0.4,243.2,1.8,27.6,24.0,35.8,24.0
2022_08_GB_BUF,GB,203.0,29,19,2,208.0,31,0,203.0,30,19,2,137,235.2,1.8,91.6,0.2,235.2,1.8,22.4,24.8,37.8,24.8
2022_09_GB_DET,GB,291.0,40,23,1,106.0,25,0,291.0,43,23,1,138,224.8,1.8,119.8,0.2,224.8,1.8,23.6,23.2,36.8,23.2
2022_10_DAL_GB,GB,224.0,19,14,3,207.0,39,1,224.0,20,14,3,139,232.8,1.6,101.2,0.0,232.8,1.6,21.6,23.6,38.4,23.6
2022_11_TEN_GB,GB,227.0,37,24,2,56.0,19,0,227.0,39,24,2,140,233.2,1.8,123.8,0.2,233.2,1.8,25.4,21.4,34.6,21.4
2022_12_GB_PHI,GB,253.0,25,17,3,106.0,21,1,253.0,25,17,3,141,227.8,2.0,123.0,0.2,227.8,2.0,25.2,20.6,33.4,20.6
2022_13_GB_CHI,GB,182.0,30,18,1,175.0,32,2,182.0,31,18,1,142,239.6,2.2,136.6,0.4,239.6,2.2,27.0,19.4,31.4,19.4
2022_15_LA_GB,GB,229.0,28,22,1,138.0,35,2,229.0,30,22,1,143,235.4,2.0,130.0,0.8,235.4,2.0,27.2,19.2,31.6,19.2
2022_16_GB_MIA,GB,238.0,38,24,1,79.0,25,1,238.0,38,24,1,144,223.0,2.0,136.4,1.2,223.0,2.0,29.2,19.0,29.0,19.0
2022_17_MIN_GB,GB,168.0,26,17,1,163.0,33,2,168.0,27,17,1,145,225.8,1.6,110.8,1.2,225.8,1.6,26.4,21.0,32.6,21.0
2022_18_DET_GB,GB,205.0,26,17,1,103.0,28,0,205.0,27,17,1,146,214.0,1.4,132.2,1.6,214.0,1.4,29.2,19.6,30.2,19.6
2023_01_GB_CHI,GB,245.0,27,15,3,92.0,32,1,245.0,27,15,3,147,204.4,1.0,131.6,1.4,204.4,1.0,30.6,19.6,30.6,19.6
2023_02_GB_ATL,GB,151.0,25,14,3,84.0,21,0,151.0,25,14,3,148,217.0,1.4,115.0,1.2,217.0,1.4,30.6,19.0,29.8,19.0
2023_03_NO_GB,GB,259.0,43,22,1,95.0,26,1,259.0,44,22,1,149,201.4,1.8,104.2,0.8,201.4,1.8,27.8,17.4,28.8,17.4
2023_04_DET_GB,GB,246.0,34,23,1,27.0,12,1,246.0,36,23,1,150,205.6,1.8,107.4,0.8,205.6,1.8,28.0,17.0,30.0,17.0
2023_05_GB_LV,GB,182.0,29,16,0,110.0,25,1,182.0,30,16,0,151,221.2,1.8,80.2,0.6,221.2,1.8,23.8,18.2,31.8,18.2
2023_07_GB_DEN,GB,194.0,32,22,2,137.0,29,0,194.0,32,22,2,152,216.6,1.6,81.6,0.8,216.6,1.6,23.2,18.0,32.4,18.0
2023_08_MIN_GB,GB,229.0,40,24,1,74.0,17,0,229.0,41,24,1,153,206.4,1.4,90.6,0.6,206.4,1.4,22.6,19.4,33.4,19.4
2023_09_LA_GB,GB,228.0,25,20,1,184.0,38,1,228.0,26,20,1,154,222.0,1.0,88.6,0.6,222.0,1.0,21.8,21.4,36.6,21.4
2023_10_GB_PIT,GB,289.0,37,21,2,116.0,24,0,289.0,40,21,2,155,215.8,1.0,106.4,0.6,215.8,1.0,24.2,21.0,33.0,21.0
2023_11_LAC_GB,GB,322.0,38,27,2,102.0,28,1,322.0,40,27,2,156,224.4,1.2,124.2,0.4,224.4,1.2,26.6,20.6,33.8,20.6
2023_12_GB_DET,GB,268.0,30,22,3,109.0,22,0,268.0,32,22,3,157,252.4,1.6,122.6,0.4,252.4,1.6,27.2,22.8,35.8,22.8
2023_13_KC_GB,GB,267.0,35,25,3,129.0,25,0,267.0,36,25,3,158,267.2,1.8,117.0,0.4,267.2,1.8,25.8,22.8,35.8,22.8
2023_14_GB_NYG,GB,218.0,38,25,1,123.0,25,1,218.0,39,25,1,159,274.8,2.2,128.0,0.4,274.8,2.2,27.4,23.0,34.8,23.0
2023_15_TB_GB,GB,284.0,36,29,2,60.0,17,0,284.0,39,29,2,160,272.8,2.2,115.8,0.4,272.8,2.2,24.8,24.0,37.4,24.0
2023_16_GB_CAR,GB,219.0,26,17,2,162.0,34,2,219.0,28,17,2,161,271.8,2.2,104.6,0.4,271.8,2.2,23.4,25.6,37.2,25.6
2023_17_GB_MIN,GB,293.0,34,25,3,177.0,39,1,293.0,34,25,3,162,251.2,2.2,116.6,0.6,251.2,2.2,24.6,23.6,34.8,23.6
2023_18_CHI_GB,GB,316.0,32,27,2,124.0,27,0,316.0,32,27,2,163,256.2,2.2,130.2,0.8,256.2,2.2,28.0,24.2,35.2,24.2
2024_01_GB_PHI,GB,260.0,32,17,2,163.0,21,1,260.0,35,17,2,164,266.0,2.0,129.2,0.8,266.0,2.0,28.4,24.6,34.4,24.6
2024_02_IND_GB,GB,122.0,13,12,1,261.0,53,0,122.0,14,12,1,165,274.4,2.2,137.2,0.8,274.4,2.2,27.6,23.0,33.6,23.0
2024_03_GB_TEN,GB,202.0,19,13,1,188.0,37,1,202.0,19,13,1,166,242.0,2.0,177.4,0.8,242.0,2.0,34.8,19.6,28.6,19.6
2024_04_MIN_GB,GB,389.0,54,32,4,86.0,19,0,389.0,54,32,4,167,238.6,1.8,182.6,0.6,238.6,1.8,35.4,18.8,26.8,18.8
2024_05_GB_LA,GB,224.0,25,15,2,126.0,30,1,224.0,26,15,2,168,257.8,2.0,164.4,0.4,257.8,2.0,31.4,20.2,30.8,20.2
2024_06_ARI_GB,GB,258.0,31,22,4,179.0,38,0,258.0,32,22,4,169,239.4,2.0,164.8,0.6,239.4,2.0,32.0,17.8,29.6,17.8
2024_07_HOU_GB,GB,220.0,33,24,3,82.0,20,0,220.0,33,24,3,170,239.0,2.4,168.0,0.4,239.0,2.4,35.4,18.8,29.0,18.8
2024_08_GB_JAX,GB,252.0,27,18,1,170.0,39,2,252.0,27,18,1,171,258.6,2.8,132.2,0.4,258.6,2.8,28.8,21.2,32.8,21.2
2024_09_DET_GB,GB,273.0,37,23,0,138.0,23,1,273.0,39,23,0,172,268.6,2.8,128.6,0.6,268.6,2.8,29.2,22.2,34.4,22.2
2024_11_GB_CHI,GB,261.0,17,13,1,106.0,25,2,261.0,17,13,1,173,245.4,2.0,139.0,0.8,245.4,2.0,30.0,20.4,31.4,20.4
2024_12_SF_GB,GB,163.0,22,13,2,169.0,42,3,163.0,23,13,2,174,252.8,1.8,135.0,1.0,252.8,1.8,29.0,20.0,29.6,20.0
2024_13_MIA_GB,GB,274.0,28,21,2,114.0,25,1,274.0,28,21,2,175,233.8,1.4,133.0,1.6,233.8,1.4,29.8,18.2,27.8,18.2
2024_14_GB_DET,GB,206.0,19,12,1,99.0,24,3,206.0,20,12,1,176,244.6,1.2,139.4,1.8,244.6,1.2,30.8,17.6,26.8,17.6
2024_15_GB_SEA,GB,229.0,26,20,2,140.0,34,1,229.0,27,20,2,177,235.4,1.2,125.2,2.0,235.4,1.2,27.8,16.4,25.4,16.4
2024_16_NO_GB,GB,216.0,27,17,1,188.0,39,3,216.0,30,17,1,178,226.6,1.6,125.6,2.0,226.6,1.6,30.0,15.8,23.0,15.8
2024_17_GB_MIN,GB,185.0,29,19,1,104.0,24,2,185.0,30,19,1,179,217.6,1.6,142.0,2.2,217.6,1.6,32.8,16.6,25.6,16.6
2024_18_CHI_GB,GB,205.0,25,17,0,183.0,33,2,205.0,25,17,0,180,222.0,1.4,129.0,2.0,222.0,1.4,29.2,17.8,27.0,17.8
2014_01_WAS_HOU,HOU,206.0,22,14,1,115.0,34,0,206.0,22,14,1,1,,,,,,,,,,
2014_02_HOU_OAK,HOU,139.0,19,14,2,188.0,46,1,139.0,19,14,2,2,206.0,1.0,115.0,0.0,206.0,1.0,34.0,14.0,22.0,14.0
2014_03_HOU_NYG,HOU,299.0,34,21,1,119.0,25,1,299.0,35,21,1,3,172.5,1.5,151.5,0.5,172.5,1.5,40.0,14.0,20.5,14.0
2014_04_BUF_HOU,HOU,268.0,37,25,1,37.0,23,0,268.0,37,25,1,4,214.66666666666666,1.3333333333333333,140.66666666666666,0.6666666666666666,214.66666666666666,1.3333333333333333,35.0,16.333333333333332,25.333333333333332,16.333333333333332
2014_05_HOU_DAL,HOU,154.0,24,16,0,176.0,31,2,154.0,25,16,0,5,228.0,1.25,114.75,0.5,228.0,1.25,32.0,18.5,28.25,18.5
2014_06_IND_HOU,HOU,212.0,23,15,1,136.0,24,2,212.0,23,15,1,6,213.2,1.0,127.0,0.8,213.2,1.0,31.8,18.0,27.6,18.0
2014_07_HOU_PIT,HOU,262.0,32,21,2,132.0,30,0,262.0,32,21,2,7,214.4,1.0,131.2,1.2,214.4,1.0,29.8,18.2,27.8,18.2
2014_08_HOU_TEN,HOU,227.0,35,19,1,212.0,40,2,227.0,35,19,1,8,239.0,1.0,120.0,1.0,239.0,1.0,26.6,19.6,30.4,19.6
2014_09_PHI_HOU,HOU,203.0,27,13,2,118.0,28,0,203.0,27,13,2,9,224.6,1.0,138.6,1.2,224.6,1.0,29.6,19.2,30.4,19.2
2014_11_HOU_CLE,HOU,211.0,30,20,2,213.0,54,0,211.0,30,20,2,10,211.6,1.2,154.8,1.2,211.6,1.2,30.6,16.8,28.4,16.8
2014_12_CIN_HOU,HOU,189.0,43,21,0,64.0,19,0,189.0,45,21,0,11,223.0,1.6,162.2,0.8,223.0,1.6,35.2,17.6,29.4,17.6
2014_13_TEN_HOU,HOU,358.0,33,24,6,99.0,36,0,358.0,33,24,6,12,218.4,1.4,147.8,0.4,218.4,1.4,34.2,18.8,33.8,18.8
2014_14_HOU_JAX,HOU,135.0,19,13,0,169.0,43,3,135.0,19,13,0,13,237.6,2.2,141.2,0.4,237.6,2.2,35.4,19.4,34.0,19.4
2014_15_HOU_IND,HOU,157.0,25,13,0,137.0,41,0,157.0,25,13,0,14,219.2,2.0,132.6,0.6,219.2,2.0,36.0,18.2,30.8,18.2
2014_16_BAL_HOU,HOU,190.0,42,21,1,123.0,38,0,190.0,43,21,1,15,210.0,1.6,136.4,0.6,210.0,1.6,38.6,18.2,30.4,18.2
2014_17_JAX_HOU,HOU,250.0,35,25,2,123.0,39,1,250.0,35,25,2,16,205.8,1.4,118.4,0.6,205.8,1.4,35.4,18.4,33.0,18.4
2015_01_KC_HOU,HOU,334.0,46,26,2,98.0,21,0,334.0,47,26,2,17,218.0,1.8,130.2,0.8,218.0,1.8,39.4,19.2,31.0,19.2
2015_02_HOU_CAR,HOU,244.0,57,27,1,61.0,23,1,244.0,58,27,1,18,213.2,1.0,130.0,0.8,213.2,1.0,36.4,19.6,33.8,19.6
2015_03_TB_HOU,HOU,228.0,39,24,1,186.0,46,1,228.0,39,24,1,19,235.0,1.2,108.4,0.4,235.0,1.2,32.4,22.4,41.6,22.4
2015_04_HOU_ATL,HOU,382.0,57,29,2,54.0,17,1,382.0,57,29,2,20,249.2,1.4,118.2,0.6,249.2,1.4,33.4,24.6,44.4,24.6
2015_05_IND_HOU,HOU,362.0,41,31,2,82.0,28,0,362.0,41,31,2,21,287.6,1.6,104.4,0.8,287.6,1.6,29.2,26.2,47.2,26.2
2015_06_HOU_JAX,HOU,293.0,36,24,3,95.0,31,0,293.0,36,24,3,22,310.0,1.6,96.2,0.6,310.0,1.6,27.0,27.4,48.4,27.4
2015_07_HOU_MIA,HOU,273.0,49,23,3,71.0,25,1,273.0,49,23,3,23,301.8,1.8,95.6,0.6,301.8,1.8,29.0,27.0,46.2,27.0
2015_08_TEN_HOU,HOU,235.0,34,23,2,56.0,23,0,235.0,35,23,2,24,307.6,2.2,97.6,0.6,307.6,2.2,29.4,26.2,44.4,26.2
2015_10_HOU_CIN,HOU,192.0,33,17,1,82.0,25,0,192.0,33,17,1,25,309.0,2.4,71.6,0.4,309.0,2.4,24.8,26.0,43.6,26.0
2015_11_NYJ_HOU,HOU,250.0,34,17,3,123.0,37,0,250.0,35,17,3,26,271.0,2.2,77.2,0.2,271.0,2.2,26.4,23.6,38.8,23.6
2015_12_NO_HOU,HOU,205.0,27,21,2,167.0,38,1,205.0,27,21,2,27,248.6,2.4,85.4,0.2,248.6,2.4,28.2,20.8,37.6,20.8
2015_13_HOU_BUF,HOU,293.0,43,26,3,126.0,26,0,293.0,43,26,3,28,231.0,2.2,99.8,0.4,231.0,2.2,29.6,20.2,35.8,20.2
2015_14_NE_HOU,HOU,159.0,24,12,0,87.0,22,0,159.0,24,12,0,29,235.0,2.2,110.8,0.2,235.0,2.2,29.8,20.8,34.6,20.8
2015_15_HOU_IND,HOU,173.0,27,17,1,155.0,37,0,173.0,28,17,1,30,219.8,1.8,117.0,0.2,219.8,1.8,29.6,18.6,32.4,18.6
2015_16_HOU_TEN,HOU,207.0,26,16,2,128.0,42,1,207.0,26,16,2,31,216.0,1.8,131.6,0.2,216.0,1.8,32.0,18.6,31.4,18.6
2015_17_JAX_HOU,HOU,249.0,41,25,1,160.0,31,1,249.0,41,25,1,32,207.4,1.6,132.6,0.4,207.4,1.6,33.0,18.4,29.6,18.4
2016_01_CHI_HOU,HOU,231.0,35,22,2,129.0,35,0,231.0,35,22,2,33,216.2,1.4,131.2,0.4,216.2,1.4,31.6,19.2,32.4,19.2
2016_02_KC_HOU,HOU,268.0,33,19,1,97.0,34,0,268.0,33,19,1,34,203.8,1.2,131.8,0.4,203.8,1.2,33.4,18.4,30.8,18.4
2016_03_HOU_NE,HOU,196.0,40,24,0,109.0,27,0,196.0,41,24,0,35,225.6,1.4,133.8,0.4,225.6,1.4,35.8,19.8,32.6,19.8
2016_04_TEN_HOU,HOU,254.0,36,25,2,115.0,24,0,254.0,37,25,2,36,230.2,1.2,124.6,0.4,230.2,1.2,33.8,21.2,35.2,21.2
2016_05_HOU_MIN,HOU,184.0,42,19,1,59.0,14,0,184.0,42,19,1,37,239.6,1.2,122.0,0.2,239.6,1.2,30.2,23.0,37.4,23.0
2016_06_IND_HOU,HOU,269.0,39,25,2,158.0,28,1,269.0,39,25,2,38,226.6,1.2,101.8,0.0,226.6,1.2,26.8,21.8,37.6,21.8
2016_07_HOU_DEN,HOU,131.0,41,22,0,140.0,25,0,131.0,41,22,0,39,234.2,1.2,107.6,0.2,234.2,1.2,25.4,22.4,38.4,22.4
2016_08_DET_HOU,HOU,186.0,29,20,1,105.0,31,1,186.0,29,20,1,40,206.8,1.0,116.2,0.2,206.8,1.0,23.6,23.0,40.0,23.0
2016_10_HOU_JAX,HOU,99.0,27,14,2,181.0,33,0,99.0,27,14,2,41,204.8,1.2,115.4,0.4,204.8,1.2,24.4,22.2,37.6,22.2
2016_11_HOU_OAK,HOU,243.0,39,26,1,124.0,33,1,243.0,39,26,1,42,173.8,1.2,128.6,0.4,173.8,1.2,26.2,20.0,35.6,20.0
2016_12_SD_HOU,HOU,246.0,35,22,0,114.0,27,1,246.0,37,22,0,43,185.6,1.2,141.6,0.6,185.6,1.2,30.0,21.4,35.0,21.4
2016_13_HOU_GB,HOU,210.0,35,22,2,123.0,27,0,202.0,35,22,2,44,181.0,0.8,132.8,0.6,181.0,0.8,29.8,20.8,34.6,20.8
2016_14_HOU_IND,HOU,147.0,23,14,0,185.0,41,1,147.0,24,14,0,45,195.2,1.2,129.4,0.6,196.8,1.2,30.2,20.8,33.4,20.8
2016_15_JAX_HOU,HOU,308.0,47,29,0,79.0,31,1,308.0,47,29,0,46,187.4,1.0,145.4,0.6,189.0,1.0,32.2,19.6,32.4,19.6
2016_16_CIN_HOU,HOU,176.0,29,18,0,95.0,24,1,176.0,29,18,0,47,229.2,0.6,125.0,0.8,230.8,0.6,31.8,22.6,36.4,22.6
2016_17_HOU_TEN,HOU,278.0,47,26,1,46.0,22,1,278.0,48,26,1,48,215.8,0.4,119.2,0.8,217.4,0.4,30.0,21.0,34.4,21.0
2017_01_JAX_HOU,HOU,164.0,36,19,1,93.0,23,0,164.0,36,19,1,49,222.2,0.6,105.6,0.8,223.8,0.6,29.0,21.8,36.6,21.8
2017_02_HOU_CIN,HOU,125.0,24,15,0,168.0,35,1,125.0,24,15,0,50,214.6,0.4,99.6,0.8,214.6,0.4,28.2,21.2,36.8,21.2
2017_03_HOU_NE,HOU,301.0,33,22,2,125.0,32,0,301.0,33,22,2,51,210.2,0.4,96.2,0.8,210.2,0.4,27.0,21.4,36.8,21.4
2017_04_TEN_HOU,HOU,283.0,34,25,4,173.0,42,2,283.0,34,25,4,52,208.8,0.8,105.4,0.6,208.8,0.8,27.2,20.0,34.0,20.0
2017_05_KC_HOU,HOU,261.0,29,16,5,144.0,23,0,261.0,31,16,5,53,230.2,1.6,121.0,0.8,230.2,1.6,30.8,21.4,35.0,21.4
2017_06_CLE_HOU,HOU,225.0,29,17,3,123.0,33,0,225.0,29,17,3,54,226.8,2.4,140.6,0.6,226.8,2.4,31.0,19.4,31.6,19.4
2017_08_HOU_SEA,HOU,402.0,30,19,4,142.0,34,1,402.0,30,19,4,55,239.0,2.8,146.6,0.6,239.0,2.8,33.0,19.0,30.2,19.0
2017_09_IND_HOU,HOU,219.0,44,19,1,94.0,21,0,219.0,44,19,1,56,294.4,3.6,141.4,0.6,294.4,3.6,32.8,19.8,31.4,19.8
2017_10_HOU_LA,HOU,221.0,35,18,1,89.0,25,0,221.0,36,18,1,57,278.0,3.4,135.2,0.6,278.0,3.4,30.6,19.2,33.6,19.2
2017_11_ARI_HOU,HOU,230.0,32,22,2,134.0,34,2,230.0,32,22,2,58,265.6,2.8,118.4,0.2,265.6,2.8,27.2,17.8,34.0,17.8
2017_12_HOU_BAL,HOU,252.0,37,22,0,66.0,25,1,252.0,37,22,0,59,259.4,2.2,116.4,0.6,259.4,2.2,29.4,19.0,34.2,19.0
2017_13_HOU_TEN,HOU,365.0,48,31,1,53.0,22,0,365.0,49,31,1,60,264.8,1.6,105.0,0.8,264.8,1.6,27.8,20.0,35.8,20.0
2017_14_SF_HOU,HOU,238.0,37,20,2,90.0,23,0,238.0,38,20,2,61,257.4,1.0,87.2,0.6,257.4,1.0,25.4,22.4,39.6,22.4
2017_15_HOU_JAX,HOU,128.0,29,12,1,87.0,21,0,128.0,31,12,1,62,261.2,1.2,86.4,0.6,261.2,1.2,25.8,22.6,38.4,22.6
2017_16_PIT_HOU,HOU,93.0,16,8,1,176.0,28,0,93.0,17,8,1,63,242.6,1.2,86.0,0.6,242.6,1.2,25.0,21.4,37.4,21.4
2017_17_HOU_IND,HOU,137.0,23,14,0,85.0,27,1,137.0,24,14,0,64,215.2,1.0,94.4,0.2,215.2,1.0,23.8,18.6,34.4,18.6
2018_01_HOU_NE,HOU,176.0,34,17,1,167.0,34,1,176.0,34,17,1,65,192.2,1.0,98.2,0.2,192.2,1.0,24.2,17.0,31.8,17.0
2018_02_HOU_TEN,HOU,310.0,31,22,2,148.0,26,0,310.0,32,22,2,66,154.4,1.0,121.0,0.4,154.4,1.0,26.6,14.2,28.8,14.2
2018_03_NYG_HOU,HOU,385.0,38,24,2,59.0,19,0,385.0,40,24,2,67,168.8,1.0,132.6,0.4,168.8,1.0,27.2,14.6,27.6,14.6
2018_04_HOU_IND,HOU,375.0,40,29,2,119.0,35,1,375.0,42,29,2,68,220.2,1.2,127.0,0.4,220.2,1.2,26.8,17.0,29.4,17.0
2018_05_DAL_HOU,HOU,375.0,43,33,1,88.0,31,0,375.0,44,33,1,69,276.6,1.4,115.6,0.6,276.6,1.4,28.2,21.2,34.4,21.2
2018_06_BUF_HOU,HOU,177.0,26,15,1,74.0,24,0,177.0,26,15,1,70,324.2,1.6,116.2,0.4,324.2,1.6,29.0,25.0,38.4,25.0
2018_07_HOU_JAX,HOU,139.0,24,12,1,141.0,37,1,139.0,24,12,1,71,324.4,1.6,97.6,0.2,324.4,1.6,27.0,24.6,36.8,24.6
2018_08_MIA_HOU,HOU,239.0,20,16,5,188.0,35,1,239.0,20,16,5,72,290.2,1.4,96.2,0.4,290.2,1.4,29.2,22.6,35.2,22.6
2018_09_HOU_DEN,HOU,213.0,23,17,2,98.0,33,0,213.0,24,17,2,73,261.0,2.0,122.0,0.6,261.0,2.0,32.4,21.0,31.2,21.0
2018_11_HOU_WAS,HOU,208.0,24,16,1,139.0,31,0,208.0,24,16,1,74,228.6,2.0,117.8,0.4,228.6,2.0,32.0,18.6,27.6,18.6
2018_12_TEN_HOU,HOU,210.0,23,19,2,281.0,34,2,210.0,24,19,2,75,195.2,2.0,128.0,0.4,195.2,2.0,32.0,15.2,23.6,15.2
2018_13_CLE_HOU,HOU,224.0,29,22,1,187.0,39,0,224.0,31,22,1,76,201.8,2.2,169.4,0.8,201.8,2.2,34.0,16.0,23.2,16.0
2018_14_IND_HOU,HOU,267.0,38,27,1,89.0,25,2,267.0,38,27,1,77,218.8,2.2,178.6,0.6,218.8,2.2,34.4,18.0,24.6,18.0
2018_15_HOU_NYJ,HOU,294.0,26,22,2,47.0,17,0,294.0,28,22,2,78,224.4,1.4,158.8,0.8,224.4,1.4,32.4,20.2,28.2,20.2
2018_16_HOU_PHI,HOU,339.0,40,29,2,62.0,19,2,339.0,40,29,2,79,240.6,1.4,148.6,0.8,240.6,1.4,29.2,21.2,29.0,21.2
2018_17_JAX_HOU,HOU,234.0,35,25,0,134.0,33,2,234.0,35,25,0,80,266.8,1.6,133.2,1.2,266.8,1.6,26.8,23.8,32.2,23.8
2019_01_HOU_NO,HOU,268.0,29,20,3,180.0,23,1,268.0,30,20,3,81,271.6,1.2,103.8,1.2,271.6,1.2,26.6,25.0,34.4,25.0
2019_02_JAX_HOU,HOU,159.0,29,16,0,126.0,30,1,159.0,29,16,0,82,280.4,1.6,102.4,1.4,280.4,1.6,23.4,24.6,34.2,24.6
2019_03_HOU_LAC,HOU,351.0,34,25,3,39.0,19,1,351.0,34,25,3,83,258.8,1.4,109.8,1.2,258.8,1.4,24.4,22.4,32.4,22.4
2019_04_CAR_HOU,HOU,160.0,32,21,0,136.0,22,1,160.0,34,21,0,84,270.2,1.6,108.2,1.4,270.2,1.6,24.8,23.0,33.6,23.0
2019_05_ATL_HOU,HOU,426.0,33,28,5,166.0,34,1,426.0,33,28,5,85,234.4,1.2,123.0,1.2,234.4,1.2,25.4,21.4,32.4,21.4
2019_06_HOU_KC,HOU,280.0,42,30,1,192.0,41,3,280.0,42,30,1,86,272.8,2.2,129.4,1.0,272.8,2.2,25.6,22.0,32.0,22.0
2019_07_HOU_IND,HOU,308.0,33,23,1,100.0,24,1,308.0,34,23,1,87,275.2,1.8,131.8,1.4,275.2,1.8,29.2,24.0,34.4,24.0
2019_08_OAK_HOU,HOU,279.0,38,27,3,130.0,32,0,279.0,39,27,3,88,305.0,2.0,126.6,1.4,305.0,2.0,28.0,25.4,35.4,25.4
2019_09_HOU_JAX,HOU,201.0,28,22,2,216.0,34,1,201.0,28,22,2,89,290.6,2.0,144.8,1.2,290.6,2.0,30.6,25.8,36.4,25.8
2019_11_HOU_BAL,HOU,169.0,30,18,0,122.0,20,1,169.0,30,18,0,90,298.8,2.4,160.8,1.2,298.8,2.4,33.0,26.0,35.2,26.0
2019_12_IND_HOU,HOU,298.0,28,19,2,99.0,24,0,298.0,30,19,2,91,247.4,1.4,152.0,1.2,247.4,1.4,30.2,24.0,34.6,24.0
2019_13_NE_HOU,HOU,240.0,26,19,4,52.0,23,0,240.0,26,19,4,92,251.0,1.6,133.4,0.6,251.0,1.6,26.8,21.8,32.2,21.8
2019_14_DEN_HOU,HOU,292.0,47,28,1,134.0,22,2,292.0,50,28,1,93,237.4,2.2,123.8,0.4,237.4,2.2,26.6,21.0,30.6,21.0
2019_15_HOU_TEN,HOU,243.0,25,19,2,140.0,35,1,243.0,27,19,2,94,240.0,1.8,124.6,0.8,240.0,1.8,24.6,21.2,32.8,21.2
2019_16_HOU_TB,HOU,184.0,32,19,0,68.0,26,1,184.0,32,19,0,95,248.4,1.8,109.4,0.8,248.4,1.8,24.8,20.6,32.6,20.6
2019_17_TEN_HOU,HOU,225.0,32,21,0,109.0,25,2,225.0,36,21,0,96,251.4,1.8,98.6,0.8,251.4,1.8,26.0,20.8,33.0,20.8
2020_01_HOU_KC,HOU,253.0,31,20,1,118.0,22,2,253.0,32,20,1,97,236.8,1.4,100.6,1.2,236.8,1.4,26.2,21.2,34.2,21.2
2020_02_BAL_HOU,HOU,275.0,34,25,1,51.0,17,0,275.0,36,25,1,98,239.4,0.8,113.8,1.6,239.4,0.8,26.0,21.4,35.4,21.4
2020_03_HOU_PIT,HOU,264.0,27,19,2,29.0,15,1,264.0,27,19,2,99,236.0,0.8,97.2,1.2,236.0,0.8,25.0,20.8,32.6,20.8
2020_04_MIN_HOU,HOU,300.0,31,20,2,96.0,26,0,300.0,33,20,2,100,240.2,0.8,75.0,1.2,240.2,0.8,21.0,20.8,32.6,20.8
2020_05_JAX_HOU,HOU,359.0,35,25,3,129.0,22,0,359.0,35,25,3,101,263.4,1.2,80.6,1.0,263.4,1.2,21.0,21.0,32.8,21.0
2020_06_HOU_TEN,HOU,335.0,37,28,4,92.0,27,1,335.0,38,28,4,102,290.2,1.8,84.6,0.6,290.2,1.8,20.4,21.8,32.6,21.8
2020_07_GB_HOU,HOU,309.0,38,29,2,79.0,22,0,309.0,39,29,2,103,306.6,2.4,79.4,0.4,306.6,2.4,21.4,23.4,33.8,23.4
2020_09_HOU_JAX,HOU,281.0,29,19,2,107.0,28,1,281.0,32,19,2,104,313.4,2.6,85.0,0.4,313.4,2.6,22.4,24.2,34.4,24.2
2020_10_HOU_CLE,HOU,163.0,28,20,1,90.0,22,0,163.0,30,20,1,105,316.8,2.6,100.6,0.4,316.8,2.6,25.0,24.2,35.4,24.2
2020_11_NE_HOU,HOU,344.0,37,28,2,55.0,19,1,344.0,37,28,2,106,289.4,2.4,99.4,0.4,289.4,2.4,24.2,24.2,34.8,24.2
2020_12_HOU_DET,HOU,318.0,23,17,4,77.0,23,0,318.0,25,17,4,107,286.4,2.2,84.6,0.6,286.4,2.2,23.6,24.8,35.2,24.8
2020_13_IND_HOU,HOU,341.0,37,26,0,90.0,19,2,341.0,38,26,0,108,283.0,2.2,81.6,0.4,283.0,2.2,22.8,22.6,32.6,22.6
2020_14_HOU_CHI,HOU,219.0,27,21,1,108.0,27,0,219.0,30,21,1,109,289.4,1.8,83.8,0.8,289.4,1.8,22.2,22.0,32.4,22.0
2020_15_HOU_IND,HOU,373.0,38,33,2,83.0,21,0,373.0,41,33,2,110,277.0,1.6,84.0,0.6,277.0,1.6,22.0,22.4,32.0,22.4
2020_16_CIN_HOU,HOU,309.0,33,24,3,166.0,17,1,324.0,33,24,3,111,319.0,1.8,82.6,0.6,319.0,1.8,21.8,25.0,34.2,25.0
2020_17_TEN_HOU,HOU,385.0,40,29,3,96.0,17,1,385.0,40,29,3,112,315.0,2.0,104.8,0.6,312.0,2.0,21.4,24.2,33.4,24.2
2021_01_JAX_HOU,HOU,291.0,32,21,2,160.0,41,2,291.0,33,21,2,113,328.4,1.8,108.6,0.8,325.4,1.8,20.2,26.6,36.4,26.6
2021_02_HOU_CLE,HOU,227.0,28,18,2,82.0,28,1,227.0,29,18,2,114,318.4,2.2,122.6,0.8,315.4,2.2,24.6,25.6,35.4,25.6
2021_03_CAR_HOU,HOU,168.0,25,19,1,42.0,17,0,168.0,28,19,1,115,320.0,2.4,117.4,1.0,317.0,2.4,24.8,25.0,35.2,25.0
2021_04_HOU_BUF,HOU,87.0,20,11,0,48.0,18,0,87.0,21,11,0,116,279.0,2.2,109.2,1.0,276.0,2.2,24.0,22.2,32.6,22.2
2021_05_NE_HOU,HOU,312.0,27,21,3,67.0,24,0,312.0,29,21,3,117,231.6,1.6,85.6,0.8,231.6,1.6,24.2,19.6,30.2,19.6
2021_06_HOU_IND,HOU,243.0,42,29,0,124.0,29,0,243.0,43,29,0,118,217.0,1.6,79.8,0.6,217.0,1.6,25.6,18.0,28.0,18.0
2021_07_HOU_ARI,HOU,135.0,31,23,0,42.0,15,0,135.0,32,23,0,119,207.4,1.2,72.6,0.2,207.4,1.2,23.2,19.6,30.0,19.6
2021_08_LA_HOU,HOU,310.0,36,29,2,44.0,14,1,310.0,39,29,2,120,189.0,0.8,64.6,0.0,189.0,0.8,20.6,20.6,30.6,20.6
2021_09_HOU_MIA,HOU,240.0,40,24,0,73.0,18,0,240.0,44,24,0,121,217.4,1.0,65.0,0.2,217.4,1.0,20.0,22.6,32.8,22.6
2021_11_HOU_TEN,HOU,107.0,23,14,0,83.0,38,2,107.0,24,14,0,122,248.0,1.0,70.0,0.2,248.0,1.0,20.0,25.2,37.4,25.2
2021_12_NYJ_HOU,HOU,158.0,26,17,2,96.0,24,0,158.0,26,17,2,123,207.0,0.4,73.2,0.6,207.0,0.4,22.8,23.8,36.4,23.8
2021_13_IND_HOU,HOU,94.0,26,11,0,84.0,19,0,94.0,27,11,0,124,190.0,0.8,67.6,0.6,190.0,0.8,21.8,21.4,33.0,21.4
2021_14_SEA_HOU,HOU,331.0,48,33,1,63.0,25,0,331.0,49,33,1,125,181.8,0.8,76.0,0.6,181.8,0.8,22.6,19.0,32.0,19.0
2021_15_HOU_JAX,HOU,209.0,30,19,2,75.0,26,0,209.0,30,19,2,126,186.0,0.6,79.8,0.4,186.0,0.6,24.8,19.8,34.0,19.8
2021_16_LAC_HOU,HOU,254.0,27,21,2,189.0,36,2,254.0,27,21,2,127,179.8,1.0,80.2,0.4,179.8,1.0,26.4,18.8,31.2,18.8
2021_17_HOU_SF,HOU,163.0,30,21,1,86.0,27,0,163.0,32,21,1,128,209.2,1.4,101.4,0.4,209.2,1.4,26.0,20.2,31.8,20.2
2021_18_TEN_HOU,HOU,301.0,32,23,3,64.0,21,0,301.0,33,23,3,129,210.2,1.2,99.4,0.4,210.2,1.2,26.6,21.0,33.0,21.0
2022_01_IND_HOU,HOU,240.0,36,23,2,77.0,28,0,240.0,37,23,2,130,251.6,1.8,95.4,0.4,251.6,1.8,27.0,23.4,34.2,23.4
2022_02_HOU_DEN,HOU,177.0,37,19,0,80.0,18,0,177.0,38,19,0,131,233.4,2.0,98.2,0.4,233.4,2.0,27.6,21.4,31.8,21.4
2022_03_HOU_CHI,HOU,245.0,31,20,1,92.0,24,1,245.0,32,20,1,132,227.0,1.6,99.2,0.4,227.0,1.6,26.0,21.4,33.4,21.4
2022_04_LAC_HOU,HOU,246.0,35,26,2,131.0,14,1,246.0,35,26,2,133,225.2,1.4,79.8,0.2,225.2,1.4,23.6,21.2,34.4,21.2
2022_05_HOU_JAX,HOU,140.0,24,16,0,116.0,31,1,140.0,24,16,0,134,241.8,1.6,88.8,0.4,241.8,1.6,21.0,22.2,35.0,22.2
2022_07_HOU_LV,HOU,302.0,40,28,2,108.0,23,0,302.0,41,28,2,135,209.6,1.0,99.2,0.6,209.6,1.0,23.0,20.8,33.2,20.8
2022_08_TEN_HOU,HOU,152.0,30,17,1,43.0,18,0,152.0,30,17,1,136,222.0,1.0,105.4,0.6,222.0,1.0,22.0,21.8,34.0,21.8
2022_09_PHI_HOU,HOU,154.0,21,13,2,168.0,32,0,154.0,22,13,2,137,217.0,1.2,98.0,0.6,217.0,1.2,22.0,21.4,32.4,21.4
2022_10_HOU_NYG,HOU,319.0,37,22,1,101.0,19,0,319.0,37,22,1,138,198.8,1.4,113.2,0.4,198.8,1.4,23.6,20.0,30.4,20.0
2022_11_WAS_HOU,HOU,169.0,32,19,0,21.0,16,1,169.0,33,19,0,139,213.4,1.2,107.2,0.2,213.4,1.2,24.6,19.2,30.8,19.2
2022_12_HOU_MIA,HOU,215.0,38,26,1,36.0,14,1,215.0,39,26,1,140,219.2,1.2,88.2,0.2,219.2,1.2,21.6,19.8,32.6,19.8
2022_13_CLE_HOU,HOU,201.0,37,20,1,82.0,22,0,201.0,39,20,1,141,201.8,1.0,73.8,0.4,201.8,1.0,19.8,19.4,32.2,19.4
2022_14_HOU_DAL,HOU,213.0,24,20,1,114.0,37,1,213.0,27,20,1,142,211.6,1.0,81.6,0.4,211.6,1.0,20.6,20.0,34.0,20.0
2022_15_KC_HOU,HOU,129.0,27,14,2,94.0,28,1,129.0,29,14,2,143,223.4,0.8,70.8,0.6,223.4,0.8,21.6,21.4,35.0,21.4
2022_16_HOU_TEN,HOU,218.0,29,20,1,70.0,30,0,218.0,32,20,1,144,185.4,1.0,69.4,0.8,185.4,1.0,23.4,19.8,33.4,19.8
2022_17_JAX_HOU,HOU,211.0,42,25,0,84.0,21,0,211.0,44,25,0,145,195.2,1.2,79.2,0.6,195.2,1.2,26.2,20.0,33.2,20.0
2022_18_HOU_IND,HOU,311.0,38,24,3,59.0,23,0,311.0,40,24,3,146,194.4,1.0,88.8,0.4,194.4,1.0,27.6,19.8,34.2,19.8
2023_01_HOU_BAL,HOU,242.0,43,28,0,72.0,23,0,242.0,44,28,0,147,216.4,1.4,84.2,0.4,216.4,1.4,27.8,20.6,34.4,20.6
2023_02_IND_HOU,HOU,384.0,43,30,2,52.0,26,0,384.0,47,30,2,148,222.2,1.2,75.8,0.2,222.2,1.2,25.0,22.2,37.8,22.2
2023_03_HOU_JAX,HOU,280.0,29,20,2,86.0,26,1,280.0,30,20,2,149,273.2,1.2,67.4,0.0,273.2,1.2,24.6,25.4,41.4,25.4
2023_04_PIT_HOU,HOU,312.0,27,17,3,139.0,38,0,312.0,31,17,3,150,285.6,1.4,70.6,0.2,285.6,1.4,23.8,25.4,41.0,25.4
2023_05_HOU_ATL,HOU,249.0,32,20,1,64.0,23,0,249.0,35,20,1,151,305.8,2.0,81.6,0.2,305.8,2.0,27.2,23.8,38.4,23.8
2023_06_NO_HOU,HOU,199.0,24,13,2,120.0,31,0,199.0,27,13,2,152,293.4,1.6,82.6,0.2,293.4,1.6,27.2,23.0,37.4,23.0
2023_08_HOU_CAR,HOU,140.0,24,16,0,110.0,30,2,140.0,24,16,0,153,284.8,2.0,92.2,0.2,284.8,2.0,28.8,20.0,34.0,20.0
2023_09_TB_HOU,HOU,470.0,38,30,5,43.0,17,0,470.0,42,30,5,154,236.0,1.6,103.8,0.6,236.0,1.6,29.6,17.2,29.4,17.2
2023_10_HOU_CIN,HOU,356.0,39,23,1,188.0,34,2,356.0,39,23,1,155,274.0,2.2,95.2,0.4,274.0,2.2,27.8,19.2,31.8,19.2
2023_11_ARI_HOU,HOU,338.0,38,28,2,111.0,25,1,338.0,38,28,2,156,282.8,1.8,105.0,0.8,282.8,1.8,27.0,20.4,33.4,20.4
2023_12_JAX_HOU,HOU,304.0,36,26,2,91.0,18,1,304.0,36,26,2,157,300.6,2.0,114.4,1.0,300.6,2.0,27.4,22.0,34.0,22.0
2023_13_DEN_HOU,HOU,292.0,27,17,1,89.0,30,1,292.0,28,17,1,158,321.6,2.0,108.6,1.2,321.6,2.0,24.8,24.6,35.8,24.6
2023_14_HOU_NYJ,HOU,95.0,27,11,0,81.0,19,1,95.0,28,11,0,159,352.0,2.2,104.4,1.0,352.0,2.2,24.8,24.8,36.6,24.8
2023_15_HOU_TEN,HOU,229.0,34,23,1,148.0,32,0,229.0,36,23,1,160,277.0,1.2,112.0,1.2,277.0,1.2,25.2,21.0,33.8,21.0
2023_16_CLE_HOU,HOU,211.0,48,26,2,72.0,16,0,211.0,49,26,2,161,251.6,1.2,104.0,0.8,251.6,1.2,24.8,21.0,33.2,21.0
2023_17_TEN_HOU,HOU,213.0,31,24,1,111.0,28,0,213.0,32,24,1,162,226.2,1.2,96.2,0.6,226.2,1.2,23.0,20.6,35.4,20.6
2023_18_HOU_IND,HOU,264.0,26,20,2,60.0,28,1,264.0,26,20,2,163,208.0,1.0,100.2,0.4,208.0,1.0,25.0,20.2,34.6,20.2
2024_01_HOU_IND,HOU,234.0,31,24,2,213.0,40,1,234.0,32,24,2,164,202.4,1.2,94.4,0.4,202.4,1.2,24.6,20.8,34.2,20.8
2024_02_CHI_HOU,HOU,260.0,34,23,1,75.0,22,0,260.0,36,23,1,165,230.2,1.6,120.8,0.4,230.2,1.6,28.8,23.4,35.0,23.4
2024_03_HOU_MIN,HOU,307.0,43,28,1,38.0,14,0,307.0,44,28,1,166,236.4,1.6,106.2,0.4,236.4,1.6,26.8,23.4,35.0,23.4
2024_04_JAX_HOU,HOU,345.0,39,27,2,101.0,26,1,345.0,40,27,2,167,255.6,1.4,99.4,0.4,255.6,1.4,26.4,23.8,34.0,23.8
2024_05_BUF_HOU,HOU,331.0,35,28,1,94.0,28,1,331.0,38,28,1,168,282.0,1.6,97.4,0.6,282.0,1.6,26.0,24.4,35.6,24.4
2024_06_HOU_NE,HOU,192.0,31,20,3,192.0,28,2,192.0,32,20,3,169,295.4,1.4,104.2,0.6,295.4,1.4,26.0,26.0,38.0,26.0
2024_07_HOU_GB,HOU,86.0,19,10,0,142.0,33,2,86.0,21,10,0,170,287.0,1.6,100.0,0.8,287.0,1.6,23.6,25.2,38.0,25.2
2024_08_IND_HOU,HOU,285.0,36,25,1,96.0,29,1,285.0,37,25,1,171,252.2,1.4,113.4,1.2,252.2,1.4,25.8,22.6,35.0,22.6
2024_09_HOU_NYJ,HOU,191.0,29,11,0,187.0,36,1,191.0,31,11,0,172,247.8,1.4,125.0,1.4,247.8,1.4,28.8,22.0,33.6,22.0
2024_10_DET_HOU,HOU,232.0,32,19,1,56.0,28,1,232.0,33,19,1,173,217.0,1.0,142.2,1.4,217.0,1.0,30.8,18.8,31.8,18.8
2024_11_HOU_DAL,HOU,257.0,33,23,0,141.0,25,3,257.0,34,23,0,174,197.2,1.0,134.6,1.4,197.2,1.0,30.8,17.0,30.8,17.0
2024_12_TEN_HOU,HOU,247.0,31,20,2,40.0,17,0,247.0,33,20,2,175,210.2,0.4,124.4,1.6,210.2,0.4,30.2,17.6,31.2,17.6
2024_13_HOU_JAX,HOU,242.0,33,22,1,108.0,25,1,242.0,34,22,1,176,242.4,0.8,104.0,1.2,242.4,0.8,27.0,19.6,33.6,19.6
2024_15_MIA_HOU,HOU,131.0,25,18,2,77.0,20,0,131.0,26,18,2,177,233.8,0.8,106.4,1.2,233.8,0.8,26.2,19.0,33.0,19.0
2024_16_HOU_KC,HOU,244.0,37,23,2,84.0,17,0,244.0,39,23,2,178,221.8,1.2,84.4,1.0,221.8,1.2,23.0,20.4,32.0,20.4
2024_17_BAL_HOU,HOU,190.0,31,18,0,58.0,17,0,190.0,32,18,0,179,224.2,1.4,90.0,0.8,224.2,1.4,20.8,21.2,33.2,21.2
2024_18_HOU_TEN,HOU,178.0,28,18,1,207.0,29,1,178.0,28,18,1,180,210.8,1.4,73.4,0.2,210.8,1.4,19.2,20.2,32.8,20.2
2014_01_IND_DEN,IND,370.0,53,35,2,54.0,14,1,370.0,53,35,2,1,,,,,,,,,,
2014_02_PHI_IND,IND,172.0,32,20,3,169.0,38,0,172.0,34,20,3,2,370.0,2.0,54.0,1.0,370.0,2.0,14.0,35.0,53.0,35.0
2014_03_IND_JAX,IND,390.0,43,33,4,144.0,29,0,390.0,43,33,4,3,271.0,2.5,111.5,0.5,271.0,2.5,26.0,27.5,43.5,27.5
2014_04_TEN_IND,IND,393.0,40,29,4,105.0,41,1,393.0,41,29,4,4,310.6666666666667,3.0,122.33333333333333,0.3333333333333333,310.6666666666667,3.0,27.0,29.333333333333332,43.333333333333336,29.333333333333332
2014_05_BAL_IND,IND,312.0,47,32,1,127.0,30,1,312.0,49,32,1,5,331.25,3.25,118.0,0.5,331.25,3.25,30.5,29.25,42.75,29.25
2014_06_IND_HOU,IND,370.0,44,25,3,93.0,35,1,370.0,44,25,3,6,327.4,2.8,119.8,0.6,327.4,2.8,30.4,29.8,44.0,29.8
2014_07_CIN_IND,IND,344.0,40,27,2,171.0,34,1,344.0,42,27,2,7,327.4,3.0,127.6,0.6,327.4,3.0,34.6,27.8,42.2,27.8
2014_08_IND_PIT,IND,400.0,44,26,3,63.0,10,1,400.0,45,26,3,8,361.8,2.8,128.0,0.8,361.8,2.8,33.8,29.2,43.8,29.2
2014_09_IND_NYG,IND,354.0,45,25,4,98.0,24,0,354.0,46,25,4,9,363.8,2.6,111.8,1.0,363.8,2.6,30.0,27.8,44.2,27.8
2014_11_NE_IND,IND,303.0,37,23,2,19.0,16,0,303.0,39,23,2,10,356.0,2.6,110.4,0.8,356.0,2.6,26.6,27.0,45.2,27.0
2014_12_JAX_IND,IND,253.0,32,21,1,175.0,35,1,253.0,32,21,1,11,354.2,2.8,88.8,0.6,354.2,2.8,23.8,25.2,43.2,25.2
2014_13_WAS_IND,IND,370.0,24,19,5,126.0,21,1,370.0,27,19,5,12,330.8,2.4,105.2,0.6,330.8,2.4,23.8,24.4,40.8,24.4
2014_14_IND_CLE,IND,294.0,53,24,2,93.0,20,1,294.0,53,24,2,13,336.0,3.0,96.2,0.6,336.0,3.0,21.2,22.8,37.8,22.8
2014_15_HOU_IND,IND,187.0,34,18,2,110.0,28,0,187.0,34,18,2,14,314.8,2.8,102.2,0.6,314.8,2.8,23.2,22.4,39.4,22.4
2014_16_IND_DAL,IND,235.0,44,30,1,1.0,10,0,235.0,44,30,1,15,281.4,2.4,104.6,0.6,281.4,2.4,24.0,21.0,37.0,21.0
2014_17_IND_TEN,IND,315.0,35,23,3,64.0,30,0,315.0,35,23,3,16,267.8,2.2,101.0,0.6,267.8,2.2,22.8,22.4,38.0,22.4
2015_01_IND_BUF,IND,243.0,49,26,2,64.0,17,0,243.0,49,26,2,17,280.2,2.6,78.8,0.4,280.2,2.6,21.8,22.8,38.6,22.8
2015_02_NYJ_IND,IND,250.0,35,21,1,93.0,24,0,250.0,37,21,1,18,254.8,2.0,66.4,0.2,254.8,2.0,21.0,24.2,43.0,24.2
2015_03_IND_TEN,IND,260.0,30,18,2,133.0,23,2,260.0,30,18,2,19,246.0,1.8,66.4,0.0,246.0,1.8,21.8,23.6,39.8,23.6
2015_04_JAX_IND,IND,282.0,47,30,1,60.0,24,0,282.0,47,30,1,20,260.6,1.8,71.0,0.4,260.6,1.8,20.8,23.6,39.0,23.6
2015_05_IND_HOU,IND,213.0,29,18,2,110.0,30,1,213.0,29,18,2,21,270.0,1.8,82.8,0.4,270.0,1.8,23.6,23.6,39.6,23.6
2015_06_NE_IND,IND,312.0,48,30,3,120.0,22,0,312.0,50,30,3,22,249.6,1.6,92.0,0.6,249.6,1.6,23.6,22.6,38.4,22.6
2015_07_NO_IND,IND,333.0,43,23,3,75.0,13,0,333.0,44,23,3,23,263.4,1.8,103.2,0.6,263.4,1.8,24.6,23.4,38.6,23.4
2015_08_IND_CAR,IND,231.0,45,23,2,136.0,35,0,231.0,47,23,2,24,280.0,2.2,99.6,0.6,280.0,2.2,22.4,23.8,40.0,23.8
2015_09_DEN_IND,IND,252.0,35,21,2,120.0,40,1,252.0,36,21,2,25,274.2,2.2,100.2,0.2,274.2,2.2,24.8,24.8,43.4,24.8
2015_11_IND_ATL,IND,213.0,32,23,2,74.0,27,0,213.0,32,23,2,26,268.2,2.4,112.2,0.4,268.2,2.4,28.0,23.0,41.2,23.0
2015_12_TB_IND,IND,315.0,39,26,2,27.0,26,0,315.0,42,26,2,27,268.2,2.4,105.0,0.2,268.2,2.4,27.4,24.0,41.8,24.0
2015_13_IND_PIT,IND,220.0,34,20,1,54.0,18,0,220.0,34,20,1,28,268.8,2.2,86.4,0.2,268.8,2.2,28.2,23.2,40.2,23.2
2015_14_IND_JAX,IND,260.0,43,20,0,95.0,23,0,260.0,43,20,0,29,246.2,1.8,82.2,0.2,246.2,1.8,29.2,22.6,38.2,22.6
2015_15_HOU_IND,IND,160.0,29,18,1,50.0,19,0,160.0,32,18,1,30,252.0,1.4,74.0,0.2,252.0,1.4,26.8,22.0,37.4,22.0
2015_16_IND_MIA,IND,177.0,29,17,0,100.0,23,2,177.0,29,17,0,31,233.6,1.2,60.0,0.0,233.6,1.2,22.6,21.4,36.6,21.4
2015_17_TEN_IND,IND,207.0,37,21,2,127.0,32,0,207.0,38,21,2,32,226.4,0.8,65.2,0.4,226.4,0.8,21.8,20.2,36.0,20.2
2016_01_DET_IND,IND,385.0,45,31,4,82.0,19,0,385.0,47,31,4,33,204.8,0.8,85.2,0.4,204.8,0.8,23.0,19.2,35.2,19.2
2016_02_IND_DEN,IND,197.0,39,21,1,83.0,21,1,197.0,40,21,1,34,237.8,1.4,90.8,0.4,237.8,1.4,23.2,21.4,37.8,21.4
2016_03_SD_IND,IND,331.0,35,24,1,93.0,26,2,331.0,37,24,1,35,225.2,1.6,88.4,0.6,225.2,1.6,22.8,21.6,37.2,21.6
2016_04_IND_JAX,IND,234.0,40,27,2,94.0,25,1,234.0,42,27,2,36,259.4,1.6,97.0,1.0,259.4,1.6,24.2,22.8,38.2,22.8
2016_05_CHI_IND,IND,322.0,37,28,2,98.0,21,0,322.0,39,28,2,37,270.8,2.0,95.8,0.8,270.8,2.0,24.6,24.8,40.8,24.8
2016_06_IND_HOU,IND,252.0,32,21,1,161.0,32,1,252.0,32,21,1,38,293.8,2.0,90.0,0.8,293.8,2.0,22.4,26.2,41.0,26.2
2016_07_IND_TEN,IND,353.0,39,27,3,81.0,24,0,353.0,39,27,3,39,267.2,1.4,105.8,1.0,267.2,1.4,25.0,24.2,38.0,24.2
2016_08_KC_IND,IND,210.0,35,19,2,105.0,21,0,210.0,35,19,2,40,298.4,1.8,105.4,0.8,298.4,1.8,25.6,25.4,37.8,25.4
2016_09_IND_GB,IND,281.0,36,23,1,85.0,28,2,281.0,36,23,1,41,274.2,2.0,107.8,0.4,274.2,2.0,24.6,24.4,37.4,24.4
2016_11_TEN_IND,IND,262.0,28,15,2,76.0,28,1,262.0,28,15,2,42,283.6,1.8,106.0,0.6,283.6,1.8,25.2,23.6,36.2,23.6
2016_12_PIT_IND,IND,240.0,37,23,1,91.0,23,0,240.0,37,23,1,43,271.6,1.8,101.6,0.8,271.6,1.8,26.6,21.0,34.0,21.0
2016_13_IND_NYJ,IND,289.0,29,23,4,139.0,40,1,289.0,29,23,4,44,269.2,1.8,87.6,0.6,269.2,1.8,24.8,21.4,35.0,21.4
2016_14_HOU_IND,IND,276.0,44,24,2,83.0,15,0,276.0,45,24,2,45,256.4,2.0,99.2,0.8,256.4,2.0,28.0,20.6,33.0,20.6
2016_15_IND_MIN,IND,250.0,28,21,2,161.0,40,2,250.0,28,21,2,46,269.6,2.0,94.8,0.8,269.6,2.0,26.8,21.6,35.0,21.6
2016_16_IND_OAK,IND,288.0,29,19,2,102.0,24,1,288.0,29,19,2,47,263.4,2.2,110.0,0.8,263.4,2.2,29.2,21.2,33.4,21.2
2016_17_JAX_IND,IND,321.0,38,24,2,94.0,22,1,321.0,40,24,2,48,268.6,2.2,115.2,0.8,268.6,2.2,28.4,22.0,33.6,22.0
2017_01_IND_LA,IND,179.0,21,11,0,75.0,24,1,179.0,21,11,0,49,284.8,2.4,115.8,1.0,284.8,2.4,28.2,22.2,34.2,22.2
2017_02_ARI_IND,IND,216.0,36,20,0,76.0,29,1,216.0,37,20,0,50,262.8,1.6,103.0,1.0,262.8,1.6,25.0,19.8,32.6,19.8
2017_03_CLE_IND,IND,259.0,24,17,1,92.0,36,3,259.0,24,17,1,51,250.8,1.2,101.6,1.2,250.8,1.2,27.8,19.0,31.0,19.0
2017_04_IND_SEA,IND,157.0,28,16,1,98.0,25,1,157.0,29,16,1,52,252.6,1.0,87.8,1.4,252.6,1.0,27.0,18.2,30.2,18.2
2017_05_SF_IND,IND,314.0,33,22,0,159.0,35,2,314.0,34,22,0,53,226.4,0.8,87.0,1.4,226.4,0.8,27.2,17.6,30.2,17.6
2017_06_IND_TEN,IND,212.0,36,21,1,85.0,19,0,212.0,37,21,1,54,225.0,0.4,100.0,1.6,225.0,0.4,29.8,17.2,29.0,17.2
2017_07_JAX_IND,IND,200.0,37,22,0,96.0,20,0,200.0,37,22,0,55,231.6,0.6,102.0,1.4,231.6,0.6,28.8,19.2,32.2,19.2
2017_08_IND_CIN,IND,233.0,38,25,2,115.0,28,0,233.0,39,25,2,56,228.4,0.6,106.0,1.2,228.4,0.6,27.0,19.6,32.2,19.6
2017_09_IND_HOU,IND,308.0,30,20,2,92.0,28,0,308.0,30,20,2,57,223.2,0.8,110.6,0.6,223.2,0.8,25.4,21.2,35.2,21.2
2017_10_PIT_IND,IND,222.0,23,14,2,71.0,29,0,222.0,24,14,2,58,253.4,1.0,109.4,0.4,253.4,1.0,26.0,22.0,35.4,22.0
2017_12_TEN_IND,IND,196.0,27,17,0,89.0,24,1,196.0,29,17,0,59,235.0,1.4,91.8,0.0,235.0,1.4,24.8,20.4,33.4,20.4
2017_13_IND_JAX,IND,174.0,34,21,1,141.0,26,0,174.0,36,21,1,60,231.8,1.2,92.6,0.2,231.8,1.2,25.8,19.6,31.8,19.6
2017_14_IND_BUF,IND,69.0,20,11,1,163.0,46,0,69.0,22,11,1,61,226.6,1.4,101.6,0.2,226.6,1.4,27.0,19.4,31.6,19.4
2017_15_DEN_IND,IND,158.0,28,17,0,70.0,22,1,158.0,30,17,0,62,193.8,1.2,111.2,0.2,193.8,1.2,30.6,16.6,28.2,16.6
2017_16_IND_BAL,IND,215.0,33,16,1,93.0,24,0,215.0,33,16,1,63,163.8,0.8,106.8,0.4,163.8,0.8,29.4,16.0,28.2,16.0
2017_17_HOU_IND,IND,114.0,24,15,1,146.0,36,1,114.0,25,15,1,64,162.4,0.6,111.2,0.4,162.4,0.6,28.4,16.4,30.0,16.4
2018_01_CIN_IND,IND,319.0,52,39,2,75.0,22,0,319.0,53,39,2,65,146.0,0.8,122.6,0.4,146.0,0.8,30.8,16.0,29.2,16.0
2018_02_IND_WAS,IND,179.0,31,21,2,104.0,28,1,179.0,31,21,2,66,175.0,1.0,109.4,0.4,175.0,1.0,30.0,19.6,32.6,19.6
2018_03_IND_PHI,IND,164.0,41,25,1,68.0,13,0,164.0,41,25,1,67,197.0,1.2,97.6,0.6,197.0,1.2,26.4,21.6,34.4,21.6
2018_04_HOU_IND,IND,464.0,61,40,4,41.0,17,0,464.0,62,40,4,68,198.2,1.4,97.2,0.4,198.2,1.4,24.6,23.2,36.6,23.2
2018_05_IND_NE,IND,365.0,59,38,3,84.0,21,0,365.0,59,38,3,69,248.0,2.0,86.8,0.4,248.0,2.0,23.2,28.0,42.4,28.0
2018_06_IND_NYJ,IND,301.0,42,23,4,127.0,23,0,301.0,43,23,4,70,298.2,2.4,74.4,0.2,298.2,2.4,20.2,32.6,49.2,32.6
2018_07_BUF_IND,IND,156.0,23,17,4,220.0,37,1,156.0,23,17,4,71,294.6,2.8,84.8,0.2,294.6,2.8,20.4,29.4,47.2,29.4
2018_08_IND_OAK,IND,239.0,31,22,3,222.0,40,2,239.0,31,22,3,72,290.0,3.2,108.0,0.2,290.0,3.2,22.2,28.6,45.6,28.6
2018_10_JAX_IND,IND,285.0,29,21,3,81.0,23,1,285.0,29,21,3,73,305.0,3.6,138.8,0.6,305.0,3.6,27.6,28.0,43.6,28.0
2018_11_TEN_IND,IND,295.0,32,24,3,102.0,28,2,295.0,32,24,3,74,269.2,3.4,146.8,0.8,269.2,3.4,28.8,24.2,37.0,24.2
2018_12_MIA_IND,IND,347.0,38,31,3,118.0,26,0,347.0,38,31,3,75,255.2,3.4,150.4,1.2,255.2,3.4,30.2,21.4,31.6,21.4
2018_13_IND_JAX,IND,248.0,50,33,0,41.0,16,0,248.0,52,33,0,76,264.4,3.2,148.6,1.2,264.4,3.2,30.8,23.0,30.6,23.0
2018_14_IND_HOU,IND,399.0,40,27,2,50.0,23,1,399.0,41,27,2,77,282.8,2.4,112.8,1.0,282.8,2.4,26.6,26.2,36.4,26.2
2018_15_DAL_IND,IND,192.0,26,16,0,178.0,39,2,192.0,27,16,0,78,314.8,2.2,78.4,0.8,314.8,2.2,23.2,27.2,38.4,27.2
2018_16_NYG_IND,IND,357.0,44,31,2,49.0,16,2,357.0,47,31,2,79,296.2,1.6,97.8,1.0,296.2,1.6,26.4,26.2,38.0,26.2
2018_17_IND_TEN,IND,285.0,35,24,3,158.0,36,1,285.0,35,24,3,80,308.6,1.4,87.2,1.0,308.6,1.4,24.0,27.6,41.0,27.6
2019_01_IND_LAC,IND,190.0,27,21,2,203.0,33,1,190.0,27,21,2,81,296.2,1.4,95.2,1.2,296.2,1.4,26.0,26.2,40.4,26.2
2019_02_IND_TEN,IND,146.0,26,17,3,167.0,34,0,146.0,28,17,3,82,284.6,1.8,127.6,1.4,284.6,1.8,29.4,23.8,35.4,23.8
2019_03_ATL_IND,IND,310.0,36,28,2,79.0,24,1,310.0,37,28,2,83,234.0,2.0,151.0,1.2,234.0,2.0,31.6,21.8,32.8,21.8
2019_04_OAK_IND,IND,265.0,46,24,3,81.0,23,0,265.0,46,24,3,84,257.6,2.4,131.2,1.0,257.6,2.4,28.6,24.2,34.8,24.2
2019_05_IND_KC,IND,151.0,26,18,0,180.0,45,1,151.0,29,18,0,85,239.2,2.6,137.6,0.6,239.2,2.6,30.0,22.8,34.6,22.8
2019_07_HOU_IND,IND,326.0,36,26,4,62.0,26,0,326.0,40,26,4,86,212.4,2.0,142.0,0.6,212.4,2.0,31.8,21.6,33.4,21.6
2019_08_DEN_IND,IND,202.0,24,15,0,127.0,31,1,202.0,25,15,0,87,239.6,2.4,113.8,0.4,239.6,2.4,30.4,22.6,36.0,22.6
2019_09_IND_PIT,IND,227.0,30,21,3,139.0,29,0,227.0,31,21,3,88,250.8,1.8,105.8,0.6,250.8,1.8,29.8,22.2,35.4,22.2
2019_10_MIA_IND,IND,204.0,39,18,1,109.0,29,0,204.0,39,18,1,89,234.2,2.0,117.8,0.4,234.2,2.0,30.8,20.8,34.2,20.8
2019_11_JAX_IND,IND,148.0,21,15,1,264.0,36,3,148.0,24,15,1,90,222.0,1.6,123.4,0.4,222.0,1.6,32.0,19.6,32.8,19.6
2019_12_IND_HOU,IND,129.0,24,16,0,175.0,39,2,129.0,25,16,0,91,221.4,1.8,140.2,0.8,221.4,1.8,30.2,19.0,31.8,19.0
2019_13_TEN_IND,IND,319.0,37,25,1,82.0,24,1,319.0,40,25,1,92,182.0,1.0,162.8,1.2,182.0,1.0,32.8,17.0,28.8,17.0
2019_14_IND_TB,IND,251.0,35,19,2,66.0,22,1,251.0,36,19,2,93,205.4,1.2,153.8,1.2,205.4,1.2,31.4,19.0,31.8,19.0
2019_15_IND_NO,IND,165.0,33,18,0,46.0,17,1,165.0,34,18,0,94,210.2,1.0,139.2,1.4,210.2,1.0,30.0,18.6,32.8,18.6
2019_16_CAR_IND,IND,119.0,24,14,0,218.0,32,3,119.0,27,14,0,95,202.4,0.8,126.6,1.6,202.4,0.8,27.6,18.6,31.8,18.6
2019_17_IND_JAX,IND,162.0,24,12,0,132.0,27,2,162.0,25,12,0,96,196.6,0.6,117.4,1.6,196.6,0.6,26.8,18.4,32.4,18.4
2020_01_IND_JAX,IND,363.0,46,36,1,88.0,22,1,363.0,46,36,1,97,203.2,0.6,108.8,1.6,203.2,0.6,24.4,17.6,32.4,17.6
2020_02_MIN_IND,IND,214.0,25,19,1,151.0,40,1,214.0,25,19,1,98,212.0,0.6,110.0,1.6,212.0,0.6,24.0,19.8,33.6,19.8
2020_03_NYJ_IND,IND,234.0,25,19,1,119.0,31,1,234.0,25,19,1,99,204.6,0.4,127.0,1.6,204.6,0.4,27.6,19.8,31.4,19.8
2020_04_IND_CHI,IND,190.0,28,16,1,103.0,38,0,190.0,29,16,1,100,218.4,0.6,141.6,1.6,218.4,0.6,30.4,20.0,29.6,20.0
2020_05_IND_CLE,IND,243.0,32,21,0,68.0,18,1,243.0,33,21,0,101,232.6,0.8,118.6,1.0,232.6,0.8,31.6,20.4,30.0,20.4
2020_06_CIN_IND,IND,371.0,42,29,3,59.0,15,1,371.0,44,29,3,102,248.8,0.8,105.8,0.8,248.8,0.8,29.8,22.2,31.6,22.2
2020_08_IND_DET,IND,262.0,33,23,3,119.0,39,2,262.0,34,23,3,103,250.4,1.2,100.0,0.8,250.4,1.2,28.4,20.8,31.2,20.8
2020_09_BAL_IND,IND,227.0,40,25,0,112.0,21,1,227.0,44,25,0,104,260.0,1.6,93.6,1.0,260.0,1.6,28.2,21.6,33.0,21.6
2020_10_IND_TEN,IND,308.0,36,29,1,133.0,29,2,308.0,39,29,1,105,258.6,1.4,92.2,1.0,258.6,1.4,26.2,22.8,36.8,22.8
2020_11_GB_IND,IND,288.0,35,24,3,140.0,37,0,288.0,36,24,3,106,282.2,1.4,98.2,1.4,282.2,1.4,24.4,25.4,38.8,25.4
2020_12_TEN_IND,IND,295.0,42,24,2,56.0,21,2,295.0,44,24,2,107,291.2,2.0,112.6,1.2,291.2,2.0,28.2,26.0,39.4,26.0
2020_13_IND_HOU,IND,285.0,35,27,2,109.0,29,1,285.0,35,27,2,108,276.0,1.8,112.0,1.4,276.0,1.8,29.4,25.0,39.4,25.0
2020_14_IND_LV,IND,244.0,27,19,2,212.0,31,2,244.0,28,19,2,109,280.6,1.6,110.0,1.2,280.6,1.6,27.4,25.8,39.6,25.8
2020_15_HOU_IND,IND,228.0,29,22,2,127.0,23,1,228.0,29,22,2,110,284.0,2.0,130.0,1.4,284.0,2.0,29.4,24.6,36.4,24.6
2020_16_IND_PIT,IND,270.0,34,21,1,127.0,28,2,270.0,34,21,1,111,268.0,2.2,128.8,1.2,268.0,2.2,28.2,23.2,34.4,23.2
2020_17_JAX_IND,IND,164.0,26,17,1,273.0,37,2,164.0,27,17,1,112,264.4,1.8,126.2,1.6,264.4,1.8,26.4,22.6,34.0,22.6
2021_01_SEA_IND,IND,251.0,35,25,2,113.0,30,0,251.0,38,25,2,113,238.2,1.6,169.6,1.6,238.2,1.6,29.6,21.2,30.6,21.2
2021_02_LA_IND,IND,272.0,35,22,1,109.0,26,0,272.0,36,22,1,114,231.4,1.6,170.4,1.4,231.4,1.6,29.8,20.8,31.2,20.8
2021_03_IND_TEN,IND,194.0,34,19,0,87.0,18,1,194.0,37,19,0,115,237.0,1.4,149.8,1.0,237.0,1.4,28.8,21.4,32.8,21.4
2021_04_IND_MIA,IND,228.0,32,24,2,139.0,33,1,228.0,32,24,2,116,230.2,1.0,141.8,1.0,230.2,1.0,27.8,20.8,34.4,20.8
2021_05_IND_BAL,IND,402.0,34,25,2,123.0,26,1,402.0,35,25,2,117,221.8,1.2,144.2,0.8,221.8,1.2,28.8,21.4,34.0,21.4
2021_06_HOU_IND,IND,223.0,18,11,2,174.0,26,2,223.0,20,11,2,118,269.4,1.4,114.2,0.6,269.4,1.4,26.6,23.0,35.6,23.0
2021_07_IND_SF,IND,150.0,26,17,2,148.0,33,2,150.0,26,17,2,119,263.8,1.4,126.4,1.0,263.8,1.4,25.8,20.2,32.0,20.2
2021_08_TEN_IND,IND,231.0,48,27,3,83.0,20,1,231.0,51,27,3,120,239.4,1.6,134.2,1.4,239.4,1.6,27.2,19.2,30.0,19.2
2021_09_NYJ_IND,IND,272.0,29,22,3,260.0,30,3,272.0,30,22,3,121,246.8,2.2,133.4,1.4,246.8,2.2,27.6,20.8,32.8,20.8
2021_10_JAX_IND,IND,180.0,33,22,0,127.0,27,1,180.0,34,22,0,122,255.6,2.4,157.6,1.8,255.6,2.4,27.0,20.4,32.4,20.4
2021_11_IND_BUF,IND,106.0,20,11,1,264.0,46,4,106.0,20,11,1,123,211.2,2.0,158.4,1.8,211.2,2.0,27.2,19.8,32.2,19.8
2021_12_TB_IND,IND,306.0,43,27,3,107.0,20,1,306.0,44,27,3,124,187.8,1.8,176.4,2.2,187.8,1.8,31.2,19.8,32.2,19.8
2021_13_IND_HOU,IND,158.0,22,16,1,238.0,48,3,158.0,22,16,1,125,219.0,2.0,168.2,2.0,219.0,2.0,28.6,21.8,35.8,21.8
2021_15_NE_IND,IND,57.0,12,5,1,226.0,39,1,57.0,12,5,1,126,204.4,1.6,199.2,2.4,204.4,1.6,34.2,19.6,30.0,19.6
2021_16_IND_ARI,IND,225.0,28,18,2,126.0,33,0,225.0,28,18,2,127,161.4,1.2,192.4,2.0,161.4,1.2,36.0,16.2,26.4,16.2
2021_17_LV_IND,IND,148.0,24,16,1,122.0,26,1,148.0,27,16,1,128,170.4,1.6,192.2,1.8,170.4,1.6,37.2,15.4,25.2,15.4
2021_18_IND_JAX,IND,185.0,29,17,1,94.0,18,0,185.0,29,17,1,129,178.8,1.6,163.8,1.2,178.8,1.6,33.2,16.4,26.6,16.4
2022_01_IND_HOU,IND,352.0,49,32,1,177.0,38,1,352.0,50,32,1,130,154.6,1.2,161.2,1.0,154.6,1.2,32.8,14.4,23.6,14.4
2022_02_IND_JAX,IND,195.0,29,16,0,54.0,13,0,195.0,30,16,0,131,193.4,1.2,149.0,0.6,193.4,1.2,30.8,17.6,29.2,17.6
2022_03_KC_IND,IND,222.0,36,27,2,82.0,27,0,222.0,37,27,2,132,221.0,1.0,114.6,0.4,221.0,1.0,25.6,19.8,32.8,19.8
2022_04_TEN_IND,IND,356.0,36,27,2,38.0,23,0,356.0,37,27,2,133,220.4,1.0,105.8,0.4,220.4,1.0,24.4,21.6,34.6,21.6
2022_05_IND_DEN,IND,251.0,36,26,0,106.0,26,0,251.0,41,26,0,134,262.0,1.2,89.0,0.2,262.0,1.2,23.8,23.8,36.6,23.8
2022_06_JAX_IND,IND,389.0,56,42,3,45.0,16,1,389.0,58,42,3,135,275.2,1.0,91.4,0.2,275.2,1.0,25.4,25.6,39.0,25.6
2022_07_IND_TEN,IND,243.0,41,33,1,65.0,17,0,243.0,44,33,1,136,282.6,1.4,65.0,0.2,282.6,1.4,21.0,27.6,40.6,27.6
2022_08_WAS_IND,IND,201.0,23,17,0,135.0,29,1,201.0,23,17,0,137,292.2,1.6,67.2,0.2,292.2,1.6,21.8,31.0,43.4,31.0
2022_09_IND_NE,IND,103.0,28,15,0,78.0,22,0,103.0,29,15,0,138,288.0,1.2,77.8,0.4,288.0,1.2,22.2,29.0,40.6,29.0
2022_10_IND_LV,IND,222.0,27,21,1,207.0,30,2,222.0,28,21,1,139,237.4,0.8,85.8,0.4,237.4,0.8,22.0,26.6,39.0,26.6
2022_11_PHI_IND,IND,213.0,31,23,0,99.0,26,1,213.0,32,23,0,140,231.6,1.0,106.0,0.8,231.6,1.0,22.8,25.6,36.4,25.6
2022_12_PIT_IND,IND,199.0,32,22,1,110.0,25,1,199.0,34,22,1,141,196.4,0.4,116.8,0.8,196.4,0.4,24.8,21.8,31.2,21.8
2022_13_IND_DAL,IND,233.0,35,21,2,106.0,30,0,233.0,37,21,2,142,187.6,0.4,125.8,1.0,187.6,0.4,26.4,19.6,29.2,19.6
2022_15_IND_MIN,IND,182.0,31,19,1,171.0,43,0,182.0,33,19,1,143,194.0,0.8,120.0,0.8,194.0,0.8,26.6,20.4,32.0,20.4
2022_16_LAC_IND,IND,143.0,28,17,0,69.0,14,0,144.0,29,17,0,144,209.8,1.0,138.6,0.8,209.8,1.0,30.8,21.2,32.8,21.2
2022_17_IND_NYG,IND,141.0,27,17,1,128.0,27,0,141.0,27,17,1,145,194.2,0.8,111.0,0.4,194.0,0.8,27.6,20.4,33.0,20.4
2022_18_HOU_IND,IND,209.0,34,23,2,196.0,33,1,209.0,35,23,2,146,179.8,1.0,116.8,0.2,179.6,1.0,27.8,19.2,32.0,19.2
2023_01_JAX_IND,IND,223.0,39,24,1,65.0,26,1,223.0,39,24,1,147,181.8,1.2,134.0,0.2,181.6,1.2,29.4,19.4,32.2,19.4
2023_02_IND_HOU,IND,227.0,31,25,1,126.0,23,3,227.0,33,25,1,148,179.8,1.0,125.8,0.4,179.6,1.0,28.6,20.0,32.6,20.0
2023_03_IND_BAL,IND,227.0,42,27,1,139.0,35,0,227.0,44,27,1,149,188.8,1.0,116.8,1.0,188.6,1.0,24.6,21.2,32.6,21.2
2023_04_LA_IND,IND,200.0,24,11,2,133.0,31,1,200.0,25,11,2,150,205.4,1.2,130.8,1.0,205.4,1.2,28.8,23.2,35.6,23.2
2023_05_TEN_IND,IND,253.0,24,20,0,193.0,34,2,253.0,26,20,0,151,217.2,1.4,131.8,1.2,217.2,1.4,29.6,22.0,35.2,22.0
2023_06_IND_JAX,IND,329.0,52,33,1,44.0,17,1,329.0,55,33,1,152,226.0,1.0,131.2,1.4,226.0,1.0,29.8,21.4,33.4,21.4
2023_07_CLE_IND,IND,305.0,22,15,2,168.0,40,3,305.0,23,15,2,153,247.2,1.0,127.0,1.4,247.2,1.0,28.0,23.2,36.6,23.2
2023_08_NO_IND,IND,213.0,38,23,2,164.0,24,1,213.0,41,23,2,154,262.8,1.2,135.4,1.4,262.8,1.2,31.4,21.2,34.6,21.2
2023_09_IND_CAR,IND,127.0,24,17,1,78.0,30,0,127.0,26,17,1,155,260.0,1.4,140.4,1.6,260.0,1.4,29.2,20.4,34.0,20.4
2023_10_IND_NE,IND,194.0,26,18,0,70.0,26,1,194.0,28,18,0,156,245.4,1.2,129.4,1.4,245.4,1.2,29.0,21.6,34.2,21.6
2023_12_TB_IND,IND,251.0,40,24,0,155.0,27,3,251.0,41,24,0,157,233.6,1.2,104.8,1.2,233.6,1.2,27.4,21.2,34.6,21.2
2023_13_IND_TEN,IND,312.0,41,26,2,55.0,23,0,312.0,42,26,2,158,218.0,1.0,127.0,1.6,218.0,1.0,29.4,19.4,31.8,19.4
2023_14_IND_CIN,IND,240.0,38,26,1,46.0,18,0,240.0,39,26,1,159,219.4,1.0,104.4,1.0,219.4,1.0,26.0,21.6,35.6,21.6
2023_15_PIT_IND,IND,215.0,27,18,3,170.0,34,0,215.0,28,18,3,160,224.8,0.8,80.8,0.8,224.8,0.8,24.8,22.2,35.2,22.2
2023_16_IND_ATL,IND,201.0,35,20,0,92.0,25,1,201.0,37,20,0,161,242.4,1.2,99.2,0.8,242.4,1.2,25.6,22.4,35.6,22.4
2023_17_LV_IND,IND,224.0,20,15,1,134.0,29,1,224.0,23,15,1,162,243.8,1.2,103.6,0.8,243.8,1.2,25.4,22.8,37.4,22.8
2023_18_HOU_IND,IND,141.0,23,13,0,227.0,37,1,141.0,24,13,0,163,238.4,1.4,99.4,0.4,238.4,1.4,25.8,21.0,33.8,21.0
2024_01_HOU_IND,IND,212.0,19,9,2,104.0,22,2,212.0,19,9,2,164,204.2,1.0,133.8,0.6,204.2,1.0,28.6,18.4,30.2,18.4
2024_02_IND_GB,IND,204.0,31,17,1,140.0,18,0,204.0,34,17,1,165,198.6,1.2,145.4,1.0,198.6,1.2,29.4,15.0,26.2,15.0
2024_03_CHI_IND,IND,167.0,18,10,0,150.0,33,3,167.0,20,10,0,166,196.4,0.8,139.4,1.0,196.4,0.8,26.2,14.8,27.4,14.8
2024_04_PIT_IND,IND,239.0,28,19,2,133.0,32,1,239.0,30,19,2,167,189.6,0.8,151.0,1.4,189.6,0.8,27.8,12.8,24.0,12.8
2024_05_IND_JAX,IND,383.0,45,34,3,99.0,20,1,383.0,45,34,3,168,192.6,1.0,150.8,1.4,192.6,1.0,28.4,13.6,25.4,13.6
2024_06_IND_TEN,IND,189.0,36,22,2,80.0,28,0,189.0,38,22,2,169,241.0,1.6,125.2,1.4,241.0,1.6,25.0,17.8,29.6,17.8
2024_07_MIA_IND,IND,129.0,22,10,0,155.0,37,1,129.0,24,10,0,170,236.4,1.6,120.4,1.0,236.4,1.6,26.2,20.4,33.4,20.4
2024_08_IND_HOU,IND,175.0,31,10,1,150.0,26,1,175.0,32,10,1,171,221.4,1.4,123.4,1.2,221.4,1.4,30.0,19.0,31.4,19.0
2024_09_IND_MIN,IND,179.0,27,16,0,68.0,19,0,179.0,27,16,0,172,223.0,1.6,123.4,0.8,223.0,1.6,28.6,19.0,33.8,19.0
2024_10_BUF_IND,IND,272.0,35,26,2,121.0,22,0,272.0,35,26,2,173,211.0,1.2,110.4,0.6,211.0,1.2,26.0,18.4,33.2,18.4
2024_11_IND_NYJ,IND,272.0,28,20,1,91.0,35,2,272.0,30,20,1,174,188.8,1.0,114.8,0.4,188.8,1.0,26.4,16.8,31.2,16.8
2024_12_DET_IND,IND,172.0,25,11,0,96.0,21,0,172.0,28,11,0,175,205.4,0.8,117.0,0.8,205.4,0.8,27.8,16.4,29.6,16.4
2024_13_IND_NE,IND,109.0,24,12,2,144.0,34,1,109.0,24,12,2,176,214.0,0.8,105.2,0.6,214.0,0.8,24.6,16.6,30.4,16.6
2024_15_IND_DEN,IND,172.0,36,17,0,149.0,32,1,172.0,38,17,0,177,200.8,1.0,104.0,0.6,200.8,1.0,26.2,17.0,28.8,17.0
2024_16_TEN_IND,IND,131.0,11,7,1,335.0,50,4,131.0,11,7,1,178,199.4,1.0,120.2,0.8,199.4,1.0,28.8,17.2,31.0,17.2
2024_17_IND_NYG,IND,330.0,37,26,2,126.0,33,2,330.0,38,26,2,179,171.2,0.8,163.0,1.6,171.2,0.8,34.4,13.4,26.2,13.4
2024_18_JAX_IND,IND,264.0,39,23,1,177.0,34,1,264.0,40,23,1,180,182.8,1.0,170.0,1.6,182.8,1.0,34.0,14.6,27.8,14.6
2014_01_JAX_PHI,JAX,266.0,42,24,2,64.0,24,0,266.0,43,24,2,1,,,,,,,,,,
2014_02_JAX_WAS,JAX,193.0,28,14,1,25.0,10,0,193.0,28,14,1,2,266.0,2.0,64.0,0.0,266.0,2.0,24.0,24.0,43.0,24.0
2014_03_IND_JAX,JAX,256.0,31,18,2,105.0,20,0,256.0,31,18,2,3,229.5,1.5,44.5,0.0,229.5,1.5,17.0,19.0,35.5,19.0
2014_04_JAX_SD,JAX,254.0,36,29,1,85.0,25,1,254.0,37,29,1,4,238.33333333333334,1.6666666666666667,64.66666666666667,0.0,238.33333333333334,1.6666666666666667,18.0,18.666666666666668,34.0,18.666666666666668
2014_05_PIT_JAX,JAX,191.0,36,22,0,56.0,15,0,191.0,36,22,0,5,242.25,1.5,69.75,0.25,242.25,1.5,19.75,21.25,34.75,21.25
2014_06_JAX_TEN,JAX,336.0,45,32,1,82.0,23,1,336.0,46,32,1,6,232.0,1.2,67.0,0.2,232.0,1.2,18.8,21.4,35.0,21.4
2014_07_CLE_JAX,JAX,159.0,31,17,1,185.0,35,2,159.0,31,17,1,7,246.0,1.0,70.6,0.4,246.0,1.0,18.6,23.0,35.6,23.0
2014_08_MIA_JAX,JAX,221.0,34,18,1,176.0,30,0,221.0,34,18,1,8,239.2,1.0,102.6,0.8,239.2,1.0,23.6,23.6,36.2,23.6
2014_09_JAX_CIN,JAX,247.0,33,22,2,132.0,25,1,247.0,33,22,2,9,232.2,0.8,116.8,0.8,232.2,0.8,25.6,23.6,36.8,23.6
2014_10_DAL_JAX,JAX,290.0,37,22,0,71.0,24,2,290.0,37,22,0,10,230.8,1.0,126.2,0.8,230.8,1.0,25.6,22.2,36.0,22.2
2014_12_JAX_IND,JAX,146.0,27,15,0,80.0,23,0,146.0,27,15,0,11,250.6,1.0,129.2,1.2,250.6,1.0,27.4,22.2,36.2,22.2
2014_13_NYG_JAX,JAX,194.0,35,21,1,118.0,22,0,194.0,35,21,1,12,212.6,0.8,128.8,1.0,212.6,0.8,27.4,18.8,32.4,18.8
2014_14_HOU_JAX,JAX,205.0,40,20,1,74.0,22,0,205.0,40,20,1,13,219.6,0.8,115.4,0.6,219.6,0.8,24.8,19.6,33.2,19.6
2014_15_JAX_BAL,JAX,229.0,38,22,0,82.0,23,0,229.0,38,22,0,14,216.4,0.8,95.0,0.6,216.4,0.8,23.2,20.0,34.4,20.0
2014_16_TEN_JAX,JAX,124.0,27,14,1,177.0,25,2,124.0,27,14,1,15,212.8,0.4,85.0,0.4,212.8,0.4,22.8,20.0,35.4,20.0
2014_17_JAX_HOU,JAX,140.0,33,15,1,121.0,14,0,140.0,34,15,1,16,179.6,0.6,106.2,0.4,179.6,0.6,23.0,18.4,33.4,18.4
2015_01_CAR_JAX,JAX,183.0,39,22,1,96.0,21,0,183.0,40,22,1,17,178.4,0.8,114.4,0.4,178.4,0.8,21.2,18.4,34.8,18.4
2015_02_MIA_JAX,JAX,273.0,33,18,2,123.0,33,0,273.0,33,18,2,18,176.2,0.8,110.0,0.4,176.2,0.8,21.0,18.6,35.8,18.6
2015_03_JAX_NE,JAX,242.0,33,17,2,57.0,20,0,242.0,33,17,2,19,189.8,1.0,119.8,0.4,189.8,1.0,23.2,18.2,34.4,18.2
2015_04_JAX_IND,JAX,298.0,47,28,1,142.0,28,0,298.0,50,28,1,20,192.4,1.4,114.8,0.4,192.4,1.4,22.6,17.2,33.4,17.2
2015_05_JAX_TB,JAX,303.0,32,23,4,55.0,17,0,303.0,33,23,4,21,227.2,1.4,107.8,0.0,227.2,1.4,23.2,20.0,38.0,20.0
2015_06_HOU_JAX,JAX,331.0,53,30,3,83.0,21,0,331.0,53,30,3,22,259.8,2.0,94.6,0.0,259.8,2.0,23.8,21.6,37.8,21.6
2015_07_BUF_JAX,JAX,182.0,29,13,2,120.0,32,1,182.0,29,13,2,23,289.4,2.4,92.0,0.0,289.4,2.4,23.8,23.2,40.4,23.2
2015_09_JAX_NYJ,JAX,381.0,40,24,2,98.0,19,0,381.0,40,24,2,24,271.2,2.4,91.4,0.2,271.2,2.4,23.6,22.2,39.6,22.2
2015_10_JAX_BAL,JAX,188.0,45,22,2,90.0,22,0,188.0,45,22,2,25,299.0,2.4,99.6,0.2,299.0,2.4,23.4,23.6,41.0,23.6
2015_11_TEN_JAX,JAX,242.0,31,21,1,90.0,23,0,242.0,31,21,1,26,277.0,2.6,89.2,0.2,277.0,2.6,22.2,22.4,40.0,22.4
2015_12_SD_JAX,JAX,329.0,49,30,2,102.0,19,0,329.0,49,30,2,27,264.8,2.0,96.2,0.2,264.8,2.0,23.4,22.0,39.6,22.0
2015_13_JAX_TEN,JAX,322.0,36,24,5,81.0,21,1,322.0,36,24,5,28,264.4,1.8,100.0,0.2,264.4,1.8,23.0,22.0,38.8,22.0
2015_14_IND_JAX,JAX,250.0,30,16,3,154.0,29,2,250.0,30,16,3,29,292.4,2.4,92.2,0.2,292.4,2.4,20.8,24.2,40.2,24.2
2015_15_ATL_JAX,JAX,297.0,37,23,1,85.0,20,1,297.0,38,23,1,30,266.2,2.6,103.4,0.6,266.2,2.6,22.8,22.6,38.2,22.6
2015_16_JAX_NO,JAX,368.0,35,27,4,65.0,15,0,368.0,35,27,4,31,288.0,2.4,102.4,0.8,288.0,2.4,22.4,22.8,36.8,22.8
2015_17_JAX_HOU,JAX,239.0,32,17,0,32.0,14,0,239.0,32,17,0,32,313.2,3.0,97.4,0.8,313.2,3.0,20.8,24.0,37.6,24.0
2016_01_GB_JAX,JAX,320.0,39,24,1,48.0,26,1,320.0,39,24,1,33,295.2,2.6,83.4,0.8,295.2,2.6,19.8,21.4,34.2,21.4
2016_02_JAX_SD,JAX,329.0,49,31,2,69.0,11,0,329.0,50,31,2,34,294.8,1.8,76.8,0.8,294.8,1.8,20.8,21.4,34.8,21.4
2016_03_BAL_JAX,JAX,194.0,38,24,2,48.0,21,0,194.0,38,24,2,35,310.6,1.6,59.8,0.4,310.6,1.6,17.2,24.4,38.8,24.4
2016_04_IND_JAX,JAX,207.0,33,19,2,136.0,29,1,207.0,33,19,2,36,290.0,1.8,52.4,0.2,290.0,1.8,17.4,24.6,38.8,24.6
2016_06_JAX_CHI,JAX,271.0,33,20,1,54.0,20,1,271.0,33,20,1,37,257.8,1.4,66.6,0.4,257.8,1.4,20.2,23.0,38.4,23.0
2016_07_OAK_JAX,JAX,246.0,43,23,1,105.0,16,0,246.0,43,23,1,38,264.2,1.6,71.0,0.6,264.2,1.6,21.4,23.6,38.6,23.6
2016_08_JAX_TEN,JAX,337.0,54,33,3,48.0,11,0,337.0,54,33,3,39,249.4,1.6,82.4,0.4,249.4,1.6,19.4,23.4,39.4,23.4
2016_09_JAX_KC,JAX,252.0,40,22,2,205.0,32,0,252.0,41,22,2,40,251.0,1.8,78.2,0.4,251.0,1.8,19.4,23.8,40.2,23.8
2016_10_HOU_JAX,JAX,265.0,49,32,2,80.0,22,0,265.0,49,32,2,41,262.6,1.8,109.6,0.4,262.6,1.8,21.6,23.4,40.8,23.4
2016_11_JAX_DET,JAX,202.0,35,22,2,83.0,27,0,202.0,35,22,2,42,274.2,1.8,98.4,0.2,274.2,1.8,20.2,26.0,44.0,26.0
2016_12_JAX_BUF,JAX,126.0,25,13,2,183.0,37,1,126.0,26,13,2,43,260.4,2.0,104.2,0.0,260.4,2.0,21.6,26.4,44.4,26.4
2016_13_DEN_JAX,JAX,181.0,42,19,0,154.0,38,1,181.0,42,19,0,44,236.4,2.2,119.8,0.2,236.4,2.2,25.8,24.4,41.0,24.4
2016_14_MIN_JAX,JAX,257.0,37,23,1,85.0,24,0,257.0,37,23,1,45,205.2,1.6,141.0,0.4,205.2,1.6,31.2,21.6,38.6,21.6
2016_15_JAX_HOU,JAX,92.0,28,12,0,67.0,20,1,92.0,28,12,0,46,206.2,1.4,117.0,0.4,206.2,1.4,29.6,21.8,37.8,21.8
2016_16_TEN_JAX,JAX,345.0,39,27,2,84.0,28,1,345.0,39,27,2,47,171.6,1.0,114.4,0.6,171.6,1.0,29.2,17.8,33.6,17.8
2016_17_JAX_IND,JAX,301.0,39,25,1,182.0,30,1,301.0,39,25,1,48,200.2,1.0,114.6,0.8,200.2,1.0,29.4,18.8,34.4,18.8
2017_01_JAX_HOU,JAX,125.0,21,11,1,155.0,39,1,125.0,21,11,1,49,235.2,0.8,114.4,0.8,235.2,0.8,28.0,21.2,37.0,21.2
2017_02_TEN_JAX,JAX,223.0,34,20,1,99.0,25,1,223.0,34,20,1,50,224.0,1.0,114.6,0.8,224.0,1.0,28.2,19.6,32.8,19.6
2017_03_BAL_JAX,JAX,244.0,30,20,4,166.0,35,1,244.0,33,20,4,51,217.2,1.0,117.4,1.0,217.2,1.0,28.4,19.0,32.2,19.0
2017_04_JAX_NYJ,JAX,140.0,35,15,1,175.0,39,0,140.0,35,15,1,52,247.6,1.8,137.2,1.0,247.6,1.8,31.4,20.6,33.2,20.6
2017_05_JAX_PIT,JAX,95.0,14,8,0,231.0,37,2,95.0,14,8,0,53,206.6,1.6,155.4,0.8,206.6,1.6,33.6,18.2,32.4,18.2
2017_06_LA_JAX,JAX,241.0,35,23,1,169.0,26,1,241.0,35,23,1,54,165.4,1.4,165.2,1.0,165.4,1.4,35.0,14.8,27.4,14.8
2017_07_JAX_IND,JAX,330.0,27,18,1,188.0,37,2,330.0,27,18,1,55,188.6,1.4,168.0,1.0,188.6,1.4,32.4,17.2,30.2,17.2
2017_09_CIN_JAX,JAX,259.0,37,24,1,149.0,40,0,259.0,38,24,1,56,210.0,1.4,185.8,1.2,210.0,1.4,34.8,16.8,28.8,16.8
2017_10_LAC_JAX,JAX,273.0,51,28,1,135.0,27,1,273.0,51,28,1,57,213.0,0.8,182.4,1.0,213.0,0.8,35.8,17.6,29.8,17.6
2017_11_JAX_CLE,JAX,154.0,29,17,1,139.0,44,0,154.0,30,17,1,58,239.6,0.8,174.4,1.2,239.6,0.8,33.4,20.2,33.0,20.2
2017_12_JAX_ARI,JAX,160.0,32,19,0,91.0,22,2,160.0,33,19,0,59,251.4,1.0,156.0,0.8,251.4,1.0,34.8,22.0,36.2,22.0
2017_13_IND_JAX,JAX,338.0,35,27,2,96.0,27,1,338.0,36,27,2,60,235.2,0.8,140.4,1.0,235.2,0.8,34.0,21.2,35.8,21.2
2017_14_SEA_JAX,JAX,268.0,27,18,2,156.0,39,1,268.0,27,18,2,61,236.8,1.0,122.0,0.8,236.8,1.0,32.0,23.0,37.6,23.0
2017_15_HOU_JAX,JAX,326.0,26,21,3,138.0,38,3,326.0,29,21,3,62,238.6,1.2,123.4,1.0,238.6,1.2,31.8,21.8,35.4,21.8
2017_16_JAX_SF,JAX,382.0,50,32,2,92.0,28,2,382.0,50,32,2,63,249.2,1.6,124.0,1.4,249.2,1.6,34.0,20.4,31.0,20.4
2017_17_JAX_TEN,JAX,158.0,34,15,0,83.0,24,0,158.0,34,15,0,64,294.8,1.8,114.6,1.8,294.8,1.8,30.8,23.4,35.0,23.4
2018_01_JAX_NYG,JAX,176.0,33,18,1,137.0,28,0,176.0,33,18,1,65,294.4,1.8,113.0,1.4,294.4,1.8,31.2,22.6,35.2,22.6
2018_02_NE_JAX,JAX,376.0,44,29,4,104.0,24,0,376.0,45,29,4,66,262.0,1.6,121.2,1.2,262.0,1.6,31.4,20.8,34.6,20.8
2018_03_TEN_JAX,JAX,155.0,34,21,0,87.0,19,0,155.0,34,21,0,67,283.6,2.0,110.8,1.0,283.6,2.0,28.4,23.0,38.2,23.0
2018_04_NYJ_JAX,JAX,388.0,38,29,2,126.0,34,1,388.0,38,29,2,68,249.4,1.4,100.6,0.4,249.4,1.4,24.6,23.0,39.2,23.0
2018_05_JAX_KC,JAX,430.0,61,33,1,101.0,17,1,430.0,61,33,1,69,250.6,1.4,107.4,0.2,250.6,1.4,25.8,22.4,36.8,22.4
2018_06_JAX_DAL,JAX,149.0,26,15,1,65.0,18,0,149.0,26,15,1,70,305.0,1.6,111.0,0.4,305.0,1.6,24.4,26.0,42.2,26.0
2018_07_HOU_JAX,JAX,217.0,40,27,1,70.0,22,0,217.0,42,27,1,71,299.6,1.6,96.6,0.4,299.6,1.6,22.4,25.4,40.8,25.4
2018_08_PHI_JAX,JAX,286.0,41,24,1,70.0,17,0,286.0,41,24,1,72,267.8,1.0,89.8,0.4,267.8,1.0,22.0,25.0,40.2,25.0
2018_10_JAX_IND,JAX,324.0,38,27,2,91.0,34,1,324.0,39,27,2,73,294.0,1.2,86.4,0.4,294.0,1.2,21.6,25.6,41.6,25.6
2018_11_PIT_JAX,JAX,104.0,18,10,0,179.0,43,1,104.0,18,10,0,74,281.2,1.2,79.4,0.4,281.2,1.2,21.6,25.2,41.8,25.2
2018_12_JAX_BUF,JAX,127.0,22,12,1,226.0,39,2,127.0,23,12,1,75,216.0,1.0,95.0,0.4,216.0,1.0,26.8,20.6,33.2,20.6
2018_13_IND_JAX,JAX,150.0,22,18,0,79.0,27,0,150.0,24,18,0,76,211.6,1.0,127.2,0.8,211.6,1.0,31.0,20.0,32.6,20.0
2018_14_JAX_TEN,JAX,240.0,41,25,1,60.0,20,0,240.0,43,25,1,77,198.2,0.8,129.0,0.8,198.2,0.8,32.0,18.2,29.0,18.2
2018_15_WAS_JAX,JAX,57.0,15,9,0,172.0,26,0,57.0,17,9,0,78,189.0,0.8,127.0,0.8,189.0,0.8,32.6,18.4,29.4,18.4
2018_16_JAX_MIA,JAX,145.0,23,17,0,126.0,32,1,145.0,24,17,0,79,135.6,0.4,143.2,0.6,135.6,0.4,31.0,14.8,25.0,14.8
2018_17_JAX_HOU,JAX,107.0,28,15,0,30.0,16,0,107.0,28,15,0,80,143.8,0.4,132.6,0.6,143.8,0.4,28.8,16.2,26.2,16.2
2019_01_KC_JAX,JAX,350.0,33,27,3,81.0,16,0,350.0,33,27,3,81,139.8,0.2,93.4,0.2,139.8,0.2,24.2,16.8,27.2,16.8
2019_02_JAX_HOU,JAX,213.0,33,23,1,103.0,21,0,213.0,33,23,1,82,179.8,0.8,93.8,0.2,179.8,0.8,22.0,18.6,29.0,18.6
2019_03_TEN_JAX,JAX,204.0,30,20,2,88.0,20,0,204.0,30,20,2,83,174.4,0.8,102.4,0.2,174.4,0.8,22.2,18.2,27.0,18.2
2019_04_JAX_DEN,JAX,213.0,32,19,2,269.0,38,0,213.0,33,19,2,84,203.8,1.2,85.6,0.2,203.8,1.2,21.0,20.4,29.6,20.4
2019_05_JAX_CAR,JAX,374.0,40,26,2,149.0,31,1,374.0,44,26,2,85,217.4,1.6,114.2,0.0,217.4,1.6,22.2,20.8,31.4,20.8
2019_06_NO_JAX,JAX,163.0,27,14,0,75.0,24,0,163.0,29,14,0,86,270.8,2.0,138.0,0.2,270.8,2.0,25.2,23.0,34.6,23.0
2019_07_JAX_CIN,JAX,255.0,28,15,1,216.0,44,0,255.0,32,15,1,87,233.4,1.4,136.8,0.2,233.4,1.4,26.8,20.4,33.8,20.4
2019_08_NYJ_JAX,JAX,279.0,33,22,3,111.0,34,0,279.0,34,22,3,88,241.8,1.4,159.4,0.2,241.8,1.4,31.4,18.8,33.6,18.8
2019_09_HOU_JAX,JAX,309.0,44,27,0,74.0,15,0,309.0,47,27,0,89,256.8,1.6,164.0,0.2,256.8,1.6,34.2,19.2,34.4,19.2
2019_11_JAX_IND,JAX,296.0,46,33,2,29.0,9,0,296.0,47,33,2,90,276.0,1.2,125.0,0.2,276.0,1.2,29.6,20.8,37.2,20.8
2019_12_JAX_TEN,JAX,272.0,44,32,0,117.0,27,2,272.0,48,32,0,91,260.4,1.2,101.0,0.0,260.4,1.2,25.2,22.2,37.8,22.2
2019_13_TB_JAX,JAX,240.0,38,23,1,49.0,17,0,240.0,41,23,1,92,282.2,1.2,109.4,0.4,282.2,1.2,25.8,25.8,41.6,25.8
2019_14_LAC_JAX,JAX,171.0,37,25,1,88.0,23,0,171.0,38,25,1,93,279.2,1.2,76.0,0.4,279.2,1.2,20.4,27.4,43.4,27.4
2019_15_JAX_OAK,JAX,201.0,28,17,2,77.0,22,0,201.0,29,17,2,94,257.6,0.8,71.4,0.4,257.6,0.8,18.2,28.0,44.2,28.0
2019_16_JAX_ATL,JAX,188.0,31,14,1,115.0,24,0,188.0,32,14,1,95,236.0,1.2,72.0,0.4,236.0,1.2,19.6,26.0,40.6,26.0
2019_17_IND_JAX,JAX,295.0,39,27,3,67.0,24,0,295.0,39,27,3,96,214.4,1.0,89.2,0.4,214.4,1.0,22.6,22.2,37.6,22.2
2020_01_IND_JAX,JAX,173.0,20,19,3,91.0,23,0,173.0,20,19,3,97,219.0,1.6,79.2,0.0,219.0,1.6,22.0,21.2,35.8,21.2
2020_02_JAX_TEN,JAX,339.0,44,30,3,165.0,27,1,339.0,45,30,3,98,205.6,2.0,87.6,0.0,205.6,2.0,23.2,20.4,31.6,20.4
2020_03_MIA_JAX,JAX,275.0,42,30,0,72.0,17,2,275.0,42,30,0,99,239.2,2.4,103.0,0.2,239.2,2.4,24.0,21.4,33.0,21.4
2020_04_JAX_CIN,JAX,351.0,36,27,2,89.0,20,0,351.0,40,27,2,100,254.0,2.0,102.0,0.6,254.0,2.0,23.0,24.0,35.6,24.0
2020_05_JAX_HOU,JAX,301.0,44,31,2,75.0,20,0,301.0,49,31,2,101,286.6,2.2,96.8,0.6,286.6,2.2,22.2,26.6,37.2,26.6
2020_06_DET_JAX,JAX,243.0,44,25,1,44.0,16,1,243.0,44,25,1,102,287.8,2.0,98.4,0.6,287.8,2.0,21.4,27.4,39.2,27.4
2020_07_JAX_LAC,JAX,173.0,24,14,2,140.0,27,1,173.0,27,14,2,103,301.8,1.6,89.0,0.8,301.8,1.6,20.0,28.6,44.0,28.6
2020_09_HOU_JAX,JAX,304.0,38,26,1,115.0,27,2,304.0,38,26,1,104,268.6,1.4,84.0,0.8,268.6,1.4,20.0,25.4,40.4,25.4
2020_10_JAX_GB,JAX,169.0,34,18,1,109.0,23,0,169.0,35,18,1,105,274.4,1.6,92.6,0.8,274.4,1.6,22.0,24.6,39.6,24.6
2020_11_PIT_JAX,JAX,151.0,33,16,0,73.0,17,0,151.0,37,16,0,106,238.0,1.4,96.6,0.8,238.0,1.4,22.6,22.8,38.6,22.8
2020_12_CLE_JAX,JAX,235.0,33,20,2,140.0,25,1,235.0,35,20,2,107,208.0,1.0,96.2,0.8,208.0,1.0,22.0,19.8,36.2,19.8
2020_13_JAX_MIN,JAX,280.0,41,28,1,124.0,25,1,280.0,42,28,1,108,206.4,1.2,115.4,0.8,206.4,1.2,23.8,18.8,34.4,18.8
2020_14_TEN_JAX,JAX,263.0,49,31,1,91.0,15,0,263.0,54,31,1,109,227.8,1.0,112.2,0.8,227.8,1.0,23.4,21.6,37.4,21.6
2020_15_JAX_BAL,JAX,226.0,27,22,2,62.0,22,0,226.0,29,22,2,110,219.6,1.0,107.4,0.4,219.6,1.0,21.0,22.6,40.6,22.6
2020_16_CHI_JAX,JAX,211.0,36,24,2,76.0,16,0,211.0,37,24,2,111,231.0,1.2,98.0,0.4,231.0,1.2,20.8,23.4,39.4,23.4
2020_17_JAX_IND,JAX,261.0,40,26,2,53.0,17,0,261.0,42,26,2,112,243.0,1.6,98.6,0.4,243.0,1.6,20.6,25.0,39.4,25.0
2021_01_JAX_HOU,JAX,332.0,50,28,3,76.0,16,0,332.0,51,28,3,113,248.2,1.6,81.2,0.2,248.2,1.6,19.0,26.2,40.8,26.2
2021_02_DEN_JAX,JAX,118.0,33,14,1,75.0,16,0,118.0,33,14,1,114,258.6,2.0,71.6,0.0,258.6,2.0,17.2,26.2,42.6,26.2
2021_03_ARI_JAX,JAX,219.0,32,22,1,159.0,29,1,219.0,34,22,1,115,229.6,2.0,68.4,0.0,229.6,2.0,17.4,22.8,38.4,22.8
2021_04_JAX_CIN,JAX,204.0,22,17,0,139.0,30,3,204.0,24,17,0,116,228.2,1.8,87.8,0.2,228.2,1.8,18.8,22.8,39.4,22.8
2021_05_TEN_JAX,JAX,273.0,33,23,1,198.0,31,2,273.0,33,23,1,117,226.8,1.4,100.4,0.8,226.8,1.4,21.6,21.4,36.8,21.4
2021_06_MIA_JAX,JAX,319.0,40,25,1,84.0,19,1,319.0,41,25,1,118,229.2,1.2,129.4,1.2,229.2,1.2,24.4,20.8,35.0,20.8
2021_08_JAX_SEA,JAX,238.0,52,32,1,82.0,19,0,238.0,54,32,1,119,226.6,0.8,131.0,1.4,226.6,0.8,25.0,20.2,33.0,20.2
2021_09_BUF_JAX,JAX,151.0,27,17,0,79.0,27,0,151.0,28,17,0,120,250.6,0.8,132.4,1.4,250.6,0.8,25.6,23.8,37.2,23.8
2021_10_JAX_IND,JAX,162.0,35,16,0,179.0,24,2,162.0,35,16,0,121,237.0,0.6,116.4,1.2,237.0,0.6,25.2,22.8,36.0,22.8
2021_11_SF_JAX,JAX,158.0,24,16,0,54.0,16,1,158.0,25,16,0,122,228.6,0.6,124.4,1.0,228.6,0.6,24.0,22.6,38.2,22.6
2021_12_ATL_JAX,JAX,228.0,41,23,1,141.0,28,0,228.0,42,23,1,123,205.6,0.4,95.6,0.8,205.6,0.4,21.0,21.2,36.6,21.2
2021_13_JAX_LA,JAX,145.0,28,16,0,61.0,25,1,145.0,28,16,0,124,187.4,0.4,107.0,0.6,187.4,0.4,22.8,20.8,36.8,20.8
2021_14_JAX_TEN,JAX,221.0,37,24,0,8.0,8,0,221.0,40,24,0,125,168.8,0.2,102.8,0.8,168.8,0.2,24.0,17.6,31.6,17.6
2021_15_HOU_JAX,JAX,210.0,36,22,0,107.0,25,1,210.0,38,22,0,126,182.8,0.2,88.6,0.8,182.8,0.2,20.2,19.0,34.0,19.0
2021_16_JAX_NYJ,JAX,280.0,35,26,0,132.0,31,1,280.0,39,26,0,127,192.4,0.2,74.2,0.6,192.4,0.2,20.4,20.2,34.6,20.2
2021_17_JAX_NE,JAX,193.0,26,17,1,80.0,17,0,193.0,27,17,1,128,216.8,0.2,89.8,0.6,216.8,0.2,23.4,22.2,37.4,22.2
2021_18_IND_JAX,JAX,223.0,32,23,2,101.0,31,0,223.0,32,23,2,129,209.8,0.2,77.6,0.6,209.8,0.2,21.2,21.0,34.4,21.0
2022_01_JAX_WAS,JAX,275.0,38,24,1,123.0,18,1,275.0,42,24,1,130,225.4,0.6,85.6,0.4,225.4,0.6,22.4,22.4,35.2,22.4
2022_02_IND_JAX,JAX,235.0,30,25,2,96.0,37,1,235.0,30,25,2,131,236.2,0.8,108.6,0.6,236.2,0.8,24.4,22.4,35.6,22.4
2022_03_JAX_LAC,JAX,262.0,38,28,3,151.0,36,1,262.0,39,28,3,132,241.2,1.2,106.4,0.6,241.2,1.2,26.8,23.0,34.0,23.0
2022_04_JAX_PHI,JAX,174.0,23,11,2,71.0,19,0,174.0,23,11,2,133,237.6,1.8,110.2,0.6,237.6,1.8,27.8,23.4,34.0,23.4
2022_05_HOU_JAX,JAX,286.0,44,25,0,136.0,26,0,286.0,47,25,0,134,233.8,2.0,108.4,0.6,233.8,2.0,28.2,22.2,33.2,22.2
2022_06_JAX_IND,JAX,165.0,22,20,1,243.0,33,3,165.0,22,20,1,135,246.4,1.6,115.4,0.6,246.4,1.6,27.2,22.6,36.2,22.6
2022_07_NYG_JAX,JAX,310.0,43,22,0,142.0,21,2,310.0,44,22,0,136,224.4,1.6,139.4,1.0,224.4,1.6,30.2,21.8,32.2,21.8
2022_08_DEN_JAX,JAX,133.0,28,18,1,191.0,32,1,133.0,31,18,1,137,239.4,1.2,148.6,1.2,239.4,1.2,27.0,21.2,35.0,21.2
2022_09_LV_JAX,JAX,235.0,29,25,1,168.0,37,2,235.0,31,25,1,138,213.6,0.8,156.6,1.2,213.6,0.8,26.2,19.2,33.4,19.2
2022_10_JAX_KC,JAX,259.0,39,29,2,75.0,16,0,259.0,40,29,2,139,225.8,0.6,176.0,1.6,225.8,0.6,29.8,22.0,35.0,22.0
2022_12_BAL_JAX,JAX,321.0,37,29,3,38.0,20,0,321.0,37,29,3,140,220.4,1.0,163.8,1.6,220.4,1.0,27.8,22.8,33.6,22.8
2022_13_JAX_DET,JAX,185.0,33,19,1,95.0,19,0,185.0,34,19,1,141,251.6,1.4,122.8,1.0,251.6,1.4,25.2,24.6,36.6,24.6
2022_14_JAX_TEN,JAX,368.0,42,30,3,60.0,25,1,368.0,42,30,3,142,226.6,1.6,113.4,0.6,226.6,1.6,24.8,24.0,34.6,24.0
2022_15_DAL_JAX,JAX,318.0,41,27,4,192.0,27,0,318.0,42,27,4,143,273.6,2.0,87.2,0.6,273.6,2.0,23.4,26.4,36.8,26.4
2022_16_JAX_NYJ,JAX,229.0,30,20,0,147.0,39,1,229.0,31,20,0,144,290.2,2.6,92.0,0.2,290.2,2.6,21.4,26.8,39.0,26.8
2022_17_JAX_HOU,JAX,181.0,28,22,0,169.0,29,3,181.0,29,22,0,145,284.2,2.2,106.4,0.4,284.2,2.2,26.0,25.0,37.2,25.0
2022_18_TEN_JAX,JAX,212.0,29,20,1,19.0,14,0,212.0,32,20,1,146,256.2,1.6,132.6,1.0,256.2,1.6,27.8,23.6,35.6,23.6
2023_01_JAX_IND,JAX,241.0,32,24,2,105.0,35,2,241.0,32,24,2,147,261.6,1.6,117.4,1.0,261.6,1.6,26.8,23.8,35.2,23.8
2023_02_KC_JAX,JAX,215.0,41,23,0,74.0,18,0,215.0,42,23,0,148,236.2,1.4,126.4,1.2,236.2,1.4,28.8,22.6,33.2,22.6
2023_03_HOU_JAX,JAX,288.0,40,29,1,116.0,27,1,288.0,42,29,1,149,215.6,0.6,102.8,1.2,215.6,0.6,27.0,21.8,33.2,21.8
2023_04_ATL_JAX,JAX,207.0,30,23,1,105.0,32,0,207.0,30,23,1,150,227.4,0.8,96.6,1.2,227.4,0.8,24.6,23.6,35.4,23.6
2023_05_JAX_BUF,JAX,315.0,37,25,1,196.0,40,2,315.0,37,25,1,151,232.6,1.0,83.8,0.6,232.6,1.0,25.2,23.8,35.6,23.8
2023_06_IND_JAX,JAX,181.0,28,20,2,85.0,29,2,181.0,30,20,2,152,253.2,1.0,119.2,1.0,253.2,1.0,30.4,24.8,36.6,24.8
2023_07_JAX_NO,JAX,217.0,30,21,1,113.0,26,2,217.0,30,21,1,153,241.2,1.0,115.2,1.0,241.2,1.0,29.2,24.0,36.2,24.0
2023_08_JAX_PIT,JAX,292.0,32,24,1,106.0,30,0,292.0,32,24,1,154,241.6,1.2,123.0,1.4,241.6,1.2,30.8,23.6,33.8,23.6
2023_10_SF_JAX,JAX,190.0,31,18,0,59.0,17,0,190.0,32,18,0,155,242.4,1.2,121.0,1.2,242.4,1.2,31.4,22.6,31.8,22.6
2023_11_TEN_JAX,JAX,262.0,31,24,2,128.0,36,2,262.0,32,24,2,156,239.0,1.0,111.8,1.2,239.0,1.0,28.4,21.6,32.2,21.6
2023_12_JAX_HOU,JAX,364.0,37,23,1,81.0,30,1,364.0,38,23,1,157,228.4,1.2,98.2,1.2,228.4,1.2,27.6,21.4,31.2,21.4
2023_13_CIN_JAX,JAX,321.0,39,31,2,71.0,25,2,321.0,39,31,2,158,265.0,1.0,97.4,1.0,265.0,1.0,27.8,22.0,32.8,22.0
2023_14_JAX_CLE,JAX,257.0,49,28,3,58.0,20,1,257.0,50,28,3,159,285.8,1.2,89.0,1.0,285.8,1.2,27.6,24.0,34.6,24.0
2023_15_BAL_JAX,JAX,264.0,42,25,1,75.0,17,0,264.0,43,25,1,160,278.8,1.6,79.4,1.2,278.8,1.6,25.6,24.8,38.2,24.8
2023_16_JAX_TB,JAX,305.0,44,28,2,37.0,13,0,305.0,44,28,2,161,293.6,1.8,82.6,1.2,293.6,1.8,25.6,26.2,40.4,26.2
2023_17_CAR_JAX,JAX,178.0,23,17,0,155.0,35,2,178.0,24,17,0,162,302.2,1.8,64.4,0.8,302.2,1.8,21.0,27.0,42.8,27.0
2023_18_JAX_TEN,JAX,280.0,41,29,2,82.0,23,0,280.0,43,29,2,163,265.0,1.6,79.2,1.0,265.0,1.6,22.0,25.8,40.0,25.8
2024_01_JAX_MIA,JAX,162.0,19,12,1,128.0,26,1,162.0,21,12,1,164,256.8,1.6,81.4,0.6,256.8,1.6,21.6,25.4,40.8,25.4
2024_02_CLE_JAX,JAX,220.0,27,14,0,127.0,21,1,220.0,30,14,0,165,237.8,1.2,95.4,0.6,237.8,1.2,22.8,22.2,35.0,22.2
2024_03_JAX_BUF,JAX,200.0,44,26,1,92.0,17,0,200.0,46,26,1,166,229.0,1.0,105.8,0.8,229.0,1.0,23.6,20.0,32.4,20.0
2024_04_JAX_HOU,JAX,174.0,32,18,2,158.0,24,0,169.0,33,18,2,167,208.0,0.8,116.8,0.8,208.0,0.8,24.4,19.6,32.8,19.6
2024_05_IND_JAX,JAX,371.0,34,28,2,126.0,23,2,371.0,34,28,2,168,206.2,1.2,117.4,0.4,207.2,1.2,22.2,19.8,34.6,19.8
2024_06_JAX_CHI,JAX,240.0,35,24,2,68.0,20,0,240.0,36,24,2,169,224.4,1.2,126.2,0.8,225.4,1.2,22.2,19.6,32.8,19.6
2024_07_NE_JAX,JAX,193.0,20,15,1,171.0,39,2,193.0,20,15,1,170,240.0,1.4,114.2,0.6,241.0,1.4,21.0,22.0,35.8,22.0
2024_08_GB_JAX,JAX,308.0,30,21,2,91.0,23,1,308.0,32,21,2,171,234.6,1.6,123.0,0.8,235.6,1.6,24.6,22.2,33.8,22.2
2024_09_JAX_PHI,JAX,169.0,30,16,0,60.0,18,2,169.0,31,16,0,172,256.2,1.8,122.8,1.0,257.2,1.8,25.8,21.2,31.0,21.2
2024_10_MIN_JAX,JAX,111.0,21,14,0,56.0,18,1,111.0,22,14,0,173,256.2,1.4,103.2,1.4,256.2,1.4,24.6,20.8,30.6,20.8
2024_11_JAX_DET,JAX,138.0,28,17,0,41.0,17,0,138.0,29,17,0,174,204.2,1.0,89.2,1.2,204.2,1.0,23.6,18.0,28.2,18.0
2024_13_HOU_JAX,JAX,276.0,42,24,2,97.0,25,0,276.0,42,24,2,175,183.8,0.6,83.8,1.2,183.8,0.6,23.0,16.6,26.8,16.6
2024_14_JAX_TEN,JAX,220.0,30,23,0,71.0,26,1,220.0,31,23,0,176,200.4,0.8,69.0,0.8,200.4,0.8,20.2,18.4,31.2,18.4
2024_15_NYJ_JAX,JAX,294.0,43,31,2,136.0,29,0,294.0,46,31,2,177,182.8,0.4,65.0,0.8,182.8,0.4,20.8,18.8,31.0,18.8
2024_16_JAX_LV,JAX,247.0,35,25,1,72.0,21,1,247.0,39,25,1,178,207.8,0.8,80.2,0.4,207.8,0.8,23.0,21.8,34.0,21.8
2024_17_TEN_JAX,JAX,174.0,21,15,2,122.0,33,0,174.0,22,15,2,179,235.0,1.0,83.4,0.4,235.0,1.0,23.6,24.0,37.4,24.0
2024_18_JAX_IND,JAX,225.0,31,20,1,113.0,34,1,225.0,32,20,1,180,242.2,1.4,99.6,0.4,242.2,1.4,26.8,23.6,36.0,23.6
2014_01_TEN_KC,KC,202.0,33,19,1,67.0,17,0,202.0,35,19,1,1,,,,,,,,,,
2014_02_KC_DEN,KC,255.0,40,26,0,133.0,31,2,255.0,42,26,0,2,202.0,1.0,67.0,0.0,202.0,1.0,17.0,19.0,35.0,19.0
2014_03_KC_MIA,KC,186.0,25,19,3,174.0,41,2,186.0,25,19,3,3,228.5,0.5,100.0,1.0,228.5,0.5,24.0,22.5,38.5,22.5
2014_04_NE_KC,KC,248.0,26,20,3,207.0,38,1,248.0,26,20,3,4,214.33333333333334,1.3333333333333333,124.66666666666667,1.3333333333333333,214.33333333333334,1.3333333333333333,29.666666666666668,21.333333333333332,34.0,21.333333333333332
2014_05_KC_SF,KC,158.0,30,16,1,107.0,20,1,158.0,30,16,1,5,222.75,1.75,145.25,1.25,222.75,1.75,31.75,21.0,32.0,21.0
2014_07_KC_SD,KC,221.0,28,19,1,154.0,39,1,221.0,28,19,1,6,209.8,1.6,137.6,1.2,209.8,1.6,29.4,20.0,31.6,20.0
2014_08_STL_KC,KC,223.0,29,25,0,140.0,33,3,223.0,29,25,0,7,213.6,1.6,155.0,1.4,213.6,1.6,33.8,20.0,30.2,20.0
2014_09_NYJ_KC,KC,199.0,31,21,2,113.0,24,1,199.0,31,21,2,8,207.2,1.6,156.4,1.6,207.2,1.6,34.2,19.8,27.6,19.8
2014_10_KC_BUF,KC,177.0,29,17,0,127.0,24,2,177.0,29,17,0,9,209.8,1.4,144.2,1.4,209.8,1.4,30.8,20.2,28.8,20.2
2014_11_SEA_KC,KC,108.0,15,11,0,190.0,30,3,108.0,16,11,0,10,195.6,0.8,128.2,1.6,195.6,0.8,28.0,19.6,29.4,19.6
2014_12_KC_OAK,KC,234.0,34,20,2,96.0,24,0,234.0,36,20,2,11,185.6,0.6,144.8,2.0,185.6,0.6,30.0,18.6,26.6,18.6
2014_13_DEN_KC,KC,153.0,23,15,2,41.0,15,0,153.0,23,15,2,12,188.2,0.8,133.2,1.8,188.2,0.8,27.0,18.8,28.2,18.8
2014_14_KC_ARI,KC,293.0,38,26,1,126.0,17,1,293.0,39,26,1,13,174.2,1.2,113.4,1.2,174.2,1.2,23.4,16.8,27.0,16.8
2014_15_OAK_KC,KC,297.0,31,18,2,93.0,27,1,297.0,31,18,2,14,193.0,1.0,116.0,1.2,193.0,1.0,22.0,17.8,28.6,17.8
2014_16_KC_PIT,KC,317.0,46,32,0,39.0,14,0,317.0,46,32,0,15,217.0,1.4,109.2,1.0,217.0,1.4,22.6,18.0,29.0,18.0
2014_17_SD_KC,KC,157.0,27,16,0,111.0,26,0,157.0,27,16,1,16,258.8,1.4,79.0,0.4,258.8,1.4,19.4,22.2,35.0,22.2
2015_01_KC_HOU,KC,243.0,31,22,3,97.0,32,0,243.0,33,22,3,17,243.4,1.2,82.0,0.4,243.4,1.0,19.8,21.4,33.2,21.4
2015_02_DEN_KC,KC,191.0,25,16,0,147.0,28,2,191.0,25,16,0,18,261.4,1.4,93.2,0.4,261.4,1.2,23.2,22.8,35.2,22.8
2015_03_KC_GB,KC,290.0,40,24,1,75.0,18,3,290.0,40,24,1,19,241.0,1.2,97.4,0.6,241.0,1.0,25.4,20.8,32.4,20.8
2015_04_KC_CIN,KC,386.0,43,31,0,113.0,23,0,386.0,45,31,0,20,239.6,1.0,93.8,1.0,239.6,0.8,23.6,22.0,34.2,22.0
2015_05_CHI_KC,KC,181.0,30,16,1,117.0,25,0,181.0,30,16,1,21,253.4,1.0,108.6,1.0,253.4,0.8,25.4,21.8,34.0,21.8
2015_06_KC_MIN,KC,282.0,37,22,1,57.0,18,0,282.0,37,22,1,22,258.2,1.0,109.8,1.0,258.2,1.0,25.2,21.8,34.6,21.8
2015_07_PIT_KC,KC,251.0,31,21,1,138.0,29,1,251.0,32,21,1,23,266.0,0.6,101.8,1.0,266.0,0.6,22.4,21.8,35.4,21.8
2015_08_DET_KC,KC,149.0,28,20,2,206.0,32,4,149.0,28,20,2,24,278.0,0.8,100.0,0.8,278.0,0.8,22.6,22.8,36.8,22.8
2015_10_KC_DEN,KC,204.0,31,17,1,106.0,32,1,204.0,31,17,1,25,249.8,1.0,126.2,1.0,249.8,1.0,25.4,22.0,34.4,22.0
2015_11_KC_SD,KC,253.0,25,20,0,153.0,31,3,253.0,25,20,0,26,213.4,1.2,124.8,1.2,213.4,1.2,27.2,19.2,31.6,19.2
2015_12_BUF_KC,KC,255.0,27,19,2,158.0,27,1,255.0,30,19,2,27,227.8,1.0,132.0,1.8,227.8,1.0,28.4,20.0,30.6,20.0
2015_13_KC_OAK,KC,162.0,22,16,2,89.0,22,2,162.0,22,16,2,28,222.4,1.2,152.2,2.0,222.4,1.2,30.2,19.4,29.2,19.4
2015_14_SD_KC,KC,191.0,23,15,1,150.0,25,0,191.0,23,15,1,29,204.6,1.4,142.4,2.2,204.6,1.4,28.8,18.4,27.2,18.4
2015_15_KC_BAL,KC,171.0,25,21,1,113.0,28,1,171.0,25,21,1,30,213.0,1.2,131.2,1.4,213.0,1.2,27.4,17.4,26.2,17.4
2015_16_CLE_KC,KC,125.0,22,15,2,136.0,27,0,125.0,22,15,2,31,206.4,1.2,132.6,1.4,206.4,1.2,26.6,18.2,25.0,18.2
2015_17_OAK_KC,KC,159.0,23,15,2,189.0,39,1,159.0,25,15,2,32,180.8,1.6,129.2,0.8,180.8,1.6,25.8,17.2,24.4,17.2
2016_01_SD_KC,KC,363.0,45,34,2,83.0,19,2,363.0,48,34,2,33,161.6,1.6,135.4,0.8,161.6,1.6,28.2,16.4,23.4,16.4
2016_02_KC_HOU,KC,186.0,37,20,0,119.0,19,0,186.0,37,20,0,34,201.8,1.6,134.2,0.8,201.8,1.6,27.6,20.0,28.6,20.0
2016_03_NYJ_KC,KC,237.0,33,25,1,72.0,27,0,237.0,33,25,1,35,200.8,1.4,128.0,0.8,200.8,1.4,26.4,21.0,31.4,21.0
2016_04_KC_PIT,KC,287.0,49,30,2,87.0,18,0,287.0,50,30,2,36,214.0,1.4,119.8,0.6,214.0,1.4,26.2,21.8,33.0,21.8
2016_06_KC_OAK,KC,224.0,22,19,0,183.0,40,3,224.0,23,19,0,37,246.4,1.4,110.0,0.6,246.4,1.4,24.4,24.8,38.6,24.8
2016_07_NO_KC,KC,214.0,23,17,2,112.0,28,0,214.0,24,17,2,38,259.4,1.0,108.8,1.0,259.4,1.0,24.6,25.6,38.2,25.6
2016_08_KC_IND,KC,350.0,41,25,3,88.0,27,0,350.0,41,25,3,39,229.6,1.0,114.6,0.6,229.6,1.0,26.4,22.2,33.4,22.2
2016_09_JAX_KC,KC,187.0,33,20,1,62.0,22,0,187.0,33,20,1,40,262.4,1.6,108.4,0.6,262.4,1.6,28.0,23.2,34.2,23.2
2016_10_KC_CAR,KC,178.0,38,25,0,91.0,20,0,178.0,38,25,0,41,252.4,1.6,106.4,0.6,252.4,1.6,27.0,22.2,34.2,22.2
2016_11_TB_KC,KC,266.0,31,24,1,82.0,21,1,261.0,31,24,1,42,230.6,1.2,107.2,0.6,230.6,1.2,27.4,21.2,31.8,21.2
2016_12_KC_DEN,KC,220.0,41,26,1,83.0,26,1,220.0,44,26,1,43,238.0,1.4,87.0,0.2,239.0,1.4,23.6,22.2,33.4,22.2
2016_13_KC_ATL,KC,270.0,25,21,1,123.0,22,2,270.0,25,21,1,44,239.2,1.2,81.2,0.4,240.2,1.2,23.2,24.0,37.4,24.0
2016_14_OAK_KC,KC,264.0,25,17,1,65.0,27,1,264.0,26,17,1,45,223.2,0.8,88.2,0.8,224.2,0.8,22.2,23.2,34.2,23.2
2016_15_TEN_KC,KC,163.0,28,15,0,157.0,28,2,163.0,28,15,0,46,238.6,0.8,88.8,1.0,239.6,0.8,23.2,22.6,32.8,22.6
2016_16_DEN_KC,KC,246.0,37,26,2,238.0,37,2,246.0,37,26,2,47,235.6,0.8,102.0,1.4,236.6,0.8,24.8,20.6,30.8,20.6
2016_17_KC_SD,KC,264.0,28,21,2,103.0,31,1,264.0,28,21,2,48,232.6,1.0,133.2,1.6,232.6,1.0,28.0,21.0,32.0,21.0
2017_01_KC_NE,KC,368.0,34,28,4,185.0,27,2,368.0,35,28,4,49,241.4,1.2,137.2,1.6,241.4,1.2,29.0,20.0,28.8,20.0
2017_02_PHI_KC,KC,251.0,27,21,1,112.0,19,2,251.0,28,21,1,50,261.0,1.8,149.6,1.6,261.0,1.8,30.0,21.4,30.8,21.4
2017_03_KC_LAC,KC,155.0,21,16,2,189.0,25,1,155.0,21,16,2,51,258.4,1.8,159.0,1.8,258.4,1.8,28.4,22.2,31.2,22.2
2017_04_WAS_KC,KC,293.0,35,27,1,168.0,31,1,293.0,37,27,1,52,256.8,2.2,165.4,1.6,256.8,2.2,27.8,22.4,29.8,22.4
2017_05_KC_HOU,KC,324.0,37,29,3,127.0,35,0,324.0,37,29,3,53,266.2,2.0,151.4,1.4,266.2,2.0,26.6,22.6,29.8,22.6
2017_06_PIT_KC,KC,246.0,32,19,1,28.0,15,0,246.0,34,19,1,54,278.2,2.2,156.2,1.2,278.2,2.2,27.4,24.2,31.6,24.2
2017_07_KC_OAK,KC,342.0,36,25,3,94.0,23,0,342.0,36,25,3,55,253.8,1.6,124.8,0.8,253.8,1.6,25.0,22.4,31.4,22.4
2017_08_DEN_KC,KC,202.0,29,14,1,79.0,26,0,202.0,32,14,1,56,272.0,2.0,121.2,0.4,272.0,2.0,25.8,23.2,33.0,23.2
2017_09_KC_DAL,KC,263.0,33,25,2,68.0,19,0,263.0,34,25,2,57,281.4,1.8,99.2,0.2,281.4,1.8,26.0,22.8,35.2,22.8
2017_11_KC_NYG,KC,230.0,39,27,0,134.0,29,0,230.0,41,27,0,58,275.4,2.0,79.2,0.0,275.4,2.0,23.6,22.4,34.6,22.4
2017_12_BUF_KC,KC,199.0,35,23,1,55.0,19,0,199.0,36,23,1,59,256.6,1.4,80.6,0.0,256.6,1.4,22.4,22.0,35.4,22.0
2017_13_KC_NYJ,KC,366.0,32,19,4,112.0,11,0,366.0,33,19,4,60,247.2,1.4,86.0,0.0,247.2,1.4,23.2,22.8,35.8,22.8
2017_14_OAK_KC,KC,268.0,34,20,0,165.0,33,2,268.0,34,20,0,61,252.0,1.6,89.6,0.0,252.0,1.6,20.8,21.6,35.2,21.6
2017_15_LAC_KC,KC,231.0,30,23,2,174.0,32,1,231.0,30,23,2,62,265.2,1.4,106.8,0.4,265.2,1.4,22.2,22.8,35.6,22.8
2017_16_MIA_KC,KC,304.0,39,25,1,103.0,34,1,304.0,39,25,1,63,258.8,1.4,128.0,0.6,258.8,1.4,24.8,22.4,34.8,22.4
2017_17_KC_DEN,KC,284.0,35,22,0,110.0,27,2,284.0,36,22,0,64,273.6,1.6,121.8,0.8,273.6,1.6,25.8,22.0,34.4,22.0
2018_01_KC_LAC,KC,256.0,25,15,4,106.0,27,0,256.0,27,15,4,65,290.6,1.4,132.8,1.2,290.6,1.4,27.4,21.8,34.4,21.8
2018_02_KC_PIT,KC,326.0,28,23,6,127.0,25,0,326.0,28,23,6,66,268.6,1.4,131.6,1.2,268.6,1.4,30.6,21.0,33.2,21.0
2018_03_SF_KC,KC,314.0,38,24,3,77.0,28,2,314.0,38,24,3,67,280.2,2.6,124.0,0.8,280.2,2.6,29.0,21.6,32.0,21.6
2018_04_KC_DEN,KC,304.0,44,28,1,142.0,26,2,304.0,45,28,1,68,296.8,2.8,104.6,1.0,296.8,2.8,28.2,21.8,33.6,21.8
2018_05_JAX_KC,KC,313.0,36,22,0,126.0,30,2,313.0,38,22,0,69,296.8,2.8,112.4,1.2,296.8,2.8,26.6,22.4,34.8,22.4
2018_06_KC_NE,KC,352.0,36,23,4,94.0,17,0,352.0,36,23,4,70,302.6,2.8,115.6,1.2,302.6,2.8,27.2,22.4,35.2,22.4
2018_07_CIN_KC,KC,358.0,36,28,4,198.0,29,1,358.0,39,28,4,71,321.8,2.8,113.2,1.2,321.8,2.8,25.2,24.0,37.0,24.0
2018_08_DEN_KC,KC,303.0,31,24,4,49.0,18,0,303.0,34,24,4,72,328.2,2.4,127.4,1.4,328.2,2.4,26.0,25.0,39.2,25.0
2018_09_KC_CLE,KC,375.0,31,23,3,139.0,24,2,375.0,32,23,3,73,326.0,2.6,121.8,1.0,326.0,2.6,24.0,25.0,38.4,25.0
2018_10_ARI_KC,KC,249.0,28,21,2,118.0,23,1,249.0,28,21,2,74,340.2,3.0,121.2,1.0,340.2,3.0,23.6,24.0,35.8,24.0
2018_11_KC_LA,KC,478.0,46,33,6,98.0,20,0,478.0,46,33,6,75,327.4,3.4,119.6,0.8,327.4,3.4,22.2,23.8,33.8,23.8
2018_13_KC_OAK,KC,295.0,37,23,4,174.0,30,1,295.0,38,23,4,76,352.6,3.8,120.4,0.8,352.6,3.8,22.8,25.8,35.8,25.8
2018_14_BAL_KC,KC,377.0,48,35,2,94.0,27,1,377.0,53,35,2,77,340.0,3.8,115.6,0.8,340.0,3.8,23.0,24.8,35.6,24.8
2018_15_LAC_KC,KC,243.0,34,24,2,60.0,17,2,243.0,34,24,2,78,354.8,3.4,124.6,1.0,354.8,3.4,24.8,27.0,39.4,27.0
2018_16_KC_SEA,KC,273.0,39,23,3,154.0,19,0,273.0,40,23,3,79,328.4,3.2,108.8,1.0,328.4,3.2,23.4,27.2,39.8,27.2
2018_17_OAK_KC,KC,310.0,27,16,2,99.0,27,2,310.0,27,16,2,80,333.2,3.4,116.0,0.8,333.2,3.4,22.6,27.6,42.2,27.6
2019_01_KC_JAX,KC,378.0,34,25,3,113.0,26,1,378.0,34,25,3,81,299.6,2.6,116.2,1.2,299.6,2.6,24.0,24.2,38.4,24.2
2019_02_KC_OAK,KC,443.0,44,30,4,31.0,22,0,443.0,44,30,4,82,316.2,2.4,104.0,1.2,316.2,2.4,23.2,24.6,37.6,24.6
2019_03_BAL_KC,KC,374.0,35,27,3,140.0,25,1,374.0,37,27,3,83,329.4,2.8,91.4,1.0,329.4,2.8,22.2,23.6,35.8,23.6
2019_04_KC_DET,KC,315.0,39,24,0,123.0,25,3,315.0,42,24,0,84,355.6,3.0,107.4,0.8,355.6,3.0,23.8,24.2,36.4,24.2
2019_05_IND_KC,KC,321.0,37,22,1,36.0,14,0,321.0,39,22,1,85,364.0,2.4,101.2,1.4,364.0,2.4,25.0,24.4,36.8,24.4
2019_06_HOU_KC,KC,273.0,35,19,3,53.0,11,0,273.0,35,19,3,86,366.2,2.2,88.6,1.0,366.2,2.2,22.4,25.6,39.2,25.6
2019_07_KC_DEN,KC,193.0,29,20,2,80.0,27,0,193.0,30,20,2,87,345.2,2.2,76.6,0.8,345.2,2.2,19.4,24.4,39.4,24.4
2019_08_GB_KC,KC,267.0,35,24,2,88.0,20,1,267.0,36,24,2,88,295.2,1.8,86.4,0.8,295.2,1.8,20.4,22.4,36.6,22.4
2019_09_MIN_KC,KC,275.0,34,25,1,147.0,18,1,275.0,35,25,1,89,273.8,1.6,76.0,0.8,273.8,1.6,19.4,21.8,36.4,21.8
2019_10_KC_TEN,KC,446.0,49,36,3,97.0,25,0,446.0,51,36,3,90,265.8,1.8,80.8,0.4,265.8,1.8,18.0,22.0,35.0,22.0
2019_11_KC_LAC,KC,182.0,32,19,1,130.0,27,2,182.0,32,19,1,91,290.8,2.2,93.0,0.4,290.8,2.2,20.2,24.8,37.4,24.8
2019_13_OAK_KC,KC,175.0,27,15,1,96.0,29,3,175.0,29,15,1,92,272.6,1.8,108.4,0.8,272.6,1.8,23.4,24.8,36.8,24.8
2019_14_KC_NE,KC,283.0,39,26,1,75.0,29,1,283.0,40,26,1,93,269.0,1.6,111.6,1.4,269.0,1.6,23.8,23.8,36.6,23.8
2019_15_DEN_KC,KC,340.0,34,27,2,92.0,25,0,340.0,34,27,2,94,272.2,1.4,109.0,1.4,272.2,1.4,25.6,24.2,37.4,24.2
2019_16_KC_CHI,KC,251.0,30,23,2,106.0,29,1,251.0,33,23,2,95,285.2,1.6,98.0,1.2,285.2,1.6,27.0,24.6,37.2,24.6
2019_17_LAC_KC,KC,174.0,25,16,1,162.0,23,2,174.0,25,16,1,96,246.2,1.4,99.8,1.4,246.2,1.4,27.8,22.0,33.6,22.0
2020_01_HOU_KC,KC,211.0,32,24,3,166.0,34,1,211.0,32,24,3,97,244.6,1.4,106.2,1.4,244.6,1.4,27.0,21.4,32.2,21.4
2020_02_KC_LAC,KC,302.0,45,27,2,125.0,22,0,302.0,47,27,2,98,251.8,1.8,120.2,1.0,251.8,1.8,28.0,23.2,32.8,23.2
2020_03_KC_BAL,KC,385.0,41,31,4,132.0,31,1,385.0,42,31,4,99,255.6,2.0,130.2,0.8,255.6,2.0,26.6,23.4,34.2,23.4
2020_04_NE_KC,KC,236.0,29,19,2,94.0,25,0,236.0,29,19,2,100,264.6,2.4,138.2,1.0,264.6,2.4,27.8,24.2,35.8,24.2
2020_05_LV_KC,KC,340.0,42,22,2,80.0,20,2,340.0,43,22,2,101,261.6,2.4,135.8,0.8,261.6,2.4,27.0,23.4,35.0,23.4
2020_06_KC_BUF,KC,225.0,26,21,2,245.0,46,1,225.0,26,21,2,102,294.8,2.6,119.4,0.8,294.8,2.6,26.4,24.6,38.6,24.6
2020_07_KC_DEN,KC,213.0,24,17,1,101.0,22,2,213.0,25,17,1,103,297.6,2.4,135.2,0.8,297.6,2.4,28.8,24.0,37.4,24.0
2020_08_NYJ_KC,KC,446.0,47,35,5,50.0,20,0,446.0,47,35,5,104,279.8,2.2,130.4,1.2,279.8,2.2,28.8,22.0,33.0,22.0
2020_09_CAR_KC,KC,372.0,44,30,4,36.0,11,0,372.0,45,30,4,105,292.0,2.4,114.0,1.0,292.0,2.4,26.6,22.8,34.0,22.8
2020_11_KC_LV,KC,352.0,44,35,2,108.0,27,3,352.0,46,35,2,106,319.2,2.8,102.4,1.0,319.2,2.8,23.8,25.0,37.2,25.0
2020_12_KC_TB,KC,462.0,46,37,3,87.0,20,0,462.0,50,37,3,107,321.6,2.8,108.0,1.2,321.6,2.8,25.2,27.6,37.8,27.6
2020_13_DEN_KC,KC,318.0,40,25,1,134.0,22,0,318.0,40,25,1,108,369.0,3.0,76.4,1.0,369.0,3.0,20.0,30.8,42.6,30.8
2020_14_KC_MIA,KC,393.0,34,24,2,94.0,24,1,393.0,34,24,2,109,390.0,3.0,83.0,0.6,390.0,3.0,20.0,32.4,45.6,32.4
2020_15_KC_NO,KC,254.0,44,26,3,179.0,41,1,254.0,47,26,3,110,379.4,2.4,91.8,0.8,379.4,2.4,20.8,30.2,43.0,30.2
2020_16_ATL_KC,KC,278.0,42,24,2,117.0,21,0,278.0,45,24,2,111,355.8,2.2,120.4,1.0,355.8,2.2,26.8,29.4,43.4,29.4
2020_17_LAC_KC,KC,218.0,31,23,2,51.0,17,1,218.0,32,23,2,112,341.0,2.2,122.2,0.4,341.0,2.2,25.6,27.2,43.2,27.2
2021_01_CLE_KC,KC,337.0,34,27,3,73.0,23,1,337.0,36,27,3,113,292.2,2.0,115.0,0.6,292.2,2.0,25.0,24.4,39.6,24.4
2021_02_KC_BAL,KC,343.0,30,24,3,62.0,18,1,343.0,31,24,3,114,296.0,2.4,102.8,0.8,296.0,2.4,25.2,24.8,38.8,24.8
2021_03_LAC_KC,KC,260.0,40,27,3,186.0,30,0,260.0,44,27,3,115,286.0,2.6,96.4,0.8,286.0,2.6,24.0,24.8,38.2,24.8
2021_04_KC_PHI,KC,278.0,30,24,5,200.0,32,1,278.0,30,24,5,116,287.2,2.6,97.8,0.6,287.2,2.6,21.8,25.0,37.6,25.0
2021_05_BUF_KC,KC,272.0,50,33,2,120.0,23,0,272.0,54,33,2,117,287.2,3.2,114.4,0.8,287.2,3.2,24.0,25.0,34.6,25.0
2021_06_KC_WAS,KC,397.0,46,32,2,109.0,28,2,397.0,47,32,2,118,298.0,3.2,128.2,0.6,298.0,3.2,25.2,27.0,39.0,27.0
2021_07_KC_TEN,KC,288.0,48,31,0,77.0,13,0,288.0,51,31,0,119,310.0,3.0,135.4,0.8,310.0,3.0,26.2,28.0,41.2,28.0
2021_08_NYG_KC,KC,275.0,43,29,1,107.0,27,1,275.0,48,29,1,120,299.0,2.4,138.4,0.6,299.0,2.4,25.2,29.4,45.2,29.4
2021_09_GB_KC,KC,166.0,36,20,1,77.0,25,0,166.0,37,20,1,121,302.0,2.0,122.6,0.8,302.0,2.0,24.6,29.8,46.0,29.8
2021_10_KC_LV,KC,422.0,48,36,5,94.0,25,0,422.0,51,36,5,122,279.6,1.2,98.0,0.6,279.6,1.2,23.2,29.0,47.4,29.0
2021_11_DAL_KC,KC,260.0,33,23,0,126.0,26,2,260.0,37,23,0,123,309.6,1.8,92.8,0.6,309.6,1.8,23.6,29.6,46.8,29.6
2021_13_DEN_KC,KC,184.0,27,15,0,89.0,24,1,184.0,29,15,0,124,282.2,1.4,96.2,0.6,282.2,1.4,23.2,27.8,44.8,27.8
2021_14_LV_KC,KC,258.0,22,20,2,132.0,30,3,258.0,24,20,2,125,261.4,1.4,98.6,0.8,261.4,1.4,25.4,24.6,40.4,24.6
2021_15_KC_LAC,KC,410.0,45,31,3,86.0,20,1,410.0,47,31,3,126,258.0,1.6,103.6,1.2,258.0,1.6,26.0,22.8,35.6,22.8
2021_16_PIT_KC,KC,258.0,29,23,3,127.0,35,1,258.0,30,23,3,127,306.8,2.0,105.4,1.4,306.8,2.0,25.0,25.0,37.6,25.0
2021_17_KC_CIN,KC,259.0,34,26,2,155.0,23,2,259.0,35,26,2,128,274.0,1.6,112.0,1.6,274.0,1.6,27.0,22.4,33.4,22.4
2021_18_KC_DEN,KC,270.0,42,27,2,135.0,29,0,270.0,44,27,2,129,273.8,2.0,117.8,1.6,273.8,2.0,26.4,23.0,33.0,23.0
2022_01_KC_ARI,KC,360.0,39,30,5,128.0,27,1,360.0,39,30,5,130,291.0,2.4,127.0,1.4,291.0,2.4,27.4,25.4,36.0,25.4
2022_02_LAC_KC,KC,235.0,34,24,2,93.0,18,0,235.0,35,24,2,131,311.4,3.0,126.2,1.0,311.4,3.0,26.8,27.4,39.0,27.4
2022_03_KC_IND,KC,262.0,33,20,1,58.0,23,1,262.0,36,20,1,132,276.4,2.8,127.6,0.8,276.4,2.8,26.4,26.0,36.6,26.0
2022_04_KC_TB,KC,249.0,34,23,3,189.0,37,2,249.0,37,23,3,133,277.2,2.4,113.8,0.8,277.2,2.4,24.0,25.4,37.8,25.4
2022_05_LV_KC,KC,292.0,42,29,4,103.0,23,0,292.0,43,29,4,134,275.2,2.6,120.6,0.8,275.2,2.6,26.8,24.8,38.2,24.8
2022_06_BUF_KC,KC,338.0,35,25,2,68.0,18,0,338.0,40,25,2,135,279.6,3.0,114.2,0.8,279.6,3.0,25.6,25.2,38.0,25.2
2022_07_KC_SF,KC,423.0,34,25,3,112.0,21,3,423.0,36,25,3,136,275.2,2.4,102.2,0.6,275.2,2.4,23.8,24.2,38.2,24.2
2022_09_TEN_KC,KC,446.0,62,43,1,77.0,19,1,446.0,68,43,1,137,312.8,2.6,106.0,1.2,312.8,2.6,24.4,24.4,38.4,24.4
2022_10_JAX_KC,KC,331.0,35,26,4,155.0,27,0,331.0,35,26,4,138,349.6,2.6,109.8,1.2,349.6,2.6,23.6,29.0,44.8,29.0
2022_11_KC_LAC,KC,329.0,31,20,3,163.0,27,0,329.0,34,20,3,139,366.0,2.8,103.0,0.8,366.0,2.8,21.6,29.6,44.4,29.6
2022_12_LA_KC,KC,320.0,37,27,1,117.0,30,1,320.0,42,27,1,140,373.4,2.6,115.0,0.8,373.4,2.6,22.4,27.8,42.6,27.8
2022_13_KC_CIN,KC,223.0,23,16,1,138.0,25,2,223.0,27,16,1,141,369.8,2.4,124.8,1.0,369.8,2.4,24.8,28.2,43.0,28.2
2022_14_KC_DEN,KC,352.0,42,28,3,89.0,23,0,352.0,42,28,3,142,329.8,2.0,130.0,0.8,329.8,2.0,25.6,26.4,41.2,26.4
2022_15_KC_HOU,KC,336.0,41,36,2,189.0,33,2,336.0,41,36,2,143,311.0,2.4,132.4,0.6,311.0,2.4,26.4,23.4,36.0,23.4
2022_16_SEA_KC,KC,224.0,27,16,2,77.0,22,1,224.0,28,16,2,144,312.0,2.0,139.2,1.0,312.0,2.0,27.6,25.4,37.2,25.4
2022_17_DEN_KC,KC,328.0,41,29,3,46.0,16,1,328.0,42,29,3,145,291.0,1.8,122.0,1.2,291.0,1.8,26.6,24.6,36.0,24.6
2022_18_KC_LV,KC,202.0,24,18,1,168.0,28,3,202.0,26,18,1,146,292.6,2.2,107.8,1.2,292.6,2.2,23.8,25.0,36.0,25.0
2023_01_DET_KC,KC,226.0,37,21,2,90.0,23,0,226.0,39,21,2,147,288.4,2.2,113.8,1.4,288.4,2.2,24.4,25.4,35.8,25.4
2023_02_KC_JAX,KC,305.0,40,29,2,101.0,22,0,305.0,41,29,2,148,263.2,2.0,114.0,1.4,263.2,2.0,24.4,24.0,35.2,24.0
2023_03_CHI_KC,KC,303.0,37,27,3,153.0,37,2,303.0,38,27,3,149,257.0,2.0,96.4,1.0,257.0,2.0,22.2,22.6,35.2,22.6
2023_04_KC_NYJ,KC,203.0,29,18,1,204.0,35,1,203.0,30,18,1,150,272.8,2.2,111.6,1.2,272.8,2.2,25.2,24.8,37.2,24.8
2023_05_KC_MIN,KC,281.0,39,31,2,67.0,21,1,281.0,41,31,2,151,247.8,1.8,143.2,1.2,247.8,1.8,29.0,22.6,34.8,22.6
2023_06_DEN_KC,KC,306.0,39,30,1,96.0,27,0,306.0,41,30,1,152,263.6,2.0,123.0,0.8,263.6,2.0,27.6,25.2,37.8,25.2
2023_07_LAC_KC,KC,424.0,40,32,4,68.0,21,0,424.0,42,32,4,153,279.6,1.8,124.2,0.8,279.6,1.8,28.4,27.0,38.2,27.0
2023_08_KC_DEN,KC,240.0,37,24,0,62.0,16,0,240.0,38,24,0,154,303.4,2.2,117.6,0.8,303.4,2.2,28.2,27.6,38.4,27.6
2023_09_MIA_KC,KC,185.0,28,20,2,93.0,24,0,185.0,30,20,2,155,290.8,1.6,99.4,0.4,290.8,1.6,24.0,27.0,38.4,27.0
2023_11_PHI_KC,KC,177.0,39,24,2,168.0,30,0,177.0,43,24,2,156,287.2,1.8,77.2,0.2,287.2,1.8,21.8,27.4,38.4,27.4
2023_12_KC_LV,KC,298.0,32,27,2,69.0,23,2,298.0,34,27,2,157,266.4,1.8,97.4,0.0,266.4,1.8,23.6,26.0,38.8,26.0
2023_13_KC_GB,KC,210.0,30,21,1,148.0,25,1,210.0,33,21,1,158,264.8,2.0,92.0,0.4,264.8,2.0,22.8,25.4,37.4,25.4
2023_14_BUF_KC,KC,271.0,39,25,1,82.0,18,1,271.0,43,25,1,159,222.0,1.4,108.0,0.6,222.0,1.4,23.6,23.2,35.6,23.2
2023_15_KC_NE,KC,309.0,35,28,3,43.0,20,0,309.0,38,28,3,160,228.2,1.6,112.0,0.8,228.2,1.6,24.0,23.4,36.6,23.4
2023_16_LV_KC,KC,246.0,41,28,1,85.0,25,1,246.0,45,28,1,161,253.0,1.8,102.0,0.8,253.0,1.8,23.2,25.0,38.2,25.0
2023_17_CIN_KC,KC,245.0,28,21,1,132.0,22,0,245.0,29,21,1,162,266.8,1.6,85.4,1.0,266.8,1.6,22.2,25.8,38.6,25.8
2023_18_KC_LAC,KC,154.0,29,15,0,123.0,28,0,154.0,30,15,0,163,256.2,1.4,98.0,0.6,256.2,1.4,22.0,24.6,37.6,24.6
2024_01_BAL_KC,KC,291.0,27,20,1,72.0,20,2,291.0,28,20,1,164,245.0,1.2,93.0,0.4,245.0,1.2,22.6,23.4,37.0,23.4
2024_02_CIN_KC,KC,151.0,23,18,2,149.0,32,0,151.0,25,18,2,165,249.0,1.2,91.0,0.6,249.0,1.2,23.0,22.4,34.0,22.4
2024_03_KC_ATL,KC,217.0,36,26,2,128.0,33,0,217.0,39,26,2,166,217.4,1.0,112.2,0.6,217.4,1.0,25.4,20.4,31.4,20.4
2024_04_KC_LAC,KC,245.0,28,19,1,101.0,26,1,245.0,29,19,1,167,211.6,1.2,120.8,0.4,211.6,1.2,27.0,20.0,30.2,20.0
2024_05_NO_KC,KC,331.0,34,28,0,139.0,39,2,331.0,39,28,0,168,211.6,1.2,114.6,0.6,211.6,1.2,27.8,19.6,30.2,19.6
2024_07_KC_SF,KC,154.0,25,16,0,184.0,39,4,154.0,27,16,0,169,247.0,1.2,117.8,1.0,247.0,1.2,30.0,22.2,32.0,22.2
2024_08_KC_LV,KC,262.0,35,27,2,82.0,29,1,262.0,38,27,2,170,219.6,1.0,140.2,1.4,219.6,1.0,33.8,21.4,31.8,21.4
2024_09_TB_KC,KC,291.0,42,34,3,124.0,35,1,291.0,44,34,3,171,241.8,1.0,126.8,1.6,241.8,1.0,33.2,23.2,34.4,23.2
2024_10_DEN_KC,KC,266.0,40,28,1,57.0,19,0,266.0,42,28,1,172,256.6,1.2,126.0,1.8,256.6,1.2,33.6,24.8,35.4,24.8
2024_11_KC_BUF,KC,196.0,31,23,3,78.0,17,0,196.0,33,23,3,173,260.8,1.2,117.2,1.6,260.8,1.2,32.2,26.6,38.0,26.6
2024_12_KC_CAR,KC,269.0,36,27,3,165.0,26,0,269.0,37,27,3,174,233.8,1.8,105.0,1.2,233.8,1.8,27.8,25.6,36.8,25.6
2024_13_LV_KC,KC,306.0,45,26,1,63.0,16,0,306.0,46,26,1,175,256.8,2.4,101.2,0.4,256.8,2.4,25.2,27.8,38.8,27.8
2024_14_LAC_KC,KC,210.0,36,24,1,96.0,25,0,210.0,37,24,1,176,265.6,2.2,97.4,0.2,265.6,2.2,22.6,27.6,40.4,27.6
2024_15_KC_CLE,KC,179.0,38,21,2,132.0,35,1,179.0,40,21,2,177,249.4,1.8,91.8,0.0,249.4,1.8,20.6,25.6,39.0,25.6
2024_16_HOU_KC,KC,260.0,41,28,1,124.0,28,2,260.0,41,28,1,178,232.0,2.0,106.8,0.2,232.0,2.0,23.8,24.2,38.6,24.2
2024_17_KC_PIT,KC,320.0,38,29,3,69.0,20,1,320.0,38,29,3,179,244.8,1.6,116.0,0.6,244.8,1.6,26.0,25.2,40.2,25.2
2024_18_KC_DEN,KC,98.0,17,10,0,27.0,11,0,98.0,17,10,0,180,255.0,1.6,96.8,0.8,255.0,1.6,24.8,25.6,40.4,25.6
2014_01_MIN_STL,LA,273.0,36,24,0,72.0,22,0,273.0,36,24,0,1,,,,,,,,,,
2014_02_STL_TB,LA,235.0,29,22,0,119.0,29,1,235.0,29,22,0,2,273.0,0.0,72.0,0.0,273.0,0.0,22.0,24.0,36.0,24.0
2014_03_DAL_STL,LA,327.0,42,30,3,121.0,30,0,327.0,42,30,3,3,254.0,0.0,95.5,0.5,254.0,0.0,25.5,23.0,32.5,23.0
2014_05_STL_PHI,LA,375.0,48,29,3,125.0,23,1,375.0,49,29,3,4,278.3333333333333,1.0,104.0,0.3333333333333333,278.3333333333333,1.0,27.0,25.333333333333332,35.666666666666664,25.333333333333332
2014_06_SF_STL,LA,236.0,40,21,1,93.0,24,1,236.0,42,21,1,5,302.5,1.5,109.25,0.5,302.5,1.5,26.0,26.25,39.0,26.25
2014_07_SEA_STL,LA,173.0,21,18,2,102.0,27,1,173.0,21,18,2,6,289.2,1.4,106.0,0.6,289.2,1.4,25.6,25.2,39.6,25.2
2014_08_STL_KC,LA,160.0,24,15,1,84.0,19,0,160.0,25,15,1,7,269.2,1.8,112.0,0.8,269.2,1.8,26.6,24.0,36.6,24.0
2014_09_STL_SF,LA,105.0,24,13,1,91.0,27,0,105.0,24,13,1,8,254.2,2.0,105.0,0.6,254.2,2.0,24.6,22.6,35.8,22.6
2014_10_STL_ARI,LA,216.0,29,17,1,70.0,22,1,216.0,30,17,1,9,209.8,1.6,99.0,0.6,209.8,1.6,24.0,19.2,32.2,19.2
2014_11_DEN_STL,LA,220.0,29,20,1,131.0,33,0,220.0,29,20,1,10,178.0,1.2,88.0,0.6,178.0,1.2,23.8,16.8,28.4,16.8
2014_12_STL_SD,LA,217.0,35,19,1,107.0,24,1,217.0,36,19,1,11,174.8,1.2,95.6,0.4,174.8,1.2,25.6,16.6,25.8,16.6
2014_13_OAK_STL,LA,183.0,21,13,2,172.0,26,4,183.0,22,13,2,12,183.6,1.0,96.6,0.4,183.6,1.0,25.0,16.8,28.8,16.8
2014_14_STL_WAS,LA,213.0,22,16,2,131.0,30,0,213.0,22,16,2,13,188.2,1.2,114.2,1.2,188.2,1.2,26.4,16.4,28.2,16.4
2014_15_ARI_STL,LA,229.0,38,20,0,69.0,20,0,229.0,39,20,0,14,209.8,1.4,122.2,1.2,209.8,1.4,27.0,17.0,27.8,17.0
2014_16_NYG_STL,LA,290.0,32,24,2,106.0,20,1,290.0,32,24,2,15,212.4,1.2,122.0,1.0,212.4,1.2,26.6,17.6,29.6,17.6
2014_17_STL_SEA,LA,243.0,36,26,0,42.0,19,0,243.0,37,26,0,16,226.4,1.4,117.0,1.2,226.4,1.4,24.0,18.4,30.2,18.4
2015_01_SEA_STL,LA,297.0,27,18,1,76.0,26,2,297.0,27,18,1,17,231.6,1.2,104.0,1.0,231.6,1.2,23.0,19.8,30.4,19.8
2015_02_STL_WAS,LA,150.0,32,17,1,67.0,13,0,150.0,32,17,1,18,254.4,1.0,84.8,0.6,254.4,1.0,23.0,20.8,31.4,20.8
2015_03_PIT_STL,LA,197.0,29,19,0,71.0,18,0,197.0,29,19,0,19,241.8,0.8,72.0,0.6,241.8,0.8,19.6,21.0,33.4,21.0
2015_04_STL_ARI,LA,171.0,24,16,3,164.0,26,0,171.0,24,16,3,20,235.4,0.8,72.4,0.6,235.4,0.8,19.2,20.8,31.4,20.8
2015_05_STL_GB,LA,161.0,29,12,1,191.0,36,0,161.0,31,12,1,21,211.6,1.0,84.0,0.4,211.6,1.0,20.4,19.2,29.8,19.2
2015_07_CLE_STL,LA,163.0,23,15,0,158.0,26,2,163.0,23,15,0,22,195.2,1.2,113.8,0.4,195.2,1.2,23.8,16.4,28.6,16.4
2015_08_SF_STL,LA,191.0,23,14,1,197.0,41,2,191.0,23,14,1,23,168.4,1.0,130.2,0.4,168.4,1.0,23.8,15.8,27.8,15.8
2015_09_STL_MIN,LA,168.0,31,18,0,160.0,36,1,168.0,33,18,0,24,176.6,1.0,156.2,0.8,176.6,1.0,29.4,15.2,26.0,15.2
2015_10_CHI_STL,LA,200.0,37,17,0,94.0,21,1,200.0,37,17,0,25,170.8,1.0,174.0,1.0,170.8,1.0,33.0,15.0,26.8,15.0
2015_11_STL_BAL,LA,136.0,26,12,1,82.0,29,1,136.0,26,12,1,26,176.6,0.4,160.0,1.2,176.6,0.4,32.0,15.2,29.4,15.2
2015_12_STL_CIN,LA,259.0,53,36,0,94.0,17,1,259.0,53,36,0,27,171.6,0.4,138.2,1.4,171.6,0.4,30.6,15.2,28.4,15.2
2015_13_ARI_STL,LA,146.0,34,15,0,66.0,15,0,146.0,35,15,0,28,190.8,0.4,125.4,1.2,190.8,0.4,28.8,19.4,34.4,19.4
2015_14_DET_STL,LA,124.0,22,14,0,203.0,29,2,124.0,22,14,0,29,181.8,0.2,99.2,0.8,181.8,0.2,23.6,19.6,36.8,19.6
2015_15_TB_STL,LA,234.0,17,14,2,98.0,33,2,234.0,17,14,2,30,173.0,0.2,107.8,1.0,173.0,0.2,22.2,18.8,34.6,18.8
2015_16_STL_SEA,LA,103.0,23,14,1,102.0,30,1,103.0,23,14,1,31,179.8,0.6,108.6,1.2,179.8,0.6,24.6,18.2,30.6,18.2
2015_17_STL_SF,LA,231.0,38,22,0,133.0,33,1,231.0,38,22,0,32,173.2,0.6,112.6,1.2,173.2,0.6,24.8,18.6,30.0,18.6
2016_01_LA_SF,LA,130.0,35,17,0,65.0,23,0,130.0,35,17,0,33,167.6,0.6,120.4,1.2,167.6,0.6,28.0,15.8,27.0,15.8
2016_02_SEA_LA,LA,239.0,29,18,0,64.0,25,0,239.0,30,18,0,34,164.4,0.6,120.2,1.2,164.4,0.6,29.6,16.2,27.0,16.2
2016_03_LA_TB,LA,190.0,26,14,2,137.0,33,2,190.0,26,14,2,35,187.4,0.6,92.4,0.8,187.4,0.6,28.8,17.0,28.6,17.0
2016_04_LA_ARI,LA,266.0,29,18,2,41.0,23,0,266.0,30,18,2,36,178.6,0.6,100.2,0.8,178.6,0.6,28.8,17.0,30.4,17.0
2016_05_BUF_LA,LA,271.0,31,21,0,102.0,29,1,271.0,31,21,0,37,211.2,0.8,88.0,0.6,211.2,0.8,27.4,17.8,31.8,17.8
2016_06_LA_DET,LA,321.0,32,27,3,76.0,22,1,321.0,32,27,3,38,219.2,0.8,81.8,0.6,219.2,0.8,26.6,17.6,30.4,17.6
2016_07_NYG_LA,LA,291.0,52,32,1,74.0,20,0,291.0,53,32,1,39,257.4,1.4,84.0,0.8,257.4,1.4,26.4,19.6,29.8,19.6
2016_09_CAR_LA,LA,296.0,46,27,1,59.0,17,0,296.0,46,27,1,40,267.8,1.6,86.0,0.8,267.8,1.6,25.4,22.4,34.4,22.4
2016_10_LA_NYJ,LA,165.0,30,17,0,125.0,34,0,165.0,30,17,0,41,289.0,1.4,70.4,0.4,289.0,1.4,22.2,25.0,38.4,25.0
2016_11_MIA_LA,LA,134.0,29,17,0,102.0,28,1,134.0,31,17,0,42,268.8,1.0,87.2,0.4,268.8,1.0,24.4,24.8,38.4,24.8
2016_12_LA_NO,LA,214.0,31,20,3,69.0,17,0,214.0,32,20,3,43,241.4,1.0,87.2,0.4,241.4,1.0,24.2,24.0,38.4,24.0
2016_13_LA_NE,LA,161.0,32,14,1,36.0,13,0,161.0,32,14,1,44,220.0,1.0,85.8,0.2,220.0,1.0,23.2,22.6,38.4,22.6
2016_14_ATL_LA,LA,235.0,41,24,0,104.0,23,2,235.0,41,24,0,45,194.0,1.0,78.2,0.2,194.0,1.0,21.8,19.0,34.2,19.0
2016_15_LA_SEA,LA,167.0,35,18,0,47.0,17,0,167.0,35,18,0,46,181.8,0.8,87.2,0.6,181.8,0.8,23.0,18.4,33.2,18.4
2016_16_SF_LA,LA,90.0,24,11,1,99.0,29,2,90.0,24,11,1,47,182.2,0.8,71.6,0.6,182.2,0.8,19.6,18.6,34.2,18.6
2016_17_ARI_LA,LA,143.0,28,17,0,52.0,22,0,143.0,28,17,0,48,173.4,1.0,71.0,0.8,173.4,1.0,19.8,17.4,32.8,17.4
2017_01_IND_LA,LA,318.0,30,22,1,63.0,33,2,318.0,30,22,1,49,159.2,0.4,67.6,0.8,159.2,0.4,20.8,16.8,32.0,16.8
2017_02_WAS_LA,LA,247.0,25,15,1,97.0,22,1,247.0,25,15,1,50,190.6,0.4,73.0,1.2,190.6,0.4,24.8,18.4,31.6,18.4
2017_03_LA_SF,LA,292.0,28,22,3,126.0,32,2,292.0,28,22,3,51,193.0,0.6,71.6,1.0,193.0,0.6,24.6,16.6,28.4,16.6
2017_04_LA_DAL,LA,255.0,35,21,2,168.0,31,0,255.0,36,21,2,52,218.0,1.2,87.4,1.4,218.0,1.2,27.6,17.4,27.0,17.4
2017_05_SEA_LA,LA,288.0,46,22,0,100.0,22,1,288.0,47,22,0,53,251.0,1.4,101.2,1.0,251.0,1.4,28.0,19.4,29.4,19.4
2017_06_LA_JAX,LA,124.0,21,11,1,142.0,32,0,124.0,21,11,1,54,280.0,1.4,110.8,1.2,280.0,1.4,28.0,20.4,33.2,20.4
2017_07_ARI_LA,LA,235.0,37,22,1,197.0,40,2,235.0,37,22,1,55,241.2,1.4,126.6,0.8,241.2,1.4,27.8,18.2,31.4,18.2
2017_09_LA_NYG,LA,302.0,22,14,4,162.0,39,2,311.0,22,14,4,56,238.8,1.4,146.6,1.0,238.8,1.4,31.4,19.6,33.8,19.6
2017_10_HOU_LA,LA,361.0,36,26,3,104.0,25,0,361.0,38,26,3,57,242.6,1.6,153.8,1.0,240.8,1.6,32.8,18.0,32.6,18.0
2017_11_LA_MIN,LA,225.0,36,23,0,45.0,17,1,225.0,37,23,0,58,263.8,1.8,141.0,1.0,262.0,1.8,31.6,19.0,33.0,19.0
2017_12_NO_LA,LA,354.0,43,28,2,88.0,25,0,354.0,44,28,2,59,251.2,1.8,130.0,1.0,249.4,1.8,30.6,19.2,31.0,19.2
2017_13_LA_ARI,LA,220.0,31,21,2,90.0,24,0,220.0,31,21,2,60,297.2,2.0,119.2,1.0,295.4,2.0,29.2,22.6,35.6,22.6
2017_14_PHI_LA,LA,208.0,25,16,2,109.0,17,2,199.0,26,16,2,61,294.2,2.2,97.8,0.6,292.4,2.2,26.0,22.4,34.4,22.4
2017_15_LA_SEA,LA,124.0,23,15,2,244.0,43,3,124.0,23,15,2,62,271.8,1.8,87.2,0.6,273.6,1.8,21.6,22.8,35.2,22.8
2017_16_LA_TEN,LA,301.0,38,22,4,116.0,26,0,301.0,39,22,4,63,224.4,1.6,115.2,1.2,226.2,1.6,25.2,20.6,32.2,20.6
2017_17_SF_LA,LA,169.0,34,20,0,102.0,26,1,169.0,34,20,0,64,239.6,2.4,129.4,1.0,241.4,2.4,27.0,20.4,32.6,20.4
2018_01_LA_OAK,LA,233.0,33,18,2,140.0,26,0,233.0,33,18,2,65,202.6,2.0,132.2,1.2,204.4,2.0,27.2,18.8,30.6,18.8
2018_02_ARI_LA,LA,354.0,31,24,1,90.0,33,3,354.0,32,24,1,66,205.2,2.0,142.2,1.2,207.0,2.0,27.6,18.2,31.0,18.2
2018_03_LAC_LA,LA,354.0,35,29,3,171.0,35,1,354.0,36,29,3,67,236.2,1.8,138.4,1.4,236.2,1.8,30.8,19.8,32.2,19.8
2018_04_MIN_LA,LA,465.0,33,26,5,100.0,20,0,465.0,34,26,5,68,282.2,2.0,123.8,1.0,282.2,2.0,29.2,22.6,34.8,22.6
2018_05_LA_SEA,LA,321.0,32,23,1,155.0,30,3,321.0,32,23,1,69,315.0,2.2,120.6,1.0,315.0,2.2,28.0,23.4,33.8,23.4
2018_06_LA_DEN,LA,201.0,28,14,0,270.0,39,2,201.0,28,14,0,70,345.4,2.4,131.2,1.4,345.4,2.4,28.8,24.0,33.4,24.0
2018_07_LA_SF,LA,202.0,24,18,2,146.0,36,2,202.0,24,18,2,71,339.0,2.0,157.2,1.8,339.0,2.0,31.4,23.2,32.4,23.2
2018_08_GB_LA,LA,307.0,32,20,3,135.0,34,0,307.0,36,20,3,72,308.6,2.2,168.4,1.6,308.6,2.2,32.0,22.0,30.8,22.0
2018_09_LA_NO,LA,391.0,40,28,3,92.0,19,1,391.0,40,28,3,73,299.2,2.2,161.2,1.4,299.2,2.2,31.8,20.2,30.8,20.2
2018_10_SEA_LA,LA,318.0,35,28,2,149.0,23,2,318.0,39,28,2,74,284.4,1.8,159.6,1.6,284.4,1.8,31.6,20.6,32.0,20.6
2018_11_KC_LA,LA,413.0,46,31,4,76.0,21,1,413.0,49,31,4,75,283.8,2.0,158.4,1.4,283.8,2.0,30.2,21.6,33.4,21.6
2018_13_LA_DET,LA,207.0,32,17,1,149.0,29,2,207.0,33,17,1,76,326.2,2.8,119.6,1.2,326.2,2.8,26.6,25.0,37.6,25.0
2018_14_LA_CHI,LA,187.0,43,21,0,52.0,13,0,187.0,45,21,0,77,327.2,2.6,120.2,1.2,327.2,2.6,25.2,24.8,39.4,24.8
2018_15_PHI_LA,LA,339.0,51,35,0,82.0,18,2,339.0,54,35,0,78,303.2,2.0,103.6,1.2,303.2,2.0,21.0,25.0,41.2,25.0
2018_16_LA_ARI,LA,216.0,23,19,1,269.0,41,3,216.0,24,19,1,79,292.8,1.4,101.6,1.4,292.8,1.4,20.8,26.4,44.0,26.4
2018_17_SF_LA,LA,222.0,27,17,4,155.0,42,1,222.0,29,17,4,80,272.4,1.2,125.6,1.6,272.4,1.2,24.4,24.6,41.0,24.6
2019_01_LA_CAR,LA,186.0,38,23,1,166.0,32,2,186.0,39,23,1,81,234.2,1.2,141.4,1.6,234.2,1.2,28.6,21.8,37.0,21.8
2019_02_NO_LA,LA,283.0,28,19,1,115.0,30,2,283.0,28,19,1,82,230.0,1.2,144.8,1.6,230.0,1.2,29.2,23.0,38.2,23.0
2019_03_LA_CLE,LA,268.0,38,24,2,90.0,24,0,268.0,38,24,2,83,249.2,1.4,157.4,2.0,249.2,1.4,32.6,22.6,34.8,22.6
2019_04_TB_LA,LA,517.0,68,45,2,28.0,11,2,517.0,68,45,2,84,235.0,1.8,159.0,1.6,235.0,1.8,33.8,20.4,31.6,20.4
2019_05_LA_SEA,LA,395.0,49,29,1,82.0,18,2,395.0,49,29,1,85,295.2,2.0,110.8,1.4,295.2,2.0,27.8,25.6,40.4,25.6
2019_06_SF_LA,LA,78.0,24,13,0,109.0,22,1,78.0,24,13,0,86,329.8,1.4,96.2,1.6,329.8,1.4,23.0,28.0,44.4,28.0
2019_07_LA_ATL,LA,291.0,38,23,2,90.0,36,1,291.0,38,23,2,87,308.2,1.2,84.8,1.4,308.2,1.2,21.0,26.0,41.4,26.0
2019_08_CIN_LA,LA,372.0,30,17,2,98.0,26,1,372.0,31,17,2,88,309.8,1.4,79.8,1.2,309.8,1.4,22.2,26.8,43.4,26.8
2019_10_LA_PIT,LA,243.0,42,22,0,88.0,23,0,243.0,42,22,0,89,330.6,1.4,81.4,1.4,330.6,1.4,22.6,25.4,42.0,25.4
2019_11_CHI_LA,LA,173.0,16,11,0,110.0,34,2,173.0,18,11,0,90,275.8,1.0,93.4,1.0,275.8,1.0,25.0,20.8,36.8,20.8
2019_12_BAL_LA,LA,212.0,36,26,0,22.0,9,0,212.0,37,26,0,91,231.4,0.8,99.0,1.0,231.4,0.8,28.2,17.2,30.6,17.2
2019_13_LA_ARI,LA,427.0,41,33,2,132.0,30,1,427.0,45,33,2,92,258.2,0.8,81.6,0.8,258.2,0.8,25.6,19.8,33.2,19.8
2019_14_SEA_LA,LA,293.0,30,22,2,162.0,35,2,293.0,32,22,2,93,285.4,0.8,90.0,0.8,285.4,0.8,24.4,21.8,34.6,21.8
2019_15_LA_DAL,LA,289.0,51,34,2,22.0,14,1,289.0,52,34,2,94,269.6,0.8,102.8,1.0,269.6,0.8,26.2,22.8,34.8,22.8
2019_16_LA_SF,LA,323.0,39,27,2,72.0,24,2,323.0,46,27,2,95,278.8,1.2,89.6,1.2,278.8,1.2,24.4,25.2,36.8,25.2
2019_17_ARI_LA,LA,319.0,44,29,3,113.0,33,1,319.0,45,29,3,96,308.8,1.6,82.0,1.2,308.8,1.6,22.4,28.4,42.4,28.4
2020_01_DAL_LA,LA,275.0,28,20,0,153.0,40,2,275.0,31,20,0,97,330.2,2.2,100.2,1.4,330.2,2.2,27.2,29.0,44.0,29.0
2020_02_LA_PHI,LA,267.0,26,20,3,191.0,39,2,267.0,27,20,3,98,299.8,1.8,104.4,1.6,299.8,1.8,29.2,26.4,41.2,26.4
2020_03_LA_BUF,LA,321.0,31,23,2,167.0,32,2,321.0,32,23,2,99,294.6,2.0,110.2,1.6,294.6,2.0,30.0,26.0,40.2,26.0
2020_04_NYG_LA,LA,200.0,32,25,1,58.0,23,1,200.0,32,25,1,100,301.0,2.0,139.2,1.8,301.0,2.0,33.6,23.8,36.2,23.8
2020_05_LA_WAS,LA,309.0,29,21,2,129.0,35,2,309.0,30,21,2,101,276.4,1.8,136.4,1.6,276.4,1.8,33.4,23.4,33.4,23.4
2020_06_LA_SF,LA,194.0,37,19,2,113.0,19,0,198.0,38,19,2,102,274.4,1.6,139.6,1.8,274.4,1.6,33.8,21.8,30.4,21.8
2020_07_CHI_LA,LA,220.0,31,23,2,160.0,34,1,220.0,33,23,2,103,259.0,2.0,131.6,1.4,258.2,2.0,29.6,21.6,31.8,21.6
2020_08_LA_MIA,LA,355.0,57,35,1,131.0,29,1,355.0,61,35,1,104,249.6,1.8,125.4,1.2,248.8,1.8,28.6,22.2,33.0,22.2
2020_10_SEA_LA,LA,302.0,36,27,0,106.0,29,3,302.0,37,27,0,105,256.4,1.6,118.2,1.0,255.6,1.6,28.0,24.6,38.8,24.6
2020_11_LA_TB,LA,376.0,49,39,3,37.0,20,0,376.0,51,39,3,106,276.8,1.4,127.8,1.4,276.0,1.4,29.2,25.0,39.8,25.0
2020_12_SF_LA,LA,198.0,30,19,0,126.0,28,1,198.0,31,19,0,107,290.2,1.6,109.4,1.0,289.4,1.6,26.2,28.6,44.0,28.6
2020_13_LA_ARI,LA,351.0,44,37,1,119.0,31,3,351.0,47,37,1,108,290.2,1.2,112.0,1.2,290.2,1.2,28.0,28.6,42.6,28.6
2020_14_NE_LA,LA,137.0,24,16,1,186.0,36,1,137.0,25,16,1,109,316.4,1.0,103.8,1.6,316.4,1.0,27.4,31.4,45.4,31.4
2020_15_NYJ_LA,LA,209.0,30,22,2,114.0,19,0,209.0,34,22,2,110,272.8,1.0,114.8,1.6,272.8,1.0,28.8,27.6,38.2,27.6
2020_16_LA_SEA,LA,234.0,41,24,0,118.0,29,0,234.0,43,24,0,111,254.2,1.4,116.4,1.0,254.2,1.4,26.8,26.6,37.6,26.6
2020_17_ARI_LA,LA,231.0,37,22,0,110.0,30,0,231.0,38,22,0,112,225.8,0.8,132.6,1.0,225.8,0.8,28.6,23.6,36.0,23.6
2021_01_CHI_LA,LA,321.0,26,20,3,74.0,23,1,321.0,26,20,3,113,232.4,0.8,129.4,0.8,232.4,0.8,29.0,24.2,37.4,24.2
2021_02_LA_IND,LA,278.0,29,19,2,101.0,29,1,278.0,30,19,2,114,226.4,1.2,120.4,0.4,226.4,1.2,27.4,20.8,33.2,20.8
2021_03_TB_LA,LA,343.0,38,27,4,76.0,24,0,343.0,38,27,4,115,254.6,1.4,103.4,0.4,254.6,1.4,26.0,21.4,34.2,21.4
2021_04_ARI_LA,LA,280.0,41,26,2,121.0,23,0,280.0,41,26,2,116,281.4,1.8,95.8,0.4,281.4,1.8,27.0,22.4,35.0,22.4
2021_05_LA_SEA,LA,365.0,35,25,1,118.0,29,2,365.0,37,25,1,117,290.6,2.2,96.4,0.4,290.6,2.2,25.8,22.8,34.6,22.8
2021_06_LA_NYG,LA,251.0,30,22,4,131.0,34,1,251.0,30,22,4,118,317.4,2.4,98.0,0.8,317.4,2.4,25.6,23.4,34.4,23.4
2021_07_DET_LA,LA,334.0,41,28,3,47.0,19,0,334.0,41,28,3,119,303.4,2.6,109.4,0.8,303.4,2.6,27.8,23.8,35.2,23.8
2021_08_LA_HOU,LA,310.0,34,22,3,165.0,31,2,310.0,34,22,3,120,314.6,2.8,98.6,0.6,314.6,2.8,25.8,25.6,37.4,25.6
2021_09_TEN_LA,LA,294.0,47,31,1,94.0,21,0,294.0,48,31,1,121,308.0,2.6,116.4,1.0,308.0,2.6,27.2,24.6,36.6,24.6
2021_10_LA_SF,LA,245.0,42,27,1,52.0,10,0,245.0,42,27,1,122,310.8,2.4,111.0,1.0,310.8,2.4,26.8,25.6,38.0,25.6
2021_12_LA_GB,LA,302.0,39,21,3,68.0,20,0,302.0,39,21,3,123,286.8,2.4,97.8,0.6,286.8,2.4,23.0,26.0,39.0,26.0
2021_13_JAX_LA,LA,295.0,37,26,3,128.0,27,1,295.0,38,26,3,124,297.0,2.2,85.2,0.4,297.0,2.2,20.2,25.8,40.8,25.8
2021_14_LA_ARI,LA,287.0,30,23,3,89.0,21,0,287.0,30,23,3,125,289.2,2.2,101.4,0.6,289.2,2.2,21.8,25.4,40.2,25.4
2021_15_SEA_LA,LA,244.0,29,21,2,123.0,29,0,244.0,29,21,2,126,284.6,2.2,86.2,0.2,284.6,2.2,19.8,25.6,39.4,25.6
2021_16_LA_MIN,LA,197.0,37,21,1,159.0,33,1,197.0,37,21,1,127,274.6,2.4,92.0,0.2,274.6,2.4,21.4,23.6,35.6,23.6
2021_17_LA_BAL,LA,309.0,35,26,2,73.0,20,1,309.0,35,26,2,128,265.0,2.4,113.4,0.4,265.0,2.4,26.0,22.4,34.6,22.4
2021_18_SF_LA,LA,238.0,32,21,3,64.0,27,0,238.0,32,21,3,129,266.4,2.2,114.4,0.6,266.4,2.2,26.0,23.4,33.8,23.4
2022_01_BUF_LA,LA,240.0,41,29,1,52.0,18,0,240.0,41,29,1,130,255.0,2.2,101.6,0.4,255.0,2.2,26.0,22.4,32.6,22.4
2022_02_ATL_LA,LA,272.0,35,27,3,65.0,26,1,272.0,36,27,3,131,245.6,1.8,94.2,0.4,245.6,1.8,25.4,23.6,34.8,23.6
2022_03_LA_ARI,LA,249.0,25,18,0,100.0,20,2,249.0,25,18,0,132,251.2,2.0,82.6,0.6,251.2,2.0,24.8,24.8,36.2,24.8
2022_04_LA_SF,LA,254.0,48,32,0,57.0,18,0,254.0,48,32,0,133,261.6,1.8,70.8,0.8,261.6,1.8,22.2,24.2,33.8,24.2
2022_05_DAL_LA,LA,320.0,42,29,1,38.0,15,0,320.0,44,29,1,134,250.6,1.4,67.6,0.6,250.6,1.4,21.8,25.4,36.4,25.4
2022_06_CAR_LA,LA,253.0,31,26,1,111.0,29,2,253.0,33,26,1,135,267.0,1.0,62.4,0.6,267.0,1.0,19.4,27.0,38.8,27.0
2022_08_SF_LA,LA,187.0,32,22,1,56.0,21,1,187.0,33,22,1,136,269.6,1.0,74.2,1.0,269.6,1.0,21.6,26.4,37.2,26.4
2022_09_LA_TB,LA,165.0,26,13,1,68.0,24,0,165.0,27,13,1,137,252.6,0.6,72.4,1.0,252.6,0.6,20.6,25.4,36.6,25.4
2022_10_ARI_LA,LA,209.0,37,25,1,66.0,20,1,209.0,37,25,1,138,235.8,0.8,66.0,0.6,235.8,0.8,21.4,24.4,37.0,24.4
2022_11_LA_NO,LA,223.0,27,16,2,148.0,30,0,223.0,28,16,2,139,226.8,1.0,67.8,0.8,226.8,1.0,21.8,23.0,34.8,23.0
2022_12_LA_KC,LA,106.0,24,14,1,116.0,28,0,106.0,24,14,1,140,207.4,1.2,89.8,0.8,207.4,1.2,24.8,20.4,31.6,20.4
2022_13_SEA_LA,LA,178.0,25,14,0,171.0,33,2,178.0,26,14,0,141,178.0,1.2,90.8,0.4,178.0,1.2,24.6,18.0,29.8,18.0
2022_14_LV_LA,LA,230.0,34,22,1,71.0,22,1,230.0,35,22,1,142,176.2,1.0,113.8,0.6,176.2,1.0,27.0,16.4,28.4,16.4
2022_15_LA_GB,LA,111.0,20,12,1,72.0,17,0,111.0,21,12,1,143,189.2,1.0,114.4,0.8,189.2,1.0,26.6,18.2,30.0,18.2
2022_16_DEN_LA,LA,230.0,28,24,2,158.0,36,3,230.0,28,24,2,144,169.6,1.0,115.6,0.6,169.6,1.0,26.0,15.6,26.8,15.6
2022_17_LA_LAC,LA,132.0,18,11,0,166.0,26,1,132.0,19,11,0,145,171.0,1.0,117.6,1.2,171.0,1.0,27.2,17.2,26.8,17.2
2022_18_LA_SEA,LA,147.0,24,13,0,146.0,28,1,147.0,26,13,0,146,176.2,0.8,127.6,1.4,176.2,0.8,26.8,16.6,25.8,16.6
2023_01_LA_SEA,LA,334.0,37,24,0,92.0,40,3,334.0,38,24,0,147,170.0,0.8,122.6,1.2,170.0,0.8,25.8,16.4,25.8,16.4
2023_02_SF_LA,LA,307.0,52,34,1,89.0,22,1,307.0,55,34,1,148,190.8,0.6,126.8,1.6,190.8,0.6,29.4,16.8,26.4,16.8
2023_03_LA_CIN,LA,269.0,32,18,1,71.0,13,0,269.0,33,18,1,149,230.0,0.6,130.2,1.8,230.0,0.6,30.4,21.2,33.2,21.2
2023_04_LA_IND,LA,319.0,39,27,1,164.0,36,2,319.0,40,27,1,150,237.8,0.4,112.8,1.2,237.8,0.4,25.8,20.0,34.2,20.0
2023_05_PHI_LA,LA,222.0,34,21,2,54.0,14,0,222.0,37,21,2,151,275.2,0.6,112.4,1.4,275.2,0.6,27.8,23.2,38.4,23.2
2023_06_ARI_LA,LA,226.0,21,15,1,179.0,28,1,226.0,24,15,1,152,290.2,1.0,94.0,1.2,290.2,1.0,25.0,24.8,40.6,24.8
2023_07_PIT_LA,LA,231.0,27,14,1,135.0,31,1,231.0,29,14,1,153,268.6,1.2,111.4,0.8,268.6,1.2,22.6,23.0,37.8,23.0
2023_08_LA_DAL,LA,204.0,32,18,1,92.0,24,1,204.0,32,18,1,154,253.4,1.2,120.6,0.8,253.4,1.2,24.4,19.0,32.6,19.0
2023_09_LA_GB,LA,130.0,27,13,0,68.0,26,0,130.0,28,13,0,155,240.4,1.2,124.8,1.0,240.4,1.2,26.6,19.0,32.4,19.0
2023_11_SEA_LA,LA,190.0,29,17,1,82.0,27,1,190.0,31,17,1,156,202.6,1.0,105.6,0.6,202.6,1.0,24.6,16.2,30.0,16.2
2023_12_LA_ARI,LA,229.0,31,25,4,228.0,33,1,229.0,33,25,4,157,196.2,0.8,111.2,0.8,196.2,0.8,27.2,15.4,28.8,15.4
2023_13_CLE_LA,LA,279.0,34,22,3,120.0,25,1,279.0,37,22,3,158,196.8,1.4,121.0,0.8,196.8,1.4,28.2,17.4,30.6,17.4
2023_14_LA_BAL,LA,294.0,39,23,3,128.0,30,0,294.0,41,23,3,159,206.4,1.8,118.0,0.8,206.4,1.8,27.0,19.0,32.2,19.0
2023_15_WAS_LA,LA,258.0,32,25,2,196.0,37,1,258.0,33,25,2,160,224.4,2.2,125.2,0.6,224.4,2.2,28.2,20.0,34.0,20.0
2023_16_NO_LA,LA,328.0,32,24,2,133.0,32,1,328.0,34,24,2,161,250.0,2.6,150.8,0.8,250.0,2.6,30.4,22.4,35.0,22.4
2023_17_LA_NYG,LA,317.0,34,24,1,105.0,23,3,317.0,34,24,1,162,277.6,2.8,161.0,0.8,277.6,2.8,31.4,23.8,35.6,23.8
2023_18_LA_SF,LA,163.0,23,17,2,109.0,36,1,163.0,24,17,2,163,295.2,2.2,136.4,1.2,295.2,2.2,29.4,23.6,35.8,23.6
2024_01_LA_DET,LA,317.0,48,34,1,83.0,23,1,317.0,49,34,1,164,272.0,2.0,134.2,1.2,272.0,2.0,31.6,22.6,33.2,22.6
2024_02_LA_ARI,LA,216.0,27,19,0,53.0,20,1,216.0,27,19,0,165,276.6,1.6,125.2,1.4,276.6,1.6,30.2,24.8,34.8,24.8
2024_03_SF_LA,LA,221.0,23,16,1,98.0,26,2,221.0,26,16,1,166,268.2,1.2,96.6,1.4,268.2,1.2,26.8,23.6,33.6,23.6
2024_04_LA_CHI,LA,224.0,29,20,0,119.0,26,1,224.0,29,20,0,167,246.8,1.0,89.6,1.6,246.8,1.0,25.6,22.0,32.0,22.0
2024_05_GB_LA,LA,260.0,45,29,1,134.0,28,1,260.0,45,29,1,168,228.2,0.8,92.4,1.2,228.2,0.8,26.2,21.2,31.0,21.2
2024_07_LV_LA,LA,154.0,22,14,0,115.0,28,2,154.0,23,14,0,169,247.6,0.6,97.4,1.2,247.6,0.6,24.6,23.6,35.2,23.6
2024_08_MIN_LA,LA,279.0,34,25,4,107.0,32,0,279.0,34,25,4,170,215.0,0.4,103.8,1.4,215.0,0.4,25.6,19.6,30.0,19.6
2024_09_LA_SEA,LA,298.0,42,25,2,68.0,24,0,298.0,44,25,2,171,227.6,1.2,114.6,1.2,227.6,1.2,28.0,20.8,31.4,20.8
2024_10_MIA_LA,LA,293.0,44,32,0,70.0,18,0,293.0,46,32,0,172,243.0,1.4,108.6,0.8,243.0,1.4,27.6,22.6,35.0,22.6
2024_11_LA_NE,LA,295.0,27,18,4,107.0,24,0,295.0,27,18,4,173,256.8,1.4,98.8,0.6,256.8,1.4,26.0,25.0,38.4,25.0
2024_12_PHI_LA,LA,243.0,34,24,2,92.0,18,1,243.0,36,24,2,174,263.8,2.0,93.4,0.4,263.8,2.0,25.2,22.8,34.8,22.8
2024_13_LA_NO,LA,183.0,23,14,2,156.0,29,1,183.0,24,14,2,175,281.6,2.4,88.8,0.2,281.6,2.4,23.2,24.8,37.4,24.8
2024_14_BUF_LA,LA,320.0,30,23,2,137.0,42,3,320.0,30,23,2,176,262.4,2.0,98.6,0.4,262.4,2.0,22.6,22.6,35.4,22.6
2024_15_LA_SF,LA,160.0,26,16,0,142.0,38,0,160.0,27,16,0,177,266.8,2.0,112.4,1.0,266.8,2.0,26.2,22.2,32.6,22.2
2024_16_LA_NYJ,LA,110.0,19,14,1,132.0,31,1,110.0,19,14,1,178,240.2,2.0,126.8,1.0,240.2,2.0,30.2,19.0,28.8,19.0
2024_17_ARI_LA,LA,189.0,28,17,0,68.0,22,1,189.0,32,17,0,179,203.2,1.4,131.8,1.2,203.2,1.4,31.6,18.2,27.2,18.2
2024_18_SEA_LA,LA,334.0,40,27,2,84.0,21,0,334.0,41,27,2,180,192.4,1.0,127.0,1.2,192.4,1.0,32.4,16.8,26.4,16.8
2014_01_SD_ARI,LAC,238.0,36,21,1,52.0,24,1,238.0,36,21,1,1,,,,,,,,,,
2014_02_SEA_SD,LAC,284.0,35,28,3,101.0,37,0,284.0,37,28,3,2,238.0,1.0,52.0,1.0,238.0,1.0,24.0,21.0,36.0,21.0
2014_03_SD_BUF,LAC,256.0,25,18,2,83.0,36,0,256.0,25,18,2,3,261.0,2.0,76.5,0.5,261.0,2.0,30.5,24.5,36.5,24.5
2014_04_JAX_SD,LAC,377.0,37,29,3,42.0,20,0,377.0,39,29,3,4,259.3333333333333,2.0,78.66666666666667,0.3333333333333333,259.3333333333333,2.0,32.333333333333336,22.333333333333332,32.666666666666664,22.333333333333332
2014_05_NYJ_SD,LAC,288.0,27,20,3,162.0,40,1,288.0,28,20,3,5,288.75,2.25,69.5,0.25,288.75,2.25,29.25,24.0,34.25,24.0
2014_06_SD_OAK,LAC,313.0,35,22,3,116.0,33,1,313.0,35,22,3,6,288.6,2.4,88.0,0.4,288.6,2.4,31.4,23.2,33.0,23.2
2014_07_KC_SD,LAC,205.0,31,17,2,69.0,16,0,205.0,31,17,2,7,303.6,2.8,100.8,0.4,303.6,2.8,33.2,23.4,32.8,23.4
2014_08_SD_DEN,LAC,252.0,41,30,3,61.0,15,0,252.0,41,30,3,8,287.8,2.6,94.4,0.4,287.8,2.6,29.0,21.2,31.6,21.2
2014_09_SD_MIA,LAC,148.0,26,13,0,50.0,19,0,148.0,26,13,0,9,287.0,2.8,90.0,0.4,287.0,2.8,24.8,23.6,34.8,23.6
2014_11_OAK_SD,LAC,193.0,34,22,1,120.0,32,0,193.0,34,22,1,10,241.2,2.2,91.6,0.4,241.2,2.2,24.6,20.4,32.2,20.4
2014_12_STL_SD,LAC,291.0,34,29,1,128.0,22,1,291.0,35,29,1,11,222.2,1.8,83.2,0.2,222.2,1.8,23.0,20.8,33.4,20.8
2014_13_SD_BAL,LAC,383.0,45,34,3,64.0,18,1,383.0,45,34,3,12,217.8,1.4,85.6,0.2,217.8,1.4,20.8,22.2,33.4,22.2
2014_14_NE_SD,LAC,189.0,33,20,1,53.0,17,0,189.0,33,20,1,13,253.4,1.6,84.6,0.4,253.4,1.6,21.2,25.6,36.2,25.6
2014_15_DEN_SD,LAC,232.0,40,24,1,56.0,20,0,232.0,41,24,1,14,240.8,1.2,83.0,0.4,240.8,1.2,21.6,23.6,34.6,23.6
2014_16_SD_SF,LAC,356.0,54,33,4,98.0,24,0,356.0,54,33,4,15,257.6,1.4,84.2,0.4,257.6,1.4,21.8,25.8,37.6,25.8
2014_17_SD_KC,LAC,291.0,34,20,0,112.0,25,1,291.0,34,20,0,16,290.2,2.0,79.8,0.4,290.2,2.0,20.2,28.0,41.6,28.0
2015_01_DET_SD,LAC,403.0,41,34,2,96.0,31,2,403.0,41,34,2,17,290.2,1.8,76.6,0.4,290.2,1.8,20.8,26.2,41.4,26.2
2015_02_SD_CIN,LAC,241.0,27,21,2,131.0,25,0,241.0,27,21,2,18,294.2,1.6,83.0,0.6,294.2,1.6,23.4,26.2,40.6,26.2
2015_03_SD_MIN,LAC,309.0,40,26,2,90.0,28,0,309.0,40,26,2,19,304.6,1.8,98.6,0.6,304.6,1.8,25.0,26.4,39.4,26.4
2015_04_CLE_SD,LAC,358.0,37,23,3,91.0,21,0,358.0,38,23,3,20,320.0,2.0,105.4,0.6,320.0,2.0,26.6,26.8,39.2,26.8
2015_05_PIT_SD,LAC,365.0,48,35,2,52.0,19,0,365.0,48,35,2,21,320.4,1.8,104.0,0.6,320.4,1.8,26.0,24.8,36.0,24.8
2015_06_SD_GB,LAC,503.0,65,43,2,60.0,21,0,503.0,65,43,2,22,335.2,2.2,92.0,0.4,335.2,2.2,24.8,27.8,38.8,27.8
2015_07_OAK_SD,LAC,336.0,55,38,3,90.0,21,0,336.0,58,38,3,23,355.2,2.2,84.8,0.0,355.2,2.2,22.8,29.6,43.6,29.6
2015_08_SD_BAL,LAC,301.0,36,28,3,81.0,26,0,301.0,37,28,3,24,374.2,2.4,76.6,0.0,374.2,2.4,22.0,33.0,49.8,33.0
2015_09_CHI_SD,LAC,280.0,42,26,1,77.0,19,0,280.0,42,26,1,25,372.6,2.6,74.8,0.0,372.6,2.6,21.6,33.4,49.2,33.4
2015_11_KC_SD,LAC,178.0,30,19,0,52.0,25,0,178.0,30,19,0,26,357.0,2.2,72.0,0.0,357.0,2.2,21.2,34.0,50.0,34.0
2015_12_SD_JAX,LAC,300.0,43,29,4,79.0,26,0,300.0,43,29,4,27,319.6,1.8,72.0,0.0,319.6,1.8,22.4,30.8,46.4,30.8
2015_13_DEN_SD,LAC,202.0,33,18,0,93.0,23,0,202.0,35,18,0,28,279.0,2.2,75.8,0.0,279.0,2.2,23.4,28.0,42.0,28.0
2015_14_SD_KC,LAC,263.0,42,24,0,44.0,18,0,263.0,43,24,0,29,252.2,1.6,76.4,0.0,252.2,1.6,23.8,24.0,37.4,24.0
2015_15_MIA_SD,LAC,311.0,36,26,3,140.0,36,1,311.0,36,26,3,30,244.6,1.0,69.0,0.0,244.6,1.0,22.2,23.2,38.6,23.2
2015_16_SD_OAK,LAC,277.0,49,31,1,72.0,25,1,277.0,49,31,1,31,250.8,1.4,81.6,0.2,250.8,1.4,25.6,23.2,37.4,23.2
2015_17_SD_DEN,LAC,228.0,35,21,2,110.0,29,0,228.0,35,21,2,32,270.6,1.6,85.6,0.4,270.6,1.6,25.6,25.6,41.2,25.6
2016_01_SD_KC,LAC,243.0,36,25,1,155.0,32,2,243.0,36,25,1,33,256.2,1.2,91.8,0.4,256.2,1.2,26.2,24.0,39.6,24.0
2016_02_JAX_SD,LAC,220.0,25,17,4,150.0,35,1,220.0,25,17,4,34,264.4,1.4,104.2,0.8,264.4,1.4,28.0,25.4,39.8,25.4
2016_03_SD_IND,LAC,326.0,37,26,0,37.0,17,1,326.0,39,26,0,35,255.8,2.2,125.4,1.0,255.8,2.2,31.4,24.0,36.2,24.0
2016_04_NO_SD,LAC,321.0,43,28,2,38.0,21,2,321.0,43,28,2,36,258.8,1.6,104.8,1.0,258.8,1.6,27.6,24.0,36.8,24.0
2016_05_SD_OAK,LAC,359.0,30,21,4,72.0,19,0,359.0,30,21,4,37,267.6,1.8,98.0,1.2,267.6,1.8,26.8,23.4,35.6,23.4
2016_06_DEN_SD,LAC,178.0,29,18,1,99.0,29,0,178.0,29,18,1,38,293.8,2.2,90.4,1.2,293.8,2.2,24.8,23.4,34.6,23.4
2016_07_SD_ATL,LAC,371.0,44,27,1,78.0,26,2,371.0,45,27,1,39,280.8,2.2,79.2,0.8,280.8,2.2,24.2,22.0,33.2,22.0
2016_08_SD_DEN,LAC,267.0,45,20,2,123.0,26,0,267.0,47,20,2,40,311.0,1.6,64.8,1.0,311.0,1.6,22.4,24.0,37.2,24.0
2016_09_TEN_SD,LAC,275.0,33,24,2,208.0,39,1,275.0,33,24,2,41,299.2,2.0,82.0,0.8,299.2,2.0,24.2,22.8,38.8,22.8
2016_10_MIA_SD,LAC,326.0,42,23,3,70.0,24,0,326.0,44,23,3,42,290.0,2.0,116.0,0.6,290.0,2.0,27.8,22.0,36.8,22.0
2016_12_SD_HOU,LAC,242.0,30,22,3,67.0,18,0,242.0,30,22,3,43,283.4,1.8,115.6,0.6,283.4,1.8,28.8,22.4,39.6,22.4
2016_13_TB_SD,LAC,225.0,24,15,2,119.0,25,1,225.0,26,15,2,44,296.2,2.2,109.2,0.6,296.2,2.2,26.6,23.2,39.8,23.2
2016_14_SD_CAR,LAC,236.0,36,21,2,58.0,20,0,236.0,39,21,2,45,267.0,2.4,117.4,0.4,267.0,2.4,26.4,20.8,36.0,20.8
2016_15_OAK_SD,LAC,206.0,29,17,2,73.0,22,0,206.0,30,17,2,46,260.8,2.4,104.4,0.4,260.8,2.4,25.2,21.0,34.4,21.0
2016_16_SD_CLE,LAC,322.0,44,23,2,34.0,19,0,322.0,46,23,2,47,247.0,2.4,77.4,0.2,247.0,2.4,21.8,19.6,33.8,19.6
2016_17_KC_SD,LAC,269.0,37,22,2,129.0,26,0,269.0,38,22,2,48,246.2,2.2,70.2,0.2,246.2,2.2,20.8,19.6,34.2,19.6
2017_01_LAC_DEN,LAC,192.0,33,22,3,64.0,22,0,192.0,33,22,3,49,251.6,2.0,82.6,0.2,251.6,2.0,22.4,19.6,35.8,19.6
2017_02_MIA_LAC,LAC,331.0,39,31,1,44.0,14,1,331.0,39,31,1,50,245.0,2.2,71.6,0.0,245.0,2.2,21.8,21.0,37.2,21.0
2017_03_KC_LAC,LAC,237.0,39,20,0,104.0,26,1,237.0,40,20,0,51,264.0,2.0,68.8,0.2,264.0,2.0,20.6,23.0,37.2,23.0
2017_04_PHI_LAC,LAC,347.0,37,22,2,58.0,13,1,347.0,38,22,2,52,270.2,1.6,75.0,0.4,270.2,1.6,21.4,23.6,39.2,23.6
2017_05_LAC_NYG,LAC,258.0,42,21,3,124.0,29,0,258.0,44,21,3,53,275.2,1.6,79.8,0.6,275.2,1.6,20.2,23.4,37.6,23.4
2017_06_LAC_OAK,LAC,268.0,36,25,1,80.0,28,1,268.0,36,25,1,54,273.0,1.8,78.8,0.6,273.0,1.8,20.8,23.2,38.8,23.2
2017_07_DEN_LAC,LAC,183.0,25,15,2,80.0,26,0,183.0,26,15,2,55,288.2,1.4,82.0,0.8,288.2,1.4,22.0,23.8,39.4,23.8
2017_08_LAC_NE,LAC,212.0,29,17,1,157.0,21,1,212.0,30,17,1,56,258.6,1.6,89.2,0.6,258.6,1.6,24.4,20.6,36.8,20.6
2017_10_LAC_JAX,LAC,235.0,36,21,2,87.0,30,0,235.0,37,21,2,57,253.6,1.8,99.8,0.6,253.6,1.8,23.4,20.0,34.8,20.0
2017_11_BUF_LAC,LAC,284.0,36,25,2,146.0,35,2,284.0,37,25,2,58,231.2,1.8,105.6,0.4,231.2,1.8,26.8,19.8,34.6,19.8
2017_12_LAC_DAL,LAC,434.0,33,27,3,81.0,33,0,434.0,33,27,3,59,236.4,1.6,110.0,0.8,236.4,1.6,28.0,20.6,33.2,20.6
2017_13_CLE_LAC,LAC,344.0,43,31,1,94.0,25,0,344.0,43,31,1,60,269.6,2.0,110.2,0.6,269.6,2.0,29.0,21.0,32.6,21.0
2017_14_WAS_LAC,LAC,322.0,34,19,2,174.0,35,1,322.0,34,19,2,61,301.8,1.8,113.0,0.6,301.8,1.8,28.8,24.2,36.0,24.2
2017_15_LAC_KC,LAC,227.0,36,20,1,98.0,22,1,227.0,36,20,1,62,323.8,2.0,116.4,0.6,323.8,2.0,31.6,24.6,36.8,24.6
2017_16_LAC_NYJ,LAC,290.0,39,22,1,89.0,30,1,290.0,40,22,1,63,322.2,1.8,118.6,0.8,322.2,1.8,30.0,24.4,36.6,24.4
2017_17_OAK_LAC,LAC,387.0,36,28,3,115.0,30,0,387.0,37,28,3,64,323.4,1.6,107.2,0.6,323.4,1.6,29.0,23.8,37.2,23.8
2018_01_KC_LAC,LAC,424.0,50,34,3,123.0,22,0,424.0,51,34,3,65,314.0,1.6,114.0,0.6,314.0,1.6,28.4,24.0,38.0,24.0
2018_02_LAC_BUF,LAC,256.0,27,23,3,109.0,26,1,256.0,27,23,3,66,330.0,2.0,119.8,0.6,330.0,2.0,27.8,24.6,39.6,24.6
2018_03_LAC_LA,LAC,226.0,30,18,2,141.0,20,1,226.0,30,18,2,67,316.8,2.2,106.8,0.6,316.8,2.2,26.0,25.4,38.2,25.4
2018_04_SF_LAC,LAC,250.0,38,25,3,126.0,27,0,250.0,39,25,3,68,316.6,2.4,115.4,0.6,316.6,2.4,25.6,25.0,37.0,25.0
2018_05_OAK_LAC,LAC,339.0,26,22,2,79.0,31,1,339.0,27,22,2,69,308.6,2.8,122.8,0.4,308.6,2.8,25.0,25.6,36.8,25.6
2018_06_LAC_CLE,LAC,215.0,21,12,2,246.0,36,3,215.0,21,12,2,70,299.0,2.6,115.6,0.6,299.0,2.6,25.2,24.4,34.8,24.4
2018_07_TEN_LAC,LAC,306.0,25,19,2,47.0,16,0,306.0,26,19,2,71,257.2,2.4,140.2,1.2,257.2,2.4,28.0,20.0,28.8,20.0
2018_09_LAC_SEA,LAC,228.0,26,13,2,160.0,22,1,228.0,26,13,2,72,267.2,2.2,127.8,1.0,267.2,2.2,26.0,19.2,28.6,19.2
2018_10_LAC_OAK,LAC,223.0,26,18,2,113.0,26,0,223.0,26,18,2,73,267.6,2.2,131.6,1.0,267.6,2.2,26.4,18.2,27.8,18.2
2018_11_DEN_LAC,LAC,401.0,43,28,2,95.0,26,0,401.0,43,28,2,74,262.2,2.0,129.0,1.0,262.2,2.0,26.2,16.8,25.2,16.8
2018_12_ARI_LAC,LAC,259.0,31,28,3,178.0,30,3,259.0,32,28,3,75,274.6,2.0,132.2,0.8,274.6,2.0,25.2,18.0,28.4,18.0
2018_13_LAC_PIT,LAC,299.0,36,26,2,85.0,22,1,299.0,36,26,2,76,283.4,2.2,118.6,0.8,283.4,2.2,24.0,21.2,30.6,21.2
2018_14_CIN_LAC,LAC,220.0,29,19,1,85.0,25,1,220.0,29,19,1,77,282.0,2.2,126.2,1.0,282.0,2.2,25.2,22.6,32.6,22.6
2018_15_LAC_KC,LAC,313.0,38,26,2,119.0,24,2,313.0,38,26,2,78,280.4,2.0,111.2,1.0,280.4,2.0,25.8,23.8,33.2,23.8
2018_16_BAL_LAC,LAC,181.0,36,23,0,51.0,16,1,181.0,37,23,0,79,298.4,2.0,112.4,1.4,298.4,2.0,25.4,25.4,35.6,25.4
2018_17_LAC_DEN,LAC,176.0,24,14,1,116.0,30,1,176.0,24,14,1,80,254.4,1.6,103.6,1.6,254.4,1.6,23.4,24.4,34.4,24.4
2019_01_IND_LAC,LAC,333.0,34,25,3,125.0,21,1,333.0,34,25,3,81,237.8,1.2,91.2,1.2,237.8,1.2,23.4,21.6,32.8,21.6
2019_02_LAC_DET,LAC,293.0,35,21,0,137.0,25,1,293.0,36,21,0,82,244.6,1.4,99.2,1.2,244.6,1.4,23.2,21.4,32.4,21.4
2019_03_HOU_LAC,LAC,318.0,46,31,2,73.0,18,0,318.0,46,31,2,83,259.2,1.2,109.6,1.2,259.2,1.2,23.2,21.8,33.8,21.8
2019_04_LAC_MIA,LAC,317.0,30,25,2,79.0,33,1,317.0,31,25,2,84,260.2,1.2,100.4,0.8,260.2,1.2,22.0,22.8,35.4,22.8
2019_05_DEN_LAC,LAC,211.0,46,32,0,35.0,16,0,211.0,48,32,0,85,287.4,1.6,106.0,0.8,287.4,1.6,25.4,23.2,34.2,23.2
2019_06_PIT_LAC,LAC,320.0,42,26,2,32.0,14,0,320.0,44,26,2,86,294.4,1.4,89.8,0.6,294.4,1.4,22.6,26.8,39.0,26.8
2019_07_LAC_TEN,LAC,329.0,37,24,2,39.0,21,0,329.0,38,24,2,87,291.8,1.2,71.2,0.4,291.8,1.2,21.2,27.0,41.0,27.0
2019_08_LAC_CHI,LAC,201.0,29,19,1,36.0,12,1,201.0,29,19,1,88,299.0,1.6,51.6,0.2,299.0,1.6,20.4,27.6,41.4,27.6
2019_09_GB_LAC,LAC,294.0,26,21,0,159.0,38,2,294.0,28,21,0,89,275.6,1.4,44.2,0.4,275.6,1.4,19.2,25.2,38.0,25.2
2019_10_LAC_OAK,LAC,207.0,31,17,2,146.0,30,1,207.0,31,17,2,90,271.0,1.0,60.2,0.6,271.0,1.0,20.2,24.4,37.4,24.4
2019_11_KC_LAC,LAC,353.0,48,28,1,93.0,19,0,353.0,52,28,1,91,270.2,1.4,82.4,0.8,270.2,1.4,23.0,21.4,34.0,21.4
2019_13_LAC_DEN,LAC,265.0,27,20,2,115.0,29,0,265.0,29,20,2,92,276.8,1.2,94.6,0.8,276.8,1.2,24.0,21.8,35.6,21.8
2019_14_LAC_JAX,LAC,340.0,26,19,4,195.0,30,2,340.0,27,19,4,93,264.0,1.2,109.8,0.8,264.0,1.2,25.6,21.0,33.8,21.0
2019_15_MIN_LAC,LAC,307.0,38,28,1,62.0,19,0,307.0,39,28,1,94,291.8,1.8,141.6,1.0,291.8,1.8,29.2,21.0,33.4,21.0
2019_16_OAK_LAC,LAC,279.0,37,27,0,19.0,16,2,279.0,39,27,0,95,294.4,2.0,122.2,0.6,294.4,2.0,25.4,22.4,35.6,22.4
2019_17_LAC_KC,LAC,281.0,44,31,2,108.0,25,1,281.0,46,31,2,96,308.8,1.6,96.8,0.8,308.8,1.6,22.6,24.4,37.2,24.4
2020_01_LAC_CIN,LAC,208.0,29,16,0,155.0,39,1,208.0,30,16,0,97,294.4,1.8,99.8,1.0,294.4,1.8,23.8,25.0,36.0,25.0
2020_02_KC_LAC,LAC,311.0,30,22,1,183.0,44,1,311.0,33,22,1,98,283.0,1.4,107.8,1.2,283.0,1.4,25.8,24.2,36.2,24.2
2020_03_CAR_LAC,LAC,330.0,48,35,1,117.0,23,1,330.0,49,35,1,99,277.2,0.8,105.4,1.0,277.2,0.8,28.6,24.8,37.4,24.8
2020_04_LAC_TB,LAC,290.0,25,20,3,46.0,23,0,290.0,25,20,3,100,281.8,0.8,116.4,1.2,281.8,0.8,29.4,26.2,39.4,26.2
2020_05_LAC_NO,LAC,264.0,32,20,4,111.0,32,0,264.0,34,20,4,101,284.0,1.4,121.8,0.8,284.0,1.4,30.8,24.8,36.6,24.8
2020_07_JAX_LAC,LAC,351.0,42,28,3,135.0,32,2,351.0,44,28,3,102,280.6,1.8,122.4,0.6,280.6,1.8,32.2,22.6,34.2,22.6
2020_08_LAC_DEN,LAC,278.0,42,29,3,210.0,38,0,278.0,44,29,3,103,309.2,2.4,118.4,0.8,309.2,2.4,30.8,25.0,37.0,25.0
2020_09_LV_LAC,LAC,326.0,41,28,2,128.0,31,1,326.0,42,28,2,104,302.6,2.8,123.8,0.6,302.6,2.8,29.6,26.4,39.2,26.4
2020_10_LAC_MIA,LAC,187.0,32,20,2,99.0,29,1,187.0,32,20,2,105,301.8,3.0,126.0,0.6,301.8,3.0,31.2,25.0,37.8,25.0
2020_11_NYJ_LAC,LAC,366.0,48,37,3,29.0,26,0,366.0,49,37,3,106,281.2,2.8,136.6,0.8,281.2,2.8,32.4,25.0,39.2,25.0
2020_12_LAC_BUF,LAC,316.0,51,31,1,76.0,24,1,316.0,52,31,1,107,301.6,2.6,120.2,0.8,301.6,2.6,31.2,28.4,42.2,28.4
2020_13_NE_LAC,LAC,209.0,52,26,0,70.0,15,0,209.0,53,26,0,108,294.6,2.2,108.4,0.6,294.6,2.2,29.6,29.0,43.8,29.0
2020_14_ATL_LAC,LAC,243.0,44,36,2,105.0,26,0,243.0,44,36,2,109,280.8,1.6,80.4,0.6,280.8,1.6,25.0,28.4,45.6,28.4
2020_15_LAC_LV,LAC,314.0,32,22,2,96.0,29,2,314.0,32,22,2,110,264.2,1.6,75.8,0.4,264.2,1.6,24.0,30.0,46.0,30.0
2020_16_DEN_LAC,LAC,253.0,33,21,1,89.0,20,0,253.0,33,21,1,111,289.6,1.6,75.2,0.6,289.6,1.6,24.0,30.4,46.0,30.4
2020_17_LAC_KC,LAC,302.0,30,22,3,135.0,35,2,302.0,31,22,3,112,267.0,1.2,87.2,0.6,267.0,1.2,22.8,27.2,42.8,27.2
2021_01_LAC_WAS,LAC,337.0,46,31,1,90.0,29,1,337.0,47,31,1,113,264.2,1.6,99.0,0.8,264.2,1.6,25.0,25.4,38.6,25.4
2021_02_DAL_LAC,LAC,338.0,40,31,1,95.0,19,0,338.0,41,31,1,114,289.8,1.8,103.0,1.0,289.8,1.8,27.8,26.4,37.4,26.4
2021_03_LAC_KC,LAC,281.0,35,26,4,77.0,22,0,281.0,38,26,4,115,308.8,1.6,101.0,1.0,308.8,1.6,26.4,25.4,36.8,25.4
2021_04_LV_LAC,LAC,222.0,38,25,3,168.0,34,1,222.0,39,25,3,116,302.2,2.0,97.2,0.6,302.2,2.0,25.0,26.2,38.0,26.2
2021_05_CLE_LAC,LAC,398.0,42,26,4,112.0,23,3,398.0,43,26,4,117,296.0,2.4,113.0,0.8,296.0,2.4,27.8,27.0,39.2,27.0
2021_06_LAC_BAL,LAC,195.0,39,22,1,26.0,12,0,195.0,39,22,1,118,315.2,2.6,108.4,1.0,315.2,2.6,25.4,27.8,41.6,27.8
2021_08_NE_LAC,LAC,223.0,34,18,2,163.0,20,1,223.0,35,18,2,119,286.8,2.6,95.6,0.8,286.8,2.6,22.0,26.0,40.0,26.0
2021_09_LAC_PHI,LAC,356.0,37,32,2,89.0,27,1,356.0,38,32,2,120,263.8,2.8,109.2,1.0,263.8,2.8,22.2,23.4,38.8,23.4
2021_10_MIN_LAC,LAC,195.0,33,20,1,82.0,19,1,195.0,34,20,1,121,278.8,2.4,111.6,1.2,278.8,2.4,23.2,24.6,38.8,24.6
2021_11_PIT_LAC,LAC,382.0,41,30,3,159.0,26,2,382.0,41,30,3,122,273.4,2.0,94.4,1.2,273.4,2.0,20.2,23.6,37.8,23.6
2021_12_LAC_DEN,LAC,303.0,44,28,2,72.0,17,0,303.0,44,28,2,123,270.2,1.8,103.8,1.0,270.2,1.8,20.8,24.4,37.4,24.4
2021_13_LAC_CIN,LAC,317.0,35,26,3,79.0,22,1,317.0,35,26,3,124,291.8,2.0,113.0,1.0,291.8,2.0,21.8,25.6,38.4,25.6
2021_14_NYG_LAC,LAC,275.0,30,23,3,152.0,37,1,275.0,31,23,3,125,310.6,2.2,96.2,1.0,310.6,2.2,22.2,27.2,38.4,27.2
2021_15_KC_LAC,LAC,236.0,37,22,2,192.0,39,2,236.0,39,22,2,126,294.4,2.4,108.8,1.0,294.4,2.4,24.2,25.4,37.0,25.4
2021_16_LAC_HOU,LAC,336.0,34,27,1,89.0,21,2,336.0,35,27,1,127,302.6,2.6,130.8,1.2,302.6,2.6,28.2,25.8,38.0,25.8
2021_17_DEN_LAC,LAC,237.0,30,22,2,104.0,35,1,237.0,31,22,2,128,293.4,2.2,116.8,1.2,293.4,2.2,27.2,25.2,36.8,25.2
2021_18_LAC_LV,LAC,383.0,64,34,3,85.0,21,1,383.0,64,34,3,129,280.2,2.2,123.2,1.4,280.2,2.2,30.8,24.0,34.2,24.0
2022_01_LV_LAC,LAC,279.0,34,26,3,76.0,31,0,279.0,34,26,3,130,293.4,2.2,124.4,1.4,293.4,2.2,30.6,25.6,40.0,25.6
2022_02_LAC_KC,LAC,334.0,46,33,3,75.0,24,0,334.0,48,33,3,131,294.2,2.2,109.2,1.2,294.2,2.2,29.4,26.2,40.6,26.2
2022_03_JAX_LAC,LAC,297.0,41,25,1,26.0,12,0,297.0,45,25,1,132,313.8,2.4,85.8,0.8,313.8,2.4,26.4,28.4,42.4,28.4
2022_04_LAC_HOU,LAC,340.0,37,27,2,81.0,27,2,340.0,39,27,2,133,306.0,2.4,73.2,0.4,306.0,2.4,24.6,28.0,44.4,28.0
2022_05_LAC_CLE,LAC,228.0,33,22,1,238.0,34,2,228.0,34,22,1,134,326.6,2.4,68.6,0.6,326.6,2.4,23.0,29.0,46.0,29.0
2022_06_DEN_LAC,LAC,238.0,55,37,0,73.0,24,1,238.0,57,37,0,135,295.6,2.0,99.2,0.8,295.6,2.0,25.6,26.6,40.0,26.6
2022_07_SEA_LAC,LAC,293.0,51,33,2,53.0,15,1,293.0,51,33,2,136,287.4,1.4,98.6,1.0,287.4,1.4,24.2,28.8,44.6,28.8
2022_09_LAC_ATL,LAC,245.0,43,30,1,91.0,24,1,245.0,43,30,1,137,279.2,1.2,94.2,1.2,279.2,1.2,22.4,28.8,45.2,28.8
2022_10_LAC_SF,LAC,196.0,35,21,1,51.0,16,0,196.0,37,21,1,138,268.8,1.2,107.2,1.4,268.8,1.2,24.8,29.8,44.8,29.8
2022_11_KC_LAC,LAC,280.0,29,23,2,115.0,30,1,280.0,30,23,2,139,240.0,1.0,101.2,1.0,240.0,1.0,22.6,28.6,44.4,28.6
2022_12_LAC_ARI,LAC,274.0,47,35,3,65.0,13,0,274.0,47,35,3,140,250.4,1.2,76.6,0.8,250.4,1.2,21.8,28.8,43.6,28.8
2022_13_LAC_LV,LAC,335.0,45,28,1,72.0,22,0,335.0,47,28,1,141,257.6,1.8,75.0,0.6,257.6,1.8,19.6,28.4,41.6,28.4
2022_14_MIA_LAC,LAC,367.0,48,39,1,82.0,23,1,367.0,51,39,1,142,266.0,1.6,78.8,0.4,266.0,1.6,21.0,27.4,40.8,27.4
2022_15_TEN_LAC,LAC,313.0,38,28,0,74.0,24,2,313.0,42,28,0,143,290.4,1.6,77.0,0.4,290.4,1.6,20.8,29.2,42.4,29.2
2022_16_LAC_IND,LAC,235.0,30,24,0,101.0,32,2,235.0,31,24,0,144,313.8,1.4,81.6,0.8,313.8,1.4,22.4,30.6,43.4,30.6
2022_17_LA_LAC,LAC,239.0,31,24,2,192.0,31,2,239.0,31,24,2,145,304.8,1.0,78.8,1.0,304.8,1.0,22.8,30.8,43.6,30.8
2022_18_LAC_DEN,LAC,298.0,44,30,3,59.0,22,0,298.0,44,30,3,146,297.8,0.8,104.2,1.4,297.8,0.8,26.4,28.6,40.4,28.6
2023_01_MIA_LAC,LAC,229.0,31,23,1,233.0,40,3,229.0,33,23,1,147,290.4,1.2,101.6,1.4,290.4,1.2,26.4,29.0,39.8,29.0
2023_02_LAC_TEN,LAC,305.0,39,27,2,61.0,21,0,305.0,41,27,2,148,262.8,1.2,131.8,1.8,262.8,1.2,29.8,25.8,36.2,25.8
2023_03_LAC_MIN,LAC,454.0,48,41,4,30.0,15,0,454.0,48,41,4,149,261.2,1.6,129.2,1.4,261.2,1.6,29.2,25.6,36.0,25.6
2023_04_LV_LAC,LAC,167.0,24,13,1,155.0,37,2,167.0,24,13,1,150,305.0,2.4,115.0,1.0,305.0,2.4,25.8,29.0,39.4,29.0
2023_06_DAL_LAC,LAC,227.0,37,22,2,53.0,23,0,227.0,37,22,2,151,290.6,2.2,107.6,1.0,290.6,2.2,27.0,26.8,38.0,26.8
2023_07_LAC_KC,LAC,259.0,30,17,1,139.0,26,1,259.0,30,17,1,152,276.4,2.0,106.4,1.0,276.4,2.0,27.2,25.2,36.6,25.2
2023_08_CHI_LAC,LAC,298.0,38,31,3,54.0,25,0,298.0,40,31,3,153,282.4,2.0,87.6,0.6,282.4,2.0,24.4,24.0,36.0,24.0
2023_09_LAC_NYJ,LAC,136.0,28,16,0,84.0,21,2,136.0,30,16,0,154,281.0,2.2,86.2,0.6,281.0,2.2,25.2,24.8,35.8,24.8
2023_10_DET_LAC,LAC,323.0,40,27,4,98.0,28,1,323.0,40,27,4,155,217.4,1.4,97.0,1.0,217.4,1.4,26.4,19.8,32.2,19.8
2023_11_LAC_GB,LAC,260.0,36,21,2,150.0,24,0,260.0,36,21,2,156,248.6,2.0,85.6,0.8,248.6,2.0,24.6,22.6,35.4,22.6
2023_12_BAL_LAC,LAC,217.0,41,29,1,86.0,19,0,217.0,44,29,1,157,255.2,2.0,105.0,0.8,255.2,2.0,24.8,22.4,35.2,22.4
2023_13_LAC_NE,LAC,212.0,36,22,0,29.0,24,0,212.0,37,22,0,158,246.8,2.0,94.4,0.6,246.8,2.0,23.4,24.8,38.0,24.8
2023_14_DEN_LAC,LAC,275.0,41,22,0,76.0,19,1,275.0,42,22,0,159,229.6,1.4,89.4,0.6,229.6,1.4,23.2,23.0,37.4,23.0
2023_15_LAC_LV,LAC,257.0,31,23,3,92.0,28,0,257.0,32,23,3,160,257.4,1.4,87.8,0.4,257.4,1.4,22.8,24.2,39.8,24.2
2023_16_BUF_LAC,LAC,215.0,32,23,0,98.0,27,1,215.0,33,23,0,161,244.2,1.2,86.6,0.2,244.2,1.2,22.8,23.4,38.2,23.4
2023_17_LAC_DEN,LAC,220.0,37,24,0,86.0,24,0,220.0,38,24,0,162,235.2,0.8,76.2,0.4,235.2,0.8,23.4,23.8,37.6,23.8
2023_18_KC_LAC,LAC,258.0,45,28,0,118.0,30,0,258.0,47,28,0,163,235.8,0.6,76.2,0.4,235.8,0.6,24.4,22.8,36.4,22.8
2024_01_LV_LAC,LAC,144.0,25,17,1,176.0,27,1,144.0,26,17,1,164,245.0,0.6,94.0,0.4,245.0,0.6,25.6,24.0,38.4,24.0
2024_02_LAC_CAR,LAC,130.0,19,14,2,219.0,44,1,130.0,20,14,2,165,218.8,0.8,114.0,0.4,218.8,0.8,27.2,23.0,35.2,23.0
2024_03_LAC_PIT,LAC,149.0,19,14,1,61.0,20,0,149.0,20,14,1,166,193.4,0.6,139.4,0.6,193.4,0.6,30.4,21.2,32.8,21.2
2024_04_KC_LAC,LAC,179.0,27,16,1,55.0,24,0,179.0,27,16,1,167,180.2,0.8,132.0,0.4,180.2,0.8,29.0,19.4,30.2,19.4
2024_06_LAC_DEN,LAC,237.0,31,21,1,128.0,38,1,237.0,34,21,1,168,172.0,1.0,125.8,0.4,172.0,1.0,29.0,17.8,28.0,17.8
2024_07_LAC_ARI,LAC,349.0,37,27,0,59.0,22,0,349.0,39,27,0,169,167.8,1.2,127.8,0.6,167.8,1.2,30.6,16.4,25.4,16.4
2024_08_NO_LAC,LAC,279.0,30,20,2,122.0,29,1,279.0,32,20,2,170,208.8,1.0,104.4,0.4,208.8,1.0,29.6,18.4,28.0,18.4
2024_09_LAC_CLE,LAC,282.0,26,18,2,96.0,23,2,282.0,27,18,2,171,238.6,1.0,85.0,0.4,238.6,1.0,26.6,19.6,30.4,19.6
2024_10_TEN_LAC,LAC,164.0,18,14,1,145.0,39,2,164.0,18,14,1,172,265.2,1.2,92.0,0.8,265.2,1.2,27.2,20.4,31.8,20.4
2024_11_CIN_LAC,LAC,297.0,33,17,2,155.0,25,2,297.0,36,17,2,173,262.2,1.2,110.0,1.2,262.2,1.2,30.2,20.0,30.0,20.0
2024_12_BAL_LAC,LAC,218.0,36,21,0,83.0,20,2,218.0,36,21,0,174,274.2,1.4,115.4,1.4,274.2,1.4,27.6,19.2,30.4,19.2
2024_13_LAC_ATL,LAC,150.0,24,17,0,56.0,17,0,150.0,24,17,0,175,248.0,1.4,120.2,1.8,248.0,1.4,27.2,18.0,29.8,18.0
2024_14_LAC_KC,LAC,213.0,29,21,1,94.0,24,1,213.0,30,21,1,176,222.2,1.0,107.0,1.6,222.2,1.0,24.8,17.4,28.2,17.4
2024_15_TB_LAC,LAC,199.0,32,22,2,32.0,11,0,199.0,34,22,2,177,208.4,0.8,106.6,1.4,208.4,0.8,25.0,18.0,28.8,18.0
2024_16_DEN_LAC,LAC,284.0,30,23,2,117.0,28,2,284.0,31,23,2,178,215.4,1.0,84.0,1.0,215.4,1.0,19.4,19.6,32.0,19.6
2024_17_LAC_NE,LAC,281.0,40,26,3,147.0,37,1,281.0,40,26,3,179,212.8,1.0,76.4,1.0,212.8,1.0,20.0,20.8,31.0,20.8
2024_18_LAC_LV,LAC,346.0,35,28,2,137.0,35,1,346.0,36,28,2,180,225.4,1.6,89.2,0.8,225.4,1.6,23.4,21.8,31.8,21.8
2014_01_OAK_NYJ,LV,151.0,31,20,2,25.0,15,0,151.0,32,20,2,1,,,,,,,,,,
2014_02_HOU_OAK,LV,263.0,42,27,1,101.0,17,1,263.0,42,27,1,2,151.0,2.0,25.0,0.0,151.0,2.0,15.0,20.0,32.0,20.0
2014_03_OAK_NE,LV,174.0,34,21,0,67.0,22,0,174.0,34,21,0,3,207.0,1.5,63.0,0.5,207.0,1.5,16.0,23.5,37.0,23.5
2014_04_MIA_OAK,LV,275.0,43,28,2,53.0,18,0,275.0,44,28,2,4,196.0,1.0,64.33333333333333,0.3333333333333333,196.0,1.0,18.0,22.666666666666668,36.0,22.666666666666668
2014_06_SD_OAK,LV,282.0,33,18,4,114.0,20,0,282.0,34,18,4,5,215.75,1.25,61.5,0.25,215.75,1.25,18.0,24.0,38.0,24.0
2014_07_ARI_OAK,LV,173.0,28,16,0,56.0,19,1,173.0,28,16,0,6,229.0,1.8,72.0,0.2,229.0,1.8,18.4,22.8,37.2,22.8
2014_08_OAK_CLE,LV,328.0,53,34,1,76.0,21,0,328.0,56,34,1,7,233.4,1.4,78.2,0.4,233.4,1.4,19.2,22.0,36.4,22.0
2014_09_OAK_SEA,LV,194.0,40,24,2,37.0,18,0,194.0,41,24,2,8,246.4,1.4,73.2,0.2,246.4,1.4,20.0,23.4,39.2,23.4
2014_10_DEN_OAK,LV,192.0,46,30,2,30.0,15,0,192.0,47,30,2,9,250.4,1.8,67.2,0.2,250.4,1.8,19.2,24.0,40.6,24.0
2014_11_OAK_SD,LV,172.0,33,16,0,71.0,19,0,172.0,34,16,0,10,233.8,1.8,62.6,0.2,233.8,1.8,18.6,24.4,41.2,24.4
2014_12_KC_OAK,LV,174.0,35,18,1,179.0,30,2,174.0,35,18,1,11,211.8,1.0,54.0,0.2,211.8,1.0,18.4,24.0,41.2,24.0
2014_13_OAK_STL,LV,230.0,48,29,0,61.0,21,0,230.0,48,29,0,12,212.0,1.2,78.6,0.4,212.0,1.2,20.6,24.4,42.6,24.4
2014_14_SF_OAK,LV,254.0,28,22,3,85.0,31,0,254.0,28,22,3,13,192.4,1.0,75.6,0.4,192.4,1.0,20.6,23.4,41.0,23.4
2014_15_OAK_KC,LV,222.0,55,27,1,78.0,17,0,222.0,56,27,1,14,204.4,1.2,85.2,0.4,204.4,1.2,23.2,23.0,38.4,23.0
2014_16_BUF_OAK,LV,214.0,34,17,2,140.0,36,0,214.0,34,17,2,15,210.4,1.0,94.8,0.4,210.4,1.0,23.6,22.4,40.2,22.4
2014_17_OAK_DEN,LV,158.0,36,18,1,67.0,18,0,158.0,36,18,1,16,218.8,1.4,108.6,0.4,218.8,1.4,27.0,22.6,40.2,22.6
2015_01_CIN_OAK,LV,203.0,43,30,2,63.0,16,0,203.0,43,30,2,17,215.6,1.4,86.2,0.0,215.6,1.4,24.6,22.6,40.4,22.6
2015_02_BAL_OAK,LV,351.0,46,30,3,97.0,19,1,351.0,46,30,3,18,210.2,1.8,86.6,0.0,210.2,1.8,23.6,22.8,39.4,22.8
2015_03_OAK_CLE,LV,314.0,32,20,2,155.0,30,1,314.0,32,20,2,19,229.6,1.8,89.0,0.2,229.6,1.8,21.2,24.4,43.0,24.4
2015_04_OAK_CHI,LV,196.0,33,20,2,70.0,22,0,196.0,33,20,2,20,248.0,2.0,104.4,0.4,248.0,2.0,23.8,23.0,38.2,23.0
2015_05_DEN_OAK,LV,249.0,39,26,1,65.0,25,0,249.0,39,26,1,21,244.4,2.0,90.4,0.4,244.4,2.0,21.0,23.6,38.0,23.6
2015_07_OAK_SD,LV,289.0,31,24,3,130.0,26,1,289.0,31,24,3,22,262.6,2.0,90.0,0.4,262.6,2.0,22.4,25.2,38.6,25.2
2015_08_NYJ_OAK,LV,333.0,36,23,4,118.0,25,0,333.0,36,23,4,23,279.8,2.2,103.4,0.6,279.8,2.2,24.4,24.0,36.2,24.0
2015_09_OAK_PIT,LV,301.0,44,24,4,139.0,25,1,301.0,44,24,4,24,276.2,2.4,107.6,0.4,276.2,2.4,25.6,22.6,34.2,22.6
2015_10_MIN_OAK,LV,302.0,41,29,2,84.0,19,0,302.0,43,29,2,25,273.6,2.8,104.4,0.4,273.6,2.8,24.6,23.4,36.6,23.4
2015_11_OAK_DET,LV,169.0,25,13,0,52.0,21,1,169.0,25,13,0,26,294.8,2.8,107.2,0.4,294.8,2.8,24.0,25.2,38.6,25.2
2015_12_OAK_TEN,LV,342.0,38,24,3,84.0,30,0,330.0,38,24,3,27,278.8,2.6,104.6,0.6,278.8,2.6,23.2,22.6,35.8,22.6
2015_13_KC_OAK,LV,283.0,48,31,2,99.0,24,1,283.0,48,31,2,28,287.0,2.6,95.4,0.4,289.4,2.6,24.0,22.6,37.2,22.6
2015_14_OAK_DEN,LV,135.0,29,12,2,27.0,23,0,135.0,29,12,2,29,277.0,2.2,91.6,0.6,279.4,2.2,23.8,24.2,39.6,24.2
2015_15_GB_OAK,LV,276.0,47,23,2,120.0,25,0,276.0,47,23,2,30,243.8,1.8,69.2,0.4,246.2,1.8,23.4,21.8,36.6,21.8
2015_16_SD_OAK,LV,204.0,37,23,1,106.0,24,1,204.0,38,23,1,31,238.6,1.8,76.4,0.4,241.0,1.8,24.6,20.6,37.4,20.6
2015_17_OAK_KC,LV,194.0,32,21,1,48.0,16,0,194.0,33,21,1,32,245.6,2.0,87.2,0.4,248.0,2.0,25.2,22.6,40.0,22.6
2016_01_OAK_NO,LV,319.0,37,24,1,167.0,26,3,319.0,38,24,1,33,218.4,1.6,80.0,0.4,218.4,1.6,22.4,22.0,39.0,22.0
2016_02_ATL_OAK,LV,299.0,45,34,3,155.0,25,1,299.0,45,34,3,34,225.6,1.4,93.6,0.8,225.6,1.4,22.8,20.6,37.0,20.6
2016_03_OAK_TEN,LV,249.0,35,21,1,123.0,25,1,249.0,35,21,1,35,258.4,1.6,119.2,1.0,258.4,1.6,23.2,25.0,40.2,25.0
2016_04_OAK_BAL,LV,199.0,35,25,4,62.0,19,0,199.0,35,25,4,36,253.0,1.4,119.8,1.2,253.0,1.4,23.2,24.6,37.8,24.6
2016_05_SD_OAK,LV,317.0,39,25,2,89.0,25,1,317.0,40,25,2,37,252.0,2.0,111.0,1.0,252.0,2.0,22.2,25.0,37.2,25.0
2016_06_KC_OAK,LV,225.0,33,22,1,64.0,17,0,225.0,34,22,1,38,276.6,2.2,119.2,1.2,276.6,2.2,24.0,25.8,38.6,25.8
2016_07_OAK_JAX,LV,200.0,37,23,1,144.0,34,2,200.0,37,23,1,39,257.8,2.2,98.6,0.6,257.8,2.2,22.2,25.4,37.8,25.4
2016_08_OAK_TB,LV,513.0,58,40,4,128.0,24,0,513.0,59,40,4,40,238.0,1.8,96.4,0.8,238.0,1.8,24.0,23.2,36.2,23.2
2016_09_DEN_OAK,LV,184.0,30,20,0,218.0,43,3,184.0,31,20,0,41,290.8,2.4,97.4,0.6,290.8,2.4,23.8,27.0,41.0,27.0
2016_11_HOU_OAK,LV,295.0,31,21,3,30.0,20,0,295.0,31,21,3,42,287.8,1.6,128.6,1.2,287.8,1.6,28.6,26.0,40.2,26.0
2016_12_CAR_OAK,LV,315.0,38,26,2,56.0,31,1,315.0,39,26,2,43,283.4,1.8,116.8,1.0,283.4,1.8,27.6,25.2,38.4,25.2
2016_13_BUF_OAK,LV,260.0,35,19,2,139.0,32,2,260.0,35,19,2,44,301.4,2.0,115.2,1.2,301.4,2.0,30.4,26.0,39.4,26.0
2016_14_OAK_KC,LV,117.0,41,17,0,135.0,31,1,117.0,41,17,0,45,313.4,2.2,114.2,1.2,313.4,2.2,30.0,25.2,39.0,25.2
2016_15_OAK_SD,LV,213.0,30,19,1,145.0,29,0,213.0,30,19,1,46,234.2,1.4,115.6,1.4,234.2,1.4,31.4,20.6,35.4,20.6
2016_16_IND_OAK,LV,261.0,33,23,3,210.0,37,2,261.0,34,23,3,47,240.0,1.6,101.0,0.8,240.0,1.6,28.6,20.4,35.2,20.4
2016_17_OAK_DEN,LV,171.0,32,20,1,57.0,16,0,171.0,32,20,1,48,233.2,1.6,137.0,1.2,233.2,1.6,32.0,20.8,35.8,20.8
2017_01_OAK_TEN,LV,262.0,32,22,2,109.0,29,0,262.0,32,22,2,49,204.4,1.4,137.2,1.0,204.4,1.4,29.0,19.6,34.4,19.6
2017_02_NYJ_OAK,LV,230.0,28,23,3,180.0,27,3,230.0,28,23,3,50,204.8,1.4,131.2,0.6,204.8,1.4,28.4,20.2,33.8,20.2
2017_03_OAK_WAS,LV,118.0,30,19,1,32.0,13,0,118.0,31,19,1,51,227.4,2.0,140.2,1.0,227.4,2.0,27.6,21.4,31.2,21.4
2017_04_OAK_DEN,LV,249.0,35,21,1,24.0,15,0,249.0,35,21,1,52,208.4,2.0,117.6,1.0,208.4,2.0,24.4,21.4,31.4,21.4
2017_05_BAL_OAK,LV,159.0,25,13,1,108.0,25,1,159.0,26,13,1,53,206.0,1.6,80.4,0.6,206.0,1.6,20.0,21.0,31.6,21.0
2017_06_LAC_OAK,LV,171.0,30,21,1,109.0,22,1,171.0,30,21,1,54,203.6,1.6,90.6,0.8,203.6,1.6,21.8,19.6,30.4,19.6
2017_07_KC_OAK,LV,417.0,52,29,3,88.0,21,1,417.0,52,29,3,55,185.4,1.4,90.6,1.0,185.4,1.4,20.4,19.4,30.0,19.4
2017_08_OAK_BUF,LV,313.0,49,31,1,54.0,14,1,313.0,49,31,1,56,222.8,1.4,72.2,0.6,222.8,1.4,19.2,20.6,34.8,20.6
2017_09_OAK_MIA,LV,300.0,29,21,1,84.0,27,2,300.0,30,21,1,57,261.8,1.4,76.6,0.8,261.8,1.4,19.4,23.0,38.4,23.0
2017_11_NE_OAK,LV,237.0,49,28,1,109.0,21,0,237.0,49,28,1,58,272.0,1.4,88.6,1.2,272.0,1.4,21.8,23.0,37.4,23.0
2017_12_DEN_OAK,LV,253.0,24,18,2,104.0,37,1,253.0,24,18,2,59,287.6,1.4,88.8,1.0,287.6,1.4,21.0,26.0,42.0,26.0
2017_13_NYG_OAK,LV,287.0,35,22,1,119.0,29,2,287.0,36,22,1,60,304.0,1.6,87.8,1.0,304.0,1.6,24.0,25.4,40.8,25.4
2017_14_OAK_KC,LV,211.0,41,24,1,70.0,11,1,211.0,41,24,1,61,278.0,1.2,94.0,1.2,278.0,1.2,25.6,24.0,37.6,24.0
2017_15_DAL_OAK,LV,171.0,38,21,2,122.0,23,0,171.0,38,21,2,62,257.6,1.2,97.2,1.2,257.6,1.2,25.0,22.6,36.0,22.6
2017_16_OAK_PHI,LV,140.0,28,15,1,137.0,33,0,140.0,29,15,1,63,231.8,1.4,104.8,0.8,231.8,1.4,24.2,22.6,37.6,22.6
2017_17_OAK_LAC,LV,243.0,27,19,1,105.0,23,0,243.0,28,19,1,64,212.4,1.4,110.4,0.8,212.4,1.4,26.6,20.0,33.6,20.0
2018_01_LA_OAK,LV,303.0,38,29,0,95.0,23,1,303.0,40,29,0,65,210.4,1.2,110.6,0.6,210.4,1.2,23.8,20.2,34.4,20.2
2018_02_OAK_DEN,LV,288.0,32,29,1,92.0,27,1,288.0,32,29,1,66,213.6,1.0,105.8,0.4,213.6,1.0,22.6,21.6,35.2,21.6
2018_03_OAK_MIA,LV,345.0,38,27,1,109.0,32,1,345.0,39,27,1,67,229.0,1.0,110.2,0.4,229.0,1.0,25.8,22.6,33.4,22.6
2018_04_CLE_OAK,LV,437.0,56,35,4,139.0,29,0,437.0,58,35,4,68,263.8,0.8,107.6,0.6,263.8,0.8,27.6,23.8,33.6,23.8
2018_05_OAK_LAC,LV,268.0,31,24,1,41.0,13,0,268.0,33,24,1,69,323.2,1.4,108.0,0.6,323.2,1.4,26.8,27.8,39.4,27.8
2018_06_SEA_OAK,LV,142.0,30,23,0,79.0,19,0,142.0,31,23,0,70,328.2,1.4,95.2,0.6,328.2,1.4,24.8,28.8,40.4,28.8
2018_08_IND_OAK,LV,244.0,28,21,3,103.0,19,1,244.0,28,21,3,71,296.0,1.4,92.0,0.4,296.0,1.4,24.0,27.6,38.6,27.6
2018_09_OAK_SF,LV,179.0,21,17,0,102.0,23,0,179.0,24,17,0,72,287.2,1.8,94.2,0.4,287.2,1.8,22.4,26.0,37.8,26.0
2018_10_LAC_OAK,LV,243.0,35,24,0,114.0,22,0,243.0,37,24,0,73,254.0,1.6,92.8,0.2,254.0,1.6,20.6,24.0,34.8,24.0
2018_11_OAK_ARI,LV,192.0,28,19,2,152.0,33,0,192.0,31,19,2,74,215.2,0.8,87.8,0.2,215.2,0.8,19.2,21.8,30.6,21.8
2018_12_OAK_BAL,LV,194.0,33,16,1,67.0,19,1,194.0,34,16,1,75,200.0,1.0,110.0,0.2,200.0,1.0,23.2,20.8,30.2,20.8
2018_13_KC_OAK,LV,285.0,37,29,3,171.0,28,1,285.0,38,29,3,76,210.4,1.2,107.6,0.4,210.4,1.2,23.2,19.4,30.8,19.4
2018_14_PIT_OAK,LV,322.0,32,25,2,55.0,25,1,322.0,34,25,2,77,218.6,1.2,121.2,0.4,218.6,1.2,25.0,21.0,32.8,21.0
2018_15_OAK_CIN,LV,263.0,33,21,1,68.0,16,0,263.0,38,21,1,78,247.2,1.6,111.8,0.6,247.2,1.6,25.4,22.6,34.8,22.6
2018_16_DEN_OAK,LV,167.0,26,19,0,114.0,30,2,167.0,26,19,0,79,251.2,1.8,102.6,0.6,251.2,1.8,24.2,22.0,35.0,22.0
2018_17_OAK_KC,LV,185.0,32,24,0,127.0,29,0,185.0,33,24,0,80,246.2,1.4,95.0,1.0,246.2,1.4,23.6,22.0,34.0,22.0
2019_01_DEN_OAK,LV,259.0,26,22,1,98.0,28,2,259.0,26,22,1,81,244.4,1.2,107.0,0.8,244.4,1.2,25.6,23.6,33.8,23.6
2019_02_KC_OAK,LV,198.0,37,23,1,129.0,19,0,198.0,38,23,1,82,239.2,0.8,92.4,1.0,239.2,0.8,25.6,22.2,31.4,22.2
2019_03_OAK_MIN,LV,242.0,33,27,2,88.0,20,0,242.0,34,27,2,83,214.4,0.6,107.2,0.8,214.4,0.6,24.4,21.8,32.2,21.8
2019_04_OAK_IND,LV,189.0,28,21,2,188.0,32,1,189.0,31,21,2,84,210.2,0.8,111.2,0.8,210.2,0.8,25.2,23.0,31.4,23.0
2019_05_CHI_OAK,LV,229.0,30,25,0,169.0,39,3,229.0,32,25,0,85,214.6,1.2,126.0,0.6,214.6,1.2,25.6,23.4,32.4,23.4
2019_07_OAK_GB,LV,329.0,31,24,3,155.0,31,0,329.0,31,24,3,86,223.4,1.2,134.4,1.2,223.4,1.2,27.6,23.6,32.2,23.6
2019_08_OAK_HOU,LV,285.0,30,18,3,93.0,23,0,285.0,30,18,3,87,237.4,1.6,145.8,0.8,237.4,1.6,28.2,24.0,33.2,24.0
2019_09_DET_OAK,LV,289.0,27,20,2,171.0,36,2,289.0,31,20,2,88,254.8,2.0,138.6,0.8,254.8,2.0,29.0,23.0,31.6,23.0
2019_10_LAC_OAK,LV,218.0,30,21,1,78.0,21,1,218.0,31,21,1,89,264.2,2.0,155.2,1.2,264.2,2.0,32.2,21.6,31.0,21.6
2019_11_CIN_OAK,LV,292.0,28,25,1,113.0,34,1,292.0,29,25,1,90,270.0,1.8,133.2,1.2,270.0,1.8,30.0,21.6,31.0,21.6
2019_12_OAK_NYJ,LV,147.0,33,19,0,68.0,22,0,147.0,34,19,0,91,282.6,2.0,122.0,0.8,282.6,2.0,29.0,21.6,30.4,21.6
2019_13_OAK_KC,LV,222.0,27,20,1,122.0,25,0,222.0,30,20,1,92,246.2,1.4,104.6,0.8,246.2,1.4,27.2,20.6,31.0,20.6
2019_14_TEN_OAK,LV,262.0,30,25,2,97.0,24,1,262.0,34,25,2,93,233.6,1.0,110.4,0.8,233.6,1.0,27.6,21.0,31.0,21.0
2019_15_JAX_OAK,LV,267.0,31,22,1,128.0,32,0,267.0,36,22,1,94,228.2,1.0,95.6,0.6,228.2,1.0,25.2,22.0,31.6,22.0
2019_16_OAK_LAC,LV,291.0,29,26,1,99.0,29,2,291.0,30,26,1,95,238.0,1.0,105.6,0.4,238.0,1.0,27.4,22.2,32.6,22.2
2019_17_OAK_DEN,LV,391.0,41,29,1,97.0,22,0,391.0,46,29,1,96,237.8,1.0,102.8,0.6,237.8,1.0,26.4,22.4,32.8,22.4
2020_01_LV_CAR,LV,239.0,28,22,1,133.0,31,3,239.0,30,22,1,97,286.6,1.2,108.6,0.6,286.6,1.2,26.4,24.4,35.2,24.4
2020_02_NO_LV,LV,284.0,34,28,3,116.0,35,1,284.0,38,28,3,98,290.0,1.2,110.8,1.2,290.0,1.2,27.6,24.8,35.2,24.8
2020_03_LV_NE,LV,261.0,32,24,2,126.0,22,0,261.0,32,24,2,99,294.4,1.4,114.6,1.2,294.4,1.4,29.8,25.4,36.0,25.4
2020_04_BUF_LV,LV,311.0,43,32,2,86.0,23,0,311.0,44,32,2,100,293.2,1.6,114.2,1.2,293.2,1.6,27.8,25.8,35.2,25.8
2020_05_LV_KC,LV,347.0,31,22,3,144.0,35,2,347.0,31,22,3,101,297.2,1.8,111.6,0.8,297.2,1.8,26.6,27.0,38.0,27.0
2020_07_TB_LV,LV,284.0,36,24,2,76.0,24,0,284.0,36,24,2,102,288.4,2.2,121.0,1.2,288.4,2.2,29.2,25.6,35.0,25.6
2020_08_LV_CLE,LV,111.0,22,15,1,209.0,45,0,111.0,24,15,1,103,297.4,2.4,109.6,0.6,297.4,2.4,27.8,26.0,36.2,26.0
2020_09_LV_LAC,LV,165.0,23,13,2,160.0,26,2,165.0,23,13,2,104,262.8,2.0,128.2,0.4,262.8,2.0,29.8,23.4,33.4,23.4
2020_10_DEN_LV,LV,154.0,22,16,0,203.0,41,4,154.0,25,16,0,105,243.6,2.0,135.0,0.8,243.6,2.0,30.6,21.2,31.6,21.2
2020_11_KC_LV,LV,275.0,29,23,3,89.0,26,1,275.0,31,23,3,106,212.2,1.6,158.4,1.6,212.2,1.6,34.2,18.0,27.8,18.0
2020_12_LV_ATL,LV,240.0,37,25,0,40.0,14,0,240.0,39,25,0,107,197.8,1.6,147.4,1.4,197.8,1.6,32.4,18.2,27.8,18.2
2020_13_LV_NYJ,LV,381.0,46,28,3,72.0,25,1,381.0,47,28,3,108,189.0,1.2,140.2,1.4,189.0,1.2,30.4,18.4,28.4,18.4
2020_14_IND_LV,LV,345.0,45,32,2,79.0,22,1,345.0,46,32,2,109,243.0,1.6,112.8,1.6,243.0,1.6,26.4,21.0,33.0,21.0
2020_15_LAC_LV,LV,279.0,30,20,1,173.0,41,2,279.0,33,20,1,110,279.0,1.6,96.6,1.4,279.0,1.6,25.6,24.8,37.6,24.8
2020_16_MIA_LV,LV,336.0,30,21,1,104.0,24,1,336.0,34,21,1,111,304.0,1.8,90.6,1.0,304.0,1.8,25.6,25.6,39.2,25.6
2020_17_LV_DEN,LV,371.0,35,24,2,106.0,23,2,371.0,38,24,2,112,316.2,1.4,93.6,1.0,316.2,1.4,25.2,25.2,39.8,25.2
2021_01_BAL_LV,LV,435.0,52,34,2,82.0,21,2,435.0,56,34,2,113,342.4,1.8,106.8,1.4,342.4,1.8,27.0,25.0,39.6,25.0
2021_02_LV_PIT,LV,382.0,37,28,2,52.0,25,0,382.0,37,28,2,114,353.2,1.6,108.8,1.6,353.2,1.6,26.2,26.2,41.4,26.2
2021_03_MIA_LV,LV,386.0,40,26,2,140.0,35,1,386.0,43,26,2,115,360.6,1.6,103.4,1.4,360.6,1.6,26.8,25.4,39.6,25.4
2021_04_LV_LAC,LV,196.0,32,21,2,48.0,18,0,196.0,34,21,2,116,382.0,1.8,96.8,1.2,382.0,1.8,25.6,26.6,41.6,26.6
2021_05_CHI_LV,LV,206.0,35,22,0,71.0,22,1,206.0,35,22,0,117,354.0,2.0,85.6,1.0,354.0,2.0,24.4,26.6,41.6,26.6
2021_06_LV_DEN,LV,341.0,25,18,2,86.0,23,2,341.0,27,18,2,118,321.0,1.6,78.6,0.8,321.0,1.6,24.2,26.2,41.0,26.2
2021_07_PHI_LV,LV,323.0,34,31,2,119.0,29,2,323.0,34,31,2,119,302.2,1.6,79.4,0.8,302.2,1.6,24.6,23.0,35.2,23.0
2021_09_LV_NYG,LV,296.0,46,30,1,117.0,20,0,296.0,46,30,1,120,290.4,1.6,92.8,1.2,290.4,1.6,25.4,23.6,34.6,23.6
2021_10_KC_LV,LV,261.0,34,25,2,50.0,14,0,261.0,35,25,2,121,272.4,1.4,88.2,1.0,272.4,1.4,22.4,24.4,35.2,24.4
2021_11_CIN_LV,LV,215.0,25,19,1,72.0,18,0,215.0,27,19,1,122,285.4,1.4,88.6,1.0,285.4,1.4,21.6,25.2,35.4,25.2
2021_12_LV_DAL,LV,373.0,38,24,1,143.0,35,2,373.0,39,24,1,123,287.2,1.6,88.8,0.8,287.2,1.6,20.8,24.6,33.8,24.6
2021_13_WAS_LV,LV,249.0,36,28,0,76.0,16,1,249.0,38,28,0,124,293.6,1.4,100.2,0.8,293.6,1.4,23.2,25.8,36.2,25.8
2021_14_LV_KC,LV,263.0,43,33,1,44.0,12,0,263.0,45,33,1,125,278.8,1.0,91.6,0.6,278.8,1.0,20.6,25.2,37.0,25.2
2021_15_LV_CLE,LV,236.0,36,25,1,98.0,25,0,236.0,38,25,1,126,272.2,1.0,77.0,0.6,272.2,1.0,19.0,25.8,36.8,25.8
2021_16_DEN_LV,LV,201.0,25,20,1,160.0,40,1,201.0,25,20,1,127,267.2,0.8,86.6,0.6,267.2,0.8,21.2,25.8,37.4,25.8
2021_17_LV_IND,LV,255.0,32,24,1,85.0,27,1,255.0,32,24,1,128,264.4,0.8,104.2,0.8,264.4,0.8,25.6,26.0,37.0,26.0
2021_18_LAC_LV,LV,190.0,33,21,2,174.0,34,1,190.0,37,21,2,129,240.8,0.8,92.6,0.6,240.8,0.8,24.0,26.0,35.6,26.0
2022_01_LV_LAC,LV,295.0,35,22,2,64.0,13,0,295.0,37,22,2,130,229.0,1.2,112.2,0.6,229.0,1.2,27.6,24.6,35.4,24.6
2022_02_ARI_LV,LV,252.0,39,25,2,80.0,21,0,252.0,39,25,2,131,235.4,1.4,116.2,0.6,235.4,1.4,27.8,22.4,33.8,22.4
2022_03_LV_TEN,LV,307.0,41,27,2,96.0,19,0,307.0,45,27,2,132,238.6,1.6,112.6,0.6,238.6,1.6,27.0,22.4,34.0,22.4
2022_04_DEN_LV,LV,188.0,30,21,0,212.0,38,2,188.0,34,21,0,133,259.8,1.8,99.8,0.4,259.8,1.8,22.8,23.8,38.0,23.8
2022_05_LV_KC,LV,241.0,27,19,2,155.0,24,1,241.0,30,19,2,134,246.4,1.6,125.2,0.6,246.4,1.6,25.0,23.2,38.4,23.2
2022_07_HOU_LV,LV,241.0,26,21,1,164.0,27,3,241.0,27,21,1,135,256.6,1.6,121.4,0.6,256.6,1.6,23.0,22.8,37.0,22.8
2022_08_LV_NO,LV,173.0,39,23,0,38.0,13,0,173.0,39,23,0,136,245.8,1.4,141.4,1.2,245.8,1.4,25.8,22.6,35.0,22.6
2022_09_LV_JAX,LV,259.0,36,21,2,71.0,19,0,259.0,36,21,2,137,230.0,1.0,133.0,1.2,230.0,1.0,24.2,22.2,35.0,22.2
2022_10_IND_LV,LV,248.0,38,24,2,77.0,24,1,248.0,38,24,2,138,220.4,1.0,128.0,1.2,220.4,1.0,24.2,21.0,33.2,21.0
2022_11_LV_DEN,LV,307.0,37,23,2,109.0,24,0,307.0,37,23,2,139,232.4,1.4,101.0,1.0,232.4,1.4,21.4,21.6,34.0,21.6
2022_12_LV_SEA,LV,295.0,36,25,3,283.0,40,2,295.0,36,25,3,140,245.6,1.4,91.8,0.8,245.6,1.4,21.4,22.4,35.4,22.4
2022_13_LAC_LV,LV,250.0,27,16,2,154.0,29,1,250.0,30,16,2,141,256.4,1.8,115.6,0.6,256.4,1.8,24.0,23.2,37.2,23.2
2022_14_LV_LA,LV,137.0,19,11,0,165.0,38,1,137.0,20,11,0,142,271.8,2.2,138.8,0.8,271.8,2.2,27.2,21.8,35.4,21.8
2022_15_NE_LV,LV,231.0,32,20,3,97.0,23,0,231.0,38,20,3,143,247.4,1.8,157.6,1.0,247.4,1.8,31.0,19.8,32.2,19.8
2022_16_LV_PIT,LV,174.0,30,16,1,58.0,19,0,174.0,30,16,1,144,244.0,2.0,161.6,0.8,244.0,2.0,30.8,19.0,32.2,19.0
2022_17_SF_LV,LV,365.0,32,23,3,135.0,32,1,365.0,34,23,3,145,217.4,1.8,151.4,0.8,217.4,1.8,29.8,17.6,30.8,17.6
2022_18_KC_LV,LV,219.0,34,22,1,99.0,25,0,219.0,36,22,1,146,231.4,1.8,121.8,0.6,231.4,1.8,28.2,17.2,30.4,17.2
2023_01_LV_DEN,LV,200.0,26,20,2,61.0,29,0,200.0,26,20,2,147,225.2,1.6,110.8,0.4,225.2,1.6,27.4,18.4,31.6,18.4
2023_02_LV_BUF,LV,185.0,23,16,1,55.0,15,0,185.0,24,16,1,148,237.8,2.0,90.0,0.2,237.8,2.0,25.6,20.2,32.8,20.2
2023_03_PIT_LV,LV,324.0,44,28,2,69.0,19,0,324.0,44,28,2,149,228.6,1.6,81.6,0.2,228.6,1.6,24.0,19.4,30.0,19.4
2023_04_LV_LAC,LV,238.0,38,24,0,76.0,23,2,238.0,39,24,0,150,258.6,1.8,83.8,0.2,258.6,1.8,24.0,21.8,32.8,21.8
2023_05_GB_LV,LV,208.0,29,22,1,96.0,29,1,208.0,31,22,1,151,233.2,1.2,72.0,0.4,233.2,1.2,22.2,22.0,33.8,22.0
2023_06_NE_LV,LV,264.0,31,20,1,84.0,33,0,264.0,32,20,1,152,231.0,1.2,71.4,0.6,231.0,1.2,23.0,22.0,32.8,22.0
2023_07_LV_CHI,LV,204.0,45,27,1,39.0,14,0,204.0,45,27,1,153,243.8,1.0,76.0,0.6,243.8,1.0,23.8,22.0,34.0,22.0
2023_08_LV_DET,LV,126.0,21,10,0,80.0,18,1,126.0,21,10,0,154,247.6,1.0,72.8,0.6,247.6,1.0,23.6,24.2,38.2,24.2
2023_09_NYG_LV,LV,209.0,24,16,0,125.0,34,3,209.0,25,16,0,155,208.0,0.6,75.0,0.8,208.0,0.6,23.4,20.6,33.6,20.6
2023_10_NYJ_LV,LV,153.0,25,16,1,148.0,32,0,153.0,27,16,1,156,202.2,0.6,84.8,1.0,202.2,0.6,25.6,19.0,30.8,19.0
2023_11_LV_MIA,LV,271.0,38,24,1,36.0,16,0,271.0,41,24,1,157,191.2,0.6,95.2,0.8,191.2,0.6,26.2,17.8,30.0,17.8
2023_12_KC_LV,LV,248.0,32,23,1,123.0,23,1,248.0,34,23,1,158,192.6,0.6,85.6,0.8,192.6,0.6,22.8,18.6,31.8,18.6
2023_14_MIN_LV,LV,166.0,29,21,0,56.0,17,0,171.0,32,21,0,159,201.4,0.6,102.4,1.0,201.4,0.6,24.6,17.8,29.6,17.8
2023_15_LAC_LV,LV,260.0,34,22,5,124.0,26,2,260.0,36,22,5,160,210.4,0.6,97.6,0.8,209.4,0.6,24.4,20.0,31.8,20.0
2023_16_LV_KC,LV,62.0,19,9,0,157.0,29,0,62.0,21,9,0,161,220.6,1.6,97.4,0.6,219.6,1.6,22.8,21.2,34.0,21.2
2023_17_LV_IND,LV,299.0,46,30,2,84.0,25,0,299.0,47,30,2,162,202.4,1.4,99.2,0.6,201.4,1.4,22.2,19.8,32.8,19.8
2023_18_DEN_LV,LV,244.0,27,20,2,129.0,31,1,244.0,32,20,2,163,208.0,1.6,108.8,0.6,207.0,1.6,24.0,21.0,34.0,21.0
2024_01_LV_LAC,LV,257.0,32,25,1,71.0,22,0,257.0,33,25,1,164,207.2,1.8,110.0,0.6,206.2,1.8,25.6,20.4,33.6,20.4
2024_02_LV_BAL,LV,276.0,36,30,1,27.0,17,1,276.0,38,30,1,165,224.4,2.0,113.0,0.6,224.4,2.0,26.6,21.2,33.8,21.2
2024_03_CAR_LV,LV,296.0,39,27,2,55.0,16,1,296.0,40,27,2,166,227.6,1.2,93.6,0.4,227.6,1.2,24.8,22.8,34.2,22.8
2024_04_CLE_LV,LV,130.0,24,14,0,152.0,29,2,130.0,24,14,0,167,274.4,1.6,73.2,0.6,274.4,1.6,22.2,26.4,38.0,26.4
2024_05_LV_DEN,LV,231.0,36,22,1,115.0,25,1,231.0,37,22,1,168,240.6,1.2,86.8,1.0,240.6,1.2,23.0,23.2,33.4,23.2
2024_06_PIT_LV,LV,227.0,37,27,1,57.0,19,1,227.0,40,27,1,169,238.0,1.0,84.0,1.0,238.0,1.0,21.8,23.6,34.4,23.6
2024_07_LV_LA,LV,206.0,35,21,0,122.0,29,0,206.0,44,21,0,170,232.0,1.0,81.2,1.2,232.0,1.0,21.2,24.0,35.8,24.0
2024_08_KC_LV,LV,209.0,27,24,2,33.0,21,0,209.0,30,24,2,171,218.0,0.8,100.2,1.0,218.0,0.8,23.6,22.2,37.0,22.2
2024_09_LV_CIN,LV,198.0,32,21,1,60.0,21,1,198.0,33,21,1,172,200.6,0.8,95.8,0.8,200.6,0.8,24.6,21.6,35.0,21.6
2024_11_LV_MIA,LV,282.0,39,30,2,60.0,16,0,282.0,43,30,2,173,214.2,1.0,77.4,0.6,214.2,1.0,23.0,23.0,36.8,23.0
2024_12_DEN_LV,LV,328.0,46,31,1,69.0,16,0,328.0,53,31,1,174,224.4,1.2,66.4,0.4,224.4,1.2,21.2,24.6,38.0,24.6
2024_13_LV_KC,LV,340.0,34,23,2,116.0,25,0,340.0,35,23,2,175,244.6,1.2,68.8,0.2,244.6,1.2,20.6,25.4,40.6,25.4
2024_14_LV_TB,LV,205.0,35,23,0,91.0,25,1,205.0,37,23,0,176,271.4,1.6,67.6,0.2,271.4,1.6,19.8,25.8,38.8,25.8
2024_15_ATL_LV,LV,208.0,34,23,1,65.0,22,0,208.0,39,23,1,177,270.6,1.2,79.2,0.4,270.6,1.2,20.6,25.6,40.2,25.6
2024_16_JAX_LV,LV,257.0,37,24,0,69.0,27,2,257.0,38,24,0,178,272.6,1.2,80.2,0.2,272.6,1.2,20.8,26.0,41.4,26.0
2024_17_LV_NO,LV,242.0,35,20,2,156.0,38,0,242.0,35,20,2,179,267.6,0.8,82.0,0.6,267.6,0.8,23.0,24.8,40.4,24.8
2024_18_LAC_LV,LV,225.0,34,25,2,39.0,12,0,225.0,36,25,2,180,250.4,1.0,99.4,0.6,250.4,1.0,27.4,22.6,36.8,22.6
2014_01_NE_MIA,MIA,178.0,32,18,2,191.0,38,1,178.0,32,18,2,1,,,,,,,,,,
2014_02_MIA_BUF,MIA,241.0,49,31,1,80.0,21,0,241.0,49,31,1,2,178.0,2.0,191.0,1.0,178.0,2.0,38.0,18.0,32.0,18.0
2014_03_KC_MIA,MIA,205.0,43,21,1,141.0,20,0,205.0,43,21,1,3,209.5,1.5,135.5,0.5,209.5,1.5,29.5,24.5,40.5,24.5
2014_04_MIA_OAK,MIA,278.0,31,23,2,157.0,35,2,278.0,31,23,2,4,208.0,1.3333333333333333,137.33333333333334,0.3333333333333333,208.0,1.3333333333333333,26.333333333333332,23.333333333333332,41.333333333333336,23.333333333333332
2014_06_GB_MIA,MIA,244.0,31,20,2,112.0,23,1,244.0,31,20,2,5,225.5,1.5,142.25,0.75,225.5,1.5,28.5,23.25,38.75,23.25
2014_07_MIA_CHI,MIA,277.0,31,25,2,137.0,33,1,277.0,32,25,2,6,229.2,1.6,136.2,0.8,229.2,1.6,27.4,22.6,37.2,22.6
2014_08_MIA_JAX,MIA,196.0,29,16,1,148.0,24,0,196.0,29,16,1,7,249.0,1.6,125.4,0.8,249.0,1.6,26.4,24.0,37.2,24.0
2014_09_SD_MIA,MIA,309.0,39,26,3,132.0,35,1,309.0,39,26,3,8,240.0,1.6,139.0,0.8,240.0,1.6,27.0,21.0,33.2,21.0
2014_10_MIA_DET,MIA,207.0,37,27,1,50.0,19,0,207.0,38,27,1,9,260.8,2.0,137.2,1.0,260.8,2.0,30.0,22.0,32.4,22.0
2014_11_BUF_MIA,MIA,240.0,34,26,2,125.0,24,0,240.0,34,26,2,10,246.6,1.8,115.8,0.6,246.6,1.8,26.8,22.8,33.8,22.8
2014_12_MIA_DEN,MIA,228.0,36,26,3,97.0,21,2,228.0,36,26,3,11,245.8,1.8,118.4,0.4,245.8,1.8,27.0,24.0,34.4,24.0
2014_13_MIA_NYJ,MIA,235.0,35,25,0,74.0,18,1,235.0,35,25,0,12,236.0,2.0,110.4,0.6,236.0,2.0,24.6,24.2,35.2,24.2
2014_14_BAL_MIA,MIA,227.0,33,23,1,63.0,16,0,227.0,33,23,1,13,243.8,1.8,95.6,0.8,243.8,1.8,23.4,26.0,36.4,26.0
2014_15_MIA_NE,MIA,346.0,47,29,1,76.0,23,0,346.0,47,29,1,14,227.4,1.4,81.8,0.6,227.4,1.4,19.6,25.4,35.2,25.4
2014_16_MIN_MIA,MIA,396.0,47,35,4,110.0,29,1,396.0,47,35,4,15,255.2,1.4,87.0,0.6,255.2,1.4,20.4,25.8,37.0,25.8
2014_17_NYJ_MIA,MIA,259.0,39,23,1,179.0,20,2,259.0,39,23,1,16,286.4,1.8,84.0,0.8,286.4,1.8,21.4,27.6,39.6,27.6
2015_01_MIA_WAS,MIA,226.0,34,22,1,74.0,18,0,226.0,34,22,1,17,292.6,1.4,100.4,0.8,292.6,1.4,21.2,27.0,40.2,27.0
2015_02_MIA_JAX,MIA,359.0,43,30,2,42.0,16,0,359.0,44,30,2,18,290.8,1.6,100.4,0.6,290.8,1.6,21.2,26.4,40.0,26.4
2015_03_BUF_MIA,MIA,297.0,49,26,2,102.0,20,0,297.0,49,26,2,19,317.2,1.8,96.2,0.6,317.2,1.8,21.2,27.8,42.2,27.8
2015_04_NYJ_MIA,MIA,198.0,44,19,2,59.0,11,0,198.0,44,19,2,20,307.4,2.0,101.4,0.6,307.4,2.0,20.6,27.2,42.6,27.2
2015_06_MIA_TEN,MIA,266.0,29,22,2,180.0,32,2,266.0,29,22,2,21,267.8,1.6,91.2,0.4,267.8,1.6,17.0,24.0,42.0,24.0
2015_07_HOU_MIA,MIA,296.0,20,19,4,248.0,35,1,296.0,20,19,4,22,269.2,1.8,91.4,0.4,269.2,1.8,19.4,23.8,40.0,23.8
2015_08_MIA_NE,MIA,300.0,43,28,0,15.0,13,1,300.0,44,28,0,23,283.2,2.4,126.2,0.6,283.2,2.4,22.8,23.2,37.2,23.2
2015_09_MIA_BUF,MIA,316.0,35,27,0,108.0,24,2,316.0,36,27,0,24,271.4,2.0,120.8,0.8,271.4,2.0,22.2,22.8,37.2,22.8
2015_10_MIA_PHI,MIA,217.0,36,21,2,99.0,26,0,217.0,36,21,2,25,275.2,1.6,122.0,1.2,275.2,1.6,23.0,23.0,34.6,23.0
2015_11_DAL_MIA,MIA,188.0,23,13,2,70.0,14,0,188.0,24,13,2,26,279.0,1.6,130.0,1.2,279.0,1.6,26.0,23.4,33.0,23.4
2015_12_MIA_NYJ,MIA,351.0,58,33,3,12.0,9,0,351.0,58,33,3,27,263.4,1.6,108.0,0.8,263.4,1.6,22.4,21.6,32.0,21.6
2015_13_BAL_MIA,MIA,86.0,19,9,1,137.0,26,0,86.0,19,9,1,28,274.4,1.4,60.8,0.6,274.4,1.4,17.2,24.4,39.6,24.4
2015_14_NYG_MIA,MIA,236.0,41,25,1,128.0,22,2,236.0,41,25,1,29,231.6,1.6,85.2,0.4,231.6,1.6,19.8,20.6,34.6,20.6
2015_15_MIA_SD,MIA,216.0,31,20,0,44.0,19,2,216.0,34,20,0,30,215.6,1.8,89.2,0.4,215.6,1.8,19.4,20.2,35.6,20.2
2015_16_IND_MIA,MIA,329.0,38,26,0,82.0,25,1,329.0,38,26,0,31,215.4,1.4,78.2,0.8,215.4,1.4,18.0,20.0,35.2,20.0
2015_17_NE_MIA,MIA,350.0,38,25,2,96.0,34,0,350.0,38,25,2,32,243.6,1.0,80.6,1.0,243.6,1.0,20.2,22.6,38.0,22.6
2016_01_MIA_SEA,MIA,186.0,27,16,0,64.0,20,1,186.0,29,16,0,33,243.4,0.8,97.4,1.0,243.4,0.8,25.2,21.0,34.0,21.0
2016_02_MIA_NE,MIA,387.0,44,32,2,70.0,16,1,387.0,45,32,2,34,263.4,0.6,82.8,1.2,263.4,0.6,24.0,22.4,36.0,22.4
2016_03_CLE_MIA,MIA,319.0,36,25,3,115.0,25,1,319.0,39,25,3,35,293.6,0.8,71.2,1.0,293.6,0.8,22.8,23.8,36.8,23.8
2016_04_MIA_CIN,MIA,189.0,25,15,1,62.0,13,0,189.0,25,15,1,36,314.2,1.4,85.4,0.8,314.2,1.4,24.0,24.8,37.8,24.8
2016_05_TEN_MIA,MIA,191.0,18,12,0,51.0,17,1,191.0,18,12,0,37,286.2,1.6,81.4,0.6,286.2,1.6,21.6,22.6,35.2,22.6
2016_06_PIT_MIA,MIA,252.0,32,24,0,222.0,36,3,252.0,32,24,0,38,254.4,1.2,72.4,0.8,254.4,1.2,18.2,20.0,31.2,20.0
2016_07_BUF_MIA,MIA,204.0,25,15,1,256.0,41,2,204.0,25,15,1,39,267.6,1.2,104.0,1.2,267.6,1.2,21.4,21.6,31.8,21.6
2016_09_NYJ_MIA,MIA,149.0,29,17,1,137.0,32,1,149.0,29,17,1,40,231.0,1.0,141.2,1.4,231.0,1.0,26.4,18.2,27.8,18.2
2016_10_MIA_SD,MIA,240.0,23,17,2,106.0,25,1,240.0,24,17,2,41,197.0,0.6,145.6,1.4,197.0,0.6,27.8,16.6,25.8,16.6
2016_11_MIA_LA,MIA,172.0,34,24,2,98.0,19,0,172.0,34,24,2,42,207.2,0.8,154.4,1.6,207.2,0.8,30.2,17.0,25.6,17.0
2016_12_SF_MIA,MIA,285.0,30,20,3,95.0,26,1,285.0,30,20,3,43,203.4,1.2,163.8,1.4,203.4,1.2,30.6,19.4,28.8,19.4
2016_13_MIA_BAL,MIA,226.0,39,29,1,62.0,16,0,226.0,40,29,1,44,210.0,1.8,138.4,1.0,210.0,1.8,28.6,18.6,28.4,18.6
2016_14_ARI_MIA,MIA,242.0,25,18,3,83.0,31,0,242.0,25,18,3,45,214.4,1.8,99.6,0.6,214.4,1.8,23.6,21.4,31.4,21.4
2016_15_MIA_NYJ,MIA,236.0,17,12,4,67.0,27,0,236.0,18,12,4,46,233.0,2.2,88.8,0.4,233.0,2.2,23.4,21.6,30.6,21.6
2016_16_MIA_BUF,MIA,233.0,29,16,2,261.0,38,2,233.0,30,16,2,47,232.2,2.6,81.0,0.2,232.2,2.6,23.8,20.6,29.4,20.6
2016_17_NE_MIA,MIA,205.0,34,24,2,75.0,23,0,205.0,34,24,2,48,244.4,2.6,113.6,0.6,244.4,2.6,27.6,19.0,28.6,19.0
2017_02_MIA_LAC,MIA,230.0,34,24,1,111.0,32,0,230.0,34,24,1,49,228.4,2.4,109.6,0.4,228.4,2.4,27.0,19.8,29.4,19.8
2017_03_MIA_NYJ,MIA,220.0,45,26,1,30.0,15,0,220.0,45,26,1,50,229.2,2.4,119.4,0.4,229.2,2.4,30.2,18.8,28.2,18.8
2017_04_NO_MIA,MIA,164.0,28,20,0,58.0,15,0,164.0,28,20,0,51,224.8,2.0,108.8,0.4,224.8,2.0,27.0,20.4,32.2,20.4
2017_05_TEN_MIA,MIA,92.0,26,12,1,100.0,31,0,92.0,27,12,1,52,210.4,1.2,107.0,0.4,210.4,1.2,24.6,22.0,34.2,22.0
2017_06_MIA_ATL,MIA,151.0,33,19,2,138.0,31,0,151.0,33,19,2,53,182.2,1.0,74.8,0.0,182.2,1.0,23.2,21.2,33.6,21.2
2017_07_NYJ_MIA,MIA,326.0,36,25,4,53.0,25,0,326.0,37,25,4,54,171.4,1.0,87.4,0.0,171.4,1.0,24.8,20.2,33.4,20.2
2017_08_MIA_BAL,MIA,176.0,44,25,0,45.0,19,0,176.0,44,25,0,55,190.6,1.6,75.8,0.0,190.6,1.6,23.4,20.4,34.0,20.4
2017_09_OAK_MIA,MIA,311.0,41,34,3,86.0,18,0,311.0,42,34,3,56,181.8,1.4,78.8,0.0,181.8,1.4,24.2,20.2,33.8,20.2
2017_10_MIA_CAR,MIA,213.0,37,22,2,100.0,17,1,213.0,37,22,2,57,211.2,2.0,84.4,0.0,211.2,2.0,24.8,23.0,36.6,23.0
2017_11_TB_MIA,MIA,365.0,36,23,2,83.0,19,0,365.0,40,23,2,58,235.4,2.2,84.4,0.2,235.4,2.2,22.0,25.0,38.6,25.0
2017_12_MIA_NE,MIA,215.0,33,23,1,67.0,19,0,215.0,34,23,1,59,278.2,2.2,73.4,0.2,278.2,2.2,19.6,25.8,40.0,25.8
2017_13_DEN_MIA,MIA,235.0,32,18,2,145.0,30,1,235.0,32,18,2,60,256.0,1.6,76.2,0.2,256.0,1.6,18.4,25.4,39.4,25.4
2017_14_NE_MIA,MIA,263.0,34,25,3,120.0,30,0,263.0,38,25,3,61,267.8,2.0,96.2,0.4,267.8,2.0,20.6,24.0,37.0,24.0
2017_15_MIA_BUF,MIA,274.0,49,28,0,100.0,21,1,274.0,49,28,0,62,258.2,2.0,103.0,0.4,258.2,2.0,23.0,22.2,36.2,22.2
2017_16_MIA_KC,MIA,286.0,37,19,1,59.0,16,0,286.0,38,19,1,63,270.4,1.6,103.0,0.4,270.4,1.6,23.8,23.4,38.6,23.4
2017_17_BUF_MIA,MIA,271.0,43,30,1,93.0,22,1,271.0,44,30,1,64,254.6,1.4,98.2,0.4,254.6,1.4,23.2,22.6,38.2,22.6
2018_01_TEN_MIA,MIA,230.0,28,20,2,120.0,29,0,230.0,28,20,2,65,265.8,1.4,103.4,0.6,265.8,1.4,23.8,24.0,40.2,24.0
2018_02_MIA_NYJ,MIA,168.0,23,17,2,135.0,31,1,168.0,23,17,2,66,264.8,1.4,98.4,0.4,264.8,1.4,23.6,24.4,39.4,24.4
2018_03_OAK_MIA,MIA,341.0,24,18,4,41.0,14,0,341.0,24,18,4,67,245.8,1.2,101.4,0.6,245.8,1.2,23.8,22.8,36.4,22.8
2018_04_MIA_NE,MIA,135.0,25,15,1,56.0,18,0,135.0,25,15,1,68,259.2,2.0,89.6,0.4,259.2,2.0,22.4,20.8,31.4,20.8
2018_05_MIA_CIN,MIA,185.0,33,20,1,128.0,22,0,185.0,35,20,1,69,229.0,2.0,89.0,0.4,229.0,2.0,22.8,20.0,28.8,20.0
2018_06_CHI_MIA,MIA,380.0,40,28,3,161.0,31,0,380.0,44,28,3,70,211.8,2.0,96.0,0.2,211.8,2.0,22.8,18.0,27.0,18.0
2018_07_DET_MIA,MIA,239.0,30,22,2,107.0,19,1,239.0,31,22,2,71,241.8,2.2,104.2,0.2,241.8,2.2,23.2,19.6,30.2,19.6
2018_08_MIA_HOU,MIA,269.0,33,22,1,116.0,25,1,269.0,38,22,1,72,256.0,2.2,98.6,0.2,256.0,2.2,20.8,20.6,31.8,20.6
2018_09_NYJ_MIA,MIA,139.0,22,15,0,64.0,27,0,139.0,24,15,0,73,241.6,1.6,113.6,0.4,241.6,1.6,23.0,21.4,34.6,21.4
2018_10_MIA_GB,MIA,213.0,36,23,0,131.0,23,0,213.0,37,23,0,74,242.4,1.4,115.2,0.4,242.4,1.4,24.8,21.4,34.4,21.4
2018_12_MIA_IND,MIA,204.0,24,17,2,113.0,25,1,204.0,25,17,2,75,248.0,1.2,115.8,0.4,248.0,1.2,25.0,22.0,34.8,22.0
2018_13_BUF_MIA,MIA,137.0,24,16,3,60.0,23,0,137.0,24,16,3,76,212.8,1.0,106.2,0.6,212.8,1.0,23.8,19.8,31.0,19.8
2018_14_NE_MIA,MIA,265.0,19,14,3,189.0,21,2,265.0,19,14,3,77,192.4,1.2,96.8,0.4,192.4,1.2,24.6,18.6,29.6,18.6
2018_15_MIA_MIN,MIA,108.0,23,11,0,156.0,20,1,108.0,24,11,0,78,191.6,1.6,111.4,0.6,191.6,1.6,23.8,17.0,25.8,17.0
2018_16_JAX_MIA,MIA,146.0,21,15,1,62.0,18,0,146.0,22,15,1,79,185.4,1.6,129.8,0.8,185.4,1.6,22.4,16.2,25.8,16.2
2018_17_MIA_BUF,MIA,150.0,30,19,1,99.0,25,0,150.0,32,19,1,80,172.0,1.8,116.0,0.8,172.0,1.8,21.4,14.6,22.8,14.6
2019_01_BAL_MIA,MIA,190.0,32,15,1,21.0,12,0,190.0,32,15,1,81,161.2,1.6,113.2,0.6,161.2,1.6,21.4,15.0,24.2,15.0
2019_02_NE_MIA,MIA,186.0,39,18,0,42.0,15,0,186.0,39,18,0,82,171.8,1.2,105.4,0.6,171.8,1.2,19.2,14.8,25.8,14.8
2019_03_MIA_DAL,MIA,229.0,41,20,0,72.0,24,0,229.0,41,20,0,83,156.0,0.6,76.0,0.2,156.0,0.6,18.0,15.6,29.8,15.6
2019_04_LAC_MIA,MIA,180.0,24,17,1,72.0,18,0,180.0,24,17,1,84,180.2,0.6,59.2,0.0,180.2,0.6,18.8,17.4,33.2,17.4
2019_06_WAS_MIA,MIA,217.0,42,27,1,84.0,21,1,217.0,43,27,1,85,187.0,0.6,61.2,0.0,187.0,0.6,18.8,17.8,33.6,17.8
2019_07_MIA_BUF,MIA,282.0,34,23,1,109.0,30,2,282.0,35,23,1,86,200.4,0.6,58.2,0.2,200.4,0.6,18.0,19.4,35.8,19.4
2019_08_MIA_PIT,MIA,190.0,33,21,2,60.0,19,0,190.0,34,21,2,87,218.8,0.6,75.8,0.6,218.8,0.6,21.6,21.0,36.4,21.0
2019_09_NYJ_MIA,MIA,288.0,36,24,3,50.0,24,0,288.0,36,24,3,88,219.6,1.0,79.4,0.6,219.6,1.0,22.4,21.6,35.4,21.6
2019_10_MIA_IND,MIA,169.0,33,21,0,70.0,26,1,169.0,33,21,0,89,231.4,1.6,75.0,0.6,231.4,1.6,22.4,22.4,34.4,22.4
2019_11_BUF_MIA,MIA,323.0,44,32,0,23.0,13,2,323.0,45,32,0,90,229.2,1.4,74.6,0.8,229.2,1.4,24.0,23.2,36.2,23.2
2019_12_MIA_CLE,MIA,214.0,38,21,2,92.0,20,1,214.0,39,21,2,91,250.4,1.2,62.4,1.0,250.4,1.2,22.4,24.2,36.6,24.2
2019_13_PHI_MIA,MIA,366.0,39,28,4,58.0,20,1,366.0,40,28,4,92,236.8,1.4,59.0,0.8,236.8,1.4,20.4,23.8,37.4,23.8
2019_14_MIA_NYJ,MIA,245.0,35,21,0,118.0,26,0,245.0,37,21,0,93,272.0,1.8,58.6,1.0,272.0,1.8,20.6,25.2,38.6,25.2
2019_15_MIA_NYG,MIA,279.0,41,23,2,122.0,25,0,279.0,41,23,2,94,263.4,1.2,72.2,1.0,263.4,1.2,21.0,24.6,38.8,24.6
2019_16_CIN_MIA,MIA,419.0,51,31,4,96.0,34,1,419.0,52,31,4,95,285.4,1.6,82.6,0.8,285.4,1.6,20.8,25.0,40.4,25.0
2019_17_MIA_NE,MIA,340.0,44,29,1,63.0,22,1,340.0,44,29,1,96,304.6,2.4,97.2,0.6,304.6,2.4,25.0,24.8,41.8,24.8
2020_01_MIA_NE,MIA,191.0,30,20,0,87.0,27,1,191.0,30,20,0,97,329.8,2.2,91.4,0.6,329.8,2.2,25.4,26.4,42.8,26.4
2020_02_BUF_MIA,MIA,328.0,46,31,2,99.0,22,1,328.0,47,31,2,98,294.8,1.4,97.2,0.6,294.8,1.4,26.8,24.8,40.8,24.8
2020_03_MIA_JAX,MIA,160.0,20,18,2,138.0,36,2,160.0,20,18,2,99,311.4,1.8,93.4,0.8,311.4,1.8,26.0,26.8,42.8,26.8
2020_04_SEA_MIA,MIA,315.0,45,29,0,103.0,22,1,315.0,45,29,0,100,287.6,1.8,96.6,1.2,287.6,1.8,28.2,25.8,38.6,25.8
2020_05_MIA_SF,MIA,350.0,27,22,3,94.0,33,1,350.0,28,22,3,101,266.8,1.0,98.0,1.2,266.8,1.0,25.8,25.4,37.2,25.4
2020_06_NYJ_MIA,MIA,200.0,29,20,3,110.0,25,0,200.0,29,20,3,102,268.8,1.4,104.2,1.2,268.8,1.4,28.0,24.0,34.0,24.0
2020_08_LA_MIA,MIA,93.0,22,12,1,55.0,25,1,93.0,22,12,1,103,270.6,2.0,108.8,1.0,270.6,2.0,27.6,24.0,33.8,24.0
2020_09_MIA_ARI,MIA,248.0,26,20,2,91.0,25,1,248.0,28,20,2,104,223.6,1.8,100.0,1.0,223.6,1.8,28.2,20.2,28.8,20.2
2020_10_LAC_MIA,MIA,169.0,24,15,2,111.0,32,1,169.0,25,15,2,105,241.2,1.8,90.6,0.8,241.2,1.8,26.0,20.6,30.4,20.6
2020_11_MIA_DEN,MIA,200.0,37,23,1,56.0,17,0,200.0,38,23,1,106,212.0,2.2,92.2,0.8,212.0,2.2,28.0,17.8,26.4,17.8
2020_12_MIA_NYJ,MIA,257.0,39,24,2,104.0,25,0,257.0,39,24,2,107,182.0,1.8,84.6,0.6,182.0,1.8,24.8,18.0,28.4,18.0
2020_13_CIN_MIA,MIA,296.0,38,26,1,110.0,28,0,296.0,39,26,1,108,193.4,1.6,83.4,0.6,193.4,1.6,24.8,18.8,30.4,18.8
2020_14_KC_MIA,MIA,316.0,46,28,2,80.0,24,1,316.0,49,28,2,109,234.0,1.6,94.4,0.4,234.0,1.6,25.4,21.6,33.8,21.6
2020_15_NE_MIA,MIA,145.0,25,20,0,250.0,42,3,145.0,26,20,0,110,247.6,1.6,92.2,0.4,247.6,1.6,25.2,23.2,38.0,23.2
2020_16_MIA_LV,MIA,276.0,34,26,2,130.0,25,0,276.0,35,26,2,111,242.8,1.2,120.0,0.8,242.8,1.2,27.2,24.2,38.2,24.2
2020_17_MIA_BUF,MIA,393.0,59,36,1,70.0,20,2,393.0,59,36,1,112,258.0,1.4,134.8,0.8,258.0,1.4,28.8,24.8,37.6,24.8
2021_01_MIA_NE,MIA,202.0,27,16,1,74.0,23,1,202.0,27,16,1,113,285.2,1.2,128.0,1.2,285.2,1.2,27.8,27.2,41.6,27.2
2021_02_BUF_MIA,MIA,182.0,42,25,0,71.0,20,0,182.0,44,25,0,114,266.4,1.2,120.8,1.4,266.4,1.2,26.8,25.2,39.2,25.2
2021_03_MIA_LV,MIA,215.0,47,32,0,133.0,27,2,215.0,49,32,0,115,239.6,0.8,119.0,1.2,239.6,0.8,26.0,24.6,38.2,24.6
2021_04_IND_MIA,MIA,199.0,30,20,2,35.0,16,0,199.0,30,20,2,116,253.6,0.8,95.6,1.0,253.6,0.8,23.0,27.0,42.8,27.0
2021_05_MIA_TB,MIA,275.0,39,27,2,39.0,9,0,275.0,39,27,2,117,238.2,0.8,76.6,1.0,238.2,0.8,21.2,25.8,41.8,25.8
2021_06_MIA_JAX,MIA,354.0,47,34,2,77.0,20,0,354.0,48,34,2,118,214.6,1.0,70.4,0.6,214.6,1.0,19.0,24.0,37.8,24.0
2021_07_ATL_MIA,MIA,291.0,40,32,4,132.0,29,0,291.0,40,32,4,119,245.0,1.2,71.0,0.4,245.0,1.2,18.4,27.6,42.0,27.6
2021_08_MIA_BUF,MIA,205.0,36,21,0,68.0,23,1,205.0,39,21,0,120,266.8,2.0,83.2,0.4,266.8,2.0,20.2,29.0,41.2,29.0
2021_09_HOU_MIA,MIA,244.0,40,26,1,47.0,25,1,244.0,43,26,1,121,264.8,2.0,70.2,0.2,264.8,2.0,19.4,26.8,39.2,26.8
2021_10_BAL_MIA,MIA,314.0,34,19,0,60.0,22,1,314.0,36,19,0,122,273.8,1.8,72.6,0.4,273.8,1.8,21.2,28.0,41.8,28.0
2021_11_MIA_NYJ,MIA,273.0,34,27,2,115.0,33,1,273.0,34,27,2,123,281.6,1.4,76.8,0.6,281.6,1.4,23.8,26.4,41.2,26.4
2021_12_CAR_MIA,MIA,230.0,31,27,1,111.0,39,2,230.0,31,27,1,124,265.4,1.4,84.4,0.8,265.4,1.4,26.4,25.0,38.4,25.0
2021_13_NYG_MIA,MIA,244.0,41,30,2,68.0,25,0,244.0,41,30,2,125,253.2,0.8,80.2,1.2,253.2,0.8,28.4,24.0,36.6,24.0
2021_15_NYJ_MIA,MIA,196.0,26,16,2,183.0,42,2,196.0,27,16,2,126,261.0,1.2,80.2,1.0,261.0,1.2,28.8,25.8,37.0,25.8
2021_16_MIA_NO,MIA,198.0,26,19,1,86.0,30,0,198.0,26,19,1,127,251.4,1.4,107.4,1.2,251.4,1.4,32.2,23.8,33.8,23.8
2021_17_MIA_TEN,MIA,205.0,38,18,0,74.0,16,0,205.0,39,18,0,128,228.2,1.6,112.6,1.0,228.2,1.6,33.8,23.8,31.8,23.8
2021_18_NE_MIA,MIA,109.0,21,15,1,195.0,43,1,109.0,22,15,1,129,214.6,1.2,104.4,0.8,214.6,1.2,30.4,22.0,32.8,22.0
2022_01_NE_MIA,MIA,270.0,31,23,1,65.0,23,0,270.0,33,23,1,130,190.4,1.2,121.2,0.6,190.4,1.2,31.2,19.6,31.0,19.6
2022_02_MIA_BAL,MIA,469.0,50,36,6,86.0,18,0,469.0,50,36,6,131,195.6,1.0,120.6,0.6,195.6,1.0,30.8,18.2,29.4,18.2
2022_03_BUF_MIA,MIA,186.0,20,13,1,41.0,17,2,186.0,20,13,1,132,250.2,1.8,101.2,0.2,250.2,1.8,26.0,22.2,34.0,22.2
2022_04_MIA_CIN,MIA,303.0,36,22,1,85.0,22,0,303.0,37,22,1,133,247.8,1.8,92.2,0.6,247.8,1.8,23.4,21.0,32.8,21.0
2022_05_MIA_NYJ,MIA,166.0,32,19,0,137.0,26,2,166.0,34,19,0,134,267.4,2.0,94.4,0.6,267.4,2.0,24.6,21.8,32.4,21.8
2022_06_MIN_MIA,MIA,418.0,45,30,2,73.0,20,0,418.0,47,30,2,135,278.8,1.8,82.8,0.8,278.8,1.8,21.2,22.6,34.8,22.6
2022_07_PIT_MIA,MIA,261.0,35,21,1,111.0,27,0,261.0,35,21,1,136,308.4,2.0,84.4,0.8,308.4,2.0,20.6,24.0,37.6,24.0
2022_08_MIA_DET,MIA,382.0,34,29,3,107.0,26,1,382.0,36,29,3,137,266.8,1.0,89.4,0.8,266.8,1.0,22.4,21.0,34.6,21.0
2022_09_MIA_CHI,MIA,302.0,29,21,3,77.0,23,1,302.0,30,21,3,138,306.0,1.4,102.6,0.6,306.0,1.4,24.2,24.2,37.8,24.2
2022_10_CLE_MIA,MIA,302.0,33,26,3,195.0,33,2,302.0,33,26,3,139,305.8,1.8,101.0,0.8,305.8,1.8,24.4,24.0,36.4,24.0
2022_12_HOU_MIA,MIA,305.0,38,23,1,66.0,26,1,305.0,41,23,1,140,333.0,2.4,112.6,0.8,333.0,2.4,25.8,25.4,36.2,25.4
2022_13_MIA_SF,MIA,295.0,34,18,2,33.0,8,0,295.0,34,18,2,141,310.4,2.2,111.2,1.0,310.4,2.2,27.0,24.0,35.0,24.0
2022_14_MIA_LAC,MIA,145.0,24,10,1,92.0,19,0,145.0,28,10,1,142,317.2,2.4,95.6,1.0,317.2,2.4,23.2,23.4,34.8,23.4
2022_15_MIA_BUF,MIA,234.0,30,17,2,188.0,25,1,234.0,30,17,2,143,269.8,2.0,92.6,0.8,269.8,2.0,21.8,19.6,33.2,19.6
2022_16_GB_MIA,MIA,310.0,24,16,1,82.0,18,1,310.0,25,16,1,144,256.2,1.8,114.8,0.8,256.2,1.8,22.2,18.8,33.2,18.8
2022_17_MIA_NE,MIA,265.0,40,24,2,86.0,27,1,265.0,40,24,2,145,257.8,1.4,92.2,0.6,257.8,1.4,19.2,16.8,31.6,16.8
2022_18_NYJ_MIA,MIA,152.0,27,20,0,162.0,32,0,152.0,31,20,0,146,249.8,1.6,96.2,0.6,249.8,1.6,19.4,17.0,31.4,17.0
2023_01_MIA_LAC,MIA,466.0,44,28,3,70.0,20,1,466.0,45,28,3,147,221.2,1.2,122.0,0.6,221.2,1.2,24.2,17.4,30.8,17.4
2023_02_MIA_NE,MIA,249.0,29,21,1,145.0,30,2,249.0,30,21,1,148,285.4,1.6,117.6,0.8,285.4,1.6,24.4,21.0,34.2,21.0
2023_03_DEN_MIA,MIA,376.0,28,25,5,350.0,43,5,376.0,28,25,5,149,288.4,1.4,109.0,1.0,288.4,1.4,25.4,21.8,34.2,21.8
2023_04_MIA_BUF,MIA,282.0,34,25,1,142.0,19,2,282.0,35,25,1,150,301.6,2.2,162.6,1.8,301.6,2.2,30.4,23.6,34.8,23.6
2023_05_NYG_MIA,MIA,308.0,28,22,2,222.0,23,2,308.0,30,22,2,151,305.0,2.0,173.8,2.0,305.0,2.0,28.8,23.8,33.8,23.8
2023_06_CAR_MIA,MIA,262.0,30,21,3,162.0,33,3,262.0,32,21,3,152,336.2,2.4,185.8,2.4,336.2,2.4,27.0,24.2,33.6,24.2
2023_07_MIA_PHI,MIA,216.0,32,23,1,45.0,12,0,216.0,32,23,1,153,295.4,2.4,204.2,2.8,295.4,2.4,29.6,22.8,31.0,22.8
2023_08_NE_MIA,MIA,324.0,44,30,3,78.0,26,1,324.0,45,30,3,154,288.8,2.4,184.2,2.4,288.8,2.4,26.0,23.2,31.4,23.2
2023_09_MIA_KC,MIA,193.0,33,21,1,117.0,21,1,193.0,34,21,1,155,278.4,2.0,129.8,1.6,278.4,2.0,22.6,24.2,34.8,24.2
2023_11_LV_MIA,MIA,325.0,36,28,2,99.0,28,0,325.0,39,28,2,156,260.6,2.0,124.8,1.4,260.6,2.0,23.0,23.4,34.6,23.4
2023_12_MIA_NYJ,MIA,243.0,28,21,1,167.0,37,2,243.0,30,21,1,157,264.0,2.0,100.2,1.0,264.0,2.0,24.0,24.6,36.4,24.6
2023_13_MIA_WAS,MIA,283.0,25,19,2,123.0,34,3,283.0,25,19,2,158,260.2,1.6,101.2,0.8,260.2,1.6,24.8,24.6,36.0,24.6
2023_14_TEN_MIA,MIA,240.0,33,23,0,158.0,31,2,240.0,33,23,0,159,273.6,1.8,116.8,1.4,273.6,1.8,29.2,23.8,34.6,23.8
2023_15_NYJ_MIA,MIA,228.0,26,23,1,77.0,28,2,228.0,26,23,1,160,256.8,1.2,132.8,1.6,256.8,1.2,30.2,22.4,32.2,22.4
2023_16_DAL_MIA,MIA,293.0,36,24,1,91.0,26,0,293.0,37,24,1,161,263.8,1.2,124.8,1.8,263.8,1.2,31.6,22.8,30.6,22.8
2023_17_MIA_BAL,MIA,237.0,36,22,2,154.0,25,0,237.0,38,22,2,162,257.4,1.0,123.2,1.8,257.4,1.0,31.2,22.0,30.2,22.0
2023_18_BUF_MIA,MIA,173.0,27,17,1,108.0,20,1,173.0,27,17,1,163,256.2,1.2,120.6,1.4,256.2,1.2,28.8,22.2,31.8,22.2
2024_01_JAX_MIA,MIA,338.0,36,23,1,81.0,25,1,338.0,37,23,1,164,234.2,1.0,117.6,1.0,234.2,1.0,26.0,21.8,32.2,21.8
2024_02_BUF_MIA,MIA,225.0,37,25,1,139.0,34,0,225.0,39,25,1,165,253.8,1.2,102.2,0.8,253.8,1.2,24.8,21.8,33.0,21.8
2024_03_MIA_SEA,MIA,186.0,31,20,0,65.0,18,0,186.0,32,20,0,166,253.2,1.2,114.6,0.4,253.2,1.2,26.0,22.2,35.6,22.2
2024_04_TEN_MIA,MIA,96.0,21,14,0,106.0,30,1,96.0,22,14,0,167,231.8,1.0,109.4,0.4,231.8,1.0,24.4,21.4,34.6,21.4
2024_05_MIA_NE,MIA,194.0,31,18,0,193.0,41,1,194.0,31,18,0,168,203.6,0.6,99.8,0.6,203.6,0.6,25.4,19.8,31.4,19.8
2024_07_MIA_IND,MIA,161.0,22,15,1,188.0,40,0,161.0,26,15,1,169,207.8,0.4,116.8,0.6,207.8,0.4,29.6,20.0,32.2,20.0
2024_08_ARI_MIA,MIA,234.0,38,28,1,150.0,25,2,234.0,38,28,1,170,172.4,0.4,138.2,0.4,172.4,0.4,32.6,18.4,30.0,18.4
2024_09_MIA_BUF,MIA,231.0,27,25,2,149.0,31,1,231.0,28,25,2,171,174.2,0.4,140.4,0.8,174.2,0.4,30.8,19.0,29.8,19.0
2024_10_MIA_LA,MIA,207.0,28,20,1,67.0,22,1,207.0,28,20,1,172,183.2,0.8,157.2,1.0,183.2,0.8,33.4,20.0,29.0,20.0
2024_11_LV_MIA,MIA,288.0,35,28,3,82.0,26,1,288.0,36,28,3,173,205.4,1.0,149.4,1.0,205.4,1.0,31.8,21.2,30.2,21.2
2024_12_NE_MIA,MIA,317.0,40,29,4,65.0,24,0,317.0,40,29,4,174,224.2,1.6,127.2,1.0,224.2,1.6,28.8,23.2,31.2,23.2
2024_13_MIA_GB,MIA,365.0,46,37,2,39.0,14,0,365.0,46,37,2,175,255.4,2.2,102.6,1.0,255.4,2.2,25.6,26.0,34.0,26.0
2024_14_NYJ_MIA,MIA,331.0,45,33,2,44.0,19,1,331.0,47,33,2,176,281.6,2.4,80.4,0.6,281.6,2.4,23.4,27.8,35.6,27.8
2024_15_MIA_HOU,MIA,196.0,39,29,1,52.0,19,0,196.0,40,29,1,177,301.6,2.4,59.4,0.6,301.6,2.4,21.0,29.4,39.4,29.4
2024_16_SF_MIA,MIA,215.0,31,22,1,166.0,30,1,215.0,34,22,1,178,299.4,2.4,56.4,0.4,299.4,2.4,20.4,31.2,41.8,31.2
2024_17_MIA_CLE,MIA,225.0,24,22,1,74.0,27,1,225.0,26,22,1,179,284.8,2.0,73.2,0.4,284.8,2.0,21.2,30.0,41.4,30.0
2024_18_MIA_NYJ,MIA,227.0,37,25,1,135.0,23,1,227.0,41,25,1,180,266.4,1.4,75.0,0.6,266.4,1.4,21.8,28.6,38.6,28.6
2014_01_MIN_STL,MIN,170.0,24,17,2,185.0,32,1,170.0,25,17,2,1,,,,,,,,,,
2014_02_NE_MIN,MIN,202.0,36,19,1,54.0,19,0,202.0,36,19,1,2,170.0,2.0,185.0,1.0,170.0,2.0,32.0,17.0,25.0,17.0
2014_03_MIN_NO,MIN,203.0,30,17,0,59.0,22,0,203.0,30,17,0,3,186.0,1.5,119.5,0.5,186.0,1.5,25.5,18.0,30.5,18.0
2014_04_ATL_MIN,MIN,317.0,30,19,0,241.0,44,4,317.0,30,19,0,4,191.66666666666666,1.0,99.33333333333333,0.3333333333333333,191.66666666666666,1.0,24.333333333333332,17.666666666666668,30.333333333333332,17.666666666666668
2014_05_MIN_GB,MIN,222.0,44,22,0,111.0,25,1,222.0,44,22,0,5,223.0,0.75,134.75,1.25,223.0,0.75,29.25,18.0,30.25,18.0
2014_06_DET_MIN,MIN,188.0,37,23,0,69.0,18,0,188.0,37,23,0,6,222.8,0.6,130.0,1.2,222.8,0.6,28.4,18.8,33.0,18.8
2014_07_MIN_BUF,MIN,157.0,26,15,1,158.0,29,0,157.0,26,15,1,7,226.4,0.2,106.8,1.0,226.4,0.2,25.6,20.0,35.4,20.0
2014_08_MIN_TB,MIN,241.0,41,24,1,97.0,22,0,241.0,42,24,1,8,217.4,0.2,127.6,1.0,217.4,0.2,27.6,19.2,33.4,19.2
2014_09_WAS_MIN,MIN,268.0,42,26,1,100.0,27,3,268.0,42,26,1,9,225.0,0.4,135.2,1.0,225.0,0.4,27.6,20.6,35.8,20.6
2014_11_MIN_CHI,MIN,158.0,28,18,1,96.0,16,0,158.0,28,18,1,10,215.2,0.6,107.0,0.8,215.2,0.6,24.2,22.0,38.2,22.0
2014_12_GB_MIN,MIN,210.0,36,21,2,112.0,25,0,210.0,37,21,2,11,202.4,0.8,104.0,0.6,202.4,0.8,22.4,21.2,35.0,21.2
2014_13_CAR_MIN,MIN,138.0,20,15,2,92.0,24,0,138.0,21,15,2,12,206.8,1.2,112.6,0.6,206.8,1.2,23.8,20.8,35.0,20.8
2014_14_NYJ_MIN,MIN,309.0,27,19,2,114.0,28,0,309.0,27,19,3,13,203.0,1.4,99.4,0.6,203.0,1.4,22.8,20.8,34.0,20.8
2014_15_MIN_DET,MIN,315.0,39,31,1,76.0,21,1,315.0,41,31,1,14,216.6,1.8,102.8,0.6,216.6,1.6,24.0,19.8,31.0,19.8
2014_16_MIN_MIA,MIN,259.0,25,19,2,119.0,28,2,259.0,26,19,2,15,226.0,1.8,98.0,0.2,226.0,1.6,22.8,20.8,30.8,20.8
2014_17_CHI_MIN,MIN,209.0,25,17,1,121.0,33,0,209.0,25,17,1,16,246.2,2.0,102.6,0.6,246.2,1.8,25.2,21.0,30.4,21.0
2015_01_MIN_SF,MIN,231.0,31,23,0,71.0,17,0,231.0,32,23,0,17,246.0,1.8,104.4,0.6,246.0,1.6,26.8,20.2,28.0,20.2
2015_02_DET_MIN,MIN,153.0,18,14,1,199.0,42,2,153.0,18,14,1,18,264.6,1.4,100.2,0.6,264.6,1.2,25.4,21.8,30.2,21.8
2015_03_SD_MIN,MIN,121.0,24,13,0,163.0,31,3,121.0,24,13,0,19,233.4,1.0,117.2,1.0,233.4,1.0,28.2,20.8,28.4,20.8
2015_04_MIN_DEN,MIN,269.0,41,27,1,113.0,21,1,269.0,41,27,1,20,194.6,0.8,134.6,1.4,194.6,0.8,30.2,17.2,25.0,17.2
2015_06_KC_MIN,MIN,249.0,31,17,1,84.0,35,0,249.0,31,17,1,21,196.6,0.6,133.4,1.2,196.6,0.6,28.8,18.8,28.0,18.8
2015_07_MIN_DET,MIN,316.0,34,25,2,140.0,35,0,316.0,35,25,2,22,204.6,0.6,126.0,1.2,204.6,0.6,29.2,18.8,29.2,18.8
2015_08_MIN_CHI,MIN,187.0,29,17,1,147.0,25,0,187.0,30,17,1,23,221.6,1.0,139.8,1.2,221.6,1.0,32.8,19.2,29.8,19.2
2015_09_STL_MIN,MIN,159.0,27,15,0,145.0,35,2,159.0,27,15,0,24,228.4,1.0,129.4,0.8,228.4,1.0,29.4,19.8,32.2,19.8
2015_10_MIN_OAK,MIN,140.0,21,14,1,263.0,33,1,140.0,22,14,1,25,236.0,1.0,125.8,0.6,236.0,1.0,30.2,20.2,32.8,20.2
2015_11_GB_MIN,MIN,296.0,37,25,1,94.0,18,1,296.0,38,25,1,26,210.2,1.0,155.8,0.6,210.2,1.0,32.6,17.6,29.0,17.6
2015_12_MIN_ATL,MIN,174.0,27,20,0,191.0,39,2,174.0,28,20,0,27,219.6,1.0,157.8,0.8,219.6,1.0,29.2,19.2,30.4,19.2
2015_13_SEA_MIN,MIN,118.0,28,17,0,31.0,16,0,118.0,28,17,0,28,191.2,0.6,168.0,1.2,191.2,0.6,30.0,18.2,29.0,18.2
2015_14_MIN_ARI,MIN,335.0,33,25,1,72.0,24,1,335.0,36,25,1,29,177.4,0.4,144.8,1.2,177.4,0.4,28.2,18.2,28.6,18.2
2015_15_CHI_MIN,MIN,231.0,20,17,4,129.0,36,1,231.0,20,17,4,30,212.6,0.6,130.2,1.0,212.6,0.6,26.0,20.2,30.4,20.2
2015_16_NYG_MIN,MIN,168.0,25,15,1,218.0,40,3,168.0,25,15,1,31,230.8,1.2,103.4,1.0,230.8,1.2,26.6,20.8,30.0,20.8
2015_17_MIN_GB,MIN,99.0,17,10,0,151.0,27,1,99.0,19,10,0,32,205.2,1.2,128.2,1.4,205.2,1.2,31.0,18.8,27.4,18.8
2016_01_MIN_TEN,MIN,236.0,33,18,0,65.0,28,0,236.0,33,18,0,33,190.2,1.2,120.2,1.2,190.2,1.2,28.6,16.8,25.6,16.8
2016_02_GB_MIN,MIN,286.0,31,22,2,30.0,22,0,286.0,31,22,2,34,213.8,1.2,127.0,1.2,213.8,1.2,31.0,17.0,26.6,17.0
2016_03_MIN_CAR,MIN,171.0,28,18,1,58.0,24,0,171.0,28,18,1,35,204.0,1.4,118.6,1.0,204.0,1.4,30.6,16.4,25.6,16.4
2016_04_NYG_MIN,MIN,262.0,36,26,1,104.0,33,2,262.0,36,26,1,36,192.0,0.8,104.4,0.8,192.0,0.8,28.2,16.6,27.2,16.6
2016_05_HOU_MIN,MIN,271.0,30,22,2,96.0,37,1,271.0,30,22,2,37,210.8,0.8,81.6,0.6,210.8,0.8,26.8,18.8,29.4,18.8
2016_07_MIN_PHI,MIN,224.0,39,24,1,93.0,27,0,224.0,41,24,1,38,245.2,1.2,70.6,0.6,245.2,1.2,28.8,21.2,31.6,21.2
2016_08_MIN_CHI,MIN,228.0,37,23,1,57.0,18,0,228.0,37,23,1,39,242.8,1.4,76.2,0.6,242.8,1.4,28.6,22.4,33.2,22.4
2016_09_DET_MIN,MIN,273.0,40,31,1,78.0,25,1,273.0,40,31,1,40,231.2,1.2,81.6,0.6,231.2,1.2,27.8,22.6,34.4,22.6
2016_10_MIN_WAS,MIN,307.0,40,31,2,47.0,21,1,307.0,40,31,2,41,251.6,1.2,85.6,0.8,251.6,1.2,28.0,25.2,36.8,25.2
2016_11_ARI_MIN,MIN,169.0,28,20,1,72.0,24,1,169.0,28,20,1,42,260.6,1.4,74.2,0.6,260.6,1.4,25.6,26.2,37.6,26.2
2016_12_MIN_DET,MIN,224.0,36,31,0,82.0,16,1,224.0,37,31,0,43,240.2,1.2,69.4,0.6,240.2,1.2,23.0,25.8,37.2,25.8
2016_13_DAL_MIN,MIN,253.0,47,33,1,87.0,19,0,253.0,47,33,1,44,240.2,1.0,67.2,0.8,240.2,1.0,20.8,27.2,36.4,27.2
2016_14_MIN_JAX,MIN,292.0,34,24,1,85.0,29,1,292.0,34,24,1,45,245.2,1.0,73.2,0.8,245.2,1.0,21.0,29.2,38.4,29.2
2016_15_IND_MIN,MIN,291.0,42,32,0,34.0,9,0,291.0,42,32,0,46,249.0,1.0,74.6,0.8,249.0,1.0,21.8,27.8,37.2,27.8
2016_16_MIN_GB,MIN,382.0,50,34,3,93.0,20,0,382.0,50,34,3,47,245.8,0.6,72.0,0.6,245.8,0.6,19.4,28.0,37.6,28.0
2016_17_CHI_MIN,MIN,250.0,34,25,3,124.0,28,1,250.0,34,25,3,48,288.4,1.0,76.2,0.4,288.4,1.0,18.6,30.8,42.0,30.8
2017_01_NO_MIN,MIN,346.0,32,27,3,129.0,30,0,346.0,32,27,3,49,293.6,1.6,84.6,0.4,293.6,1.6,21.0,29.6,41.4,29.6
2017_02_MIN_PIT,MIN,167.0,36,20,0,91.0,20,1,167.0,38,20,0,50,312.2,2.0,93.0,0.4,312.2,2.0,23.2,28.4,38.4,28.4
2017_03_TB_MIN,MIN,369.0,33,25,3,125.0,37,1,369.0,33,25,3,51,287.2,1.8,94.2,0.4,287.2,1.8,21.4,27.6,39.2,27.6
2017_04_DET_MIN,MIN,219.0,30,16,0,87.0,22,1,219.0,30,16,0,52,302.8,2.4,112.4,0.6,302.8,2.4,27.0,26.2,37.4,26.2
2017_05_MIN_CHI,MIN,176.0,32,22,1,159.0,31,1,176.0,32,22,1,53,270.2,1.8,111.2,0.8,270.2,1.8,27.4,22.6,33.4,22.6
2017_06_GB_MIN,MIN,239.0,36,24,1,112.0,32,1,239.0,38,24,1,54,255.4,1.4,118.2,0.8,255.4,1.4,28.0,22.0,33.0,22.0
2017_07_BAL_MIN,MIN,188.0,31,20,0,169.0,33,1,188.0,31,20,0,55,234.0,1.0,114.8,1.0,234.0,1.0,28.4,21.4,34.2,21.4
2017_08_MIN_CLE,MIN,288.0,43,27,2,88.0,34,1,288.0,43,27,2,56,238.2,1.0,130.4,1.0,238.2,1.0,31.0,21.4,32.8,21.4
2017_10_MIN_WAS,MIN,304.0,29,21,4,102.0,31,1,304.0,29,21,4,57,222.0,0.8,123.0,1.0,222.0,0.8,30.4,21.8,34.8,21.8
2017_11_LA_MIN,MIN,280.0,38,27,1,171.0,35,2,280.0,38,27,1,58,239.0,1.6,126.0,1.0,239.0,1.6,32.2,22.8,34.6,22.8
2017_12_MIN_DET,MIN,282.0,30,21,2,136.0,41,2,282.0,30,21,2,59,259.8,1.6,128.4,1.2,259.8,1.6,33.0,23.8,35.8,23.8
2017_13_MIN_ATL,MIN,227.0,30,25,2,105.0,31,0,227.0,30,25,2,60,268.4,1.8,133.2,1.4,268.4,1.8,34.8,23.2,34.2,23.2
2017_14_MIN_CAR,MIN,280.0,43,27,2,100.0,21,0,280.0,44,27,2,61,276.2,2.2,120.4,1.2,276.2,2.2,34.4,24.2,34.0,24.2
2017_15_CIN_MIN,MIN,236.0,25,20,2,124.0,34,1,236.0,25,20,2,62,274.6,2.2,122.8,1.0,274.6,2.2,31.8,24.2,34.2,24.2
2017_16_MIN_GB,MIN,139.0,25,14,1,112.0,33,0,139.0,25,14,1,63,261.0,1.8,127.2,1.0,261.0,1.8,32.4,24.0,33.4,24.0
2017_17_CHI_MIN,MIN,189.0,28,21,1,147.0,36,2,189.0,29,21,1,64,232.8,1.8,115.4,0.6,232.8,1.8,32.0,21.4,30.8,21.4
2018_01_SF_MIN,MIN,244.0,35,20,2,116.0,32,0,244.0,36,20,2,65,214.2,1.6,117.6,0.6,214.2,1.6,31.0,21.4,30.6,21.4
2018_02_MIN_GB,MIN,425.0,48,35,4,68.0,18,0,425.0,48,35,4,66,217.6,1.6,119.8,0.6,217.6,1.6,31.2,20.4,31.8,20.4
2018_03_BUF_MIN,MIN,296.0,55,40,1,14.0,6,0,296.0,55,40,1,67,246.6,2.0,113.4,0.6,246.6,2.0,30.6,22.0,32.6,22.0
2018_04_MIN_LA,MIN,422.0,49,36,3,54.0,17,0,422.0,50,36,3,68,258.6,1.8,91.4,0.4,258.6,1.8,25.0,26.0,38.6,26.0
2018_05_MIN_PHI,MIN,301.0,37,30,1,77.0,23,0,301.0,37,30,1,69,315.2,2.2,79.8,0.4,315.2,2.2,21.8,30.4,43.6,30.4
2018_06_ARI_MIN,MIN,233.0,31,24,1,195.0,32,2,233.0,34,24,1,70,337.6,2.2,65.8,0.0,337.6,2.2,19.2,32.2,45.2,32.2
2018_07_MIN_NYJ,MIN,241.0,39,25,2,88.0,24,2,241.0,40,25,2,71,335.4,2.0,81.6,0.4,335.4,2.0,19.2,33.0,44.8,33.0
2018_08_NO_MIN,MIN,359.0,40,31,2,85.0,22,1,359.0,41,31,2,72,298.6,1.6,85.6,0.8,298.6,1.6,20.4,31.0,43.2,31.0
2018_09_DET_MIN,MIN,164.0,22,18,1,128.0,23,1,164.0,22,18,1,73,311.2,1.8,99.8,1.0,311.2,1.8,23.6,29.2,40.4,29.2
2018_11_MIN_CHI,MIN,262.0,45,30,2,22.0,14,0,262.0,46,30,2,74,259.6,1.4,114.6,1.2,259.6,1.4,24.8,25.6,34.8,25.6
2018_12_GB_MIN,MIN,342.0,37,29,3,91.0,29,0,342.0,38,29,3,75,251.8,1.6,103.6,1.2,251.8,1.6,23.0,25.6,36.6,25.6
2018_13_MIN_NE,MIN,201.0,44,32,1,95.0,13,0,201.0,44,32,1,76,273.6,2.0,82.8,0.8,273.6,2.0,22.4,26.6,37.4,26.6
2018_14_MIN_SEA,MIN,208.0,31,20,1,77.0,21,0,208.0,33,20,1,77,265.6,1.8,84.2,0.4,265.6,1.8,20.2,28.0,38.2,28.0
2018_15_MIA_MIN,MIN,215.0,20,14,2,220.0,40,3,215.0,21,14,2,78,235.4,1.6,82.6,0.2,235.4,1.6,20.0,25.8,36.6,25.8
2018_16_MIN_DET,MIN,253.0,28,21,3,100.0,28,0,253.0,28,21,3,79,245.6,1.8,101.0,0.6,245.6,1.8,23.4,25.0,36.4,25.0
2018_17_CHI_MIN,MIN,132.0,31,20,1,63.0,15,0,132.0,33,20,1,80,243.8,2.0,116.6,0.6,243.8,2.0,26.2,23.2,32.8,23.2
2019_01_ATL_MIN,MIN,98.0,9,8,1,172.0,38,3,98.0,10,8,1,81,201.8,1.6,111.0,0.6,201.8,1.6,23.4,21.4,31.8,21.4
2019_02_MIN_GB,MIN,230.0,27,14,1,198.0,27,1,230.0,32,14,1,82,181.2,1.6,126.4,1.2,181.2,1.6,28.4,16.6,25.0,16.6
2019_03_OAK_MIN,MIN,174.0,20,15,1,211.0,38,3,174.0,21,15,1,83,185.6,1.6,150.6,1.4,185.6,1.6,29.6,15.4,24.8,15.4
2019_04_MIN_CHI,MIN,233.0,35,27,0,40.0,16,1,233.0,36,27,0,84,177.4,1.4,148.8,1.4,177.4,1.4,29.2,15.6,24.8,15.6
2019_05_MIN_NYG,MIN,306.0,24,22,2,211.0,34,0,306.0,27,22,2,85,173.4,0.8,136.8,1.6,173.4,0.8,26.8,16.8,26.4,16.8
2019_06_PHI_MIN,MIN,333.0,28,22,4,122.0,35,1,333.0,29,22,4,86,208.2,1.0,166.4,1.6,208.2,1.0,30.6,17.2,25.2,17.2
2019_07_MIN_DET,MIN,338.0,33,24,4,166.0,37,2,338.0,34,24,4,87,255.2,1.6,156.4,1.2,255.2,1.6,30.0,20.0,29.0,20.0
2019_08_WAS_MIN,MIN,285.0,24,23,0,161.0,38,1,285.0,26,23,0,88,276.8,2.2,150.0,1.4,276.8,2.2,32.0,22.0,29.4,22.0
2019_09_MIN_KC,MIN,220.0,37,19,3,96.0,27,0,220.0,38,19,3,89,299.0,2.0,140.0,1.0,299.0,2.0,32.0,23.6,30.4,23.6
2019_10_MIN_DAL,MIN,220.0,31,23,2,153.0,36,1,220.0,32,23,2,90,296.4,2.6,151.2,0.8,296.4,2.6,34.2,22.0,30.8,22.0
2019_11_DEN_MIN,MIN,319.0,35,29,3,37.0,18,1,319.0,35,29,3,91,279.2,2.6,139.6,1.0,279.2,2.6,34.6,22.2,31.8,22.2
2019_13_MIN_SEA,MIN,276.0,36,22,2,78.0,14,1,276.0,38,22,2,92,276.4,2.4,122.6,1.0,276.4,2.4,31.2,23.6,33.0,23.6
2019_14_DET_MIN,MIN,242.0,29,24,1,120.0,39,1,242.0,30,24,1,93,264.0,2.0,105.0,0.8,264.0,2.0,26.6,23.2,33.8,23.2
2019_15_MIN_LAC,MIN,207.0,24,19,1,137.0,37,2,207.0,25,19,1,94,255.4,2.2,96.8,0.8,255.4,2.2,26.8,23.4,34.6,23.4
2019_16_GB_MIN,MIN,122.0,30,16,1,57.0,16,0,122.0,32,16,1,95,252.8,1.8,105.0,1.2,252.8,1.8,28.8,23.4,32.0,23.4
2019_17_CHI_MIN,MIN,126.0,20,12,0,174.0,26,1,126.0,21,12,0,96,233.2,1.6,85.8,1.0,233.2,1.6,24.8,22.0,32.0,22.0
2020_01_GB_MIN,MIN,259.0,25,19,2,134.0,22,2,259.0,25,19,2,97,194.6,1.0,113.2,1.0,194.6,1.0,26.4,18.6,29.2,18.6
2020_02_MIN_IND,MIN,113.0,23,11,0,80.0,18,1,113.0,26,11,0,98,191.2,1.0,124.4,1.2,191.2,1.0,28.0,18.0,26.6,18.0
2020_03_TEN_MIN,MIN,251.0,25,16,3,226.0,33,1,251.0,27,16,3,99,165.4,0.8,116.4,1.2,165.4,0.8,23.8,15.4,25.8,15.4
2020_04_MIN_HOU,MIN,260.0,21,16,1,162.0,40,3,260.0,22,16,1,100,174.2,1.2,134.2,1.0,174.2,1.2,23.0,14.8,26.2,14.8
2020_05_MIN_SEA,MIN,249.0,38,27,2,201.0,41,1,249.0,39,27,2,101,201.8,1.2,155.2,1.6,201.8,1.2,27.8,14.8,24.2,14.8
2020_06_ATL_MIN,MIN,343.0,35,24,3,32.0,13,0,343.0,36,24,3,102,226.4,1.6,160.6,1.6,226.4,1.6,30.8,17.8,27.8,17.8
2020_08_MIN_GB,MIN,160.0,14,11,1,173.0,34,3,160.0,14,11,1,103,243.2,1.8,140.2,1.2,243.2,1.8,29.0,18.8,30.0,18.8
2020_09_DET_MIN,MIN,220.0,20,13,3,275.0,34,2,220.0,20,13,3,104,252.6,2.0,158.8,1.6,252.6,2.0,32.2,18.8,27.6,18.8
2020_10_MIN_CHI,MIN,292.0,32,25,2,99.0,33,0,292.0,36,25,2,105,246.4,2.0,168.6,1.8,246.4,2.0,32.4,18.2,26.2,18.2
2020_11_DAL_MIN,MIN,314.0,28,22,3,125.0,29,1,314.0,30,22,3,106,252.8,2.2,156.0,1.2,252.8,2.2,31.0,20.0,29.0,20.0
2020_12_CAR_MIN,MIN,307.0,43,34,3,96.0,24,0,307.0,45,34,3,107,265.8,2.4,140.8,1.2,265.8,2.4,28.6,19.0,27.2,19.0
2020_13_JAX_MIN,MIN,305.0,40,28,3,145.0,38,0,305.0,43,28,3,108,258.6,2.4,153.6,1.2,258.6,2.4,30.8,21.0,29.0,21.0
2020_14_MIN_TB,MIN,225.0,35,24,1,162.0,33,1,225.0,37,24,1,109,287.6,2.8,148.0,0.6,287.6,2.8,31.6,24.4,34.8,24.4
2020_15_CHI_MIN,MIN,271.0,30,24,2,158.0,28,1,271.0,35,24,2,110,288.6,2.4,125.4,0.4,288.6,2.4,31.4,26.6,38.2,26.6
2020_16_MIN_NO,MIN,291.0,38,27,3,90.0,17,2,291.0,41,27,3,111,284.4,2.4,137.2,0.6,284.4,2.4,30.4,26.4,38.0,26.4
2020_17_MIN_DET,MIN,405.0,38,28,3,125.0,31,2,405.0,40,28,3,112,279.8,2.4,130.2,0.8,279.8,2.4,28.0,27.4,40.2,27.4
2021_01_MIN_CIN,MIN,362.0,47,37,2,67.0,22,1,362.0,50,37,2,113,299.4,2.4,136.0,1.2,299.4,2.4,29.4,26.2,39.2,26.2
2021_02_MIN_ARI,MIN,244.0,32,22,3,177.0,27,0,244.0,32,22,3,114,310.8,2.2,120.4,1.4,310.8,2.2,26.2,28.0,40.6,28.0
2021_03_SEA_MIN,MIN,323.0,38,30,3,140.0,34,0,323.0,38,30,3,115,314.6,2.6,123.4,1.2,314.6,2.6,25.0,27.6,39.6,27.6
2021_04_CLE_MIN,MIN,203.0,36,20,1,65.0,23,0,203.0,38,20,1,116,325.0,2.8,119.8,1.0,325.0,2.8,26.2,28.8,40.2,28.8
2021_05_DET_MIN,MIN,275.0,31,25,1,120.0,28,0,275.0,34,25,1,117,307.4,2.4,114.8,0.6,307.4,2.4,27.4,27.4,39.6,27.4
2021_06_MIN_CAR,MIN,373.0,45,33,3,198.0,36,1,373.0,48,33,3,118,281.4,2.0,113.8,0.2,281.4,2.0,26.8,26.8,38.4,26.8
2021_08_DAL_MIN,MIN,184.0,33,23,1,101.0,24,0,184.0,36,23,1,119,283.6,2.2,140.0,0.2,283.6,2.2,29.6,26.0,38.0,26.0
2021_09_MIN_BAL,MIN,187.0,28,17,2,131.0,24,1,187.0,28,17,2,120,271.6,1.8,124.8,0.2,271.6,1.8,29.0,26.2,38.8,26.2
2021_10_MIN_LAC,MIN,294.0,35,25,2,103.0,33,1,294.0,37,25,2,121,244.4,1.6,123.0,0.4,244.4,1.6,27.0,23.6,36.8,23.6
2021_11_GB_MIN,MIN,341.0,34,24,3,90.0,29,1,341.0,35,24,3,122,262.6,1.8,130.6,0.6,262.6,1.8,29.0,24.6,36.6,24.6
2021_12_MIN_SF,MIN,262.0,32,21,2,67.0,18,1,262.0,33,21,2,123,275.8,2.2,124.6,0.8,275.8,2.2,29.2,24.4,36.8,24.4
2021_13_MIN_DET,MIN,340.0,41,30,2,100.0,27,1,340.0,41,30,2,124,253.6,2.0,98.4,0.8,253.6,2.0,25.6,22.0,33.8,22.0
2021_14_PIT_MIN,MIN,216.0,31,14,2,242.0,36,2,216.0,31,14,2,125,284.8,2.2,98.2,1.0,284.8,2.2,26.2,23.4,34.8,23.4
2021_15_MIN_CHI,MIN,87.0,22,12,2,132.0,33,0,87.0,24,12,2,126,290.6,2.2,120.4,1.2,290.6,2.2,28.6,22.8,35.4,22.8
2021_16_LA_MIN,MIN,315.0,35,27,1,66.0,22,1,315.0,38,27,1,127,249.2,2.2,126.2,1.0,249.2,2.2,28.6,20.2,32.8,20.2
2021_17_MIN_GB,MIN,194.0,37,24,1,27.0,11,0,194.0,39,24,1,128,244.0,1.8,121.4,1.0,244.0,1.8,27.2,20.8,33.4,20.8
2021_18_CHI_MIN,MIN,250.0,21,14,3,104.0,22,0,250.0,22,14,3,129,230.4,1.6,113.4,0.8,230.4,1.6,25.8,21.4,34.6,21.4
2022_01_GB_MIN,MIN,277.0,31,23,2,126.0,28,0,277.0,32,23,2,130,212.4,1.8,114.2,0.6,212.4,1.8,24.8,18.2,30.8,18.2
2022_02_MIN_PHI,MIN,221.0,45,27,1,62.0,11,0,221.0,46,27,1,131,224.6,1.8,91.0,0.2,224.6,1.8,23.2,20.0,31.0,20.0
2022_03_DET_MIN,MIN,260.0,37,24,2,123.0,25,2,260.0,41,24,2,132,251.4,1.6,77.0,0.2,251.4,1.6,18.8,23.0,35.4,23.0
2022_04_MIN_NO,MIN,286.0,35,26,1,81.0,25,1,286.0,39,26,1,133,240.4,1.8,88.4,0.4,240.4,1.8,19.4,22.4,36.0,22.4
2022_05_CHI_MIN,MIN,319.0,39,33,1,117.0,31,3,319.0,42,33,1,134,258.8,1.8,99.2,0.6,258.8,1.8,22.2,22.8,36.0,22.8
2022_06_MIN_MIA,MIN,175.0,28,20,2,78.0,17,1,175.0,30,20,2,135,272.6,1.4,101.8,1.2,272.6,1.4,24.0,26.6,40.0,26.6
2022_08_ARI_MIN,MIN,232.0,31,24,2,173.0,29,3,232.0,36,24,2,136,252.2,1.4,92.2,1.4,252.2,1.4,21.8,26.0,39.6,26.0
2022_09_MIN_WAS,MIN,262.0,39,23,2,56.0,22,0,262.0,41,23,2,137,254.4,1.6,114.4,2.0,254.4,1.6,25.4,25.4,37.6,25.4
2022_10_MIN_BUF,MIN,357.0,50,30,1,147.0,25,2,357.0,50,30,1,138,254.8,1.6,101.0,1.6,254.8,1.6,24.8,25.2,37.6,25.2
2022_11_DAL_MIN,MIN,159.0,28,17,0,73.0,17,0,159.0,30,17,0,139,269.0,1.6,114.2,1.8,269.0,1.6,24.8,26.0,39.8,26.0
2022_12_NE_MIN,MIN,310.0,37,31,3,57.0,27,0,310.0,38,31,3,140,237.0,1.4,105.4,1.2,237.0,1.4,22.0,22.8,37.4,22.8
2022_13_NYJ_MIN,MIN,173.0,33,21,1,128.0,29,2,173.0,35,21,1,141,264.0,1.6,101.2,1.0,264.0,1.6,24.0,25.0,39.0,25.0
2022_14_MIN_DET,MIN,425.0,40,31,2,22.0,17,1,425.0,41,31,2,142,252.2,1.4,92.2,0.8,252.2,1.4,24.0,24.4,38.8,24.4
2022_15_IND_MIN,MIN,460.0,54,34,4,92.0,24,1,460.0,55,34,4,143,284.8,1.4,85.4,1.0,284.8,1.4,23.0,26.0,38.8,26.0
2022_16_NYG_MIN,MIN,299.0,47,34,3,83.0,19,0,299.0,48,34,3,144,305.4,2.0,74.4,0.8,305.4,2.0,22.8,26.8,39.8,26.8
2022_17_MIN_GB,MIN,262.0,35,22,2,102.0,20,0,262.0,35,22,2,145,333.4,2.6,76.4,0.8,333.4,2.6,23.2,30.2,43.4,30.2
2022_18_MIN_CHI,MIN,341.0,32,28,1,141.0,38,2,341.0,33,28,1,146,323.8,2.4,85.4,0.8,323.8,2.4,21.8,28.4,42.8,28.4
2023_01_TB_MIN,MIN,344.0,44,33,2,41.0,17,0,344.0,44,33,2,147,357.4,2.4,88.0,0.8,357.4,2.4,23.6,29.8,42.4,29.8
2023_02_MIN_PHI,MIN,364.0,43,31,4,28.0,9,0,364.0,44,31,4,148,341.2,2.4,91.8,0.6,341.2,2.4,23.6,30.2,43.0,30.2
2023_03_LAC_MIN,MIN,367.0,48,32,3,130.0,24,0,367.0,50,32,3,149,322.0,2.4,79.0,0.4,322.0,2.4,20.6,29.6,40.8,29.6
2023_04_MIN_CAR,MIN,139.0,18,12,2,135.0,23,0,139.0,19,12,2,150,335.6,2.4,88.4,0.4,335.6,2.4,21.6,29.2,41.2,29.2
2023_05_KC_MIN,MIN,284.0,46,29,2,70.0,18,0,284.0,47,29,2,151,311.0,2.4,95.0,0.4,311.0,2.4,22.2,27.2,38.0,27.2
2023_06_MIN_CHI,MIN,181.0,30,21,1,46.0,22,0,181.0,31,21,1,152,299.6,2.6,80.8,0.0,299.6,2.6,18.2,27.4,40.8,27.4
2023_07_SF_MIN,MIN,378.0,43,35,2,74.0,21,0,378.0,45,35,2,153,267.0,2.4,81.8,0.0,267.0,2.4,19.2,25.0,38.2,25.0
2023_08_MIN_GB,MIN,297.0,34,26,2,62.0,31,1,297.0,35,26,2,154,269.8,2.0,91.0,0.0,269.8,2.0,21.6,25.8,38.4,25.8
2023_09_MIN_ATL,MIN,236.0,35,25,2,146.0,33,1,236.0,36,25,2,155,255.8,1.8,77.4,0.2,255.8,1.8,23.0,24.6,35.4,24.6
2023_10_NO_MIN,MIN,268.0,32,23,1,125.0,33,2,268.0,34,23,1,156,275.2,1.8,79.6,0.4,275.2,1.8,25.0,27.2,38.8,27.2
2023_11_MIN_DEN,MIN,221.0,29,20,1,175.0,36,1,221.0,32,20,1,157,272.0,1.6,90.6,0.8,272.0,1.6,28.0,26.0,36.2,26.0
2023_12_CHI_MIN,MIN,185.0,30,22,1,73.0,17,0,185.0,32,22,1,158,280.0,1.6,116.4,1.0,280.0,1.6,30.8,25.8,36.4,25.8
2023_14_MIN_LV,MIN,146.0,33,19,0,132.0,30,0,146.0,36,19,0,159,241.4,1.4,116.2,1.0,241.4,1.4,30.0,23.2,33.8,23.2
2023_15_MIN_CIN,MIN,303.0,32,26,2,143.0,30,1,303.0,34,26,2,160,211.2,1.0,130.2,0.8,211.2,1.0,29.8,21.8,34.0,21.8
2023_16_DET_MIN,MIN,411.0,35,22,2,17.0,11,1,411.0,36,22,2,161,224.6,1.0,129.6,0.8,224.6,1.0,29.2,22.0,33.6,22.0
2023_17_GB_MIN,MIN,180.0,31,18,1,67.0,16,0,180.0,32,18,1,162,253.2,1.2,108.0,0.6,253.2,1.2,24.8,21.8,34.0,21.8
2023_18_MIN_DET,MIN,396.0,43,30,2,89.0,22,0,396.0,44,30,2,163,245.0,1.2,86.4,0.4,245.0,1.2,20.8,21.4,34.0,21.4
2024_01_MIN_NYG,MIN,208.0,23,19,2,111.0,26,1,208.0,24,19,2,164,287.2,1.4,89.6,0.4,287.2,1.4,21.8,23.0,36.4,23.0
2024_02_SF_MIN,MIN,268.0,24,17,2,146.0,24,0,268.0,26,17,2,165,299.6,1.8,85.4,0.6,299.6,1.8,21.0,23.0,34.0,23.0
2024_03_HOU_MIN,MIN,181.0,25,17,4,118.0,28,0,181.0,28,17,4,166,292.6,1.8,86.0,0.4,292.6,1.8,19.8,21.2,32.4,21.2
2024_04_MIN_GB,MIN,275.0,27,20,3,120.0,34,1,275.0,28,20,3,167,246.6,2.2,106.2,0.2,246.6,2.2,23.2,20.2,30.8,20.2
2024_05_NYJ_MIN,MIN,203.0,28,15,0,82.0,30,1,203.0,32,15,0,168,265.6,2.6,116.8,0.4,265.6,2.6,26.8,20.6,30.0,20.6
2024_07_DET_MIN,MIN,259.0,26,22,1,139.0,21,1,259.0,27,22,1,169,227.0,2.2,115.4,0.6,227.0,2.2,28.4,17.6,27.6,17.6
2024_08_MIN_LA,MIN,240.0,23,18,2,64.0,22,0,240.0,25,18,2,170,237.2,2.0,121.0,0.6,237.2,2.0,27.4,18.2,28.2,18.2
2024_09_IND_MIN,MIN,312.0,33,29,3,133.0,32,0,312.0,35,29,3,171,231.6,2.0,104.6,0.6,231.6,2.0,27.0,18.4,28.0,18.4
2024_10_MIN_JAX,MIN,241.0,37,24,0,169.0,43,0,241.0,38,24,0,172,257.8,1.8,107.6,0.6,257.8,1.8,27.8,20.8,29.4,20.8
2024_11_MIN_TEN,MIN,246.0,30,20,2,82.0,33,1,246.0,32,20,2,173,251.0,1.2,117.4,0.4,251.0,1.2,29.6,21.6,31.4,21.6
2024_12_MIN_CHI,MIN,344.0,32,23,2,124.0,27,1,344.0,35,23,2,174,259.6,1.6,117.4,0.4,259.6,1.6,30.2,22.6,31.4,22.6
2024_13_ARI_MIN,MIN,235.0,30,21,2,68.0,15,0,235.0,31,21,2,175,276.6,1.8,114.4,0.4,276.6,1.8,31.4,22.8,33.0,22.8
2024_14_ATL_MIN,MIN,347.0,28,22,5,115.0,24,1,347.0,28,22,5,176,275.6,1.8,115.2,0.4,275.6,1.8,30.0,23.4,34.2,23.4
2024_15_CHI_MIN,MIN,231.0,37,24,1,114.0,29,2,231.0,40,24,1,177,282.6,2.2,111.6,0.6,282.6,2.2,28.4,22.0,32.8,22.0
2024_16_MIN_SEA,MIN,246.0,35,22,3,81.0,24,0,246.0,35,22,3,178,280.6,2.4,100.6,1.0,280.6,2.4,25.6,22.0,33.2,22.0
2024_17_GB_MIN,MIN,377.0,41,33,3,69.0,26,0,377.0,43,33,3,179,280.6,2.6,100.4,0.8,280.6,2.6,23.8,22.4,33.8,22.4
2024_18_MIN_DET,MIN,166.0,38,18,0,120.0,19,0,166.0,41,18,0,180,287.2,2.8,89.4,0.6,287.2,2.8,23.6,24.4,35.4,24.4
2014_01_NE_MIA,NE,249.0,56,29,1,89.0,20,1,249.0,56,29,1,1,,,,,,,,,,
2014_02_NE_MIN,NE,149.0,21,14,1,150.0,37,1,149.0,21,14,1,2,249.0,1.0,89.0,1.0,249.0,1.0,20.0,29.0,56.0,29.0
2014_03_OAK_NE,NE,234.0,37,24,1,76.0,32,0,234.0,37,24,1,3,199.0,1.0,119.5,1.0,199.0,1.0,28.5,21.5,38.5,21.5
2014_04_NE_KC,NE,229.0,30,20,2,75.0,16,0,229.0,30,20,2,4,210.66666666666666,1.0,105.0,0.6666666666666666,210.66666666666666,1.0,29.666666666666668,22.333333333333332,38.0,22.333333333333332
2014_05_CIN_NE,NE,292.0,34,23,2,220.0,46,1,292.0,35,23,2,5,215.25,1.25,97.5,0.5,215.25,1.25,26.25,21.75,36.0,21.75
2014_06_NE_BUF,NE,361.0,37,27,4,50.0,27,0,361.0,37,27,4,6,230.6,1.4,122.0,0.6,230.6,1.4,30.2,22.0,35.8,22.0
2014_07_NYJ_NE,NE,261.0,36,20,3,63.0,15,0,261.0,37,20,3,7,253.0,2.0,114.2,0.4,253.0,2.0,31.6,21.6,32.0,21.6
2014_08_CHI_NE,NE,376.0,38,33,5,122.0,32,0,376.0,38,33,5,8,275.4,2.4,96.8,0.2,275.4,2.4,27.2,22.8,35.2,22.8
2014_09_DEN_NE,NE,333.0,49,33,4,66.0,25,0,333.0,53,33,4,9,303.8,3.2,106.0,0.2,303.8,3.2,27.2,24.6,35.4,24.6
2014_11_NE_IND,NE,257.0,29,19,2,246.0,44,4,257.0,30,19,2,10,324.6,3.6,104.2,0.2,324.6,3.6,29.0,27.2,40.0,27.2
2014_12_DET_NE,NE,349.0,53,38,2,90.0,20,2,349.0,53,38,2,11,317.6,3.6,109.4,0.8,317.6,3.6,28.6,26.4,39.0,26.4
2014_13_NE_GB,NE,245.0,35,22,2,84.0,18,1,245.0,35,22,2,12,315.2,3.2,117.4,1.2,315.2,3.2,27.2,28.6,42.2,28.6
2014_14_NE_SD,NE,317.0,44,28,2,87.0,28,0,317.0,44,28,2,13,312.0,3.0,121.6,1.4,312.0,3.0,27.8,29.0,41.8,29.0
2014_15_MIA_NE,NE,287.0,35,21,2,108.0,29,2,287.0,35,21,2,14,300.2,2.4,114.6,1.4,300.2,2.4,27.0,28.0,43.0,28.0
2014_16_NE_NYJ,NE,182.0,35,23,1,85.0,24,1,182.0,35,23,1,15,291.0,2.0,123.0,1.8,291.0,2.0,27.8,25.6,39.4,25.6
2014_17_BUF_NE,NE,170.0,32,18,0,116.0,25,0,170.0,33,18,0,16,276.0,1.8,90.8,1.2,276.0,1.8,23.8,26.4,40.4,26.4
2015_01_PIT_NE,NE,288.0,32,25,4,80.0,24,0,288.0,32,25,4,17,240.2,1.4,96.0,0.8,240.2,1.4,24.8,22.4,36.4,22.4
2015_02_NE_BUF,NE,466.0,59,38,3,56.0,15,1,466.0,59,38,3,18,248.8,1.8,95.2,0.6,248.8,1.8,26.0,23.0,35.8,23.0
2015_03_JAX_NE,NE,358.0,41,33,2,125.0,32,4,358.0,42,33,2,19,278.6,2.0,89.0,0.8,278.6,2.0,23.4,25.0,38.8,25.0
2015_05_NE_DAL,NE,275.0,27,20,2,109.0,23,1,275.0,27,20,2,20,292.8,2.0,92.4,1.2,292.8,2.0,24.0,27.4,40.2,27.4
2015_06_NE_IND,NE,312.0,37,23,3,116.0,25,1,312.0,37,23,3,21,311.4,2.2,97.2,1.2,311.4,2.2,23.8,26.8,38.6,26.8
2015_07_NYJ_NE,NE,355.0,54,34,2,16.0,9,1,355.0,54,34,2,22,339.8,2.8,97.2,1.4,339.8,2.8,23.8,27.8,39.4,27.8
2015_08_MIA_NE,NE,356.0,38,26,4,95.0,26,0,356.0,38,26,4,23,353.2,2.4,84.4,1.6,353.2,2.4,20.8,29.6,43.8,29.6
2015_09_WAS_NE,NE,299.0,39,26,2,161.0,37,1,299.0,39,26,2,24,331.2,2.6,92.2,1.4,331.2,2.6,23.0,27.2,39.6,27.2
2015_10_NE_NYG,NE,334.0,41,26,2,77.0,23,1,334.0,42,26,2,25,319.4,2.6,99.4,0.8,319.4,2.6,24.0,25.8,39.0,25.8
2015_11_BUF_NE,NE,277.0,38,20,1,85.0,22,1,277.0,39,20,1,26,331.2,2.6,93.0,0.8,331.2,2.6,24.0,27.0,42.0,27.0
2015_12_NE_DEN,NE,280.0,42,23,3,39.0,16,0,280.0,42,23,3,27,324.2,2.2,86.8,0.8,324.2,2.2,23.4,26.4,42.4,26.4
2015_13_PHI_NE,NE,348.0,56,30,3,103.0,25,1,348.0,57,30,3,28,309.2,2.4,91.4,0.6,309.2,2.4,24.8,24.2,40.0,24.2
2015_14_NE_HOU,NE,226.0,30,22,2,116.0,31,1,226.0,30,22,2,29,307.6,2.2,93.0,0.8,307.6,2.2,24.6,25.0,43.8,25.0
2015_15_TEN_NE,NE,267.0,34,23,2,93.0,26,0,267.0,35,23,2,30,293.0,2.2,84.0,0.8,293.0,2.2,23.4,24.2,42.0,24.2
2015_16_NE_NYJ,NE,231.0,31,22,1,63.0,22,0,231.0,31,22,1,31,279.6,2.2,87.2,0.6,279.6,2.2,24.0,23.6,40.6,23.6
2015_17_NE_MIA,NE,140.0,25,13,0,70.0,27,1,140.0,25,13,0,32,270.4,2.2,82.8,0.4,270.4,2.2,24.0,24.0,39.0,24.0
2016_01_NE_ARI,NE,264.0,33,24,1,106.0,31,1,264.0,33,24,1,33,242.4,1.6,89.0,0.6,242.4,1.6,26.2,22.0,35.6,22.0
2016_02_MIA_NE,NE,324.0,35,24,3,161.0,38,1,324.0,35,24,3,34,225.6,1.2,89.6,0.6,225.6,1.2,27.4,20.8,30.8,20.8
2016_03_HOU_NE,NE,103.0,19,11,0,185.0,39,3,103.0,19,11,0,35,245.2,1.4,98.6,0.6,245.2,1.4,28.8,21.2,31.8,21.2
2016_04_BUF_NE,NE,205.0,27,17,0,90.0,22,0,205.0,27,17,0,36,212.4,1.0,117.0,1.2,212.4,1.0,31.4,18.8,28.6,18.8
2016_05_NE_CLE,NE,406.0,41,28,3,98.0,35,1,406.0,41,28,3,37,207.2,0.8,122.4,1.2,207.2,0.8,31.4,17.8,27.8,17.8
2016_06_CIN_NE,NE,376.0,35,29,3,79.0,23,1,376.0,35,29,3,38,260.4,1.4,128.0,1.2,260.4,1.4,33.0,20.8,31.0,20.8
2016_07_NE_PIT,NE,222.0,26,19,2,140.0,29,2,222.0,26,19,2,39,282.8,1.8,122.6,1.2,282.8,1.8,31.4,21.8,31.4,21.8
2016_08_NE_BUF,NE,315.0,33,22,4,72.0,23,1,315.0,33,22,4,40,262.4,1.6,118.4,1.4,262.4,1.6,29.6,20.8,29.6,20.8
2016_10_SEA_NE,NE,316.0,32,23,0,81.0,28,3,316.0,32,23,0,41,304.8,2.4,95.8,1.0,304.8,2.4,26.4,23.0,32.4,23.0
2016_11_NE_SF,NE,280.0,38,24,4,171.0,30,0,280.0,40,24,4,42,327.0,2.4,94.0,1.6,327.0,2.4,27.6,24.2,33.4,24.2
2016_12_NE_NYJ,NE,286.0,50,30,2,91.0,21,0,286.0,50,30,2,43,301.8,2.6,108.6,1.4,301.8,2.6,26.6,23.4,33.2,23.4
2016_13_LA_NE,NE,269.0,46,33,1,133.0,29,1,269.0,46,33,1,44,283.8,2.4,111.0,1.2,283.8,2.4,26.2,23.6,36.2,23.6
2016_14_BAL_NE,NE,406.0,37,25,3,95.0,26,1,406.0,38,25,3,45,293.2,2.2,109.6,1.0,293.2,2.2,26.2,26.4,40.2,26.4
2016_15_NE_DEN,NE,188.0,31,16,0,136.0,39,1,188.0,32,16,0,46,311.4,2.0,114.2,1.0,311.4,2.0,26.8,27.0,41.2,27.0
2016_16_NYJ_NE,NE,220.0,29,18,3,114.0,40,2,220.0,29,18,3,47,285.8,2.0,125.2,0.6,285.8,2.0,29.0,25.6,41.2,25.6
2016_17_NE_MIA,NE,276.0,34,25,3,120.0,29,1,276.0,34,25,3,48,273.8,1.8,113.8,1.0,273.8,1.8,31.0,24.4,39.0,24.4
2017_01_KC_NE,NE,267.0,36,16,0,124.0,35,3,267.0,36,16,0,49,271.8,2.0,119.6,1.2,271.8,2.0,32.6,23.4,35.8,23.4
2017_02_NE_NO,NE,447.0,39,30,3,119.0,31,1,447.0,39,30,3,50,271.4,1.8,117.8,1.6,271.4,1.8,33.8,20.0,33.8,20.0
2017_03_HOU_NE,NE,378.0,35,25,5,59.0,20,0,378.0,35,25,5,51,279.6,1.8,122.6,1.6,279.6,1.8,34.8,21.0,34.0,21.0
2017_04_CAR_NE,NE,307.0,45,32,2,80.0,19,1,307.0,45,32,2,52,317.6,2.8,107.2,1.4,317.6,2.8,31.0,22.8,34.6,22.8
2017_05_NE_TB,NE,303.0,40,30,1,113.0,23,0,303.0,40,30,1,53,335.0,2.6,100.4,1.2,335.0,2.6,26.8,25.6,37.8,25.6
2017_06_NE_NYJ,NE,257.0,38,20,2,118.0,25,1,257.0,38,20,2,54,340.4,2.2,99.0,1.0,340.4,2.2,25.6,26.6,39.0,26.6
2017_07_ATL_NE,NE,249.0,29,21,2,162.0,36,0,249.0,29,21,2,55,338.4,2.6,97.8,0.6,338.4,2.6,23.6,27.4,39.4,27.4
2017_08_LAC_NE,NE,333.0,47,32,1,97.0,32,0,333.0,47,32,1,56,298.8,2.4,106.4,0.4,298.8,2.4,24.6,25.6,37.4,25.6
2017_10_NE_DEN,NE,303.0,37,28,3,99.0,29,1,303.0,37,28,3,57,289.8,1.6,114.0,0.4,289.8,1.6,27.0,27.0,39.8,27.0
2017_11_NE_OAK,NE,340.0,37,30,3,89.0,20,0,340.0,37,30,3,58,289.0,1.8,117.8,0.4,289.0,1.8,29.0,26.2,38.2,26.2
2017_12_MIA_NE,NE,227.0,28,18,4,196.0,38,1,227.0,28,18,4,59,296.4,2.2,113.0,0.4,296.4,2.2,28.4,26.2,37.6,26.2
2017_13_NE_BUF,NE,258.0,30,21,0,191.0,35,2,258.0,30,21,0,60,290.4,2.6,128.6,0.4,290.4,2.6,31.0,25.8,35.6,25.8
2017_14_NE_MIA,NE,233.0,41,24,1,25.0,10,1,233.0,43,24,1,61,292.2,2.2,134.4,0.8,292.2,2.2,30.8,25.8,35.8,25.8
2017_15_NE_PIT,NE,298.0,35,22,1,77.0,19,2,298.0,35,22,1,62,272.2,2.2,120.0,1.0,272.2,2.2,26.4,24.2,35.0,24.2
2017_16_BUF_NE,NE,224.0,28,21,2,193.0,38,2,224.0,28,21,2,63,271.2,1.8,115.6,1.2,271.2,1.8,24.4,23.0,34.6,23.0
2017_17_NYJ_NE,NE,195.0,39,19,2,147.0,38,1,195.0,40,19,2,64,248.0,1.6,136.4,1.6,248.0,1.6,28.0,21.2,32.8,21.2
2018_01_HOU_NE,NE,277.0,39,26,3,122.0,31,0,277.0,39,26,3,65,241.6,1.2,126.6,1.6,241.6,1.2,28.0,21.4,35.2,21.4
2018_02_NE_JAX,NE,234.0,35,24,2,82.0,24,0,234.0,35,24,2,66,245.4,1.8,112.8,1.2,245.4,1.8,27.2,22.4,37.0,22.4
2018_03_NE_DET,NE,133.0,24,14,1,89.0,19,0,133.0,26,14,1,67,245.6,2.0,124.2,1.0,245.6,2.0,30.0,22.4,35.4,22.4
2018_04_MIA_NE,NE,274.0,35,23,3,175.0,40,2,274.0,35,23,3,68,212.6,2.0,126.6,0.6,212.6,2.0,30.0,20.8,33.6,20.8
2018_05_IND_NE,NE,341.0,44,34,3,97.0,23,2,341.0,44,34,3,69,222.6,2.2,123.0,0.6,222.6,2.2,30.4,21.2,35.0,21.2
2018_06_KC_NE,NE,340.0,35,24,1,173.0,38,3,340.0,35,24,1,70,251.8,2.4,113.0,0.8,251.8,2.4,27.4,24.2,35.8,24.2
2018_07_NE_CHI,NE,277.0,35,25,3,108.0,27,0,277.0,36,25,3,71,264.4,2.0,123.2,1.4,264.4,2.0,28.8,23.8,35.0,23.8
2018_08_NE_BUF,NE,324.0,41,29,0,76.0,25,1,324.0,45,29,0,72,273.0,2.2,128.4,1.4,273.0,2.2,29.4,24.0,35.2,24.0
2018_09_GB_NE,NE,331.0,35,23,1,123.0,31,3,331.0,36,23,1,73,311.2,2.0,125.8,1.6,311.2,2.0,30.6,27.0,39.0,27.0
2018_10_NE_TEN,NE,267.0,40,23,0,40.0,19,1,267.0,43,23,0,74,322.6,1.6,115.4,1.8,322.6,1.6,28.8,27.0,39.2,27.0
2018_12_NE_NYJ,NE,283.0,30,20,2,215.0,36,1,283.0,31,20,2,75,307.8,1.0,104.0,1.6,307.8,1.0,28.0,24.8,39.0,24.8
2018_13_MIN_NE,NE,311.0,32,24,1,160.0,39,2,311.0,32,24,1,76,296.4,1.2,112.4,1.2,296.4,1.2,27.6,24.0,38.2,24.0
2018_14_NE_MIA,NE,358.0,39,27,3,77.0,30,1,358.0,43,27,3,77,303.2,0.8,122.8,1.6,303.2,0.8,30.0,23.8,37.4,23.8
2018_15_NE_PIT,NE,279.0,36,25,1,96.0,19,0,279.0,36,25,1,78,310.0,1.4,123.0,1.6,310.0,1.4,31.0,23.4,37.0,23.4
2018_16_BUF_NE,NE,126.0,24,13,1,273.0,47,2,126.0,25,13,1,79,299.6,1.4,117.6,1.0,299.6,1.4,28.6,23.8,37.0,23.8
2018_17_NYJ_NE,NE,250.0,32,24,4,131.0,30,0,250.0,33,24,4,80,271.4,1.6,164.2,1.2,271.4,1.6,34.2,21.8,33.4,21.8
2019_01_PIT_NE,NE,373.0,37,25,3,99.0,29,0,373.0,37,25,3,81,264.8,2.0,147.4,1.0,264.8,2.0,33.0,22.6,33.8,22.6
2019_02_NE_MIA,NE,264.0,28,20,2,124.0,35,2,264.0,28,20,2,82,277.2,2.4,135.2,0.6,277.2,2.4,31.0,22.8,34.8,22.8
2019_03_NYJ_NE,NE,320.0,43,30,2,68.0,27,2,320.0,45,30,2,83,258.4,2.2,144.6,0.8,258.4,2.2,32.0,21.4,31.8,21.4
2019_04_NE_BUF,NE,150.0,34,18,0,74.0,23,1,150.0,39,18,0,84,266.6,2.4,139.0,1.2,266.6,2.4,33.6,22.4,33.6,22.4
2019_05_NE_WAS,NE,348.0,40,28,3,130.0,27,1,348.0,43,28,3,85,271.4,2.2,99.2,1.0,271.4,2.2,28.8,23.4,36.4,23.4
2019_06_NYG_NE,NE,334.0,41,31,0,114.0,34,3,334.0,41,31,0,86,291.0,2.0,99.0,1.2,291.0,2.0,28.2,24.2,38.4,24.2
2019_07_NE_NYJ,NE,249.0,42,31,1,74.0,34,3,249.0,45,31,1,87,283.2,1.4,102.0,1.8,283.2,1.4,29.2,25.4,39.2,25.4
2019_08_CLE_NE,NE,259.0,32,20,2,79.0,27,0,259.0,36,20,2,88,280.2,1.2,92.0,2.0,280.2,1.2,29.0,27.6,42.6,27.6
2019_09_NE_BAL,NE,285.0,41,30,1,74.0,17,1,285.0,46,30,1,89,268.0,1.2,94.2,1.6,268.0,1.2,29.0,25.6,40.8,25.6
2019_11_NE_PHI,NE,231.0,45,27,1,74.0,22,0,231.0,48,27,1,90,295.0,1.4,94.2,1.6,295.0,1.4,27.8,28.0,42.2,28.0
2019_12_DAL_NE,NE,190.0,35,17,1,101.0,27,0,190.0,37,17,1,91,271.6,1.0,83.0,1.4,271.6,1.0,26.8,27.8,43.2,27.8
2019_13_NE_HOU,NE,326.0,45,24,3,145.0,29,0,326.0,47,24,3,92,242.8,1.2,80.4,0.8,242.8,1.2,25.4,25.0,42.4,25.0
2019_14_KC_NE,NE,204.0,35,20,1,94.0,22,1,204.0,37,20,1,93,258.2,1.6,94.6,0.2,258.2,1.6,24.4,23.6,42.8,23.6
2019_15_NE_CIN,NE,128.0,28,15,2,175.0,32,1,128.0,29,15,2,94,247.2,1.4,97.6,0.4,247.2,1.4,23.4,23.6,43.0,23.6
2019_16_BUF_NE,NE,271.0,32,26,1,143.0,35,1,271.0,33,26,1,95,215.8,1.6,117.8,0.4,215.8,1.6,26.4,20.6,39.6,20.6
2019_17_MIA_NE,NE,221.0,29,16,2,135.0,27,1,221.0,29,16,2,96,223.8,1.6,131.6,0.6,223.8,1.6,29.0,20.4,36.6,20.4
2020_01_MIA_NE,NE,155.0,19,15,0,217.0,42,3,155.0,19,15,0,97,230.0,1.8,138.4,0.8,230.0,1.8,29.0,20.2,35.0,20.2
2020_02_NE_SEA,NE,397.0,43,30,1,67.0,25,2,397.0,44,30,1,98,195.8,1.2,152.8,1.4,195.8,1.2,31.6,18.4,29.4,18.4
2020_03_LV_NE,NE,162.0,28,17,1,250.0,38,2,162.0,28,17,1,99,234.4,1.2,147.4,1.6,234.4,1.2,32.2,20.4,30.8,20.4
2020_04_NE_KC,NE,190.0,35,20,1,185.0,35,0,190.0,37,20,1,100,241.2,1.0,162.4,1.8,241.2,1.0,33.4,20.8,30.6,20.8
2020_06_DEN_NE,NE,195.0,27,19,0,117.0,25,1,195.0,27,19,0,101,225.0,1.0,170.8,1.6,225.0,1.0,33.4,19.6,31.4,19.6
2020_07_SF_NE,NE,162.0,22,15,0,94.0,22,0,162.0,25,15,0,102,219.8,0.6,167.2,1.6,219.8,0.6,33.0,20.2,31.0,20.2
2020_08_NE_BUF,NE,174.0,23,15,0,188.0,34,2,174.0,25,15,0,103,221.2,0.6,142.6,1.0,221.2,0.6,29.0,20.2,32.2,20.2
2020_09_NE_NYJ,NE,274.0,34,27,0,159.0,41,3,274.0,35,27,0,104,176.6,0.4,166.8,1.0,176.6,0.4,30.8,17.2,28.4,17.2
2020_10_BAL_NE,NE,142.0,17,14,2,173.0,39,1,142.0,18,14,2,105,199.0,0.2,148.6,1.2,199.0,0.2,31.4,19.2,29.8,19.2
2020_11_NE_HOU,NE,365.0,38,26,1,86.0,24,1,365.0,40,26,1,106,189.4,0.4,146.2,1.4,189.4,0.4,32.2,18.0,26.0,18.0
2020_12_ARI_NE,NE,84.0,17,9,0,110.0,30,2,84.0,18,9,0,107,223.4,0.6,140.0,1.4,223.4,0.6,32.0,19.4,28.6,19.4
2020_13_NE_LAC,NE,130.0,21,14,2,165.0,43,2,130.0,22,14,2,108,207.8,0.6,143.2,1.8,207.8,0.6,33.6,18.2,27.2,18.2
2020_14_NE_LA,NE,146.0,23,14,0,107.0,29,0,146.0,23,14,0,109,199.0,1.0,138.6,1.8,199.0,1.0,35.4,18.0,26.6,18.0
2020_15_NE_MIA,NE,209.0,25,17,0,117.0,22,0,209.0,27,17,0,110,173.4,1.0,128.2,1.2,173.4,1.0,33.0,15.4,24.2,15.4
2020_16_BUF_NE,NE,78.0,18,9,0,145.0,24,1,78.0,21,9,0,111,186.8,0.6,117.0,1.0,186.8,0.6,29.6,16.0,26.0,16.0
2020_17_NYJ_NE,NE,261.0,30,22,4,166.0,29,0,261.0,31,22,4,112,129.4,0.4,128.8,1.0,129.4,0.4,29.6,12.6,22.2,12.6
2021_01_MIA_NE,NE,281.0,38,29,1,125.0,30,0,281.0,39,29,1,113,164.8,1.2,140.0,0.6,164.8,1.2,29.4,15.2,24.8,15.2
2021_02_NE_NYJ,NE,186.0,28,22,0,101.0,24,2,186.0,30,22,0,114,195.0,1.0,132.0,0.2,195.0,1.0,26.8,18.2,28.2,18.2
2021_03_NO_NE,NE,270.0,51,30,1,49.0,17,0,270.0,51,30,1,115,203.0,1.0,130.8,0.6,203.0,1.0,25.8,19.8,29.6,19.8
2021_04_TB_NE,NE,320.0,42,33,2,-1.0,8,0,320.0,42,33,2,116,215.2,1.2,117.2,0.6,215.2,1.2,24.8,22.4,34.4,22.4
2021_05_NE_HOU,NE,231.0,28,23,1,126.0,30,1,231.0,30,23,1,117,263.6,1.6,88.0,0.4,263.6,1.6,21.6,27.2,38.6,27.2
2021_06_DAL_NE,NE,229.0,21,15,2,120.0,27,2,229.0,21,15,2,118,257.6,1.0,80.0,0.6,257.6,1.0,21.8,27.4,38.4,27.4
2021_07_NYJ_NE,NE,411.0,40,28,3,148.0,32,4,411.0,41,28,3,119,247.2,1.2,79.0,1.0,247.2,1.2,21.2,24.6,34.8,24.6
2021_08_NE_LAC,NE,217.0,34,18,0,142.0,39,1,217.0,35,18,0,120,292.2,1.8,88.4,1.4,292.2,1.8,22.8,25.8,37.0,25.8
2021_09_NE_CAR,NE,139.0,18,12,1,151.0,39,1,139.0,18,12,1,121,281.6,1.6,107.0,1.6,281.6,1.6,27.2,23.4,33.8,23.4
2021_10_CLE_NE,NE,283.0,25,22,4,184.0,34,2,283.0,26,22,4,122,245.4,1.4,137.4,1.8,245.4,1.4,33.4,19.2,29.0,19.2
2021_11_NE_ATL,NE,207.0,26,22,1,134.0,30,0,207.0,26,22,1,123,255.8,2.0,149.0,2.0,255.8,2.0,34.2,19.0,28.2,19.0
2021_12_TEN_NE,NE,310.0,32,23,2,105.0,24,1,310.0,32,23,2,124,251.4,1.8,151.8,1.6,251.4,1.8,34.8,20.4,29.2,20.4
2021_13_NE_BUF,NE,19.0,3,2,0,222.0,46,1,19.0,3,2,0,125,231.2,1.6,143.2,1.0,231.2,1.6,33.2,19.4,27.4,19.4
2021_15_NE_IND,NE,299.0,44,26,2,81.0,19,0,299.0,45,26,2,126,191.6,1.6,159.2,1.0,191.6,1.6,34.6,16.2,21.0,16.2
2021_16_BUF_NE,NE,145.0,31,14,0,149.0,27,3,145.0,32,14,0,127,223.6,1.8,145.2,0.8,223.6,1.8,30.6,19.0,26.4,19.0
2021_17_JAX_NE,NE,290.0,33,25,3,181.0,36,4,290.0,34,25,3,128,196.0,1.0,138.2,1.0,196.0,1.0,29.2,17.4,27.6,17.4
2021_18_NE_MIA,NE,261.0,30,20,1,134.0,27,2,261.0,30,20,1,129,212.6,1.4,147.6,1.8,212.6,1.4,30.4,18.0,29.2,18.0
2022_01_NE_MIA,NE,213.0,30,21,1,78.0,22,0,213.0,30,21,1,130,202.8,1.2,153.4,2.0,202.8,1.2,31.0,17.4,28.8,17.4
2022_02_NE_PIT,NE,252.0,34,21,1,124.0,31,1,252.0,35,21,1,131,241.6,1.4,124.6,1.8,241.6,1.4,26.2,21.2,34.2,21.2
2022_03_BAL_NE,NE,321.0,32,22,0,145.0,28,3,321.0,32,22,0,132,232.2,1.2,133.2,2.0,232.2,1.2,28.6,20.2,32.2,20.2
2022_04_NE_GB,NE,136.0,20,15,1,167.0,33,1,136.0,21,15,1,133,267.4,1.2,132.4,2.0,267.4,1.2,28.8,21.8,32.2,21.8
2022_05_DET_NE,NE,188.0,21,17,1,176.0,35,0,188.0,21,17,1,134,236.6,0.8,129.6,1.4,236.6,0.8,28.2,19.8,29.6,19.8
2022_06_NE_CLE,NE,309.0,31,24,2,98.0,29,3,309.0,34,24,2,135,222.0,0.8,138.0,1.0,222.0,0.8,29.8,19.2,27.8,19.2
2022_07_CHI_NE,NE,198.0,28,17,1,70.0,19,1,198.0,28,17,1,136,241.2,1.0,142.0,1.6,241.2,1.0,31.2,19.8,28.6,19.8
2022_08_NE_NYJ,NE,194.0,32,24,1,127.0,34,0,194.0,35,24,1,137,230.4,1.0,131.2,1.6,230.4,1.0,28.8,19.0,27.2,19.0
2022_09_IND_NE,NE,147.0,29,20,1,70.0,28,0,147.0,30,20,1,138,205.0,1.2,127.6,1.0,205.0,1.2,30.0,19.4,27.8,19.4
2022_11_NYJ_NE,NE,246.0,27,23,0,99.0,26,0,246.0,27,23,0,139,207.2,1.2,108.2,0.8,207.2,1.2,29.0,20.4,29.6,20.4
2022_12_NE_MIN,NE,382.0,35,28,2,45.0,13,0,382.0,39,28,2,140,218.8,1.0,92.8,0.8,218.8,1.0,27.2,21.6,30.8,21.6
2022_13_BUF_NE,NE,195.0,34,22,1,60.0,14,0,195.0,36,22,1,141,233.4,1.0,82.2,0.2,233.4,1.0,24.0,22.4,31.8,22.4
2022_14_NE_ARI,NE,235.0,33,24,0,103.0,21,2,235.0,35,24,0,142,232.8,1.0,80.2,0.0,232.8,1.0,23.0,23.4,33.4,23.4
2022_15_NE_LV,NE,112.0,30,13,0,226.0,32,1,112.0,31,13,0,143,241.0,0.8,75.4,0.4,241.0,0.8,20.4,23.4,33.4,23.4
2022_16_CIN_NE,NE,240.0,31,21,2,61.0,16,0,240.0,33,21,2,144,234.0,0.6,106.6,0.6,234.0,0.6,21.2,22.0,33.6,22.0
2022_17_MIA_NE,NE,204.0,32,20,2,76.0,21,0,204.0,33,20,2,145,232.8,1.0,99.0,0.6,232.8,1.0,19.2,21.6,34.8,21.6
2022_18_NE_BUF,NE,243.0,39,26,3,107.0,23,0,243.0,40,26,3,146,197.2,1.0,105.2,0.6,197.2,1.0,20.8,20.0,33.6,20.0
2023_01_PHI_NE,NE,316.0,54,35,3,76.0,22,0,316.0,54,35,3,147,206.8,1.4,114.6,0.6,206.8,1.4,22.6,20.8,34.4,20.8
2023_02_MIA_NE,NE,228.0,42,31,1,88.0,25,1,231.0,42,31,1,148,223.0,2.0,109.2,0.2,223.0,2.0,22.8,23.0,38.2,23.0
2023_03_NE_NYJ,NE,201.0,27,15,1,157.0,40,0,201.0,29,15,1,149,246.8,2.2,81.6,0.2,246.2,2.2,21.4,26.6,40.4,26.6
2023_04_NE_DAL,NE,207.0,29,16,0,53.0,23,0,207.0,30,16,0,150,239.0,2.0,100.8,0.2,238.4,2.0,26.2,25.4,39.6,25.4
2023_05_NO_NE,NE,132.0,31,15,0,45.0,18,0,132.0,31,15,0,151,239.6,1.6,96.2,0.2,239.0,1.6,26.6,24.6,39.0,24.6
2023_06_NE_LV,NE,200.0,31,24,0,83.0,19,2,200.0,33,24,0,152,217.4,1.0,83.8,0.2,216.8,1.0,25.6,22.4,37.2,22.4
2023_07_BUF_NE,NE,272.0,30,25,2,96.0,24,1,272.0,30,25,2,153,194.2,0.4,85.2,0.6,193.6,0.4,25.0,20.2,33.0,20.2
2023_08_NE_MIA,NE,161.0,28,19,2,77.0,19,0,161.0,29,19,2,154,202.4,0.6,86.8,0.6,202.4,0.6,24.8,19.0,30.6,19.0
2023_09_WAS_NE,NE,220.0,43,24,1,107.0,19,1,220.0,44,24,1,155,194.4,0.8,70.8,0.6,194.4,0.8,20.6,19.8,30.6,19.8
2023_10_IND_NE,NE,195.0,26,18,0,167.0,36,0,195.0,27,18,0,156,197.0,1.0,81.6,0.8,197.0,1.0,19.8,21.4,33.4,21.4
2023_12_NE_NYG,NE,143.0,35,21,0,147.0,31,1,143.0,35,21,0,157,209.6,1.0,106.0,0.8,209.6,1.0,23.4,22.0,32.6,22.0
2023_13_LAC_NE,NE,141.0,24,13,0,148.0,32,0,141.0,25,13,0,158,198.2,1.0,118.8,0.6,198.2,1.0,25.8,21.4,33.0,21.4
2023_14_NE_PIT,NE,240.0,26,19,3,81.0,25,0,240.0,28,19,3,159,172.0,0.6,129.2,0.4,172.0,0.6,27.4,19.0,32.0,19.0
2023_15_KC_NE,NE,180.0,31,23,1,52.0,16,1,180.0,31,23,1,160,187.8,0.8,130.0,0.4,187.8,0.8,28.6,19.0,31.8,19.0
2023_16_NE_DEN,NE,256.0,31,25,2,59.0,21,0,256.0,33,25,2,161,179.8,0.8,119.0,0.4,179.8,0.8,28.0,18.8,29.2,18.8
2023_17_NE_BUF,NE,209.0,24,16,0,103.0,24,2,209.0,26,16,0,162,192.0,1.2,97.4,0.4,192.0,1.2,25.0,20.2,30.4,20.2
2023_18_NYJ_NE,NE,88.0,29,12,0,88.0,21,0,88.0,30,12,0,163,205.2,1.2,88.6,0.6,205.2,1.2,23.6,19.2,28.6,19.2
2024_01_NE_CIN,NE,121.0,23,15,0,170.0,39,1,121.0,24,15,0,164,194.6,1.2,76.6,0.6,194.6,1.2,21.4,19.0,29.6,19.0
2024_02_SEA_NE,NE,149.0,24,15,1,185.0,36,1,149.0,27,15,1,165,170.8,0.6,94.4,0.8,170.8,0.6,24.2,18.2,28.8,18.2
2024_03_NE_NYJ,NE,120.0,24,16,0,78.0,15,0,120.0,26,16,0,166,164.6,0.6,121.0,0.8,164.6,0.6,28.2,16.6,28.0,16.6
2024_04_NE_SF,NE,168.0,32,19,1,73.0,24,0,168.0,32,19,1,167,137.4,0.2,124.8,0.8,137.4,0.2,27.0,14.8,26.6,14.8
2024_05_MIA_NE,NE,160.0,30,18,0,151.0,19,1,160.0,34,18,0,168,129.2,0.4,118.8,0.4,129.2,0.4,27.0,15.4,27.8,15.4
2024_06_HOU_NE,NE,243.0,31,20,3,82.0,26,0,243.0,33,20,3,169,143.6,0.4,131.4,0.6,143.6,0.4,26.6,16.6,28.6,16.6
2024_07_NE_JAX,NE,276.0,36,26,2,38.0,15,0,276.0,37,26,2,170,168.0,1.0,113.8,0.4,168.0,1.0,24.0,17.6,30.4,17.6
2024_08_NYJ_NE,NE,155.0,29,18,0,112.0,31,3,155.0,30,18,0,171,193.4,1.2,84.4,0.2,193.4,1.2,19.8,19.8,32.4,19.8
2024_09_NE_TEN,NE,206.0,39,29,1,110.0,20,1,206.0,41,29,1,172,200.4,1.2,91.2,0.8,200.4,1.2,23.0,20.2,33.2,20.2
2024_10_NE_CHI,NE,184.0,23,15,1,144.0,35,0,184.0,25,15,1,173,208.0,1.2,98.6,1.0,208.0,1.2,22.2,22.2,35.0,22.2
2024_11_LA_NE,NE,282.0,37,29,2,125.0,30,0,282.0,39,29,2,174,212.8,1.4,97.2,0.8,212.8,1.4,25.4,21.6,33.2,21.6
2024_12_NE_MIA,NE,222.0,37,22,1,86.0,21,0,222.0,38,22,1,175,220.6,1.2,105.8,0.8,220.6,1.2,26.2,23.4,34.4,23.4
2024_13_IND_NE,NE,238.0,30,24,1,200.0,31,1,238.0,30,24,1,176,209.8,1.0,115.4,0.8,209.8,1.0,27.4,22.6,34.6,22.6
2024_15_NE_ARI,NE,202.0,23,19,1,116.0,24,1,202.0,23,19,1,177,226.4,1.2,133.0,0.4,226.4,1.2,27.4,23.8,34.6,23.8
2024_16_NE_BUF,NE,261.0,31,22,2,126.0,30,1,261.0,36,22,2,178,225.6,1.2,134.2,0.4,225.6,1.2,28.2,21.8,31.0,21.8
2024_17_LAC_NE,NE,115.0,23,13,1,96.0,20,0,115.0,24,13,1,179,241.0,1.4,130.6,0.6,241.0,1.4,27.2,23.2,33.2,23.2
2024_18_BUF_NE,NE,241.0,28,22,1,77.0,30,1,241.0,30,22,1,180,207.6,1.2,124.8,0.6,207.6,1.2,25.2,20.0,30.2,20.0
2014_01_NO_ATL,NO,333.0,42,29,1,139.0,28,3,333.0,42,29,1,1,,,,,,,,,,
2014_02_NO_CLE,NO,237.0,39,27,2,174.0,27,1,237.0,40,27,2,2,333.0,1.0,139.0,3.0,333.0,1.0,28.0,29.0,42.0,29.0
2014_03_MIN_NO,NO,293.0,35,27,2,108.0,32,1,293.0,35,27,2,3,285.0,1.5,156.5,2.0,285.0,1.5,27.5,28.0,41.0,28.0
2014_04_NO_DAL,NO,340.0,44,32,2,104.0,13,0,340.0,44,32,2,4,287.6666666666667,1.6666666666666667,140.33333333333334,1.6666666666666667,287.6666666666667,1.6666666666666667,29.0,27.666666666666668,39.0,27.666666666666668
2014_05_TB_NO,NO,371.0,56,35,2,140.0,29,2,371.0,57,35,2,5,300.75,1.75,131.25,1.25,300.75,1.75,25.0,28.75,40.25,28.75
2014_07_NO_DET,NO,342.0,44,28,2,73.0,21,0,342.0,45,28,2,6,314.8,1.8,133.0,1.4,314.8,1.8,25.8,30.0,43.6,30.0
2014_08_GB_NO,NO,311.0,32,27,3,193.0,31,2,311.0,32,27,3,7,316.6,2.0,119.8,0.8,316.6,2.0,24.4,29.8,44.2,29.8
2014_09_NO_CAR,NO,297.0,34,24,1,105.0,37,3,297.0,34,24,1,8,331.4,2.2,123.6,1.0,331.4,2.2,25.2,29.8,42.6,29.8
2014_10_SF_NO,NO,292.0,45,28,3,136.0,31,0,292.0,47,28,3,9,332.2,2.0,123.0,1.4,332.2,2.0,26.2,29.2,42.4,29.2
2014_11_CIN_NO,NO,255.0,41,33,1,75.0,26,0,255.0,41,33,1,10,322.6,2.2,129.4,1.4,322.6,2.2,29.8,28.4,43.0,28.4
2014_12_BAL_NO,NO,420.0,44,35,3,126.0,21,0,420.0,45,35,3,11,299.4,2.0,116.4,1.0,299.4,2.0,29.2,28.0,39.8,28.0
2014_13_NO_PIT,NO,257.0,26,19,5,143.0,26,0,257.0,27,19,5,12,315.0,2.2,127.0,1.0,315.0,2.2,29.2,29.4,39.8,29.4
2014_14_CAR_NO,NO,235.0,48,29,1,92.0,17,0,235.0,49,29,1,13,304.2,2.6,117.0,0.6,304.2,2.6,28.2,27.8,38.8,27.8
2014_15_NO_CHI,NO,375.0,36,29,3,83.0,26,1,375.0,36,29,3,14,291.8,2.6,114.4,0.0,291.8,2.6,24.2,28.8,41.8,28.8
2014_16_ATL_NO,NO,313.0,45,30,1,57.0,18,1,313.0,47,30,1,15,308.4,2.6,103.8,0.2,308.4,2.6,23.2,29.0,39.6,29.0
2014_17_NO_TB,NO,281.0,38,24,1,70.0,23,2,281.0,38,24,1,16,320.0,2.6,100.2,0.4,320.0,2.6,21.6,28.4,40.8,28.4
2015_01_NO_ARI,NO,355.0,48,30,1,54.0,20,0,355.0,48,30,1,17,292.2,2.2,89.0,0.8,292.2,2.2,22.0,26.2,39.4,26.2
2015_02_TB_NO,NO,255.0,38,24,1,104.0,27,2,255.0,38,24,1,18,311.8,1.4,71.2,0.8,311.8,1.4,20.8,28.4,43.6,28.4
2015_03_NO_CAR,NO,310.0,38,31,0,70.0,24,2,310.0,38,31,0,19,315.8,1.4,73.6,1.2,315.8,1.4,22.8,27.4,41.4,27.4
2015_04_DAL_NO,NO,359.0,41,33,2,103.0,25,1,359.0,41,33,2,20,302.8,0.8,71.0,1.4,302.8,0.8,22.4,27.8,41.8,27.8
2015_05_NO_PHI,NO,335.0,43,26,2,96.0,21,0,335.0,43,26,2,21,312.0,1.0,80.2,1.4,312.0,1.0,23.8,28.4,40.6,28.4
2015_06_ATL_NO,NO,312.0,39,30,1,81.0,32,2,312.0,39,30,1,22,322.8,1.2,85.4,1.0,322.8,1.2,23.4,28.8,41.6,28.8
2015_07_NO_IND,NO,280.0,44,29,1,183.0,36,3,280.0,45,29,1,23,314.2,1.2,90.8,1.4,314.2,1.2,25.8,28.8,39.8,28.8
2015_08_NYG_NO,NO,505.0,50,39,7,103.0,26,0,505.0,50,39,7,24,319.2,1.2,106.6,1.6,319.2,1.2,27.6,29.8,41.2,29.8
2015_09_TEN_NO,NO,387.0,39,28,3,61.0,27,1,387.0,39,28,3,25,358.2,2.6,113.2,1.2,358.2,2.6,28.0,31.4,43.6,31.4
2015_10_NO_WAS,NO,209.0,28,19,2,158.0,25,0,209.0,28,19,2,26,363.8,2.8,104.8,1.2,363.8,2.8,28.4,30.4,43.2,30.4
2015_12_NO_HOU,NO,228.0,43,25,0,50.0,10,0,228.0,44,25,0,27,338.6,2.8,117.2,1.2,338.6,2.8,29.2,29.0,40.2,29.0
2015_13_CAR_NO,NO,282.0,41,24,3,70.0,14,1,282.0,42,24,3,28,321.8,2.6,111.0,0.8,321.8,2.6,24.8,28.0,41.2,28.0
2015_14_NO_TB,NO,312.0,41,31,2,87.0,35,1,312.0,41,31,2,29,322.2,3.0,88.4,0.4,322.2,3.0,20.4,27.0,40.6,27.0
2015_15_DET_NO,NO,341.0,52,34,3,69.0,18,0,341.0,52,34,3,30,283.6,2.0,85.2,0.6,283.6,2.0,22.2,25.4,38.8,25.4
2015_16_JAX_NO,NO,412.0,35,25,3,135.0,35,2,412.0,36,25,3,31,274.4,2.0,86.8,0.4,274.4,2.0,20.4,26.6,41.4,26.6
2015_17_NO_ATL,NO,323.0,43,32,1,67.0,22,1,323.0,43,32,1,32,315.0,2.2,82.2,0.8,315.0,2.2,22.4,27.8,43.0,27.8
2016_01_OAK_NO,NO,423.0,39,28,4,88.0,22,0,423.0,42,28,4,33,334.0,2.4,85.6,1.0,334.0,2.4,24.8,29.2,42.8,29.2
2016_02_NO_NYG,NO,263.0,44,29,1,41.0,13,0,263.0,44,29,1,34,362.2,2.6,89.2,0.8,362.2,2.6,26.4,30.0,42.8,30.0
2016_03_ATL_NO,NO,376.0,54,36,3,115.0,23,1,376.0,54,36,3,35,352.4,2.4,80.0,0.6,352.4,2.4,22.0,29.6,43.4,29.6
2016_04_NO_SD,NO,207.0,36,23,2,83.0,34,3,207.0,36,23,2,36,359.4,2.4,89.2,0.8,359.4,2.4,23.0,30.0,43.8,30.0
2016_06_CAR_NO,NO,465.0,48,34,4,63.0,21,1,465.0,49,34,4,37,318.4,2.2,78.8,1.0,318.4,2.2,22.8,29.6,43.8,29.6
2016_07_NO_KC,NO,367.0,47,37,3,104.0,22,0,367.0,48,37,3,38,346.8,2.8,78.0,1.0,346.8,2.8,22.6,30.0,45.0,30.0
2016_08_SEA_NO,NO,265.0,35,27,1,123.0,35,1,265.0,35,27,1,39,335.6,2.6,81.2,1.0,335.6,2.6,22.6,31.8,46.2,31.8
2016_09_NO_SF,NO,323.0,39,28,3,248.0,42,2,323.0,39,28,3,40,336.0,2.6,97.6,1.2,336.0,2.6,27.0,31.4,44.4,31.4
2016_10_DEN_NO,NO,303.0,29,21,3,80.0,21,0,303.0,29,21,3,41,325.4,2.6,124.2,1.4,325.4,2.6,30.8,29.8,41.4,29.8
2016_11_NO_CAR,NO,285.0,44,35,2,107.0,25,0,285.0,44,35,2,42,344.6,2.8,123.6,0.8,344.6,2.8,28.2,29.4,40.0,29.4
2016_12_LA_NO,NO,360.0,35,29,5,209.0,32,2,360.0,37,29,5,43,308.6,2.4,132.4,0.6,308.6,2.4,29.0,29.6,39.0,29.6
2016_13_DET_NO,NO,326.0,42,31,0,50.0,12,1,326.0,44,31,0,44,307.2,2.8,153.4,1.0,307.2,2.8,31.0,28.0,36.8,28.0
2016_14_NO_TB,NO,257.0,41,25,0,46.0,16,0,257.0,41,25,0,45,319.4,2.6,138.8,1.0,319.4,2.6,26.4,28.8,38.6,28.8
2016_15_NO_ARI,NO,389.0,48,37,4,130.0,32,2,389.0,48,37,4,46,306.2,2.0,98.4,0.6,306.2,2.0,21.2,28.2,39.0,28.2
2016_16_TB_NO,NO,299.0,34,23,1,123.0,31,2,299.0,34,23,1,47,323.4,2.2,108.4,1.0,323.4,2.2,23.4,31.4,42.8,31.4
2016_17_NO_ATL,NO,350.0,49,29,2,132.0,23,2,350.0,50,29,2,48,326.2,2.0,111.6,1.4,326.2,2.0,24.6,29.0,40.8,29.0
2017_01_NO_MIN,NO,291.0,37,27,1,60.0,21,0,291.0,37,27,1,49,324.2,1.4,96.2,1.4,324.2,1.4,22.8,29.0,43.4,29.0
2017_02_NE_NO,NO,356.0,44,27,2,81.0,17,0,356.0,45,27,2,50,317.2,1.6,98.2,1.2,317.2,1.6,24.6,28.2,42.0,28.2
2017_03_NO_CAR,NO,220.0,29,22,3,149.0,27,1,220.0,29,22,3,51,337.0,2.0,105.2,1.2,337.0,2.0,24.8,28.6,42.8,28.6
2017_04_NO_MIA,NO,268.0,40,29,2,86.0,28,0,268.0,41,29,2,52,303.2,1.8,109.0,1.0,303.2,1.8,23.8,25.6,39.0,25.6
2017_06_DET_NO,NO,186.0,30,20,2,193.0,37,2,186.0,30,20,2,53,297.0,2.0,101.6,0.6,297.0,2.0,23.2,26.8,40.4,26.8
2017_07_NO_GB,NO,331.0,38,27,1,161.0,36,2,331.0,38,27,1,54,264.2,2.0,113.8,0.6,264.2,2.0,26.0,25.0,36.4,25.0
2017_08_CHI_NO,NO,299.0,27,23,0,101.0,30,2,299.0,28,23,0,55,272.2,2.0,134.0,1.0,272.2,2.0,29.0,25.0,36.6,25.0
2017_09_TB_NO,NO,263.0,27,22,2,151.0,32,1,263.0,27,22,2,56,260.8,1.6,138.0,1.4,260.8,1.6,31.6,24.2,33.2,24.2
2017_10_NO_BUF,NO,184.0,23,18,0,298.0,48,6,184.0,25,18,0,57,269.4,1.4,138.4,1.4,269.4,1.4,32.6,24.2,32.8,24.2
2017_11_WAS_NO,NO,385.0,40,29,2,160.0,23,1,385.0,41,29,2,58,252.6,1.0,180.8,2.6,252.6,1.0,36.6,22.0,29.6,22.0
2017_12_NO_LA,NO,246.0,32,22,1,123.0,17,1,246.0,32,22,1,59,292.4,1.0,174.2,2.4,292.4,1.0,33.8,23.8,31.8,23.8
2017_13_CAR_NO,NO,269.0,33,25,1,148.0,28,3,269.0,34,25,1,60,275.4,1.0,166.6,2.2,275.4,1.0,30.0,22.8,30.6,22.8
2017_14_NO_ATL,NO,271.0,35,26,2,50.0,15,0,271.0,35,26,2,61,269.4,1.2,176.0,2.4,269.4,1.2,29.6,23.2,31.8,23.2
2017_15_NYJ_NO,NO,281.0,36,26,2,131.0,28,2,281.0,36,26,2,62,271.0,1.2,155.8,2.2,271.0,1.2,26.2,24.0,33.4,24.0
2017_16_ATL_NO,NO,239.0,28,21,1,86.0,31,1,239.0,28,21,1,63,290.4,1.6,122.4,1.4,290.4,1.6,22.2,25.6,35.6,25.6
2017_17_NO_TB,NO,245.0,30,22,1,92.0,26,1,245.0,30,22,1,64,261.2,1.4,107.6,1.4,261.2,1.4,23.8,24.0,33.0,24.0
2018_01_TB_NO,NO,439.0,44,37,3,43.0,13,2,439.0,45,37,3,65,261.0,1.4,101.4,1.4,261.0,1.4,25.6,24.0,32.6,24.0
2018_02_CLE_NO,NO,243.0,35,28,2,62.0,23,0,243.0,35,28,2,66,295.0,1.8,80.4,1.2,295.0,1.8,22.6,26.4,34.8,26.4
2018_03_NO_ATL,NO,396.0,49,39,3,143.0,27,2,396.0,49,39,3,67,289.4,1.8,82.8,1.2,289.4,1.8,24.2,26.8,34.8,26.8
2018_04_NO_NYG,NO,227.0,33,19,0,170.0,32,3,227.0,34,19,0,68,312.4,2.0,85.2,1.2,312.4,2.0,24.0,29.4,37.4,29.4
2018_05_WAS_NO,NO,363.0,29,26,3,98.0,32,3,363.0,29,26,3,69,310.0,1.8,102.0,1.6,310.0,1.8,24.2,29.0,38.6,29.0
2018_07_NO_BAL,NO,212.0,28,22,2,134.0,39,1,212.0,30,22,2,70,333.6,2.2,103.2,2.0,333.6,2.2,25.4,29.8,38.4,29.8
2018_08_NO_MIN,NO,164.0,23,19,1,106.0,29,1,164.0,24,19,1,71,288.2,2.0,121.4,1.8,288.2,2.0,30.6,26.8,35.4,26.8
2018_09_LA_NO,NO,346.0,36,25,4,141.0,34,2,346.0,36,25,4,72,272.4,1.8,130.2,2.0,272.4,1.8,31.8,25.0,33.2,25.0
2018_10_NO_CIN,NO,265.0,27,22,3,244.0,47,3,265.0,27,22,3,73,262.4,2.0,129.8,2.0,262.4,2.0,33.2,22.2,30.6,22.2
2018_11_PHI_NO,NO,373.0,32,23,4,173.0,37,2,373.0,32,23,4,74,270.0,2.6,144.6,2.0,270.0,2.6,36.2,22.8,29.2,22.8
2018_12_ATL_NO,NO,171.0,22,15,4,150.0,31,0,171.0,22,15,4,75,272.0,2.8,159.6,1.8,272.0,2.8,37.2,22.2,29.8,22.2
2018_13_NO_DAL,NO,127.0,28,18,1,65.0,19,0,127.0,28,18,1,76,263.8,3.2,162.8,1.6,263.8,3.2,35.6,20.8,28.2,20.8
2018_14_NO_TB,NO,201.0,31,24,1,100.0,30,2,201.0,31,24,1,77,256.4,3.2,154.6,1.4,256.4,3.2,33.6,20.6,29.0,20.6
2018_15_NO_CAR,NO,203.0,34,23,0,155.0,32,1,203.0,35,23,0,78,227.4,2.6,146.4,1.4,227.4,2.6,32.8,20.4,28.0,20.4
2018_16_PIT_NO,NO,326.0,39,27,1,57.0,19,3,326.0,40,27,1,79,215.0,2.0,128.6,1.0,215.0,2.0,29.8,20.6,29.6,20.6
2018_17_CAR_NO,NO,118.0,21,14,1,184.0,27,1,118.0,22,14,1,80,205.6,1.4,105.4,1.2,205.6,1.4,26.2,21.4,31.2,21.4
2019_01_HOU_NO,NO,370.0,39,32,2,148.0,21,1,370.0,43,32,2,81,195.0,0.8,112.2,1.4,195.0,0.8,25.4,21.2,31.2,21.2
2019_02_NO_LA,NO,203.0,32,20,0,57.0,20,0,203.0,35,20,0,82,243.6,1.0,128.8,1.6,243.6,1.0,25.8,24.0,34.2,24.0
2019_03_NO_SEA,NO,177.0,27,19,2,88.0,23,1,177.0,27,19,2,83,244.0,0.8,120.2,1.2,244.0,0.8,23.8,23.2,35.0,23.2
2019_04_DAL_NO,NO,193.0,30,23,0,117.0,27,0,193.0,30,23,0,84,238.8,1.2,106.8,1.2,238.8,1.2,22.0,22.4,33.4,22.4
2019_05_TB_NO,NO,345.0,34,28,4,112.0,31,0,345.0,36,28,4,85,212.2,1.0,118.8,0.6,212.2,1.0,23.6,21.6,31.4,21.6
2019_06_NO_JAX,NO,240.0,34,24,1,104.0,26,0,240.0,36,24,1,86,257.6,1.6,104.4,0.4,257.6,1.6,24.4,24.4,34.2,24.4
2019_07_NO_CHI,NO,281.0,36,23,2,151.0,35,2,281.0,38,23,2,87,231.6,1.4,95.6,0.2,231.6,1.4,25.4,22.8,32.8,22.8
2019_08_ARI_NO,NO,373.0,43,34,3,137.0,29,1,373.0,43,34,3,88,247.2,1.8,114.4,0.6,247.2,1.8,28.4,23.4,33.4,23.4
2019_10_ATL_NO,NO,304.0,44,33,0,52.0,11,0,304.0,46,33,0,89,286.4,2.0,124.2,0.6,286.4,2.0,29.6,26.4,36.6,26.4
2019_11_NO_TB,NO,228.0,34,28,3,109.0,28,0,228.0,35,28,3,90,308.6,2.0,111.2,0.6,308.6,2.0,26.4,28.4,39.8,28.4
2019_12_CAR_NO,NO,311.0,38,30,3,118.0,18,1,311.0,39,30,3,91,285.2,1.8,110.6,0.6,285.2,1.8,25.8,28.4,39.6,28.4
2019_13_NO_ATL,NO,184.0,29,18,1,95.0,18,1,184.0,31,18,1,92,299.4,2.2,113.4,0.8,299.4,2.2,24.2,29.6,40.2,29.6
2019_14_SF_NO,NO,349.0,41,29,5,116.0,27,1,349.0,41,29,5,93,280.0,2.0,102.2,0.6,280.0,2.0,20.8,28.6,38.8,28.6
2019_15_IND_NO,NO,307.0,30,29,4,117.0,33,0,307.0,30,29,4,94,275.2,2.4,98.0,0.6,275.2,2.4,20.4,27.6,38.4,27.6
2019_16_NO_TEN,NO,299.0,39,28,3,102.0,23,2,299.0,40,28,3,95,275.8,3.2,111.0,0.6,275.8,3.2,24.8,26.8,35.2,26.8
2019_17_NO_CAR,NO,267.0,29,20,3,115.0,35,2,267.0,31,20,3,96,290.0,3.2,109.6,1.0,290.0,3.2,23.8,26.8,36.2,26.8
2020_01_TB_NO,NO,198.0,30,19,2,82.0,34,1,198.0,31,19,2,97,281.2,3.2,109.0,1.2,281.2,3.2,27.2,24.8,34.6,24.8
2020_02_NO_LV,NO,312.0,37,26,1,112.0,19,2,312.0,38,26,1,98,284.0,3.4,106.4,1.2,284.0,3.4,30.4,25.0,34.6,25.0
2020_03_GB_NO,NO,288.0,35,29,3,122.0,20,0,288.0,36,29,3,99,276.6,2.6,105.6,1.4,276.6,2.6,28.8,24.4,34.0,24.4
2020_04_NO_DET,NO,246.0,25,19,2,164.0,42,3,246.0,25,19,2,100,272.8,2.4,106.6,1.4,272.8,2.4,26.2,24.4,35.2,24.4
2020_05_LAC_NO,NO,325.0,47,33,1,95.0,25,2,325.0,48,33,1,101,262.2,2.2,119.0,1.6,262.2,2.2,30.0,22.6,32.2,22.6
2020_07_CAR_NO,NO,287.0,35,30,2,138.0,29,1,287.0,37,30,2,102,273.8,1.8,115.0,1.6,273.8,1.8,28.0,25.2,35.6,25.2
2020_08_NO_CHI,NO,280.0,41,31,2,122.0,30,0,280.0,41,31,2,103,291.6,1.8,126.2,1.6,291.6,1.8,27.0,27.4,36.8,27.4
2020_09_NO_TB,NO,282.0,34,29,4,138.0,37,1,282.0,35,29,4,104,285.2,2.0,128.2,1.2,285.2,2.0,29.2,28.4,37.4,28.4
2020_10_SF_NO,NO,139.0,23,14,1,114.0,30,2,139.0,23,14,1,105,284.0,2.2,131.4,1.4,284.0,2.2,32.6,28.4,37.2,28.4
2020_11_ATL_NO,NO,233.0,23,18,0,166.0,36,3,233.0,23,18,0,106,262.6,2.0,121.4,1.2,262.6,2.0,30.2,27.4,36.8,27.4
2020_12_NO_DEN,NO,78.0,14,9,0,229.0,44,4,78.0,16,9,0,107,244.2,1.8,135.6,1.4,244.2,1.8,32.4,24.4,31.8,24.4
2020_13_NO_ATL,NO,232.0,37,27,2,207.0,36,1,232.0,37,27,2,108,202.4,1.4,153.8,2.0,202.4,1.4,35.4,20.2,27.6,20.2
2020_14_NO_PHI,NO,291.0,37,28,2,96.0,20,1,291.0,38,28,2,109,192.8,1.4,170.8,2.2,192.8,1.4,36.6,19.4,26.8,19.4
2020_15_KC_NO,NO,234.0,33,15,3,60.0,17,1,234.0,34,15,3,110,194.6,1.0,162.4,2.2,194.6,1.0,33.2,19.2,27.4,19.2
2020_16_MIN_NO,NO,319.0,28,21,0,264.0,45,7,319.0,28,21,0,111,213.6,1.4,151.6,2.0,213.6,1.4,30.6,19.4,29.6,19.4
2020_17_NO_CAR,NO,201.0,29,22,3,156.0,30,1,201.0,32,22,3,112,230.8,1.4,171.2,2.8,230.8,1.4,32.4,20.0,30.6,20.0
2021_01_GB_NO,NO,151.0,20,15,5,171.0,39,0,151.0,21,15,5,113,255.4,2.0,156.6,2.2,255.4,2.0,29.6,22.6,33.8,22.6
2021_02_NO_CAR,NO,111.0,21,11,0,48.0,17,1,111.0,22,11,0,114,239.2,2.6,149.4,2.0,239.2,2.6,30.2,20.2,30.6,20.2
2021_03_NO_NE,NO,128.0,20,13,2,142.0,38,1,128.0,21,13,2,115,203.2,2.2,139.8,2.0,203.2,2.2,29.6,16.8,27.4,16.8
2021_04_NYG_NO,NO,235.0,26,19,1,170.0,39,2,235.0,26,19,1,116,182.0,2.0,156.2,2.0,182.0,2.0,33.8,16.4,24.8,16.4
2021_05_NO_WAS,NO,279.0,28,15,4,98.0,23,1,279.0,30,15,4,117,165.2,2.2,137.4,1.0,165.2,2.2,32.6,16.0,24.4,16.0
2021_07_NO_SEA,NO,222.0,32,19,1,94.0,31,0,222.0,35,19,1,118,180.8,2.4,125.8,1.0,180.8,2.4,31.2,14.6,24.0,14.6
2021_08_TB_NO,NO,215.0,35,22,2,152.0,32,1,215.0,39,22,2,119,195.0,1.6,110.4,1.0,195.0,1.6,29.6,15.4,26.8,15.4
2021_09_ATL_NO,NO,282.0,42,27,2,109.0,25,1,282.0,43,27,2,120,215.8,2.0,131.2,1.0,215.8,2.0,32.6,17.6,30.2,17.6
2021_10_NO_TEN,NO,309.0,35,21,2,86.0,21,1,309.0,36,21,2,121,246.6,2.0,124.6,1.0,246.6,2.0,30.0,20.4,34.6,20.4
2021_11_NO_PHI,NO,214.0,36,22,3,109.0,22,1,214.0,40,22,3,122,261.4,2.2,107.8,0.8,261.4,2.2,26.4,20.8,36.6,20.8
2021_12_BUF_NO,NO,163.0,28,17,1,44.0,25,0,163.0,30,17,1,123,248.4,2.0,110.0,0.8,248.4,2.0,26.2,22.2,38.6,22.2
2021_13_DAL_NO,NO,264.0,41,19,2,153.0,26,0,264.0,41,19,2,124,236.6,2.0,100.0,0.8,236.6,2.0,25.0,21.8,37.6,21.8
2021_14_NO_NYJ,NO,175.0,21,15,0,203.0,44,3,175.0,21,15,0,125,246.4,2.0,100.2,0.6,246.4,2.0,23.8,21.2,38.0,21.2
2021_15_NO_TB,NO,154.0,25,13,0,61.0,31,0,154.0,27,13,0,126,225.0,1.6,119.0,1.0,225.0,1.6,27.6,18.8,33.6,18.8
2021_16_MIA_NO,NO,135.0,18,12,0,83.0,23,0,135.0,20,12,0,127,194.0,1.2,114.0,0.8,194.0,1.2,29.6,17.2,31.8,17.2
2021_17_CAR_NO,NO,222.0,23,17,1,73.0,28,0,222.0,28,17,1,128,178.2,0.6,108.8,0.6,178.2,0.6,29.8,15.2,27.8,15.2
2021_18_NO_ATL,NO,178.0,23,16,3,195.0,46,0,178.0,24,16,3,129,190.0,0.6,114.6,0.6,190.0,0.6,30.4,15.2,27.4,15.2
2022_01_NO_ATL,NO,269.0,32,23,2,151.0,19,1,269.0,34,23,2,130,172.8,0.8,123.0,0.6,172.8,0.8,34.4,14.6,24.0,14.6
2022_02_TB_NO,NO,236.0,40,25,1,100.0,20,0,236.0,40,25,1,131,191.6,1.2,112.6,0.2,191.6,1.2,29.4,16.2,26.6,16.2
2022_03_NO_CAR,NO,353.0,39,25,1,84.0,22,1,353.0,41,25,1,132,208.0,1.4,120.4,0.2,208.0,1.4,27.2,18.6,29.2,18.6
2022_04_MIN_NO,NO,236.0,28,20,1,111.0,27,2,236.0,28,20,1,133,251.6,1.6,120.6,0.4,251.6,1.6,27.0,21.2,33.4,21.2
2022_05_SEA_NO,NO,209.0,25,17,2,235.0,48,3,209.0,25,17,2,134,254.4,1.6,128.2,0.8,254.4,1.6,26.8,21.8,33.4,21.8
2022_06_CIN_NO,NO,178.0,31,19,1,228.0,34,1,178.0,36,19,1,135,260.6,1.4,136.2,1.4,260.6,1.4,27.2,22.0,33.6,22.0
2022_07_NO_ARI,NO,409.0,46,32,4,85.0,22,0,409.0,49,32,4,136,242.4,1.2,151.6,1.4,242.4,1.2,30.2,21.2,34.0,21.2
2022_08_LV_NO,NO,231.0,30,23,2,136.0,32,1,231.0,31,23,2,137,277.0,1.8,148.6,1.4,277.0,1.8,30.6,22.6,35.8,22.6
2022_09_BAL_NO,NO,223.0,28,20,1,48.0,15,0,223.0,30,20,1,138,252.6,2.0,159.0,1.4,252.6,2.0,32.6,22.2,33.8,22.2
2022_10_NO_PIT,NO,174.0,28,17,1,29.0,15,0,174.0,28,17,1,139,250.0,2.0,146.4,1.0,250.0,2.0,30.2,22.2,34.2,22.2
2022_11_LA_NO,NO,274.0,27,22,3,88.0,24,0,274.0,28,22,3,140,243.0,1.8,105.2,0.4,243.0,1.8,23.6,22.2,34.8,22.2
2022_12_NO_SF,NO,204.0,30,18,0,63.0,22,0,204.0,30,18,0,141,262.2,2.2,77.2,0.2,262.2,2.2,21.6,22.8,33.2,22.8
2022_13_NO_TB,NO,250.0,28,21,1,66.0,25,0,250.0,29,21,1,142,221.2,1.4,72.8,0.2,221.2,1.4,21.6,20.0,29.4,20.0
2022_15_ATL_NO,NO,231.0,19,13,3,134.0,34,0,231.0,19,13,3,143,225.0,1.2,58.8,0.0,225.0,1.2,20.2,19.6,29.0,19.6
2022_16_NO_CLE,NO,92.0,14,8,0,152.0,39,2,92.0,15,8,0,144,226.6,1.6,76.0,0.0,226.6,1.6,24.0,18.2,26.8,18.2
2022_17_NO_PHI,NO,229.0,23,20,0,129.0,35,1,229.0,24,20,0,145,210.2,1.4,100.6,0.4,210.2,1.4,28.8,16.4,24.2,16.4
2022_18_CAR_NO,NO,171.0,25,15,1,143.0,32,0,171.0,25,15,1,146,201.2,0.8,108.8,0.6,201.2,0.8,31.0,16.0,23.4,16.0
2023_01_TEN_NO,NO,305.0,33,23,1,69.0,27,0,305.0,33,23,1,147,194.6,1.0,124.8,0.6,194.6,1.0,33.0,15.4,22.4,15.4
2023_02_NO_CAR,NO,236.0,34,22,0,134.0,33,2,236.0,37,22,0,148,205.6,1.0,125.4,0.6,205.6,1.0,33.4,15.8,23.2,15.8
2023_03_NO_GB,NO,204.0,34,23,1,77.0,22,0,204.0,34,23,1,149,206.6,0.4,125.4,1.0,206.6,0.4,33.2,17.6,26.8,17.6
2023_04_TB_NO,NO,140.0,38,24,0,70.0,19,0,140.0,39,24,0,150,229.0,0.6,110.4,0.6,229.0,0.6,29.8,20.6,30.6,20.6
2023_05_NO_NE,NO,183.0,25,18,2,136.0,42,1,183.0,26,18,2,151,211.2,0.6,98.6,0.4,211.2,0.6,26.6,21.4,33.6,21.4
2023_06_NO_HOU,NO,357.0,46,33,1,89.0,25,0,357.0,51,33,1,152,213.6,0.8,97.2,0.6,213.6,0.8,28.6,22.0,33.8,22.0
2023_07_JAX_NO,NO,301.0,53,33,1,112.0,31,1,301.0,55,33,1,153,224.0,0.8,101.2,0.6,224.0,0.8,28.2,24.0,37.4,24.0
2023_08_NO_IND,NO,354.0,29,20,2,161.0,36,3,354.0,29,20,2,154,237.0,1.0,96.8,0.4,237.0,1.0,27.8,26.2,41.0,26.2
2023_09_CHI_NO,NO,214.0,32,26,3,87.0,27,0,214.0,35,26,3,155,267.0,1.2,113.6,1.0,267.0,1.2,30.6,25.6,40.0,25.6
2023_10_NO_MIN,NO,232.0,40,26,2,65.0,15,0,232.0,43,26,2,156,281.8,1.8,117.0,1.0,281.8,1.8,32.2,26.0,39.2,26.0
2023_12_NO_ATL,NO,304.0,37,24,0,148.0,28,0,304.0,38,24,0,157,291.6,1.8,102.8,0.8,291.6,1.8,26.8,27.6,42.6,27.6
2023_13_DET_NO,NO,267.0,29,19,1,113.0,36,3,267.0,29,19,1,158,281.0,1.6,114.6,0.8,281.0,1.6,27.4,25.8,40.0,25.8
2023_14_CAR_NO,NO,119.0,22,18,2,97.0,25,1,119.0,26,18,2,159,274.2,1.6,114.8,1.2,274.2,1.6,28.4,23.0,34.8,23.0
2023_15_NYG_NO,NO,218.0,28,23,3,87.0,28,0,218.0,29,23,3,160,227.2,1.6,102.0,0.8,227.2,1.6,26.2,22.6,34.2,22.6
2023_16_NO_LA,NO,319.0,40,27,3,35.0,16,0,319.0,40,27,3,161,228.0,1.6,102.0,0.8,228.0,1.6,26.4,22.0,33.0,22.0
2023_17_NO_TB,NO,208.0,34,25,2,108.0,35,0,208.0,34,25,2,162,245.4,1.8,96.0,0.8,245.4,1.8,26.6,22.2,32.4,22.2
2023_18_ATL_NO,NO,264.0,25,22,4,154.0,35,2,264.0,28,22,4,163,226.2,2.2,88.0,0.8,226.2,2.2,28.0,22.4,31.6,22.4
2024_01_CAR_NO,NO,200.0,24,19,3,180.0,37,2,200.0,24,19,3,164,225.6,2.8,96.2,0.6,225.6,2.8,27.8,23.0,31.4,23.0
2024_02_NO_DAL,NO,243.0,15,11,2,190.0,39,4,243.0,16,11,2,165,241.8,3.0,112.8,0.8,241.8,3.0,30.2,23.2,31.0,23.2
2024_03_PHI_NO,NO,142.0,23,14,1,89.0,29,0,142.0,25,14,1,166,246.8,2.8,133.4,1.6,246.8,2.8,32.4,20.8,28.4,20.8
2024_04_NO_ATL,NO,239.0,36,28,0,131.0,33,3,239.0,36,28,0,167,211.4,2.4,144.2,1.6,211.4,2.4,35.0,18.2,25.4,18.2
2024_05_NO_KC,NO,182.0,32,20,2,46.0,15,0,182.0,35,20,2,168,217.6,2.0,148.8,2.2,217.6,2.0,34.6,18.8,25.8,18.8
2024_06_TB_NO,NO,243.0,38,22,1,81.0,21,1,243.0,40,22,1,169,201.2,1.6,127.2,1.8,201.2,1.6,30.6,18.4,27.2,18.4
2024_07_DEN_NO,NO,210.0,39,28,1,97.0,21,0,210.0,39,28,1,170,209.8,1.2,107.4,1.6,209.8,1.2,27.4,19.0,30.4,19.0
2024_08_NO_LAC,NO,281.0,38,22,0,117.0,21,0,281.0,42,22,0,171,203.2,1.0,88.8,0.8,203.2,1.0,23.8,22.4,35.0,22.4
2024_09_NO_CAR,NO,236.0,28,18,1,197.0,41,1,236.0,32,18,1,172,231.0,0.8,94.4,0.8,231.0,0.8,22.2,24.0,38.4,24.0
2024_10_ATL_NO,NO,269.0,21,16,2,96.0,27,0,269.0,25,16,2,173,230.4,1.0,107.6,0.4,230.4,1.0,23.8,22.0,37.6,22.0
2024_11_CLE_NO,NO,266.0,28,22,2,214.0,28,3,266.0,29,22,2,174,247.8,1.0,117.6,0.4,247.8,1.0,26.2,21.2,35.6,21.2
2024_13_LA_NO,NO,184.0,34,24,1,143.0,31,0,184.0,37,24,1,175,252.4,1.2,144.2,0.8,252.4,1.2,27.6,21.2,33.4,21.2
2024_14_NO_NYG,NO,219.0,31,20,1,92.0,33,1,219.0,31,20,1,176,247.2,1.2,153.4,0.8,247.2,1.2,29.6,20.4,33.0,20.4
2024_15_WAS_NO,NO,205.0,29,15,2,69.0,16,0,205.0,32,15,2,177,234.8,1.4,148.4,1.0,234.8,1.4,32.0,20.0,30.8,20.0
2024_16_NO_GB,NO,153.0,28,15,0,67.0,20,0,153.0,30,15,0,178,228.6,1.6,122.8,0.8,228.6,1.6,27.0,19.4,30.8,19.4
2024_17_LV_NO,NO,218.0,34,20,1,81.0,13,0,218.0,36,20,1,179,205.4,1.2,117.0,0.8,205.4,1.2,25.6,19.2,31.8,19.2
2024_18_NO_TB,NO,240.0,39,26,1,64.0,19,0,240.0,42,26,1,180,195.8,1.0,90.4,0.2,195.8,1.0,22.6,18.8,33.2,18.8
2014_01_NYG_DET,NYG,163.0,32,18,1,53.0,22,1,163.0,33,18,1,1,,,,,,,,,,
2014_02_ARI_NYG,NYG,277.0,39,26,2,81.0,27,0,277.0,39,26,2,2,163.0,1.0,53.0,1.0,163.0,1.0,22.0,18.0,33.0,18.0
2014_03_HOU_NYG,NYG,234.0,28,21,2,193.0,42,1,234.0,28,21,2,3,220.0,1.5,67.0,0.5,220.0,1.5,24.5,22.0,36.0,22.0
2014_04_NYG_WAS,NYG,300.0,39,28,4,154.0,38,2,300.0,39,28,4,4,224.66666666666666,1.6666666666666667,109.0,0.6666666666666666,224.66666666666666,1.6666666666666667,30.333333333333332,21.666666666666668,33.333333333333336,21.666666666666668
2014_05_ATL_NYG,NYG,200.0,30,19,2,124.0,34,1,200.0,30,19,2,5,243.5,2.25,120.25,1.0,243.5,2.25,32.25,23.25,34.75,23.25
2014_06_NYG_PHI,NYG,211.0,28,17,0,86.0,24,0,211.0,28,17,0,6,234.8,2.2,121.0,1.0,234.8,2.2,32.6,22.4,33.8,22.4
2014_07_NYG_DAL,NYG,248.0,32,21,3,104.0,26,0,248.0,33,21,3,7,244.4,2.0,127.6,0.8,244.4,2.0,33.0,22.2,32.8,22.2
2014_09_IND_NYG,NYG,359.0,50,27,2,89.0,20,1,359.0,52,27,2,8,238.6,2.2,132.2,0.8,238.6,2.2,32.8,21.2,31.6,21.2
2014_10_NYG_SEA,NYG,283.0,43,29,1,54.0,17,1,283.0,44,29,1,9,263.6,2.2,111.4,0.8,263.6,2.2,28.4,22.4,36.4,22.4
2014_11_SF_NYG,NYG,280.0,45,22,1,65.0,21,0,280.0,45,22,1,10,260.2,1.6,91.4,0.6,260.2,1.6,24.2,22.6,37.4,22.6
2014_12_DAL_NYG,NYG,338.0,38,29,3,89.0,32,1,338.0,40,29,3,11,276.2,1.4,79.6,0.4,276.2,1.4,21.6,23.2,40.4,23.2
2014_13_NYG_JAX,NYG,247.0,34,24,1,116.0,35,2,247.0,34,24,1,12,301.6,2.0,80.2,0.6,301.6,2.0,23.2,25.6,42.8,25.6
2014_14_NYG_TEN,NYG,260.0,42,26,1,142.0,30,1,260.0,43,26,1,13,301.4,1.6,82.6,1.0,301.4,1.6,25.0,26.2,43.0,26.2
2014_15_WAS_NYG,NYG,250.0,34,23,3,49.0,22,0,250.0,34,23,3,14,281.6,1.4,93.2,1.0,281.6,1.4,27.0,26.0,41.2,26.0
2014_16_NYG_STL,NYG,391.0,32,25,3,128.0,34,1,391.0,32,25,3,15,275.0,1.8,92.2,0.8,275.0,1.8,28.0,24.8,39.2,24.8
2014_17_PHI_NYG,NYG,429.0,53,28,1,76.0,25,1,429.0,53,28,1,16,297.2,2.2,104.8,1.0,297.2,2.2,30.6,25.4,36.6,25.4
2015_01_NYG_DAL,NYG,189.0,33,20,0,99.0,24,1,189.0,36,20,0,17,315.4,1.8,102.2,1.0,315.4,1.8,29.2,25.2,39.2,25.2
2015_02_ATL_NYG,NYG,292.0,40,27,2,97.0,23,0,292.0,40,27,2,18,303.8,1.6,98.8,0.8,303.8,1.6,27.0,24.4,39.6,24.4
2015_03_WAS_NYG,NYG,279.0,32,23,2,84.0,31,1,279.0,32,23,2,19,310.2,1.8,89.8,0.6,310.2,1.8,25.6,24.6,39.0,24.6
2015_04_NYG_BUF,NYG,212.0,35,20,3,92.0,28,0,212.0,35,20,3,20,316.0,1.6,96.8,0.8,316.0,1.6,27.4,24.6,38.6,24.6
2015_05_SF_NYG,NYG,441.0,53,41,3,84.0,21,0,441.0,54,41,3,21,280.2,1.6,89.6,0.6,280.2,1.6,26.2,23.6,39.2,23.6
2015_06_NYG_PHI,NYG,189.0,36,24,1,81.0,23,0,189.0,38,24,1,22,282.6,2.0,91.2,0.4,282.6,2.0,25.4,26.2,39.4,26.2
2015_07_DAL_NYG,NYG,170.0,24,13,0,132.0,25,1,170.0,24,13,0,23,282.6,2.2,87.6,0.2,282.6,2.2,25.2,27.0,39.8,27.0
2015_08_NYG_NO,NYG,350.0,41,30,6,87.0,21,0,350.0,41,30,6,24,258.2,1.8,94.6,0.4,258.2,1.8,25.6,24.2,36.6,24.2
2015_09_NYG_TB,NYG,213.0,40,26,2,114.0,33,0,213.0,40,26,2,25,272.4,2.6,95.2,0.2,272.4,2.6,23.6,25.6,38.4,25.6
2015_10_NE_NYG,NYG,361.0,44,24,2,80.0,23,0,361.0,44,24,2,26,272.6,2.4,99.6,0.2,272.6,2.4,24.6,26.8,39.4,26.8
2015_12_NYG_WAS,NYG,325.0,51,26,2,33.0,13,0,321.0,51,26,2,27,256.6,2.2,98.8,0.2,256.6,2.2,25.0,23.4,37.4,23.4
2015_13_NYJ_NYG,NYG,297.0,34,18,1,74.0,24,0,297.0,34,18,1,28,283.0,2.4,89.2,0.2,283.8,2.4,23.0,23.8,40.0,23.8
2015_14_NYG_MIA,NYG,337.0,31,27,4,92.0,31,0,337.0,31,27,4,29,308.4,2.6,77.6,0.0,309.2,2.6,22.8,24.8,42.0,24.8
2015_15_CAR_NYG,NYG,245.0,45,29,4,161.0,27,1,245.0,46,29,4,30,305.8,2.2,78.6,0.0,306.6,2.2,24.8,24.2,40.0,24.2
2015_16_NYG_MIN,NYG,302.0,34,20,2,91.0,20,0,302.0,34,20,2,31,312.2,2.6,88.0,0.2,313.0,2.6,23.6,24.8,41.2,24.8
2015_17_PHI_NYG,NYG,302.0,42,24,2,208.0,36,1,302.0,43,24,2,32,300.4,2.6,90.2,0.2,301.2,2.6,23.0,24.0,39.2,24.0
2016_01_NYG_DAL,NYG,207.0,28,19,3,113.0,24,0,207.0,28,19,3,33,296.6,2.6,125.2,0.4,296.6,2.6,27.6,23.6,37.6,23.6
2016_02_NO_NYG,NYG,368.0,41,32,0,64.0,32,0,368.0,41,32,0,34,278.6,3.0,133.0,0.4,278.6,3.0,27.6,23.8,36.4,23.8
2016_03_WAS_NYG,NYG,350.0,38,25,1,120.0,21,2,350.0,38,25,1,35,284.8,2.2,127.4,0.4,284.8,2.2,27.8,24.8,38.4,24.8
2016_04_NYG_MIN,NYG,261.0,45,25,0,78.0,18,1,261.0,45,25,0,36,305.8,1.6,119.2,0.6,305.8,1.6,26.6,24.0,36.8,24.0
2016_05_NYG_GB,NYG,199.0,35,18,1,43.0,15,0,199.0,35,18,1,37,297.6,1.2,116.6,0.8,297.6,1.2,26.2,25.0,39.0,25.0
2016_06_BAL_NYG,NYG,403.0,46,32,3,38.0,17,0,403.0,46,32,3,38,277.0,1.0,83.6,0.6,277.0,1.0,22.0,23.8,37.4,23.8
2016_07_NYG_LA,NYG,196.0,37,24,0,36.0,20,1,196.0,37,24,0,39,316.2,1.0,68.6,0.6,316.2,1.0,20.6,26.4,41.0,26.4
2016_09_PHI_NYG,NYG,257.0,36,22,4,54.0,24,0,257.0,36,22,4,40,281.8,1.0,63.0,0.8,281.8,1.0,18.2,24.8,40.2,24.8
2016_10_CIN_NYG,NYG,240.0,44,28,3,122.0,27,0,240.0,44,28,3,41,263.2,1.6,49.8,0.4,263.2,1.6,18.8,24.2,39.8,24.2
2016_11_CHI_NYG,NYG,227.0,36,21,2,102.0,29,1,227.0,36,21,2,42,259.0,2.2,58.6,0.2,259.0,2.2,20.6,24.8,39.6,24.8
2016_12_NYG_CLE,NYG,194.0,27,15,3,104.0,27,0,194.0,27,15,3,43,264.6,2.4,70.4,0.4,264.6,2.4,23.4,25.4,39.8,25.4
2016_13_NYG_PIT,NYG,195.0,39,24,2,56.0,14,0,195.0,39,24,2,44,222.8,2.4,83.6,0.4,222.8,2.4,25.4,22.0,36.0,22.0
2016_14_DAL_NYG,NYG,193.0,28,17,1,93.0,33,0,193.0,28,17,1,45,222.6,2.8,87.6,0.2,222.6,2.8,24.2,22.0,36.4,22.0
2016_15_DET_NYG,NYG,201.0,28,20,2,114.0,32,0,201.0,28,20,2,46,209.8,2.2,95.4,0.2,209.8,2.2,26.0,21.0,34.8,21.0
2016_16_NYG_PHI,NYG,356.0,63,38,1,114.0,25,0,356.0,63,38,1,47,202.0,2.0,93.8,0.2,202.0,2.0,27.0,19.4,31.6,19.4
2016_17_NYG_WAS,NYG,180.0,26,17,0,161.0,40,1,180.0,27,17,0,48,227.8,1.8,96.2,0.0,227.8,1.8,26.2,22.8,37.0,22.8
2017_01_NYG_DAL,NYG,220.0,38,29,0,35.0,12,0,220.0,38,29,0,49,225.0,1.2,107.6,0.2,225.0,1.2,28.8,23.2,37.0,23.2
2017_02_DET_NYG,NYG,239.0,32,22,1,62.0,18,0,239.0,32,22,1,50,230.0,0.8,103.4,0.2,230.0,0.8,28.4,24.2,36.8,24.2
2017_03_NYG_PHI,NYG,366.0,47,35,3,49.0,17,0,366.0,47,35,3,51,239.2,0.8,97.2,0.2,239.2,0.8,25.4,25.2,37.6,25.2
2017_04_NYG_TB,NYG,288.0,49,30,2,91.0,28,1,288.0,49,30,2,52,272.2,1.0,84.2,0.2,272.2,1.0,22.4,28.2,41.4,28.2
2017_05_LAC_NYG,NYG,225.0,36,21,2,152.0,25,1,225.0,36,21,2,53,258.6,1.2,79.6,0.4,258.6,1.2,23.0,26.6,38.6,26.6
2017_06_NYG_DEN,NYG,128.0,19,11,1,148.0,32,0,128.0,19,11,1,54,267.6,1.6,77.8,0.4,267.6,1.6,20.0,27.4,40.4,27.4
2017_07_SEA_NYG,NYG,134.0,38,19,1,46.0,17,0,134.0,39,19,1,55,249.2,1.8,100.4,0.4,249.2,1.8,24.0,23.8,36.6,23.8
2017_09_LA_NYG,NYG,220.0,38,20,2,111.0,26,0,220.0,38,20,2,56,228.2,1.8,97.2,0.4,228.2,1.8,23.8,23.2,38.0,23.2
2017_10_NYG_SF,NYG,273.0,37,28,2,114.0,23,0,273.0,37,28,2,57,199.0,1.6,109.6,0.4,199.0,1.6,25.6,20.2,36.2,20.2
2017_11_KC_NYG,NYG,205.0,35,19,0,112.0,32,1,205.0,36,19,0,58,196.0,1.6,114.2,0.2,196.0,1.6,24.6,19.8,33.8,19.8
2017_12_NYG_WAS,NYG,113.0,26,13,0,84.0,24,0,113.0,27,13,0,59,192.0,1.2,106.2,0.2,192.0,1.2,26.0,19.4,33.8,19.4
2017_13_NYG_OAK,NYG,212.0,33,21,1,65.0,24,1,212.0,34,21,1,60,189.0,1.0,93.4,0.2,189.0,1.0,24.4,19.8,35.4,19.8
2017_14_DAL_NYG,NYG,228.0,46,31,1,102.0,29,0,228.0,46,31,1,61,204.6,1.0,97.2,0.4,204.6,1.0,25.8,20.2,34.4,20.2
2017_15_PHI_NYG,NYG,434.0,57,37,3,75.0,23,1,434.0,57,37,3,62,206.2,0.8,95.4,0.4,206.2,0.8,26.4,22.4,36.0,22.4
2017_16_NYG_ARI,NYG,263.0,44,27,0,43.0,20,0,263.0,45,27,0,63,238.4,1.0,87.6,0.6,238.4,1.0,26.4,24.2,40.0,24.2
2017_17_WAS_NYG,NYG,132.0,28,10,1,260.0,44,1,132.0,28,10,1,64,250.0,1.0,73.8,0.4,250.0,1.0,24.0,25.8,41.8,25.8
2018_01_JAX_NYG,NYG,224.0,36,23,0,114.0,23,1,224.0,37,23,0,65,253.8,1.2,109.0,0.6,253.8,1.2,28.0,25.2,42.0,25.2
2018_02_NYG_DAL,NYG,279.0,44,33,1,35.0,17,0,279.0,44,33,1,66,256.2,1.0,118.8,0.6,256.2,1.0,27.8,25.6,42.6,25.6
2018_03_NYG_HOU,NYG,297.0,29,25,2,114.0,27,1,297.0,29,25,2,67,266.4,1.0,105.4,0.6,266.4,1.0,25.4,26.0,42.2,26.0
2018_04_NO_NYG,NYG,255.0,41,31,1,65.0,15,1,255.0,41,31,1,68,239.0,0.8,113.2,0.6,239.0,0.8,26.2,23.6,36.6,23.6
2018_05_NYG_CAR,NYG,383.0,37,23,3,50.0,16,0,383.0,37,23,3,69,237.4,1.0,117.6,0.8,237.4,1.0,25.2,24.4,35.8,24.4
2018_06_PHI_NYG,NYG,281.0,43,24,0,147.0,17,1,281.0,43,24,0,70,287.6,1.4,75.6,0.6,287.6,1.4,19.6,27.0,37.6,27.0
2018_07_NYG_ATL,NYG,399.0,37,27,1,61.0,20,1,399.0,38,27,1,71,299.0,1.4,82.2,0.6,299.0,1.4,18.4,27.2,38.8,27.2
2018_08_WAS_NYG,NYG,316.0,46,30,1,37.0,14,0,316.0,47,30,1,72,323.0,1.4,87.4,0.8,323.0,1.4,19.0,26.0,37.6,26.0
2018_10_NYG_SF,NYG,188.0,31,19,3,97.0,23,0,188.0,31,19,3,73,326.8,1.2,72.0,0.6,326.8,1.2,16.4,27.0,41.2,27.0
2018_11_TB_NYG,NYG,231.0,18,17,2,163.0,31,2,231.0,18,17,2,74,313.4,1.6,78.4,0.4,313.4,1.6,18.0,24.6,39.2,24.6
2018_12_NYG_PHI,NYG,297.0,37,26,1,126.0,18,1,297.0,37,26,1,75,283.0,1.4,101.0,0.8,283.0,1.4,21.0,23.4,35.4,23.4
2018_13_CHI_NYG,NYG,219.0,35,20,2,141.0,29,0,219.0,36,20,2,76,286.2,1.6,96.8,0.8,286.2,1.6,21.2,23.8,34.2,23.8
2018_14_NYG_WAS,NYG,197.0,26,14,3,227.0,34,1,197.0,27,14,3,77,250.2,1.8,112.8,0.6,250.2,1.8,23.0,22.4,33.8,22.4
2018_15_TEN_NYG,NYG,229.0,44,21,0,47.0,16,0,229.0,44,21,0,78,226.4,2.2,150.8,0.8,226.4,2.2,27.0,19.2,29.8,19.2
2018_16_NYG_IND,NYG,309.0,31,25,1,83.0,29,2,309.0,33,25,1,79,234.6,1.6,140.8,0.8,234.6,1.6,25.6,19.6,32.4,19.6
2018_17_DAL_NYG,NYG,301.0,39,24,2,143.0,25,2,301.0,41,24,2,80,250.2,1.4,124.8,0.8,250.2,1.4,25.2,21.2,35.4,21.2
2019_01_NYG_DAL,NYG,323.0,44,33,1,151.0,17,1,323.0,48,33,1,81,251.0,1.6,128.2,1.0,251.0,1.6,26.6,20.8,36.2,20.8
2019_02_BUF_NYG,NYG,250.0,44,26,1,129.0,20,1,250.0,45,26,1,82,271.8,1.4,130.2,1.2,271.8,1.4,24.2,23.4,38.6,23.4
2019_03_NYG_TB,NYG,336.0,36,23,2,72.0,19,2,336.0,36,23,2,83,282.4,1.0,110.6,1.2,282.4,1.0,21.4,25.8,42.2,25.8
2019_04_WAS_NYG,NYG,225.0,31,23,1,164.0,37,1,225.0,31,23,1,84,303.8,1.4,115.6,1.6,303.8,1.4,22.0,26.2,40.6,26.2
2019_05_MIN_NYG,NYG,182.0,36,21,1,64.0,20,0,182.0,38,21,1,85,287.0,1.4,131.8,1.4,287.0,1.4,23.6,25.8,40.2,25.8
2019_06_NYG_NE,NYG,161.0,29,15,1,52.0,16,0,161.0,31,15,1,86,263.2,1.2,116.0,1.0,263.2,1.2,22.6,25.2,39.6,25.2
2019_07_ARI_NYG,NYG,223.0,35,22,1,107.0,22,1,223.0,35,22,1,87,230.8,1.2,96.2,0.8,230.8,1.2,22.4,21.6,36.2,21.6
2019_08_NYG_DET,NYG,322.0,40,28,4,80.0,24,0,322.0,41,28,4,88,225.4,1.2,91.8,0.8,225.4,1.2,22.8,20.8,34.2,20.8
2019_09_DAL_NYG,NYG,210.0,41,26,1,100.0,22,0,210.0,41,26,1,89,222.6,1.6,93.4,0.4,222.6,1.6,23.8,21.8,35.2,21.8
2019_10_NYG_NYJ,NYG,308.0,38,26,4,23.0,17,0,308.0,40,26,4,90,219.6,1.6,80.6,0.2,219.6,1.6,20.8,22.4,37.2,22.4
2019_12_NYG_CHI,NYG,150.0,34,21,2,109.0,21,0,150.0,36,21,2,91,244.8,2.2,72.4,0.2,244.8,2.2,20.2,23.4,37.6,23.4
2019_13_GB_NYG,NYG,240.0,36,20,1,95.0,27,0,240.0,37,20,1,92,242.6,2.4,83.8,0.2,242.6,2.4,21.2,24.6,38.6,24.6
2019_14_NYG_PHI,NYG,203.0,29,15,2,73.0,20,0,203.0,30,15,2,93,246.0,2.4,81.4,0.0,246.0,2.4,22.2,24.2,39.0,24.2
2019_15_MIA_NYG,NYG,284.0,29,21,2,138.0,33,3,284.0,29,21,2,94,222.2,2.0,80.0,0.0,222.2,2.0,21.4,21.6,36.8,21.6
2019_16_NYG_WAS,NYG,352.0,39,28,5,206.0,26,1,352.0,42,28,5,95,237.0,2.2,87.6,0.6,237.0,2.2,23.6,20.6,34.4,20.6
2019_17_PHI_NYG,NYG,301.0,47,28,1,122.0,21,1,301.0,47,28,1,96,245.8,2.4,124.2,0.8,245.8,2.4,25.4,21.0,34.8,21.0
2020_01_PIT_NYG,NYG,279.0,39,26,2,29.0,20,0,279.0,41,26,2,97,276.0,2.2,126.8,1.0,276.0,2.2,25.4,22.4,37.0,22.4
2020_02_NYG_CHI,NYG,241.0,36,25,0,75.0,18,1,241.0,40,25,0,98,283.8,2.4,113.6,1.0,283.8,2.4,24.0,23.6,37.8,23.6
2020_03_SF_NYG,NYG,179.0,31,17,0,66.0,15,0,179.0,32,17,0,99,291.4,2.0,114.0,1.2,291.4,2.0,23.6,25.6,39.8,25.6
2020_04_NYG_LA,NYG,190.0,36,23,0,136.0,25,0,190.0,36,23,0,100,270.4,1.6,99.6,0.6,270.4,1.6,20.0,24.8,40.4,24.8
2020_05_NYG_DAL,NYG,222.0,29,20,0,89.0,27,2,222.0,33,20,0,101,238.0,0.6,85.6,0.4,238.0,0.6,19.8,23.8,39.2,23.8
2020_06_WAS_NYG,NYG,112.0,18,12,1,132.0,26,0,112.0,19,12,1,102,222.2,0.4,79.0,0.6,222.2,0.4,21.0,22.2,36.4,22.2
2020_07_NYG_PHI,NYG,187.0,28,20,2,160.0,22,1,187.0,30,20,2,103,188.8,0.2,99.6,0.6,188.8,0.2,22.2,19.4,32.0,19.4
2020_08_TB_NYG,NYG,274.0,41,26,2,101.0,24,1,274.0,42,26,2,104,178.0,0.6,116.6,0.6,178.0,0.6,23.0,18.4,30.0,18.4
2020_09_NYG_WAS,NYG,212.0,33,23,1,166.0,35,1,212.0,34,23,1,105,197.0,1.0,123.6,0.8,197.0,1.0,24.8,20.2,32.0,20.2
2020_10_PHI_NYG,NYG,244.0,28,21,0,151.0,36,3,244.0,28,21,0,106,201.4,1.2,129.6,1.0,201.4,1.2,26.8,20.2,31.6,20.2
2020_12_NYG_CIN,NYG,244.0,37,22,0,142.0,42,1,244.0,38,22,0,107,205.8,1.2,142.0,1.2,205.8,1.2,28.6,20.4,30.6,20.4
2020_13_NYG_SEA,NYG,105.0,22,13,1,190.0,31,1,105.0,22,13,1,108,232.2,1.0,144.0,1.4,232.2,1.0,31.8,22.4,34.4,22.4
2020_14_ARI_NYG,NYG,145.0,24,13,0,78.0,17,1,145.0,24,13,0,109,215.8,0.8,150.0,1.4,215.8,0.8,33.6,21.0,32.8,21.0
2020_15_CLE_NYG,NYG,221.0,32,19,0,74.0,21,0,221.0,32,19,0,110,190.0,0.4,145.4,1.4,190.0,0.4,32.2,18.4,29.2,18.4
2020_16_NYG_BAL,NYG,252.0,41,24,1,54.0,12,0,252.0,41,24,1,111,191.8,0.2,127.0,1.2,191.8,0.2,29.4,17.6,28.8,17.6
2020_17_DAL_NYG,NYG,229.0,25,17,2,125.0,28,1,229.0,25,17,2,112,193.4,0.4,107.6,0.6,193.4,0.4,24.6,18.2,31.4,18.2
2021_01_DEN_NYG,NYG,267.0,36,22,1,60.0,20,1,267.0,37,22,1,113,190.4,0.8,104.2,0.6,190.4,0.8,21.8,17.2,28.8,17.2
2021_02_NYG_WAS,NYG,249.0,32,22,1,163.0,28,1,249.0,32,22,1,114,222.8,0.8,78.2,0.6,222.8,0.8,19.6,19.0,31.8,19.0
2021_03_ATL_NYG,NYG,266.0,35,24,0,100.0,27,1,266.0,35,24,0,115,243.6,1.0,95.2,0.6,243.6,1.0,21.8,20.8,33.4,20.8
2021_04_NYG_NO,NYG,402.0,36,28,2,83.0,20,1,402.0,40,28,2,116,252.6,1.0,100.4,0.8,252.6,1.0,23.0,21.8,34.0,21.8
2021_05_NYG_DAL,NYG,294.0,37,21,1,73.0,25,1,294.0,39,21,1,117,282.6,1.2,106.2,1.0,282.6,1.2,24.6,22.6,33.8,22.6
2021_06_LA_NYG,NYG,242.0,48,29,0,60.0,18,1,242.0,51,29,0,118,295.6,1.0,95.8,1.0,295.6,1.0,24.0,23.4,36.6,23.4
2021_07_CAR_NYG,NYG,219.0,33,24,1,103.0,31,1,219.0,34,24,1,119,290.6,0.8,95.8,1.0,290.6,0.8,23.6,24.8,39.4,24.8
2021_08_NYG_KC,NYG,241.0,33,23,2,72.0,20,0,241.0,33,23,2,120,284.6,0.8,83.8,1.0,284.6,0.8,24.2,25.2,39.8,25.2
2021_09_LV_NYG,NYG,110.0,18,15,1,149.0,31,0,110.0,20,15,1,121,279.6,1.2,78.2,0.8,279.6,1.2,22.8,25.0,39.4,25.0
2021_11_NYG_TB,NYG,167.0,37,23,1,66.0,13,0,167.0,39,23,1,122,221.2,1.0,91.4,0.6,221.2,1.0,25.0,22.4,35.4,22.4
2021_12_PHI_NYG,NYG,202.0,29,19,1,70.0,27,0,202.0,30,19,1,123,195.8,1.0,90.0,0.4,195.8,1.0,22.6,22.8,35.4,22.8
2021_13_NYG_MIA,NYG,187.0,38,23,0,91.0,17,0,187.0,44,23,0,124,187.8,1.2,92.0,0.2,187.8,1.2,24.4,20.8,31.2,20.8
2021_14_NYG_LAC,NYG,191.0,34,17,2,135.0,26,1,191.0,37,17,2,125,181.4,1.0,89.6,0.0,181.4,1.0,21.6,20.6,33.2,20.6
2021_15_DAL_NYG,NYG,181.0,36,19,0,124.0,24,0,181.0,36,19,0,126,171.4,1.0,102.2,0.2,171.4,1.0,22.8,19.4,34.0,19.4
2021_16_NYG_PHI,NYG,118.0,41,23,1,84.0,27,0,118.0,44,23,1,127,185.6,0.8,97.2,0.2,185.6,0.8,21.4,20.2,37.2,20.2
2021_17_NYG_CHI,NYG,24.0,11,4,0,161.0,40,0,24.0,11,4,0,128,175.8,0.8,100.8,0.2,175.8,0.8,24.2,20.2,38.2,20.2
2021_18_WAS_NYG,NYG,103.0,30,15,1,94.0,25,0,103.0,31,15,1,129,140.2,0.6,119.0,0.2,140.2,0.6,26.8,17.2,34.4,17.2
2022_01_NYG_TEN,NYG,188.0,21,17,2,238.0,32,1,188.0,21,17,2,130,123.4,0.8,119.6,0.2,123.4,0.8,28.4,15.6,31.8,15.6
2022_02_CAR_NYG,NYG,176.0,32,22,1,103.0,33,0,176.0,34,22,1,131,122.8,0.8,140.2,0.2,122.8,0.8,29.6,15.6,28.6,15.6
2022_03_DAL_NYG,NYG,196.0,32,20,0,167.0,25,1,196.0,37,20,0,132,121.8,1.0,136.0,0.2,121.8,1.0,31.4,16.2,28.2,16.2
2022_04_CHI_NYG,NYG,82.0,15,9,0,262.0,44,2,82.0,16,9,0,133,137.4,0.8,152.6,0.4,137.4,0.8,31.0,15.6,26.8,15.6
2022_05_NYG_GB,NYG,217.0,26,21,0,125.0,31,3,217.0,27,21,0,134,149.0,0.8,172.8,0.8,149.0,0.8,31.8,16.6,27.8,16.6
2022_06_BAL_NYG,NYG,173.0,25,19,2,83.0,31,1,173.0,27,19,2,135,171.8,0.6,179.0,1.4,171.8,0.6,33.0,17.8,27.0,17.8
2022_07_NYG_JAX,NYG,202.0,29,19,1,236.0,39,1,202.0,30,19,1,136,168.8,0.6,148.0,1.4,168.8,0.6,32.8,18.2,28.2,18.2
2022_08_NYG_SEA,NYG,176.0,31,17,0,78.0,28,1,176.0,31,17,0,137,174.0,0.6,174.6,1.6,174.0,0.6,34.0,17.6,27.4,17.6
2022_10_HOU_NYG,NYG,197.0,17,13,2,191.0,47,1,197.0,17,13,2,138,170.0,0.6,156.8,1.6,170.0,0.6,34.6,17.0,26.2,17.0
2022_11_DET_NYG,NYG,341.0,40,27,1,89.0,26,2,341.0,44,27,1,139,193.0,1.0,142.6,1.4,193.0,1.0,35.2,17.8,26.4,17.8
2022_12_NYG_DAL,NYG,228.0,29,21,1,90.0,21,1,228.0,35,21,1,140,217.8,1.2,135.4,1.2,217.8,1.2,34.2,19.0,29.8,19.0
2022_13_WAS_NYG,NYG,200.0,28,25,1,134.0,30,1,200.0,31,25,1,141,228.8,1.0,136.8,1.2,228.8,1.0,32.2,19.4,31.4,19.4
2022_14_PHI_NYG,NYG,216.0,32,23,2,123.0,24,1,216.0,32,23,2,142,228.4,1.0,116.4,1.2,228.4,1.0,30.4,20.6,31.6,20.6
2022_15_NYG_WAS,NYG,160.0,30,21,0,128.0,30,1,160.0,32,21,0,143,236.4,1.4,125.4,1.2,236.4,1.4,29.6,21.8,31.8,21.8
2022_16_NYG_MIN,NYG,334.0,41,30,1,126.0,21,1,334.0,42,30,1,144,229.0,1.0,112.8,1.2,229.0,1.0,26.2,23.4,34.8,23.4
2022_17_IND_NYG,NYG,177.0,23,19,2,217.0,37,2,177.0,24,19,2,145,227.6,1.0,120.2,1.0,227.6,1.0,25.2,24.0,34.4,24.0
2022_18_NYG_PHI,NYG,168.0,38,23,1,129.0,21,1,168.0,40,23,1,146,217.4,1.2,145.6,1.2,217.4,1.2,28.4,23.6,32.2,23.6
2023_01_DAL_NYG,NYG,110.0,29,17,0,108.0,28,0,110.0,30,17,0,147,211.0,1.2,144.6,1.2,211.0,1.2,26.6,23.2,34.0,23.2
2023_02_NYG_ARI,NYG,321.0,35,26,2,127.0,27,2,321.0,37,26,2,148,189.8,0.8,141.6,1.0,189.8,0.8,27.4,22.0,33.6,22.0
2023_03_NYG_SF,NYG,137.0,32,22,0,29.0,11,1,137.0,33,22,0,149,222.0,1.2,141.4,1.2,222.0,1.2,26.8,23.0,34.6,23.0
2023_04_SEA_NYG,NYG,203.0,32,27,0,112.0,29,0,203.0,34,27,0,150,182.6,1.0,122.0,1.2,182.6,1.0,24.8,21.4,32.8,21.4
2023_05_NYG_MIA,NYG,205.0,30,23,0,85.0,29,0,205.0,32,23,0,151,187.8,0.6,101.0,0.8,187.8,0.6,23.2,23.0,34.8,23.0
2023_06_NYG_BUF,NYG,200.0,31,24,0,132.0,34,0,200.0,36,24,0,152,195.2,0.4,92.2,0.6,195.2,0.4,24.8,23.0,33.2,23.0
2023_07_WAS_NYG,NYG,279.0,27,18,2,106.0,32,0,279.0,29,18,2,153,213.2,0.4,97.0,0.6,213.2,0.4,26.0,24.4,34.4,24.4
2023_08_NYJ_NYG,NYG,7.0,12,6,0,203.0,52,1,7.0,14,6,0,154,204.8,0.4,92.8,0.2,204.8,0.4,27.0,22.8,32.8,22.8
2023_09_NYG_LV,NYG,200.0,29,19,1,123.0,25,0,200.0,29,19,1,155,178.8,0.4,127.6,0.2,178.8,0.4,35.2,19.6,29.0,19.6
2023_10_NYG_DAL,NYG,86.0,26,14,2,111.0,23,0,86.0,27,14,2,156,178.2,0.6,129.8,0.2,178.2,0.6,34.4,18.0,28.0,18.0
2023_11_NYG_WAS,NYG,246.0,26,18,3,91.0,19,0,246.0,26,18,3,157,154.4,1.0,135.0,0.2,154.4,1.0,33.2,16.2,27.0,16.2
2023_12_NE_NYG,NYG,191.0,24,17,1,58.0,19,0,191.0,25,17,1,158,163.6,1.6,126.8,0.2,163.6,1.6,30.2,15.0,25.0,15.0
2023_14_GB_NYG,NYG,158.0,20,17,1,209.0,34,2,158.0,21,17,1,159,146.0,1.4,117.2,0.2,146.0,1.4,27.6,14.8,24.2,14.8
2023_15_NYG_NO,NYG,190.0,34,22,0,60.0,16,0,190.0,38,22,0,160,176.2,1.6,118.4,0.4,176.2,1.6,24.0,17.0,25.6,17.0
2023_16_NYG_PHI,NYG,188.0,27,16,1,106.0,26,1,188.0,32,16,1,161,174.2,1.4,105.8,0.4,174.2,1.4,22.2,17.6,27.4,17.6
2023_17_LA_NYG,NYG,319.0,39,27,1,105.0,20,1,319.0,41,27,1,162,194.6,1.2,104.8,0.6,194.6,1.2,22.8,18.0,28.4,18.0
2023_18_PHI_NYG,NYG,311.0,32,25,1,109.0,30,2,311.0,34,25,1,163,209.2,0.8,107.6,0.8,209.2,0.8,23.0,19.8,31.4,19.8
2024_01_MIN_NYG,NYG,186.0,38,22,0,74.0,21,0,186.0,42,22,0,164,233.2,0.8,117.8,1.2,233.2,0.8,25.2,21.4,33.2,21.4
2024_02_NYG_WAS,NYG,178.0,27,16,2,129.0,22,1,178.0,28,16,2,165,238.8,0.6,90.8,0.8,238.8,0.6,22.6,22.4,37.4,22.4
2024_03_NYG_CLE,NYG,236.0,33,24,2,112.0,32,1,236.0,35,24,2,166,236.4,1.0,104.6,1.0,236.4,1.0,23.8,21.2,35.4,21.2
2024_04_DAL_NYG,NYG,281.0,38,29,0,26.0,24,0,281.0,40,29,0,167,246.0,1.2,105.8,1.0,246.0,1.2,25.0,22.8,36.0,22.8
2024_05_NYG_SEA,NYG,257.0,31,23,2,175.0,34,0,257.0,34,23,2,168,238.4,1.0,90.0,0.8,238.4,1.0,25.8,23.2,35.8,23.2
2024_06_CIN_NYG,NYG,205.0,36,22,0,119.0,31,1,205.0,41,22,0,169,227.6,1.2,103.2,0.4,227.6,1.2,26.6,22.8,35.8,22.8
2024_07_PHI_NYG,NYG,105.0,27,17,0,76.0,18,0,105.0,29,17,0,170,231.4,1.2,112.2,0.6,231.4,1.2,28.6,22.8,35.6,22.8
2024_08_NYG_PIT,NYG,264.0,37,24,0,157.0,25,1,264.0,38,24,0,171,216.8,0.8,101.6,0.4,216.8,0.8,27.8,23.0,35.8,23.0
2024_09_WAS_NYG,NYG,174.0,26,20,2,164.0,31,1,174.0,26,20,2,172,222.4,0.4,110.6,0.4,222.4,0.4,26.4,23.0,36.4,23.0
2024_10_NYG_CAR,NYG,190.0,32,22,0,167.0,34,2,190.0,37,22,0,173,201.0,0.8,138.2,0.6,201.0,0.8,27.8,21.2,33.6,21.2
2024_12_TB_NYG,NYG,192.0,30,22,0,76.0,20,1,192.0,32,22,0,174,187.6,0.4,136.6,1.0,187.6,0.4,27.8,21.0,34.2,21.0
2024_13_NYG_DAL,NYG,178.0,32,21,0,116.0,21,2,178.0,32,21,0,175,185.0,0.4,128.0,1.0,185.0,0.4,25.6,21.0,32.4,21.0
2024_14_NO_NYG,NYG,227.0,46,21,0,112.0,23,1,227.0,49,21,0,176,199.6,0.4,136.0,1.4,199.6,0.4,26.2,21.8,33.0,21.8
2024_15_BAL_NYG,NYG,191.0,34,22,1,55.0,20,1,191.0,37,22,1,177,192.2,0.4,127.0,1.4,192.2,0.4,25.8,21.2,35.2,21.2
2024_16_NYG_ATL,NYG,210.0,37,22,1,45.0,13,0,210.0,39,22,1,178,195.6,0.2,105.2,1.4,195.6,0.2,23.6,21.6,37.4,21.6
2024_17_IND_NYG,NYG,309.0,22,17,4,80.0,30,1,309.0,23,17,4,179,199.6,0.4,80.8,1.0,199.6,0.4,19.4,21.6,37.8,21.6
2024_18_NYG_PHI,NYG,138.0,28,22,1,100.0,25,0,138.0,29,22,1,180,223.0,1.2,81.6,1.0,223.0,1.2,21.4,20.6,36.0,20.6
2014_01_OAK_NYJ,NYJ,221.0,29,23,1,212.0,34,1,221.0,29,23,1,1,,,,,,,,,,
2014_02_NYJ_GB,NYJ,176.0,30,16,1,110.0,37,2,176.0,32,16,1,2,221.0,1.0,212.0,1.0,221.0,1.0,34.0,23.0,29.0,23.0
2014_03_CHI_NYJ,NYJ,316.0,42,26,1,114.0,26,0,316.0,43,26,1,3,198.5,1.0,161.0,1.5,198.5,1.0,35.5,19.5,30.5,19.5
2014_04_DET_NYJ,NYJ,209.0,33,17,1,132.0,27,1,209.0,33,17,1,4,237.66666666666666,1.0,145.33333333333334,1.0,237.66666666666666,1.0,32.333333333333336,21.666666666666668,34.666666666666664,21.666666666666668
2014_05_NYJ_SD,NYJ,74.0,29,12,0,91.0,21,0,74.0,31,12,0,5,230.5,1.0,142.0,1.0,230.5,1.0,31.0,20.5,34.25,20.5
2014_06_DEN_NYJ,NYJ,190.0,40,23,2,31.0,15,0,190.0,43,23,2,6,199.2,0.8,131.8,0.8,199.2,0.8,29.0,18.8,33.6,18.8
2014_07_NYJ_NE,NYJ,226.0,33,20,1,218.0,43,1,226.0,34,20,1,7,193.0,1.0,95.6,0.6,193.0,1.0,25.2,18.8,36.4,18.8
2014_08_BUF_NYJ,NYJ,158.0,39,20,0,175.0,33,3,158.0,44,20,0,8,203.0,1.0,117.2,0.4,203.0,1.0,26.4,19.6,36.8,19.6
2014_09_NYJ_KC,NYJ,235.0,36,24,1,139.0,30,0,235.0,36,24,1,9,171.4,0.8,129.4,1.0,171.4,0.8,27.8,18.4,37.0,18.4
2014_10_PIT_NYJ,NYJ,132.0,18,10,2,150.0,36,0,132.0,18,10,2,10,176.6,0.8,130.8,0.8,176.6,0.8,28.4,19.8,37.6,19.8
2014_12_NYJ_BUF,NYJ,165.0,30,17,0,92.0,19,0,165.0,31,17,0,11,188.2,1.2,142.6,0.8,188.2,1.2,31.4,19.4,35.0,19.4
2014_13_MIA_NYJ,NYJ,65.0,13,7,0,277.0,49,1,65.0,13,7,0,12,183.2,0.8,154.8,0.8,183.2,0.8,32.2,18.2,32.6,18.2
2014_14_NYJ_MIN,NYJ,254.0,29,18,1,168.0,42,0,254.0,29,18,1,13,151.0,0.6,166.6,0.8,151.0,0.6,33.4,15.6,28.4,15.6
2014_15_NYJ_TEN,NYJ,179.0,27,16,1,114.0,29,1,179.0,28,16,1,14,170.2,0.8,165.2,0.2,170.2,0.8,35.2,15.2,25.4,15.2
2014_16_NE_NYJ,NYJ,210.0,27,17,1,116.0,32,0,210.0,27,17,1,15,159.0,0.8,160.2,0.4,159.0,0.8,35.0,13.6,23.8,13.6
2014_17_NYJ_MIA,NYJ,396.0,27,21,3,104.0,34,1,396.0,27,21,3,16,174.6,0.6,153.4,0.4,174.6,0.6,34.2,15.0,25.6,15.0
2015_01_CLE_NYJ,NYJ,179.0,24,15,2,154.0,36,2,179.0,24,15,2,17,220.8,1.2,155.8,0.6,220.8,1.2,37.2,15.8,24.8,15.8
2015_02_NYJ_IND,NYJ,244.0,34,22,2,101.0,27,0,244.0,34,22,2,18,243.6,1.6,131.2,0.8,243.6,1.6,34.6,17.4,27.0,17.4
2015_03_PHI_NYJ,NYJ,283.0,58,35,2,47.0,16,0,283.0,58,35,2,19,241.6,1.8,117.8,0.8,241.6,1.8,31.6,18.2,28.0,18.2
2015_04_NYJ_MIA,NYJ,218.0,29,16,1,207.0,43,2,218.0,29,16,1,20,262.4,2.0,104.4,0.6,262.4,2.0,29.0,22.0,34.0,22.0
2015_06_WAS_NYJ,NYJ,253.0,26,19,2,221.0,41,2,253.0,26,19,2,21,264.0,2.0,122.6,1.0,264.0,2.0,31.2,21.8,34.4,21.8
2015_07_NYJ_NE,NYJ,295.0,39,22,2,89.0,29,0,295.0,39,22,2,22,235.4,1.8,146.0,1.2,235.4,1.8,32.6,21.4,34.2,21.4
2015_08_NYJ_OAK,NYJ,311.0,47,31,2,74.0,21,0,311.0,47,31,2,23,258.6,1.8,133.0,0.8,258.6,1.8,31.2,22.8,37.2,22.8
2015_09_JAX_NYJ,NYJ,272.0,34,21,2,29.0,28,2,272.0,34,21,2,24,272.0,1.8,127.6,0.8,272.0,1.8,30.0,24.6,39.8,24.6
2015_10_BUF_NYJ,NYJ,193.0,34,15,2,128.0,24,0,193.0,34,15,2,25,269.8,1.8,124.0,1.2,269.8,1.8,32.4,21.8,35.0,21.8
2015_11_NYJ_HOU,NYJ,216.0,39,19,1,70.0,21,1,216.0,39,19,1,26,264.8,2.0,108.2,0.8,264.8,2.0,28.6,21.6,36.0,21.6
2015_12_MIA_NYJ,NYJ,277.0,37,22,4,137.0,34,1,277.0,37,22,4,27,257.4,1.8,78.0,0.6,257.4,1.8,24.6,21.6,38.6,21.6
2015_13_NYJ_NYG,NYJ,390.0,50,36,2,90.0,24,0,390.0,50,36,2,28,253.8,2.2,87.6,0.8,253.8,2.2,25.6,21.6,38.2,21.6
2015_14_TEN_NYJ,NYJ,263.0,36,21,3,183.0,34,0,263.0,36,21,3,29,269.6,2.2,90.8,0.8,269.6,2.2,26.2,22.6,38.8,22.6
2015_15_NYJ_DAL,NYJ,299.0,39,26,1,73.0,26,1,299.0,39,26,1,30,267.8,2.4,121.6,0.4,267.8,2.4,27.4,22.6,39.2,22.6
2015_16_NE_NYJ,NYJ,296.0,40,26,3,143.0,27,0,296.0,41,26,3,31,289.0,2.2,110.6,0.6,289.0,2.2,27.8,24.8,40.2,24.8
2015_17_NYJ_BUF,NYJ,181.0,36,16,2,122.0,17,0,181.0,37,16,2,32,305.0,2.6,125.2,0.4,305.0,2.6,29.0,26.2,40.6,26.2
2016_01_CIN_NYJ,NYJ,189.0,34,19,2,152.0,30,0,189.0,35,19,2,33,285.8,2.2,122.2,0.2,285.8,2.2,25.6,25.0,40.6,25.0
2016_02_NYJ_BUF,NYJ,374.0,34,24,1,123.0,36,3,374.0,34,24,1,34,245.6,2.2,134.6,0.2,245.6,2.2,26.8,21.6,37.6,21.6
2016_03_NYJ_KC,NYJ,188.0,44,20,0,117.0,22,0,188.0,44,20,0,35,267.8,1.8,122.6,0.8,267.8,1.8,27.2,22.2,37.2,22.2
2016_04_SEA_NYJ,NYJ,261.0,41,23,1,58.0,20,0,261.0,41,23,1,36,245.6,1.6,131.4,0.6,245.6,1.6,26.4,21.0,38.2,21.0
2016_05_NYJ_PIT,NYJ,255.0,38,25,1,72.0,17,0,255.0,38,25,1,37,238.6,1.2,114.4,0.6,238.6,1.2,25.0,20.4,38.2,20.4
2016_06_NYJ_ARI,NYJ,205.0,37,20,0,33.0,14,0,205.0,37,20,0,38,253.4,1.0,104.4,0.6,253.4,1.0,25.0,22.2,38.4,22.2
2016_07_BAL_NYJ,NYJ,215.0,22,13,2,155.0,39,1,215.0,22,13,2,39,256.6,0.6,80.6,0.6,256.6,0.6,21.8,22.4,38.8,22.4
2016_08_NYJ_CLE,NYJ,228.0,34,16,1,171.0,35,3,228.0,34,16,1,40,224.8,0.8,87.0,0.2,224.8,0.8,22.4,20.2,36.4,20.2
2016_09_NYJ_MIA,NYJ,213.0,29,18,1,140.0,21,1,213.0,29,18,1,41,232.8,1.0,97.8,0.8,232.8,1.0,25.0,19.4,34.4,19.4
2016_10_LA_NYJ,NYJ,163.0,31,19,1,139.0,25,0,163.0,32,19,1,42,223.2,1.0,114.2,1.0,223.2,1.0,25.2,18.4,32.0,18.4
2016_12_NE_NYJ,NYJ,269.0,31,22,2,64.0,23,0,269.0,32,22,2,43,204.8,1.0,127.6,1.0,204.8,1.0,26.8,17.2,30.8,17.2
2016_13_IND_NYJ,NYJ,216.0,37,16,1,36.0,14,0,216.0,37,16,1,44,217.6,1.4,133.8,1.0,217.6,1.4,28.6,17.6,29.8,17.6
2016_14_NYJ_SF,NYJ,257.0,35,23,0,188.0,40,2,257.0,35,23,0,45,217.8,1.2,110.0,0.8,217.8,1.2,23.6,18.2,32.8,18.2
2016_15_MIA_NYJ,NYJ,266.0,45,25,1,116.0,23,0,266.0,46,25,1,46,223.6,1.0,113.4,0.6,223.6,1.0,24.6,19.6,33.0,19.6
2016_16_NYJ_NE,NYJ,136.0,24,8,0,111.0,29,0,136.0,24,8,0,47,234.2,1.0,108.6,0.4,234.2,1.0,25.0,21.0,36.4,21.0
2016_17_BUF_NYJ,NYJ,210.0,30,20,2,127.0,30,0,210.0,30,20,2,48,228.8,0.8,103.0,0.4,228.8,0.8,25.8,18.8,34.8,18.8
2017_01_NYJ_BUF,NYJ,187.0,38,26,0,38.0,15,1,187.0,39,26,0,49,217.0,0.8,115.6,0.4,217.0,0.8,27.2,18.4,34.4,18.4
2017_02_NYJ_OAK,NYJ,166.0,24,16,2,126.0,25,0,166.0,24,16,2,50,211.2,0.6,116.0,0.6,211.2,0.6,27.4,20.4,34.8,20.4
2017_03_MIA_NYJ,NYJ,249.0,23,18,1,103.0,34,1,249.0,23,18,1,51,193.0,1.0,103.6,0.2,193.0,1.0,24.4,19.0,32.6,19.0
2017_04_JAX_NYJ,NYJ,255.0,31,23,0,256.0,32,2,255.0,32,23,0,52,189.6,1.0,101.0,0.4,189.6,1.0,26.6,17.6,28.0,17.6
2017_05_NYJ_CLE,NYJ,194.0,30,23,2,34.0,18,0,194.0,30,23,2,53,213.4,1.0,130.0,0.8,213.4,1.0,27.2,20.6,29.6,20.6
2017_06_NE_NYJ,NYJ,354.0,45,31,2,74.0,24,0,354.0,47,31,2,54,210.2,1.0,111.4,0.8,210.2,1.0,24.8,21.2,29.6,21.2
2017_07_NYJ_MIA,NYJ,209.0,26,17,3,92.0,22,1,209.0,27,17,3,55,243.6,1.4,118.6,0.6,243.6,1.4,26.6,22.2,31.2,22.2
2017_08_ATL_NYJ,NYJ,257.0,32,26,2,43.0,22,0,257.0,33,26,2,56,252.2,1.6,111.8,0.8,252.2,1.6,26.0,22.4,31.8,22.4
2017_09_BUF_NYJ,NYJ,140.0,20,14,1,194.0,41,3,140.0,20,14,1,57,253.8,1.8,99.8,0.6,253.8,1.8,23.6,24.0,33.8,24.0
2017_10_NYJ_TB,NYJ,262.0,39,23,1,56.0,19,0,262.0,39,23,1,58,230.8,2.0,87.4,0.8,230.8,2.0,25.4,22.2,31.4,22.2
2017_12_CAR_NYJ,NYJ,307.0,34,19,3,109.0,26,0,307.0,36,19,3,59,244.4,1.8,91.8,0.8,244.4,1.8,25.6,22.2,33.2,22.2
2017_13_KC_NYJ,NYJ,331.0,34,26,1,157.0,49,3,331.0,36,26,1,60,235.0,2.0,98.8,0.8,235.0,2.0,26.0,19.8,31.0,19.8
2017_14_NYJ_DEN,NYJ,60.0,21,8,0,59.0,23,0,60.0,21,8,0,61,259.4,1.6,111.8,1.2,259.4,1.6,31.4,21.6,32.8,21.6
2017_15_NYJ_NO,NYJ,179.0,35,19,1,124.0,28,1,179.0,39,19,1,62,220.0,1.2,115.0,1.2,220.0,1.2,31.6,18.0,30.4,18.0
2017_16_LAC_NYJ,NYJ,121.0,28,15,0,197.0,30,1,119.0,28,15,0,63,227.8,1.2,101.0,0.8,227.8,1.2,29.0,19.0,34.2,19.0
2017_17_NYJ_NE,NYJ,232.0,36,19,0,40.0,19,0,232.0,36,19,0,64,199.2,1.0,129.2,1.0,199.6,1.0,31.2,17.4,32.0,17.4
2018_01_NYJ_DET,NYJ,198.0,20,16,2,169.0,36,2,198.0,21,16,2,65,184.2,0.4,115.4,1.0,184.6,0.4,29.8,17.4,32.0,17.4
2018_02_MIA_NYJ,NYJ,334.0,41,25,1,42.0,19,0,334.0,41,25,1,66,157.6,0.6,117.8,0.8,158.0,0.6,27.2,15.4,29.0,15.4
2018_03_NYJ_CLE,NYJ,169.0,30,15,0,107.0,30,2,169.0,31,15,0,67,212.4,0.8,114.4,0.8,212.8,0.8,26.4,18.8,33.0,18.8
2018_04_NYJ_JAX,NYJ,167.0,33,17,1,34.0,14,0,167.0,34,17,1,68,210.4,0.6,111.0,1.0,210.8,0.6,26.8,18.0,31.4,18.0
2018_05_DEN_NYJ,NYJ,198.0,22,10,3,323.0,38,1,198.0,22,10,3,69,220.0,0.8,78.4,0.8,220.0,0.8,23.6,18.4,32.6,18.4
2018_06_IND_NYJ,NYJ,280.0,29,24,2,107.0,36,0,280.0,30,24,2,70,213.2,1.4,135.0,1.0,213.2,1.4,27.4,16.6,29.8,16.6
2018_07_MIN_NYJ,NYJ,206.0,42,17,1,71.0,24,1,206.0,42,17,1,71,229.6,1.4,122.6,0.6,229.6,1.4,27.4,18.2,31.6,18.2
2018_08_NYJ_CHI,NYJ,153.0,25,14,1,57.0,24,0,153.0,29,14,1,72,204.0,1.4,128.4,0.8,204.0,1.4,28.4,16.6,31.8,16.6
2018_09_NYJ_MIA,NYJ,229.0,38,21,0,80.0,21,0,229.0,39,21,0,73,200.8,1.6,118.4,0.4,200.8,1.6,27.2,16.4,31.4,16.4
2018_10_BUF_NYJ,NYJ,135.0,33,17,0,83.0,18,1,135.0,34,17,0,74,213.2,1.4,127.6,0.4,213.2,1.4,28.6,17.2,32.4,17.2
2018_12_NE_NYJ,NYJ,276.0,41,26,1,74.0,15,0,276.0,45,26,1,75,200.6,0.8,79.6,0.4,200.6,0.8,24.6,18.6,34.8,18.6
2018_13_NYJ_TEN,NYJ,128.0,30,17,0,156.0,33,0,128.0,30,17,0,76,199.8,0.6,73.0,0.4,199.8,0.6,20.4,19.0,37.8,19.0
2018_14_NYJ_BUF,NYJ,170.0,24,16,1,75.0,27,2,170.0,25,16,1,77,184.2,0.4,90.0,0.2,184.2,0.4,22.2,19.0,35.4,19.0
2018_15_HOU_NYJ,NYJ,253.0,35,24,2,90.0,31,1,253.0,38,24,2,78,187.6,0.4,93.6,0.6,187.6,0.4,22.8,19.4,34.6,19.4
2018_16_GB_NYJ,NYJ,341.0,34,24,3,47.0,20,1,341.0,35,24,3,79,192.4,0.8,95.6,0.8,192.4,0.8,24.8,20.0,34.4,20.0
2018_17_NYJ_NE,NYJ,167.0,28,16,0,104.0,23,0,167.0,28,16,0,80,233.6,1.4,88.4,0.8,233.6,1.4,25.2,21.4,34.6,21.4
2019_01_BUF_NYJ,NYJ,175.0,41,28,1,68.0,21,0,175.0,41,28,1,81,211.8,1.2,94.4,0.8,211.8,1.2,26.8,19.4,31.2,19.4
2019_02_CLE_NYJ,NYJ,201.0,30,23,0,93.0,24,0,201.0,31,23,0,82,221.2,1.4,76.8,0.8,221.2,1.4,24.4,21.6,33.4,21.6
2019_03_NYJ_NE,NYJ,98.0,22,12,0,36.0,20,0,98.0,22,12,0,83,227.4,1.2,80.4,0.4,227.4,1.2,23.8,23.0,34.6,23.0
2019_05_NYJ_PHI,NYJ,120.0,25,15,0,67.0,19,1,120.0,26,15,0,84,196.4,0.8,69.6,0.2,196.4,0.8,21.6,20.6,31.4,20.6
2019_06_DAL_NYJ,NYJ,338.0,30,23,2,56.0,20,1,338.0,32,23,2,85,152.2,0.2,73.6,0.2,152.2,0.2,21.4,18.8,29.6,18.8
2019_07_NE_NYJ,NYJ,86.0,31,11,0,81.0,20,0,86.0,32,11,0,86,186.4,0.6,64.0,0.4,186.4,0.6,20.8,20.2,30.4,20.2
2019_08_NYJ_JAX,NYJ,218.0,29,21,2,46.0,14,0,218.0,30,21,2,87,168.6,0.4,66.6,0.4,168.6,0.4,20.6,16.8,28.6,16.8
2019_09_NYJ_MIA,NYJ,260.0,36,27,1,83.0,21,0,260.0,39,27,1,88,172.0,0.8,57.2,0.4,172.0,0.8,18.6,16.4,28.4,16.4
2019_10_NYG_NYJ,NYJ,230.0,27,19,1,76.0,29,2,230.0,30,19,1,89,204.4,1.0,66.6,0.4,204.4,1.0,18.8,19.4,31.8,19.4
2019_11_NYJ_WAS,NYJ,293.0,28,19,4,115.0,33,1,293.0,31,19,4,90,226.4,1.2,68.4,0.6,226.4,1.2,20.8,20.2,32.6,20.2
2019_12_OAK_NYJ,NYJ,315.0,26,20,2,88.0,30,1,315.0,29,20,2,91,217.4,1.6,80.2,0.6,217.4,1.6,23.4,19.4,32.4,19.4
2019_13_NYJ_CIN,NYJ,239.0,45,28,0,62.0,17,0,239.0,48,28,0,92,263.2,2.0,81.6,0.8,263.2,2.0,25.4,21.2,31.8,21.2
2019_14_MIA_NYJ,NYJ,270.0,35,20,2,112.0,32,0,270.0,36,20,2,93,267.4,1.6,84.8,0.8,267.4,1.6,26.0,22.6,35.4,22.6
2019_15_NYJ_BAL,NYJ,218.0,29,18,2,103.0,24,0,218.0,32,18,2,94,269.4,1.8,90.6,0.8,269.4,1.8,28.2,21.2,34.8,21.2
2019_16_PIT_NYJ,NYJ,183.0,25,16,1,85.0,32,0,183.0,26,16,1,95,267.0,2.0,96.0,0.4,267.0,2.0,27.2,21.0,35.2,21.0
2019_17_NYJ_BUF,NYJ,199.0,33,23,1,86.0,27,0,199.0,36,23,1,96,245.0,1.4,90.0,0.2,245.0,1.4,27.0,20.4,34.2,20.4
2020_01_NYJ_BUF,NYJ,215.0,33,21,1,52.0,15,1,215.0,35,21,1,97,221.8,1.2,89.6,0.0,221.8,1.2,26.4,21.0,35.6,21.0
2020_02_SF_NYJ,NYJ,179.0,32,21,1,104.0,29,0,179.0,32,21,1,98,217.0,1.4,87.6,0.2,217.0,1.4,26.0,19.6,33.0,19.6
2020_03_NYJ_IND,NYJ,168.0,26,17,1,109.0,29,0,168.0,29,17,1,99,198.8,1.2,86.0,0.2,198.8,1.2,25.4,19.8,32.2,19.8
2020_04_DEN_NYJ,NYJ,246.0,43,25,0,129.0,24,1,246.0,44,25,0,100,188.8,1.0,87.2,0.2,188.8,1.0,26.4,19.6,31.6,19.6
2020_05_ARI_NYJ,NYJ,195.0,31,18,1,123.0,28,0,195.0,33,18,1,101,201.4,0.8,96.0,0.4,201.4,0.8,24.8,21.4,35.2,21.4
2020_06_NYJ_MIA,NYJ,186.0,39,21,0,115.0,22,0,186.0,44,21,0,102,200.6,0.8,103.4,0.4,200.6,0.8,25.0,20.4,34.6,20.4
2020_07_BUF_NYJ,NYJ,120.0,21,12,0,100.0,22,1,120.0,23,12,0,103,194.8,0.6,116.0,0.2,194.8,0.6,26.4,20.4,36.4,20.4
2020_08_NYJ_KC,NYJ,133.0,28,18,0,93.0,25,0,133.0,30,18,0,104,183.0,0.4,115.2,0.4,183.0,0.4,25.0,18.6,34.6,18.6
2020_09_NE_NYJ,NYJ,262.0,24,18,3,65.0,18,0,262.0,25,18,3,105,176.0,0.2,112.0,0.4,176.0,0.2,24.2,18.8,34.8,18.8
2020_11_NYJ_LAC,NYJ,205.0,28,15,2,96.0,24,2,205.0,30,15,2,106,179.2,0.8,99.2,0.2,179.2,0.8,23.0,17.4,31.0,17.4
2020_12_MIA_NYJ,NYJ,197.0,27,16,0,87.0,23,0,197.0,27,16,0,107,181.2,1.0,93.8,0.6,181.2,1.0,22.2,16.8,30.4,16.8
2020_13_LV_NYJ,NYJ,186.0,20,14,2,206.0,34,2,186.0,23,14,2,108,183.4,1.0,88.2,0.6,183.4,1.0,22.4,15.8,27.0,15.8
2020_14_NYJ_SEA,NYJ,132.0,23,14,0,69.0,23,0,132.0,26,14,0,109,196.6,1.4,109.4,0.8,196.6,1.4,24.8,16.2,27.0,16.2
2020_15_NYJ_LA,NYJ,207.0,27,22,1,93.0,31,1,207.0,31,22,1,110,196.4,1.4,104.6,0.8,196.4,1.4,24.4,15.4,26.2,15.4
2020_16_CLE_NYJ,NYJ,218.0,28,17,3,131.0,34,0,218.0,33,17,3,111,185.4,1.0,110.2,1.0,185.4,1.0,27.0,16.2,27.4,16.2
2020_17_NYJ_NE,NYJ,266.0,33,23,1,111.0,25,1,266.0,34,23,1,112,188.0,1.2,117.2,0.6,188.0,1.2,29.0,16.6,28.0,16.6
2021_01_NYJ_CAR,NYJ,258.0,36,20,2,45.0,17,0,258.0,37,20,2,113,201.8,1.4,122.0,0.8,201.8,1.4,29.4,18.0,29.4,18.0
2021_02_NE_NYJ,NYJ,210.0,33,19,0,152.0,31,0,210.0,33,19,0,114,216.2,1.4,89.8,0.4,216.2,1.4,26.0,19.2,32.2,19.2
2021_03_NYJ_DEN,NYJ,160.0,33,19,0,43.0,13,0,160.0,35,19,0,115,231.8,1.4,106.4,0.4,231.8,1.4,27.6,20.2,33.6,20.2
2021_04_TEN_NYJ,NYJ,297.0,34,21,2,66.0,25,1,297.0,34,21,2,116,222.4,1.2,96.4,0.2,222.4,1.2,24.0,19.6,34.4,19.6
2021_05_NYJ_ATL,NYJ,192.0,31,19,0,64.0,18,2,192.0,32,19,0,117,238.2,1.0,83.4,0.4,238.2,1.0,22.2,20.4,34.6,20.4
2021_07_NYJ_NE,NYJ,253.0,41,26,1,62.0,17,1,253.0,42,26,1,118,223.4,0.8,74.0,0.6,223.4,0.8,20.8,19.6,34.2,19.6
2021_08_CIN_NYJ,NYJ,422.0,49,39,3,97.0,27,1,422.0,49,39,3,119,222.4,0.6,77.4,0.8,222.4,0.6,20.8,20.8,35.2,20.8
2021_09_NYJ_IND,NYJ,412.0,52,34,4,88.0,21,0,412.0,52,34,4,120,264.8,1.2,66.4,1.0,264.8,1.2,20.0,24.8,38.4,24.8
2021_10_BUF_NYJ,NYJ,298.0,46,27,1,70.0,22,1,298.0,47,27,1,121,315.2,2.0,75.4,1.0,315.2,2.0,21.6,27.8,41.8,27.8
2021_11_MIA_NYJ,NYJ,291.0,35,24,2,102.0,18,0,291.0,39,24,2,122,315.4,1.8,76.2,1.0,315.4,1.8,21.0,29.0,44.4,29.0
2021_12_NYJ_HOU,NYJ,145.0,23,14,0,157.0,34,2,145.0,24,14,0,123,335.2,2.2,83.8,0.6,335.2,2.2,21.0,30.0,45.8,30.0
2021_13_PHI_NYJ,NYJ,226.0,36,23,2,70.0,17,1,226.0,38,23,2,124,313.6,2.0,102.8,0.8,313.6,2.0,24.4,27.6,42.2,27.6
2021_14_NO_NYJ,NYJ,202.0,40,19,0,78.0,17,0,202.0,42,19,0,125,274.4,1.8,97.4,0.8,274.4,1.8,22.4,24.4,40.0,24.4
2021_15_NYJ_MIA,NYJ,170.0,22,13,0,102.0,24,2,170.0,24,13,0,126,232.4,1.0,95.4,0.8,232.4,1.0,21.6,21.4,38.0,21.4
2021_16_JAX_NYJ,NYJ,102.0,21,14,1,273.0,36,1,102.0,22,14,1,127,206.8,0.8,101.8,1.0,206.8,0.8,22.0,18.6,33.4,18.6
2021_17_TB_NYJ,NYJ,234.0,30,19,1,150.0,26,2,234.0,33,19,1,128,169.0,0.6,136.0,1.2,169.0,0.6,25.6,16.6,30.0,16.6
2021_18_NYJ_BUF,NYJ,87.0,19,7,1,48.0,17,0,87.0,20,7,1,129,186.8,0.8,134.6,1.2,186.8,0.8,24.0,17.6,31.8,17.6
2022_01_BAL_NYJ,NYJ,309.0,57,37,1,83.0,17,0,309.0,59,37,1,130,159.0,0.6,130.2,1.0,159.0,0.6,24.0,14.4,28.2,14.4
2022_02_NYJ_CLE,NYJ,324.0,43,27,4,93.0,20,0,324.0,45,27,4,131,180.4,0.8,131.2,1.0,180.4,0.8,24.0,18.0,31.6,18.0
2022_03_CIN_NYJ,NYJ,285.0,48,28,0,76.0,20,0,285.0,52,28,0,132,211.2,1.6,129.4,0.6,211.2,1.6,23.2,20.8,35.8,20.8
2022_04_NYJ_PIT,NYJ,254.0,33,19,2,98.0,29,1,254.0,37,19,2,133,247.8,1.4,90.0,0.4,247.8,1.4,20.0,23.6,41.8,23.6
2022_05_MIA_NYJ,NYJ,210.0,21,14,0,135.0,33,5,210.0,21,14,0,134,251.8,1.6,79.6,0.2,251.8,1.6,20.6,23.6,42.6,23.6
2022_06_NYJ_GB,NYJ,110.0,17,10,0,179.0,33,2,110.0,18,10,0,135,276.4,1.4,97.0,1.2,276.4,1.4,23.8,25.0,42.8,25.0
2022_07_NYJ_DEN,NYJ,121.0,23,16,0,155.0,24,1,121.0,26,16,0,136,236.6,1.2,116.2,1.6,236.6,1.2,27.0,19.6,34.6,19.6
2022_08_NE_NYJ,NYJ,355.0,34,20,2,51.0,15,0,355.0,41,20,2,137,196.0,0.4,128.6,1.8,196.0,0.4,27.8,17.4,30.8,17.4
2022_09_BUF_NYJ,NYJ,154.0,24,18,1,174.0,34,1,154.0,25,18,1,138,210.0,0.8,123.6,1.8,210.0,0.8,26.8,15.8,28.6,15.8
2022_11_NYJ_NE,NYJ,77.0,20,9,0,59.0,23,0,77.0,22,9,0,139,190.0,0.6,138.8,1.8,190.0,0.6,27.8,15.6,26.2,15.6
2022_12_CHI_NYJ,NYJ,315.0,28,22,3,158.0,32,1,315.0,29,22,3,140,163.4,0.6,123.6,0.8,163.4,0.6,25.8,14.6,26.4,14.6
2022_13_NYJ_MIN,NYJ,369.0,55,31,0,120.0,24,1,369.0,58,31,0,141,204.4,1.2,119.4,0.6,204.4,1.2,25.6,17.0,28.6,17.0
2022_14_NYJ_BUF,NYJ,269.0,44,28,0,76.0,22,1,269.0,47,28,0,142,254.0,1.2,112.4,0.6,254.0,1.2,25.6,20.0,35.0,20.0
2022_15_DET_NYJ,NYJ,317.0,34,18,2,50.0,22,0,317.0,35,18,2,143,236.8,0.8,117.4,0.8,236.8,0.8,27.0,21.6,36.2,21.6
2022_16_JAX_NYJ,NYJ,182.0,30,19,0,66.0,20,0,182.0,33,19,0,144,269.4,1.0,92.6,0.6,269.4,1.0,24.6,21.6,38.2,21.6
2022_17_NYJ_SEA,NYJ,240.0,45,23,0,75.0,17,0,240.0,46,23,0,145,290.4,1.0,94.0,0.6,290.4,1.0,24.0,23.6,40.4,23.6
2022_18_NYJ_MIA,NYJ,152.0,32,18,0,38.0,20,0,149.0,33,18,0,146,275.4,0.4,77.4,0.4,275.4,0.4,21.0,23.8,43.8,23.8
2023_01_BUF_NYJ,NYJ,140.0,18,14,1,172.0,28,0,140.0,22,14,1,147,231.4,0.4,61.0,0.2,232.0,0.4,20.2,21.2,38.8,21.2
2023_02_NYJ_DAL,NYJ,170.0,25,12,1,64.0,16,0,170.0,27,12,1,148,205.6,0.6,80.2,0.0,206.2,0.6,21.4,18.4,33.8,18.4
2023_03_NE_NYJ,NYJ,157.0,28,18,0,38.0,22,1,157.0,36,18,0,149,176.2,0.4,83.0,0.0,176.8,0.4,20.2,17.2,32.2,17.2
2023_04_KC_NYJ,NYJ,245.0,39,28,2,108.0,16,0,245.0,39,28,2,150,171.2,0.4,77.4,0.2,171.8,0.4,20.6,17.0,32.8,17.0
2023_05_NYJ_DEN,NYJ,199.0,26,19,0,234.0,32,1,199.0,26,19,0,151,172.2,0.8,84.0,0.2,172.8,0.8,20.4,18.0,31.4,18.0
2023_06_PHI_NYJ,NYJ,186.0,33,19,0,89.0,21,1,186.0,33,19,0,152,182.2,0.8,123.2,0.4,182.2,0.8,22.8,18.2,30.0,18.2
2023_08_NYJ_NYG,NYJ,240.0,34,17,1,58.0,22,0,240.0,36,17,1,153,191.4,0.6,106.6,0.6,191.4,0.6,21.4,19.2,32.2,19.2
2023_09_LAC_NYJ,NYJ,263.0,48,33,0,64.0,20,0,263.0,49,33,0,154,205.4,0.6,105.4,0.6,205.4,0.6,22.6,20.2,34.0,20.2
2023_10_NYJ_LV,NYJ,263.0,37,23,0,108.0,21,0,263.0,40,23,0,155,226.6,0.6,110.6,0.4,226.6,0.6,22.2,23.2,36.6,23.2
2023_11_NYJ_BUF,NYJ,132.0,28,15,1,63.0,18,0,132.0,30,15,1,156,230.2,0.2,110.6,0.4,230.2,0.2,23.2,22.2,36.8,22.2
2023_12_MIA_NYJ,NYJ,179.0,36,27,1,29.0,10,0,179.0,38,27,1,157,216.8,0.4,76.4,0.2,216.8,0.4,20.4,21.4,37.6,21.4
2023_13_ATL_NYJ,NYJ,214.0,36,19,0,62.0,25,0,214.0,38,19,0,158,215.4,0.6,64.4,0.0,215.4,0.6,18.2,23.0,38.6,23.0
2023_14_HOU_NYJ,NYJ,301.0,35,27,2,79.0,26,1,301.0,36,27,2,159,210.2,0.4,65.2,0.0,210.2,0.4,18.8,23.4,39.0,23.4
2023_15_NYJ_MIA,NYJ,136.0,33,18,0,23.0,12,0,136.0,37,18,0,160,217.8,0.8,68.2,0.2,217.8,0.8,20.0,22.2,36.4,22.2
2023_16_WAS_NYJ,NYJ,217.0,45,27,1,164.0,36,2,217.0,49,27,1,161,192.4,0.8,51.2,0.2,192.4,0.8,18.2,21.2,35.8,21.2
2023_17_NYJ_CLE,NYJ,261.0,44,32,1,107.0,21,0,261.0,45,32,1,162,209.4,0.8,71.4,0.6,209.4,0.8,21.8,23.6,39.6,23.6
2023_18_NYJ_NE,NYJ,70.0,18,8,0,185.0,42,1,70.0,20,8,0,163,225.8,0.8,87.0,0.6,225.8,0.8,24.0,24.6,41.0,24.6
2024_01_NYJ_SF,NYJ,203.0,29,19,2,68.0,19,1,203.0,29,19,2,164,197.0,0.8,111.6,0.8,197.0,0.8,27.4,22.4,37.4,22.4
2024_02_NYJ_TEN,NYJ,176.0,29,18,2,101.0,24,1,176.0,30,18,2,165,177.4,0.8,109.4,0.8,177.4,0.8,26.0,20.8,36.0,20.8
2024_03_NE_NYJ,NYJ,281.0,34,27,2,133.0,33,1,281.0,35,27,2,166,185.4,1.2,125.0,1.0,185.4,1.2,28.4,20.8,34.6,20.8
2024_04_DEN_NYJ,NYJ,225.0,41,24,0,64.0,23,0,225.0,42,24,0,167,198.2,1.4,118.8,0.8,198.2,1.4,27.8,20.8,31.8,20.8
2024_05_NYJ_MIN,NYJ,244.0,51,29,2,36.0,14,0,244.0,54,29,2,168,191.0,1.2,110.2,0.8,191.0,1.2,28.2,19.2,31.2,19.2
2024_06_BUF_NYJ,NYJ,294.0,34,23,2,121.0,21,0,294.0,35,23,2,169,225.8,1.6,80.4,0.6,225.8,1.6,22.6,23.4,38.0,23.4
2024_07_NYJ_PIT,NYJ,276.0,39,24,1,54.0,15,1,276.0,39,24,1,170,244.0,1.6,91.0,0.4,244.0,1.6,23.0,24.2,39.2,24.2
2024_08_NYJ_NE,NYJ,233.0,25,17,2,112.0,28,1,233.0,28,17,2,171,264.0,1.4,81.6,0.4,264.0,1.4,21.2,25.4,41.0,25.4
2024_09_HOU_NYJ,NYJ,211.0,32,22,3,100.0,21,0,211.0,32,22,3,172,254.4,1.4,77.4,0.4,254.4,1.4,20.2,23.4,39.6,23.4
2024_10_NYJ_ARI,NYJ,151.0,33,22,0,79.0,17,0,151.0,35,22,0,173,251.6,2.0,84.6,0.4,251.6,2.0,19.8,23.0,37.6,23.0
2024_11_IND_NYJ,NYJ,184.0,29,22,2,91.0,20,1,184.0,29,22,2,174,233.0,1.6,93.2,0.4,233.0,1.6,20.4,21.6,33.8,21.6
2024_13_SEA_NYJ,NYJ,185.0,38,21,2,89.0,21,0,185.0,39,21,2,175,211.0,1.6,87.2,0.6,211.0,1.6,20.2,21.4,32.6,21.4
2024_14_NYJ_MIA,NYJ,339.0,39,27,1,83.0,21,1,339.0,39,27,1,176,192.8,1.8,94.2,0.4,192.8,1.8,21.4,20.8,32.6,20.8
2024_15_NYJ_JAX,NYJ,289.0,28,16,3,125.0,23,1,289.0,30,16,3,177,214.0,1.6,88.4,0.4,214.0,1.6,20.0,22.8,34.8,22.8
2024_16_LA_NYJ,NYJ,256.0,42,28,1,75.0,20,0,256.0,42,28,1,178,229.6,1.6,93.4,0.6,229.6,1.6,20.4,21.6,34.4,21.6
2024_17_NYJ_BUF,NYJ,195.0,31,23,2,112.0,21,0,195.0,32,23,2,179,250.6,1.8,92.6,0.6,250.6,1.8,21.0,22.8,35.8,22.8
2024_18_MIA_NYJ,NYJ,274.0,35,23,4,118.0,22,0,274.0,37,23,4,180,252.8,1.8,96.8,0.4,252.8,1.8,21.2,23.0,36.4,23.0
2014_01_JAX_PHI,PHI,322.0,44,27,2,145.0,32,1,322.0,45,27,2,1,,,,,,,,,,
2014_02_PHI_IND,PHI,331.0,37,21,1,127.0,27,2,331.0,37,21,1,2,322.0,2.0,145.0,1.0,322.0,2.0,32.0,27.0,45.0,27.0
2014_03_WAS_PHI,PHI,325.0,41,27,3,54.0,25,0,325.0,41,27,3,3,326.5,1.5,136.0,1.5,326.5,1.5,29.5,24.0,41.0,24.0
2014_04_PHI_SF,PHI,195.0,43,21,0,22.0,12,0,195.0,43,21,0,4,326.0,2.0,108.66666666666667,1.0,326.0,2.0,28.0,25.0,41.0,25.0
2014_05_STL_PHI,PHI,207.0,37,24,2,145.0,33,0,207.0,37,24,2,5,293.25,1.5,87.0,0.75,293.25,1.5,24.0,24.0,41.5,24.0
2014_06_NYG_PHI,PHI,248.0,34,21,2,203.0,36,1,248.0,34,21,2,6,276.0,1.6,98.6,0.6,276.0,1.6,25.8,24.0,40.6,24.0
2014_08_PHI_ARI,PHI,411.0,59,36,2,110.0,25,0,411.0,62,36,2,7,261.2,1.6,110.2,0.6,261.2,1.6,26.6,22.8,38.4,22.8
2014_09_PHI_HOU,PHI,326.0,33,24,3,190.0,41,1,326.0,34,24,3,8,277.2,1.8,106.8,0.2,277.2,1.8,26.2,25.8,43.4,25.8
2014_10_CAR_PHI,PHI,332.0,36,20,2,37.0,23,2,332.0,38,20,2,9,277.4,1.8,134.0,0.4,277.4,1.8,29.4,25.2,42.0,25.2
2014_11_PHI_GB,PHI,346.0,44,26,2,109.0,31,0,346.0,44,26,2,10,304.8,2.2,137.0,0.8,304.8,2.2,31.6,25.0,41.0,25.0
2014_12_TEN_PHI,PHI,307.0,42,30,1,164.0,38,2,307.0,43,30,1,11,332.6,2.2,129.8,0.8,332.6,2.2,31.2,25.4,42.4,25.4
2014_13_PHI_DAL,PHI,217.0,29,20,1,256.0,45,2,217.0,29,20,1,12,344.4,2.0,122.0,1.0,344.4,2.0,31.6,27.2,44.2,27.2
2014_14_SEA_PHI,PHI,96.0,20,10,2,57.0,22,0,96.0,20,10,2,13,305.6,1.8,151.2,1.4,305.6,1.8,35.6,24.0,37.6,24.0
2014_15_DAL_PHI,PHI,252.0,27,17,0,75.0,21,3,252.0,28,17,0,14,259.6,1.6,124.6,1.2,259.6,1.6,31.8,21.2,34.8,21.2
2014_16_PHI_WAS,PHI,374.0,50,37,2,134.0,31,1,374.0,50,37,2,15,243.6,1.2,132.2,1.4,243.6,1.2,31.4,20.6,32.8,20.6
2014_17_PHI_NYG,PHI,292.0,36,23,2,164.0,32,1,292.0,36,23,2,16,249.2,1.2,137.2,1.6,249.2,1.2,31.4,22.8,34.0,22.8
2015_01_PHI_ATL,PHI,336.0,52,36,1,63.0,16,2,336.0,52,36,1,17,246.2,1.4,137.2,1.4,246.2,1.4,30.2,21.4,32.6,21.4
2015_02_DAL_PHI,PHI,224.0,37,23,1,7.0,17,0,224.0,37,23,1,18,270.0,1.4,98.6,1.4,270.0,1.4,24.4,24.6,37.2,24.6
2015_03_PHI_NYJ,PHI,118.0,28,14,1,123.0,38,1,118.0,28,14,1,19,295.6,1.2,88.6,1.4,295.6,1.2,23.4,27.2,40.6,27.2
2015_04_PHI_WAS,PHI,270.0,28,15,3,87.0,18,0,270.0,28,15,3,20,268.8,1.4,98.2,1.0,268.8,1.4,26.8,26.6,40.6,26.6
2015_05_NO_PHI,PHI,333.0,45,32,2,186.0,34,2,333.0,45,32,2,21,248.0,1.6,88.8,0.8,248.0,1.6,24.2,22.2,36.2,22.2
2015_06_NYG_PHI,PHI,280.0,37,24,1,158.0,37,1,280.0,38,24,1,22,256.2,1.6,93.2,1.0,256.2,1.6,24.6,24.0,38.0,24.0
2015_07_PHI_CAR,PHI,205.0,46,26,0,177.0,30,1,205.0,46,26,0,23,245.0,1.6,112.2,0.8,245.0,1.6,28.8,21.6,35.2,21.6
2015_09_PHI_DAL,PHI,295.0,36,25,1,172.0,35,2,295.0,36,25,1,24,241.2,1.4,146.2,1.0,241.2,1.4,31.4,22.2,37.0,22.2
2015_10_MIA_PHI,PHI,392.0,48,33,1,83.0,35,1,392.0,48,33,1,25,276.6,1.4,156.0,1.2,276.6,1.4,30.8,24.4,38.6,24.4
2015_11_TB_PHI,PHI,261.0,41,26,2,136.0,28,0,261.0,41,26,2,26,301.0,1.0,155.2,1.4,301.0,1.0,34.2,28.0,42.6,28.0
2015_12_PHI_DET,PHI,199.0,27,19,2,68.0,25,0,199.0,27,19,2,27,286.6,1.0,145.2,1.0,286.6,1.0,33.0,26.8,41.8,26.8
2015_13_PHI_NE,PHI,120.0,24,14,2,128.0,33,0,120.0,24,14,2,28,270.4,1.2,127.2,0.8,270.4,1.2,30.6,25.8,39.6,25.8
2015_14_BUF_PHI,PHI,247.0,37,23,1,116.0,34,1,247.0,38,23,1,29,253.4,1.6,117.4,0.6,253.4,1.6,31.2,23.4,35.2,23.4
2015_15_ARI_PHI,PHI,361.0,41,28,2,74.0,20,0,361.0,41,28,2,30,243.8,1.6,106.2,0.4,243.8,1.6,31.0,23.0,35.6,23.0
2015_16_WAS_PHI,PHI,380.0,55,37,1,45.0,16,2,380.0,56,37,1,31,237.6,1.8,104.4,0.2,237.6,1.8,28.0,22.0,34.2,22.0
2015_17_PHI_NYG,PHI,320.0,38,30,2,120.0,26,2,320.0,38,30,2,32,261.4,1.6,86.2,0.6,261.4,1.6,25.6,24.2,37.2,24.2
2016_01_CLE_PHI,PHI,278.0,37,22,2,133.0,34,1,278.0,37,22,2,33,285.6,1.6,96.6,1.0,285.6,1.6,25.8,26.4,39.4,26.4
2016_02_PHI_CHI,PHI,190.0,33,21,1,100.0,32,2,190.0,34,21,1,34,317.2,1.6,97.6,1.2,317.2,1.6,26.0,28.0,42.0,28.0
2016_03_PIT_PHI,PHI,301.0,31,23,2,125.0,30,2,301.0,31,23,2,35,305.8,1.6,94.4,1.4,305.8,1.6,25.6,27.6,41.2,27.6
2016_05_PHI_DET,PHI,238.0,32,25,2,116.0,21,0,238.0,33,25,2,36,293.8,1.6,104.6,1.8,293.8,1.6,27.6,26.6,39.2,26.6
2016_06_PHI_WAS,PHI,179.0,22,11,0,94.0,21,0,179.0,22,11,0,37,265.4,1.8,118.8,1.4,265.4,1.8,28.6,24.2,34.6,24.2
2016_07_MIN_PHI,PHI,138.0,28,16,1,101.0,26,0,138.0,28,16,1,38,237.2,1.4,113.6,1.0,237.2,1.4,27.6,20.4,31.4,20.4
2016_08_PHI_DAL,PHI,202.0,44,32,1,97.0,24,1,202.0,44,32,1,39,209.2,1.2,107.2,0.8,209.2,1.2,26.0,19.2,29.6,19.2
2016_09_PHI_NYG,PHI,364.0,47,27,0,96.0,25,2,364.0,47,27,0,40,211.6,1.2,106.6,0.6,211.6,1.2,24.4,21.4,31.6,21.4
2016_10_ATL_PHI,PHI,231.0,36,25,0,208.0,38,2,231.0,36,25,0,41,224.2,0.8,100.8,0.6,224.2,0.8,23.4,22.2,34.8,22.2
2016_11_PHI_SEA,PHI,218.0,44,23,2,113.0,26,0,218.0,45,23,2,42,222.8,0.4,119.2,1.0,222.8,0.4,26.8,22.2,35.4,22.2
2016_12_GB_PHI,PHI,254.0,36,24,0,81.0,18,1,254.0,36,24,0,43,230.6,0.8,123.0,1.0,230.6,0.8,27.8,24.6,40.0,24.6
2016_13_PHI_CIN,PHI,308.0,60,36,1,53.0,19,1,308.0,60,36,1,44,253.8,0.6,119.0,1.2,253.8,0.6,26.2,26.2,41.6,26.2
2016_14_WAS_PHI,PHI,314.0,46,32,1,95.0,26,0,314.0,46,32,1,45,275.0,0.6,110.2,1.2,275.0,0.6,25.2,27.0,44.8,27.0
2016_15_PHI_BAL,PHI,170.0,42,22,0,169.0,38,2,170.0,42,22,0,46,265.0,0.8,110.0,0.8,265.0,0.8,25.4,28.0,44.6,28.0
2016_16_NYG_PHI,PHI,168.0,23,14,1,118.0,30,1,168.0,25,14,1,47,252.8,0.8,102.2,0.8,252.8,0.8,25.4,27.4,45.8,27.4
2016_17_DAL_PHI,PHI,245.0,43,27,2,114.0,30,1,245.0,43,27,2,48,242.8,0.6,103.2,1.0,242.8,0.6,26.2,25.6,41.8,25.6
2017_01_PHI_WAS,PHI,307.0,38,26,2,58.0,24,0,307.0,39,26,2,49,241.0,1.0,109.8,1.0,241.0,1.0,28.6,26.2,43.2,26.2
2017_02_PHI_KC,PHI,333.0,45,25,2,107.0,17,0,333.0,46,25,2,50,240.8,1.2,110.8,0.8,240.8,1.2,29.6,24.2,39.0,24.2
2017_03_NYG_PHI,PHI,176.0,31,21,1,193.0,39,2,176.0,31,21,1,51,244.6,1.4,113.2,0.8,244.6,1.4,27.8,22.8,39.0,22.8
2017_04_PHI_LAC,PHI,242.0,30,17,1,214.0,42,1,242.0,31,17,1,52,245.8,1.6,118.0,0.8,245.8,1.6,28.0,22.6,36.8,22.6
2017_05_ARI_PHI,PHI,304.0,30,21,4,122.0,33,0,304.0,30,21,4,53,260.6,1.6,137.2,0.8,260.6,1.6,30.4,23.2,38.0,23.2
2017_06_PHI_CAR,PHI,222.0,30,16,3,101.0,27,0,222.0,30,16,3,54,272.4,2.0,138.8,0.6,272.4,2.0,31.0,22.0,35.4,22.0
2017_07_WAS_PHI,PHI,268.0,25,17,4,127.0,33,0,268.0,25,17,4,55,255.4,2.2,147.4,0.6,255.4,2.2,31.6,20.0,33.6,20.0
2017_08_SF_PHI,PHI,211.0,32,18,2,112.0,31,1,211.0,32,18,2,56,242.4,2.6,151.4,0.6,242.4,2.6,34.8,18.4,29.4,18.4
2017_09_DEN_PHI,PHI,234.0,28,16,4,197.0,37,3,234.0,28,16,4,57,249.4,2.8,135.2,0.4,249.4,2.8,33.2,17.8,29.6,17.8
2017_11_PHI_DAL,PHI,168.0,26,14,2,215.0,33,2,168.0,27,14,2,58,247.8,3.4,131.8,0.8,247.8,3.4,32.2,17.6,29.0,17.6
2017_12_CHI_PHI,PHI,248.0,39,26,3,176.0,33,0,248.0,39,26,3,59,220.6,3.0,150.4,1.2,220.6,3.0,32.2,16.2,28.4,16.2
2017_13_PHI_SEA,PHI,348.0,45,29,1,98.0,26,0,348.0,45,29,1,60,225.8,3.0,165.4,1.2,225.8,3.0,33.4,18.2,30.2,18.2
2017_14_PHI_LA,PHI,333.0,51,29,4,139.0,32,0,333.0,51,29,4,61,241.8,2.4,159.6,1.2,241.8,2.4,32.0,20.6,34.2,20.6
2017_15_PHI_NYG,PHI,237.0,37,24,4,108.0,27,0,237.0,38,24,4,62,266.2,2.8,165.0,1.0,266.2,2.8,32.2,22.8,38.0,22.8
2017_16_OAK_PHI,PHI,163.0,36,19,1,78.0,21,0,163.0,38,19,1,63,266.8,2.8,147.2,0.4,266.8,2.8,30.2,24.4,40.0,24.4
2017_17_DAL_PHI,PHI,173.0,33,23,0,70.0,18,0,173.0,34,23,0,64,265.8,2.6,119.8,0.0,265.8,2.6,27.8,25.4,42.2,25.4
2018_01_ATL_PHI,PHI,132.0,35,20,0,113.0,27,2,132.0,35,20,0,65,250.8,2.0,98.6,0.0,250.8,2.0,24.8,24.8,41.2,24.8
2018_02_PHI_TB,PHI,339.0,47,35,1,91.0,24,2,334.0,48,35,1,66,207.6,1.8,101.6,0.4,207.6,1.8,25.0,23.0,39.2,23.0
2018_03_IND_PHI,PHI,255.0,37,25,1,152.0,35,1,255.0,37,25,1,67,207.8,1.2,92.0,0.8,208.8,1.2,23.4,24.2,38.6,24.2
2018_04_PHI_TEN,PHI,348.0,50,33,2,117.0,22,0,348.0,50,33,2,68,211.4,0.6,100.8,1.0,212.4,0.6,25.0,24.4,38.4,24.4
2018_05_MIN_PHI,PHI,311.0,32,24,2,81.0,17,0,311.0,35,24,2,69,248.4,0.8,108.6,1.0,249.4,0.8,25.2,27.2,40.8,27.2
2018_06_PHI_NYG,PHI,278.0,36,26,3,108.0,31,1,278.0,36,26,3,70,276.0,1.2,110.8,1.0,277.0,1.2,25.0,27.4,41.0,27.4
2018_07_CAR_PHI,PHI,310.0,37,30,2,58.0,24,0,310.0,37,30,2,71,305.2,1.8,109.8,0.8,306.2,1.8,25.8,28.6,41.2,28.6
2018_08_PHI_JAX,PHI,286.0,30,21,3,133.0,28,0,286.0,30,21,3,72,300.4,2.0,103.2,0.4,300.4,2.0,25.8,27.6,39.0,27.6
2018_10_DAL_PHI,PHI,360.0,43,32,2,71.0,16,0,360.0,44,32,2,73,306.6,2.4,99.4,0.2,306.6,2.4,24.4,26.8,37.6,26.8
2018_11_PHI_NO,PHI,156.0,33,19,0,58.0,12,1,156.0,33,19,0,74,309.0,2.4,90.2,0.2,309.0,2.4,23.2,26.6,36.4,26.6
2018_12_NYG_PHI,PHI,236.0,28,20,1,127.0,29,1,236.0,28,20,1,75,278.0,2.0,85.6,0.4,278.0,2.0,22.2,25.6,36.0,25.6
2018_13_WAS_PHI,PHI,306.0,38,27,2,130.0,33,1,306.0,39,27,2,76,269.6,1.6,89.4,0.4,269.6,1.6,21.8,24.4,34.4,24.4
2018_14_PHI_DAL,PHI,228.0,32,22,3,34.0,14,0,228.0,32,22,3,77,268.8,1.6,103.8,0.6,268.8,1.6,23.6,23.8,34.8,23.8
2018_15_PHI_LA,PHI,270.0,31,24,0,111.0,30,3,270.0,31,24,0,78,257.2,1.6,84.0,0.6,257.2,1.6,20.8,24.0,35.2,24.0
2018_16_HOU_PHI,PHI,471.0,49,35,4,57.0,22,0,471.0,50,35,4,79,239.2,1.2,92.0,1.2,239.2,1.2,23.6,22.4,32.6,22.4
2018_17_PHI_WAS,PHI,243.0,34,29,3,129.0,34,0,243.0,34,29,3,80,302.2,2.0,91.8,1.0,302.2,2.0,25.6,25.6,36.0,25.6
2019_01_WAS_PHI,PHI,313.0,39,28,3,123.0,31,1,313.0,39,28,3,81,303.6,2.4,92.2,0.8,303.6,2.4,26.6,27.4,37.2,27.4
2019_02_PHI_ATL,PHI,255.0,47,28,1,49.0,21,1,255.0,48,28,1,82,305.0,2.6,90.8,0.8,305.0,2.6,26.2,27.6,37.2,27.6
2019_03_DET_PHI,PHI,259.0,36,19,2,127.0,30,1,259.0,36,19,2,83,310.4,2.2,93.8,1.0,310.4,2.2,27.6,28.8,40.4,28.8
2019_04_PHI_GB,PHI,160.0,27,16,3,176.0,33,2,160.0,27,16,3,84,308.2,2.6,97.0,0.6,308.2,2.6,27.6,27.8,41.4,27.8
2019_05_NYJ_PHI,PHI,189.0,28,17,1,84.0,29,1,189.0,29,17,1,85,246.0,2.4,120.8,1.0,246.0,2.4,29.8,24.0,36.8,24.0
2019_06_PHI_MIN,PHI,306.0,41,26,2,108.0,22,0,306.0,41,26,2,86,235.2,2.0,111.8,1.2,235.2,2.0,28.8,21.6,35.8,21.6
2019_07_PHI_DAL,PHI,191.0,25,16,1,115.0,28,0,191.0,26,16,1,87,233.8,1.8,108.8,1.0,233.8,1.8,27.0,21.2,36.2,21.2
2019_08_PHI_BUF,PHI,172.0,24,17,1,218.0,41,3,172.0,24,17,1,88,221.0,1.8,122.0,0.8,221.0,1.8,28.4,18.8,31.8,18.8
2019_09_CHI_PHI,PHI,239.0,39,26,1,146.0,35,1,239.0,39,26,1,89,203.6,1.6,140.2,1.2,203.6,1.6,30.6,18.4,29.4,18.4
2019_11_NE_PHI,PHI,214.0,38,20,1,81.0,21,0,214.0,40,20,1,90,219.4,1.2,134.2,1.0,219.4,1.2,31.0,20.4,31.8,20.4
2019_12_SEA_PHI,PHI,256.0,45,33,1,106.0,23,0,256.0,45,33,1,91,224.4,1.2,133.6,0.8,224.4,1.2,29.4,21.0,34.0,21.0
2019_13_PHI_MIA,PHI,310.0,45,28,3,92.0,19,0,310.0,46,28,3,92,214.4,1.0,133.2,0.8,214.4,1.0,29.6,22.4,34.8,22.4
2019_14_NYG_PHI,PHI,325.0,50,33,2,118.0,32,1,325.0,50,33,2,93,238.2,1.4,128.6,0.8,238.2,1.4,27.8,24.8,38.8,24.8
2019_15_PHI_WAS,PHI,266.0,40,30,3,157.0,28,1,266.0,43,30,3,94,268.8,1.6,108.6,0.4,268.8,1.6,26.0,28.0,44.0,28.0
2019_16_DAL_PHI,PHI,319.0,40,31,1,118.0,30,1,319.0,40,31,1,95,274.2,2.0,110.8,0.4,274.2,2.0,24.6,28.8,44.8,28.8
2019_17_PHI_NYG,PHI,289.0,40,23,1,121.0,31,3,289.0,40,23,1,96,295.2,2.0,118.2,0.6,295.2,2.0,26.4,31.0,44.8,31.0
2020_01_PHI_WAS,PHI,270.0,42,24,2,57.0,17,0,270.0,42,24,2,97,301.8,2.0,121.2,1.2,301.8,2.0,28.0,29.0,43.8,29.0
2020_02_LA_PHI,PHI,242.0,41,26,0,121.0,26,2,242.0,43,26,0,98,293.8,1.8,114.2,1.2,293.8,1.8,27.6,28.2,43.0,28.2
2020_03_CIN_PHI,PHI,225.0,44,29,1,172.0,36,1,225.0,47,29,1,99,277.2,1.4,114.8,1.4,277.2,1.4,26.4,26.8,41.6,26.8
2020_04_PHI_SF,PHI,193.0,26,18,1,93.0,28,1,193.0,28,18,1,100,269.0,1.0,117.8,1.4,269.0,1.0,28.0,26.6,42.4,26.6
2020_05_PHI_PIT,PHI,276.0,36,21,2,94.0,16,2,276.0,36,21,2,101,243.8,1.0,112.8,1.4,243.8,1.0,27.6,24.0,40.0,24.0
2020_06_BAL_PHI,PHI,213.0,39,21,2,194.0,18,1,213.0,40,21,2,102,241.2,1.2,107.4,1.2,241.2,1.2,24.6,23.6,39.2,23.6
2020_07_NYG_PHI,PHI,359.0,41,25,2,96.0,26,1,359.0,43,25,2,103,229.8,1.2,134.8,1.4,229.8,1.2,24.8,23.0,38.8,23.0
2020_08_DAL_PHI,PHI,132.0,26,16,2,119.0,26,0,132.0,28,16,2,104,253.2,1.6,129.8,1.2,253.2,1.6,24.8,22.8,38.8,22.8
2020_10_PHI_NYG,PHI,208.0,36,21,0,156.0,23,2,208.0,37,21,0,105,234.6,1.8,119.2,1.0,234.6,1.8,22.8,20.2,35.0,20.2
2020_11_PHI_CLE,PHI,235.0,34,21,2,106.0,25,0,235.0,35,21,2,106,237.6,1.6,131.8,1.2,237.6,1.6,21.8,20.8,36.8,20.8
2020_12_SEA_PHI,PHI,221.0,42,26,2,70.0,14,0,221.0,46,26,2,107,229.4,1.6,134.2,0.8,229.4,1.6,23.6,20.8,36.6,20.8
2020_13_PHI_GB,PHI,188.0,25,11,1,117.0,25,0,188.0,27,11,1,108,231.0,1.6,109.4,0.6,231.0,1.6,22.8,21.8,37.8,21.8
2020_14_NO_PHI,PHI,167.0,26,17,1,246.0,36,2,167.0,30,17,1,109,196.8,1.4,113.6,0.4,196.8,1.4,22.6,19.0,34.6,19.0
2020_15_PHI_ARI,PHI,338.0,40,24,3,117.0,29,1,338.0,44,24,3,110,203.8,1.2,139.0,0.8,203.8,1.2,24.6,19.2,35.0,19.2
2020_16_PHI_DAL,PHI,342.0,34,21,1,151.0,29,1,342.0,39,21,1,111,229.8,1.8,131.2,0.6,229.8,1.8,25.8,19.8,36.4,19.8
2020_17_WAS_PHI,PHI,119.0,29,13,0,118.0,29,2,119.0,33,13,0,112,251.2,1.6,140.2,0.8,251.2,1.6,26.6,19.8,37.2,19.8
2021_01_PHI_ATL,PHI,264.0,32,27,3,173.0,31,1,264.0,35,27,3,113,230.8,1.2,149.8,1.2,230.8,1.2,29.6,17.2,34.6,17.2
2021_02_SF_PHI,PHI,190.0,24,12,0,151.0,29,1,190.0,24,12,0,114,246.0,1.6,161.0,1.4,246.0,1.6,30.8,20.4,36.2,20.4
2021_03_PHI_DAL,PHI,326.0,38,25,2,64.0,12,0,326.0,39,25,2,115,250.6,1.4,142.0,1.2,250.6,1.4,29.4,19.4,35.0,19.4
2021_04_KC_PHI,PHI,387.0,44,32,2,103.0,19,1,387.0,48,32,2,116,248.2,1.2,131.4,1.0,248.2,1.2,26.0,19.6,34.0,19.6
2021_05_PHI_CAR,PHI,198.0,34,22,0,91.0,22,2,198.0,37,22,0,117,257.2,1.4,121.8,1.0,257.2,1.4,24.0,21.8,35.8,21.8
2021_06_TB_PHI,PHI,115.0,24,12,1,100.0,19,2,115.0,26,12,1,118,273.0,1.4,116.4,1.0,273.0,1.4,22.6,23.6,36.6,23.6
2021_07_PHI_LV,PHI,236.0,31,18,2,135.0,32,1,236.0,34,18,2,119,243.2,1.0,101.8,1.2,243.2,1.0,20.2,20.6,34.8,20.6
2021_08_PHI_DET,PHI,114.0,16,11,0,236.0,46,4,114.0,16,11,0,120,252.4,1.4,98.6,1.2,252.4,1.4,20.8,21.8,36.8,21.8
2021_09_LAC_PHI,PHI,162.0,16,11,1,176.0,39,2,162.0,17,11,1,121,210.0,1.0,133.0,2.0,210.0,1.0,27.6,19.0,32.2,19.0
2021_10_PHI_DEN,PHI,178.0,22,16,2,216.0,39,0,178.0,23,16,2,122,165.0,0.8,147.6,2.2,165.0,0.8,31.6,14.8,26.0,14.8
2021_11_NO_PHI,PHI,147.0,23,13,0,242.0,50,3,147.0,24,13,0,123,161.0,1.2,172.6,1.8,161.0,1.2,35.0,13.6,23.2,13.6
2021_12_PHI_NYG,PHI,129.0,29,14,0,208.0,33,1,129.0,31,14,0,124,167.4,1.0,201.0,2.0,167.4,1.0,41.2,13.8,22.8,13.8
2021_13_PHI_NYJ,PHI,242.0,22,20,2,185.0,41,1,242.0,25,20,2,125,146.0,0.6,215.6,2.0,146.0,0.6,41.4,13.0,22.2,13.0
2021_15_WAS_PHI,PHI,296.0,26,20,1,238.0,41,2,296.0,26,20,1,126,171.6,1.0,205.4,1.4,171.6,1.0,40.4,14.8,24.0,14.8
2021_16_NYG_PHI,PHI,199.0,28,17,2,130.0,30,1,199.0,29,17,2,127,198.4,1.0,217.8,1.4,198.4,1.0,40.8,16.6,25.8,16.6
2021_17_PHI_WAS,PHI,214.0,25,17,0,118.0,34,2,214.0,26,17,0,128,202.6,1.0,200.6,1.6,202.6,1.0,39.0,16.8,27.0,16.8
2021_18_DAL_PHI,PHI,188.0,34,20,2,149.0,33,1,188.0,34,20,2,129,216.0,1.0,175.8,1.4,216.0,1.0,35.8,17.6,27.4,17.6
2022_01_PHI_DET,PHI,243.0,29,18,0,216.0,39,4,243.0,32,18,0,130,227.8,1.4,164.0,1.4,227.8,1.4,35.8,18.8,28.0,18.8
2022_02_MIN_PHI,PHI,333.0,31,26,1,163.0,34,2,333.0,31,26,1,131,228.0,1.0,170.2,2.0,228.0,1.0,35.4,18.4,29.4,18.4
2022_03_PHI_WAS,PHI,340.0,34,22,3,72.0,30,0,340.0,35,22,3,132,235.4,1.0,155.2,2.0,235.4,1.0,34.0,19.6,30.4,19.6
2022_04_JAX_PHI,PHI,204.0,24,16,0,210.0,50,4,204.0,25,16,0,133,263.6,1.2,143.6,1.8,263.6,1.2,34.0,20.6,31.6,20.6
2022_05_PHI_ARI,PHI,239.0,34,26,0,139.0,33,2,239.0,36,26,0,134,261.6,1.2,162.0,2.2,261.6,1.2,37.2,20.4,31.4,20.4
2022_06_DAL_PHI,PHI,155.0,22,15,2,136.0,39,1,155.0,25,15,2,135,271.8,0.8,160.0,2.4,271.8,0.8,37.2,21.6,31.8,21.6
2022_08_PIT_PHI,PHI,308.0,30,20,4,111.0,20,1,308.0,30,20,4,136,254.2,1.2,144.0,1.8,254.2,1.2,37.2,21.0,30.4,21.0
2022_09_PHI_HOU,PHI,243.0,25,21,2,143.0,31,2,243.0,27,21,2,137,249.2,1.8,133.6,1.6,249.2,1.8,34.4,19.8,30.2,19.8
2022_10_WAS_PHI,PHI,175.0,25,17,2,94.0,20,1,175.0,26,17,2,138,229.8,1.6,147.8,2.0,229.8,1.6,34.6,19.6,28.6,19.6
2022_11_PHI_IND,PHI,190.0,23,18,1,141.0,33,1,190.0,25,18,1,139,224.0,2.0,124.6,1.4,224.0,2.0,28.6,19.8,28.8,19.8
2022_12_GB_PHI,PHI,153.0,25,16,2,363.0,49,3,153.0,28,16,2,140,214.2,2.2,125.0,1.2,214.2,2.2,28.6,18.2,26.6,18.2
2022_13_TEN_PHI,PHI,391.0,38,30,3,67.0,24,2,391.0,41,30,3,141,213.8,2.2,170.4,1.6,213.8,2.2,30.6,18.4,27.2,18.4
2022_14_PHI_NYG,PHI,217.0,31,21,2,253.0,31,4,217.0,31,21,2,142,230.4,2.0,161.6,1.8,230.4,2.0,31.4,20.4,29.4,20.4
2022_15_PHI_CHI,PHI,315.0,37,22,0,112.0,33,3,315.0,37,22,0,143,225.2,2.0,183.6,2.2,225.2,2.0,31.4,20.4,30.2,20.4
2022_16_PHI_DAL,PHI,355.0,34,24,2,87.0,29,1,355.0,40,24,2,144,253.2,1.6,187.2,2.6,253.2,1.6,34.0,21.4,32.4,21.4
2022_17_NO_PHI,PHI,274.0,32,18,1,67.0,15,0,274.0,32,18,1,145,286.2,1.8,176.4,2.6,286.2,1.8,33.2,22.6,35.4,22.6
2022_18_NYG_PHI,PHI,229.0,31,20,0,135.0,34,1,229.0,35,20,0,146,310.4,1.6,117.2,2.0,310.4,1.6,26.4,23.0,36.2,23.0
2023_01_PHI_NE,PHI,170.0,30,22,1,97.0,25,0,170.0,33,22,1,147,278.0,1.0,130.8,1.8,278.0,1.0,28.4,21.0,35.0,21.0
2023_02_MIN_PHI,PHI,193.0,22,18,1,259.0,48,3,193.0,23,18,1,148,268.6,0.8,99.6,1.0,268.6,0.8,27.2,21.2,35.4,21.2
2023_03_PHI_TB,PHI,277.0,35,23,1,201.0,40,1,277.0,37,23,1,149,244.2,1.0,129.0,1.0,244.2,1.0,30.2,20.4,32.6,20.4
2023_04_WAS_PHI,PHI,319.0,34,25,2,104.0,27,1,319.0,37,25,2,150,228.6,0.8,151.8,1.0,228.6,0.8,32.4,20.2,32.0,20.2
2023_05_PHI_LA,PHI,303.0,34,25,1,159.0,39,1,303.0,38,25,1,151,237.6,1.0,159.2,1.2,237.6,1.0,34.8,21.6,33.0,21.6
2023_06_PHI_NYJ,PHI,280.0,43,28,1,80.0,22,1,280.0,45,28,1,152,252.4,1.2,164.0,1.2,252.4,1.2,35.8,22.6,33.6,22.6
2023_07_MIA_PHI,PHI,279.0,30,23,2,99.0,34,2,279.0,31,23,2,153,274.4,1.2,160.6,1.4,274.4,1.2,35.2,23.8,36.0,23.8
2023_08_PHI_WAS,PHI,319.0,35,29,4,59.0,22,1,319.0,38,29,4,154,291.6,1.4,128.6,1.2,291.6,1.4,32.4,24.8,37.6,24.8
2023_09_DAL_PHI,PHI,207.0,21,17,2,109.0,33,2,207.0,23,17,2,155,300.0,2.0,100.2,1.2,300.0,2.0,28.8,26.0,37.8,26.0
2023_11_PHI_KC,PHI,150.0,21,14,0,114.0,27,3,150.0,22,14,0,156,277.6,2.0,101.2,1.4,277.6,2.0,30.0,24.4,35.0,24.4
2023_12_BUF_PHI,PHI,200.0,28,18,3,185.0,32,2,200.0,31,18,3,157,247.0,1.8,92.2,1.8,247.0,1.8,27.6,22.2,31.8,22.2
2023_13_SF_PHI,PHI,314.0,42,28,1,46.0,18,1,314.0,48,28,1,158,231.0,2.2,113.2,2.0,231.0,2.2,29.6,20.2,29.0,20.2
2023_14_PHI_DAL,PHI,225.0,28,19,0,106.0,23,0,225.0,28,19,0,159,238.0,2.0,102.6,1.8,238.0,2.0,26.4,21.2,32.4,21.2
2023_15_PHI_SEA,PHI,143.0,30,17,0,178.0,38,2,143.0,31,17,0,160,219.2,1.2,112.0,1.6,219.2,1.2,26.6,19.2,30.4,19.2
2023_16_NYG_PHI,PHI,301.0,36,24,1,170.0,35,2,301.0,38,24,1,161,206.4,0.8,125.8,1.6,206.4,0.8,27.6,19.2,32.0,19.2
2023_17_ARI_PHI,PHI,184.0,23,19,3,91.0,23,0,184.0,24,19,3,162,236.6,1.0,137.0,1.4,236.6,1.0,29.2,21.2,35.2,21.2
2023_18_PHI_NYG,PHI,203.0,33,20,1,133.0,24,0,203.0,36,20,1,163,233.4,1.0,118.2,1.0,233.4,1.0,27.4,21.4,33.8,21.4
2024_01_GB_PHI,PHI,278.0,29,20,2,144.0,38,2,278.0,34,20,2,164,211.2,1.0,135.6,0.8,211.2,1.0,28.6,19.8,31.4,19.8
2024_02_ATL_PHI,PHI,183.0,29,23,1,186.0,37,1,183.0,30,23,1,165,221.8,1.4,143.2,1.2,221.8,1.4,31.6,20.0,32.6,20.0
2024_03_PHI_NO,PHI,311.0,36,29,0,172.0,25,2,311.0,38,29,0,166,229.8,1.6,144.8,1.0,229.8,1.6,31.4,21.2,32.4,21.2
2024_04_PHI_TB,PHI,158.0,29,18,1,113.0,20,1,158.0,30,18,1,167,231.8,1.4,145.2,1.0,231.8,1.4,29.4,22.2,32.4,22.2
2024_06_CLE_PHI,PHI,264.0,24,16,2,116.0,36,0,264.0,25,16,2,168,226.6,1.0,149.6,1.2,226.6,1.0,28.8,22.0,33.6,22.0
2024_07_PHI_NYG,PHI,114.0,14,10,1,269.0,45,3,114.0,15,10,1,169,238.8,1.2,146.2,1.2,238.8,1.2,31.2,21.2,31.4,21.2
2024_08_PHI_CIN,PHI,236.0,19,16,1,161.0,39,3,236.0,20,16,1,170,206.0,1.0,171.2,1.4,206.0,1.0,32.6,19.2,27.6,19.2
2024_09_JAX_PHI,PHI,230.0,23,18,2,237.0,46,2,230.0,24,18,2,171,216.6,1.0,166.2,1.8,216.6,1.0,33.0,17.8,25.6,17.8
2024_10_PHI_DAL,PHI,207.0,20,15,2,187.0,38,2,207.0,22,15,2,172,200.4,1.4,179.2,1.8,200.4,1.4,37.2,15.6,22.8,15.6
2024_11_WAS_PHI,PHI,221.0,25,18,0,228.0,40,3,221.0,28,18,0,173,210.2,1.6,194.0,2.0,210.2,1.6,40.8,15.0,21.2,15.0
2024_12_PHI_LA,PHI,179.0,19,15,1,314.0,45,3,179.0,22,15,1,174,201.6,1.2,216.4,2.6,201.6,1.2,41.6,15.4,21.8,15.4
2024_13_PHI_BAL,PHI,118.0,17,11,1,140.0,33,2,118.0,19,11,1,175,214.6,1.2,225.4,2.6,214.6,1.2,41.6,16.4,23.2,16.4
2024_14_CAR_PHI,PHI,108.0,19,14,2,209.0,31,1,108.0,21,14,2,176,191.0,1.2,221.2,2.4,191.0,1.2,40.4,15.4,23.0,15.4
2024_15_PIT_PHI,PHI,290.0,31,25,2,131.0,42,1,290.0,32,25,2,177,166.6,1.2,215.6,2.2,166.6,1.2,37.4,14.6,22.4,14.6
2024_16_PHI_WAS,PHI,154.0,25,15,1,211.0,39,2,154.0,28,15,1,178,183.2,1.2,204.4,2.0,183.2,1.2,38.2,16.6,24.4,16.6
2024_17_DAL_PHI,PHI,197.0,18,13,3,179.0,42,1,197.0,19,13,3,179,169.8,1.4,201.0,1.8,169.8,1.4,38.0,16.0,24.4,16.0
2024_18_NYG_PHI,PHI,269.0,41,27,2,51.0,25,0,269.0,41,27,2,180,173.4,1.8,174.0,1.4,173.4,1.8,37.4,15.6,23.8,15.6
2014_01_CLE_PIT,PIT,390.0,32,24,1,127.0,29,2,390.0,35,24,1,1,,,,,,,,,,
2014_02_PIT_BAL,PIT,217.0,37,22,0,99.0,18,0,217.0,37,22,0,2,390.0,1.0,127.0,2.0,390.0,1.0,29.0,24.0,35.0,24.0
2014_03_PIT_CAR,PIT,196.0,29,22,2,264.0,34,1,196.0,30,22,2,3,303.5,0.5,113.0,1.0,303.5,0.5,23.5,23.0,36.0,23.0
2014_04_TB_PIT,PIT,337.0,40,30,3,85.0,27,0,331.0,41,30,3,4,267.6666666666667,1.0,163.33333333333334,1.0,267.6666666666667,1.0,27.0,22.666666666666668,34.0,22.666666666666668
2014_05_PIT_JAX,PIT,273.0,36,26,1,111.0,28,0,273.0,36,26,1,5,283.5,1.5,143.75,0.75,285.0,1.5,27.0,24.5,35.75,24.5
2014_06_PIT_CLE,PIT,228.0,42,21,1,138.0,32,0,228.0,42,21,1,6,281.4,1.4,137.2,0.6,282.6,1.4,27.2,24.8,35.8,24.8
2014_07_HOU_PIT,PIT,268.0,34,24,3,76.0,25,0,268.0,34,24,3,7,249.0,1.4,139.4,0.2,250.2,1.4,27.8,24.2,37.2,24.2
2014_08_IND_PIT,PIT,522.0,49,40,6,117.0,32,0,522.0,49,40,6,8,259.2,2.0,134.8,0.2,260.4,2.0,29.2,24.6,36.6,24.6
2014_09_BAL_PIT,PIT,340.0,37,25,6,55.0,25,0,340.0,37,25,6,9,324.4,2.8,105.4,0.0,325.6,2.8,28.8,28.2,40.4,28.2
2014_10_PIT_NYJ,PIT,343.0,41,30,1,36.0,17,0,343.0,43,30,1,10,326.2,3.4,99.4,0.0,326.2,3.4,28.4,27.2,39.6,27.2
2014_11_PIT_TEN,PIT,207.0,32,21,1,206.0,36,1,207.0,32,21,1,11,340.2,3.4,84.4,0.0,340.2,3.4,26.2,28.0,41.0,28.0
2014_13_NO_PIT,PIT,435.0,56,32,2,103.0,23,1,435.0,58,32,2,12,336.0,3.4,98.0,0.2,336.0,3.4,27.0,28.0,39.0,28.0
2014_14_PIT_CIN,PIT,350.0,39,25,3,193.0,31,2,350.0,39,25,3,13,369.4,3.2,103.4,0.4,369.4,3.2,26.6,29.6,43.8,29.6
2014_15_PIT_ATL,PIT,360.0,34,27,0,45.0,22,2,360.0,35,27,0,14,335.0,2.6,118.6,0.8,335.0,2.6,26.4,26.6,41.8,26.6
2014_16_KC_PIT,PIT,220.0,25,18,1,68.0,26,1,220.0,25,18,1,15,339.0,1.4,116.6,1.2,339.0,1.4,25.8,27.0,41.4,27.0
2014_17_CIN_PIT,PIT,317.0,38,24,2,29.0,18,0,317.0,39,24,2,16,314.4,1.4,123.0,1.4,314.4,1.4,27.6,24.6,37.8,24.6
2015_01_PIT_NE,PIT,351.0,38,26,1,134.0,25,1,351.0,38,26,1,17,336.4,1.6,87.6,1.2,336.4,1.6,24.0,25.2,39.2,25.2
2015_02_SF_PIT,PIT,369.0,27,21,3,84.0,25,3,369.0,27,21,3,18,319.6,1.4,93.8,1.2,319.6,1.4,24.4,24.0,35.2,24.0
2015_03_PIT_STL,PIT,230.0,30,25,0,62.0,22,1,230.0,30,25,0,19,323.4,1.4,72.0,1.4,323.4,1.4,23.2,23.2,32.8,23.2
2015_04_BAL_PIT,PIT,124.0,26,19,1,167.0,33,1,124.0,26,19,1,20,297.4,1.4,75.4,1.2,297.4,1.4,23.2,22.8,31.8,22.8
2015_05_PIT_SD,PIT,203.0,24,13,1,155.0,27,1,203.0,26,13,1,21,278.2,1.4,95.2,1.2,278.2,1.4,24.6,23.0,32.0,23.0
2015_06_ARI_PIT,PIT,174.0,20,11,2,141.0,32,0,174.0,20,11,2,22,255.4,1.2,120.4,1.4,255.4,1.2,26.4,20.8,29.4,20.8
2015_07_PIT_KC,PIT,209.0,28,16,1,147.0,24,0,209.0,29,16,1,23,220.0,1.4,121.8,1.2,220.0,1.4,27.8,17.8,25.8,17.8
2015_08_CIN_PIT,PIT,262.0,45,28,1,116.0,19,0,262.0,45,28,1,24,188.0,1.0,134.4,0.6,188.0,1.0,27.6,16.8,26.2,16.8
2015_09_OAK_PIT,PIT,413.0,50,28,2,195.0,30,2,413.0,50,28,2,25,194.4,1.2,145.2,0.4,194.4,1.2,27.0,17.4,29.2,17.4
2015_10_CLE_PIT,PIT,402.0,37,25,3,60.0,21,0,402.0,37,25,3,26,252.2,1.4,150.8,0.6,252.2,1.4,26.4,19.2,34.0,19.2
2015_12_PIT_SEA,PIT,490.0,58,37,1,58.0,14,2,490.0,59,37,1,27,292.0,1.8,131.8,0.4,292.0,1.8,25.2,21.6,36.2,21.6
2015_13_IND_PIT,PIT,364.0,39,24,4,158.0,32,0,364.0,39,24,4,28,355.2,1.6,115.2,0.8,355.2,1.6,21.6,26.8,44.0,26.8
2015_14_PIT_CIN,PIT,282.0,38,30,0,84.0,28,2,282.0,39,30,0,29,386.2,2.2,117.4,0.8,386.2,2.2,23.2,28.4,46.0,28.4
2015_15_DEN_PIT,PIT,380.0,54,40,3,23.0,17,1,380.0,55,40,3,30,390.2,2.0,111.0,1.2,390.2,2.0,25.0,28.8,44.8,28.8
2015_16_PIT_BAL,PIT,223.0,34,24,0,110.0,20,2,220.0,34,24,0,31,383.6,2.2,76.6,1.0,383.6,2.2,22.4,31.2,45.8,31.2
2015_17_PIT_CLE,PIT,349.0,36,24,3,30.0,19,0,349.0,36,24,3,32,347.2,1.6,86.6,1.4,347.8,1.6,22.2,31.0,45.2,31.0
2016_01_PIT_WAS,PIT,300.0,37,27,3,147.0,30,2,300.0,37,27,3,33,319.0,2.0,81.0,1.0,319.6,2.0,23.2,28.4,40.6,28.4
2016_02_CIN_PIT,PIT,259.0,37,19,3,124.0,36,0,259.0,37,19,3,34,306.2,1.8,78.8,1.4,306.8,1.8,22.8,29.0,40.2,29.0
2016_03_PIT_PHI,PIT,257.0,44,24,0,29.0,10,0,257.0,44,24,0,35,301.6,2.4,86.8,1.0,302.2,2.4,24.4,26.8,39.8,26.8
2016_04_KC_PIT,PIT,300.0,27,22,5,149.0,26,1,300.0,27,22,5,36,277.0,1.8,88.0,0.8,277.6,1.8,23.0,23.6,37.6,23.6
2016_05_NYJ_PIT,PIT,380.0,47,34,4,61.0,24,0,380.0,47,34,4,37,293.0,2.8,95.8,0.6,293.0,2.8,24.2,23.2,36.2,23.2
2016_06_PIT_MIA,PIT,189.0,35,19,1,128.0,16,1,189.0,35,19,1,38,299.2,3.0,102.0,0.6,299.2,3.0,25.2,25.2,38.4,25.2
2016_07_NE_PIT,PIT,281.0,46,29,1,94.0,22,0,281.0,47,29,1,39,277.0,2.6,98.2,0.4,277.0,2.6,22.4,23.6,38.0,23.6
2016_09_PIT_BAL,PIT,264.0,45,23,1,36.0,18,1,264.0,45,23,1,40,281.4,2.2,92.2,0.4,281.4,2.2,19.6,25.6,40.0,25.6
2016_10_DAL_PIT,PIT,408.0,46,37,3,48.0,19,1,408.0,46,37,3,41,282.8,2.4,93.6,0.6,282.8,2.4,21.2,25.4,40.2,25.4
2016_11_PIT_CLE,PIT,167.0,36,23,0,146.0,28,1,167.0,36,23,0,42,304.4,2.0,73.4,0.6,304.4,2.0,19.8,28.4,44.0,28.4
2016_12_PIT_IND,PIT,221.0,21,14,3,148.0,29,1,221.0,21,14,3,43,261.8,1.2,90.4,0.8,261.8,1.2,20.6,26.2,41.8,26.2
2016_13_NYG_PIT,PIT,289.0,36,24,2,117.0,30,0,289.0,37,24,2,44,268.2,1.6,94.4,0.8,268.2,1.6,23.2,25.2,39.0,25.2
2016_14_PIT_BUF,PIT,220.0,31,17,0,240.0,42,3,220.0,31,17,0,45,269.8,1.8,99.0,0.8,269.8,1.8,24.8,24.2,37.0,24.2
2016_15_PIT_CIN,PIT,286.0,35,21,1,97.0,29,0,286.0,36,21,1,46,261.0,1.6,139.8,1.2,261.0,1.6,29.6,23.0,34.2,23.0
2016_16_BAL_PIT,PIT,279.0,30,24,3,127.0,22,1,279.0,33,24,3,47,236.6,1.2,149.6,1.0,236.6,1.2,31.6,19.8,32.2,19.8
2016_17_CLE_PIT,PIT,277.0,37,24,3,69.0,28,1,277.0,37,24,3,48,259.0,1.8,145.8,1.0,259.0,1.8,30.4,20.0,31.6,20.0
2017_01_PIT_CLE,PIT,263.0,36,24,2,35.0,17,0,263.0,36,24,2,49,270.2,1.8,130.0,1.0,270.2,1.8,30.2,22.0,34.8,22.0
2017_02_MIN_PIT,PIT,243.0,35,23,2,102.0,32,0,243.0,35,23,2,50,265.0,1.8,113.6,1.0,265.0,1.8,27.6,22.0,34.6,22.0
2017_03_PIT_CHI,PIT,235.0,39,22,1,70.0,17,1,235.0,39,22,1,51,269.6,2.2,86.0,0.4,269.6,2.2,25.6,23.2,35.4,23.2
2017_04_PIT_BAL,PIT,216.0,30,18,1,173.0,42,2,216.0,30,18,1,52,259.4,2.2,80.6,0.6,259.4,2.2,23.2,23.4,36.0,23.4
2017_05_JAX_PIT,PIT,312.0,54,33,0,70.0,20,0,312.0,55,33,0,53,246.8,1.8,89.8,0.8,246.8,1.8,27.2,22.2,35.4,22.2
2017_06_PIT_KC,PIT,252.0,24,17,1,194.0,37,1,252.0,25,17,1,54,253.8,1.2,90.0,0.6,253.8,1.2,25.6,24.0,39.0,24.0
2017_07_CIN_PIT,PIT,268.0,25,15,2,152.0,43,0,268.0,25,15,2,55,251.6,1.0,121.8,0.8,251.6,1.0,29.6,22.6,36.8,22.6
2017_08_PIT_DET,PIT,317.0,31,17,1,75.0,29,1,317.0,31,17,1,56,256.6,1.0,131.8,0.8,256.6,1.0,31.8,21.0,34.8,21.0
2017_10_PIT_IND,PIT,236.0,30,19,2,88.0,30,0,236.0,31,19,2,57,273.0,1.0,132.8,0.8,273.0,1.0,34.2,20.0,33.2,20.0
2017_11_TEN_PIT,PIT,307.0,45,31,4,65.0,21,0,307.0,46,31,4,58,277.0,1.2,115.8,0.4,277.0,1.2,31.8,20.2,33.4,20.2
2017_12_GB_PIT,PIT,351.0,45,33,4,121.0,24,0,351.0,45,33,4,59,276.0,2.0,114.8,0.4,276.0,2.0,32.0,19.8,31.6,19.8
2017_13_PIT_CIN,PIT,290.0,40,24,2,92.0,22,0,290.0,40,24,2,60,295.8,2.6,100.2,0.2,295.8,2.6,29.4,23.0,35.6,23.0
2017_14_BAL_PIT,PIT,506.0,64,44,2,59.0,16,2,506.0,66,44,2,61,300.2,2.6,88.2,0.2,300.2,2.6,25.2,24.8,38.6,24.8
2017_15_NE_PIT,PIT,281.0,30,22,2,143.0,31,1,281.0,30,22,2,62,338.0,2.8,85.0,0.4,338.0,2.8,22.6,30.2,45.6,30.2
2017_16_PIT_HOU,PIT,226.0,30,20,2,104.0,28,2,226.0,30,20,2,63,347.0,2.8,96.0,0.6,347.0,2.8,22.8,30.8,45.4,30.8
2017_17_CLE_PIT,PIT,239.0,27,23,1,124.0,28,2,239.0,27,23,1,64,330.8,2.4,103.8,1.0,330.8,2.4,24.2,28.6,42.2,28.6
2018_01_PIT_CLE,PIT,335.0,41,23,1,159.0,35,2,335.0,41,23,1,65,308.4,1.8,104.4,1.4,308.4,1.8,25.0,26.6,38.6,26.6
2018_02_KC_PIT,PIT,452.0,60,39,3,33.0,13,2,452.0,60,39,3,66,317.4,1.6,117.8,1.8,317.4,1.6,27.6,26.4,38.8,26.4
2018_03_PIT_TB,PIT,353.0,37,30,3,78.0,22,0,353.0,38,30,3,67,306.6,1.8,112.6,1.8,306.6,1.8,27.0,25.4,37.6,25.4
2018_04_BAL_PIT,PIT,274.0,46,27,1,19.0,11,0,274.0,47,27,1,68,321.0,2.0,99.6,1.6,321.0,2.0,25.2,27.0,39.2,27.0
2018_05_ATL_PIT,PIT,250.0,29,19,3,131.0,29,2,250.0,29,19,3,69,330.6,1.8,82.6,1.2,330.6,1.8,21.8,28.4,42.6,28.4
2018_06_PIT_CIN,PIT,369.0,45,32,1,112.0,21,2,369.0,46,32,1,70,332.8,2.2,84.0,1.2,332.8,2.2,22.0,27.6,43.0,27.6
2018_08_CLE_PIT,PIT,257.0,33,24,2,168.0,31,2,257.0,36,24,2,71,339.6,2.2,74.6,1.2,339.6,2.2,19.2,29.4,44.0,29.4
2018_09_PIT_BAL,PIT,292.0,46,29,2,113.0,27,1,292.0,48,29,2,72,300.6,2.0,101.6,1.2,300.6,2.0,22.8,26.4,39.2,26.4
2018_10_CAR_PIT,PIT,325.0,27,23,5,138.0,30,1,325.0,27,23,5,73,288.4,1.8,108.6,1.4,288.4,1.8,23.8,26.2,41.2,26.2
2018_11_PIT_JAX,PIT,314.0,45,27,2,26.0,11,1,314.0,47,27,2,74,298.6,2.6,132.4,1.6,298.6,2.6,27.6,25.4,37.2,25.4
2018_12_PIT_DEN,PIT,464.0,58,42,2,75.0,16,0,464.0,58,42,2,75,311.4,2.4,111.4,1.4,311.4,2.4,24.0,27.0,40.8,27.0
2018_13_LAC_PIT,PIT,281.0,45,29,2,65.0,17,2,281.0,45,29,2,76,330.4,2.6,104.0,1.0,330.4,2.6,23.0,29.0,43.2,29.0
2018_14_PIT_OAK,PIT,306.0,37,29,2,40.0,19,1,306.0,38,29,2,77,335.2,2.6,83.4,1.0,335.2,2.6,20.2,30.0,45.0,30.0
2018_15_NE_PIT,PIT,235.0,33,22,2,158.0,25,0,235.0,34,22,2,78,338.0,2.6,68.8,1.0,338.0,2.6,18.6,30.0,43.0,30.0
2018_16_PIT_NO,PIT,380.0,49,33,3,65.0,18,0,380.0,50,33,3,79,320.0,2.0,72.8,0.8,320.0,2.0,17.6,29.8,44.4,29.8
2018_17_CIN_PIT,PIT,287.0,45,31,1,65.0,20,0,287.0,45,31,1,80,333.2,2.2,80.6,0.6,333.2,2.2,19.0,31.0,45.0,31.0
2019_01_PIT_NE,PIT,276.0,47,27,0,32.0,13,0,276.0,47,27,0,81,297.8,2.0,78.6,0.6,297.8,2.0,19.8,28.8,42.4,28.8
2019_02_SEA_PIT,PIT,187.0,34,20,2,81.0,16,1,187.0,34,20,2,82,296.8,1.6,72.0,0.2,296.8,1.6,19.0,28.4,42.8,28.4
2019_03_PIT_SF,PIT,174.0,26,14,2,79.0,22,0,174.0,27,14,2,83,273.0,1.6,80.2,0.2,273.0,1.6,18.4,26.6,42.0,26.6
2019_04_CIN_PIT,PIT,260.0,30,27,2,66.0,25,1,260.0,31,27,2,84,260.8,1.6,64.4,0.2,260.8,1.6,17.8,25.0,40.6,25.0
2019_05_BAL_PIT,PIT,203.0,30,21,1,77.0,19,1,203.0,31,21,1,85,236.8,1.4,64.6,0.4,236.8,1.4,19.2,23.8,36.8,23.8
2019_06_PIT_LAC,PIT,132.0,19,15,1,124.0,36,1,132.0,20,15,1,86,220.0,1.4,67.0,0.6,220.0,1.4,19.0,21.8,34.0,21.8
2019_08_MIA_PIT,PIT,251.0,36,20,2,158.0,29,1,251.0,36,20,2,87,191.2,1.6,85.4,0.8,191.2,1.6,23.6,19.4,28.6,19.4
2019_09_IND_PIT,PIT,191.0,34,26,1,90.0,25,0,191.0,35,26,1,88,204.0,1.6,100.8,0.8,204.0,1.6,26.2,19.4,29.0,19.4
2019_10_LA_PIT,PIT,242.0,36,22,1,42.0,27,0,242.0,38,22,1,89,207.4,1.4,103.0,0.8,207.4,1.4,26.8,21.8,30.6,21.8
2019_11_PIT_CLE,PIT,221.0,43,23,1,58.0,16,0,221.0,44,23,1,90,203.8,1.2,98.2,0.6,203.8,1.2,27.2,20.8,32.0,20.8
2019_12_PIT_CIN,PIT,203.0,22,13,1,159.0,38,0,203.0,27,13,1,91,207.4,1.2,94.4,0.4,207.4,1.2,26.6,21.2,34.6,21.2
2019_13_CLE_PIT,PIT,212.0,18,14,1,124.0,32,1,212.0,21,14,1,92,221.6,1.2,101.4,0.2,221.6,1.2,27.0,20.8,36.0,20.8
2019_14_PIT_ARI,PIT,152.0,18,16,1,140.0,35,0,152.0,19,16,1,93,213.8,1.0,94.6,0.2,213.8,1.0,27.6,19.6,33.0,19.6
2019_15_BUF_PIT,PIT,202.0,36,23,1,51.0,14,0,202.0,38,23,1,94,206.0,1.0,104.6,0.2,206.0,1.0,29.6,17.6,29.8,17.6
2019_16_PIT_NYJ,PIT,213.0,36,25,1,75.0,25,0,213.0,37,25,1,95,198.0,1.0,106.4,0.2,198.0,1.0,27.0,17.8,29.8,17.8
2019_17_PIT_BAL,PIT,95.0,20,9,0,91.0,23,1,95.0,25,9,0,96,196.4,1.0,109.8,0.2,196.4,1.0,28.8,18.2,28.4,18.2
2020_01_PIT_NYG,PIT,229.0,31,21,3,141.0,30,0,229.0,32,21,3,97,174.8,0.8,96.2,0.4,174.8,0.8,25.8,17.4,28.0,17.4
2020_02_DEN_PIT,PIT,311.0,41,29,2,109.0,22,1,311.0,41,29,2,98,178.2,1.2,99.6,0.2,178.2,1.2,25.4,18.8,30.2,18.8
2020_03_HOU_PIT,PIT,237.0,35,23,2,169.0,38,1,237.0,36,23,2,99,210.0,1.4,93.4,0.4,210.0,1.4,22.8,21.4,34.6,21.4
2020_05_PHI_PIT,PIT,239.0,34,27,3,136.0,32,2,239.0,34,27,3,100,217.0,1.6,117.0,0.6,217.0,1.6,27.6,21.4,34.2,21.4
2020_06_CLE_PIT,PIT,168.0,23,15,1,129.0,37,3,168.0,23,15,1,101,222.2,2.0,129.2,1.0,222.2,2.0,29.0,21.8,33.6,21.8
2020_07_PIT_TEN,PIT,268.0,49,32,2,94.0,25,1,268.0,49,32,2,102,236.8,2.2,136.8,1.4,236.8,2.2,31.8,23.0,33.2,23.0
2020_08_PIT_BAL,PIT,182.0,32,21,2,48.0,16,1,182.0,32,21,2,103,244.6,2.0,127.4,1.6,244.6,2.0,30.8,25.2,36.6,25.2
2020_09_PIT_DAL,PIT,309.0,45,31,3,46.0,18,0,309.0,45,31,3,104,218.8,2.0,115.2,1.6,218.8,2.0,29.6,23.6,34.8,23.6
2020_10_CIN_PIT,PIT,333.0,46,27,4,44.0,20,0,333.0,46,27,4,105,233.2,2.2,90.6,1.4,233.2,2.2,25.6,25.2,36.6,25.2
2020_11_PIT_JAX,PIT,267.0,46,32,2,106.0,27,1,267.0,46,32,2,106,252.0,2.4,72.2,1.0,252.0,2.4,23.2,25.2,39.0,25.2
2020_12_BAL_PIT,PIT,266.0,51,36,1,68.0,20,0,266.0,51,36,1,107,271.8,2.6,67.6,0.6,271.8,2.6,21.2,28.6,43.6,28.6
2020_13_WAS_PIT,PIT,305.0,53,33,2,21.0,14,0,305.0,53,33,2,108,271.4,2.4,62.4,0.4,271.4,2.4,20.2,29.4,44.0,29.4
2020_14_PIT_BUF,PIT,187.0,37,21,2,47.0,17,0,187.0,37,21,2,109,296.0,2.4,57.0,0.2,296.0,2.4,19.8,31.8,48.2,31.8
2020_15_PIT_CIN,PIT,170.0,38,20,1,86.0,23,1,170.0,38,20,1,110,271.6,2.2,57.2,0.2,271.6,2.2,19.6,29.8,46.6,29.8
2020_16_IND_PIT,PIT,341.0,49,34,3,22.0,14,1,341.0,49,34,3,111,239.0,1.6,65.6,0.4,239.0,1.6,20.2,28.4,45.0,28.4
2020_17_PIT_CLE,PIT,317.0,42,26,2,85.0,20,0,317.0,44,26,2,112,253.8,1.8,48.8,0.4,253.8,1.8,17.6,28.8,45.6,28.8
2021_01_PIT_BUF,PIT,188.0,32,18,1,75.0,21,0,188.0,32,18,1,113,264.0,2.0,52.2,0.4,264.0,2.0,17.6,26.8,44.2,26.8
2021_02_LV_PIT,PIT,295.0,40,27,1,39.0,14,1,295.0,40,27,1,114,240.6,1.8,63.0,0.4,240.6,1.8,19.0,23.8,40.0,23.8
2021_03_CIN_PIT,PIT,318.0,58,38,1,45.0,15,0,318.0,58,38,1,115,262.2,1.6,61.4,0.6,262.2,1.6,18.4,25.0,40.6,25.0
2021_04_PIT_GB,PIT,232.0,39,26,1,62.0,16,1,232.0,40,26,1,116,291.8,1.6,53.2,0.4,291.8,1.6,16.8,28.6,44.6,28.6
2021_05_DEN_PIT,PIT,253.0,25,15,2,147.0,35,1,253.0,25,15,2,117,270.0,1.2,61.2,0.4,270.0,1.2,17.2,27.0,42.8,27.0
2021_06_SEA_PIT,PIT,229.0,39,29,1,119.0,30,1,229.0,40,29,1,118,257.2,1.2,73.6,0.6,257.2,1.2,20.2,24.8,39.0,24.8
2021_08_PIT_CLE,PIT,266.0,35,22,1,115.0,32,1,266.0,35,22,1,119,265.4,1.2,82.4,0.8,265.4,1.2,22.0,27.0,40.6,27.0
2021_09_CHI_PIT,PIT,205.0,27,21,2,105.0,32,1,205.0,30,21,2,120,259.6,1.2,97.6,0.8,259.6,1.2,25.6,26.0,39.6,26.0
2021_10_DET_PIT,PIT,242.0,49,30,1,145.0,31,0,242.0,50,30,1,121,237.0,1.4,109.6,1.0,237.0,1.4,29.0,22.6,34.0,22.6
2021_11_PIT_LAC,PIT,273.0,44,28,3,55.0,18,1,273.0,44,28,3,122,239.0,1.4,126.2,0.8,239.0,1.4,32.0,23.4,36.0,23.4
2021_12_PIT_CIN,PIT,263.0,39,24,1,51.0,15,0,263.0,41,24,1,123,243.0,1.6,107.8,0.8,243.0,1.6,28.6,26.0,39.8,26.0
2021_13_BAL_PIT,PIT,236.0,30,21,2,85.0,25,0,236.0,31,21,2,124,249.8,1.6,94.2,0.6,249.8,1.6,25.6,25.0,40.0,25.0
2021_14_PIT_MIN,PIT,308.0,39,28,3,106.0,24,1,308.0,40,28,3,125,243.8,1.8,88.2,0.4,243.8,1.8,24.2,24.8,39.2,24.8
2021_15_TEN_PIT,PIT,148.0,25,16,0,35.0,17,1,148.0,25,16,0,126,264.4,2.0,88.4,0.4,264.4,2.0,22.6,26.2,41.2,26.2
2021_16_PIT_KC,PIT,194.0,42,28,1,130.0,25,0,194.0,43,28,1,127,245.6,1.8,66.4,0.6,245.6,1.8,19.8,23.4,36.2,23.4
2021_17_CLE_PIT,PIT,123.0,46,24,1,190.0,31,1,123.0,46,24,1,128,229.8,1.4,81.4,0.4,229.8,1.4,21.2,23.4,36.0,23.4
2021_18_PIT_BAL,PIT,244.0,44,30,1,79.0,30,0,244.0,44,30,1,129,201.8,1.4,109.2,0.6,201.8,1.4,24.4,23.4,37.0,23.4
2022_01_PIT_CIN,PIT,194.0,37,21,1,75.0,22,0,194.0,38,21,1,130,203.4,1.2,108.0,0.6,203.4,1.2,25.4,25.2,39.6,25.2
2022_02_NE_PIT,PIT,168.0,32,21,1,91.0,22,0,168.0,33,21,1,131,180.6,0.8,101.8,0.4,180.6,0.8,25.0,23.8,39.2,23.8
2022_03_PIT_CLE,PIT,207.0,32,20,0,104.0,22,2,207.0,32,20,0,132,184.6,1.0,113.0,0.2,184.6,1.0,26.0,24.8,40.8,24.8
2022_04_NYJ_PIT,PIT,204.0,25,17,0,119.0,31,2,204.0,26,17,0,133,187.2,0.8,107.8,0.6,187.2,0.8,25.4,23.2,38.6,23.2
2022_05_PIT_BUF,PIT,327.0,51,34,0,54.0,17,0,327.0,52,34,0,134,203.4,0.6,93.6,0.8,203.4,0.6,25.4,21.8,34.6,21.8
2022_06_TB_PIT,PIT,211.0,27,20,2,77.0,29,0,211.0,30,20,2,135,220.0,0.4,88.6,0.8,220.0,0.4,22.8,22.6,36.2,22.6
2022_07_PIT_MIA,PIT,257.0,42,32,1,95.0,23,0,257.0,44,32,1,136,223.4,0.6,89.0,0.8,223.4,0.6,24.2,22.4,34.6,22.4
2022_08_PIT_PHI,PIT,196.0,40,27,1,144.0,24,0,196.0,40,27,1,137,241.2,0.6,89.8,0.8,241.2,0.6,24.4,24.6,36.8,24.6
2022_10_NO_PIT,PIT,199.0,26,18,0,217.0,43,2,199.0,30,18,0,138,239.0,0.8,97.8,0.4,239.0,0.8,24.8,26.0,38.4,26.0
2022_11_CIN_PIT,PIT,265.0,38,25,1,102.0,24,2,265.0,42,25,1,139,238.0,0.8,117.4,0.4,238.0,0.8,27.2,26.2,39.2,26.2
2022_12_PIT_IND,PIT,174.0,28,20,0,172.0,36,2,174.0,28,20,0,140,225.6,1.0,127.0,0.8,225.6,1.0,28.6,24.4,37.2,24.4
2022_13_PIT_ATL,PIT,197.0,27,16,1,154.0,37,0,197.0,28,16,1,141,218.2,0.6,146.0,1.2,218.2,0.6,30.0,24.4,36.8,24.4
2022_14_BAL_PIT,PIT,276.0,31,22,1,65.0,20,1,276.0,31,22,1,142,206.2,0.6,157.8,1.2,206.2,0.6,32.8,21.2,33.6,21.2
2022_15_PIT_CAR,PIT,179.0,21,17,0,156.0,45,3,179.0,22,17,0,143,222.2,0.6,142.0,1.4,222.2,0.6,32.0,20.2,31.8,20.2
2022_16_LV_PIT,PIT,244.0,36,26,1,106.0,27,0,244.0,39,26,1,144,218.2,0.6,129.8,1.6,218.2,0.6,32.4,20.0,30.2,20.0
2022_17_PIT_BAL,PIT,168.0,27,15,1,198.0,41,0,168.0,27,15,1,145,214.0,0.6,130.6,1.2,214.0,0.6,33.0,20.2,29.6,20.2
2022_18_CLE_PIT,PIT,195.0,28,13,1,144.0,37,2,195.0,29,13,1,146,212.8,0.8,135.8,0.8,212.8,0.8,34.0,19.2,29.4,19.2
2023_01_SF_PIT,PIT,232.0,45,31,1,41.0,10,0,232.0,46,31,1,147,212.4,0.8,133.8,1.2,212.4,0.8,34.0,18.6,29.6,18.6
2023_02_CLE_PIT,PIT,222.0,29,15,1,55.0,21,0,222.0,30,15,1,148,203.6,0.8,129.0,1.0,203.6,0.8,32.0,20.4,32.6,20.4
2023_03_PIT_LV,PIT,235.0,27,16,2,105.0,31,0,235.0,28,16,2,149,212.2,1.0,108.8,0.4,212.2,1.0,27.2,20.0,34.2,20.0
2023_04_PIT_HOU,PIT,132.0,27,18,0,114.0,25,0,132.0,28,18,0,150,210.4,1.2,108.6,0.4,210.4,1.2,28.0,18.0,32.0,18.0
2023_05_BAL_PIT,PIT,224.0,31,18,1,87.0,30,0,224.0,32,18,1,151,203.2,1.0,91.8,0.4,203.2,1.0,24.8,18.6,32.2,18.6
2023_07_PIT_LA,PIT,230.0,23,17,0,86.0,29,3,230.0,25,17,0,152,209.0,1.0,80.4,0.0,209.0,1.0,23.4,19.6,32.8,19.6
2023_08_JAX_PIT,PIT,211.0,40,25,1,70.0,18,0,211.0,43,25,1,153,208.6,0.8,89.4,0.6,208.6,0.8,27.2,16.8,28.6,16.8
2023_09_TEN_PIT,PIT,160.0,29,19,1,166.0,30,1,160.0,30,19,1,154,206.4,0.8,92.4,0.6,206.4,0.8,26.6,18.8,31.2,18.8
2023_10_GB_PIT,PIT,126.0,22,14,0,205.0,36,2,126.0,23,14,0,155,191.4,0.6,104.6,0.8,191.4,0.6,26.4,19.4,31.6,19.4
2023_11_PIT_CLE,PIT,106.0,25,15,0,172.0,26,1,106.0,28,15,0,156,190.2,0.6,122.8,1.2,190.2,0.6,28.6,18.6,30.6,18.6
2023_12_PIT_CIN,PIT,278.0,32,24,0,153.0,33,1,278.0,33,24,0,157,166.6,0.4,139.8,1.4,166.6,0.4,27.8,18.0,29.8,18.0
2023_13_ARI_PIT,PIT,187.0,27,18,1,130.0,31,0,187.0,27,18,1,158,176.2,0.4,153.2,1.0,176.2,0.4,28.6,19.4,31.4,19.4
2023_14_NE_PIT,PIT,190.0,35,22,1,82.0,28,1,190.0,36,22,1,159,171.4,0.4,165.2,1.0,171.4,0.4,31.2,18.0,28.2,18.0
2023_15_PIT_IND,PIT,172.0,26,18,1,74.0,24,1,172.0,26,18,1,160,177.4,0.4,148.4,1.0,177.4,0.4,30.8,18.6,29.4,18.6
2023_16_CIN_PIT,PIT,290.0,25,17,2,113.0,30,2,290.0,27,17,2,161,186.6,0.6,122.2,0.8,186.6,0.6,28.4,19.4,30.0,19.4
2023_17_PIT_SEA,PIT,274.0,21,18,0,202.0,46,3,274.0,24,18,0,162,223.4,1.0,110.4,1.0,223.4,1.0,29.2,19.8,29.8,19.8
2023_18_PIT_BAL,PIT,152.0,20,18,1,155.0,39,1,152.0,20,18,1,163,222.6,1.0,120.2,1.4,222.6,1.0,31.8,18.6,28.0,18.6
2024_01_PIT_ATL,PIT,156.0,22,17,0,137.0,41,0,156.0,23,17,0,164,215.6,1.0,125.2,1.6,215.6,1.0,33.4,18.6,26.6,18.6
2024_02_PIT_DEN,PIT,117.0,18,13,1,141.0,36,0,117.0,20,13,1,165,208.8,0.8,136.2,1.4,208.8,0.8,36.0,17.6,24.0,17.6
2024_03_LAC_PIT,PIT,245.0,31,25,1,114.0,31,1,245.0,32,25,1,166,197.8,0.8,149.6,1.2,197.8,0.8,38.4,16.6,22.8,16.6
2024_04_PIT_IND,PIT,312.0,32,22,1,122.0,30,2,312.0,34,22,1,167,188.8,0.6,149.8,1.0,188.8,0.6,38.6,18.2,23.8,18.2
2024_05_DAL_PIT,PIT,152.0,26,16,2,92.0,26,0,150.0,28,16,2,168,196.4,0.8,133.8,0.8,196.4,0.8,35.4,19.0,25.8,19.0
2024_06_PIT_LV,PIT,145.0,23,14,0,183.0,35,3,145.0,24,14,0,169,196.0,1.0,121.2,0.6,196.4,1.0,32.8,18.6,27.4,18.6
2024_07_NYJ_PIT,PIT,264.0,27,16,2,149.0,36,2,264.0,29,16,2,170,193.8,1.0,130.4,1.2,194.2,1.0,31.6,18.0,27.6,18.0
2024_08_NYG_PIT,PIT,278.0,27,20,1,167.0,31,0,278.0,28,20,1,171,223.2,1.2,132.0,1.6,223.6,1.2,31.6,18.6,29.4,18.6
2024_10_PIT_WAS,PIT,195.0,26,14,3,140.0,43,1,195.0,29,14,3,172,229.8,1.2,142.6,1.4,230.2,1.2,31.6,17.6,28.6,17.6
2024_11_BAL_PIT,PIT,205.0,32,23,0,122.0,34,0,205.0,36,23,0,173,206.4,1.6,146.2,1.2,206.8,1.6,34.2,16.0,27.6,16.0
2024_12_PIT_CLE,PIT,270.0,25,21,1,120.0,34,1,270.0,29,21,1,174,217.4,1.2,152.2,1.2,217.4,1.2,35.8,17.4,29.2,17.4
2024_13_PIT_CIN,PIT,414.0,36,29,3,110.0,26,1,414.0,38,29,3,175,242.4,1.4,139.6,0.8,242.4,1.4,35.6,18.8,30.2,18.8
2024_14_CLE_PIT,PIT,158.0,24,15,2,120.0,35,1,158.0,26,15,2,176,272.4,1.6,131.8,0.6,272.4,1.6,33.6,21.4,32.0,21.4
2024_15_PIT_PHI,PIT,128.0,21,14,1,56.0,17,0,128.0,22,14,1,177,248.4,1.8,122.4,0.8,248.4,1.8,34.4,20.4,31.6,20.4
2024_16_PIT_BAL,PIT,217.0,26,22,2,117.0,24,0,217.0,33,22,2,178,235.0,1.4,105.6,0.6,235.0,1.4,29.2,20.4,30.2,20.4
2024_17_KC_PIT,PIT,205.0,35,23,0,202.0,31,1,205.0,37,23,0,179,237.4,1.8,104.6,0.6,237.4,1.8,27.2,20.2,29.6,20.2
2024_18_CIN_PIT,PIT,148.0,29,17,1,74.0,23,1,148.0,31,17,1,180,224.4,1.6,121.0,0.6,224.4,1.6,26.6,20.6,31.2,20.6
2014_01_GB_SEA,SEA,191.0,25,19,2,207.0,37,2,191.0,28,19,2,1,,,,,,,,,,
2014_02_SEA_SD,SEA,202.0,22,17,2,108.0,13,1,202.0,25,17,2,2,191.0,2.0,207.0,2.0,191.0,2.0,37.0,19.0,28.0,19.0
2014_03_DEN_SEA,SEA,275.0,33,25,2,129.0,37,1,275.0,35,25,2,3,196.5,2.0,157.5,1.5,196.5,2.0,25.0,18.0,26.5,18.0
2014_05_SEA_WAS,SEA,201.0,24,18,2,225.0,36,1,201.0,24,18,2,4,222.66666666666666,2.0,148.0,1.3333333333333333,222.66666666666666,2.0,29.0,20.333333333333332,29.333333333333332,20.333333333333332
2014_06_DAL_SEA,SEA,126.0,27,14,0,80.0,18,1,126.0,28,14,0,5,217.25,2.0,167.25,1.25,217.25,2.0,30.75,19.75,28.0,19.75
2014_07_SEA_STL,SEA,313.0,36,23,2,171.0,29,1,313.0,36,23,2,6,199.0,1.6,149.8,1.2,199.0,1.6,28.2,18.6,28.0,18.6
2014_08_SEA_CAR,SEA,199.0,32,20,1,119.0,26,0,199.0,32,20,1,7,223.4,1.6,142.6,1.0,223.4,1.6,26.6,19.4,29.6,19.4
2014_09_OAK_SEA,SEA,179.0,34,17,0,149.0,38,2,179.0,35,17,0,8,222.8,1.4,144.8,0.8,222.8,1.4,29.2,20.0,31.0,20.0
2014_10_NYG_SEA,SEA,172.0,17,10,0,350.0,45,5,172.0,17,10,0,9,203.6,1.0,148.8,1.0,203.6,1.0,29.4,18.4,31.0,18.4
2014_11_SEA_KC,SEA,178.0,32,20,2,204.0,37,0,178.0,32,20,2,10,197.8,0.6,173.8,1.8,197.8,0.6,31.2,16.8,29.6,16.8
2014_12_ARI_SEA,SEA,211.0,21,17,1,124.0,29,0,211.0,22,17,1,11,208.2,1.0,198.6,1.6,208.2,1.0,35.0,18.0,30.4,18.0
2014_13_SEA_SF,SEA,236.0,22,15,1,157.0,34,0,236.0,22,15,1,12,187.8,0.8,189.2,1.4,187.8,0.8,35.0,16.8,27.6,16.8
2014_14_SEA_PHI,SEA,263.0,33,22,2,188.0,46,1,263.0,37,22,2,13,195.2,0.8,196.8,1.4,195.2,0.8,36.6,15.8,25.6,15.8
2014_15_SF_SEA,SEA,168.0,23,12,1,152.0,32,1,168.0,24,12,1,14,212.0,1.2,204.6,1.2,212.0,1.2,38.2,16.8,26.0,16.8
2014_16_SEA_ARI,SEA,339.0,29,21,2,267.0,34,3,339.0,32,21,2,15,211.2,1.4,165.0,0.4,211.2,1.4,35.6,17.2,27.4,17.2
2014_17_STL_SEA,SEA,239.0,22,17,0,132.0,34,1,239.0,25,17,0,16,243.4,1.4,177.6,1.0,243.4,1.4,35.0,17.4,27.4,17.4
2015_01_SEA_STL,SEA,251.0,41,32,1,124.0,32,0,251.0,41,32,1,17,249.0,1.2,179.2,1.2,249.0,1.2,36.0,17.4,28.0,17.4
2015_02_SEA_GB,SEA,206.0,29,19,2,119.0,25,0,206.0,30,19,2,18,252.0,1.2,172.6,1.2,252.0,1.2,35.6,20.8,31.8,20.8
2015_03_CHI_SEA,SEA,235.0,26,20,1,159.0,29,0,235.0,30,20,1,19,240.6,1.2,158.8,1.0,240.6,1.2,31.4,20.2,30.4,20.2
2015_04_DET_SEA,SEA,287.0,26,20,1,110.0,31,0,287.0,26,20,1,20,254.0,1.2,160.2,0.8,254.0,1.2,30.8,21.8,31.6,21.8
2015_05_SEA_CIN,SEA,213.0,22,15,1,200.0,30,1,213.0,23,15,1,21,243.6,1.0,128.8,0.2,243.6,1.0,30.2,21.6,30.4,21.6
2015_06_CAR_SEA,SEA,243.0,30,18,1,115.0,26,1,241.0,30,18,1,22,238.4,1.2,142.4,0.2,238.4,1.2,29.4,21.2,30.0,21.2
2015_07_SEA_SF,SEA,235.0,24,18,1,176.0,41,1,235.0,24,18,1,23,236.4,1.2,140.6,0.4,236.8,1.2,28.2,18.4,27.8,18.4
2015_08_SEA_DAL,SEA,210.0,29,19,1,113.0,31,0,210.0,30,19,1,24,242.2,1.0,152.0,0.6,242.6,1.0,31.4,18.2,26.6,18.2
2015_10_ARI_SEA,SEA,240.0,27,14,1,115.0,18,2,240.0,32,14,1,25,237.2,1.0,142.8,0.6,237.6,1.0,31.8,18.0,26.6,18.0
2015_11_SF_SEA,SEA,260.0,27,24,3,255.0,44,1,260.0,29,24,3,26,227.8,1.0,143.8,1.0,228.2,1.0,29.2,16.8,27.8,16.8
2015_12_PIT_SEA,SEA,345.0,29,21,5,100.0,27,1,345.0,30,21,5,27,237.2,1.4,154.8,1.0,237.6,1.4,32.0,18.6,29.0,18.6
2015_13_SEA_MIN,SEA,274.0,28,21,3,173.0,36,2,274.0,28,21,3,28,258.0,2.2,151.8,1.0,258.0,2.2,32.2,19.2,29.0,19.2
2015_14_SEA_BAL,SEA,301.0,33,24,5,123.0,36,0,301.0,33,24,5,29,265.8,2.6,151.2,1.2,265.8,2.6,31.2,19.8,29.8,19.8
2015_15_CLE_SEA,SEA,249.0,29,21,3,182.0,36,0,249.0,30,21,3,30,284.0,3.4,153.2,1.2,284.0,3.4,32.2,20.8,30.4,20.8
2015_16_STL_SEA,SEA,289.0,40,25,2,59.0,22,0,289.0,41,25,2,31,285.8,3.8,166.6,0.8,285.8,3.8,35.8,22.2,30.0,22.2
2015_17_SEA_ARI,SEA,225.0,32,22,3,145.0,36,1,225.0,32,22,3,32,291.6,3.6,127.4,0.6,291.6,3.6,31.4,22.4,32.4,22.4
2016_01_MIA_SEA,SEA,258.0,41,27,1,112.0,32,0,258.0,43,27,1,33,267.6,3.2,136.4,0.6,267.6,3.2,33.2,22.6,32.8,22.6
2016_02_SEA_LA,SEA,254.0,35,22,0,67.0,24,0,254.0,35,22,0,34,264.4,2.8,124.2,0.2,264.4,2.8,32.4,23.8,35.8,23.8
2016_03_SF_SEA,SEA,308.0,30,22,2,127.0,31,2,308.0,32,22,2,35,255.0,1.8,113.0,0.2,255.0,1.8,30.0,23.4,36.2,23.4
2016_04_SEA_NYJ,SEA,309.0,32,23,3,66.0,26,0,309.0,32,23,3,36,266.8,1.6,102.0,0.6,266.8,1.6,29.0,23.6,36.6,23.6
2016_06_ATL_SEA,SEA,270.0,36,25,0,72.0,27,3,270.0,37,25,0,37,270.8,1.8,103.4,0.6,270.8,1.8,29.8,23.2,34.8,23.2
2016_07_SEA_ARI,SEA,225.0,36,24,0,52.0,19,0,225.0,37,24,0,38,279.8,1.2,88.8,1.0,279.8,1.2,28.0,23.8,35.8,23.8
2016_08_SEA_NO,SEA,296.0,32,23,0,74.0,17,1,296.0,36,23,0,39,273.2,1.0,76.8,1.0,273.2,1.0,25.4,23.2,34.6,23.2
2016_09_BUF_SEA,SEA,282.0,24,20,2,33.0,12,2,282.0,26,20,2,40,281.6,1.0,78.2,1.2,281.6,1.0,24.0,23.4,34.8,23.4
2016_10_SEA_NE,SEA,348.0,36,25,3,96.0,26,0,348.0,37,25,3,41,276.4,1.0,59.4,1.2,276.4,1.0,20.2,23.0,33.6,23.0
2016_11_PHI_SEA,SEA,287.0,31,19,2,152.0,30,1,287.0,32,19,2,42,284.2,1.0,65.4,1.2,284.2,1.0,20.2,23.4,34.6,23.4
2016_12_SEA_TB,SEA,151.0,33,17,0,127.0,22,0,151.0,33,17,0,43,287.6,1.4,81.4,0.8,287.6,1.4,20.8,22.2,33.6,22.2
2016_13_CAR_SEA,SEA,315.0,38,28,1,240.0,29,3,315.0,39,28,1,44,272.8,1.4,96.4,0.8,272.8,1.4,21.4,20.8,32.8,20.8
2016_14_SEA_GB,SEA,240.0,39,22,1,136.0,26,0,240.0,39,22,1,45,276.6,1.6,129.6,1.2,276.6,1.6,23.8,21.8,33.4,21.8
2016_15_LA_SEA,SEA,229.0,24,19,3,72.0,30,0,229.0,26,19,3,46,268.2,1.4,150.2,0.8,268.2,1.4,26.6,22.2,36.0,22.2
2016_16_ARI_SEA,SEA,350.0,44,29,4,78.0,27,0,350.0,45,29,4,47,244.4,1.4,145.4,0.8,244.4,1.4,27.4,21.0,33.8,21.0
2016_17_SEA_SF,SEA,300.0,37,23,1,87.0,25,1,300.0,38,23,1,48,257.0,1.8,130.6,0.6,257.0,1.8,26.8,23.0,36.4,23.0
2017_01_SEA_GB,SEA,158.0,27,14,0,90.0,18,0,158.0,27,14,0,49,286.8,2.0,122.6,0.8,286.8,2.0,27.4,24.2,37.4,24.2
2017_02_SF_SEA,SEA,198.0,39,23,1,131.0,37,0,198.0,39,23,1,50,255.4,1.8,92.6,0.2,255.4,1.8,25.2,21.4,35.0,21.4
2017_03_SEA_TEN,SEA,373.0,48,29,4,69.0,22,0,373.0,49,29,4,51,247.0,1.8,91.6,0.2,247.0,1.8,27.4,21.6,35.0,21.6
2017_04_IND_SEA,SEA,295.0,26,21,2,194.0,33,2,295.0,26,21,2,52,275.8,2.0,91.0,0.2,275.8,2.0,25.8,23.6,39.6,23.6
2017_05_SEA_LA,SEA,198.0,37,24,1,62.0,25,0,198.0,38,24,1,53,264.8,1.6,114.2,0.6,264.8,1.6,27.0,22.0,35.8,22.0
2017_07_SEA_NYG,SEA,334.0,37,27,3,104.0,31,0,334.0,39,27,3,54,244.4,1.6,109.2,0.4,244.4,1.6,27.0,22.2,35.8,22.2
2017_08_HOU_SEA,SEA,452.0,37,26,4,33.0,21,0,452.0,41,26,4,55,279.6,2.2,112.0,0.4,279.6,2.2,29.6,24.8,38.2,24.8
2017_09_WAS_SEA,SEA,297.0,41,24,2,148.0,28,0,297.0,45,24,2,56,330.4,2.8,92.4,0.4,330.4,2.8,26.4,25.4,38.6,25.4
2017_10_SEA_ARI,SEA,238.0,30,22,2,75.0,23,0,238.0,32,22,2,57,315.2,2.4,108.2,0.4,315.2,2.4,27.6,24.4,37.8,24.4
2017_11_ATL_SEA,SEA,254.0,40,27,2,136.0,23,1,254.0,43,27,2,58,303.8,2.4,84.4,0.0,303.8,2.4,25.6,24.6,39.0,24.6
2017_12_SEA_SF,SEA,228.0,33,20,2,90.0,30,1,228.0,34,20,2,59,315.0,2.6,99.2,0.2,315.0,2.6,25.2,25.2,40.0,25.2
2017_13_PHI_SEA,SEA,227.0,27,20,3,101.0,25,0,227.0,31,20,3,60,293.8,2.4,96.4,0.4,293.8,2.4,25.0,23.8,39.0,23.8
2017_14_SEA_JAX,SEA,271.0,29,17,3,141.0,24,0,271.0,31,17,3,61,248.8,2.2,110.0,0.4,248.8,2.2,25.8,22.6,37.0,22.6
2017_15_LA_SEA,SEA,142.0,27,14,1,78.0,17,0,142.0,30,14,1,62,243.6,2.4,108.6,0.4,243.6,2.4,25.0,21.2,34.2,21.2
2017_16_SEA_DAL,SEA,93.0,20,14,2,76.0,30,0,93.0,21,14,2,63,224.4,2.2,109.2,0.4,224.4,2.2,23.8,19.6,33.8,19.6
2017_17_ARI_SEA,SEA,221.0,28,18,2,101.0,22,0,221.0,29,18,2,64,192.2,2.2,97.2,0.2,192.2,2.2,25.2,17.0,29.4,17.0
2018_01_SEA_DEN,SEA,298.0,33,19,3,64.0,16,0,298.0,33,19,3,65,190.8,2.2,99.4,0.0,190.8,2.2,23.6,16.6,28.4,16.6
2018_02_SEA_CHI,SEA,226.0,33,22,2,74.0,22,0,226.0,36,22,2,66,205.0,2.2,92.0,0.0,205.0,2.2,21.8,16.4,28.8,16.4
2018_03_DAL_SEA,SEA,192.0,25,16,2,113.0,39,1,192.0,26,16,2,67,196.0,2.0,78.6,0.0,196.0,2.0,21.4,17.4,29.8,17.4
2018_04_SEA_ARI,SEA,172.0,25,19,0,171.0,34,2,172.0,26,19,0,68,206.0,2.2,85.6,0.2,206.0,2.2,25.8,17.8,29.0,17.8
2018_05_LA_SEA,SEA,198.0,19,13,3,190.0,32,1,198.0,21,13,3,69,221.8,1.8,104.6,0.6,221.8,1.8,26.6,18.8,30.0,18.8
2018_06_SEA_OAK,SEA,222.0,23,17,3,155.0,37,0,222.0,23,17,3,70,217.2,2.0,122.4,0.8,217.2,2.0,28.6,17.8,28.4,17.8
2018_08_SEA_DET,SEA,248.0,17,14,3,176.0,42,1,248.0,17,14,3,71,202.0,2.0,140.6,0.8,202.0,2.0,32.8,17.4,26.4,17.4
2018_09_LAC_SEA,SEA,235.0,37,26,2,154.0,32,0,235.0,39,26,2,72,206.4,2.2,161.0,1.0,206.4,2.2,36.8,15.8,22.6,15.8
2018_10_SEA_LA,SEA,176.0,23,17,3,273.0,34,1,176.0,26,17,3,73,215.0,2.2,169.2,0.8,215.0,2.2,35.4,17.8,25.2,17.8
2018_11_GB_SEA,SEA,225.0,29,21,2,173.0,35,1,225.0,31,21,2,74,215.8,2.8,189.6,0.6,215.8,2.8,35.4,17.4,25.2,17.4
2018_12_SEA_CAR,SEA,339.0,28,22,2,75.0,28,1,339.0,31,22,2,75,221.2,2.6,186.2,0.6,221.2,2.6,36.0,19.0,27.2,19.0
2018_13_SF_SEA,SEA,185.0,17,11,4,168.0,29,1,185.0,17,11,4,76,244.6,2.4,170.2,0.8,244.6,2.4,34.2,20.0,28.8,20.0
2018_14_MIN_SEA,SEA,72.0,16,10,0,214.0,42,1,72.0,20,10,0,77,232.0,2.6,168.6,0.8,232.0,2.6,31.6,19.4,28.8,19.4
2018_15_SEA_SF,SEA,237.0,28,23,2,168.0,35,1,237.0,31,23,2,78,199.4,2.2,180.6,1.0,199.4,2.2,33.6,16.2,25.0,16.2
2018_16_KC_SEA,SEA,271.0,27,18,3,210.0,43,2,271.0,29,18,3,79,211.6,2.0,159.6,1.0,211.6,2.0,33.8,17.4,26.0,17.4
2018_17_ARI_SEA,SEA,152.0,20,12,1,182.0,34,2,152.0,21,12,1,80,220.8,2.2,167.0,1.2,220.8,2.2,35.4,16.8,25.6,16.8
2019_01_CIN_SEA,SEA,195.0,19,14,2,72.0,25,1,195.0,20,14,2,81,183.4,2.0,188.4,1.4,183.4,2.0,36.6,14.8,23.6,14.8
2019_02_SEA_PIT,SEA,300.0,35,29,3,151.0,33,1,300.0,35,29,3,82,185.4,1.6,169.2,1.4,185.4,1.6,35.8,15.4,24.2,15.4
2019_03_NO_SEA,SEA,406.0,46,32,2,108.0,26,2,406.0,50,32,2,83,231.0,2.2,156.6,1.4,231.0,2.2,34.0,19.2,27.2,19.2
2019_04_SEA_ARI,SEA,240.0,27,22,1,115.0,27,1,240.0,28,22,1,84,264.8,2.2,144.6,1.6,264.8,2.2,32.2,21.0,31.0,21.0
2019_05_LA_SEA,SEA,268.0,22,17,4,167.0,43,0,268.0,23,17,4,85,258.6,1.8,125.6,1.4,258.6,1.8,29.0,21.8,30.8,21.8
2019_06_SEA_CLE,SEA,295.0,32,23,2,170.0,38,2,295.0,33,23,2,86,281.8,2.4,122.6,1.0,281.8,2.4,30.8,22.8,31.2,22.8
2019_07_BAL_SEA,SEA,241.0,38,20,1,106.0,26,0,241.0,41,20,1,87,301.8,2.4,142.2,1.2,301.8,2.4,33.4,24.6,33.8,24.6
2019_08_SEA_ATL,SEA,182.0,20,14,2,151.0,33,1,182.0,20,14,2,88,290.0,2.0,133.2,1.0,290.0,2.0,32.0,22.8,35.0,22.8
2019_09_TB_SEA,SEA,378.0,43,29,5,145.0,22,0,378.0,43,29,5,89,245.2,2.0,141.8,0.8,245.2,2.0,33.4,19.2,29.0,19.2
2019_10_SEA_SF,SEA,232.0,33,24,1,147.0,34,1,232.0,34,24,1,90,272.8,2.8,147.8,0.6,272.8,2.8,32.4,20.6,32.0,20.6
2019_12_SEA_PHI,SEA,200.0,23,13,1,174.0,26,1,200.0,25,13,1,91,265.6,2.2,143.8,0.8,265.6,2.2,30.6,22.0,34.2,22.0
2019_13_MIN_SEA,SEA,240.0,31,21,2,218.0,43,2,240.0,31,21,2,92,246.6,2.0,144.6,0.6,246.6,2.0,28.2,20.0,32.6,20.0
2019_14_SEA_LA,SEA,245.0,33,22,0,106.0,21,0,245.0,36,22,0,93,246.4,2.2,167.0,1.0,246.4,2.2,31.6,20.2,30.6,20.2
2019_15_SEA_CAR,SEA,286.0,25,20,2,154.0,34,2,286.0,27,20,2,94,259.0,1.8,158.0,0.8,259.0,1.8,29.2,21.8,33.8,21.8
2019_16_ARI_SEA,SEA,169.0,29,16,1,91.0,20,0,169.0,31,16,1,95,240.6,1.2,159.8,1.2,240.6,1.2,31.6,20.0,30.6,20.0
2019_17_SF_SEA,SEA,233.0,38,25,2,125.0,30,1,233.0,40,25,2,96,228.0,1.2,148.6,1.0,228.0,1.2,28.8,18.4,30.0,18.4
2020_01_SEA_ATL,SEA,322.0,35,31,4,84.0,20,1,322.0,35,31,4,97,234.6,1.4,138.8,1.0,234.6,1.4,29.6,20.8,33.0,20.8
2020_02_NE_SEA,SEA,288.0,25,21,5,154.0,30,0,288.0,28,21,5,98,251.0,1.8,112.0,0.8,251.0,1.8,25.0,22.8,33.8,22.8
2020_03_DAL_SEA,SEA,315.0,38,27,5,117.0,26,0,315.0,40,27,5,99,259.6,2.8,121.6,0.8,259.6,2.8,26.8,22.6,32.2,22.6
2020_04_SEA_MIA,SEA,360.0,33,24,2,98.0,26,2,360.0,34,24,2,100,265.4,3.4,114.2,0.4,265.4,3.4,25.2,24.0,34.8,24.0
2020_05_MIN_SEA,SEA,217.0,30,20,3,124.0,16,1,217.0,32,20,3,101,303.6,3.6,115.6,0.8,303.6,3.6,26.4,25.6,35.4,25.6
2020_07_SEA_ARI,SEA,388.0,48,33,3,200.0,30,1,388.0,50,33,3,102,300.4,3.8,115.4,0.8,300.4,3.8,23.6,24.6,33.8,24.6
2020_08_SF_SEA,SEA,261.0,36,27,4,101.0,28,1,261.0,37,27,4,103,313.6,3.6,138.6,0.8,313.6,3.6,25.6,25.0,36.8,25.0
2020_09_SEA_BUF,SEA,390.0,40,28,2,57.0,17,2,390.0,41,28,2,104,308.2,3.4,128.0,1.0,308.2,3.4,25.2,26.2,38.6,26.2
2020_10_SEA_LA,SEA,248.0,35,22,0,113.0,22,1,248.0,37,22,0,105,323.2,2.8,116.0,1.4,323.2,2.8,23.4,26.4,38.8,26.4
2020_11_ARI_SEA,SEA,197.0,27,23,2,165.0,31,1,197.0,28,23,2,106,300.8,2.4,119.0,1.2,300.8,2.4,22.6,26.0,39.4,26.0
2020_12_SEA_PHI,SEA,230.0,30,22,1,76.0,30,1,230.0,31,22,1,107,296.8,2.2,127.2,1.2,296.8,2.2,25.6,26.6,38.6,26.6
2020_13_NYG_SEA,SEA,263.0,41,27,1,111.0,22,0,263.0,43,27,1,108,265.2,1.8,102.4,1.2,265.2,1.8,25.6,24.4,34.8,24.4
2020_14_NYJ_SEA,SEA,239.0,32,25,4,174.0,36,1,239.0,32,25,4,109,265.6,1.2,104.4,1.0,265.6,1.2,24.4,24.4,36.0,24.4
2020_15_SEA_WAS,SEA,121.0,26,18,1,181.0,26,1,121.0,27,18,1,110,235.4,1.6,127.8,0.8,235.4,1.6,28.2,23.8,34.2,23.8
2020_16_LA_SEA,SEA,225.0,29,20,1,95.0,24,1,225.0,32,20,1,111,210.0,1.8,141.4,0.8,210.0,1.8,29.0,23.0,32.2,23.0
2020_17_SEA_SF,SEA,181.0,32,20,2,121.0,27,1,181.0,36,20,2,112,215.6,1.6,127.4,0.8,215.6,1.6,27.6,22.4,33.0,22.4
2021_01_SEA_IND,SEA,254.0,21,18,4,140.0,27,0,254.0,23,18,4,113,205.8,1.8,136.4,0.8,205.8,1.8,27.0,22.0,34.0,22.0
2021_02_TEN_SEA,SEA,343.0,31,22,2,77.0,18,2,343.0,31,22,2,114,204.0,2.4,142.2,0.8,204.0,2.4,28.0,20.2,30.0,20.2
2021_03_SEA_MIN,SEA,298.0,28,23,1,106.0,18,1,298.0,32,23,1,115,224.8,2.0,122.8,1.0,224.8,2.0,24.4,19.6,29.8,19.6
2021_04_SEA_SF,SEA,149.0,22,16,2,105.0,28,2,149.0,23,16,2,116,260.2,2.0,107.8,1.0,260.2,2.0,22.8,20.6,30.8,20.6
2021_05_LA_SEA,SEA,283.0,32,21,2,92.0,25,0,283.0,33,21,2,117,245.0,2.2,109.8,1.2,245.0,2.2,23.6,19.8,29.0,19.8
2021_06_SEA_PIT,SEA,209.0,31,23,1,144.0,27,1,209.0,32,23,1,118,265.4,2.2,104.0,1.0,265.4,2.2,23.2,20.0,28.4,20.0
2021_07_NO_SEA,SEA,167.0,19,12,1,90.0,28,0,167.0,22,12,1,119,256.4,1.6,104.8,1.2,256.4,1.6,23.2,21.0,30.2,21.0
2021_08_JAX_SEA,SEA,195.0,22,20,2,69.0,25,1,195.0,24,20,2,120,221.2,1.4,107.4,0.8,221.2,1.4,25.2,19.0,28.4,19.0
2021_10_SEA_GB,SEA,161.0,38,20,0,75.0,16,0,161.0,40,20,0,121,200.6,1.6,100.0,0.8,200.6,1.6,26.6,18.4,26.8,18.4
2021_11_ARI_SEA,SEA,207.0,25,14,0,86.0,19,1,207.0,26,14,0,122,203.0,1.2,94.0,0.4,203.0,1.2,24.2,19.2,30.2,19.2
2021_12_SEA_WAS,SEA,247.0,31,20,2,34.0,12,0,247.0,31,20,2,123,187.8,0.8,92.8,0.6,187.8,0.8,23.0,17.8,28.8,17.8
2021_13_SF_SEA,SEA,231.0,37,30,2,146.0,27,2,231.0,37,30,2,124,195.4,1.0,70.8,0.4,195.4,1.0,20.0,17.2,28.6,17.2
2021_14_SEA_HOU,SEA,260.0,28,17,2,193.0,29,2,260.0,28,17,2,125,208.2,1.2,82.0,0.8,208.2,1.2,19.8,20.8,31.6,20.8
2021_15_SEA_LA,SEA,156.0,28,17,0,80.0,19,1,156.0,31,17,0,126,221.2,1.2,106.8,1.0,221.2,1.2,20.6,20.2,32.4,20.2
2021_16_CHI_SEA,SEA,181.0,27,16,2,170.0,24,1,181.0,27,16,2,127,220.2,1.2,107.8,1.2,220.2,1.2,21.2,19.6,30.6,19.6
2021_17_DET_SEA,SEA,236.0,28,20,4,265.0,41,2,236.0,29,20,4,128,215.0,1.6,124.6,1.2,215.0,1.6,22.2,20.0,30.8,20.0
2021_18_SEA_ARI,SEA,238.0,26,15,3,202.0,30,2,238.0,26,15,3,129,212.8,2.0,170.8,1.6,212.8,2.0,28.0,20.0,30.4,20.0
2022_01_DEN_SEA,SEA,195.0,27,23,2,76.0,19,0,195.0,28,23,2,130,214.2,2.2,182.0,1.6,214.2,2.2,28.6,17.0,28.2,17.0
2022_02_SEA_SF,SEA,197.0,30,24,0,36.0,14,0,197.0,31,24,0,131,201.2,2.2,158.6,1.2,201.2,2.2,26.6,18.2,28.2,18.2
2022_03_ATL_SEA,SEA,325.0,44,32,2,112.0,23,0,325.0,44,32,2,132,209.4,2.2,149.8,1.0,209.4,2.2,25.6,19.6,28.2,19.6
2022_04_SEA_DET,SEA,320.0,29,23,2,235.0,33,3,320.0,30,23,2,133,238.2,2.2,138.2,0.8,238.2,2.2,25.4,22.8,31.6,22.8
2022_05_SEA_NO,SEA,268.0,24,16,3,151.0,21,1,268.0,25,16,3,134,255.0,1.8,132.2,1.0,255.0,1.8,23.8,23.4,31.8,23.4
2022_06_ARI_SEA,SEA,197.0,30,20,0,136.0,30,1,197.0,31,20,0,135,261.0,1.8,122.0,0.8,261.0,1.8,22.0,23.6,31.6,23.6
2022_07_SEA_LAC,SEA,210.0,26,20,2,213.0,34,2,210.0,27,20,2,136,261.4,1.4,134.0,1.0,261.4,1.4,24.2,23.0,32.2,23.0
2022_08_NYG_SEA,SEA,212.0,33,23,2,87.0,25,1,212.0,34,23,2,137,264.0,1.8,169.4,1.4,264.0,1.8,28.2,22.2,31.4,22.2
2022_09_SEA_ARI,SEA,275.0,32,26,2,158.0,34,2,275.0,34,26,2,138,241.4,1.8,164.4,1.6,241.4,1.8,28.6,20.4,29.4,20.4
2022_10_SEA_TB,SEA,275.0,33,23,2,39.0,14,0,275.0,33,23,2,139,232.4,1.8,149.0,1.4,232.4,1.8,28.8,21.0,30.2,21.0
2022_12_LV_SEA,SEA,328.0,37,27,2,65.0,23,2,328.0,37,27,2,140,233.8,1.6,126.6,1.2,233.8,1.6,27.4,22.4,31.8,22.4
2022_13_SEA_LA,SEA,367.0,37,28,3,90.0,22,0,367.0,39,28,3,141,260.0,2.0,112.4,1.4,260.0,2.0,26.0,23.8,33.0,23.8
2022_14_CAR_SEA,SEA,264.0,36,21,3,46.0,14,0,264.0,36,21,3,142,291.4,2.2,87.8,1.0,291.4,2.2,23.6,25.4,35.4,25.4
2022_15_SF_SEA,SEA,238.0,41,31,1,70.0,14,0,238.0,44,31,1,143,301.8,2.4,79.6,0.8,301.8,2.4,21.4,25.0,35.8,25.0
2022_16_SEA_KC,SEA,215.0,38,25,1,133.0,31,0,215.0,40,25,1,144,294.4,2.2,62.0,0.4,294.4,2.2,17.4,26.0,37.8,26.0
2022_17_NYJ_SEA,SEA,183.0,28,18,2,198.0,38,0,183.0,29,18,2,145,282.4,2.0,80.8,0.4,282.4,2.0,20.8,26.4,39.2,26.4
2022_18_LA_SEA,SEA,213.0,28,19,1,197.0,36,0,213.0,31,19,1,146,253.4,2.0,107.4,0.0,253.4,2.0,23.8,24.6,37.6,24.6
2023_01_LA_SEA,SEA,112.0,24,16,1,85.0,18,0,112.0,26,16,1,147,222.6,1.6,128.8,0.0,222.6,1.6,26.6,22.8,36.0,22.8
2023_02_SEA_DET,SEA,328.0,37,32,2,82.0,25,2,328.0,41,32,2,148,192.2,1.2,136.6,0.0,192.2,1.2,27.4,21.8,34.0,21.8
2023_03_CAR_SEA,SEA,296.0,35,23,1,146.0,33,2,296.0,36,23,1,149,210.2,1.4,139.0,0.4,210.2,1.4,29.6,22.0,33.4,22.0
2023_04_SEA_NYG,SEA,173.0,26,15,1,121.0,23,1,173.0,26,15,1,150,226.4,1.4,141.6,0.8,226.4,1.4,30.0,21.6,32.6,21.6
2023_06_SEA_CIN,SEA,326.0,37,27,0,87.0,25,1,326.0,41,27,0,151,224.4,1.2,126.2,1.0,224.4,1.2,27.0,21.0,32.0,21.0
2023_07_ARI_SEA,SEA,219.0,24,18,2,115.0,32,0,219.0,24,18,2,152,247.0,1.0,104.2,1.2,247.0,1.0,24.8,22.6,34.0,22.6
2023_08_CLE_SEA,SEA,254.0,36,23,2,114.0,17,1,254.0,37,23,2,153,268.4,1.2,110.2,1.2,268.4,1.2,27.6,23.0,33.6,23.0
2023_09_SEA_BAL,SEA,157.0,25,13,0,28.0,15,0,157.0,28,13,0,154,253.6,1.2,116.6,1.0,253.6,1.2,26.0,21.2,32.8,21.2
2023_10_WAS_SEA,SEA,369.0,42,31,2,120.0,26,0,369.0,47,31,2,155,225.8,1.0,93.0,0.6,225.8,1.0,22.4,19.2,31.2,19.2
2023_11_SEA_LA,SEA,236.0,38,24,1,68.0,21,0,236.0,40,24,1,156,265.0,1.2,92.8,0.4,265.0,1.2,23.0,22.4,35.4,22.4
2023_12_SF_SEA,SEA,180.0,27,18,0,88.0,21,0,180.0,27,18,0,157,247.0,1.4,89.0,0.2,247.0,1.4,22.2,21.8,35.2,21.8
2023_13_SEA_DAL,SEA,334.0,38,23,3,72.0,22,2,334.0,41,23,3,158,239.2,1.0,83.6,0.2,239.2,1.0,20.0,21.8,35.8,21.8
2023_14_SEA_SF,SEA,269.0,31,22,2,70.0,20,0,269.0,31,22,2,159,255.2,1.2,75.2,0.4,255.2,1.2,21.0,21.8,36.6,21.8
2023_15_PHI_SEA,SEA,208.0,32,22,1,100.0,24,1,208.0,33,22,1,160,277.6,1.6,83.6,0.4,277.6,1.6,22.0,23.6,37.2,23.6
2023_16_SEA_TEN,SEA,227.0,36,25,2,58.0,20,0,227.0,36,25,2,161,245.4,1.4,79.6,0.6,245.4,1.4,21.6,21.8,34.4,21.8
2023_17_PIT_SEA,SEA,290.0,33,23,1,88.0,15,1,290.0,33,23,1,162,243.6,1.6,77.6,0.6,243.6,1.6,21.4,22.0,33.6,22.0
2023_18_SEA_ARI,SEA,189.0,26,16,2,138.0,25,0,189.0,28,16,2,163,265.6,1.8,77.6,0.8,265.6,1.8,20.2,23.0,34.8,23.0
2024_01_DEN_SEA,SEA,171.0,25,18,1,146.0,33,2,171.0,25,18,1,164,236.6,1.6,90.8,0.4,236.6,1.6,20.8,21.6,32.2,21.6
2024_02_SEA_NE,SEA,327.0,43,33,1,46.0,19,1,327.0,44,33,1,165,217.0,1.4,106.0,0.8,217.0,1.4,23.4,20.8,31.0,20.8
2024_03_MIA_SEA,SEA,289.0,33,26,1,100.0,23,2,289.0,34,26,1,166,240.8,1.4,95.2,0.8,240.8,1.4,22.4,23.0,33.2,23.0
2024_04_SEA_DET,SEA,395.0,53,38,1,133.0,19,3,395.0,56,38,1,167,253.2,1.2,103.6,1.2,253.2,1.2,23.0,23.2,32.8,23.2
2024_05_NYG_SEA,SEA,284.0,39,28,1,102.0,11,0,284.0,40,28,1,168,274.2,1.2,112.6,1.6,274.2,1.2,23.8,26.2,37.4,26.2
2024_06_SF_SEA,SEA,312.0,48,30,1,52.0,20,1,312.0,52,30,1,169,293.2,1.0,105.4,1.6,293.2,1.0,21.0,28.6,39.8,28.6
2024_07_SEA_ATL,SEA,242.0,28,19,2,103.0,26,1,242.0,29,19,2,170,321.4,1.0,86.6,1.4,321.4,1.0,18.4,31.0,45.2,31.0
2024_08_BUF_SEA,SEA,212.0,27,21,0,32.0,17,1,212.0,29,21,0,171,304.4,1.2,98.0,1.4,304.4,1.2,19.8,28.2,42.2,28.2
2024_09_LA_SEA,SEA,363.0,34,21,3,107.0,33,0,363.0,34,21,3,172,289.0,1.0,84.4,1.2,289.0,1.0,18.6,27.2,41.2,27.2
2024_11_SEA_SF,SEA,221.0,31,25,0,94.0,23,2,221.0,32,25,0,173,282.6,1.4,79.2,0.6,282.6,1.4,21.4,23.8,36.8,23.8
2024_12_ARI_SEA,SEA,254.0,28,22,1,65.0,25,0,254.0,31,22,1,174,270.0,1.2,77.6,1.0,270.0,1.2,23.8,23.2,35.2,23.2
2024_13_SEA_NYJ,SEA,206.0,29,20,1,84.0,23,1,206.0,31,20,1,175,258.4,1.2,80.2,0.8,258.4,1.2,24.8,21.6,31.0,21.6
2024_14_SEA_ARI,SEA,233.0,29,24,1,176.0,31,2,233.0,30,24,1,176,251.2,1.0,76.4,0.8,251.2,1.0,24.2,21.8,31.4,21.8
2024_15_GB_SEA,SEA,173.0,31,20,0,80.0,16,1,173.0,33,20,0,177,255.4,1.2,105.2,1.0,255.4,1.2,27.0,22.4,31.6,22.4
2024_16_MIN_SEA,SEA,314.0,42,31,3,59.0,15,0,314.0,43,31,3,178,217.4,0.6,99.8,1.2,217.4,0.6,23.6,22.2,31.4,22.2
2024_17_SEA_CHI,SEA,160.0,22,17,0,122.0,25,0,160.0,23,17,0,179,236.0,1.2,92.8,0.8,236.0,1.2,22.0,23.4,33.6,23.4
2024_18_SEA_LA,SEA,191.0,27,20,4,126.0,24,0,223.0,27,20,4,180,217.2,1.0,104.2,0.8,217.2,1.0,22.0,22.4,32.0,22.4
2014_01_SF_DAL,SF,201.0,23,16,2,127.0,30,1,201.0,23,16,2,1,,,,,,,,,,
2014_02_CHI_SF,SF,248.0,33,21,1,127.0,27,1,248.0,34,21,1,2,201.0,2.0,127.0,1.0,201.0,2.0,30.0,16.0,23.0,16.0
2014_03_SF_ARI,SF,245.0,35,29,1,82.0,23,1,245.0,37,29,1,3,224.5,1.5,127.0,1.0,224.5,1.5,28.5,18.5,28.5,18.5
2014_04_PHI_SF,SF,218.0,30,17,2,218.0,42,0,218.0,30,17,2,4,231.33333333333334,1.3333333333333333,112.0,1.0,231.33333333333334,1.3333333333333333,26.666666666666668,22.0,31.333333333333332,22.0
2014_05_KC_SF,SF,201.0,27,14,1,171.0,40,0,201.0,27,14,1,5,228.0,1.5,138.5,0.75,228.0,1.5,30.5,20.75,31.0,20.75
2014_06_SF_STL,SF,343.0,35,22,3,89.0,30,0,343.0,35,22,3,6,222.6,1.4,145.0,0.6,222.6,1.4,32.4,19.4,30.2,19.4
2014_07_SF_DEN,SF,301.0,46,27,2,62.0,18,0,301.0,46,27,2,7,251.0,1.6,137.4,0.4,251.0,1.6,32.4,20.6,32.6,20.6
2014_09_STL_SF,SF,237.0,33,22,1,80.0,21,0,237.0,33,22,1,8,261.6,1.8,124.4,0.2,261.6,1.8,30.6,21.8,35.0,21.8
2014_10_SF_NO,SF,210.0,32,14,1,144.0,32,2,210.0,32,14,1,9,260.0,1.8,124.0,0.0,260.0,1.8,30.2,20.4,34.2,20.4
2014_11_SF_NYG,SF,193.0,30,15,1,148.0,37,0,193.0,30,15,1,10,258.4,1.6,109.2,0.4,258.4,1.6,28.2,19.8,34.6,19.8
2014_12_WAS_SF,SF,256.0,29,20,1,66.0,29,1,256.0,29,20,1,11,256.8,1.6,104.6,0.4,256.8,1.6,27.6,20.0,35.2,20.0
2014_13_SEA_SF,SF,121.0,29,16,0,64.0,18,0,121.0,29,16,0,12,239.4,1.2,100.0,0.6,239.4,1.2,27.4,19.6,34.0,19.6
2014_14_SF_OAK,SF,174.0,33,18,1,97.0,18,0,174.0,33,18,1,13,203.4,0.8,100.4,0.6,203.4,0.8,27.4,17.4,30.6,17.4
2014_15_SF_SEA,SF,141.0,19,11,0,140.0,32,1,141.0,19,11,0,14,190.8,0.8,103.8,0.6,190.8,0.8,26.8,16.6,30.6,16.6
2014_16_SD_SF,SF,114.0,24,15,1,355.0,40,3,114.0,24,15,1,15,177.0,0.6,103.0,0.4,177.0,0.6,26.8,16.0,28.0,16.0
2014_17_ARI_SF,SF,204.0,26,15,2,206.0,33,0,204.0,26,15,2,16,161.2,0.6,144.4,1.0,161.2,0.6,27.4,16.0,26.8,16.0
2015_01_MIN_SF,SF,165.0,26,17,0,230.0,39,2,165.0,26,17,0,17,150.8,0.8,172.4,0.8,150.8,0.8,28.2,15.0,26.2,15.0
2015_02_SF_PIT,SF,335.0,46,33,2,111.0,31,0,335.0,46,33,2,18,159.6,0.8,205.6,1.2,159.6,0.8,32.4,15.2,25.6,15.2
2015_03_SF_ARI,SF,67.0,19,9,0,103.0,29,1,67.0,19,9,0,19,191.8,1.0,208.4,1.2,191.8,1.0,35.0,18.2,28.2,18.2
2015_04_GB_SF,SF,160.0,25,13,0,77.0,19,0,160.0,25,13,0,20,177.0,1.0,201.0,1.2,177.0,1.0,34.4,17.8,28.2,17.8
2015_05_SF_NYG,SF,262.0,35,23,2,124.0,27,1,262.0,35,23,2,21,186.2,0.8,145.4,0.6,186.2,0.8,30.2,17.4,28.4,17.4
2015_06_BAL_SF,SF,340.0,27,16,2,65.0,25,0,340.0,27,16,2,22,197.8,0.8,129.0,0.8,197.8,0.8,29.0,19.0,30.2,19.0
2015_07_SEA_SF,SF,124.0,24,13,0,61.0,15,0,124.0,24,13,0,23,232.8,1.2,96.0,0.4,232.8,1.2,26.2,18.8,30.4,18.8
2015_08_SF_STL,SF,162.0,41,20,0,38.0,21,0,162.0,41,20,0,24,190.6,0.8,86.0,0.4,190.6,0.8,23.0,14.8,26.0,14.8
2015_09_ATL_SF,SF,185.0,26,15,2,133.0,38,0,185.0,26,15,2,25,209.6,0.8,73.0,0.2,209.6,0.8,21.4,17.0,30.4,17.0
2015_11_SF_SEA,SF,264.0,33,22,1,59.0,16,0,264.0,34,22,1,26,214.6,1.2,84.2,0.2,214.6,1.2,25.2,17.4,30.6,17.4
2015_12_ARI_SF,SF,318.0,36,25,1,67.0,17,0,318.0,36,25,1,27,215.0,1.0,71.2,0.0,215.0,1.0,23.0,17.2,30.4,17.2
2015_13_SF_CHI,SF,196.0,32,18,1,121.0,23,2,196.0,32,18,1,28,210.6,0.8,71.6,0.0,210.6,0.8,21.4,19.0,32.2,19.0
2015_14_SF_CLE,SF,194.0,28,18,1,71.0,17,0,194.0,28,18,1,29,225.0,1.0,83.6,0.4,225.0,1.0,23.0,20.0,33.8,20.0
2015_15_CIN_SF,SF,295.0,50,30,1,55.0,17,1,295.0,50,30,1,30,231.4,1.2,90.2,0.4,231.4,1.2,22.2,19.6,31.2,19.6
2015_16_SF_DET,SF,225.0,33,22,2,121.0,23,0,225.0,33,22,2,31,253.4,1.0,74.6,0.6,253.4,1.0,18.0,22.6,36.0,22.6
2015_17_STL_SF,SF,354.0,44,28,1,108.0,33,0,354.0,44,28,1,32,245.6,1.2,87.0,0.6,245.6,1.2,19.4,22.6,35.8,22.6
2016_01_LA_SF,SF,170.0,35,22,1,150.0,42,3,170.0,35,22,1,33,252.8,1.2,95.2,0.6,252.8,1.2,22.6,23.2,37.4,23.2
2016_02_SF_CAR,SF,243.0,36,17,2,65.0,26,1,243.0,36,17,2,34,247.6,1.2,101.0,0.8,247.6,1.2,26.4,24.0,38.0,24.0
2016_03_SF_SEA,SF,119.0,25,14,0,135.0,31,2,119.0,25,14,0,35,257.4,1.4,99.8,1.0,257.4,1.4,28.2,23.8,39.6,23.8
2016_04_DAL_SF,SF,196.0,23,16,1,106.0,29,1,196.0,23,16,1,36,222.2,1.2,115.8,1.2,222.2,1.2,31.0,20.6,34.6,20.6
2016_05_ARI_SF,SF,162.0,31,18,1,151.0,36,2,162.0,31,18,1,37,216.4,1.0,112.8,1.4,216.4,1.0,32.2,19.4,32.6,19.4
2016_06_SF_BUF,SF,187.0,28,13,1,133.0,28,0,187.0,29,13,1,38,178.0,1.0,121.4,1.8,178.0,1.0,32.8,17.4,30.0,17.4
2016_07_TB_SF,SF,143.0,32,16,1,160.0,28,1,143.0,34,16,1,39,181.4,1.0,118.0,1.2,181.4,1.0,30.0,15.6,28.8,15.6
2016_09_NO_SF,SF,398.0,39,24,2,93.0,17,0,398.0,39,24,2,40,161.4,0.8,137.0,1.2,161.4,0.8,30.4,15.4,28.4,15.4
2016_10_SF_ARI,SF,210.0,30,17,1,83.0,28,1,210.0,30,17,1,41,217.2,1.2,128.6,0.8,217.2,1.2,27.6,17.4,31.2,17.4
2016_11_NE_SF,SF,206.0,30,16,2,122.0,27,0,206.0,30,16,2,42,220.0,1.2,124.0,0.8,220.0,1.2,27.4,17.6,32.6,17.6
2016_12_SF_MIA,SF,296.0,45,29,3,193.0,25,0,296.0,46,29,3,43,228.8,1.4,118.2,0.4,228.8,1.4,25.6,17.2,32.4,17.2
2016_13_SF_CHI,SF,39.0,15,5,0,141.0,34,0,39.0,15,5,0,44,250.6,1.8,130.2,0.4,250.6,1.8,25.0,20.4,35.8,20.4
2016_14_NYJ_SF,SF,133.0,26,15,1,248.0,27,1,133.0,26,15,1,45,229.8,1.6,126.4,0.2,229.8,1.6,26.2,18.2,32.0,18.2
2016_15_SF_ATL,SF,183.0,33,20,2,107.0,20,0,183.0,33,20,2,46,176.8,1.4,157.4,0.4,176.8,1.4,28.2,16.4,29.4,16.4
2016_16_SF_LA,SF,266.0,37,28,2,70.0,29,1,266.0,37,28,2,47,171.4,1.6,162.2,0.2,171.4,1.6,26.6,17.0,30.0,17.0
2016_17_SEA_SF,SF,215.0,22,17,1,62.0,31,2,215.0,22,17,1,48,183.4,1.6,151.8,0.4,183.4,1.6,27.0,19.4,31.4,19.4
2017_01_CAR_SF,SF,193.0,35,24,0,51.0,15,0,193.0,35,24,0,49,167.2,1.2,125.6,0.8,167.2,1.2,28.2,17.0,26.6,17.0
2017_02_SF_SEA,SF,99.0,26,15,0,159.0,19,0,99.0,27,15,0,50,198.0,1.2,107.6,0.8,198.0,1.2,24.4,20.8,30.6,20.8
2017_03_LA_SF,SF,332.0,37,23,2,113.0,33,3,332.0,37,23,2,51,191.2,1.0,89.8,0.6,191.2,1.0,22.8,20.8,30.8,20.8
2017_04_SF_ARI,SF,234.0,48,24,0,95.0,27,0,234.0,49,24,0,52,221.0,1.0,91.0,1.2,221.0,1.0,25.4,21.4,31.6,21.4
2017_05_SF_IND,SF,353.0,45,29,2,66.0,22,0,353.0,46,29,2,53,214.6,0.6,96.0,1.0,214.6,0.6,25.0,20.6,34.0,20.6
2017_06_SF_WAS,SF,279.0,47,23,1,85.0,20,2,279.0,47,23,1,54,242.2,0.8,96.8,0.6,242.2,0.8,23.2,23.0,38.8,23.0
2017_07_DAL_SF,SF,235.0,37,22,0,103.0,22,1,235.0,38,22,0,55,259.4,1.0,103.6,1.0,259.4,1.0,24.2,22.8,41.2,22.8
2017_08_SF_PHI,SF,167.0,36,17,1,94.0,24,0,167.0,36,17,1,56,286.6,1.0,92.4,1.2,286.6,1.0,24.8,24.2,43.4,24.2
2017_09_ARI_SF,SF,294.0,51,24,0,63.0,17,1,294.0,51,24,0,57,253.6,0.8,88.6,0.6,253.6,0.8,23.0,23.0,43.2,23.0
2017_10_NYG_SF,SF,288.0,25,19,2,186.0,33,2,288.0,25,19,2,58,265.6,0.8,82.2,0.8,265.6,0.8,21.0,23.0,43.6,23.0
2017_12_SEA_SF,SF,219.0,38,24,1,84.0,24,0,219.0,40,24,1,59,252.6,0.8,106.2,1.2,252.6,0.8,23.2,21.0,39.4,21.0
2017_13_SF_CHI,SF,293.0,37,26,0,110.0,34,0,293.0,37,26,0,60,240.6,0.8,106.0,0.8,240.6,0.8,24.0,21.2,38.0,21.2
2017_14_SF_HOU,SF,334.0,32,20,1,102.0,31,1,334.0,33,20,1,61,252.2,0.8,107.4,0.6,252.2,0.8,26.4,22.0,37.8,22.0
2017_15_TEN_SF,SF,381.0,42,31,1,51.0,22,0,381.0,43,31,1,62,285.6,0.8,109.0,0.8,285.6,0.8,27.8,22.6,37.2,22.6
2017_16_JAX_SF,SF,242.0,30,21,2,131.0,35,3,242.0,30,21,2,63,303.0,1.0,106.6,0.6,303.0,1.0,28.8,24.0,35.6,24.0
2017_17_SF_LA,SF,292.0,33,20,2,169.0,30,2,292.0,33,20,2,64,293.8,1.0,95.6,0.8,293.8,1.0,29.2,24.4,36.6,24.4
2018_01_SF_MIN,SF,261.0,32,15,1,90.0,25,0,261.0,33,15,1,65,308.4,1.2,112.6,1.2,308.4,1.2,30.4,23.6,35.2,23.6
2018_02_DET_SF,SF,206.0,25,18,2,190.0,28,1,206.0,26,18,2,66,302.0,1.4,108.6,1.2,302.0,1.4,28.6,21.4,34.4,21.4
2018_03_SF_KC,SF,251.0,30,20,2,178.0,29,1,251.0,30,20,2,67,276.4,1.6,126.2,1.2,276.4,1.6,28.0,21.0,33.0,21.0
2018_04_SF_LAC,SF,298.0,36,23,2,76.0,21,0,298.0,37,23,2,68,250.4,1.8,151.6,1.4,250.4,1.8,29.4,18.8,30.4,18.8
2018_05_ARI_SF,SF,349.0,54,34,2,147.0,34,1,349.0,54,34,2,69,261.6,1.8,140.6,0.8,261.6,1.8,26.6,19.2,31.8,19.2
2018_06_SF_GB,SF,245.0,23,16,2,174.0,30,1,245.0,23,16,2,70,273.0,1.8,136.2,0.6,273.0,1.8,27.4,22.0,36.0,22.0
2018_07_LA_SF,SF,170.0,27,15,1,107.0,24,0,170.0,27,15,1,71,269.8,2.0,153.0,0.8,269.8,2.0,28.4,22.2,34.0,22.2
2018_08_SF_ARI,SF,190.0,27,14,1,107.0,31,0,190.0,28,14,1,72,262.6,1.8,136.4,0.6,262.6,1.8,27.6,21.6,34.2,21.6
2018_09_OAK_SF,SF,262.0,22,16,3,143.0,32,1,262.0,22,16,3,73,250.4,1.6,122.2,0.4,250.4,1.6,28.0,20.4,33.8,20.4
2018_10_NYG_SF,SF,250.0,35,27,1,124.0,29,1,250.0,39,27,1,74,243.2,1.8,135.6,0.6,243.2,1.8,30.2,19.0,30.8,19.0
2018_12_SF_TB,SF,221.0,31,18,1,148.0,24,0,221.0,32,18,1,75,223.4,1.6,131.0,0.6,223.4,1.6,29.2,17.6,27.8,17.6
2018_13_SF_SEA,SF,414.0,42,30,2,66.0,23,0,414.0,48,30,2,76,218.6,1.4,125.8,0.4,218.6,1.4,28.0,18.0,29.6,18.0
2018_14_DEN_SF,SF,332.0,32,20,2,84.0,30,0,332.0,33,20,2,77,267.4,1.6,117.6,0.4,267.4,1.6,27.8,21.0,33.8,21.0
2018_15_SEA_SF,SF,275.0,29,20,1,94.0,26,0,275.0,29,20,1,78,295.8,1.8,113.0,0.4,295.8,1.8,27.6,22.2,34.8,22.2
2018_16_CHI_SF,SF,241.0,37,22,0,47.0,15,0,241.0,38,22,0,79,298.4,1.4,103.2,0.2,298.4,1.4,26.4,23.0,36.2,23.0
2018_17_SF_LA,SF,282.0,33,23,3,127.0,22,1,282.0,33,23,3,80,296.6,1.2,87.8,0.0,296.6,1.2,23.6,22.0,36.0,22.0
2019_01_SF_TB,SF,166.0,27,18,1,98.0,32,0,166.0,27,18,1,81,308.8,1.6,83.6,0.2,308.8,1.6,23.2,23.0,36.2,23.0
2019_02_SF_CIN,SF,312.0,26,18,3,259.0,42,2,312.0,26,18,3,82,259.2,1.4,90.0,0.2,259.2,1.4,25.0,20.6,32.0,20.6
2019_03_PIT_SF,SF,277.0,31,23,1,168.0,40,2,277.0,32,23,1,83,255.2,1.6,125.0,0.6,255.2,1.6,27.4,20.2,30.6,20.2
2019_05_CLE_SF,SF,181.0,28,20,2,275.0,40,2,181.0,29,20,2,84,255.6,1.6,139.8,1.0,255.6,1.6,30.2,20.8,31.2,20.8
2019_06_SF_LA,SF,243.0,31,24,0,99.0,41,2,243.0,33,24,0,85,243.6,2.0,185.4,1.4,243.6,2.0,35.2,20.4,29.4,20.4
2019_07_SF_WAS,SF,151.0,20,12,0,137.0,39,0,151.0,21,12,0,86,235.8,1.4,179.8,1.6,235.8,1.4,39.0,20.6,29.4,20.6
2019_08_CAR_SF,SF,175.0,22,18,2,232.0,38,5,175.0,22,18,2,87,232.8,1.2,187.6,1.6,232.8,1.2,40.4,19.4,28.2,19.4
2019_09_SF_ARI,SF,317.0,37,28,4,101.0,31,0,317.0,37,28,4,88,205.4,1.0,182.2,2.2,205.4,1.0,39.6,19.4,27.4,19.4
2019_10_SEA_SF,SF,248.0,44,24,1,87.0,27,0,248.0,46,24,1,89,213.4,1.6,168.8,1.8,213.4,1.6,37.8,20.4,28.4,20.4
2019_11_ARI_SF,SF,424.0,44,34,4,34.0,19,0,424.0,45,34,4,90,226.8,1.4,131.2,1.4,226.8,1.4,35.2,21.2,31.8,21.2
2019_12_GB_SF,SF,253.0,19,14,2,112.0,22,2,253.0,20,14,2,91,263.0,2.2,118.2,1.0,263.0,2.2,30.8,23.2,34.2,23.2
2019_13_SF_BAL,SF,165.0,21,15,1,174.0,29,1,165.0,21,15,1,92,283.4,2.6,113.2,1.4,283.4,2.6,27.4,23.6,34.0,23.6
2019_14_SF_NO,SF,384.0,35,27,5,162.0,24,1,384.0,36,27,5,93,281.4,2.4,101.6,0.6,281.4,2.4,25.6,23.0,33.8,23.0
2019_15_ATL_SF,SF,200.0,33,22,1,120.0,27,1,200.0,34,22,1,94,294.8,2.6,113.8,0.8,294.8,2.6,24.2,22.8,33.6,22.8
2019_16_LA_SF,SF,248.0,27,16,1,119.0,23,2,248.0,27,16,1,95,285.2,2.6,120.4,1.0,285.2,2.6,24.2,22.4,31.2,22.4
2019_17_SF_SEA,SF,285.0,22,18,0,128.0,24,3,285.0,22,18,0,96,250.0,2.0,137.4,1.4,250.0,2.0,25.0,18.8,27.6,18.8
2020_01_ARI_SF,SF,259.0,32,19,2,123.0,25,0,259.0,33,19,2,97,256.4,1.6,140.6,1.6,256.4,1.6,25.4,19.6,28.0,19.6
2020_02_SF_NYJ,SF,202.0,27,22,2,182.0,29,2,202.0,27,22,2,98,275.2,1.8,130.4,1.4,275.2,1.8,24.6,20.4,30.4,20.4
2020_03_SF_NYG,SF,343.0,35,25,1,93.0,35,3,343.0,36,25,1,99,238.8,1.2,134.4,1.6,238.8,1.2,25.6,19.4,28.6,19.4
2020_04_PHI_SF,SF,338.0,41,32,1,116.0,20,2,338.0,45,32,1,100,267.4,1.2,129.0,2.0,267.4,1.2,27.2,20.0,29.0,20.0
2020_05_MIA_SF,SF,171.0,35,16,1,131.0,19,1,171.0,35,16,1,101,285.4,1.2,128.4,2.0,285.4,1.2,26.6,23.2,32.6,23.2
2020_06_LA_SF,SF,268.0,32,23,3,122.0,37,0,268.0,33,23,3,102,262.6,1.4,129.0,1.6,262.6,1.4,25.6,22.8,35.2,22.8
2020_07_SF_NE,SF,277.0,25,20,0,197.0,37,4,277.0,25,20,0,103,264.4,1.6,128.8,1.6,264.4,1.6,28.0,23.6,35.2,23.6
2020_08_SF_SEA,SF,322.0,40,29,2,52.0,22,2,322.0,41,29,2,104,279.4,1.2,131.8,2.0,279.4,1.2,29.6,23.2,34.8,23.2
2020_09_GB_SF,SF,291.0,34,22,1,55.0,17,1,291.0,35,22,1,105,275.2,1.4,123.6,1.8,275.2,1.4,27.0,24.0,35.8,24.0
2020_10_SF_NO,SF,247.0,39,24,1,49.0,25,0,247.0,39,24,1,106,265.8,1.4,111.4,1.6,265.8,1.4,26.4,22.0,33.8,22.0
2020_12_SF_LA,SF,252.0,34,24,0,112.0,33,1,252.0,35,24,0,107,281.0,1.4,95.0,1.4,281.0,1.4,27.6,23.6,34.6,23.6
2020_13_BUF_SF,SF,316.0,39,26,3,86.0,21,0,316.0,39,26,3,108,277.8,0.8,93.0,1.6,277.8,0.8,26.8,23.8,35.0,23.8
2020_14_WAS_SF,SF,260.0,44,25,1,108.0,27,1,260.0,45,25,1,109,285.6,1.4,70.8,0.8,285.6,1.4,23.6,25.0,37.8,25.0
2020_15_SF_DAL,SF,319.0,41,26,3,150.0,36,1,319.0,43,26,3,110,273.2,1.2,82.0,0.6,273.2,1.2,24.6,24.2,38.6,24.2
2020_16_SF_ARI,SF,182.0,21,13,3,227.0,30,0,182.0,22,13,3,111,278.8,1.6,101.0,0.6,278.8,1.6,28.4,25.0,40.2,25.0
2020_17_SEA_SF,SF,273.0,35,25,1,86.0,24,1,273.0,37,25,1,112,265.8,2.0,136.6,0.6,265.8,2.0,29.4,22.8,36.8,22.8
2021_01_SF_DET,SF,319.0,23,18,2,131.0,28,2,319.0,26,18,2,113,270.0,2.2,131.4,0.6,270.0,2.2,27.6,23.0,37.2,23.0
2021_02_SF_PHI,SF,189.0,30,22,1,117.0,38,1,189.0,30,22,1,114,270.6,2.0,140.4,1.0,270.6,2.0,29.0,21.4,34.6,21.4
2021_03_GB_SF,SF,257.0,38,25,2,67.0,21,2,257.0,40,25,2,115,256.4,2.0,142.2,1.0,256.4,2.0,31.2,20.8,31.6,20.8
2021_04_SEA_SF,SF,322.0,39,23,3,143.0,29,0,322.0,41,23,3,116,244.0,1.8,125.6,1.2,244.0,1.8,28.2,20.6,31.0,20.6
2021_05_SF_ARI,SF,192.0,28,15,0,152.0,28,1,192.0,29,15,0,117,272.0,1.8,108.8,1.2,272.0,1.8,28.0,22.6,34.8,22.6
2021_07_IND_SF,SF,181.0,27,16,1,111.0,24,1,181.0,27,16,1,118,255.8,1.6,122.0,1.2,255.8,1.6,28.8,20.6,33.2,20.6
2021_08_SF_CHI,SF,322.0,27,17,0,145.0,26,3,322.0,28,17,0,119,228.2,1.4,118.0,1.0,228.2,1.4,28.0,20.2,33.4,20.2
2021_09_ARI_SF,SF,326.0,39,28,2,39.0,11,0,326.0,40,28,2,120,254.8,1.2,123.6,1.4,254.8,1.2,25.6,19.2,33.0,19.2
2021_10_LA_SF,SF,182.0,19,15,2,156.0,44,1,182.0,19,15,2,121,268.6,1.2,118.0,1.0,268.6,1.2,23.6,19.8,33.0,19.8
2021_11_SF_JAX,SF,176.0,20,16,2,171.0,42,1,176.0,22,16,2,122,240.6,1.0,120.6,1.2,240.6,1.0,26.6,18.2,28.6,18.2
2021_12_MIN_SF,SF,230.0,26,17,1,208.0,39,3,230.0,26,17,1,123,237.4,1.4,124.4,1.2,237.4,1.4,29.4,18.4,27.2,18.4
2021_13_SF_SEA,SF,299.0,30,20,2,71.0,25,1,299.0,30,20,2,124,247.2,1.4,143.8,1.6,247.2,1.4,32.4,18.6,27.0,18.6
2021_14_SF_CIN,SF,296.0,37,27,2,100.0,23,1,296.0,41,27,2,125,242.6,1.8,129.0,1.2,242.6,1.8,32.2,19.2,27.4,19.2
2021_15_ATL_SF,SF,235.0,24,18,1,162.0,32,3,235.0,24,18,1,126,236.6,1.8,141.2,1.4,236.6,1.8,34.6,19.0,27.6,19.0
2021_16_SF_TEN,SF,322.0,35,26,1,83.0,21,1,322.0,35,26,1,127,247.2,1.6,142.4,1.8,247.2,1.6,32.2,19.6,28.6,19.6
2021_17_HOU_SF,SF,249.0,23,16,2,175.0,37,0,249.0,23,16,2,128,276.4,1.4,124.8,1.8,276.4,1.4,28.0,21.6,31.2,21.6
2021_18_SF_LA,SF,340.0,32,24,2,135.0,31,1,340.0,33,24,2,129,280.2,1.6,118.2,1.2,280.2,1.6,27.6,21.4,30.6,21.4
2022_01_SF_CHI,SF,164.0,26,13,0,176.0,37,1,164.0,28,13,0,130,288.4,1.6,131.0,1.2,288.4,1.6,28.8,22.2,31.2,22.2
2022_02_SEA_SF,SF,184.0,24,15,1,189.0,45,2,184.0,24,15,1,131,262.0,1.2,146.2,1.2,262.0,1.2,31.6,19.4,28.6,19.4
2022_03_SF_DEN,SF,211.0,29,18,1,88.0,19,0,211.0,29,18,1,132,251.8,1.2,151.6,1.0,251.8,1.2,34.2,18.8,28.6,18.8
2022_04_LA_SF,SF,239.0,25,16,1,88.0,22,1,239.0,27,16,1,133,229.6,1.2,152.6,0.8,229.6,1.2,33.8,17.2,27.4,17.2
2022_05_SF_CAR,SF,253.0,30,18,2,153.0,29,2,253.0,30,18,2,134,227.6,1.0,135.2,1.0,227.6,1.0,30.8,17.2,28.2,17.2
2022_06_SF_ATL,SF,296.0,41,29,2,50.0,16,0,296.0,41,29,2,135,210.2,1.0,138.8,1.2,210.2,1.0,30.4,16.0,27.6,16.0
2022_07_KC_SF,SF,369.0,46,29,2,101.0,21,0,369.0,46,29,2,136,236.6,1.4,113.6,1.0,236.6,1.4,26.2,19.2,30.2,19.2
2022_08_SF_LA,SF,269.0,26,22,3,111.0,23,1,269.0,26,22,3,137,273.6,1.6,96.0,0.6,273.6,1.6,21.4,22.0,34.6,22.0
2022_10_LAC_SF,SF,240.0,28,19,0,157.0,41,2,240.0,28,19,0,138,285.2,2.0,100.6,0.8,285.2,2.0,22.2,22.8,34.0,22.8
2022_11_SF_ARI,SF,228.0,29,20,4,159.0,28,1,228.0,29,20,4,139,285.4,1.8,114.4,1.0,285.4,1.8,26.0,23.4,34.2,23.4
2022_12_NO_SF,SF,222.0,37,26,1,96.0,29,0,222.0,37,26,1,140,280.4,2.2,115.6,0.8,280.4,2.2,25.8,23.8,34.0,23.8
2022_13_MIA_SF,SF,266.0,40,27,2,121.0,34,0,266.0,41,27,2,141,265.6,2.0,124.8,0.8,265.6,2.0,28.4,23.2,33.2,23.2
2022_14_TB_SF,SF,195.0,22,17,2,209.0,36,3,195.0,23,17,2,142,245.0,2.0,128.8,0.8,245.0,2.0,31.0,22.8,32.2,22.8
2022_15_SF_SEA,SF,217.0,26,17,2,170.0,34,1,217.0,26,17,2,143,230.2,1.8,148.4,1.2,230.2,1.8,33.6,21.8,31.6,21.8
2022_16_WAS_SF,SF,234.0,21,15,2,153.0,26,2,234.0,22,15,2,144,225.6,2.2,151.0,1.0,225.6,2.2,32.2,21.4,31.2,21.4
2022_17_SF_LV,SF,284.0,34,22,2,170.0,27,2,284.0,35,22,2,145,226.8,1.8,149.8,1.2,226.8,1.8,31.8,20.4,29.8,20.4
2022_18_ARI_SF,SF,178.0,20,15,3,169.0,37,2,178.0,20,15,3,146,239.2,2.0,164.6,1.6,239.2,2.0,31.4,19.6,29.4,19.6
2023_01_SF_PIT,SF,220.0,28,19,2,188.0,34,1,220.0,29,19,2,147,221.6,2.2,174.2,2.0,221.6,2.2,32.0,17.2,25.2,17.2
2023_02_SF_LA,SF,206.0,24,17,0,159.0,28,3,206.0,25,17,0,148,226.6,2.2,170.0,1.6,226.6,2.2,31.6,17.6,26.4,17.6
2023_03_NYG_SF,SF,310.0,34,25,2,141.0,39,1,310.0,37,25,2,149,224.4,1.8,167.8,2.0,224.4,1.8,30.4,17.6,26.2,17.6
2023_04_ARI_SF,SF,283.0,21,20,1,124.0,31,4,283.0,21,20,1,150,239.6,1.8,165.4,1.8,239.6,1.8,33.0,19.6,29.2,19.6
2023_05_DAL_SF,SF,253.0,25,18,4,170.0,41,2,253.0,25,18,4,151,239.4,1.6,156.2,2.2,239.4,1.6,33.8,19.2,26.4,19.2
2023_06_SF_CLE,SF,125.0,24,12,1,108.0,25,1,125.0,27,12,1,152,254.4,1.8,156.4,2.2,254.4,1.8,34.6,19.8,27.4,19.8
2023_07_SF_MIN,SF,272.0,29,21,1,65.0,22,1,272.0,30,21,1,153,235.4,1.6,140.4,2.2,235.4,1.6,32.8,18.4,27.0,18.4
2023_08_CIN_SF,SF,365.0,30,22,1,113.0,23,1,365.0,31,22,1,154,248.6,1.8,121.6,1.8,248.6,1.8,31.6,19.2,28.0,19.2
2023_10_SF_JAX,SF,302.0,27,20,3,144.0,30,1,302.0,28,20,3,155,259.6,1.6,116.0,1.8,259.6,1.6,28.4,18.6,26.8,18.6
2023_11_TB_SF,SF,333.0,25,21,3,115.0,30,0,333.0,25,21,3,156,263.4,2.0,120.0,1.2,263.4,2.0,28.2,18.6,28.2,18.6
2023_12_SF_SEA,SF,209.0,30,21,1,169.0,33,3,209.0,31,21,1,157,279.4,1.8,109.0,0.8,279.4,1.8,26.0,19.2,28.2,19.2
2023_13_SF_PHI,SF,314.0,25,19,4,146.0,28,2,314.0,27,19,4,158,296.2,1.8,121.2,1.2,296.2,1.8,27.6,21.0,29.0,21.0
2023_14_SEA_SF,SF,368.0,27,19,2,173.0,23,2,368.0,27,19,2,159,304.6,2.4,137.4,1.4,304.6,2.4,28.8,20.6,28.4,20.6
2023_15_SF_ARI,SF,262.0,26,18,4,144.0,26,1,262.0,28,18,4,160,305.2,2.6,149.4,1.6,305.2,2.6,28.8,20.0,27.6,20.0
2023_16_BAL_SF,SF,336.0,44,26,1,121.0,18,1,336.0,46,26,1,161,297.2,2.8,149.4,1.6,297.2,2.8,28.0,19.6,27.6,19.6
2023_17_SF_WAS,SF,230.0,27,22,2,184.0,39,1,230.0,28,22,2,162,297.8,2.4,150.6,1.8,297.8,2.4,25.6,20.6,31.8,20.6
2023_18_LA_SF,SF,189.0,25,16,1,125.0,29,2,189.0,26,16,1,163,302.0,2.6,153.6,1.4,302.0,2.6,26.8,20.8,31.2,20.8
2024_01_NYJ_SF,SF,231.0,29,19,0,180.0,38,2,231.0,29,19,0,164,277.0,2.0,149.4,1.4,277.0,2.0,27.0,20.2,31.0,20.2
2024_02_SF_MIN,SF,319.0,36,28,1,102.0,25,1,319.0,36,28,1,165,249.6,1.6,150.8,1.4,249.6,1.6,30.0,20.2,31.4,20.2
2024_03_SF_LA,SF,293.0,30,22,3,137.0,34,0,292.0,30,22,3,166,261.0,1.0,142.4,1.4,261.0,1.0,29.8,22.2,33.0,22.2
2024_04_NE_SF,SF,288.0,26,15,1,148.0,32,1,288.0,27,15,1,167,252.2,1.4,145.6,1.2,252.4,1.4,33.0,21.4,29.8,21.4
2024_05_ARI_SF,SF,244.0,32,19,1,153.0,26,0,244.0,35,19,1,168,263.8,1.2,138.4,1.2,264.0,1.2,31.6,20.0,29.6,20.0
2024_06_SF_SEA,SF,255.0,27,18,3,228.0,33,1,255.0,28,18,3,169,274.8,1.2,144.0,0.8,275.0,1.2,31.0,20.6,31.4,20.6
2024_07_KC_SF,SF,212.0,31,17,0,101.0,24,2,212.0,31,17,0,170,279.6,1.8,153.6,0.6,279.8,1.8,30.0,20.4,31.2,20.4
2024_08_DAL_SF,SF,260.0,25,18,1,223.0,36,2,260.0,26,18,1,171,258.2,1.6,153.4,0.8,258.4,1.6,29.8,18.2,30.2,18.2
2024_10_SF_TB,SF,353.0,34,25,2,75.0,22,0,353.0,36,25,2,172,251.8,1.2,170.6,1.2,251.8,1.2,30.2,17.4,29.4,17.4
2024_11_SEA_SF,SF,159.0,28,21,1,131.0,27,1,159.0,28,21,1,173,264.8,1.4,156.0,1.0,264.8,1.4,28.2,19.4,31.2,19.4
2024_12_SF_GB,SF,199.0,26,17,1,44.0,16,0,199.0,29,17,1,174,247.8,1.4,151.6,1.2,247.8,1.4,28.4,19.8,29.8,19.8
2024_13_SF_BUF,SF,94.0,17,11,0,153.0,27,1,94.0,18,11,0,175,236.6,1.0,114.8,1.0,236.6,1.0,25.0,19.6,30.0,19.6
2024_14_CHI_SF,SF,325.0,26,20,2,131.0,34,3,325.0,26,20,2,176,213.0,1.0,125.2,0.8,213.0,1.0,25.6,18.4,27.4,18.4
2024_15_LA_SF,SF,142.0,31,14,0,63.0,19,0,142.0,31,14,0,177,226.0,1.2,106.8,1.0,226.0,1.2,25.2,18.8,27.4,18.8
2024_16_SF_MIA,SF,313.0,37,26,2,81.0,18,0,313.0,40,26,2,178,183.8,0.8,104.4,1.0,183.8,0.8,24.6,16.6,26.4,16.6
2024_17_DET_SF,SF,412.0,36,30,3,75.0,18,2,412.0,40,30,3,179,214.6,1.0,94.4,0.8,214.6,1.0,22.8,17.6,28.8,17.6
2024_18_SF_ARI,SF,326.0,42,29,2,138.0,28,1,326.0,43,29,2,180,257.2,1.4,100.6,1.2,257.2,1.4,23.2,20.2,31.0,20.2
2014_01_CAR_TB,TB,183.0,35,22,2,102.0,17,0,183.0,35,22,2,1,,,,,,,,,,
2014_02_STL_TB,TB,179.0,20,16,0,157.0,30,2,179.0,21,16,0,2,183.0,2.0,102.0,0.0,183.0,2.0,17.0,22.0,35.0,22.0
2014_03_TB_ATL,TB,179.0,35,22,1,64.0,18,0,179.0,36,22,1,3,181.0,1.0,129.5,1.0,181.0,1.0,23.5,19.0,28.0,19.0
2014_04_TB_PIT,TB,302.0,42,21,2,63.0,19,1,302.0,43,21,2,4,180.33333333333334,1.0,107.66666666666667,0.6666666666666666,180.33333333333334,1.0,21.666666666666668,20.0,30.666666666666668,20.0
2014_05_TB_NO,TB,249.0,32,19,2,66.0,21,1,249.0,32,19,2,5,210.75,1.25,96.5,0.75,210.75,1.25,21.0,20.25,33.75,20.25
2014_06_BAL_TB,TB,314.0,44,24,2,87.0,18,0,314.0,44,24,2,6,218.4,1.4,90.4,0.8,218.4,1.4,21.0,20.0,33.4,20.0
2014_08_MIN_TB,TB,171.0,28,19,1,66.0,23,0,171.0,28,19,1,7,244.6,1.4,87.4,0.8,244.6,1.4,21.2,20.4,35.2,20.4
2014_09_TB_CLE,TB,260.0,33,17,2,113.0,26,0,260.0,33,17,2,8,243.0,1.6,69.2,0.4,243.0,1.6,19.8,21.0,36.6,21.0
2014_10_ATL_TB,TB,301.0,41,27,2,92.0,23,0,301.0,43,27,2,9,259.2,1.8,79.0,0.4,259.2,1.8,21.4,20.0,36.0,20.0
2014_11_TB_WAS,TB,288.0,23,15,2,48.0,21,0,288.0,23,15,2,10,259.0,1.8,84.8,0.2,259.0,1.8,22.2,21.2,36.0,21.2
2014_12_TB_CHI,TB,341.0,48,25,1,66.0,22,0,341.0,48,25,1,11,266.8,1.8,81.2,0.0,266.8,1.8,22.2,20.4,34.2,20.4
2014_13_CIN_TB,TB,190.0,29,15,0,75.0,25,1,190.0,29,15,0,12,272.2,1.6,77.0,0.0,272.2,1.6,23.0,20.6,35.0,20.6
2014_14_TB_DET,TB,250.0,38,20,2,26.0,14,0,250.0,39,20,2,13,276.0,1.4,78.8,0.2,276.0,1.4,23.4,19.8,35.2,19.8
2014_15_TB_CAR,TB,154.0,28,13,1,151.0,23,1,154.0,28,13,1,14,274.0,1.4,61.4,0.2,274.0,1.4,21.0,20.4,36.4,20.4
2014_16_GB_TB,TB,147.0,26,12,0,16.0,14,0,147.0,26,12,0,15,244.6,1.2,73.2,0.4,244.6,1.2,21.0,17.6,33.4,17.6
2014_17_NO_TB,TB,115.0,21,14,1,183.0,39,1,115.0,23,14,1,16,216.4,0.8,66.8,0.4,216.4,0.8,19.6,17.0,34.0,17.0
2015_01_TEN_TB,TB,210.0,33,16,2,92.0,26,0,210.0,33,16,2,17,171.2,0.8,90.2,0.6,171.2,0.8,23.0,14.8,29.0,14.8
2015_02_TB_NO,TB,207.0,21,14,1,139.0,35,1,207.0,21,14,1,18,175.2,1.2,93.6,0.4,175.2,1.2,23.2,15.0,29.8,15.0
2015_03_TB_HOU,TB,261.0,34,17,1,57.0,20,0,261.0,36,17,1,19,166.6,1.0,116.2,0.6,166.6,1.0,27.4,13.8,26.2,13.8
2015_04_CAR_TB,TB,287.0,41,26,2,141.0,30,1,287.0,43,26,2,20,188.0,1.0,97.4,0.4,188.0,1.0,26.8,14.6,27.8,14.6
2015_05_JAX_TB,TB,209.0,18,13,1,183.0,40,2,209.0,19,13,1,21,216.0,1.4,122.4,0.6,216.0,1.4,30.0,17.4,31.2,17.4
2015_07_TB_WAS,TB,297.0,29,21,2,190.0,30,0,297.0,29,21,2,22,234.8,1.4,122.4,0.8,234.8,1.4,30.2,17.2,30.4,17.2
2015_08_TB_ATL,TB,177.0,29,16,1,117.0,32,1,177.0,29,16,1,23,252.2,1.4,142.0,0.8,252.2,1.4,31.0,18.2,29.6,18.2
2015_09_NYG_TB,TB,247.0,36,19,0,136.0,23,1,247.0,36,19,0,24,246.2,1.4,137.6,0.8,246.2,1.4,30.4,18.6,31.2,18.6
2015_10_DAL_TB,TB,264.0,38,22,0,84.0,26,1,264.0,39,22,0,25,243.4,1.2,153.4,1.0,243.4,1.2,31.0,19.0,31.2,19.0
2015_11_TB_PHI,TB,246.0,28,19,5,283.0,42,0,246.0,29,19,5,26,238.8,0.8,142.0,1.0,238.8,0.8,30.2,18.2,30.4,18.2
2015_12_TB_IND,TB,245.0,36,20,1,132.0,21,0,245.0,36,20,1,27,246.2,1.6,162.0,0.6,246.2,1.6,30.6,19.4,32.4,19.4
2015_13_ATL_TB,TB,227.0,27,18,1,166.0,37,2,227.0,27,18,1,28,235.8,1.4,150.4,0.6,235.8,1.4,28.8,19.2,33.8,19.2
2015_14_NO_TB,TB,182.0,31,18,1,115.0,19,1,182.0,32,18,1,29,245.8,1.4,160.2,0.8,245.8,1.4,29.8,19.6,33.4,19.6
2015_15_TB_STL,TB,363.0,49,29,2,146.0,27,0,363.0,50,29,2,30,232.8,1.6,156.0,0.8,232.8,1.6,29.0,19.4,32.6,19.4
2015_16_CHI_TB,TB,295.0,28,15,2,104.0,25,1,295.0,29,15,2,31,252.6,2.0,168.4,0.6,252.6,2.0,29.2,20.8,34.8,20.8
2015_17_TB_CAR,TB,325.0,47,29,0,77.0,22,1,325.0,47,29,0,32,262.4,1.4,132.6,0.8,262.4,1.4,25.8,20.0,34.8,20.0
2016_01_TB_ATL,TB,281.0,32,23,4,90.0,28,0,281.0,32,23,4,33,278.4,1.2,121.6,1.0,278.4,1.2,26.0,21.8,37.0,21.8
2016_02_TB_ARI,TB,243.0,51,27,1,85.0,21,0,243.0,52,27,1,34,289.2,1.8,106.4,0.6,289.2,1.8,24.2,22.8,38.0,22.8
2016_03_LA_TB,TB,405.0,57,36,3,83.0,22,1,405.0,58,36,3,35,301.4,1.8,100.4,0.4,301.4,1.8,24.6,24.6,42.0,24.6
2016_04_DEN_TB,TB,179.0,35,17,0,72.0,26,1,179.0,35,17,0,36,309.8,2.0,87.8,0.6,309.8,2.0,23.6,26.0,43.6,26.0
2016_05_TB_CAR,TB,219.0,30,18,1,113.0,37,0,219.0,30,18,1,37,286.6,1.6,81.4,0.6,286.6,1.6,23.8,26.4,44.8,26.4
2016_07_TB_SF,TB,269.0,29,21,3,249.0,41,1,269.0,30,21,3,38,265.4,1.8,88.6,0.4,265.4,1.8,26.8,24.2,41.4,24.2
2016_08_OAK_TB,TB,180.0,32,16,2,102.0,27,1,180.0,32,16,2,39,263.0,1.6,120.4,0.6,263.0,1.6,29.4,23.8,41.0,23.8
2016_09_ATL_TB,TB,336.0,48,33,4,70.0,20,0,336.0,48,33,4,40,250.4,1.8,123.8,0.8,250.4,1.8,30.6,21.6,37.0,21.6
2016_10_CHI_TB,TB,312.0,32,23,2,80.0,31,1,312.0,33,23,2,41,236.6,2.0,121.2,0.6,236.6,2.0,30.2,21.0,35.0,21.0
2016_11_TB_KC,TB,331.0,39,24,1,116.0,34,0,331.0,39,24,1,42,263.2,2.4,122.8,0.6,263.2,2.4,31.2,22.2,34.6,22.2
2016_12_SEA_TB,TB,220.0,28,21,2,118.0,35,0,220.0,28,21,2,43,285.6,2.4,123.4,0.6,285.6,2.4,30.6,23.4,36.4,23.4
2016_13_TB_SD,TB,280.0,30,20,1,81.0,30,1,280.0,30,20,1,44,275.8,2.2,97.2,0.4,275.8,2.2,29.4,23.4,36.0,23.4
2016_14_NO_TB,TB,184.0,26,16,0,104.0,35,1,184.0,26,16,0,45,295.8,2.0,93.0,0.4,295.8,2.0,30.0,24.2,35.6,24.2
2016_15_TB_DAL,TB,247.0,33,17,2,52.0,20,0,247.0,35,17,2,46,265.4,1.2,99.8,0.6,265.4,1.2,33.0,20.8,31.2,20.8
2016_16_TB_NO,TB,277.0,34,23,2,89.0,21,1,277.0,35,23,2,47,252.4,1.2,94.2,0.4,252.4,1.2,30.8,19.6,31.6,19.6
2016_17_CAR_TB,TB,202.0,35,20,1,112.0,25,0,202.0,35,20,1,48,241.6,1.4,88.8,0.6,241.6,1.4,28.2,19.4,30.8,19.4
2017_02_CHI_TB,TB,204.0,31,18,1,117.0,34,1,204.0,31,18,1,49,238.0,1.2,87.6,0.6,238.0,1.2,26.2,19.2,32.2,19.2
2017_03_TB_MIN,TB,328.0,40,28,2,26.0,9,0,328.0,40,28,2,50,222.8,1.2,94.8,0.6,222.8,1.2,27.0,18.8,32.4,18.8
2017_04_NYG_TB,TB,332.0,38,22,3,111.0,23,0,332.0,38,22,3,51,251.6,1.6,79.2,0.4,251.6,1.6,21.8,21.2,35.2,21.2
2017_05_NE_TB,TB,334.0,45,26,1,90.0,20,1,334.0,46,26,1,52,268.6,1.8,91.0,0.4,268.6,1.8,22.4,22.2,35.8,22.2
2017_06_TB_ARI,TB,351.0,42,27,3,70.0,20,1,351.0,42,27,3,53,280.0,1.6,91.2,0.4,280.0,1.6,22.2,22.8,38.0,22.8
2017_07_TB_BUF,TB,384.0,44,32,3,69.0,25,0,384.0,44,32,3,54,309.8,2.0,82.8,0.6,309.8,2.0,21.2,24.2,39.4,24.2
2017_08_CAR_TB,TB,210.0,36,21,0,85.0,22,0,210.0,38,21,0,55,345.8,2.4,73.2,0.4,345.8,2.4,19.4,27.0,42.0,27.0
2017_09_TB_NO,TB,135.0,27,15,1,87.0,25,0,135.0,28,15,1,56,322.2,2.0,85.0,0.4,322.2,2.0,22.0,25.6,41.6,25.6
2017_10_NYJ_TB,TB,187.0,34,17,1,90.0,31,0,187.0,34,17,1,57,282.8,1.6,80.2,0.4,282.8,1.6,22.4,24.2,39.6,24.2
2017_11_TB_MIA,TB,275.0,36,22,2,53.0,24,0,275.0,37,22,2,58,253.4,1.6,80.2,0.2,253.4,1.6,24.6,22.4,37.2,22.4
2017_12_TB_ATL,TB,283.0,44,27,0,94.0,23,2,283.0,44,27,0,59,238.2,1.4,76.8,0.0,238.2,1.4,25.4,21.4,36.2,21.4
2017_13_TB_GB,TB,270.0,32,21,2,165.0,35,0,270.0,32,21,2,60,218.0,0.8,81.8,0.4,218.0,0.8,25.0,20.4,36.2,20.4
2017_14_DET_TB,TB,285.0,37,26,2,133.0,28,1,285.0,38,26,2,61,230.0,1.2,97.8,0.4,230.0,1.2,27.6,20.4,35.0,20.4
2017_15_ATL_TB,TB,299.0,33,27,3,84.0,18,0,299.0,35,27,3,62,260.0,1.4,107.0,0.6,260.0,1.4,28.2,22.6,37.0,22.6
2017_16_TB_CAR,TB,367.0,27,21,1,66.0,24,0,367.0,27,21,1,63,282.4,1.8,105.8,0.6,282.4,1.8,25.6,24.6,37.2,24.6
2017_17_NO_TB,TB,363.0,50,28,1,110.0,28,2,363.0,51,28,1,64,300.8,1.6,108.4,0.6,300.8,1.6,25.6,24.4,35.2,24.4
2018_01_TB_NO,TB,417.0,28,21,4,112.0,34,1,417.0,28,21,4,65,316.8,1.8,111.6,0.6,316.8,1.8,26.6,24.6,36.6,24.6
2018_02_PHI_TB,TB,402.0,33,27,4,43.0,23,0,402.0,33,27,4,66,346.2,2.2,101.0,0.8,346.2,2.2,26.4,24.6,35.8,24.6
2018_03_PIT_TB,TB,411.0,50,30,3,63.0,16,0,411.0,50,30,3,67,369.6,2.6,83.0,0.6,369.6,2.6,25.4,24.8,34.8,24.8
2018_04_TB_CHI,TB,271.0,38,25,1,60.0,18,0,271.0,38,25,1,68,392.0,2.6,78.8,0.6,392.0,2.6,25.0,25.4,37.8,25.4
2018_06_TB_ATL,TB,395.0,40,30,4,121.0,20,0,395.0,41,30,4,69,372.8,2.6,77.6,0.6,372.8,2.6,23.8,26.2,40.0,26.2
2018_07_CLE_TB,TB,365.0,52,32,0,114.0,32,3,365.0,52,32,0,70,379.2,3.2,79.8,0.2,379.2,3.2,22.2,26.6,38.0,26.6
2018_08_TB_CIN,TB,470.0,50,29,3,126.0,27,1,470.0,50,29,3,71,368.8,2.4,80.2,0.6,368.8,2.4,21.8,28.8,42.8,28.8
2018_09_TB_CAR,TB,243.0,41,24,4,82.0,21,0,243.0,41,24,4,72,382.4,2.2,96.8,0.8,382.4,2.2,22.6,29.2,46.2,29.2
2018_10_WAS_TB,TB,406.0,41,29,0,103.0,24,0,406.0,41,29,0,73,348.8,2.4,100.6,0.8,348.8,2.4,23.6,28.0,44.4,28.0
2018_11_TB_NYG,TB,366.0,36,25,2,151.0,30,2,366.0,37,25,2,74,375.8,2.2,109.2,0.8,375.8,2.2,24.8,28.8,45.0,28.8
2018_12_SF_TB,TB,312.0,38,29,2,108.0,31,1,312.0,38,29,2,75,370.0,1.8,115.2,1.2,370.0,1.8,26.8,27.8,44.2,27.8
2018_13_CAR_TB,TB,249.0,30,20,2,95.0,25,1,249.0,30,20,2,76,359.4,2.2,114.0,0.8,359.4,2.2,26.6,27.2,41.4,27.2
2018_14_NO_TB,TB,213.0,37,18,2,105.0,23,0,213.0,38,18,2,77,315.2,2.0,107.8,0.8,315.2,2.0,26.2,25.4,37.4,25.4
2018_15_TB_BAL,TB,157.0,25,13,0,85.0,21,1,157.0,25,13,0,78,309.2,1.6,112.4,0.8,309.2,1.6,26.6,24.2,36.8,24.2
2018_16_TB_DAL,TB,336.0,48,34,1,63.0,24,1,336.0,48,34,1,79,259.4,1.6,108.8,1.0,259.4,1.6,26.0,21.0,33.6,21.0
2018_17_ATL_TB,TB,345.0,32,22,4,92.0,20,0,345.0,35,22,4,80,253.4,1.4,91.2,0.8,253.4,1.4,24.8,22.8,35.8,22.8
2019_01_SF_TB,TB,194.0,34,20,1,121.0,26,0,194.0,36,20,1,81,260.0,1.8,88.0,0.6,260.0,1.8,22.6,21.4,35.2,21.4
2019_02_TB_CAR,TB,208.0,25,16,1,100.0,31,1,208.0,25,16,1,82,249.0,1.6,93.2,0.4,249.0,1.6,22.8,21.4,36.4,21.4
2019_03_NYG_TB,TB,380.0,36,23,3,144.0,32,0,380.0,37,23,3,83,248.0,1.4,92.2,0.6,248.0,1.4,24.4,21.0,33.8,21.0
2019_04_TB_LA,TB,385.0,40,28,4,88.0,30,2,385.0,41,28,4,84,292.6,2.0,104.0,0.4,292.6,2.0,26.6,23.0,36.2,23.0
2019_05_TB_NO,TB,204.0,26,15,2,94.0,22,1,204.0,27,15,2,85,302.4,2.6,109.0,0.6,302.4,2.6,27.8,21.8,34.8,21.8
2019_06_CAR_TB,TB,400.0,52,30,1,42.0,14,2,400.0,54,30,1,86,274.2,2.2,109.4,0.8,274.2,2.2,28.2,20.4,33.2,20.4
2019_08_TB_TEN,TB,301.0,41,21,2,106.0,30,0,301.0,43,21,2,87,315.4,2.2,93.6,1.2,315.4,2.2,25.8,22.4,36.8,22.4
2019_09_TB_SEA,TB,335.0,43,29,2,99.0,26,2,335.0,44,29,2,88,334.0,2.4,94.8,1.0,334.0,2.4,25.6,23.4,40.4,23.4
2019_10_ARI_TB,TB,358.0,45,30,1,118.0,26,2,358.0,48,30,1,89,325.0,2.2,85.8,1.4,325.0,2.2,24.4,24.6,41.8,24.6
2019_11_NO_TB,TB,313.0,49,30,2,36.0,8,0,313.0,51,30,2,90,319.6,1.6,91.8,1.4,319.6,1.6,23.6,25.0,43.2,25.0
2019_12_TB_ATL,TB,313.0,27,18,3,133.0,34,1,313.0,28,18,3,91,341.4,1.6,80.2,1.2,341.4,1.6,20.8,28.0,48.0,28.0
2019_13_TB_JAX,TB,268.0,33,21,0,74.0,31,2,268.0,33,21,0,92,324.0,2.0,98.4,1.0,324.0,2.0,24.8,25.6,42.8,25.6
2019_14_IND_TB,TB,474.0,45,35,4,75.0,28,1,474.0,49,35,4,93,317.4,1.6,92.0,1.4,317.4,1.6,25.0,25.6,40.8,25.6
2019_15_TB_DET,TB,458.0,41,28,4,49.0,29,0,458.0,42,28,4,94,345.2,2.0,87.2,1.2,345.2,2.0,25.4,26.8,41.8,26.8
2019_16_HOU_TB,TB,335.0,47,25,1,106.0,21,1,335.0,48,25,1,95,365.2,2.6,73.4,0.8,365.2,2.6,26.0,26.4,40.6,26.4
2019_17_ATL_TB,TB,201.0,23,13,2,136.0,21,0,201.0,24,13,2,96,369.6,2.4,87.4,1.0,369.6,2.4,28.6,25.4,40.0,25.4
2020_01_TB_NO,TB,239.0,34,23,2,86.0,26,1,239.0,36,23,2,97,347.2,2.2,88.0,0.8,347.2,2.2,26.0,24.4,39.2,24.4
2020_02_CAR_TB,TB,217.0,35,23,1,122.0,22,3,217.0,35,23,1,98,341.4,2.6,90.4,0.6,341.4,2.6,25.0,24.8,39.8,24.8
2020_03_TB_DEN,TB,297.0,36,25,3,68.0,25,0,297.0,38,25,3,99,290.0,2.0,99.8,1.0,290.0,2.0,23.8,22.4,37.0,22.4
2020_04_LAC_TB,TB,369.0,45,30,5,115.0,27,0,369.0,46,30,5,100,257.8,1.8,103.6,1.0,257.8,1.8,23.0,21.8,36.2,21.8
2020_05_TB_CHI,TB,253.0,41,25,1,106.0,20,0,253.0,41,25,1,101,264.6,2.6,105.4,0.8,264.6,2.6,24.2,22.8,35.8,22.8
2020_06_GB_TB,TB,166.0,27,17,2,158.0,35,2,166.0,28,17,2,102,275.0,2.4,99.4,0.8,275.0,2.4,24.0,25.2,39.2,25.2
2020_07_TB_LV,TB,369.0,41,33,4,85.0,25,2,369.0,45,33,4,103,260.4,2.4,113.8,1.0,260.4,2.4,25.8,24.0,37.6,24.0
2020_08_TB_NYG,TB,279.0,40,28,2,81.0,24,0,279.0,40,28,2,104,290.8,3.0,106.4,0.8,290.8,3.0,26.4,26.0,39.6,26.0
2020_09_NO_TB,TB,209.0,37,22,0,8.0,5,0,209.0,38,22,0,105,287.2,2.8,109.0,0.8,287.2,2.8,26.2,26.6,40.0,26.6
2020_10_TB_CAR,TB,341.0,38,28,3,210.0,37,2,341.0,39,28,3,106,255.2,1.8,87.6,0.8,255.2,1.8,21.8,25.0,38.4,25.0
2020_11_LA_TB,TB,216.0,47,26,2,42.0,18,1,216.0,48,26,2,107,272.8,2.2,108.4,1.2,272.8,2.2,25.2,25.6,38.0,25.6
2020_12_KC_TB,TB,345.0,41,27,3,75.0,13,0,345.0,41,27,3,108,282.8,2.2,85.2,1.0,282.8,2.2,21.8,27.4,42.0,27.4
2020_14_MIN_TB,TB,196.0,22,15,2,107.0,26,1,196.0,23,15,2,109,278.0,2.0,83.2,0.6,278.0,2.0,19.4,26.2,41.2,26.2
2020_15_TB_ATL,TB,390.0,43,31,2,51.0,18,2,390.0,45,31,2,110,261.4,2.0,88.4,0.8,261.4,2.0,19.8,23.6,37.8,23.6
2020_16_TB_DET,TB,491.0,41,31,6,111.0,26,1,491.0,42,31,6,111,297.6,2.4,97.0,1.2,297.6,2.4,22.4,25.4,39.2,25.4
2020_17_ATL_TB,TB,399.0,38,26,4,94.0,22,1,399.0,41,26,4,112,327.6,3.0,77.2,1.0,327.6,3.0,20.2,26.0,39.8,26.0
2021_01_DAL_TB,TB,379.0,45,32,4,52.0,14,0,379.0,50,32,4,113,364.2,3.4,87.6,1.0,364.2,3.4,21.0,26.0,38.4,26.0
2021_02_ATL_TB,TB,276.0,35,24,5,82.0,21,0,276.0,36,24,5,114,371.0,3.6,83.0,1.0,371.0,3.6,21.2,27.0,40.2,27.0
2021_03_TB_LA,TB,432.0,54,41,1,35.0,13,2,432.0,55,41,1,115,387.0,4.2,78.0,0.8,387.0,4.2,20.2,28.8,42.8,28.8
2021_04_TB_NE,TB,269.0,43,22,0,120.0,30,1,269.0,43,22,0,116,395.4,4.0,74.8,0.8,395.4,4.0,19.2,30.8,44.8,30.8
2021_05_MIA_TB,TB,452.0,42,33,5,121.0,25,1,452.0,44,33,5,117,351.0,2.8,76.6,0.8,351.0,2.8,20.0,29.0,45.0,29.0
2021_06_TB_PHI,TB,297.0,42,34,2,102.0,31,2,297.0,42,34,2,118,361.6,3.0,82.0,0.8,361.6,3.0,20.6,30.4,45.6,30.4
2021_07_CHI_TB,TB,226.0,39,22,4,182.0,31,1,226.0,39,22,4,119,345.2,2.6,92.0,1.2,345.2,2.6,24.0,30.8,44.0,30.8
2021_08_TB_NO,TB,375.0,41,28,4,71.0,14,0,375.0,41,28,4,120,335.2,2.4,112.0,1.4,335.2,2.4,26.0,30.4,44.6,30.4
2021_10_TB_WAS,TB,220.0,33,23,2,53.0,13,0,220.0,34,23,2,121,323.8,3.0,119.2,1.0,323.8,3.0,26.2,27.8,41.8,27.8
2021_11_NYG_TB,TB,318.0,47,32,2,94.0,27,1,318.0,48,32,2,122,314.0,3.4,105.8,0.8,314.0,3.4,22.8,28.0,40.0,28.0
2021_12_TB_IND,TB,226.0,34,25,1,142.0,27,4,226.0,34,25,1,123,287.2,2.8,100.4,0.8,287.2,2.8,23.2,27.8,40.8,27.8
2021_13_TB_ATL,TB,368.0,51,38,4,57.0,17,0,368.0,51,38,4,124,273.0,2.6,108.4,1.2,273.0,2.6,22.4,26.0,39.2,26.0
2021_14_BUF_TB,TB,363.0,46,31,2,137.0,29,2,363.0,46,31,2,125,301.4,2.6,83.4,1.0,301.4,2.6,19.6,29.2,41.6,29.2
2021_15_NO_TB,TB,214.0,48,26,0,118.0,21,0,214.0,48,26,0,126,299.0,2.2,96.6,1.4,299.0,2.2,22.6,29.8,42.6,29.8
2021_16_TB_CAR,TB,232.0,29,18,1,159.0,31,2,232.0,31,18,1,127,297.8,1.8,109.6,1.4,297.8,1.8,24.2,30.4,45.4,30.4
2021_17_TB_NYJ,TB,410.0,49,34,3,62.0,21,0,410.0,50,34,3,128,280.6,1.6,122.6,1.6,280.6,1.6,25.0,27.6,42.0,27.6
2021_18_CAR_TB,TB,326.0,38,29,3,85.0,20,2,326.0,39,29,3,129,317.4,2.0,106.6,0.8,317.4,2.0,23.8,29.4,45.2,29.4
2022_01_TB_DAL,TB,212.0,27,18,1,152.0,33,0,212.0,27,18,1,130,309.0,1.8,112.2,1.2,309.0,1.8,24.4,27.6,42.8,27.6
2022_02_TB_NO,TB,190.0,33,18,1,72.0,30,0,190.0,34,18,1,131,278.8,1.6,115.2,0.8,278.8,1.6,25.2,25.0,39.0,25.0
2022_03_GB_TB,TB,271.0,40,31,1,34.0,14,0,271.0,42,31,1,132,274.0,1.8,106.0,0.8,274.0,1.8,27.0,23.4,36.2,23.4
2022_04_KC_TB,TB,385.0,52,39,3,3.0,6,1,385.0,52,39,3,133,281.8,1.8,81.0,0.4,281.8,1.8,23.6,26.0,38.4,26.0
2022_05_ATL_TB,TB,351.0,50,35,1,69.0,23,1,351.0,52,35,1,134,276.8,1.8,69.2,0.6,276.8,1.8,20.6,27.0,38.8,27.0
2022_06_TB_PIT,TB,243.0,37,25,1,75.0,26,0,243.0,40,25,1,135,281.8,1.4,66.0,0.4,281.8,1.4,21.2,28.2,41.4,28.2
2022_07_TB_CAR,TB,290.0,48,32,0,46.0,16,0,290.0,49,32,0,136,288.0,1.4,50.6,0.4,288.0,1.4,19.8,29.6,44.0,29.6
2022_08_BAL_TB,TB,325.0,42,26,1,44.0,15,1,325.0,44,26,1,137,308.0,1.2,45.4,0.4,308.0,1.2,17.0,32.4,47.0,32.4
2022_09_LA_TB,TB,280.0,55,36,1,51.0,20,0,280.0,58,36,1,138,318.8,1.2,47.4,0.6,318.8,1.2,17.2,31.4,47.4,31.4
2022_10_SEA_TB,TB,258.0,29,22,2,161.0,44,1,258.0,30,22,2,139,297.8,0.8,57.0,0.4,297.8,0.8,20.0,30.8,48.6,30.8
2022_12_TB_CLE,TB,246.0,42,29,2,96.0,20,0,246.0,43,29,2,140,279.2,1.0,75.4,0.4,279.2,1.0,24.2,28.2,44.2,28.2
2022_13_NO_TB,TB,281.0,53,36,2,76.0,20,0,281.0,54,36,2,141,279.8,1.2,79.6,0.4,279.8,1.2,23.0,29.0,44.8,29.0
2022_14_TB_SF,TB,253.0,51,34,1,69.0,19,0,253.0,55,34,1,142,278.0,1.6,85.6,0.4,278.0,1.6,23.8,29.8,45.8,29.8
2022_15_CIN_TB,TB,312.0,42,30,3,92.0,25,0,312.0,44,30,3,143,263.6,1.6,90.6,0.2,263.6,1.6,24.6,31.4,48.0,31.4
2022_16_TB_ARI,TB,281.0,48,32,1,115.0,30,0,281.0,48,32,1,144,270.0,2.0,98.8,0.2,270.0,2.0,25.6,30.2,45.2,30.2
2022_17_CAR_TB,TB,432.0,42,34,3,67.0,25,1,432.0,45,34,3,145,274.6,1.8,89.6,0.0,274.6,1.8,22.8,32.2,48.8,32.2
2022_18_TB_ATL,TB,136.0,33,22,2,86.0,20,0,136.0,34,22,2,146,311.8,2.0,83.8,0.2,311.8,2.0,23.8,33.2,49.2,33.2
2023_01_TB_MIN,TB,173.0,32,21,2,73.0,33,0,173.0,34,21,2,147,282.8,2.0,85.8,0.2,282.8,2.0,23.8,30.4,45.2,30.4
2023_02_CHI_TB,TB,317.0,32,26,1,120.0,34,1,317.0,34,26,1,148,266.8,2.2,86.6,0.2,266.8,2.2,26.6,27.8,41.0,27.8
2023_03_PHI_TB,TB,146.0,25,15,1,41.0,17,0,146.0,25,15,1,149,267.8,1.8,92.2,0.4,267.8,1.8,28.4,27.0,39.0,27.0
2023_04_TB_NO,TB,246.0,30,25,3,114.0,33,0,246.0,33,25,3,150,240.8,1.8,77.4,0.4,240.8,1.8,25.8,23.6,34.4,23.6
2023_06_DET_TB,TB,206.0,37,19,0,46.0,16,0,206.0,37,19,0,151,203.6,1.8,86.8,0.2,203.6,1.8,27.4,21.8,32.0,21.8
2023_07_ATL_TB,TB,275.0,41,27,1,73.0,20,0,275.0,42,27,1,152,217.6,1.4,78.8,0.2,217.6,1.4,26.6,21.2,32.6,21.2
2023_08_TB_BUF,TB,237.0,39,25,2,78.0,17,0,237.0,42,25,2,153,238.0,1.2,78.8,0.2,238.0,1.2,24.0,22.4,34.2,22.4
2023_09_TB_HOU,TB,268.0,30,21,2,81.0,31,2,265.0,30,21,2,154,222.0,1.4,70.4,0.0,222.0,1.4,20.6,22.2,35.8,22.2
2023_10_TEN_TB,TB,278.0,29,18,2,77.0,29,0,278.0,29,18,2,155,245.8,1.6,78.4,0.4,246.4,1.6,23.4,23.4,36.8,23.4
2023_11_TB_SF,TB,246.0,43,29,1,66.0,18,1,246.0,45,29,1,156,252.2,1.4,71.0,0.4,252.8,1.4,22.6,22.0,36.0,22.0
2023_12_TB_IND,TB,199.0,30,20,2,125.0,19,0,199.0,31,20,2,157,260.2,1.6,75.0,0.6,260.8,1.6,23.0,24.0,37.6,24.0
2023_13_CAR_TB,TB,202.0,27,14,1,128.0,28,2,202.0,29,14,1,158,245.0,1.8,85.4,0.6,245.6,1.8,22.8,22.6,35.4,22.6
2023_14_TB_ATL,TB,144.0,29,14,2,148.0,37,1,144.0,29,14,2,159,238.0,1.6,95.4,1.0,238.6,1.6,25.0,20.4,32.8,20.4
2023_15_TB_GB,TB,381.0,27,22,4,99.0,27,0,381.0,28,22,4,160,213.8,1.6,108.8,0.8,213.8,1.6,26.2,19.0,32.6,19.0
2023_16_JAX_TB,TB,283.0,35,26,2,70.0,36,1,283.0,35,26,2,161,234.4,2.0,113.2,0.8,234.4,2.0,25.8,19.8,32.4,19.8
2023_17_NO_TB,TB,309.0,33,22,2,57.0,15,0,309.0,33,22,2,162,241.8,2.2,114.0,0.8,241.8,2.2,29.4,19.2,30.4,19.2
2023_18_TB_CAR,TB,137.0,31,20,0,113.0,29,0,137.0,32,20,0,163,263.8,2.2,100.4,0.8,263.8,2.2,28.6,19.6,30.8,19.6
2024_01_WAS_TB,TB,289.0,30,24,4,112.0,30,0,289.0,30,24,4,164,250.8,2.0,97.4,0.4,250.8,2.0,28.8,20.8,31.4,20.8
2024_02_TB_DET,TB,185.0,19,12,1,70.0,23,1,185.0,19,12,1,165,279.8,2.4,90.2,0.2,279.8,2.4,27.4,22.8,31.6,22.8
2024_03_DEN_TB,TB,163.0,32,25,1,91.0,16,0,163.0,33,25,1,166,240.6,1.8,84.4,0.4,240.6,1.8,26.6,20.8,29.8,20.8
2024_04_PHI_TB,TB,347.0,47,30,2,111.0,25,2,347.0,47,30,2,167,216.6,1.6,88.6,0.2,216.6,1.6,22.6,20.6,29.4,20.6
2024_05_TB_ATL,TB,180.0,24,19,3,160.0,26,0,180.0,24,19,3,168,224.2,1.6,99.4,0.6,224.2,1.6,24.6,22.2,32.2,22.2
2024_06_TB_NO,TB,316.0,36,24,4,277.0,35,2,325.0,36,24,4,169,232.8,2.2,108.8,0.6,232.8,2.2,24.0,22.0,30.6,22.0
2024_07_BAL_TB,TB,370.0,45,31,3,125.0,30,1,370.0,45,31,3,170,240.0,2.2,141.8,1.0,238.2,2.2,25.0,22.0,31.8,22.0
2024_08_ATL_TB,TB,330.0,46,37,3,102.0,22,0,330.0,50,37,3,171,277.0,2.6,152.8,1.0,275.2,2.6,26.4,25.8,37.0,25.8
2024_09_TB_KC,TB,200.0,31,23,2,95.0,19,1,200.0,31,23,2,172,310.4,3.0,155.0,1.0,308.6,3.0,27.6,28.2,40.4,28.2
2024_10_SF_TB,TB,116.0,29,18,1,110.0,27,1,116.0,29,18,1,173,281.0,3.0,151.8,0.8,279.2,3.0,26.4,26.8,37.2,26.8
2024_12_TB_NYG,TB,294.0,30,24,0,157.0,32,4,294.0,30,24,0,174,268.2,2.6,141.8,1.0,266.4,2.6,26.6,26.6,38.2,26.6
2024_13_TB_CAR,TB,240.0,34,22,1,236.0,39,1,240.0,34,22,1,175,262.0,1.8,117.8,1.4,262.0,1.8,26.0,26.6,37.0,26.6
2024_14_LV_TB,TB,295.0,28,18,3,152.0,26,1,295.0,29,18,3,176,236.0,1.4,140.0,1.4,236.0,1.4,27.8,24.8,34.8,24.8
2024_15_TB_LAC,TB,288.0,26,22,4,223.0,39,0,288.0,27,22,4,177,229.0,1.4,150.0,1.6,229.0,1.4,28.6,21.0,30.6,21.0
2024_16_TB_DAL,TB,303.0,43,31,2,134.0,23,1,303.0,43,31,2,178,246.6,1.8,175.6,1.4,246.6,1.8,32.6,20.8,29.8,20.8
2024_17_CAR_TB,TB,359.0,32,27,5,202.0,40,0,359.0,32,27,5,179,284.0,2.0,180.4,1.4,284.0,2.0,31.8,23.4,32.6,23.4
2024_18_NO_TB,TB,221.0,31,21,2,179.0,31,1,221.0,32,21,2,180,297.0,3.0,189.4,0.6,297.0,3.0,33.4,24.0,33.0,24.0
2014_01_TEN_KC,TEN,266.0,32,22,2,162.0,38,0,266.0,33,22,2,1,,,,,,,,,,
2014_02_DAL_TEN,TEN,234.0,34,18,1,82.0,13,0,234.0,34,18,1,2,266.0,2.0,162.0,0.0,266.0,2.0,38.0,22.0,33.0,22.0
2014_03_TEN_CIN,TEN,185.0,33,17,0,149.0,28,1,185.0,34,17,0,3,250.0,1.5,122.0,0.0,250.0,1.5,25.5,20.0,33.5,20.0
2014_04_TEN_IND,TEN,194.0,27,14,1,85.0,16,1,194.0,28,14,1,4,228.33333333333334,1.0,131.0,0.3333333333333333,228.33333333333334,1.0,26.333333333333332,19.0,33.666666666666664,19.0
2014_05_CLE_TEN,TEN,273.0,32,21,3,149.0,30,1,273.0,32,21,3,5,219.75,1.0,119.5,0.5,219.75,1.0,23.75,17.75,32.25,17.75
2014_06_JAX_TEN,TEN,233.0,27,17,0,70.0,24,1,233.0,28,17,0,6,230.4,1.4,125.4,0.6,230.4,1.4,25.0,18.4,32.2,18.4
2014_07_TEN_WAS,TEN,160.0,26,17,2,76.0,22,0,160.0,26,17,2,7,223.8,1.0,107.0,0.8,223.8,1.0,22.2,17.4,31.2,17.4
2014_08_HOU_TEN,TEN,299.0,41,27,2,36.0,13,0,299.0,41,27,2,8,209.0,1.2,105.8,0.8,209.0,1.2,24.0,17.2,29.6,17.2
2014_10_TEN_BAL,TEN,179.0,27,16,1,67.0,22,0,179.0,27,16,1,9,231.8,1.6,83.2,0.6,231.8,1.6,21.0,19.2,31.0,19.2
2014_11_PIT_TEN,TEN,263.0,24,15,2,49.0,15,1,263.0,24,15,2,10,228.8,1.6,79.6,0.4,228.8,1.6,22.2,19.6,30.8,19.6
2014_12_TEN_PHI,TEN,345.0,38,20,2,52.0,19,1,345.0,39,20,2,11,226.8,1.4,59.6,0.4,226.8,1.4,19.2,18.4,29.2,18.4
2014_13_TEN_HOU,TEN,275.0,31,19,2,83.0,22,0,275.0,31,19,2,12,249.2,1.8,56.0,0.4,249.2,1.8,18.2,19.0,31.4,19.0
2014_14_NYG_TEN,TEN,206.0,35,23,0,61.0,14,0,206.0,35,23,0,13,272.2,1.8,57.4,0.4,272.2,1.8,18.2,19.4,32.4,19.4
2014_15_NYJ_TEN,TEN,250.0,34,16,0,89.0,28,0,260.0,35,16,0,14,253.6,1.4,62.4,0.4,253.6,1.4,18.4,18.6,31.2,18.6
2014_16_TEN_JAX,TEN,287.0,34,24,1,95.0,28,0,287.0,35,24,1,15,269.8,1.2,66.8,0.4,267.8,1.2,19.6,18.6,32.8,18.6
2014_17_IND_TEN,TEN,79.0,30,13,1,142.0,24,0,79.0,31,13,1,16,274.6,1.0,76.0,0.2,272.6,1.0,22.2,20.4,35.0,20.4
2015_01_TEN_TB,TEN,209.0,15,13,4,124.0,32,1,209.0,15,13,4,17,221.4,0.8,94.0,0.0,219.4,0.8,23.2,19.0,33.4,19.0
2015_02_TEN_CLE,TEN,257.0,37,21,2,166.0,30,0,257.0,37,21,2,18,208.2,1.2,102.2,0.2,206.2,1.2,25.2,17.8,30.2,17.8
2015_03_IND_TEN,TEN,367.0,43,27,2,88.0,27,2,367.0,44,27,2,19,218.4,1.6,123.2,0.2,216.4,1.6,28.4,17.4,30.6,17.4
2015_05_BUF_TEN,TEN,187.0,32,21,0,97.0,28,1,187.0,32,21,0,20,239.8,2.0,123.0,0.6,239.8,2.0,28.2,19.6,32.4,19.6
2015_06_MIA_TEN,TEN,282.0,40,26,1,63.0,18,0,282.0,41,26,1,21,219.8,1.8,123.4,0.8,219.8,1.8,28.2,19.0,31.8,19.0
2015_07_ATL_TEN,TEN,187.0,35,22,1,77.0,16,0,187.0,35,22,1,22,260.4,1.8,107.6,0.8,260.4,1.8,27.0,21.6,33.8,21.6
2015_08_TEN_HOU,TEN,171.0,31,22,0,86.0,20,0,171.0,31,22,0,23,256.0,1.2,98.2,0.6,256.0,1.2,23.8,23.4,37.8,23.4
2015_09_TEN_NO,TEN,371.0,39,28,4,112.0,28,0,371.0,39,28,4,24,238.8,0.8,82.2,0.6,238.8,0.8,21.8,23.6,36.6,23.6
2015_10_CAR_TEN,TEN,185.0,24,16,0,64.0,21,1,185.0,24,16,0,25,239.6,1.2,87.0,0.2,239.6,1.2,22.0,23.8,35.6,23.8
2015_11_TEN_JAX,TEN,231.0,33,22,0,104.0,26,1,231.0,35,22,0,26,239.2,1.2,80.4,0.2,239.2,1.2,20.6,22.8,34.0,22.8
2015_12_OAK_TEN,TEN,218.0,36,17,3,44.0,18,0,218.0,37,17,3,27,229.0,1.0,88.6,0.4,229.0,1.0,22.2,22.0,32.8,22.0
2015_13_JAX_TEN,TEN,268.0,29,20,3,210.0,35,2,268.0,29,20,3,28,235.2,1.4,82.0,0.4,235.2,1.4,22.6,21.0,33.2,21.0
2015_14_TEN_NYJ,TEN,315.0,40,22,1,24.0,13,0,315.0,40,22,1,29,254.6,2.0,106.8,0.8,254.6,2.0,25.6,20.6,32.8,20.6
2015_15_TEN_NE,TEN,274.0,33,23,2,59.0,21,0,274.0,34,23,2,30,243.4,1.4,89.2,0.8,243.4,1.4,22.6,19.4,33.0,19.4
2015_16_HOU_TEN,TEN,234.0,51,27,1,30.0,11,0,234.0,51,27,1,31,261.2,1.8,88.2,0.6,261.2,1.8,22.6,20.8,35.0,20.8
2015_17_TEN_IND,TEN,137.0,25,15,1,137.0,27,2,137.0,27,15,1,32,261.8,2.0,73.4,0.4,261.8,2.0,19.6,21.8,38.2,21.8
2016_01_MIN_TEN,TEN,271.0,41,25,2,64.0,22,0,271.0,41,25,2,33,245.6,1.6,92.0,0.8,245.6,1.6,21.4,21.4,36.2,21.4
2016_02_TEN_DET,TEN,238.0,33,25,2,139.0,24,0,238.0,33,25,2,34,246.2,1.4,62.8,0.4,246.2,1.4,18.8,22.4,38.6,22.4
2016_03_OAK_TEN,TEN,214.0,33,17,0,181.0,29,1,214.0,33,17,0,35,230.8,1.6,85.8,0.4,230.8,1.6,21.0,23.0,37.2,23.0
2016_04_TEN_HOU,TEN,202.0,28,13,0,124.0,32,2,202.0,29,13,0,36,218.8,1.2,110.2,0.6,218.8,1.2,22.6,21.8,37.0,21.8
2016_05_TEN_MIA,TEN,163.0,28,20,3,235.0,41,1,163.0,29,20,3,37,212.4,1.0,129.0,1.0,212.4,1.0,26.8,19.0,32.6,19.0
2016_06_CLE_TEN,TEN,284.0,24,17,3,137.0,31,1,284.0,24,17,3,38,217.6,1.4,148.6,0.8,217.6,1.4,29.6,20.0,33.0,20.0
2016_07_IND_TEN,TEN,232.0,36,22,2,124.0,28,1,232.0,37,22,2,39,220.2,1.6,163.2,1.0,220.2,1.6,31.4,18.4,29.6,18.4
2016_08_JAX_TEN,TEN,280.0,23,19,2,214.0,43,2,280.0,23,19,2,40,219.0,1.6,160.2,1.2,219.0,1.6,32.2,17.8,30.4,17.8
2016_09_TEN_SD,TEN,313.0,42,27,3,80.0,19,2,313.0,43,27,3,41,232.2,2.0,166.8,1.4,232.2,2.0,35.0,18.2,28.4,18.2
2016_10_GB_TEN,TEN,305.0,27,20,5,154.0,31,1,305.0,27,20,5,42,254.4,2.6,158.0,1.4,254.4,2.6,32.4,21.0,31.2,21.0
2016_11_TEN_IND,TEN,290.0,36,25,2,97.0,27,0,290.0,38,25,2,43,282.8,3.0,141.8,1.4,282.8,3.0,30.4,21.0,30.8,21.0
2016_12_TEN_CHI,TEN,226.0,23,15,2,149.0,29,1,226.0,23,15,2,44,284.0,2.8,133.8,1.2,284.0,2.8,29.6,22.6,33.6,22.6
2016_14_DEN_TEN,TEN,88.0,20,6,0,180.0,42,1,88.0,21,6,0,45,282.8,2.8,138.8,1.2,282.8,2.8,29.8,21.2,30.8,21.2
2016_15_TEN_KC,TEN,241.0,29,19,0,148.0,29,2,241.0,33,19,0,46,244.4,2.4,132.0,1.0,244.4,2.4,29.6,18.6,30.4,18.6
2016_16_TEN_JAX,TEN,223.0,42,21,2,58.0,20,0,223.0,44,21,2,47,230.0,1.8,145.6,1.0,230.0,1.8,31.6,17.0,28.4,17.0
2016_17_HOU_TEN,TEN,150.0,25,16,1,103.0,29,1,150.0,26,16,1,48,213.6,1.2,126.4,0.8,213.6,1.2,29.4,17.2,31.8,17.2
2017_01_OAK_TEN,TEN,256.0,41,25,0,95.0,21,1,256.0,41,25,0,49,185.6,1.0,127.6,1.0,185.6,1.0,29.8,15.4,29.4,15.4
2017_02_TEN_JAX,TEN,215.0,23,15,1,179.0,36,3,215.0,27,15,1,50,191.6,0.6,116.8,1.0,191.6,0.6,28.2,17.4,33.0,17.4
2017_03_SEA_TEN,TEN,225.0,31,20,2,195.0,35,1,225.0,32,20,2,51,217.0,0.8,116.6,1.4,217.0,0.8,27.0,19.2,34.2,19.2
2017_04_TEN_HOU,TEN,117.0,20,10,0,86.0,19,2,117.0,20,10,0,52,213.8,1.2,126.0,1.2,213.8,1.2,28.2,19.4,34.0,19.4
2017_05_TEN_MIA,TEN,141.0,31,21,1,69.0,20,0,141.0,32,21,1,53,192.6,0.8,131.6,1.6,192.6,0.8,28.0,17.2,29.2,17.2
2017_06_IND_TEN,TEN,306.0,32,23,1,168.0,34,2,306.0,32,23,1,54,190.8,0.8,124.8,1.4,190.8,0.8,26.2,18.2,30.4,18.2
2017_07_TEN_CLE,TEN,203.0,34,21,0,80.0,32,0,203.0,34,21,0,55,200.8,1.0,139.4,1.6,200.8,1.0,28.8,17.8,28.6,17.8
2017_09_BAL_TEN,TEN,218.0,28,19,2,71.0,21,1,218.0,28,19,2,56,198.4,0.8,119.6,1.0,198.4,0.8,28.0,19.0,30.0,19.0
2017_10_CIN_TEN,TEN,264.0,44,25,1,180.0,36,2,264.0,44,25,1,57,197.0,0.8,94.8,1.0,197.0,0.8,25.2,18.8,29.2,18.8
2017_11_TEN_PIT,TEN,306.0,33,22,1,52.0,21,1,306.0,34,22,1,58,226.4,1.0,113.6,1.0,226.4,1.0,28.6,21.8,34.0,21.8
2017_12_TEN_IND,TEN,184.0,24,17,1,92.0,28,1,184.0,25,17,1,59,259.4,1.0,110.2,1.2,259.4,1.0,28.8,22.0,34.4,22.0
2017_13_HOU_TEN,TEN,150.0,21,15,1,198.0,25,2,150.0,23,15,1,60,235.0,1.0,95.0,1.0,235.0,1.0,27.6,20.8,33.0,20.8
2017_14_TEN_ARI,TEN,159.0,31,16,0,65.0,22,1,159.0,31,16,0,61,224.4,1.2,118.6,1.4,224.4,1.2,26.2,19.6,30.8,19.6
2017_15_TEN_SF,TEN,241.0,33,23,2,90.0,28,0,241.0,33,23,2,62,212.6,0.8,117.4,1.4,212.6,0.8,26.4,19.0,31.4,19.0
2017_16_LA_TEN,TEN,275.0,37,22,0,97.0,26,1,275.0,39,22,0,63,208.0,1.0,99.4,1.0,208.0,1.0,24.8,18.6,29.2,18.6
2017_17_JAX_TEN,TEN,134.0,21,12,1,116.0,39,0,134.0,21,12,1,64,201.8,0.8,108.4,1.0,201.8,0.8,25.8,18.6,30.2,18.6
2018_01_TEN_MIA,TEN,220.0,38,20,0,116.0,29,1,220.0,38,20,0,65,191.8,0.8,113.2,0.8,191.8,0.8,28.0,17.6,29.4,17.6
2018_02_HOU_TEN,TEN,191.0,21,15,2,100.0,34,0,191.0,22,15,2,66,205.8,0.6,96.8,0.6,205.8,0.6,28.8,18.6,32.4,18.6
2018_03_TEN_JAX,TEN,108.0,21,13,0,150.0,35,0,108.0,21,13,0,67,212.2,1.0,103.8,0.4,212.2,1.0,31.2,18.4,30.6,18.4
2018_04_PHI_TEN,TEN,344.0,42,30,2,70.0,22,1,344.0,43,30,2,68,185.6,0.6,115.8,0.4,185.6,0.6,32.6,16.4,28.2,16.4
2018_05_TEN_BUF,TEN,129.0,25,14,0,100.0,25,0,129.0,26,14,0,69,199.4,1.0,110.4,0.4,199.4,1.0,31.8,18.0,29.0,18.0
2018_06_BAL_TEN,TEN,117.0,14,10,0,55.0,14,0,117.0,15,10,0,70,198.4,0.8,107.2,0.4,198.4,0.8,29.0,18.4,30.0,18.4
2018_07_TEN_LAC,TEN,237.0,32,24,1,164.0,33,1,237.0,32,24,1,71,177.8,0.8,95.0,0.2,177.8,0.8,26.0,16.4,25.4,16.4
2018_09_TEN_DAL,TEN,240.0,27,21,2,125.0,36,2,240.0,29,21,2,72,187.0,0.6,107.8,0.4,187.0,0.6,25.8,18.2,27.4,18.2
2018_10_NE_TEN,TEN,249.0,24,17,2,150.0,36,2,249.0,25,17,2,73,213.4,1.0,102.8,0.8,213.4,1.0,26.0,19.8,29.0,19.8
2018_11_TEN_IND,TEN,203.0,29,21,1,87.0,25,0,203.0,29,21,1,74,194.4,1.0,118.8,1.0,194.4,1.0,28.8,17.2,25.4,17.2
2018_12_TEN_HOU,TEN,303.0,23,22,2,105.0,23,0,303.0,23,22,2,75,209.2,1.2,116.2,1.0,209.2,1.2,28.8,18.6,26.0,18.6
2018_13_NYJ_TEN,TEN,282.0,33,20,2,130.0,22,1,282.0,35,20,2,76,246.4,1.6,126.2,1.0,246.4,1.6,30.6,21.0,27.6,21.0
2018_14_JAX_TEN,TEN,162.0,24,18,0,264.0,32,4,162.0,24,18,0,77,255.4,1.8,119.4,1.0,255.4,1.8,28.4,20.2,28.2,20.2
2018_15_TEN_NYG,TEN,94.0,20,13,0,215.0,45,2,94.0,21,13,0,78,239.8,1.4,147.2,1.4,239.8,1.4,27.6,19.6,27.2,19.6
2018_16_WAS_TEN,TEN,211.0,23,17,1,99.0,27,1,211.0,25,17,1,79,208.8,1.0,160.2,1.4,208.8,1.0,29.4,18.8,26.4,18.8
2018_17_IND_TEN,TEN,165.0,29,18,1,93.0,16,0,165.0,29,18,1,80,210.4,1.0,162.6,1.6,210.4,1.0,29.8,18.0,25.6,18.0
2019_01_TEN_CLE,TEN,248.0,24,14,3,123.0,28,1,248.0,24,14,3,81,182.8,0.8,160.2,1.6,182.8,0.8,28.4,17.2,26.8,17.2
2019_02_IND_TEN,TEN,154.0,26,19,1,124.0,24,1,154.0,28,19,1,82,176.0,1.0,158.8,1.6,176.0,1.0,29.6,16.0,24.6,16.0
2019_03_TEN_JAX,TEN,304.0,38,23,0,91.0,26,1,304.0,40,23,0,83,174.4,1.2,130.8,1.0,174.4,1.2,28.0,16.2,25.4,16.2
2019_04_TEN_ATL,TEN,227.0,22,18,3,138.0,34,0,227.0,27,18,3,84,216.4,1.2,106.0,0.8,216.4,1.2,24.2,18.2,29.2,18.2
2019_05_BUF_TEN,TEN,183.0,21,13,0,102.0,27,1,183.0,22,13,0,85,219.6,1.6,113.8,0.6,219.6,1.6,25.6,18.4,29.6,18.4
2019_06_TEN_DEN,TEN,207.0,32,20,0,39.0,21,0,207.0,34,20,0,86,223.2,1.4,115.6,0.8,223.2,1.4,27.8,17.4,28.2,17.4
2019_07_LAC_TEN,TEN,323.0,29,24,2,97.0,29,1,323.0,30,24,2,87,215.0,0.8,98.8,0.6,215.0,0.8,26.4,18.6,30.2,18.6
2019_08_TB_TEN,TEN,193.0,33,21,3,72.0,21,0,193.0,33,21,3,88,248.8,1.0,93.4,0.6,248.8,1.0,27.4,19.6,30.6,19.6
2019_09_TEN_CAR,TEN,331.0,37,27,1,121.0,21,2,331.0,39,27,1,89,226.6,1.6,89.6,0.4,226.6,1.6,26.4,19.2,29.2,19.2
2019_10_KC_TEN,TEN,181.0,19,13,2,225.0,26,2,181.0,19,13,2,90,247.4,1.2,86.2,0.8,247.4,1.2,23.8,21.0,31.6,21.0
2019_12_JAX_TEN,TEN,259.0,17,14,2,219.0,33,4,259.0,18,14,2,91,247.0,1.6,110.8,1.0,247.0,1.6,23.6,21.0,31.0,21.0
2019_13_TEN_IND,TEN,182.0,21,17,2,154.0,30,1,182.0,22,17,2,92,257.4,2.0,146.8,1.8,257.4,2.0,26.0,19.8,27.8,19.8
2019_14_TEN_OAK,TEN,391.0,27,21,3,161.0,32,2,391.0,27,21,3,93,229.2,2.0,158.2,1.8,229.2,2.0,26.2,18.4,26.2,18.4
2019_15_HOU_TEN,TEN,279.0,36,22,2,163.0,28,1,279.0,37,22,2,94,268.8,2.0,176.0,2.2,268.8,2.0,28.4,18.4,25.0,18.4
2019_16_NO_TEN,TEN,272.0,25,17,3,149.0,26,1,272.0,27,17,3,95,258.4,2.2,184.4,2.0,258.4,2.2,29.8,17.4,24.6,17.4
2019_17_TEN_HOU,TEN,222.0,21,14,2,245.0,39,3,222.0,21,14,2,96,276.6,2.4,169.2,1.8,276.6,2.4,29.8,18.2,26.2,18.2
2020_01_TEN_DEN,TEN,249.0,40,29,2,130.0,34,0,249.0,43,29,2,97,269.2,2.4,174.4,1.6,269.2,2.4,31.0,18.2,26.8,18.2
2020_02_JAX_TEN,TEN,239.0,24,18,4,123.0,34,0,239.0,24,18,4,98,282.6,2.4,169.6,1.4,282.6,2.4,31.8,20.6,31.0,20.6
2020_03_TEN_MIN,TEN,321.0,33,23,0,134.0,34,2,321.0,37,23,0,99,252.2,2.6,162.0,1.0,252.2,2.6,32.2,20.0,30.4,20.0
2020_05_BUF_TEN,TEN,195.0,28,21,3,139.0,34,3,195.0,28,21,3,100,260.6,2.2,156.2,1.2,260.6,2.2,33.4,20.2,30.4,20.2
2020_06_HOU_TEN,TEN,366.0,41,30,4,263.0,27,2,366.0,41,30,4,101,245.2,2.2,154.2,1.6,245.2,2.2,35.0,21.0,30.6,21.0
2020_07_PIT_TEN,TEN,220.0,30,18,2,82.0,23,1,220.0,31,18,2,102,274.0,2.6,157.8,1.4,274.0,2.6,32.6,24.2,34.6,24.2
2020_08_TEN_CIN,TEN,233.0,29,18,2,218.0,29,1,233.0,30,18,2,103,268.2,2.6,148.2,1.6,268.2,2.6,30.4,22.0,32.2,22.0
2020_09_CHI_TEN,TEN,158.0,21,10,2,92.0,31,0,158.0,21,10,2,104,267.0,2.2,167.2,1.8,267.0,2.2,29.4,22.0,33.4,22.0
2020_10_IND_TEN,TEN,147.0,27,15,1,157.0,32,1,147.0,27,15,1,105,234.4,2.6,158.8,1.4,234.4,2.6,28.8,19.4,30.2,19.4
2020_11_TEN_BAL,TEN,266.0,32,23,2,173.0,34,1,266.0,32,23,2,106,224.8,2.2,162.4,1.0,224.8,2.2,28.4,18.2,30.0,18.2
2020_12_TEN_IND,TEN,221.0,20,13,1,229.0,45,4,221.0,22,13,1,107,204.8,1.8,144.4,0.8,204.8,1.8,29.8,16.8,28.2,16.8
2020_13_CLE_TEN,TEN,389.0,42,29,3,62.0,18,1,389.0,45,29,4,108,205.0,1.6,173.8,1.4,205.0,1.6,34.2,15.8,26.4,15.8
2020_14_TEN_JAX,TEN,212.0,23,19,2,249.0,40,2,212.0,24,19,2,109,236.2,2.0,142.6,1.4,236.2,1.8,32.0,18.0,29.4,18.0
2020_15_DET_TEN,TEN,273.0,26,21,3,195.0,38,3,273.0,27,21,3,110,247.0,2.0,174.0,1.8,247.0,1.8,33.8,19.8,30.0,19.8
2020_16_TEN_GB,TEN,121.0,25,11,1,156.0,27,1,121.0,26,11,1,111,272.2,2.4,181.6,2.2,272.2,2.2,35.0,21.0,30.0,21.0
2020_17_TEN_HOU,TEN,216.0,27,18,1,288.0,41,4,216.0,27,18,1,112,243.2,2.2,178.2,2.2,243.2,2.0,33.6,18.6,28.8,18.6
2021_01_ARI_TEN,TEN,218.0,36,22,1,86.0,22,1,218.0,36,22,1,113,242.2,2.2,190.0,2.2,242.2,2.0,32.8,19.6,29.8,19.6
2021_02_TEN_SEA,TEN,347.0,39,27,0,212.0,40,3,347.0,40,27,0,114,208.0,1.6,194.8,2.2,208.0,1.6,33.6,18.2,28.0,18.2
2021_03_IND_TEN,TEN,197.0,26,18,3,180.0,37,0,197.0,27,18,3,115,235.0,1.2,187.4,2.4,235.0,1.2,33.6,19.8,31.2,19.8
2021_04_TEN_NYJ,TEN,298.0,49,30,1,177.0,37,1,298.0,49,30,1,116,219.8,1.2,184.4,1.8,219.8,1.2,33.4,19.2,31.2,19.2
2021_05_TEN_JAX,TEN,197.0,21,14,1,184.0,36,3,197.0,22,14,1,117,255.2,1.2,188.6,1.8,255.2,1.2,35.4,23.0,35.8,23.0
2021_06_BUF_TEN,TEN,216.0,25,18,0,146.0,22,4,216.0,29,18,0,118,251.4,1.2,167.8,1.6,251.4,1.2,34.4,22.2,34.8,22.2
2021_07_KC_TEN,TEN,275.0,27,22,2,103.0,35,1,275.0,28,22,2,119,251.0,1.0,179.8,2.2,251.0,1.0,34.4,21.4,33.4,21.4
2021_08_TEN_IND,TEN,265.0,32,23,3,93.0,31,0,265.0,34,23,3,120,236.6,1.4,158.0,1.8,236.6,1.4,33.4,20.4,31.0,20.4
2021_09_TEN_LA,TEN,143.0,26,19,1,69.0,26,2,143.0,27,19,1,121,250.2,1.4,140.6,1.8,250.2,1.4,32.2,21.4,32.4,21.4
2021_10_NO_TEN,TEN,213.0,27,19,1,66.0,29,1,213.0,27,19,1,122,219.2,1.4,119.0,2.0,219.2,1.4,30.0,19.2,28.0,19.2
2021_11_HOU_TEN,TEN,323.0,51,35,1,103.0,25,0,323.0,52,35,2,123,222.4,1.4,95.4,1.6,222.4,1.4,28.6,20.2,29.0,20.2
2021_12_TEN_NE,TEN,93.0,21,11,1,270.0,39,1,93.0,21,11,1,124,243.8,1.8,86.8,0.8,243.8,1.6,29.2,23.6,33.6,23.6
2021_14_JAX_TEN,TEN,191.0,30,20,0,102.0,34,2,191.0,31,20,0,125,207.4,1.6,120.2,0.8,207.4,1.4,30.0,21.4,32.2,21.4
2021_15_TEN_PIT,TEN,153.0,32,23,0,201.0,42,1,153.0,32,23,0,126,192.6,1.0,122.0,1.2,192.6,0.8,30.6,20.8,31.6,20.8
2021_16_SF_TEN,TEN,209.0,30,22,1,90.0,24,1,209.0,30,22,1,127,194.6,0.8,148.4,1.0,194.6,0.6,33.8,21.6,32.6,21.6
2021_17_MIA_TEN,TEN,120.0,18,13,2,198.0,40,2,120.0,18,13,2,128,193.8,0.8,153.2,1.0,193.8,0.6,32.8,22.2,33.2,22.2
2021_18_TEN_HOU,TEN,287.0,32,23,4,124.0,32,0,287.0,32,23,4,129,153.2,0.8,172.2,1.4,153.2,0.8,35.8,17.8,26.4,17.8
2022_01_NYG_TEN,TEN,266.0,31,20,2,93.0,26,0,266.0,33,20,2,130,192.0,1.4,143.0,1.2,192.0,1.4,34.4,20.2,28.6,20.2
2022_02_TEN_BUF,TEN,123.0,23,12,0,80.0,27,1,123.0,24,12,0,131,207.0,1.8,141.2,0.8,207.0,1.8,32.8,20.2,29.0,20.2
2022_03_LV_TEN,TEN,264.0,26,19,1,109.0,27,2,264.0,27,19,1,132,201.0,1.8,117.0,0.8,201.0,1.8,29.8,18.0,27.4,18.0
2022_04_TEN_IND,TEN,137.0,21,17,2,127.0,28,1,137.0,21,17,2,133,212.0,1.8,120.8,1.0,212.0,1.8,30.4,17.4,26.8,17.4
2022_05_TEN_WAS,TEN,181.0,23,15,1,105.0,32,2,181.0,25,15,1,134,215.4,1.8,106.6,0.8,215.4,1.8,28.0,18.2,27.4,18.2
2022_07_IND_TEN,TEN,132.0,20,13,0,138.0,35,0,132.0,20,13,0,135,194.2,1.2,102.8,1.2,194.2,1.2,28.0,16.6,26.0,16.6
2022_08_TEN_HOU,TEN,55.0,8,6,0,314.0,45,2,55.0,10,6,0,136,167.4,0.8,111.8,1.2,167.4,0.8,29.8,15.2,23.4,15.2
2022_09_TEN_KC,TEN,80.0,13,5,0,172.0,29,2,80.0,16,5,0,137,153.8,0.8,158.6,1.4,153.8,0.8,33.4,14.0,20.6,14.0
2022_10_DEN_TEN,TEN,255.0,36,19,2,63.0,23,0,255.0,36,19,2,138,117.0,0.6,171.2,1.4,117.0,0.6,33.8,11.2,18.4,11.2
2022_11_TEN_GB,TEN,337.0,27,24,3,88.0,32,1,337.0,29,24,3,139,140.6,0.6,158.4,1.2,140.6,0.6,32.8,11.6,21.4,11.6
2022_12_CIN_TEN,TEN,291.0,34,22,0,63.0,21,0,291.0,34,22,1,140,171.8,1.0,155.0,1.0,171.8,1.0,32.8,13.4,22.2,13.4
2022_13_TEN_PHI,TEN,157.0,25,16,1,87.0,21,0,157.0,26,16,1,141,203.6,1.2,140.0,1.0,203.6,1.0,30.0,15.2,25.0,15.2
2022_14_JAX_TEN,TEN,254.0,38,25,2,137.0,20,1,254.0,38,25,2,142,224.0,1.4,94.6,0.6,224.0,1.2,25.2,17.2,28.2,17.2
2022_15_TEN_LAC,TEN,185.0,26,18,0,127.0,27,2,185.0,26,18,0,143,258.8,1.8,87.6,0.4,258.8,1.6,23.4,21.2,32.6,21.2
2022_16_HOU_TEN,TEN,99.0,20,14,0,184.0,31,2,99.0,23,14,0,144,244.8,1.4,100.4,0.8,244.8,1.2,24.2,21.0,30.6,21.0
2022_17_DAL_TEN,TEN,232.0,38,20,1,97.0,24,0,232.0,39,20,1,145,197.2,0.8,119.6,1.0,197.2,0.6,24.0,19.0,29.4,19.0
2022_18_TEN_JAX,TEN,179.0,27,20,1,147.0,39,0,179.0,29,20,1,146,185.4,0.8,126.4,1.0,185.4,0.8,24.6,18.6,30.4,18.6
2023_01_TEN_NO,TEN,198.0,33,16,0,104.0,22,0,198.0,34,16,0,147,189.8,0.8,138.4,1.0,189.8,0.8,28.2,19.4,31.0,19.4
2023_02_LAC_TEN,TEN,246.0,24,20,1,141.0,34,2,246.0,24,20,1,148,178.6,0.4,131.8,0.8,178.6,0.4,28.6,17.6,30.2,17.6
2023_03_TEN_CLE,TEN,104.0,24,13,0,26.0,15,0,104.0,25,13,0,149,190.8,0.6,134.6,0.8,190.8,0.6,30.0,18.0,29.8,18.0
2023_04_CIN_TEN,TEN,242.0,26,19,2,173.0,33,1,242.0,26,19,2,150,191.8,0.6,103.0,0.4,191.8,0.6,26.8,17.8,30.2,17.8
2023_05_TEN_IND,TEN,264.0,34,23,0,89.0,22,1,264.0,35,23,0,151,193.8,0.8,118.2,0.6,193.8,0.8,28.6,17.6,27.6,17.6
2023_06_BAL_TEN,TEN,150.0,20,12,0,129.0,19,1,150.0,21,12,0,152,210.8,0.6,106.6,0.8,210.8,0.6,25.2,18.2,28.8,18.2
2023_08_ATL_TEN,TEN,238.0,26,19,4,149.0,36,0,238.0,29,19,4,153,201.2,0.6,111.6,1.0,201.2,0.6,24.6,17.4,26.2,17.4
2023_09_TEN_PIT,TEN,262.0,37,22,0,105.0,25,1,262.0,39,22,0,154,199.6,1.2,113.2,0.6,199.6,1.2,25.0,17.2,27.2,17.2
2023_10_TEN_TB,TEN,199.0,39,19,0,42.0,16,0,199.0,39,19,0,155,231.2,1.2,129.0,0.8,231.2,1.2,27.0,19.0,30.0,19.0
2023_11_TEN_JAX,TEN,158.0,17,13,2,92.0,19,0,158.0,17,13,2,156,222.6,0.8,102.8,0.6,222.6,0.8,23.6,19.0,32.6,19.0
2023_12_CAR_TEN,TEN,185.0,27,18,0,80.0,24,2,185.0,28,18,0,157,201.4,1.2,103.4,0.4,201.4,1.2,23.0,17.0,29.0,17.0
2023_13_IND_TEN,TEN,224.0,33,16,1,177.0,42,2,224.0,33,16,1,158,208.4,1.2,93.6,0.6,208.4,1.2,24.0,18.2,30.4,18.2
2023_14_TEN_MIA,TEN,327.0,36,23,1,83.0,29,2,327.0,38,23,1,159,205.6,0.6,99.2,1.0,205.6,0.6,25.2,17.6,31.2,17.6
2023_15_HOU_TEN,TEN,199.0,26,17,0,66.0,30,1,199.0,26,17,0,160,218.6,0.8,94.8,1.2,218.6,0.8,26.0,17.8,31.0,17.8
2023_16_SEA_TEN,TEN,164.0,25,19,1,162.0,31,1,164.0,27,19,1,161,218.6,0.8,99.6,1.4,218.6,0.8,28.8,17.4,28.4,17.4
2023_17_TEN_HOU,TEN,184.0,25,18,0,53.0,21,0,184.0,26,18,0,162,219.8,0.6,113.6,1.6,219.8,0.6,31.2,18.6,30.4,18.6
2023_18_JAX_TEN,TEN,168.0,26,17,2,175.0,26,2,168.0,27,17,2,163,219.6,0.6,108.2,1.2,219.6,0.6,30.6,18.6,30.0,18.6
2024_01_TEN_CHI,TEN,127.0,27,19,1,140.0,26,1,127.0,32,19,1,164,208.4,0.8,107.8,1.2,208.4,0.8,27.4,18.8,28.8,18.8
2024_02_NYJ_TEN,TEN,192.0,27,19,1,130.0,28,1,192.0,28,19,1,165,168.4,0.8,119.2,1.0,168.4,0.8,26.8,18.0,27.6,18.0
2024_03_GB_TEN,TEN,260.0,34,26,2,33.0,11,0,260.0,34,26,2,166,167.0,1.0,132.0,1.0,167.0,1.0,26.4,18.4,28.0,18.4
2024_04_TEN_MIA,TEN,110.0,18,12,0,142.0,40,2,110.0,21,12,0,167,186.2,1.2,106.2,0.8,186.2,1.2,22.4,19.8,29.4,19.8
2024_06_IND_TEN,TEN,95.0,27,16,1,146.0,28,1,95.0,27,16,1,168,171.4,1.2,124.0,1.2,171.4,1.2,26.2,18.6,28.4,18.6
2024_07_TEN_BUF,TEN,215.0,38,25,1,89.0,24,0,215.0,40,25,1,169,156.8,1.0,118.2,1.0,156.8,1.0,26.6,18.4,28.4,18.4
2024_08_TEN_DET,TEN,266.0,38,22,1,158.0,32,1,266.0,38,22,1,170,174.4,1.0,108.0,0.8,174.4,1.0,26.2,19.6,30.0,19.6
2024_09_NE_TEN,TEN,240.0,27,20,2,167.0,39,0,240.0,33,20,2,171,189.2,1.0,113.6,0.8,189.2,1.0,27.0,20.2,32.0,20.2
2024_10_TEN_LAC,TEN,175.0,23,18,2,132.0,21,0,175.0,23,18,2,172,185.2,1.0,140.4,0.8,185.2,1.0,32.6,19.0,31.8,19.0
2024_11_MIN_TEN,TEN,295.0,29,17,1,33.0,19,0,295.0,31,17,1,173,198.2,1.4,138.4,0.4,198.2,1.4,28.8,20.2,32.2,20.2
2024_12_TEN_HOU,TEN,278.0,25,18,2,132.0,33,1,278.0,25,18,2,174,238.2,1.4,115.8,0.2,238.2,1.4,27.0,20.4,33.0,20.4
2024_13_TEN_WAS,TEN,212.0,36,18,2,35.0,11,0,212.0,37,18,2,175,250.8,1.6,124.4,0.4,250.8,1.6,28.8,19.0,30.0,19.0
2024_14_JAX_TEN,TEN,168.0,32,19,0,126.0,28,0,168.0,32,19,0,176,240.0,1.8,99.8,0.2,240.0,1.8,24.6,18.2,29.8,18.2
2024_15_CIN_TEN,TEN,298.0,37,29,2,83.0,26,2,298.0,38,29,2,177,225.6,1.4,91.6,0.2,225.6,1.4,22.4,18.0,29.6,18.0
2024_16_TEN_IND,TEN,252.0,33,23,2,65.0,22,2,252.0,34,23,2,178,250.2,1.4,81.8,0.6,250.2,1.4,23.4,20.2,32.6,20.2
2024_17_TEN_JAX,TEN,193.0,30,19,1,159.0,30,0,193.0,31,19,1,179,241.6,1.6,88.2,1.0,241.6,1.6,24.0,21.4,33.2,21.4
2024_18_HOU_TEN,TEN,245.0,26,16,1,85.0,32,0,245.0,26,16,1,180,224.6,1.4,93.6,0.8,224.6,1.4,23.4,21.6,34.4,21.6
2014_01_WAS_HOU,WAS,267.0,35,29,0,131.0,23,1,267.0,37,29,0,1,,,,,,,,,,
2014_02_JAX_WAS,WAS,288.0,36,24,2,191.0,42,3,288.0,36,24,2,2,267.0,0.0,131.0,1.0,267.0,0.0,23.0,29.0,37.0,29.0
2014_03_WAS_PHI,WAS,427.0,48,30,3,84.0,28,1,427.0,48,30,3,3,277.5,1.0,161.0,2.0,277.5,1.0,32.5,26.5,36.5,26.5
2014_04_NYG_WAS,WAS,257.0,33,19,1,86.0,17,1,257.0,33,19,1,4,327.3333333333333,1.6666666666666667,135.33333333333334,1.6666666666666667,327.3333333333333,1.6666666666666667,31.0,27.666666666666668,40.333333333333336,27.666666666666668
2014_05_SEA_WAS,WAS,283.0,36,21,2,32.0,17,0,283.0,36,21,2,5,309.75,1.5,123.0,1.5,309.75,1.5,27.5,25.5,38.5,25.5
2014_06_WAS_ARI,WAS,354.0,38,24,2,72.0,17,0,354.0,38,24,2,6,304.4,1.6,104.8,1.2,304.4,1.6,25.4,24.6,38.0,24.6
2014_07_TEN_WAS,WAS,267.0,28,21,1,100.0,26,0,267.0,28,21,1,7,321.8,2.0,93.0,1.0,321.8,2.0,24.2,23.6,38.2,23.6
2014_08_WAS_DAL,WAS,299.0,30,25,0,123.0,31,2,299.0,30,25,0,8,317.6,1.8,74.8,0.4,317.6,1.8,21.0,23.0,36.6,23.0
2014_09_WAS_MIN,WAS,251.0,28,18,1,122.0,29,2,251.0,28,18,1,9,292.0,1.2,82.6,0.6,292.0,1.2,21.6,22.0,33.0,22.0
2014_11_TB_WAS,WAS,207.0,32,23,1,155.0,31,0,207.0,32,23,1,10,290.8,1.2,89.8,0.8,290.8,1.2,24.0,21.8,32.0,21.8
2014_12_WAS_SF,WAS,106.0,20,11,0,136.0,27,1,106.0,20,11,0,11,275.6,1.0,114.4,0.8,275.6,1.0,26.8,22.2,31.2,22.2
2014_13_WAS_IND,WAS,392.0,46,31,3,84.0,21,0,392.0,47,31,3,12,226.0,0.6,127.2,1.0,226.0,0.6,28.8,19.6,27.6,19.6
2014_14_STL_WAS,WAS,232.0,36,23,0,27.0,12,0,232.0,36,23,0,13,251.0,1.0,124.0,1.0,251.0,1.0,27.8,21.6,31.4,21.6
2014_15_WAS_NYG,WAS,275.0,34,22,1,144.0,27,0,275.0,34,22,1,14,237.6,1.0,104.8,0.6,237.6,1.0,24.0,21.2,32.6,21.2
2014_16_PHI_WAS,WAS,220.0,23,16,0,100.0,29,3,220.0,23,16,0,15,242.4,1.0,109.2,0.2,242.4,1.0,23.6,22.0,33.8,22.0
2014_17_DAL_WAS,WAS,336.0,41,27,1,104.0,24,1,336.0,41,27,1,16,245.0,0.8,98.2,0.8,245.0,0.8,23.2,20.6,32.0,20.6
2015_01_MIA_WAS,WAS,196.0,31,21,1,161.0,37,0,196.0,31,21,1,17,291.0,1.0,91.8,0.8,291.0,1.0,22.6,23.8,36.2,23.8
2015_02_STL_WAS,WAS,203.0,27,23,1,182.0,37,2,203.0,27,23,1,18,251.8,0.6,107.2,0.8,251.8,0.6,25.8,21.8,33.0,21.8
2015_03_WAS_NYG,WAS,316.0,49,30,1,88.0,20,0,316.0,49,30,1,19,246.0,0.8,138.2,1.2,246.0,0.8,30.8,21.8,31.2,21.8
2015_04_PHI_WAS,WAS,290.0,46,31,1,127.0,32,1,290.0,46,31,1,20,254.2,0.8,127.0,1.2,254.2,0.8,29.4,23.4,34.2,23.4
2015_05_WAS_ATL,WAS,219.0,32,21,1,51.0,24,1,219.0,32,21,1,21,268.2,1.0,132.4,0.8,268.2,1.0,30.0,26.4,38.8,26.4
2015_06_WAS_NYJ,WAS,196.0,44,25,1,34.0,17,0,196.0,44,25,1,22,244.8,1.0,121.8,0.8,244.8,1.0,30.0,25.2,37.0,25.2
2015_07_TB_WAS,WAS,317.0,40,33,3,50.0,19,1,317.0,40,33,3,23,244.8,1.0,96.4,0.8,244.8,1.0,26.0,26.0,39.6,26.0
2015_09_WAS_NE,WAS,217.0,40,22,1,37.0,15,0,217.0,40,22,1,24,267.6,1.4,70.0,0.6,267.6,1.4,22.4,28.0,42.2,28.0
2015_10_NO_WAS,WAS,324.0,25,20,4,209.0,31,0,324.0,25,20,4,25,247.8,1.4,59.8,0.6,247.8,1.4,21.4,26.4,40.4,26.4
2015_11_WAS_CAR,WAS,207.0,30,22,1,14.0,12,0,207.0,30,22,1,26,254.6,2.0,76.2,0.4,254.6,2.0,21.2,24.2,36.2,24.2
2015_12_NYG_WAS,WAS,302.0,29,20,1,105.0,37,1,302.0,29,20,1,27,252.2,2.0,68.8,0.2,252.2,2.0,18.8,24.4,35.8,24.4
2015_13_DAL_WAS,WAS,219.0,31,22,1,73.0,26,0,219.0,31,22,1,28,273.4,2.0,83.0,0.4,273.4,2.0,22.8,23.4,32.8,23.4
2015_14_WAS_CHI,WAS,300.0,31,24,1,99.0,33,2,300.0,31,24,1,29,253.8,1.6,87.6,0.2,253.8,1.6,24.2,21.2,31.0,21.2
2015_15_BUF_WAS,WAS,319.0,28,22,4,123.0,27,1,319.0,28,22,4,30,270.4,1.6,100.0,0.6,270.4,1.6,27.8,21.6,29.2,21.6
2015_16_WAS_PHI,WAS,365.0,46,31,4,67.0,26,0,365.0,46,31,4,31,269.4,1.6,82.8,0.8,269.4,1.6,27.0,22.0,29.8,22.0
2015_17_WAS_DAL,WAS,304.0,26,19,4,146.0,36,0,304.0,26,19,4,32,301.0,2.2,93.4,0.8,301.0,2.2,29.8,23.8,33.0,23.8
2016_01_PIT_WAS,WAS,329.0,43,30,0,55.0,12,1,329.0,43,30,0,33,301.4,2.8,101.6,0.6,301.4,2.8,29.6,23.6,32.4,23.6
2016_02_DAL_WAS,WAS,364.0,44,28,1,82.0,17,1,364.0,46,28,1,34,323.4,2.6,98.0,0.8,323.4,2.6,26.8,25.2,34.8,25.2
2016_03_WAS_NYG,WAS,327.0,35,22,2,90.0,30,0,327.0,36,22,2,35,336.2,2.6,94.6,0.6,336.2,2.6,23.6,26.0,37.8,26.0
2016_04_CLE_WAS,WAS,183.0,27,21,3,145.0,26,1,183.0,27,21,3,36,337.8,2.2,88.0,0.4,337.8,2.2,24.2,26.0,39.4,26.0
2016_05_WAS_BAL,WAS,260.0,39,29,1,60.0,20,0,260.0,41,29,1,37,301.4,2.0,103.6,0.6,301.4,2.0,24.2,24.0,35.6,24.0
2016_06_PHI_WAS,WAS,263.0,32,18,2,230.0,33,1,263.0,34,18,2,38,292.6,1.4,86.4,0.6,292.6,1.4,21.0,26.0,38.6,26.0
2016_07_WAS_DET,WAS,301.0,39,30,1,130.0,29,1,301.0,39,30,1,39,279.4,1.8,121.4,0.6,279.4,1.8,25.2,23.6,36.8,23.6
2016_08_WAS_CIN,WAS,458.0,56,38,2,100.0,31,1,458.0,56,38,2,40,266.8,1.8,131.0,0.6,266.8,1.8,27.6,24.0,35.4,24.0
2016_10_MIN_WAS,WAS,262.0,33,22,2,128.0,28,0,262.0,33,22,2,41,293.0,1.8,133.0,0.8,293.0,1.8,27.8,27.2,39.4,27.2
2016_11_GB_WAS,WAS,375.0,30,21,3,151.0,30,3,375.0,30,21,3,42,308.8,1.6,129.6,0.6,308.8,1.6,28.2,27.4,40.6,27.4
2016_12_WAS_DAL,WAS,449.0,53,41,3,56.0,19,0,449.0,53,41,3,43,331.8,2.0,147.8,1.2,331.8,2.0,30.2,25.8,38.4,25.8
2016_13_WAS_ARI,WAS,271.0,34,21,1,87.0,18,1,271.0,37,21,1,44,369.0,2.2,113.0,1.0,369.0,2.2,27.4,30.4,42.2,30.4
2016_14_WAS_PHI,WAS,234.0,21,14,2,107.0,23,2,234.0,21,14,2,45,363.0,2.2,104.4,1.0,363.0,2.2,25.2,28.6,41.8,28.6
2016_15_CAR_WAS,WAS,315.0,47,32,0,29.0,13,1,315.0,47,32,0,46,318.2,2.2,105.8,1.2,318.2,2.2,23.6,23.8,34.8,23.8
2016_16_WAS_CHI,WAS,270.0,26,18,1,208.0,35,4,270.0,29,18,1,47,328.8,1.8,86.0,1.4,328.8,1.8,20.6,25.8,37.6,25.8
2016_17_NYG_WAS,WAS,287.0,34,22,1,38.0,15,0,287.0,35,22,1,48,307.8,1.4,97.4,1.6,307.8,1.4,21.6,25.2,37.4,25.2
2017_01_PHI_WAS,WAS,240.0,40,23,1,64.0,17,0,240.0,40,23,1,49,275.4,1.0,93.8,1.6,275.4,1.0,20.8,21.4,33.8,21.4
2017_02_WAS_LA,WAS,179.0,27,18,1,229.0,39,2,179.0,27,18,1,50,269.2,1.0,89.2,1.4,269.2,1.0,20.6,21.8,34.4,21.8
2017_03_OAK_WAS,WAS,365.0,30,25,3,116.0,34,0,365.0,30,25,3,51,258.2,0.8,113.6,1.4,258.2,0.8,23.8,22.6,35.6,22.6
2017_04_WAS_KC,WAS,220.0,24,14,2,111.0,26,0,220.0,24,14,2,52,268.2,1.4,131.0,1.2,268.2,1.4,28.0,21.2,32.2,21.2
2017_06_SF_WAS,WAS,330.0,36,25,2,94.0,33,1,330.0,37,25,2,53,258.2,1.6,111.6,0.4,258.2,1.6,26.2,20.4,31.2,20.4
2017_07_WAS_PHI,WAS,303.0,40,30,3,75.0,18,0,303.0,40,30,3,54,266.8,1.8,122.8,0.6,266.8,1.8,29.8,21.0,31.6,21.0
2017_08_DAL_WAS,WAS,263.0,39,26,1,49.0,15,1,263.0,39,26,1,55,279.4,2.2,125.0,0.6,279.4,2.2,30.0,22.4,31.6,22.4
2017_09_WAS_SEA,WAS,247.0,30,21,0,51.0,23,2,247.0,31,21,0,56,296.2,2.2,89.0,0.4,296.2,2.2,25.2,24.0,34.0,24.0
2017_10_MIN_WAS,WAS,327.0,45,26,1,81.0,27,2,327.0,45,26,1,57,272.6,1.6,76.0,0.8,272.6,1.6,23.0,23.2,34.2,23.2
2017_11_WAS_NO,WAS,322.0,30,22,3,156.0,33,1,322.0,32,22,3,58,294.0,1.4,70.0,1.2,294.0,1.4,23.2,25.6,38.4,25.6
2017_12_NYG_WAS,WAS,242.0,30,19,2,122.0,31,0,242.0,31,19,2,59,292.4,1.6,82.4,1.2,292.4,1.6,23.2,25.0,37.4,25.0
2017_13_WAS_DAL,WAS,251.0,36,26,2,56.0,19,0,251.0,37,26,2,60,280.2,1.4,91.8,1.2,280.2,1.4,25.8,22.8,35.6,22.8
2017_14_WAS_LAC,WAS,151.0,27,15,1,65.0,21,0,151.0,27,15,1,61,277.8,1.6,93.2,1.0,277.8,1.6,26.6,22.8,35.2,22.8
2017_15_ARI_WAS,WAS,196.0,26,18,2,31.0,20,0,196.0,26,18,2,62,258.6,1.8,96.0,0.6,258.6,1.8,26.2,21.6,34.4,21.6
2017_16_DEN_WAS,WAS,299.0,37,19,3,87.0,29,0,299.0,37,19,3,63,232.4,2.0,86.0,0.2,232.4,2.0,24.8,20.0,30.6,20.0
2017_17_WAS_NYG,WAS,158.0,37,20,0,61.0,16,1,158.0,37,20,0,64,227.8,2.0,72.2,0.0,227.8,2.0,24.0,19.4,31.6,19.4
2018_01_WAS_ARI,WAS,255.0,29,21,2,182.0,42,1,255.0,30,21,2,65,211.0,1.6,60.0,0.2,211.0,1.6,21.0,19.6,32.8,19.6
2018_02_IND_WAS,WAS,292.0,44,33,0,65.0,22,0,292.0,46,33,0,66,211.8,1.6,85.2,0.4,211.8,1.6,25.6,18.6,31.4,18.6
2018_03_GB_WAS,WAS,220.0,20,12,2,166.0,35,2,220.0,20,12,2,67,240.0,1.4,85.2,0.4,240.0,1.4,25.8,22.2,35.2,22.2
2018_05_WAS_NO,WAS,275.0,37,23,0,39.0,18,2,275.0,39,23,0,68,244.8,1.4,112.2,0.8,244.8,1.4,28.8,21.0,34.0,21.0
2018_06_CAR_WAS,WAS,163.0,33,21,2,132.0,28,0,163.0,36,21,2,69,240.0,0.8,102.6,1.2,240.0,0.8,26.6,21.8,34.4,21.8
2018_07_DAL_WAS,WAS,178.0,24,14,1,130.0,32,0,178.0,25,14,1,70,241.0,1.2,116.8,1.0,241.0,1.2,29.0,22.0,34.2,22.0
2018_08_WAS_NYG,WAS,178.0,31,20,1,182.0,33,1,178.0,32,20,1,71,225.6,1.0,106.4,0.8,225.6,1.0,27.0,20.6,33.2,20.6
2018_09_ATL_WAS,WAS,306.0,45,30,1,79.0,15,1,306.0,46,30,1,72,202.8,1.2,129.8,1.0,202.8,1.2,29.2,18.0,30.4,18.0
2018_10_WAS_TB,WAS,178.0,26,19,1,116.0,25,0,178.0,27,19,1,73,220.0,1.0,112.4,0.8,220.0,1.0,25.2,21.6,35.6,21.6
2018_11_HOU_WAS,WAS,189.0,36,18,1,124.0,29,2,189.0,39,18,1,74,200.6,1.2,127.8,0.4,200.6,1.2,26.6,20.8,33.2,20.8
2018_12_WAS_DAL,WAS,268.0,38,24,2,80.0,20,1,268.0,38,24,2,75,205.8,1.0,126.2,0.8,205.8,1.0,26.8,20.2,33.8,20.2
2018_13_WAS_PHI,WAS,150.0,24,17,0,104.0,14,1,150.0,25,17,0,76,223.8,1.2,116.2,1.0,223.8,1.2,24.4,22.2,36.4,22.2
2018_14_NYG_WAS,WAS,233.0,29,17,1,84.0,22,1,233.0,30,17,1,77,218.2,1.0,100.6,1.0,218.2,1.0,20.6,21.6,35.0,21.6
2018_15_WAS_JAX,WAS,151.0,23,16,1,109.0,33,0,151.0,25,16,1,78,203.6,1.0,101.6,1.0,203.6,1.0,22.0,19.0,31.8,19.0
2018_16_WAS_TEN,WAS,153.0,23,13,1,161.0,34,0,153.0,23,13,1,79,198.2,1.0,100.2,1.0,198.2,1.0,23.6,18.4,31.4,18.4
2018_17_PHI_WAS,WAS,98.0,27,13,0,21.0,12,0,98.0,28,13,0,80,191.0,1.0,107.6,0.6,191.0,1.0,24.6,17.4,28.2,17.4
2019_01_WAS_PHI,WAS,380.0,43,30,3,28.0,13,0,380.0,44,30,3,81,157.0,0.6,95.8,0.4,157.0,0.6,23.0,15.2,26.2,15.2
2019_02_DAL_WAS,WAS,221.0,37,26,2,47.0,17,1,221.0,37,26,2,82,203.0,1.2,80.6,0.2,203.0,1.2,22.8,17.8,30.0,17.8
2019_03_CHI_WAS,WAS,332.0,42,30,2,69.0,21,0,332.0,43,30,2,83,200.6,1.4,73.2,0.2,200.6,1.4,21.8,19.6,31.4,19.6
2019_04_WAS_NYG,WAS,144.0,26,15,0,55.0,17,0,144.0,28,15,0,84,236.8,1.6,65.2,0.2,236.8,1.6,19.4,22.4,35.0,22.4
2019_05_NE_WAS,WAS,122.0,27,18,0,145.0,20,1,122.0,27,18,0,85,235.0,1.4,44.0,0.2,235.0,1.4,16.0,22.8,36.0,22.8
2019_06_WAS_MIA,WAS,166.0,24,13,2,145.0,33,0,166.0,25,13,2,86,239.8,1.4,68.8,0.4,239.8,1.4,17.6,23.8,35.8,23.8
2019_07_SF_WAS,WAS,77.0,12,9,0,104.0,26,0,77.0,12,9,0,87,197.0,1.2,92.2,0.4,197.0,1.2,21.6,20.4,32.0,20.4
2019_08_WAS_MIN,WAS,163.0,21,15,0,85.0,16,0,163.0,21,15,0,88,168.2,0.8,103.6,0.2,168.2,0.8,23.4,17.0,27.0,17.0
2019_09_WAS_BUF,WAS,144.0,22,15,0,127.0,23,0,144.0,22,15,0,89,134.4,0.4,106.8,0.2,134.4,0.4,22.4,14.0,22.6,14.0
2019_11_NYJ_WAS,WAS,214.0,32,19,2,54.0,20,0,214.0,35,19,2,90,134.4,0.4,121.2,0.2,134.4,0.4,23.6,14.0,21.4,14.0
2019_12_DET_WAS,WAS,156.0,29,13,0,86.0,24,0,156.0,30,13,0,91,152.8,0.8,103.0,0.0,152.8,0.8,23.6,14.2,23.0,14.2
2019_13_WAS_CAR,WAS,147.0,24,13,0,248.0,30,3,147.0,25,13,0,92,150.8,0.4,91.2,0.0,150.8,0.4,21.8,14.2,24.0,14.2
2019_14_WAS_GB,WAS,170.0,26,16,1,121.0,28,1,170.0,27,16,1,93,164.8,0.4,120.0,0.6,164.8,0.4,22.6,15.0,26.6,15.0
2019_15_PHI_WAS,WAS,261.0,27,19,2,101.0,22,1,261.0,28,19,2,94,166.2,0.6,127.2,0.8,166.2,0.6,25.0,15.2,27.8,15.2
2019_16_NYG_WAS,WAS,302.0,37,29,3,80.0,26,2,302.0,38,29,3,95,189.6,1.0,122.0,1.0,189.6,1.0,24.8,16.0,29.0,16.0
2019_17_WAS_DAL,WAS,206.0,35,18,1,88.0,20,0,206.0,37,18,1,96,207.2,1.2,127.2,1.4,207.2,1.2,26.0,18.0,29.6,18.0
2020_01_PHI_WAS,WAS,178.0,30,17,1,80.0,36,2,178.0,31,17,1,97,217.2,1.4,127.6,1.4,217.2,1.4,25.2,19.0,31.0,19.0
2020_02_WAS_ARI,WAS,223.0,33,19,1,117.0,23,1,223.0,33,19,1,98,223.4,1.6,94.0,1.2,223.4,1.6,26.4,19.8,32.2,19.8
2020_03_WAS_CLE,WAS,224.0,36,21,2,103.0,22,1,224.0,37,21,2,99,234.0,1.6,93.2,1.2,234.0,1.6,25.4,20.4,33.4,20.4
2020_04_BAL_WAS,WAS,314.0,44,32,0,69.0,22,2,314.0,45,32,0,100,226.6,1.6,93.6,1.2,226.6,1.6,25.4,20.8,35.2,20.8
2020_05_LA_WAS,WAS,111.0,28,18,0,38.0,14,1,111.0,30,18,0,101,229.0,1.0,91.4,1.2,229.0,1.0,24.6,21.4,36.6,21.4
2020_06_WAS_NYG,WAS,280.0,40,31,2,86.0,24,0,280.0,42,31,2,102,210.0,0.8,81.4,1.4,210.0,0.8,23.4,21.4,35.2,21.4
2020_07_DAL_WAS,WAS,194.0,21,15,2,208.0,39,1,194.0,25,15,2,103,230.4,1.0,82.6,1.0,230.4,1.0,21.0,24.2,37.4,24.2
2020_09_NYG_WAS,WAS,387.0,39,29,1,37.0,9,1,387.0,39,29,1,104,224.6,1.2,100.8,1.0,224.6,1.2,24.2,23.4,35.8,23.4
2020_10_WAS_DET,WAS,390.0,52,38,0,89.0,26,3,390.0,55,38,0,105,257.2,1.0,87.6,1.0,257.2,1.0,21.6,25.0,36.2,25.0
2020_11_CIN_WAS,WAS,166.0,24,17,1,164.0,34,1,166.0,25,17,1,106,272.4,1.0,91.6,1.2,272.4,1.0,22.4,26.2,38.2,26.2
2020_12_WAS_DAL,WAS,177.0,24,20,1,182.0,36,3,177.0,27,20,1,107,283.4,1.2,116.8,1.2,283.4,1.2,26.4,26.0,37.2,26.0
2020_13_WAS_PIT,WAS,296.0,44,31,1,45.0,21,1,296.0,46,31,1,108,262.8,1.0,136.0,1.8,262.8,1.0,28.8,23.8,34.2,23.8
2020_14_WAS_SF,WAS,108.0,29,15,0,98.0,28,0,108.0,32,15,0,109,283.2,0.8,103.4,1.8,283.2,0.8,25.2,27.0,38.4,27.0
2020_15_SEA_WAS,WAS,295.0,53,38,1,84.0,20,1,295.0,55,38,1,110,227.4,0.6,115.6,1.6,227.4,0.6,29.0,24.2,37.0,24.2
2020_16_CAR_WAS,WAS,291.0,47,26,1,108.0,19,0,291.0,47,26,1,111,208.4,0.8,114.6,1.2,208.4,0.8,27.8,24.2,37.0,24.2
2020_17_WAS_PHI,WAS,162.0,29,22,2,103.0,27,0,162.0,32,22,2,112,233.4,0.8,103.4,1.0,233.4,0.8,24.8,26.0,41.4,26.0
2021_01_LAC_WAS,WAS,135.0,20,14,1,126.0,27,0,135.0,21,14,1,113,230.4,1.0,87.6,0.4,230.4,1.0,23.0,26.4,42.4,26.4
2021_02_NYG_WAS,WAS,336.0,44,34,2,87.0,22,1,336.0,46,34,2,114,198.2,1.0,103.8,0.2,198.2,1.0,24.2,23.0,37.4,23.0
2021_03_WAS_BUF,WAS,212.0,24,14,2,78.0,25,1,212.0,24,14,2,115,243.8,1.4,101.6,0.4,243.8,1.4,23.0,26.8,40.2,26.8
2021_04_WAS_ATL,WAS,290.0,33,23,3,122.0,28,1,290.0,33,23,3,116,227.2,1.6,100.4,0.4,227.2,1.6,24.0,22.0,34.0,22.0
2021_05_NO_WAS,WAS,248.0,41,20,0,131.0,33,2,248.0,41,20,0,117,227.0,2.0,103.2,0.6,227.0,2.0,25.8,21.4,31.2,21.4
2021_06_KC_WAS,WAS,182.0,39,24,1,94.0,19,0,182.0,39,24,1,118,244.2,1.6,108.8,1.0,244.2,1.6,27.0,21.0,33.0,21.0
2021_07_WAS_GB,WAS,268.0,36,25,1,195.0,29,0,268.0,37,25,1,119,253.6,1.6,102.4,1.0,253.6,1.6,25.4,23.0,36.6,23.0
2021_08_WAS_DEN,WAS,270.0,37,24,1,112.0,24,0,270.0,39,24,1,120,240.0,1.4,124.0,0.8,240.0,1.4,26.8,21.2,34.8,21.2
2021_10_TB_WAS,WAS,256.0,32,26,1,94.0,34,2,256.0,32,26,1,121,251.6,1.2,130.8,0.6,251.6,1.2,26.6,23.2,37.8,23.2
2021_11_WAS_CAR,WAS,206.0,20,16,3,190.0,40,0,206.0,22,16,3,122,244.8,0.8,125.2,0.8,244.8,0.8,27.8,23.8,37.6,23.8
2021_12_SEA_WAS,WAS,223.0,34,27,1,152.0,43,1,223.0,35,27,1,123,236.4,1.4,137.0,0.4,236.4,1.4,29.2,23.0,33.8,23.0
2021_13_WAS_LV,WAS,196.0,30,23,2,112.0,30,0,196.0,30,23,2,124,244.6,1.4,148.6,0.6,244.6,1.4,34.0,23.6,33.0,23.6
2021_14_DAL_WAS,WAS,175.0,33,15,1,100.0,23,1,175.0,34,15,1,125,230.2,1.6,132.0,0.6,230.2,1.6,34.2,23.2,31.6,23.2
2021_15_WAS_PHI,WAS,194.0,30,20,0,63.0,21,2,194.0,31,20,0,126,211.2,1.6,129.6,0.8,211.2,1.6,34.0,21.4,30.6,21.4
2021_16_WAS_DAL,WAS,188.0,30,15,2,85.0,20,0,188.0,32,15,2,127,198.8,1.4,123.4,0.8,198.8,1.4,31.4,20.2,30.4,20.2
2021_17_PHI_WAS,WAS,247.0,34,27,0,94.0,22,1,247.0,36,27,0,128,195.2,1.2,102.4,0.8,195.2,1.2,27.4,20.0,32.4,20.0
2021_18_WAS_NYG,WAS,120.0,17,9,0,226.0,37,1,120.0,18,9,0,129,200.0,1.0,90.8,0.8,200.0,1.0,23.2,20.0,32.6,20.0
2022_01_JAX_WAS,WAS,313.0,41,27,4,85.0,28,0,313.0,41,27,4,130,184.8,0.6,113.6,1.0,184.8,0.6,24.6,17.2,30.2,17.2
2022_02_WAS_DET,WAS,337.0,44,30,3,88.0,21,1,337.0,46,30,3,131,212.4,1.2,110.6,0.8,212.4,1.2,25.6,19.6,31.6,19.6
2022_03_PHI_WAS,WAS,211.0,42,25,0,87.0,22,1,211.0,43,25,0,132,241.0,1.8,115.6,0.6,241.0,1.8,25.6,21.6,34.6,21.6
2022_04_WAS_DAL,WAS,170.0,40,25,1,142.0,27,0,170.0,42,25,1,133,245.6,1.4,116.0,0.8,245.6,1.4,26.0,23.6,36.8,23.6
2022_05_TEN_WAS,WAS,359.0,37,25,2,43.0,17,0,359.0,38,25,2,134,230.2,1.6,125.6,0.6,230.2,1.6,27.0,23.2,38.0,23.2
2022_06_WAS_CHI,WAS,99.0,22,12,0,128.0,28,1,99.0,22,12,0,135,278.0,2.0,89.0,0.4,278.0,2.0,23.0,26.4,42.0,26.4
2022_07_GB_WAS,WAS,201.0,32,20,2,166.0,38,0,201.0,33,20,2,136,235.2,1.2,97.6,0.6,235.2,1.2,23.0,23.4,38.2,23.4
2022_08_WAS_IND,WAS,279.0,30,23,1,96.0,28,1,279.0,31,23,1,137,208.0,1.0,113.2,0.4,208.0,1.0,26.4,21.4,35.6,21.4
2022_09_MIN_WAS,WAS,149.0,26,15,2,137.0,30,0,149.0,28,15,2,138,221.6,1.2,115.0,0.4,221.6,1.2,27.6,21.0,33.2,21.0
2022_10_WAS_PHI,WAS,211.0,25,17,0,152.0,49,2,211.0,29,17,0,139,217.4,1.4,114.0,0.4,217.4,1.4,28.2,19.0,30.4,19.0
2022_11_WAS_HOU,WAS,191.0,23,15,0,153.0,40,1,191.0,27,15,0,140,187.8,1.0,135.8,0.8,187.8,1.0,34.6,17.4,28.6,17.4
2022_12_ATL_WAS,WAS,138.0,22,14,2,176.0,37,0,138.0,23,14,2,141,206.2,1.0,140.8,0.8,206.2,1.0,37.0,18.0,29.6,18.0
2022_13_WAS_NYG,WAS,275.0,40,27,2,165.0,36,0,275.0,41,27,2,142,193.6,1.0,142.8,0.8,193.6,1.0,36.8,16.8,27.6,16.8
2022_15_NYG_WAS,WAS,249.0,27,17,1,159.0,26,0,249.0,29,17,1,143,192.8,1.2,156.6,0.6,192.8,1.2,38.4,17.6,29.6,17.6
2022_16_WAS_SF,WAS,289.0,34,25,3,79.0,33,0,289.0,34,25,3,144,212.8,1.0,161.0,0.6,212.8,1.0,37.6,18.0,29.8,18.0
2022_17_CLE_WAS,WAS,143.0,28,16,0,136.0,37,1,143.0,28,16,0,145,228.4,1.6,146.4,0.2,228.4,1.6,34.4,19.6,30.8,19.6
2022_18_DAL_WAS,WAS,169.0,18,11,1,151.0,41,1,169.0,19,11,1,146,218.8,1.6,143.0,0.2,218.8,1.6,33.8,19.8,31.0,19.8
2023_01_ARI_WAS,WAS,202.0,29,19,1,92.0,28,1,202.0,31,19,1,147,225.0,1.4,138.0,0.4,225.0,1.4,34.6,19.2,30.2,19.2
2023_02_WAS_DEN,WAS,299.0,34,27,2,122.0,23,2,299.0,39,27,2,148,210.4,1.2,123.4,0.6,210.4,1.2,33.0,17.6,28.2,17.6
2023_03_BUF_WAS,WAS,170.0,29,19,0,105.0,13,0,170.0,29,19,0,149,220.4,1.4,116.0,1.0,220.4,1.4,32.4,19.6,30.2,19.6
2023_04_WAS_PHI,WAS,290.0,39,29,1,107.0,28,2,290.0,41,29,1,150,196.6,0.8,121.2,1.0,196.6,0.8,28.4,18.4,29.2,18.4
2023_05_CHI_WAS,WAS,388.0,48,37,2,29.0,10,0,388.0,51,37,2,151,226.0,1.0,115.4,1.2,226.0,1.0,26.6,21.0,31.8,21.0
2023_06_WAS_ATL,WAS,151.0,21,14,3,72.0,22,0,151.0,23,14,3,152,269.8,1.2,91.0,1.0,269.8,1.2,20.4,26.2,38.2,26.2
2023_07_WAS_NYG,WAS,249.0,36,22,0,76.0,19,1,249.0,42,22,0,153,259.6,1.6,87.0,0.8,259.6,1.6,19.2,25.2,36.6,25.2
2023_08_PHI_WAS,WAS,397.0,51,39,4,84.0,16,0,397.0,52,39,4,154,249.6,1.2,77.8,0.6,249.6,1.2,18.4,24.2,37.2,24.2
2023_09_WAS_NE,WAS,325.0,44,29,1,124.0,29,1,325.0,45,29,1,155,295.0,2.0,73.6,0.6,295.0,2.0,19.0,28.2,41.8,28.2
2023_10_WAS_SEA,WAS,312.0,42,29,3,68.0,14,0,312.0,44,29,3,156,302.0,2.0,77.0,0.4,302.0,2.0,19.2,28.2,42.6,28.2
2023_11_NYG_WAS,WAS,256.0,42,31,1,174.0,28,1,256.0,45,31,1,157,286.8,2.2,84.8,0.4,286.8,2.2,20.0,26.6,41.2,26.6
2023_12_WAS_DAL,WAS,300.0,44,28,0,108.0,27,1,300.0,44,28,0,158,307.8,1.8,105.2,0.6,307.8,1.8,21.2,30.0,45.6,30.0
2023_13_MIA_WAS,WAS,127.0,22,12,0,138.0,28,2,127.0,23,12,0,159,318.0,1.8,111.6,0.6,318.0,1.8,22.8,31.2,46.0,31.2
2023_15_WAS_LA,WAS,226.0,34,19,3,79.0,21,0,226.0,36,19,3,160,264.0,1.0,122.4,1.0,264.0,1.0,25.2,25.8,40.2,25.8
2023_16_WAS_NYJ,WAS,156.0,32,16,1,102.0,22,3,156.0,35,16,1,161,244.2,1.4,113.4,0.8,244.2,1.4,23.6,23.8,38.4,23.8
2023_17_SF_WAS,WAS,169.0,26,17,1,62.0,14,0,169.0,28,17,1,162,213.0,1.0,120.2,1.4,213.0,1.0,25.2,21.2,36.6,21.2
2023_18_DAL_WAS,WAS,157.0,28,20,1,50.0,17,0,157.0,28,20,1,163,195.6,1.0,97.8,1.2,195.6,1.0,22.4,18.4,33.2,18.4
2024_01_WAS_TB,WAS,184.0,24,17,0,138.0,30,3,184.0,24,17,0,164,167.0,1.2,86.2,1.0,167.0,1.2,20.4,16.8,30.0,16.8
2024_02_NYG_WAS,WAS,226.0,29,23,0,215.0,35,0,226.0,29,23,0,165,178.4,1.2,86.2,1.2,178.4,1.2,20.8,17.8,30.2,17.8
2024_03_WAS_CIN,WAS,254.0,23,21,2,108.0,32,3,254.0,23,21,2,166,178.4,0.6,113.4,1.2,178.4,0.6,23.6,18.6,28.8,18.6
2024_04_WAS_ARI,WAS,233.0,30,26,1,216.0,37,4,233.0,30,26,1,167,198.0,0.8,114.6,1.2,198.0,0.8,25.6,19.6,26.4,19.6
2024_05_CLE_WAS,WAS,236.0,27,15,1,215.0,34,3,236.0,28,15,1,168,210.8,0.8,145.4,2.0,210.8,0.8,30.2,21.4,26.8,21.4
2024_06_WAS_BAL,WAS,269.0,33,24,2,52.0,18,0,269.0,35,24,2,169,226.6,0.8,178.4,2.6,226.6,0.8,33.6,20.4,26.8,20.4
2024_07_CAR_WAS,WAS,211.0,25,20,2,214.0,37,1,211.0,25,20,2,170,243.6,1.2,161.2,2.0,243.6,1.2,31.2,21.8,29.0,21.8
2024_08_CHI_WAS,WAS,326.0,34,21,1,168.0,32,0,326.0,38,21,1,171,240.6,1.6,161.0,2.2,240.6,1.6,31.6,21.2,28.2,21.2
2024_09_WAS_NYG,WAS,209.0,19,15,2,149.0,38,1,209.0,22,15,2,172,255.0,1.4,173.0,1.6,255.0,1.4,31.6,21.2,31.2,21.2
2024_10_PIT_WAS,WAS,202.0,32,17,0,60.0,22,3,202.0,34,17,0,173,250.2,1.6,159.6,1.0,250.2,1.6,31.8,19.0,29.6,19.0
2024_11_WAS_PHI,WAS,191.0,32,22,1,93.0,28,1,191.0,32,22,1,174,243.4,1.4,128.6,1.0,243.4,1.4,29.4,19.4,30.8,19.4
2024_12_DAL_WAS,WAS,275.0,34,25,2,145.0,25,1,275.0,38,25,2,175,227.8,1.2,136.8,1.2,227.8,1.2,31.4,19.0,30.2,19.0
2024_13_TEN_WAS,WAS,206.0,30,25,3,267.0,45,3,206.0,30,25,3,176,240.6,1.2,123.0,1.2,240.6,1.2,29.0,20.0,32.8,20.0
2024_15_WAS_NO,WAS,226.0,31,25,2,137.0,35,0,226.0,31,25,2,177,216.6,1.6,142.8,1.8,216.6,1.6,31.6,20.8,31.2,20.8
2024_16_PHI_WAS,WAS,258.0,36,24,5,113.0,24,0,258.0,39,24,5,178,220.0,1.6,140.4,1.6,220.0,1.6,31.0,22.8,33.0,22.8
2024_17_ATL_WAS,WAS,227.0,35,24,3,216.0,36,1,227.0,36,24,3,179,231.2,2.6,151.0,1.0,231.2,2.6,31.4,24.2,34.0,24.2
2024_18_WAS_DAL,WAS,199.0,30,21,2,113.0,18,1,199.0,31,21,2,180,238.4,3.0,175.6,1.0,238.4,3.0,33.0,24.6,34.8,24.6
