Rank,Player,Team,AVG,gsis_id,position,season,availability,age,snap_share,fan_pts_var,apy_cap_pct,draft_pick,pick_value,prev_year_completions,prev_year_passing_yards,prev_year_passing_tds,prev_year_carries,prev_year_rushing_yards,prev_year_rushing_tds,prev_year_receptions,prev_year_receiving_yards,prev_year_receiving_tds,prev_year_turnovers,obj_completions,obj_passing_yards,obj_passing_tds,obj_carries,obj_rushing_yards,obj_rushing_tds,obj_receptions,obj_receiving_yards,obj_receiving_tds,obj_turnovers,yac_pr,player_id_x,games_played,total_player_yards,avg_player_yards,avg_def_difficulty,avg_exploitation,player_id_y,redzone_touches,redzone_yards,redzone_tds,targets,recepciones,rec_yards,rec_ypg,rec_20plus,rec_td,attempts,rush_yards,rush_ypg,rush_td,fumbles_perdidos,total_touchdowns,partidos,targets_totales,targets_por_partido,targets_por_partido_equipo,posicion,equipo,target_share_pct
1,Antonio Brown,,1.0,00-0027793,WR,2015,1,27,0.955,203.24918,0.07,195.0,1.0,0,0.0,0,3,28.0,0,136,1834.0,10,1.0,0,0.0,0,3,9.0,0,106,1284.0,12,0.0,4.360294117647059,00-0027793,17,1953.0,114.882355,4.7298784,23.831804,00-0027793,30,224.0,8.0,197,136,1841,115.0625,25,10,3,28,1.75,0,2,10,16,197,12.3,37.2,WR,PIT,33.1
2,Julio Jones,,2.3,00-0027944,WR,2015,0.9315068493150684,26,0.8500000000000001,87.95429,0.099,6.0,23.2,0,0.0,0,0,0.0,0,136,1871.0,8,1.0,0,0.0,0,0,0.0,0,83,1409.0,6,0.0,4.713235294117647,00-0027944,16,1871.0,116.9375,4.3446155,26.634312,00-0027944,22,186.0,5.0,203,136,1871,116.9375,25,8,0,0,0.0,0,1,8,16,203,12.7,38.7,WR,ATL,32.8
3,Odell Beckham Jr.,,2.8,00-0031235,WR,2015,1,22,0.948,91.935524,0.02,12.0,18.8,0,0.0,0,1,3.0,0,96,1450.0,13,0.0,0,0.0,0,1,9.0,0,101,1367.0,10,1.0,6.145833333333333,00-0031235,15,1450.0,96.666664,4.2467837,22.25225,00-0031235,20,202.0,6.0,316,192,2908,193.86666666666667,38,13,1,3,0.2,0,0,13,15,158,10.5,38.4,WR,NYG,25.7
5,DeAndre Hopkins,BAL,5.8,00-0030564,WR,2015,1,23,0.966875,75.30462,0.016,27.0,13.6,0,0.0,0,0,0.0,0,111,1521.0,11,0.0,0,0.0,0,0,0.0,0,78,954.0,4,0.0,2.027027027027027,00-0030564,17,1590.0,93.52941,3.5925999,25.946064,00-0030564,31,298.0,7.0,193,111,1521,95.0625,19,11,0,0,0.0,0,0,11,16,193,12.1,38.5,WR,HOU,31.3
6,A.J. Green,,6.0,00-0027942,WR,2015,1,27,0.875625,101.31663,0.105,4.0,25.8,0,0.0,0,0,0.0,0,86,1297.0,10,1.0,0,0.0,0,0,0.0,0,66,964.0,4,0.0,3.9651162790697674,00-0027942,17,1368.0,80.47059,4.123175,18.965986,00-0027942,19,182.0,7.0,132,86,1297,81.0625,19,10,0,0,0.0,0,1,10,16,132,8.2,30.9,WR,CIN,26.7
9,Allen Robinson,II,9.8,00-0031428,WR,2015,0.6071428571428571,22,0.933125,97.632,0.007,61.0,8.4,0,0.0,0,0,0.0,0,80,1400.0,14,0.0,0,0.0,0,0,0.0,0,73,883.0,6,0.0,4.45,00-0031428,16,1400.0,87.5,4.440782,19.636969,00-0031428,21,210.0,12.0,151,80,1400,87.5,31,14,0,0,0.0,0,0,14,16,151,9.4,37.9,WR,JAX,24.9
14,Dez Bryant,,12.5,00-0027902,WR,2015,0.7010309278350515,26,0.8044444444444445,39.6325,0.098,24.0,14.4,0,0.0,0,0,0.0,0,31,401.0,3,0.0,1,10.0,1,0,0.0,0,50,796.0,8,1.0,4.225806451612903,00-0027902,9,401.0,44.555557,3.513607,11.915012,00-0027902,13,96.0,3.0,72,31,401,44.55555555555556,3,3,0,0,0.0,0,0,3,9,72,8.0,32.5,WR,DAL,13.8
15,Keenan Allen,LAC,15.0,00-0030279,WR,2015,0.8095238095238095,23,0.90375,129.53696,0.072,76.0,7.0,0,0.0,0,0,0.0,0,67,725.0,4,0.0,0,0.0,0,0,0.0,0,6,63.0,0,0.0,3.5223880597014925,00-0030279,8,725.0,90.625,4.975336,18.037592,00-0030279,8,114.0,2.0,90,67,725,90.625,8,4,0,0,0.0,0,1,4,8,90,11.2,41.4,WR,LAC,13.6
16,Brandon Marshall,,15.8,00-0024334,WR,2015,0.8793103448275862,31,0.953125,54.825333,0.06,119.0,4.2,0,0.0,0,0,0.0,0,109,1502.0,14,2.0,0,0.0,0,0,0.0,0,59,788.0,3,0.0,4.018348623853211,00-0024334,16,1502.0,93.875,3.901949,24.31193,00-0024334,25,264.0,10.0,173,109,1502,93.875,19,14,0,0,0.0,0,2,14,16,173,10.8,37.6,WR,NYJ,28.7
18,Mike Evans,TB,18.0,00-0031408,WR,2015,1,22,0.8386666666666666,65.412575,0.027999999999999997,7.0,22.2,0,0.0,0,0,0.0,0,74,1206.0,3,1.0,0,0.0,0,0,0.0,0,96,1321.0,12,0.0,3.135135135135135,00-0031408,15,1206.0,80.4,4.063141,19.153341,00-0031408,17,54.0,2.0,148,74,1211,80.73333333333333,21,3,0,0,0.0,0,1,3,15,148,9.9,33.0,WR,TB,28.0
20,Alshon Jeffery,,20.3,00-0029137,WR,2015,0.7611940298507462,25,0.8088888888888888,75.065,0.094,45.0,10.4,0,0.0,0,0,0.0,0,54,807.0,4,0.0,0,0.0,0,0,0.0,0,52,821.0,2,0.0,3.2777777777777777,00-0029137,9,807.0,89.666664,4.018912,22.607075,00-0029137,16,152.0,3.0,94,54,807,89.66666666666667,14,4,0,0,0.0,0,0,4,9,94,10.4,32.6,WR,CHI,18.0
21,Amari Cooper,,21.3,00-0031544,WR,2015,1,21,0.858125,82.03829,0.04,4.0,25.8,0,0.0,0,3,-3.0,0,72,1082.0,6,1.0,0,0.0,0,1,0.0,0,83,1153.0,5,0.0,5.194444444444445,00-0031544,16,1082.0,67.625,4.123015,15.355972,00-0031544,8,108.0,2.0,130,72,1082,67.625,16,6,3,-3,-0.1875,0,1,6,16,130,8.1,37.8,WR,LV,21.5
23,Brandin Cooks,NO,23.8,00-0031236,WR,2015,0.6071428571428571,21,0.83125,67.594666,0.016,20.0,15.5,0,0.0,0,8,18.0,0,84,1138.0,9,0.0,0,0.0,0,6,30.0,0,78,1173.0,8,0.0,4.571428571428571,00-0031236,16,1138.0,71.125,4.797978,15.042525,00-0031236,10,74.0,2.0,129,84,1138,71.125,18,9,8,18,1.125,0,0,9,16,129,8.1,41.6,WR,NO,19.4
27,T.Y. Hilton,,28.0,00-0029608,WR,2015,1,25,0.841875,62.019833,0.091,92.0,5.8,0,0.0,0,0,0.0,0,69,1124.0,5,0.0,0,0.0,0,0,0.0,0,91,1448.0,6,0.0,5.521739130434782,00-0029608,16,1124.0,70.25,3.8263526,17.786076,00-0029608,16,124.0,3.0,134,69,1124,70.25,17,5,0,0,0.0,0,0,5,16,134,8.4,37.9,WR,IND,22.1
28,Demaryius Thomas,,28.0,00-0027874,WR,2015,1,27,0.8431249999999999,31.574501,0.098,22.0,14.9,0,0.0,0,0,0.0,0,105,1304.0,6,2.0,0,0.0,0,0,0.0,0,90,1083.0,5,2.0,4.561904761904762,00-0027874,19,1364.0,71.789474,3.8801863,18.324121,00-0027874,23,174.0,3.0,177,105,1304,81.5,14,6,0,0,0.0,0,2,6,16,177,11.1,37.8,WR,DEN,29.3
29,Sammy Watkins,,28.5,00-0031325,WR,2015,1,22,0.8146153846153846,115.12564,0.037000000000000005,4.0,25.8,0,0.0,0,1,1.0,0,60,1047.0,9,0.0,0,0.0,0,0,0.0,0,28,430.0,2,0.0,2.9833333333333334,00-0031325,13,1047.0,80.53846,3.593484,22.878536,00-0031325,7,60.0,2.0,96,60,1047,80.53846153846153,18,9,1,1,0.0769230769230769,0,0,9,13,96,7.4,28.9,WR,BUF,20.7
31,Jarvis Landry,,30.0,00-0031382,WR,2015,1,22,0.84375,53.816536,0.007,63.0,8.2,1,9.0,0,18,113.0,1,110,1157.0,4,0.0,0,0.0,0,5,17.0,0,94,1136.0,4,1.0,4.845454545454546,00-0031382,16,1157.0,72.3125,4.3271055,16.020424,00-0031382,24,158.0,3.0,167,110,1157,72.3125,10,4,18,113,7.0625,1,0,5,16,167,10.4,36.4,WR,MIA,28.6
35,Randall Cobb,,36.5,00-0028002,WR,2015,1,25,0.91625,58.542957,0.07,64.0,8.1,0,0.0,0,13,50.0,0,79,829.0,6,0.0,0,0.0,0,10,33.0,0,60,610.0,4,0.0,5.518987341772152,00-0028002,18,867.0,48.166668,3.6328392,13.614275,00-0028002,24,118.0,6.0,129,79,829,51.8125,11,6,13,50,3.125,0,0,6,16,129,8.1,35.6,WR,GB,22.6
36,Julian Edelman,,39.8,00-0027150,WR,2015,0.8869565217391304,29,0.811111111,62.61501,0.032,232.0,0.0,0,0.0,0,3,23.0,0,61,692.0,7,1.0,0,0.0,0,12,57.0,0,98,1106.0,3,1.0,5.081967213114754,00-0027150,11,845.0,76.818184,5.1093187,14.959149,00-0027150,23,174.0,5.0,88,61,692,76.88888888888889,8,7,3,23,2.555555555555556,0,1,7,9,88,9.8,39.0,WR,NE,14.1
40,Jeremy Maclin,,41.3,00-0026995,WR,2015,1,27,0.882,73.13981,0.077,19.0,15.8,0,0.0,0,3,14.0,0,87,1088.0,8,1.0,0,0.0,0,1,-1.0,0,44,536.0,2,0.0,3.7011494252873565,00-0026995,17,1140.0,67.05882,3.569995,18.27941,00-0026995,15,158.0,6.0,124,87,1088,72.53333333333333,14,8,3,14,0.9333333333333332,0,1,8,15,124,8.3,29.2,WR,KC,26.6
45,Golden Tate,,45.3,00-0027891,WR,2015,1,27,0.861875,40.4345,0.047,60.0,8.5,0,0.0,0,6,41.0,0,90,813.0,6,1.0,0,0.0,0,10,4.0,0,91,1077.0,4,1.0,5.9222222222222225,00-0027891,16,813.0,50.8125,4.396606,12.094724,00-0027891,18,78.0,6.0,129,90,813,50.8125,7,6,6,41,2.5625,0,1,6,16,129,8.1,38.9,WR,DET,20.7
47,Donte Moncrief,,46.5,00-0031339,WR,2015,1,22,0.7562500000000001,53.062294,0.005,90.0,5.9,0,0.0,0,0,0.0,0,64,733.0,6,0.0,0,0.0,0,1,-1.0,0,30,307.0,7,0.0,4.171875,00-0031339,16,733.0,45.8125,3.8263526,11.682478,00-0031339,12,116.0,5.0,105,64,733,45.8125,9,6,0,0,0.0,0,0,6,16,105,6.6,37.9,WR,IND,17.3
48,Eric Decker,,49.0,00-0027690,WR,2015,1,28,0.8780000000000001,11.512668,0.055,87.0,6.2,0,0.0,0,0,0.0,0,80,1027.0,12,1.0,0,0.0,0,0,0.0,0,9,194.0,2,0.0,2.675,00-0027690,15,1027.0,68.46667,3.9105234,17.560255,00-0027690,29,150.0,10.0,132,80,1027,68.46666666666667,16,12,0,0,0.0,0,1,12,15,132,8.8,37.6,WR,NYJ,21.9
50,Doug Baldwin,,51.8,00-0028434,WR,2015,1,26,-1.0,113.70062,0.074,,0.0,0,0.0,0,0,0.0,0,78,1069.0,14,0.0,1,15.0,1,3,2.0,0,94,1128.0,7,0.0,5.641025641025641,00-0028434,18,1193.0,66.27778,4.0452266,15.954853,00-0028434,19,252.0,8.0,103,78,1069,66.8125,16,14,0,0,0.0,0,0,14,16,103,6.4,29.7,WR,SEA,21.7
55,Larry Fitzgerald,,57.5,00-0022921,WR,2015,1,32,0.8875,70.630295,0.071,3.0,27.6,0,0.0,0,0,0.0,0,109,1215.0,9,2.0,0,0.0,0,2,5.0,0,107,1023.0,6,1.0,4.238532110091743,00-0022921,18,1421.0,78.94444,4.7358623,16.638803,00-0022921,21,186.0,9.0,145,109,1215,75.9375,17,9,0,0,0.0,0,2,9,16,145,9.1,34.4,WR,ARI,26.4
56,Michael Floyd,,58.5,00-0029638,WR,2015,1,25,0.624,83.312096,0.028999999999999998,13.0,18.3,0,0.0,0,0,0.0,0,52,849.0,6,0.0,0,0.0,0,0,0.0,0,37,488.0,5,0.0,4.0,00-0029638,17,912.0,53.64706,4.6814594,11.315434,00-0029638,13,84.0,4.0,89,52,849,56.6,13,6,0,0,0.0,0,0,6,15,89,5.9,34.4,WR,ARI,16.2
65,Marvin Jones Jr.,,65.8,00-0029293,WR,2015,0.8947368421052632,25,0.8512500000000001,36.531624,0.052000000000000005,166.0,2.0,0,0.0,0,5,33.0,0,65,816.0,4,0.0,0,0.0,0,1,3.0,0,55,930.0,4,0.0,4.446153846153846,00-0029293,17,848.0,49.882355,4.123175,12.669148,00-0029293,12,116.0,2.0,103,65,816,51.0,13,4,5,33,2.0625,0,0,4,16,103,6.4,30.9,WR,CIN,20.8
68,Emmanuel Sanders,,67.0,00-0027685,WR,2015,1,28,0.8293333333333334,96.29209,0.071,82.0,6.5,0,0.0,0,3,29.0,0,76,1135.0,6,1.0,0,0.0,0,1,4.0,0,79,1032.0,5,0.0,4.776315789473684,00-0027685,18,1365.0,75.833336,3.8884556,19.99887,00-0027685,11,104.0,3.0,137,76,1135,75.66666666666667,12,6,3,29,1.9333333333333331,0,2,6,15,137,9.1,37.8,WR,DEN,22.7
69,Allen Hurns,,69.5,00-0030821,WR,2015,1,23,-1.0,70.16924,0.064,,0.0,0,0.0,0,0,0.0,0,64,1031.0,10,1.0,0,0.0,0,0,0.0,0,35,477.0,3,0.0,5.421875,00-0030821,15,1031.0,68.73333,4.3729925,16.11364,00-0030821,16,158.0,6.0,106,64,1031,68.73333333333333,19,10,0,0,0.0,0,1,10,15,106,7.1,37.9,WR,JAX,17.5
72,John Brown,,70.8,00-0031051,WR,2015,1,25,0.8086666666666666,36.33524,0.005,91.0,5.9,0,0.0,0,3,22.0,0,65,1003.0,7,1.0,0,0.0,0,1,10.0,0,39,517.0,2,0.0,4.846153846153846,00-0031051,17,1108.0,65.17647,4.717145,13.49426,00-0031051,19,194.0,6.0,202,130,2006,133.73333333333332,22,14,6,44,2.933333333333333,0,1,14,15,101,6.7,34.4,WR,ARI,18.4
74,Tyler Lockett,TEN,72.8,00-0032211,WR,2015,1,22,0.610625,62.701164,0.006,69.0,7.6,0,0.0,0,5,20.0,0,51,664.0,6,0.0,0,0.0,0,6,114.0,1,41,597.0,1,0.0,5.0,00-0032211,18,774.0,43.0,4.0452266,10.7078705,00-0032211,4,80.0,2.0,69,51,664,41.5,9,6,5,20,1.25,0,1,6,16,69,4.3,29.7,WR,SEA,14.5
77,Michael Crabtree,,76.8,00-0026986,WR,2015,1,27,0.765,46.38933,0.059000000000000004,10.0,19.9,0,0.0,0,0,0.0,0,85,922.0,9,0.0,0,0.0,0,0,0.0,0,89,1003.0,8,0.0,3.0941176470588236,00-0026986,16,922.0,57.625,4.123015,13.845262,00-0026986,13,36.0,2.0,146,85,922,57.625,15,9,0,0,0.0,0,0,9,16,146,9.1,37.8,WR,LV,24.2
81,DeSean Jackson,,83.3,00-0026189,WR,2015,0.8947368421052632,28,0.6333333333333333,80.509995,0.06,49.0,9.8,0,0.0,0,0,0.0,0,30,528.0,4,0.0,0,0.0,0,0,0.0,0,56,1005.0,4,0.0,5.266666666666667,00-0026189,10,545.0,54.5,4.5383706,11.424735,00-0026189,5,32.0,0.0,49,30,528,58.66666666666666,10,4,0,0,0.0,0,1,4,9,49,5.4,34.9,WR,WAS,8.8
86,DeVante Parker,,88.5,00-0031547,WR,2015,1,22,0.5092857142857142,49.25643,0.019,14.0,17.8,0,0.0,0,0,0.0,0,26,494.0,3,0.0,0,0.0,0,0,0.0,0,56,744.0,4,0.0,3.769230769230769,00-0031547,8,494.0,61.75,4.276912,16.200636,00-0031547,10,34.0,1.0,51,26,494,61.75,9,3,0,0,0.0,0,0,3,8,51,6.4,36.4,WR,MIA,8.7
97,Willie Snead,IV,95.5,00-0030663,WR,2015,1,22,0.7073333333333334,42.764954,0.003,,0.0,0,0.0,0,0,0.0,0,69,984.0,3,1.0,1,50.0,1,0,0.0,0,72,895.0,4,0.0,5.0,00-0030663,15,984.0,65.6,4.7937055,13.540379,00-0030663,10,74.0,2.0,102,69,984,65.6,15,3,0,0,0.0,0,1,3,15,102,6.8,41.6,WR,NO,15.3
98,Stefon Diggs,NE,97.3,00-0031588,WR,2015,1,21,0.7769230769230767,60.138077,0.004,146.0,2.9,0,0.0,0,3,13.0,0,52,720.0,4,0.0,0,0.0,0,3,10.0,0,84,903.0,3,0.0,5.615384615384615,00-0031588,14,746.0,53.285713,3.3517258,15.453402,00-0031588,9,58.0,1.0,84,52,720,55.38461538461539,13,4,3,13,1.0,0,0,4,13,84,6.5,27.7,WR,MIN,19.0
105,Kamar Aiken,,112.8,00-0028497,WR,2015,1,26,-1.0,49.0705,0.016,,0.0,0,0.0,0,0,0.0,0,75,944.0,5,1.0,0,0.0,0,0,0.0,0,29,328.0,1,0.0,2.8133333333333335,00-0028497,16,944.0,59.0,4.131624,14.782446,00-0028497,11,92.0,4.0,128,75,944,59.0,11,5,0,0,0.0,0,1,5,16,128,8.0,41.9,WR,BAL,19.1
107,Travis Benjamin,,115.8,00-0029269,WR,2015,0.86440678,25,0.765625,69.67317,0.039,100.0,5.3,0,0.0,0,4,12.0,0,68,966.0,5,1.0,0,0.0,0,2,-3.0,0,47,677.0,4,2.0,4.720588235294118,00-0029269,16,966.0,60.375,3.965748,15.402042,00-0029269,17,64.0,1.0,127,68,966,60.375,12,5,4,12,0.75,0,2,5,16,127,7.9,37.8,WR,CLE,21.0
108,Tavon Austin,,116.0,00-0030525,WR,2015,1,25,0.7775,66.865295,0.068,8.0,21.4,0,0.0,0,52,434.0,4,52,473.0,5,1.0,0,0.0,0,28,159.0,1,58,509.0,3,1.0,6.6923076923076925,00-0030525,16,473.0,29.5625,3.2643597,9.160286,00-0030525,10,92.0,4.0,87,52,473,29.5625,5,5,52,434,27.125,4,2,9,16,87,5.4,29.3,WR,LA,18.6
114,Vincent Jackson,,118.5,00-0023496,WR,2015,0.8504672897196262,32,0.773,73.22678,0.092,61.0,8.4,0,0.0,0,0,0.0,0,33,543.0,3,0.0,0,0.0,0,0,0.0,0,15,173.0,0,0.0,3.121212121212121,00-0023496,10,543.0,54.3,3.8451152,14.482016,00-0023496,14,106.0,3.0,63,33,543,54.3,13,3,0,0,0.0,0,0,3,10,63,6.3,33.0,WR,TB,11.9
118,Torrey Smith,,123.3,00-0027996,WR,2015,1,26,0.7731250000000001,50.646297,0.055999999999999994,58.0,8.7,0,0.0,0,0,0.0,0,33,663.0,4,0.0,0,0.0,0,0,0.0,0,20,267.0,3,0.0,6.606060606060606,00-0027996,16,663.0,41.4375,3.7643538,10.31906,00-0027996,8,26.0,1.0,63,33,663,41.4375,8,4,0,0,0.0,0,0,4,16,63,3.9,32.9,WR,SF,12.0
120,Markus Wheaton,,125.5,00-0030460,WR,2015,1,24,0.649375,76.982285,0.006,79.0,6.8,0,0.0,0,0,0.0,0,44,749.0,5,0.0,0,0.0,0,0,0.0,0,4,51.0,1,0.0,3.590909090909091,00-0030460,18,802.0,44.555557,4.79182,8.951732,00-0030460,17,88.0,3.0,80,44,749,46.8125,9,5,0,0,0.0,0,0,5,16,80,5.0,37.2,WR,PIT,13.4
131,Mohamed Sanu Sr.,,138.0,00-0029632,WR,2015,0.796875,26,0.6043749999999999,20.010958,0.042,83.0,6.5,0,0.0,0,10,71.0,2,33,394.0,0,0.0,0,0.0,0,1,5.0,0,59,653.0,4,1.0,6.151515151515151,00-0029632,17,411.0,24.17647,4.123175,5.594265,00-0029632,9,88.0,0.0,49,33,394,24.625,8,0,10,71,4.4375,2,0,2,16,49,3.1,30.9,WR,CIN,9.9
137,Phillip Dorsett II,LV,146.5,00-0032208,WR,2015,1,22,0.279090909090909,12.5676365,0.013999999999999999,29.0,13.2,0,0.0,0,3,17.0,0,18,225.0,1,0.0,0,0.0,0,2,10.0,0,33,528.0,2,0.0,3.3333333333333335,00-0032208,11,225.0,20.454546,3.912368,5.326966,00-0032208,1,0.0,0.0,39,18,225,20.454545454545453,4,1,3,17,1.5454545454545454,0,1,1,11,39,3.5,37.9,WR,IND,6.4
146,Rishard Matthews,,154.0,00-0029580,WR,2015,0.7611940298507462,25,0.7436363636363634,69.58672,0.032,227.0,0.0,0,0.0,0,1,4.0,0,43,662.0,4,0.0,0,0.0,0,0,0.0,0,65,945.0,9,1.0,5.488372093023256,00-0029580,11,662.0,60.18182,4.5546384,13.435773,00-0029580,1,6.0,1.0,61,43,662,60.18181818181818,10,4,1,4,0.3636363636363636,0,0,4,11,61,5.5,36.4,WR,MIA,10.5
151,Steve Smith,,157.0,00-0020337,WR,2015,0.7798165137614679,36,0.6942857142857142,196.20142,0.026000000000000002,74.0,7.2,0,0.0,0,0,0.0,0,46,670.0,3,0.0,0,0.0,0,0,0.0,0,70,799.0,5,0.0,5.565217391304348,00-0020337,7,670.0,95.71429,4.1782303,20.329737,00-0020337,9,46.0,1.0,73,46,670,95.71428571428572,13,3,0,0,0.0,0,0,3,7,73,10.4,41.9,WR,BAL,10.9
152,Chris Hogan,,159.5,00-0028237,WR,2015,1,27,0.558125,25.27379,0.026000000000000002,,0.0,1,4.0,0,1,4.0,0,36,450.0,2,0.0,0,0.0,0,3,9.0,0,38,680.0,4,1.0,2.9722222222222223,00-0028237,13,450.0,34.615383,3.6225786,9.786445,00-0028237,7,40.0,1.0,59,36,450,34.61538461538461,6,2,1,4,0.3076923076923077,0,0,2,13,59,4.5,28.9,WR,BUF,12.7
160,Dorial Green-Beckham,,167.3,00-0032218,WR,2015,1,22,0.575,44.225548,0.01,40.0,11.1,0,0.0,0,0,0.0,0,32,549.0,4,0.0,0,0.0,0,0,0.0,0,36,392.0,2,0.0,4.5,00-0032218,14,549.0,39.214287,4.0245214,9.215037,00-0032218,10,60.0,3.0,68,32,549,39.21428571428572,10,4,0,0,0.0,0,0,4,14,68,4.9,34.2,WR,TEN,12.4
162,Mike Wallace,,168.8,00-0026901,WR,2015,0.86440678,29,0.7337500000000001,33.759235,0.037000000000000005,84.0,6.4,0,0.0,0,1,6.0,0,39,473.0,2,0.0,0,0.0,0,5,31.0,0,72,1017.0,4,0.0,4.333333333333333,00-0026901,16,483.0,30.1875,3.3296206,9.457947,00-0026901,8,42.0,2.0,72,39,473,31.53333333333333,6,2,1,6,0.4,0,0,2,15,72,4.8,27.7,WR,MIN,16.3
165,Pierre Garcon,,174.0,00-0026345,WR,2015,1,29,0.755,19.532625,0.07,205.0,0.7,0,0.0,0,0,0.0,0,72,777.0,6,0.0,0,0.0,0,0,0.0,0,79,1041.0,3,0.0,2.2777777777777777,00-0026345,17,847.0,49.82353,4.350456,12.004938,00-0026345,19,110.0,5.0,112,72,777,48.5625,7,6,0,0,0.0,0,0,6,16,112,7.0,34.9,WR,WAS,20.1
168,Kenny Stills,,179.3,00-0030085,WR,2015,1,23,0.5806250000000001,33.15238,0.005,144.0,3.0,0,0.0,0,0,0.0,0,27,440.0,3,0.0,0,0.0,0,0,0.0,0,42,726.0,9,0.0,3.7777777777777777,00-0030085,15,440.0,29.333334,4.2631984,6.8823323,00-0030085,7,20.0,1.0,63,27,440,29.33333333333333,10,3,0,0,0.0,0,0,3,15,63,4.2,36.4,WR,MIA,10.8
174,Ted Ginn Jr.,,185.8,00-0025396,WR,2015,1,30,0.6453333333333334,71.88401,0.015,9.0,20.6,0,0.0,0,4,60.0,0,44,739.0,10,0.0,0,0.0,0,14,98.0,0,54,752.0,4,0.0,5.4772727272727275,00-0025396,17,865.0,50.882355,3.7070856,13.168288,00-0025396,9,118.0,6.0,96,44,739,52.785714285714285,10,10,4,60,4.285714285714286,0,0,10,14,96,6.9,30.9,WR,CAR,19.4
207,Kendall Wright,,204.7,00-0029708,WR,2015,1,25,0.611,52.445,0.026000000000000002,20.0,15.5,0,0.0,0,5,17.0,0,36,408.0,3,0.0,0,0.0,0,1,15.0,0,29,416.0,3,0.0,3.9722222222222223,00-0029708,10,408.0,40.8,3.8357406,10.067528,00-0029708,7,80.0,2.0,60,36,408,40.8,4,3,5,17,1.7,0,0,3,10,60,6.0,34.2,WR,TEN,11.0
208,Nelson Agholor,,205.7,00-0031549,WR,2015,1,22,0.7369230769230769,17.376026,0.016,20.0,15.5,0,0.0,0,0,0.0,0,23,283.0,1,1.0,0,0.0,0,5,14.0,0,36,365.0,2,0.0,4.130434782608695,00-0031549,13,283.0,21.76923,4.1013584,5.0595145,00-0031549,6,46.0,0.0,44,23,279,21.46153846153846,3,1,0,0,0.0,0,1,1,13,44,3.4,38.8,WR,PHI,7.1
209,Terrance Williams,,205.7,00-0030542,WR,2015,1,25,0.768125,43.07133,0.006,74.0,7.2,0,0.0,0,0,0.0,0,52,840.0,3,0.0,0,0.0,0,0,0.0,0,44,594.0,4,1.0,5.288461538461538,00-0030542,16,840.0,52.5,3.789803,13.644184,00-0030542,11,66.0,1.0,93,52,840,52.5,13,3,0,0,0.0,0,0,3,16,93,5.8,32.5,WR,DAL,17.9
213,Anquan Boldin,,208.3,00-0022084,WR,2015,1,34,0.8635714285714285,46.124012,0.018000000000000002,54.0,9.2,0,0.0,0,0,0.0,0,69,789.0,4,1.0,0,0.0,0,0,0.0,0,67,584.0,8,0.0,4.086956521739131,00-0022084,14,789.0,56.357143,3.9046876,13.757027,00-0022084,20,192.0,3.0,112,69,789,56.35714285714285,10,4,0,0,0.0,0,1,4,14,112,8.0,32.9,WR,SF,21.3
229,Davante Adams,LAR,222.7,00-0031381,WR,2015,1,22,0.7999999999999999,33.422306,0.007,53.0,9.3,0,0.0,0,0,0.0,0,50,495.0,1,0.0,0,0.0,0,0,0.0,0,75,997.0,12,1.0,2.96,00-0031381,14,543.0,38.785713,3.4809852,10.883497,00-0031381,16,88.0,2.0,96,50,495,38.07692307692308,6,1,0,0,0.0,0,0,1,13,96,7.4,35.6,WR,GB,16.8
238,Quinton Patton,,233.3,00-0030450,WR,2015,1,25,0.423125,12.478287,0.005,128.0,3.7,0,0.0,0,1,5.0,0,30,394.0,1,0.0,0,0.0,0,0,0.0,0,37,408.0,0,0.0,7.133333333333334,00-0030450,15,394.0,26.266666,3.7938418,7.4402094,00-0030450,4,34.0,0.0,57,30,394,26.266666666666666,7,1,1,5,0.3333333333333333,0,0,1,15,57,3.8,32.9,WR,SF,10.8
239,Robert Woods,PIT,234.7,00-0030431,WR,2015,0.6938775510204082,23,0.8178571428571428,37.77187,0.01,41.0,11.0,0,0.0,0,1,0.0,0,47,552.0,3,1.0,0,0.0,0,1,6.0,0,51,613.0,1,0.0,3.297872340425532,00-0030431,14,552.0,39.42857,3.679165,10.436388,00-0030431,7,58.0,2.0,80,47,552,39.42857142857143,5,3,1,0,0.0,0,1,3,14,80,5.7,28.9,WR,BUF,17.3
242,Jamison Crowder,,237.7,00-0031941,WR,2015,1,22,0.7,39.723335,0.005,105.0,5.0,0,0.0,0,2,2.0,0,59,604.0,2,0.0,0,0.0,0,2,-2.0,0,67,847.0,7,1.0,5.728813559322034,00-0031941,17,619.0,36.411766,4.350456,8.457458,00-0031941,15,50.0,2.0,80,59,604,37.75,7,2,2,2,0.125,0,1,2,16,80,5.0,34.9,WR,WAS,14.3
247,Jermaine Kearse,,242.0,00-0029159,WR,2015,1,25,-1.0,48.44829,0.028999999999999998,,0.0,0,0.0,0,0,0.0,0,49,685.0,5,0.0,0,0.0,0,0,0.0,0,41,510.0,1,0.0,4.653061224489796,00-0029159,18,813.0,45.166668,4.0452266,11.108685,00-0029159,13,168.0,5.0,69,49,685,42.8125,13,5,0,0,0.0,0,0,5,16,69,4.3,29.7,WR,SEA,14.5
250,Danny Amendola,,249.0,00-0026035,WR,2015,0.9523809523809523,29,0.5742857142857142,63.63406,0.026000000000000002,,0.0,1,36.0,0,2,11.0,0,65,648.0,3,0.0,0,0.0,0,0,0.0,0,23,243.0,4,1.0,4.061538461538461,00-0026035,16,705.0,44.0625,4.712352,9.528372,00-0026035,13,108.0,4.0,87,65,648,46.285714285714285,5,3,2,11,0.7857142857142857,0,1,3,14,87,6.2,39.0,WR,NE,13.9
254,Justin Hardy,,217.0,00-0031570,WR,2015,1,23,0.5477777777777777,3.873611,0.005,107.0,4.8,0,0.0,0,0,0.0,0,21,194.0,0,0.0,0,0.0,0,0,0.0,0,21,203.0,4,0.0,3.0952380952380953,00-0031570,9,194.0,21.555555,4.4953136,4.8899283,00-0031570,6,52.0,0.0,36,21,194,21.55555555555556,2,0,0,0,0.0,0,0,0,9,36,4.0,38.7,WR,ATL,5.8
257,Brandon LaFell,,254.7,00-0027681,WR,2015,1,28,0.8699999999999999,14.218183,0.016,78.0,6.9,0,0.0,0,2,9.0,0,37,515.0,0,0.0,0,0.0,0,1,-2.0,0,64,862.0,6,0.0,6.054054054054054,00-0027681,12,521.0,43.416668,4.478719,9.858831,00-0027681,8,58.0,0.0,74,37,515,46.81818181818182,7,0,2,9,0.8181818181818182,0,0,0,11,74,6.7,39.0,WR,NE,11.9
270,Marqise Lee,,240.5,00-0031431,WR,2015,1,23,0.383,11.336945,0.01,39.0,11.3,0,0.0,0,5,38.0,0,15,191.0,1,0.0,1,20.0,1,6,35.0,0,63,851.0,3,0.0,6.066666666666666,00-0031431,9,191.0,21.222221,4.620945,4.5741954,00-0031431,5,48.0,1.0,32,15,191,21.22222222222222,2,1,5,38,4.222222222222222,0,0,1,9,32,3.6,37.9,WR,JAX,5.3
271,Kenny Britt,,268.3,00-0027006,WR,2015,0.9711538461538461,26,0.675625,33.22096,0.032,30.0,12.9,0,0.0,0,0,0.0,0,36,681.0,3,0.0,0,0.0,0,0,0.0,0,68,1002.0,5,1.0,3.2777777777777777,00-0027006,16,681.0,42.5625,3.2643597,13.444618,00-0027006,4,0.0,0.0,72,36,681,42.5625,11,3,0,0,0.0,0,0,3,16,72,4.5,29.3,WR,LA,15.4
272,Rueben Randle,,242.0,00-0029262,WR,2015,1,24,0.8925,33.680958,0.007,63.0,8.2,0,0.0,0,0,0.0,0,57,801.0,8,0.0,--,--,--,--,--,--,--,--,--,--,3.5964912280701755,00-0029262,16,801.0,50.0625,4.3067913,12.005384,00-0029262,12,110.0,3.0,90,57,801,50.0625,13,8,0,0,0.0,0,0,8,16,90,5.6,38.4,WR,NYG,14.6
275,Chris Conley,,270.0,00-0032128,WR,2015,1,22,0.3625,30.207497,0.005,76.0,7.0,0,0.0,0,0,0.0,0,17,199.0,1,0.0,0,0.0,0,0,0.0,0,44,530.0,0,0.0,4.0588235294117645,00-0032128,11,241.0,21.90909,3.7831755,5.758713,00-0032128,8,58.0,2.0,31,17,199,22.11111111111111,2,1,0,0,0.0,0,0,1,9,31,3.4,29.2,WR,KC,6.6
276,J.J. Nelson,,273.0,00-0032112,WR,2015,1,23,0.2009090909090909,69.74445,0.004,159.0,2.3,0,0.0,0,1,0.0,0,11,299.0,2,0.0,0,0.0,0,4,83.0,1,34,568.0,6,1.0,5.090909090909091,00-0032112,11,332.0,30.181818,4.5838847,6.1101837,00-0032112,2,36.0,0.0,27,11,299,33.22222222222222,7,2,1,0,0.0,0,1,2,9,27,3.0,34.4,WR,ARI,4.9
287,Brandon Coleman,,259.0,00-0030801,WR,2015,1,23,-1.0,29.746502,--,,0.0,0,0.0,0,0,0.0,0,30,454.0,2,0.0,0,0.0,0,0,0.0,0,26,281.0,3,0.0,4.0,00-0030801,16,454.0,28.375,4.797978,5.8409886,00-0030801,4,36.0,1.0,49,30,454,28.375,11,2,0,0,0.0,0,0,2,16,49,3.1,41.6,WR,NO,7.4
289,Cole Beasley,,283.0,00-0029000,WR,2015,1,26,0.55,77.63333,0.024,,0.0,0,0.0,0,0,0.0,0,52,536.0,5,1.0,0,0.0,0,1,7.0,0,75,833.0,5,0.0,6.230769230769231,00-0029000,16,536.0,33.5,3.789803,8.447311,00-0029000,18,154.0,5.0,75,52,536,33.5,7,5,0,0,0.0,0,2,5,16,75,4.7,32.5,WR,DAL,14.4
291,Seth Roberts,,284.7,00-0031166,WR,2015,1,24,-1.0,54.326668,0.003,,0.0,0,0.0,0,0,0.0,0,32,480.0,5,0.0,0,0.0,0,0,0.0,0,38,397.0,5,0.0,4.1875,00-0031166,16,480.0,30.0,4.123015,7.2788534,00-0031166,11,130.0,5.0,56,32,480,30.0,7,5,0,0,0.0,0,0,5,16,56,3.5,37.8,WR,LV,9.3
293,Andre Johnson,,269.0,00-0022044,WR,2015,1,34,0.64125,48.21263,0.012,3.0,27.6,0,0.0,0,0,0.0,0,41,503.0,4,0.0,0,0.0,0,0,0.0,0,9,85.0,2,0.0,3.5853658536585367,00-0022044,16,503.0,31.4375,3.8263526,8.81657,00-0022044,12,90.0,4.0,78,41,503,31.4375,7,4,0,0,0.0,0,0,4,16,78,4.9,37.9,WR,IND,12.9
302,Eddie Royal,,282.0,00-0026182,WR,2015,1,29,0.7799999999999999,27.83361,0.035,42.0,10.8,0,0.0,0,1,-1.0,0,37,238.0,1,0.0,0,0.0,0,0,0.0,0,33,369.0,2,0.0,4.783783783783784,00-0026182,9,238.0,26.444445,3.582591,7.855506,00-0026182,11,62.0,1.0,50,37,238,26.444444444444443,2,1,1,-1,-0.1111111111111111,0,0,1,9,50,5.6,32.6,WR,CHI,9.6
308,Darrius Heyward-Bey,,288.0,00-0026983,WR,2015,1,28,0.3925,34.92473,0.008,7.0,22.2,0,0.0,0,0,0.0,0,21,314.0,2,0.0,0,0.0,0,1,60.0,1,6,114.0,2,0.0,3.4761904761904763,00-0026983,13,378.0,29.076923,4.572532,5.935574,00-0026983,4,18.0,1.0,40,21,314,28.545454545454547,5,2,0,0,0.0,0,0,2,11,40,3.6,37.2,WR,PIT,6.7
309,James Jones,,288.0,00-0025465,WR,2015,1,31,0.908125,72.393166,0.006,78.0,6.9,0,0.0,0,0,0.0,0,50,890.0,8,0.0,--,--,--,--,--,--,--,--,--,--,4.42,00-0025465,18,971.0,53.944443,3.6328392,15.130125,00-0025465,18,60.0,3.0,101,50,890,55.625,18,8,0,0,0.0,0,0,8,16,101,6.3,35.6,WR,GB,17.7
316,Steve Johnson,,264.0,00-0026364,WR,2015,1,29,0.835,35.964447,0.024,,0.0,0,0.0,0,0,0.0,0,45,497.0,3,0.0,--,--,--,--,--,--,--,--,--,--,5.888888888888889,00-0026364,9,497.0,55.22222,4.530692,12.58658,00-0026364,10,114.0,4.0,65,45,497,55.22222222222222,7,3,0,0,0.0,0,0,3,9,65,7.2,41.4,WR,LAC,9.8
323,Nate Washington,,299.5,00-0023367,WR,2015,1,32,-1.0,71.57526,0.007,,0.0,0,0.0,0,0,0.0,0,47,658.0,4,0.0,--,--,--,--,--,--,--,--,--,--,3.4468085106382977,00-0023367,14,661.0,47.214287,3.3072674,13.713149,00-0023367,13,66.0,2.0,94,47,658,50.61538461538461,9,4,0,0,0.0,0,0,4,13,94,7.2,38.5,WR,HOU,15.3
327,Marquess Wilson,,281.0,00-0030047,WR,2015,0.6486486486486487,22,0.8427272727272725,43.518906,0.004,236.0,0.0,0,0.0,0,0,0.0,0,28,464.0,1,0.0,0,0.0,0,0,0.0,0,9,160.0,1,0.0,6.642857142857143,00-0030047,11,464.0,42.18182,3.719552,11.127537,00-0030047,6,56.0,0.0,51,28,464,42.18181818181818,8,1,0,0,0.0,0,0,1,11,51,4.6,32.6,WR,CHI,9.8
341,Dontrelle Inman,,305.5,00-0028411,WR,2015,1,26,0.6678571428571428,44.24,0.004,,0.0,0,0.0,0,0,0.0,0,35,486.0,3,1.0,0,0.0,0,0,0.0,0,58,810.0,4,0.0,5.057142857142857,00-0028411,12,486.0,40.5,4.35622,9.700793,00-0028411,6,44.0,3.0,63,35,486,40.5,6,3,0,0,0.0,0,1,3,12,63,5.2,41.4,WR,LAC,9.5
344,Brian Quick,,291.0,00-0029640,WR,2015,0.86440678,26,0.4392307692307692,2.307778,0.011000000000000001,33.0,12.3,0,0.0,0,0,0.0,0,10,102.0,0,0.0,0,0.0,0,0,0.0,0,41,564.0,3,0.0,3.9,00-0029640,9,102.0,11.333333,2.9436693,3.693668,00-0029640,3,0.0,0.0,32,10,102,11.333333333333334,1,0,0,0,0.0,0,0,0,9,32,3.6,29.3,WR,LA,6.8
351,Roddy White,,316.0,00-0023462,WR,2015,1,33,0.82125,15.479714,0.045,27.0,13.6,0,0.0,0,0,0.0,0,43,506.0,1,0.0,--,--,--,--,--,--,--,--,--,--,2.441860465116279,00-0023462,15,506.0,33.733334,4.3588943,8.02395,00-0023462,8,36.0,1.0,70,43,506,33.733333333333334,6,1,0,0,0.0,0,0,1,15,70,4.7,38.7,WR,ATL,11.3
352,Harry Douglas,,329.0,00-0026224,WR,2015,1,30,0.7771428571428572,18.837196,0.026000000000000002,84.0,6.4,0,0.0,0,1,-6.0,0,36,411.0,2,0.0,0,0.0,0,0,0.0,0,15,210.0,0,0.0,3.611111111111111,00-0026224,14,411.0,29.357143,4.097034,7.04641,00-0026224,7,64.0,2.0,72,36,411,29.357142857142858,4,2,1,-6,-0.4285714285714285,0,1,2,14,72,5.1,34.2,WR,TEN,13.2
356,Cecil Shorts,,330.0,00-0028052,WR,2015,0.6219512195121951,27,0.6945454545454545,31.453129,0.016,114.0,4.4,1,21.0,1,10,47.0,0,42,484.0,2,1.0,0,0.0,0,0,0.0,0,11,152.0,0,0.0,5.0,00-0028052,12,489.0,40.75,3.5024312,10.720337,00-0028052,8,68.0,3.0,150,84,968,88.0,10,4,10,47,4.2727272727272725,0,1,6,11,75,6.8,38.5,WR,HOU,12.2
358,Dwayne Harris,,320.5,00-0028114,WR,2015,1,27,0.6,48.39341,0.024,176.0,1.7,0,0.0,0,2,12.0,0,36,396.0,4,0.0,0,0.0,0,0,0.0,0,1,13.0,1,0.0,3.8055555555555554,00-0028114,14,396.0,28.285715,4.331525,6.2228174,00-0028114,9,94.0,3.0,57,36,396,28.285714285714285,5,4,2,12,0.8571428571428571,0,0,4,14,57,4.4,38.4,WR,NYG,9.3
360,Andrew Hawkins,,307.0,00-0027918,WR,2015,0.7945205479452054,29,-1.0,15.744999,0.026000000000000002,,0.0,0,0.0,0,0,0.0,0,27,276.0,0,1.0,0,0.0,0,2,0.0,0,33,324.0,3,0.0,4.703703703703703,00-0027918,8,276.0,34.5,4.550256,7.635135,00-0027918,9,36.0,0.0,44,27,276,34.5,2,0,0,0,0.0,0,1,0,8,44,5.5,37.8,WR,CLE,7.3
368,Marques Colston,,312.0,00-0024466,WR,2015,1,32,0.6130769230769231,47.309105,0.024,252.0,0.0,0,0.0,0,0,0.0,0,45,520.0,4,0.0,--,--,--,--,--,--,--,--,--,--,4.266666666666667,00-0024466,13,520.0,40.0,4.706729,8.415023,00-0024466,9,50.0,3.0,68,45,520,40.0,6,4,0,0,0.0,0,0,4,13,68,5.2,41.6,WR,NO,10.2
373,Josh Huff,,342.0,00-0030990,WR,2015,1,23,0.484,25.207563,0.004,86.0,6.2,0,0.0,0,0,0.0,0,27,312.0,3,0.0,0,0.0,0,4,15.0,0,16,113.0,1,0.0,6.703703703703703,00-0030990,13,312.0,24.0,4.1996875,5.719601,00-0030990,5,22.0,1.0,40,27,312,24.0,3,3,0,0,0.0,0,0,3,13,40,3.1,38.8,WR,PHI,6.5
383,Miles Austin,,326.0,00-0023921,WR,2015,0.8673469387755102,31,-1.0,21.760546,0.016,,0.0,0,0.0,0,0,0.0,0,13,224.0,1,0.0,--,--,--,--,--,--,--,--,--,--,4.769230769230769,00-0023921,11,224.0,20.363636,3.8645768,5.473673,00-0023921,3,0.0,0.0,31,13,224,20.363636363636363,4,1,0,0,0.0,0,0,1,11,31,2.8,38.8,WR,PHI,5.0
384,Adam Humphries,,327.0,00-0032009,WR,2015,1,22,0.4876923076923077,15.028545,0.004,,0.0,0,0.0,0,0,0.0,0,27,260.0,1,0.0,0,0.0,0,5,18.0,0,55,622.0,2,0.0,4.555555555555555,00-0032009,11,260.0,23.636364,3.9864779,5.970027,00-0032009,6,12.0,1.0,41,27,260,23.63636363636364,1,1,0,0,0.0,0,0,1,11,41,3.7,33.0,WR,TB,7.8
385,Jason Avant,,328.0,00-0024324,WR,2015,1,32,0.3425,6.6210003,0.007,109.0,4.7,0,0.0,0,0,0.0,0,15,119.0,0,0.0,--,--,--,--,--,--,--,--,--,--,3.2666666666666666,00-0024324,11,188.0,17.09091,3.8026464,4.7593336,00-0024324,2,8.0,0.0,25,15,119,11.9,1,0,0,0,0.0,0,0,0,10,25,2.5,29.2,WR,KC,5.4
386,Quincy Enunwa,,330.0,00-0031023,WR,2015,1,23,0.6233333333333334,10.598545,0.004,209.0,0.6,0,0.0,0,0,0.0,0,22,315.0,0,0.0,0,0.0,0,1,12.0,0,58,857.0,4,0.0,6.7272727272727275,00-0031023,11,315.0,28.636364,3.915683,6.9683414,00-0031023,1,14.0,0.0,46,22,315,28.63636363636364,6,0,0,0,0.0,0,0,0,11,46,4.2,37.6,WR,NYJ,7.6
388,Jeremy Kerley,,332.0,00-0028091,WR,2015,1,26,0.19625,31.088001,0.005,153.0,2.6,0,0.0,0,0,0.0,0,16,152.0,2,0.0,0,0.0,0,0,0.0,0,64,667.0,3,0.0,5.9375,00-0028091,5,152.0,30.4,4.019621,7.321744,00-0028091,2,24.0,2.0,26,16,152,30.4,2,2,0,0,0.0,0,0,2,5,26,5.2,37.6,WR,NYJ,4.3
395,Albert Wilson,,340.0,00-0030669,WR,2015,1,23,0.7571428571428571,27.459396,0.004,,0.0,0,0.0,0,5,26.0,0,35,451.0,2,0.0,0,0.0,0,2,50.0,1,31,279.0,2,0.0,6.257142857142857,00-0030669,16,517.0,32.3125,3.5247693,9.086457,00-0030669,8,72.0,1.0,57,35,451,32.214285714285715,6,2,5,26,1.8571428571428568,0,0,2,14,57,4.1,29.2,WR,KC,12.2
398,Devin Smith,,347.0,00-0031934,WR,2015,0,23,0.424,16.61143,--,37.0,11.6,0,0.0,0,0,0.0,0,9,115.0,1,0.0,0,0.0,0,0,0.0,0,1,20.0,0,0.0,2.0,00-0031934,7,115.0,16.428572,3.6505988,4.506793,00-0031934,3,46.0,1.0,28,9,115,16.428571428571427,1,1,0,0,0.0,0,1,1,7,28,4.0,37.6,WR,NYJ,4.7
399,Jarius Wright,,348.0,00-0029572,WR,2015,1,25,0.433125,6.8078094,0.026000000000000002,118.0,4.2,0,0.0,0,1,29.0,0,34,442.0,0,1.0,0,0.0,0,0,0.0,0,11,67.0,1,0.0,5.147058823529412,00-0029572,16,451.0,28.1875,3.255883,8.557605,00-0029572,3,0.0,0.0,50,34,442,29.466666666666665,4,0,1,29,1.9333333333333331,0,1,0,15,50,3.3,27.7,WR,MIN,11.3
400,Corey Brown,,349.0,00-0031118,WR,2015,1,23,-1.0,25.1161,--,,0.0,0,0.0,0,6,38.0,0,31,447.0,4,0.0,0,0.0,0,2,6.0,0,27,276.0,1,1.0,2.6129032258064515,00-0031118,17,662.0,38.941177,3.8013992,10.138761,00-0031118,9,120.0,2.0,54,31,447,31.928571428571427,9,4,6,38,2.7142857142857144,0,0,4,14,54,4.2,30.9,WR,CAR,10.9
420,Ryan Grant,,375.0,00-0031068,WR,2015,1,24,0.410625,19.25,0.005,142.0,3.0,0,0.0,0,0,0.0,0,23,268.0,2,0.0,0,0.0,0,0,0.0,0,9,76.0,0,0.0,4.260869565217392,00-0031068,13,268.0,20.615385,4.348998,5.1255894,00-0031068,7,44.0,2.0,42,23,268,22.33333333333333,3,2,0,0,0.0,0,0,2,12,42,3.5,34.9,WR,WAS,7.5
429,Brice Butler,,385.0,00-0030516,WR,2015,1,25,0.5771428571428571,11.863,0.005,209.0,0.6,0,0.0,0,0,0.0,0,12,258.0,0,0.0,0,0.0,0,0,0.0,0,16,219.0,3,0.0,8.0,00-0030516,5,258.0,51.6,4.1887465,12.714098,00-0030516,4,0.0,0.0,26,12,258,51.6,6,0,0,0,0.0,0,0,0,5,26,5.2,32.5,WR,DAL,5.0
429,Brice Butler,,385.0,00-0030516,WR,2015,1,25,0.5771428571428571,11.863,0.005,209.0,0.6,0,0.0,0,0,0.0,0,12,258.0,0,0.0,0,0.0,0,0,0.0,0,16,219.0,3,0.0,8.0,00-0030516,5,258.0,51.6,4.1887465,12.714098,00-0030516,4,0.0,0.0,26,12,258,51.6,6,0,0,0,0.0,0,0,0,5,26,5.2,32.5,WR,DAL,5.0
431,Justin Hunter,,387.0,00-0030521,WR,2015,0.425,24,0.658888889,8.615277,0.005,34.0,12.1,0,0.0,0,0,0.0,0,22,264.0,1,0.0,0,0.0,0,0,0.0,0,10,189.0,4,0.0,1.5,00-0030521,9,264.0,29.333334,4.039357,7.5874844,00-0030521,2,16.0,1.0,31,22,264,29.33333333333333,4,1,0,0,0.0,0,0,1,9,31,3.4,34.2,WR,TEN,5.7
436,Bennie Fowler,III,395.0,00-0030670,WR,2015,1,24,-1.0,7.0341024,--,,0.0,0,0.0,0,0,0.0,0,16,203.0,0,0.0,0,0.0,0,0,0.0,0,11,145.0,2,0.0,6.0625,00-0030670,16,238.0,14.875,3.9850955,3.4677393,00-0030670,4,24.0,0.0,25,16,203,15.615384615384617,1,0,0,0,0.0,0,0,0,13,25,1.9,37.8,WR,DEN,4.1
440,Brian Hartline,,401.0,00-0027077,WR,2015,0.7589285714285714,28,0.6133333333333334,59.669926,0.021,108.0,4.8,0,0.0,0,0,0.0,0,46,523.0,2,0.0,--,--,--,--,--,--,--,--,--,--,3.608695652173913,00-0027077,12,523.0,43.583332,4.3331885,10.05333,00-0027077,13,96.0,2.0,77,46,523,43.583333333333336,4,2,0,0,0.0,0,0,2,12,77,6.4,37.8,WR,CLE,12.7
450,Taylor Gabriel,,415.0,00-0031228,WR,2015,1,24,-1.0,11.549924,0.004,,0.0,0,0.0,0,0,0.0,0,28,241.0,0,1.0,0,0.0,0,4,51.0,1,35,579.0,6,0.0,3.857142857142857,00-0031228,12,241.0,20.083334,4.0294666,4.413076,00-0031228,6,34.0,0.0,49,28,241,20.08333333333333,2,0,0,0,0.0,0,1,0,12,49,4.1,37.8,WR,CLE,8.1
455,Jordan Norwood,,420.0,00-0026739,WR,2015,0.8863636363636364,28,-1.0,5.829,0.006,,0.0,0,0.0,0,0,0.0,0,22,207.0,0,0.0,0,0.0,0,1,0.0,0,21,232.0,1,1.0,3.1363636363636362,00-0026739,13,233.0,17.923077,3.8336678,4.504798,00-0026739,7,42.0,0.0,32,22,207,20.7,1,0,0,0,0.0,0,0,0,10,32,3.2,37.8,WR,DEN,5.3
459,Jerricho Cotchery,,425.0,00-0022811,WR,2015,1,33,0.435,20.535,0.019,108.0,4.8,0,0.0,0,1,16.0,0,39,485.0,3,0.0,--,--,--,--,--,--,--,--,--,--,5.0256410256410255,00-0022811,17,541.0,31.82353,3.7286012,8.965018,00-0022811,10,98.0,2.0,54,39,485,34.642857142857146,6,3,1,16,1.1428571428571428,0,0,3,14,54,3.9,30.9,WR,CAR,10.9
460,Andre Holmes,,426.0,00-0028263,WR,2015,1,27,-1.0,33.362305,0.013000000000000001,,0.0,0,0.0,0,0,0.0,0,14,201.0,4,0.0,0,0.0,0,0,0.0,0,14,126.0,3,0.0,3.0714285714285716,00-0028263,13,201.0,15.461538,4.3465614,3.3872354,00-0028263,4,16.0,2.0,33,14,201,15.461538461538462,4,4,0,0,0.0,0,0,4,13,33,2.5,37.8,WR,LV,5.5
465,Leonard Hankerson,,431.0,00-0028017,WR,2015,0.65,26,0.489,60.619522,0.005,79.0,6.8,0,0.0,0,0,0.0,0,26,327.0,3,0.0,--,--,--,--,--,--,--,--,--,--,4.576923076923077,00-0028017,7,327.0,46.714287,4.1790605,10.968397,00-0028017,10,92.0,3.0,47,26,327,46.71428571428572,3,3,0,0,0.0,0,0,3,7,47,6.7,38.7,WR,ATL,7.6
465,Leonard Hankerson,,431.0,00-0028017,WR,2015,0.65,26,0.489,60.619522,0.005,79.0,6.8,0,0.0,0,0,0.0,0,26,327.0,3,0.0,--,--,--,--,--,--,--,--,--,--,4.576923076923077,00-0028017,7,327.0,46.714287,4.1790605,10.968397,00-0028017,10,92.0,3.0,47,26,327,46.71428571428572,3,3,0,0,0.0,0,0,3,7,47,6.7,38.7,WR,ATL,7.6
465,Leonard Hankerson,,431.0,00-0028017,WR,2015,0.65,26,0.489,60.619522,0.005,79.0,6.8,0,0.0,0,0,0.0,0,26,327.0,3,0.0,--,--,--,--,--,--,--,--,--,--,4.576923076923077,00-0028017,7,327.0,46.714287,4.1790605,10.968397,00-0028017,10,92.0,3.0,47,26,327,46.71428571428572,3,3,0,0,0.0,0,0,3,7,47,6.7,38.7,WR,ATL,7.6
470,Keshawn Martin,,437.0,00-0029415,WR,2015,1,25,0.7922222222222222,21.702778,0.01,121.0,4.1,0,0.0,0,1,6.0,0,24,269.0,2,0.0,--,--,--,--,--,--,--,--,--,--,3.1666666666666665,00-0029415,11,326.0,29.636364,4.4079785,6.4706035,00-0029415,3,30.0,2.0,37,24,269,29.88888888888889,2,2,1,6,0.6666666666666666,0,1,2,9,37,4.1,39.0,WR,NE,5.9
470,Keshawn Martin,,437.0,00-0029415,WR,2015,1,25,0.7922222222222222,21.702778,0.01,121.0,4.1,0,0.0,0,1,6.0,0,24,269.0,2,0.0,--,--,--,--,--,--,--,--,--,--,3.1666666666666665,00-0029415,11,326.0,29.636364,4.4079785,6.4706035,00-0029415,3,30.0,2.0,37,24,269,29.88888888888889,2,2,1,6,0.6666666666666666,0,1,2,9,37,4.1,39.0,WR,NE,5.9
478,Chris Givens,,445.0,00-0029614,WR,2015,1,25,0.478,16.546867,0.005,,0.0,0,0.0,0,4,18.0,0,20,353.0,1,0.0,--,--,--,--,--,--,--,--,--,--,2.6,00-0029614,14,353.0,25.214285,4.145025,5.9504776,00-0029614,2,28.0,1.0,54,20,353,25.214285714285715,7,1,4,18,1.2857142857142858,0,0,1,14,53,4.4,41.9,WR,BAL,7.9
478,Chris Givens,,445.0,00-0029614,WR,2015,1,25,0.478,16.546867,0.005,,0.0,0,0.0,0,4,18.0,0,20,353.0,1,0.0,--,--,--,--,--,--,--,--,--,--,2.6,00-0029614,14,353.0,25.214285,4.145025,5.9504776,00-0029614,2,28.0,1.0,54,20,353,25.214285714285715,7,1,4,18,1.2857142857142858,0,0,1,14,53,4.4,41.9,WR,BAL,7.9
485,Kenbrell Thompkins,,452.0,00-0030000,WR,2015,1,27,-1.0,16.509666,0.011000000000000001,,0.0,0,0.0,0,0,0.0,0,17,165.0,0,0.0,--,--,--,--,--,--,--,--,--,--,4.0,00-0030000,6,165.0,27.5,4.0369253,6.2323575,00-0030000,1,0.0,0.0,33,17,165,27.5,2,0,0,0,0.0,0,0,0,6,33,5.5,37.6,WR,NYJ,5.5
3,Antonio Brown,,3.0,00-0027793,WR,2016,1.0,28,0.962,76.81838,0.102,195.0,1.0,0,0.0,0,3,9.0,0,106,1284.0,12,0.0,0,0.0,0,0,0.0,0,101,1533.0,9,0.0,4.09433962264151,00-0027793,18,1593.0,88.5,4.2906647,21.039543,00-0027793,22,126.0,4.0,157,106,1284,85.6,22,12,3,9,0.6,0,0,12,15,157,10.5,37.4,WR,PIT,26.2
4,Julio Jones,,4.0,00-0027944,WR,2016,0.9438202247191011,27,0.7750000000000001,145.50555,0.099,6.0,23.2,0,0.0,0,0,0.0,0,83,1409.0,6,0.0,0,0.0,0,1,15.0,0,88,1444.0,3,0.0,4.771084337349397,00-0027944,17,1743.0,102.52941,5.2244854,18.803007,00-0027944,15,110.0,4.0,130,83,1409,100.64285714285714,27,6,0,0,0.0,0,0,6,14,130,9.3,33.4,WR,ATL,24.3
5,Odell Beckham Jr.,,5.2,00-0031235,WR,2016,0.9795918367346939,23,0.94375,75.967834,0.02,12.0,18.8,0,0.0,0,1,9.0,0,101,1367.0,10,1.0,0,0.0,0,1,8.0,0,25,302.0,3,0.0,5.287128712871287,00-0031235,17,1395.0,82.05882,4.053823,20.093874,00-0031235,23,124.0,5.0,169,101,1367,85.4375,20,10,1,9,0.5625,0,1,10,16,169,10.6,37.3,WR,NYG,28.3
7,Mike Evans,TB,7.0,00-0031408,WR,2016,1.0,23,0.834375,82.69529,0.027999999999999997,7.0,22.2,0,0.0,0,0,0.0,0,96,1321.0,12,0.0,0,0.0,0,0,0.0,0,71,1001.0,5,0.0,1.8645833333333333,00-0031408,16,1321.0,82.5625,3.9317818,21.007786,00-0031408,21,154.0,7.0,175,96,1321,82.5625,15,12,0,0,0.0,0,0,12,16,175,10.9,36.1,WR,TB,30.3
8,A.J. Green,,8.6,00-0027942,WR,2016,0.9900990099009901,28,0.8109999999999999,144.736,0.105,4.0,25.8,0,0.0,0,0,0.0,0,66,964.0,4,0.0,0,0.0,0,0,0.0,0,75,1078.0,8,2.0,3.909090909090909,00-0027942,10,964.0,96.4,4.2824335,21.689709,00-0027942,10,124.0,2.0,100,66,964,96.4,15,4,0,0,0.0,0,0,4,10,100,10.0,33.9,WR,CIN,18.5
11,Jordy Nelson,,10.4,00-0026176,WR,2016,1.0,31,0.931875,73.55063,0.073,36.0,11.8,0,0.0,0,0,0.0,0,97,1257.0,14,1.0,0,0.0,0,0,0.0,0,53,482.0,6,0.0,3.7216494845360826,00-0026176,18,1337.0,74.27778,4.4384065,16.832989,00-0026176,34,312.0,12.0,152,97,1257,78.5625,19,14,0,0,0.0,0,1,14,16,152,9.5,38.5,WR,GB,24.7
12,Michael Thomas,,12.0,00-0032765,WR,2016,1.0,23,0.792,65.80838,0.008,47.0,10.1,0,0.0,0,0,0.0,0,92,1137.0,9,2.0,0,0.0,0,0,0.0,0,104,1245.0,5,0.0,5.25,00-0032765,15,1137.0,75.8,4.8931108,16.041897,00-0032765,19,190.0,8.0,121,92,1137,75.8,18,9,0,0,0.0,0,2,9,15,121,8.1,41.6,WR,NO,18.2
17,Amari Cooper,,18.0,00-0031544,WR,2016,1.0,22,0.888125,71.80962,0.04,4.0,25.8,0,0.0,0,1,0.0,0,83,1153.0,5,0.0,0,0.0,0,1,4.0,0,48,680.0,7,0.0,5.253012048192771,00-0031544,17,1163.0,68.411766,3.9196715,16.72174,00-0031544,16,84.0,0.0,135,83,1153,72.0625,21,5,1,0,0.0,0,0,5,16,135,8.4,37.2,WR,LV,22.7
19,Brandin Cooks,NO,19.8,00-0031236,WR,2016,0.75,22,0.768125,102.21028,0.016,20.0,15.5,0,0.0,0,6,30.0,0,78,1173.0,8,0.0,0,0.0,0,9,40.0,0,65,1082.0,7,0.0,4.923076923076923,00-0031236,15,1173.0,78.2,4.845656,15.500007,00-0031236,11,114.0,3.0,117,78,1173,78.2,15,8,6,30,2.0,0,0,8,15,117,7.8,41.6,WR,NO,17.6
21,Dez Bryant,,20.2,00-0027902,WR,2016,0.7433628318584071,27,0.7853846153846155,97.61936,0.098,24.0,14.4,1,10.0,1,0,0.0,0,50,796.0,8,1.0,0,0.0,0,1,-4.0,0,69,838.0,6,1.0,2.8,00-0027902,14,928.0,66.28571,3.8466887,16.24338,00-0027902,17,162.0,6.0,98,50,796,61.23076923076923,10,8,0,0,0.0,0,1,9,13,98,7.5,30.1,WR,DAL,20.4
23,Doug Baldwin,,22.8,00-0028434,WR,2016,1.0,27,-1.0,90.464005,0.07400000000000001,,0.0,1,15.0,1,3,2.0,0,94,1128.0,7,0.0,0,0.0,0,2,-8.0,0,75,991.0,8,0.0,5.0212765957446805,00-0028434,18,1312.0,72.888885,4.4340696,16.927176,00-0028434,22,198.0,7.0,126,94,1128,70.5,16,7,3,2,0.125,0,0,8,16,126,7.9,34.4,WR,SEA,22.9
25,T.Y. Hilton,,26.2,00-0029608,WR,2016,1.0,26,0.8625,82.83849,0.091,92.0,5.8,0,0.0,0,0,0.0,0,91,1448.0,6,0.0,0,0.0,0,0,0.0,0,57,966.0,4,1.0,3.758241758241758,00-0029608,16,1448.0,90.5,4.4346824,19.577366,00-0029608,16,76.0,2.0,157,91,1448,90.5,28,6,0,0,0.0,0,0,6,16,157,9.8,35.9,WR,IND,27.3
27,DeAndre Hopkins,BAL,28.2,00-0030564,WR,2016,1.0,24,0.968125,33.727833,0.09699999999999999,27.0,13.6,0,0.0,0,0,0.0,0,78,954.0,4,0.0,0,0.0,0,0,0.0,0,96,1378.0,13,1.0,3.576923076923077,00-0030564,18,1086.0,60.333332,3.1683874,19.337812,00-0030564,12,48.0,2.0,151,78,954,59.625,10,4,0,0,0.0,0,0,4,16,151,9.4,36.1,WR,HOU,26.2
28,Demaryius Thomas,,30.2,00-0027874,WR,2016,1.0,28,0.824375,31.590626,0.098,22.0,14.9,0,0.0,0,0,0.0,0,90,1083.0,5,2.0,0,0.0,0,0,0.0,0,83,949.0,5,1.0,3.577777777777778,00-0027874,16,1083.0,67.6875,3.8836544,17.757088,00-0027874,22,228.0,4.0,145,90,1083,67.6875,10,5,0,0,0.0,0,2,5,16,145,9.1,34.8,WR,DEN,26.0
32,Terrelle Pryor Sr.,,33.4,00-0028825,WR,2016,1.0,27,-1.0,72.142395,0.036000000000000004,1.0,34.6,5,41.0,0,8,21.0,1,77,1007.0,4,0.0,0,0.0,0,0,0.0,0,20,240.0,1,0.0,2.935064935064935,00-0028825,16,1007.0,62.9375,3.7492785,16.276764,00-0028825,15,116.0,4.0,284,154,2014,125.875,22,8,8,21,1.3125,1,0,10,16,142,8.9,35.1,WR,CLE,25.3
37,Alshon Jeffery,,37.0,00-0029137,WR,2016,0.8072289156626506,26,0.9258333333333332,26.991135,0.078,45.0,10.4,0,0.0,0,0,0.0,0,52,821.0,2,0.0,0,0.0,0,0,0.0,0,57,789.0,9,0.0,3.826923076923077,00-0029137,12,821.0,68.416664,4.3758616,15.379537,00-0029137,12,70.0,2.0,94,52,821,68.41666666666667,12,2,0,0,0.0,0,0,2,12,94,7.8,34.4,WR,CHI,17.1
39,Michael Crabtree,,41.0,00-0026986,WR,2016,1.0,28,0.74875,67.29596,0.059000000000000004,10.0,19.9,0,0.0,0,0,0.0,0,89,1003.0,8,0.0,0,0.0,0,0,0.0,0,58,618.0,8,0.0,2.831460674157303,00-0026986,17,1036.0,60.941177,3.9196715,16.030031,00-0026986,24,192.0,6.0,147,89,1003,62.6875,10,8,0,0,0.0,0,0,8,16,147,9.2,37.2,WR,LV,24.7
41,Davante Adams,LAR,41.6,00-0031381,WR,2016,1.0,23,0.8387500000000001,97.26829,0.087,53.0,9.3,0,0.0,0,0,0.0,0,75,997.0,12,1.0,0,0.0,0,0,0.0,0,74,885.0,10,0.0,5.1466666666666665,00-0031381,19,1214.0,63.894737,4.5013814,14.143698,00-0031381,29,234.0,11.0,123,75,997,62.3125,17,12,0,0,0.0,0,1,12,16,123,7.7,38.5,WR,GB,20.0
45,Golden Tate,,46.4,00-0027891,WR,2016,1.0,28,0.834375,77.471954,0.047,60.0,8.5,0,0.0,0,10,4.0,0,91,1077.0,4,1.0,0,0.0,0,5,22.0,0,92,1003.0,5,1.0,6.802197802197802,00-0027891,17,1102.0,64.82353,4.4282293,14.501408,00-0027891,18,84.0,1.0,136,91,1077,67.3125,13,4,10,4,0.25,0,1,4,16,136,8.5,36.4,WR,DET,23.4
46,Allen Robinson,II,47.2,00-0031428,WR,2016,0.75,23,0.94125,66.98396,0.006999999999999999,61.0,8.4,0,0.0,0,0,0.0,0,73,883.0,6,0.0,0,0.0,0,0,0.0,0,1,17.0,0,0.0,2.8767123287671232,00-0031428,16,883.0,55.1875,3.7480564,14.500531,00-0031428,20,104.0,6.0,152,73,883,55.1875,11,6,0,0,0.0,0,0,6,16,152,9.5,39.0,WR,JAX,24.4
47,Larry Fitzgerald,,47.8,00-0022921,WR,2016,1.0,33,0.91375,46.751835,0.066,3.0,27.6,0,0.0,0,2,5.0,0,107,1023.0,6,1.0,1,21.0,0,0,0.0,0,109,1156.0,6,1.0,3.3457943925233646,00-0022921,16,1023.0,63.9375,4.127807,16.376463,00-0022921,20,190.0,4.0,150,107,1023,63.9375,8,6,2,5,0.3125,0,1,6,16,150,9.4,40.0,WR,ARI,23.4
49,Tyreek Hill,MIA,50.4,00-0033040,WR,2016,1.0,22,0.413125,65.694496,0.004,165.0,2.1,0,0.0,0,24,267.0,3,61,593.0,6,0.0,0,0.0,0,17,59.0,0,75,1183.0,7,1.0,4.39344262295082,00-0033040,17,620.0,36.47059,4.047798,8.998274,00-0033040,16,154.0,3.0,83,61,599,37.4375,8,6,24,267,16.6875,3,1,9,16,83,5.2,33.6,WR,KC,15.4
51,Kelvin Benjamin,,51.2,00-0031359,WR,2016,1.0,25,0.723125,61.40562,0.024,28.0,13.4,0,0.0,0,0,0.0,0,63,941.0,7,1.0,0,0.0,0,0,0.0,0,47,671.0,3,0.0,3.7777777777777777,00-0031359,16,941.0,58.8125,3.7795513,15.841939,00-0031359,15,168.0,5.0,118,63,941,58.8125,10,7,0,0,0.0,0,1,7,16,118,7.4,34.9,WR,CAR,21.1
53,Jarvis Landry,,52.8,00-0031382,WR,2016,1.0,23,0.93875,38.669624,0.006999999999999999,63.0,8.2,0,0.0,0,5,17.0,0,94,1136.0,4,1.0,0,0.0,0,1,-7.0,0,112,987.0,9,2.0,6.553191489361702,00-0031382,17,1238.0,72.82353,4.172426,17.330318,00-0031382,12,122.0,2.0,133,94,1136,71.0,16,4,5,17,1.0625,0,2,4,16,133,8.3,29.3,WR,MIA,28.4
56,Stefon Diggs,NE,56.8,00-0031588,WR,2016,1.0,22,0.81,87.92231,0.004,146.0,2.9,0,0.0,0,3,10.0,0,84,903.0,3,0.0,0,0.0,0,8,13.0,0,64,849.0,8,0.0,3.7976190476190474,00-0031588,13,903.0,69.46154,4.1382265,16.426235,00-0031588,12,108.0,1.0,112,84,903,69.46153846153847,10,3,3,10,0.7692307692307693,0,0,3,13,112,8.6,36.6,WR,MIN,19.1
59,Sammy Watkins,,59.0,00-0031325,WR,2016,0.86,23,0.7525,69.87643,0.037000000000000005,4.0,25.8,0,0.0,0,0,0.0,0,28,430.0,2,0.0,0,0.0,0,0,0.0,0,39,593.0,8,0.0,1.8571428571428572,00-0031325,8,430.0,53.75,3.5695884,15.994538,00-0031325,4,28.0,1.0,52,28,430,53.75,4,2,0,0,0.0,0,0,2,8,52,6.5,28.8,WR,BUF,11.3
60,Emmanuel Sanders,,60.0,00-0027685,WR,2016,1.0,29,0.8087500000000001,84.43067,0.071,82.0,6.5,0,0.0,0,1,4.0,0,79,1032.0,5,0.0,0,0.0,0,0,0.0,0,47,555.0,2,0.0,3.189873417721519,00-0027685,15,1032.0,68.8,3.9312825,17.569736,00-0027685,22,126.0,3.0,137,79,1032,68.8,12,5,1,4,0.2666666666666666,0,0,5,15,137,9.1,34.8,WR,DEN,24.6
62,DeVante Parker,,61.4,00-0031547,WR,2016,1.0,23,0.8213333333333335,39.523525,0.019,14.0,17.8,0,0.0,0,0,0.0,0,56,744.0,4,0.0,0,0.0,0,0,0.0,0,57,670.0,1,0.0,4.214285714285714,00-0031547,16,799.0,49.9375,4.217925,11.739436,00-0031547,11,80.0,2.0,87,56,744,49.6,9,4,0,0,0.0,0,0,4,15,87,5.8,29.3,WR,MIA,18.6
64,Jamison Crowder,,63.8,00-0031941,WR,2016,1.0,23,0.7418750000000001,46.483955,0.005,105.0,5.0,0,0.0,0,2,-2.0,0,67,847.0,7,1.0,0,0.0,0,7,34.0,0,66,789.0,3,0.0,5.626865671641791,00-0031941,16,847.0,52.9375,4.952154,10.557129,00-0031941,17,130.0,3.0,99,67,847,52.9375,11,7,2,-2,-0.125,0,1,7,16,99,6.2,37.2,WR,WAS,16.6
66,Brandon Marshall,,67.0,00-0024334,WR,2016,0.8939393939393939,32,0.916,42.071236,0.033,119.0,4.2,0,0.0,0,0,0.0,0,59,788.0,3,0.0,0,0.0,0,0,0.0,0,18,154.0,0,0.0,2.983050847457627,00-0024334,15,788.0,52.533333,3.6820529,13.659591,00-0024334,21,102.0,4.0,128,59,788,52.53333333333333,10,3,0,0,0.0,0,0,3,15,128,8.5,34.1,WR,NYJ,23.4
68,Pierre Garcon,,70.0,00-0026345,WR,2016,1.0,30,0.7618750000000001,23.47696,0.057,205.0,0.7,0,0.0,0,0,0.0,0,79,1041.0,3,0.0,0,0.0,0,0,0.0,0,40,500.0,0,0.0,4.329113924050633,00-0026345,16,1041.0,65.0625,4.952154,13.376205,00-0026345,14,100.0,1.0,114,79,1041,65.0625,15,3,0,0,0.0,0,0,3,16,114,7.1,37.2,WR,WAS,19.2
83,Jeremy Maclin,,84.6,00-0026995,WR,2016,1.0,28,0.8041666666666667,26.725683,0.033,19.0,15.8,0,0.0,0,1,-1.0,0,44,536.0,2,0.0,0,0.0,0,0,0.0,0,40,440.0,3,0.0,3.2045454545454546,00-0026995,13,564.0,43.384617,3.9915864,11.422695,00-0026995,13,100.0,2.0,76,44,536,44.66666666666666,6,2,1,-1,-0.0833333333333333,0,0,2,12,76,6.3,33.6,WR,KC,14.1
84,Willie Snead,IV,84.8,00-0030663,WR,2016,1.0,23,0.6940000000000001,57.978096,0.004,,0.0,1,50.0,1,0,0.0,0,72,895.0,4,0.0,0,0.0,0,0,0.0,0,8,92.0,0,0.0,5.375,00-0030663,15,895.0,59.666668,4.87518,12.048412,00-0030663,12,102.0,4.0,104,72,895,59.66666666666666,12,4,0,0,0.0,0,0,5,15,104,6.9,41.6,WR,NO,15.6
88,DeSean Jackson,,87.2,00-0026189,WR,2016,0.9076923076923077,29,0.7233333333333333,41.20381,0.067,49.0,9.8,0,0.0,0,0,0.0,0,56,1005.0,4,0.0,0,0.0,0,3,38.0,0,50,668.0,3,0.0,5.017857142857143,00-0026189,15,1005.0,67.0,4.995959,13.159873,00-0026189,11,56.0,1.0,100,56,1005,67.0,19,4,0,0,0.0,0,0,4,15,100,6.7,37.2,WR,WAS,16.8
92,Randall Cobb,,90.6,00-0028002,WR,2016,1.0,26,0.7623076923076924,54.26577,0.07,64.0,8.1,0,0.0,0,10,33.0,0,60,610.0,4,0.0,1,10.0,0,9,17.0,0,66,653.0,4,0.0,6.066666666666666,00-0028002,16,870.0,54.375,4.4476795,12.498483,00-0028002,19,154.0,5.0,84,60,610,46.92307692307692,7,4,10,33,2.5384615384615383,0,0,4,13,84,6.5,38.5,WR,GB,13.6
94,Tyrell Williams,,93.0,00-0032160,WR,2016,1.0,24,0.839375,43.86396,0.004,,0.0,0,0.0,0,0,0.0,0,69,1059.0,7,0.0,0,0.0,0,0,0.0,0,43,728.0,4,1.0,6.27536231884058,00-0032160,16,1059.0,66.1875,4.3896613,14.723209,00-0032160,17,102.0,2.0,119,69,1059,66.1875,19,7,0,0,0.0,0,0,7,16,119,7.4,35.4,WR,LAC,21.0
97,Adam Thielen,CAR,100.8,00-0030035,WR,2016,1.0,26,0.7418750000000001,114.618,0.028999999999999998,,0.0,0,0.0,0,2,15.0,0,69,967.0,5,0.0,0,0.0,0,1,11.0,0,91,1276.0,4,2.0,4.333333333333333,00-0030035,16,967.0,60.4375,4.144089,14.698958,00-0030035,10,102.0,3.0,92,69,967,60.4375,16,5,2,15,0.9375,0,1,5,16,92,5.8,36.6,WR,MIN,15.7
101,Chris Hogan,,103.6,00-0028237,WR,2016,1.0,28,0.7979999999999999,56.847813,0.026000000000000002,,0.0,0,0.0,0,3,9.0,0,38,680.0,4,1.0,0,0.0,0,3,17.0,0,34,439.0,5,0.0,6.342105263157895,00-0028237,18,1012.0,56.22222,4.435934,11.556614,00-0028237,14,126.0,2.0,58,38,680,45.333333333333336,11,4,3,9,0.6,0,1,4,15,58,3.9,34.2,WR,NE,10.6
105,Corey Coleman,,109.0,00-0032966,WR,2016,1.0,22,0.877,47.793446,0.019,15.0,17.4,0,0.0,0,2,10.0,0,33,413.0,3,0.0,0,0.0,0,0,0.0,0,23,305.0,2,0.0,2.9393939393939394,00-0032966,10,413.0,41.3,3.5704765,11.3088,00-0032966,4,62.0,1.0,73,33,413,41.3,4,3,2,10,1.0,0,0,3,10,73,7.3,35.1,WR,CLE,13.0
109,Marvin Jones Jr.,,117.2,00-0029293,WR,2016,0.9178082191780822,26,0.9093333333333334,80.41838,0.052000000000000005,166.0,2.0,0,0.0,0,1,3.0,0,55,930.0,4,0.0,0,0.0,0,0,0.0,0,61,1101.0,9,0.0,4.3090909090909095,00-0029293,16,1011.0,63.1875,4.391575,14.057361,00-0029293,15,82.0,2.0,103,55,930,62.0,16,4,1,3,0.2,0,0,4,15,103,6.9,36.4,WR,DET,17.7
111,Rishard Matthews,,119.6,00-0029580,WR,2016,0.8072289156626506,26,0.735625,43.053623,0.032,227.0,0.0,0,0.0,0,0,0.0,0,65,945.0,9,1.0,0,0.0,0,1,-3.0,0,53,795.0,4,0.0,3.123076923076923,00-0029580,16,945.0,59.0625,3.7563872,16.538912,00-0029580,16,178.0,7.0,109,65,945,59.0625,16,9,0,0,0.0,0,1,9,16,109,6.8,30.8,WR,TEN,22.1
117,John Brown,,121.8,00-0031051,WR,2016,1.0,26,0.5606666666666666,59.548405,0.005,91.0,5.9,0,0.0,0,1,10.0,0,39,517.0,2,0.0,0,0.0,0,1,10.0,0,21,299.0,3,0.0,2.5384615384615383,00-0031051,14,517.0,36.92857,4.2816663,8.579568,00-0031051,6,48.0,2.0,146,78,1034,73.85714285714286,5,2,1,10,0.7142857142857143,0,0,2,14,73,5.2,40.0,WR,ARI,11.4
118,Donte Moncrief,,84.0,00-0031339,WR,2016,1.0,23,0.7888888888888889,39.81,0.005,90.0,5.9,0,0.0,0,1,-1.0,0,30,307.0,7,0.0,0,0.0,0,0,0.0,0,26,391.0,2,0.0,2.6,00-0031339,9,307.0,34.11111,4.3913546,7.7407923,00-0031339,10,64.0,6.0,56,30,307,34.111111111111114,3,7,1,-1,-0.1111111111111111,0,0,7,9,56,6.2,35.9,WR,IND,9.7
124,Ted Ginn Jr.,,131.4,00-0025396,WR,2016,1.0,31,0.6212500000000001,36.234497,0.022000000000000002,9.0,20.6,0,0.0,0,14,98.0,0,54,752.0,4,0.0,0,0.0,0,10,39.0,0,53,787.0,4,0.0,3.3703703703703702,00-0025396,16,752.0,47.0,3.7795513,12.727072,00-0025396,1,26.0,0.0,95,54,752,47.0,9,4,14,98,6.125,0,2,4,16,95,5.9,34.9,WR,CAR,17.0
128,Kevin White,,138.8,00-0031545,WR,2016,0.25,24,0.8,7.2699995,0.028999999999999998,,0.0,0,0.0,0,1,9.0,0,19,187.0,0,0.0,0,0.0,0,0,0.0,0,2,6.0,0,0.0,2.8421052631578947,00-0031545,4,187.0,46.75,4.632913,9.985347,00-0031545,5,10.0,0.0,36,19,187,46.75,1,0,1,9,2.25,0,0,0,4,36,9.0,34.4,WR,CHI,6.5
130,Kenny Britt,,106.3,00-0027006,WR,2016,0.975,27,0.8333333333333334,47.56171,0.049,30.0,12.9,0,0.0,0,0,0.0,0,68,1002.0,5,1.0,0,0.0,0,0,0.0,0,20,256.0,2,0.0,4.338235294117647,00-0027006,15,1002.0,66.8,3.5550551,19.178204,00-0027006,12,114.0,5.0,111,68,1002,66.8,15,5,0,0,0.0,0,1,5,15,111,7.4,33.1,WR,LA,20.9
131,Mike Wallace,,108.3,00-0026901,WR,2016,0.8805970149253731,30,0.7731250000000001,29.531334,0.037000000000000005,84.0,6.4,0,0.0,0,5,31.0,0,72,1017.0,4,0.0,0,0.0,0,1,4.0,0,52,748.0,4,0.0,5.930555555555555,00-0026901,16,1017.0,63.5625,4.1057625,15.61258,00-0026901,11,90.0,2.0,117,72,1017,63.5625,10,4,5,31,1.9375,0,0,4,16,117,7.3,41.9,WR,BAL,17.5
148,Sterling Shepard,TB,146.8,00-0032385,WR,2016,1.0,23,0.948125,32.49,0.01,40.0,11.1,0,0.0,0,3,31.0,0,65,683.0,8,0.0,0,0.0,0,4,4.0,0,59,731.0,2,0.0,3.953846153846154,00-0032385,17,746.0,43.882355,4.053823,10.785835,00-0032385,16,170.0,6.0,105,65,683,42.6875,6,8,3,31,1.9375,0,0,8,16,105,7.0,37.3,WR,NYG,17.6
151,Cole Beasley,,153.8,00-0029000,WR,2016,1.0,27,0.565,24.957165,0.024,,0.0,0,0.0,0,1,7.0,0,75,833.0,5,0.0,0,0.0,0,0,0.0,0,36,314.0,4,0.0,5.693333333333333,00-0029000,17,878.0,51.64706,3.8751476,13.711349,00-0029000,9,70.0,5.0,98,75,833,52.0625,6,5,1,7,0.4375,0,0,5,16,98,6.1,30.1,WR,DAL,20.4
153,Tyler Lockett,TEN,160.0,00-0032211,WR,2016,0.9696969696969697,23,0.5633333333333332,60.462475,0.006,69.0,7.6,0,0.0,0,6,114.0,1,41,597.0,1,0.0,0,0.0,0,10,58.0,0,45,555.0,2,0.0,5.2682926829268295,00-0032211,14,597.0,42.642857,4.4841475,9.686653,00-0032211,5,32.0,0.0,66,41,597,42.642857142857146,9,1,6,114,8.142857142857142,1,0,2,14,66,4.7,34.4,WR,SEA,12.0
164,Taylor Gabriel,,172.3,00-0031228,WR,2016,1.0,25,-1.0,54.50788,0.016,,0.0,0,0.0,0,4,51.0,1,35,579.0,6,0.0,0,0.0,0,8,49.0,0,33,378.0,1,0.0,8.114285714285714,00-0031228,15,750.0,50.0,5.1989512,10.020658,00-0031228,6,84.0,1.0,50,35,579,48.25,8,6,4,51,4.25,1,0,7,12,50,4.2,33.4,WR,ATL,9.4
170,Robbie Chosen,SF,144.7,00-0032688,WR,2016,1.0,23,0.703125,31.8361,0.003,,0.0,0,0.0,0,3,42.0,0,42,587.0,2,1.0,0,0.0,0,3,9.0,0,63,941.0,7,0.0,3.119047619047619,00-0032688,14,587.0,41.92857,3.6088786,12.059027,00-0032688,5,40.0,0.0,78,42,587,41.92857142857143,10,2,3,42,3.0,0,1,2,14,78,5.6,34.1,WR,NYJ,14.3
172,Mohamed Sanu Sr.,,180.5,00-0029632,WR,2016,0.8375,27,0.76,42.378857,0.042,83.0,6.5,0,0.0,0,1,5.0,0,59,653.0,4,1.0,1,51.0,1,4,10.0,0,67,703.0,5,0.0,4.864406779661017,00-0029632,18,774.0,43.0,5.1923556,8.661856,00-0029632,19,160.0,6.0,82,59,653,43.53333333333333,6,4,1,5,0.3333333333333333,0,1,4,15,82,5.5,33.4,WR,ATL,15.4
174,Kenny Stills,,181.8,00-0030085,WR,2016,1.0,24,0.835625,44.1425,0.048,144.0,3.0,0,0.0,0,0,0.0,0,42,726.0,9,0.0,0,0.0,0,0,0.0,0,58,847.0,6,2.0,4.595238095238095,00-0030085,17,808.0,47.52941,4.172426,11.538316,00-0030085,6,44.0,1.0,81,42,726,45.375,10,9,0,0,0.0,0,0,9,16,81,5.1,29.3,WR,MIA,17.3
176,Kendall Wright,,186.0,00-0029708,WR,2016,1.0,26,0.42,69.33691,0.012,20.0,15.5,0,0.0,0,1,15.0,0,29,416.0,3,0.0,0,0.0,0,0,0.0,0,59,614.0,1,0.0,4.275862068965517,00-0029708,11,416.0,37.81818,4.0570073,8.643746,00-0029708,3,12.0,1.0,43,29,416,37.81818181818182,6,3,1,15,1.3636363636363635,0,0,3,11,43,3.9,30.8,WR,TEN,8.7
177,Danny Amendola,,192.3,00-0026035,WR,2016,0.9586776859504132,30,0.3191666666666666,28.463999,0.01,,0.0,0,0.0,0,0,0.0,0,23,243.0,4,1.0,0,0.0,0,0,0.0,0,61,659.0,2,0.0,3.1739130434782608,00-0026035,14,333.0,23.785715,4.5124483,5.6479163,00-0026035,12,132.0,5.0,29,23,243,22.09090909090909,1,4,0,0,0.0,0,1,4,11,29,2.6,34.2,WR,NE,5.3
178,Marqise Lee,,190.8,00-0031431,WR,2016,1.0,24,0.735625,22.460667,0.01,39.0,11.3,1,20.0,1,6,35.0,0,63,851.0,3,0.0,0,0.0,0,1,17.0,0,56,702.0,3,0.0,5.365079365079365,00-0031431,16,851.0,53.1875,3.7480564,14.308528,00-0031431,9,78.0,2.0,105,63,851,53.1875,13,3,6,35,2.1875,0,1,4,16,105,6.6,39.0,WR,JAX,16.8
189,Torrey Smith,,209.5,00-0027996,WR,2016,0.9801980198019802,27,0.8166666666666668,33.149925,0.03,58.0,8.7,0,0.0,0,0,0.0,0,20,267.0,3,0.0,0,0.0,0,1,-3.0,0,36,430.0,2,0.0,3.05,00-0027996,12,267.0,22.25,3.0910509,7.1375713,00-0027996,5,2.0,1.0,49,20,267,22.25,4,3,0,0,0.0,0,0,3,12,49,4.1,30.4,WR,SF,10.1
193,Breshad Perriman,,192.0,00-0032054,WR,2016,0.6153846153846154,22,0.42625,17.113998,0.015,26.0,13.9,0,0.0,0,1,2.0,0,33,499.0,3,0.0,0,0.0,0,0,0.0,0,10,77.0,0,0.0,5.03030303030303,00-0032054,15,499.0,33.266666,4.0346084,8.038968,00-0032054,4,60.0,1.0,66,33,499,33.266666666666666,8,3,1,2,0.1333333333333333,0,0,3,15,66,4.4,41.9,WR,BAL,9.9
199,J.J. Nelson,,196.3,00-0032112,WR,2016,1.0,24,0.4333333333333333,74.36247,0.004,159.0,2.3,0,0.0,0,4,83.0,1,34,568.0,6,1.0,0,0.0,0,3,37.0,0,29,508.0,2,0.0,5.117647058823529,00-0032112,14,568.0,40.57143,4.1085196,9.008207,00-0032112,12,106.0,4.0,75,34,568,40.57142857142857,9,6,4,83,5.928571428571429,1,1,7,14,75,5.4,40.0,WR,ARI,11.7
206,Malcolm Mitchell,,201.0,00-0032400,WR,2016,1.0,24,0.5357142857142857,57.66447,0.005,112.0,4.6,0,0.0,0,0,0.0,0,32,401.0,4,0.0,--,--,--,--,--,--,--,--,--,--,5.21875,00-0032400,14,476.0,34.0,4.263087,8.751515,00-0032400,13,88.0,3.0,48,32,401,33.416666666666664,6,4,0,0,0.0,0,0,4,12,48,4.0,34.2,WR,NE,8.8
209,Brandon LaFell,,204.7,00-0027681,WR,2016,1.0,29,0.93,61.17533,0.027000000000000003,78.0,6.9,0,0.0,0,1,-2.0,0,64,862.0,6,0.0,0,0.0,0,0,0.0,0,52,548.0,3,0.0,5.375,00-0027681,16,862.0,53.875,4.0775194,13.157767,00-0027681,17,78.0,4.0,107,64,862,53.875,11,6,1,-2,-0.125,0,0,6,16,107,6.7,33.9,WR,CIN,19.7
210,Allen Hurns,,205.7,00-0030821,WR,2016,1.0,24,-1.0,39.322723,0.064,,0.0,0,0.0,0,0,0.0,0,35,477.0,3,0.0,0,0.0,0,0,0.0,0,39,484.0,2,0.0,6.0285714285714285,00-0030821,11,477.0,43.363636,3.8752291,10.314762,00-0030821,13,58.0,2.0,76,35,477,43.36363636363637,9,3,0,0,0.0,0,0,3,11,76,6.9,39.0,WR,JAX,12.2
212,Julian Edelman,,212.0,00-0027150,WR,2016,0.9007633587786259,30,0.7875,42.25096,0.033,232.0,0.0,0,0.0,0,12,57.0,0,98,1106.0,3,1.0,--,--,--,--,--,--,--,--,--,--,5.040816326530612,00-0027150,19,1448.0,76.210526,4.4160414,18.315475,00-0027150,18,94.0,3.0,160,98,1106,69.125,11,3,12,57,3.5625,0,2,3,16,160,10.0,34.2,WR,NE,29.2
218,Robert Woods,PIT,211.0,00-0030431,WR,2016,0.7692307692307693,24,0.7184615384615386,46.932693,0.040999999999999995,41.0,11.0,0,0.0,0,1,6.0,0,51,613.0,1,0.0,0,0.0,0,2,12.0,0,56,781.0,5,1.0,2.4313725490196076,00-0030431,13,613.0,47.153847,3.2450194,15.554801,00-0030431,8,78.0,1.0,76,51,613,47.15384615384615,10,1,1,6,0.4615384615384615,0,0,1,13,76,5.8,28.8,WR,BUF,16.5
222,Cameron Meredith,,224.5,00-0031912,WR,2016,1.0,23,-1.0,81.78068,0.004,,0.0,1,2.0,1,1,6.0,0,66,888.0,4,2.0,--,--,--,--,--,--,--,--,--,--,4.681818181818182,00-0031912,14,888.0,63.42857,4.274846,14.806471,00-0031912,13,120.0,1.0,97,66,888,63.42857142857143,13,4,1,6,0.4285714285714285,0,2,5,14,97,6.9,34.4,WR,CHI,17.6
230,Tavon Austin,,225.7,00-0030525,WR,2016,1.0,26,0.7686666666666667,48.516953,0.068,8.0,21.4,0,0.0,0,28,159.0,1,58,509.0,3,1.0,0,0.0,0,59,270.0,1,13,47.0,0,0.0,4.689655172413793,00-0030525,15,509.0,33.933334,3.4986956,9.944107,00-0030525,10,34.0,1.0,106,58,509,33.93333333333333,6,3,28,159,10.6,1,1,4,15,106,7.1,33.1,WR,LA,20.0
242,Chris Conley,,231.0,00-0032128,WR,2016,1.0,23,0.791875,10.661166,0.005,76.0,7.0,0,0.0,0,0,0.0,0,44,530.0,0,0.0,0,0.0,0,0,0.0,0,11,175.0,0,0.0,3.7954545454545454,00-0032128,17,549.0,32.294117,4.047798,7.8567486,00-0032128,14,76.0,0.0,69,44,530,33.125,4,0,0,0,0.0,0,0,0,16,69,4.3,33.6,WR,KC,12.8
256,Nelson Agholor,,245.3,00-0031549,WR,2016,1.0,23,0.8213333333333332,17.826857,0.016,20.0,15.5,0,0.0,0,5,14.0,0,36,365.0,2,0.0,0,0.0,0,1,7.0,0,62,768.0,8,0.0,2.7222222222222223,00-0031549,15,365.0,24.333334,3.504584,6.8336763,00-0031549,15,68.0,0.0,70,36,365,24.33333333333333,3,2,5,14,0.9333333333333332,0,0,2,15,70,5.0,37.9,WR,PHI,11.5
276,Travis Benjamin,,264.7,00-0029269,WR,2016,0.8933333333333333,26,0.6057142857142858,60.633846,0.039,100.0,5.3,0,0.0,0,2,-3.0,0,47,677.0,4,2.0,0,0.0,0,13,96.0,0,34,567.0,4,0.0,5.23404255319149,00-0029269,14,677.0,48.357143,4.3885646,10.776765,00-0029269,7,66.0,2.0,75,47,677,48.35714285714285,10,4,2,-3,-0.2142857142857142,0,3,4,14,75,5.4,35.4,WR,LAC,13.3
281,Brandon Coleman,,212.0,00-0030801,WR,2016,1.0,24,-1.0,16.192692,0.004,,0.0,0,0.0,0,0,0.0,0,26,281.0,3,0.0,0,0.0,0,0,0.0,0,23,364.0,3,2.0,2.8461538461538463,00-0030801,13,281.0,21.615385,4.668614,5.0027847,00-0030801,9,120.0,3.0,38,26,281,21.615384615384617,2,3,0,0,0.0,0,0,3,13,38,2.9,41.6,WR,NO,5.7
286,Tyler Boyd,,250.0,00-0033009,WR,2016,1.0,21,0.6775,23.17329,0.006999999999999999,55.0,9.1,0,0.0,0,4,58.0,0,54,603.0,1,1.0,0,0.0,0,0,0.0,0,22,225.0,2,0.0,3.7222222222222223,00-0033009,16,603.0,37.6875,4.0775194,9.784588,00-0033009,10,92.0,1.0,81,54,603,37.6875,9,1,4,58,3.625,0,1,1,16,81,5.1,33.9,WR,CIN,14.9
288,Marquise Goodwin,,251.5,00-0030068,WR,2016,0.8928571428571429,25,0.6493333333333332,37.259396,0.018000000000000002,78.0,6.9,0,0.0,0,0,0.0,0,29,431.0,3,0.0,0,0.0,0,4,44.0,0,56,962.0,2,0.0,3.3793103448275863,00-0030068,14,431.0,30.785715,3.3351386,8.56066,00-0030068,4,42.0,1.0,68,29,413,29.5,3,3,0,0,0.0,0,0,3,14,68,4.9,28.8,WR,BUF,14.8
292,Chester Rogers,,221.0,00-0032355,WR,2016,1.0,22,0.4435714285714285,16.100111,0.003,,0.0,0,0.0,0,0,0.0,0,19,273.0,0,0.0,0,0.0,0,3,8.0,0,23,284.0,1,0.0,2.6842105263157894,00-0032355,10,273.0,27.3,4.287302,6.4248114,00-0032355,5,30.0,0.0,34,19,276,27.6,6,0,0,0,0.0,0,0,0,10,34,3.4,35.9,WR,IND,5.9
296,Jermaine Kearse,,257.5,00-0029159,WR,2016,1.0,26,-1.0,14.576667,0.028999999999999998,,0.0,0,0.0,0,0,0.0,0,41,510.0,1,0.0,0,0.0,0,0,0.0,0,65,810.0,5,0.0,3.3658536585365852,00-0029159,18,532.0,29.555555,4.4340696,6.7788363,00-0029159,17,16.0,1.0,89,41,510,31.875,7,1,0,0,0.0,0,0,1,16,89,5.6,34.4,WR,SEA,16.2
303,Phillip Dorsett II,LV,268.5,00-0032208,WR,2016,1.0,23,0.7706666666666668,16.101238,0.013999999999999999,29.0,13.2,0,0.0,0,2,10.0,0,33,528.0,2,0.0,0,0.0,0,1,7.0,0,12,194.0,0,0.0,4.545454545454546,00-0032208,15,528.0,35.2,4.356783,8.318171,00-0032208,7,50.0,0.0,59,33,528,35.2,8,2,2,10,0.6666666666666666,0,0,2,15,59,3.9,35.9,WR,IND,10.3
307,Andre Roberts,,250.0,00-0027691,WR,2016,0.8706896551724138,28,0.25125,15.160769,0.011000000000000001,88.0,6.1,0,0.0,0,0,0.0,0,14,188.0,1,0.0,0,0.0,0,0,0.0,0,1,12.0,0,0.0,4.5,00-0027691,13,188.0,14.461538,4.491267,3.2335877,00-0027691,3,6.0,1.0,25,14,188,14.461538461538462,3,1,0,0,0.0,0,1,1,13,25,1.9,36.4,WR,DET,4.3
310,Jeremy Kerley,,278.0,00-0028091,WR,2016,1.0,27,0.7675000000000001,51.700626,0.017,153.0,2.6,0,0.0,0,0,0.0,0,64,667.0,3,0.0,0,0.0,0,0,0.0,0,22,217.0,1,1.0,3.234375,00-0028091,16,667.0,41.6875,3.2141347,15.168883,00-0028091,7,66.0,2.0,115,64,667,41.6875,8,3,0,0,0.0,0,1,3,16,115,7.2,30.4,WR,SF,23.6
313,Tajae Sharpe,,258.0,00-0032778,WR,2016,1.0,21,0.736875,31.334957,0.004,140.0,3.1,0,0.0,0,1,1.0,0,41,522.0,2,0.0,--,--,--,--,--,--,--,--,--,--,2.1951219512195124,00-0032778,16,522.0,32.625,3.7563872,8.265216,00-0032778,5,12.0,0.0,83,41,522,32.625,7,2,1,1,0.0625,0,0,2,16,83,5.2,30.8,WR,TEN,16.8
315,Deonte Thompson,,260.0,00-0029388,WR,2016,1.0,27,-1.0,51.332775,0.005,,0.0,0,0.0,0,0,0.0,0,22,249.0,2,0.0,0,0.0,0,2,-5.0,0,38,555.0,2,0.0,1.9545454545454546,00-0029388,9,249.0,27.666666,4.0239496,5.8575635,00-0029388,6,34.0,2.0,36,22,249,27.666666666666668,2,2,0,0,0.0,0,1,2,9,36,4.0,34.4,WR,CHI,6.5
319,Eli Rogers,,292.0,00-0031782,WR,2016,1.0,23,-1.0,34.272434,0.004,,0.0,0,0.0,0,1,6.0,0,48,594.0,3,0.0,0,0.0,0,0,0.0,0,18,149.0,1,0.0,4.25,00-0031782,16,706.0,44.125,4.1331234,10.364033,00-0031782,9,42.0,2.0,66,48,594,45.69230769230769,11,3,1,6,0.4615384615384615,0,0,3,13,66,5.1,37.4,WR,PIT,11.0
326,Kamar Aiken,,271.0,00-0028497,WR,2016,1.0,27,-1.0,11.6865,0.016,,0.0,0,0.0,0,0,0.0,0,29,328.0,1,0.0,0,0.0,0,0,0.0,0,15,133.0,0,0.0,3.6551724137931036,00-0028497,16,328.0,20.5,4.1057625,4.7855806,00-0028497,4,60.0,1.0,50,29,328,20.5,3,1,0,0,0.0,0,0,1,16,50,3.1,41.9,WR,BAL,7.5
327,Terrance Williams,,281.5,00-0030542,WR,2016,1.0,26,0.7068749999999999,24.65257,0.025,74.0,7.2,0,0.0,0,0,0.0,0,44,594.0,4,1.0,0,0.0,0,2,15.0,0,53,568.0,0,0.0,3.75,00-0030542,16,662.0,41.375,3.8321884,11.282284,00-0030542,6,74.0,3.0,61,44,594,39.6,6,4,0,0,0.0,0,1,4,15,61,4.1,30.1,WR,DAL,12.7
349,Dontrelle Inman,,296.0,00-0028411,WR,2016,1.0,27,0.8981250000000001,54.5065,0.016,,0.0,0,0.0,0,0,0.0,0,58,810.0,4,0.0,0,0.0,0,0,0.0,0,25,343.0,1,0.0,3.689655172413793,00-0028411,16,810.0,50.625,4.3896613,11.812904,00-0028411,7,76.0,1.0,97,58,810,50.625,10,4,0,0,0.0,0,0,4,16,97,6.1,35.4,WR,LAC,17.1
351,Victor Cruz,,299.0,00-0027265,WR,2016,0.75,29,-1.0,22.57033,0.012,,0.0,0,0.0,0,0,0.0,0,39,586.0,1,1.0,--,--,--,--,--,--,--,--,--,--,4.846153846153846,00-0027265,15,616.0,41.066666,4.125021,9.655315,00-0027265,8,62.0,1.0,72,39,586,41.85714285714285,10,1,0,0,0.0,0,1,1,14,72,5.1,37.3,WR,NYG,12.1
354,Michael Floyd,,306.0,00-0029638,WR,2016,1.0,26,0.6746666666666667,20.8422,0.008,13.0,18.3,0,0.0,0,0,0.0,0,37,488.0,5,0.0,0,0.0,0,0,0.0,0,10,78.0,0,0.0,1.864864864864865,00-0029638,15,497.0,33.133335,3.8622556,8.153596,00-0029638,15,112.0,5.0,77,37,488,34.857142857142854,4,5,0,0,0.0,0,0,5,14,71,5.9,40.0,WR,ARI,11.1
356,Seth Roberts,,308.0,00-0031166,WR,2016,1.0,25,-1.0,18.441626,0.031,,0.0,0,0.0,0,0,0.0,0,38,397.0,5,0.0,0,0.0,0,0,0.0,0,43,455.0,1,2.0,5.131578947368421,00-0031166,17,398.0,23.411764,3.9196715,6.1831784,00-0031166,23,116.0,4.0,79,38,397,24.8125,5,5,0,0,0.0,0,0,5,16,79,4.9,37.2,WR,LV,13.3
358,Adam Humphries,,311.0,00-0032009,WR,2016,1.0,23,0.6013333333333333,35.40381,0.004,,0.0,0,0.0,0,5,18.0,0,55,622.0,2,0.0,0,0.0,0,1,6.0,0,61,631.0,1,1.0,6.945454545454545,00-0032009,15,622.0,41.466667,3.9928076,10.66723,00-0032009,11,70.0,1.0,84,55,622,41.46666666666667,7,2,5,18,1.2,0,0,2,15,84,5.6,36.1,WR,TB,14.6
362,Sammie Coates,,316.0,00-0032166,WR,2016,1.0,23,0.3342857142857143,93.97964,0.005,87.0,6.2,0,0.0,0,4,14.0,0,21,435.0,2,0.0,0,0.0,0,0,0.0,0,6,70.0,0,0.0,5.190476190476191,00-0032166,12,469.0,39.083332,4.5518384,8.488674,00-0032166,5,20.0,1.0,49,21,435,39.54545454545455,7,2,4,14,1.2727272727272727,0,0,2,11,49,4.5,37.4,WR,PIT,8.2
371,Dorial Green-Beckham,,329.0,00-0032218,WR,2016,1.0,23,0.6053333333333334,23.552967,0.01,40.0,11.1,0,0.0,0,0,0.0,0,36,392.0,2,0.0,--,--,--,--,--,--,--,--,--,--,4.027777777777778,00-0032218,14,392.0,28.0,3.5534663,7.9875517,00-0032218,12,80.0,2.0,74,36,392,28.0,5,2,0,0,0.0,0,0,2,14,74,5.3,37.9,WR,PHI,12.2
376,Quincy Enunwa,,335.0,00-0031023,WR,2016,1.0,24,0.84,39.555958,0.004,209.0,0.6,0,0.0,0,1,12.0,0,58,857.0,4,0.0,--,--,--,--,--,--,--,--,--,--,6.068965517241379,00-0031023,16,857.0,53.5625,3.6706746,14.505912,00-0031023,15,44.0,1.0,105,58,857,53.5625,14,4,1,12,0.75,0,0,4,16,105,6.6,34.1,WR,NYJ,19.2
391,Andre Holmes,,350.0,00-0028263,WR,2016,1.0,28,-1.0,15.395165,0.01,,0.0,0,0.0,0,0,0.0,0,14,126.0,3,0.0,0,0.0,0,0,0.0,0,13,120.0,3,0.0,1.8571428571428572,00-0028263,15,176.0,11.733334,3.780803,3.8384607,00-0028263,9,52.0,4.0,25,14,126,9.0,2,3,0,0,0.0,0,0,3,14,25,1.8,37.2,WR,LV,4.2
397,Charone Peake,,357.0,00-0032959,WR,2016,1.0,23,0.3360000000000001,6.3236365,0.004,241.0,0.0,0,0.0,0,0,0.0,0,19,186.0,0,0.0,0,0.0,0,0,0.0,0,1,3.0,0,0.0,3.736842105263158,00-0032959,11,186.0,16.90909,3.5241852,4.9657497,00-0032959,3,0.0,0.0,35,19,186,16.90909090909091,1,0,0,0,0.0,0,0,0,11,35,3.2,34.1,WR,NYJ,6.4
409,Albert Wilson,,369.0,00-0030669,WR,2016,1.0,24,0.453125,34.753456,0.011000000000000001,,0.0,0,0.0,0,2,50.0,1,31,279.0,2,0.0,0,0.0,0,3,6.0,0,42,554.0,3,0.0,5.419354838709677,00-0030669,15,282.0,18.8,3.9863749,4.721308,00-0030669,8,28.0,2.0,51,31,279,19.928571428571427,4,2,2,50,3.571428571428572,1,0,3,14,51,3.6,33.6,WR,KC,9.5
5,Antonio Brown,,5.2,00-0027793,WR,2017,1.0,29,0.8957142857142858,154.19786,0.102,195.0,1.0,0,0.0,0,0,0.0,0,101,1533.0,9,0.0,0,0.0,0,0,0.0,0,104,1297.0,15,0.0,4.762376237623762,00-0027793,15,1665.0,111.0,4.5391936,23.862312,00-0027793,25,166.0,6.0,165,101,1533,109.5,27,9,0,0,0.0,0,0,9,14,165,11.8,36.8,WR,PIT,28.1
8,DeAndre Hopkins,BAL,8.8,00-0030564,WR,2017,1.0,25,0.982,58.58839,0.09699999999999999,27.0,13.6,0,0.0,0,0,0.0,0,96,1378.0,13,1.0,0,0.0,0,1,-7.0,0,115,1572.0,11,2.0,3.7395833333333335,00-0030564,15,1378.0,91.86667,3.5605772,26.682983,00-0030564,20,98.0,7.0,175,96,1378,91.86666666666666,24,13,0,0,0.0,0,1,13,15,175,11.7,32.5,WR,HOU,33.7
11,Odell Beckham Jr.,,11.0,00-0031235,WR,2017,0.8153846153846154,24,0.7575000000000001,80.73999,0.102,12.0,18.8,0,0.0,0,1,8.0,0,25,302.0,3,0.0,2,106.0,2,5,19.0,0,77,1052.0,6,0.0,2.6,00-0031235,4,302.0,75.5,4.2906685,18.761417,00-0031235,6,60.0,2.0,43,25,302,75.5,2,3,1,8,2.0,0,0,3,4,43,10.8,37.9,WR,NYG,7.1
13,Julio Jones,,12.6,00-0027944,WR,2017,0.9523809523809523,28,0.7550000000000001,115.47463,0.099,6.0,23.2,0,0.0,0,1,15.0,0,88,1444.0,3,0.0,0,0.0,0,2,12.0,0,113,1677.0,8,2.0,5.5227272727272725,00-0027944,18,1639.0,91.05556,4.185747,21.315424,00-0027944,25,108.0,2.0,148,88,1444,90.25,23,3,1,15,0.9375,0,0,3,16,148,9.2,32.3,WR,ATL,28.6
16,Michael Thomas,,15.8,00-0032765,WR,2017,1.0,24,0.82125,37.89329,0.008,47.0,10.1,0,0.0,0,0,0.0,0,104,1245.0,5,0.0,0,0.0,0,0,0.0,0,125,1405.0,9,2.0,4.086538461538462,00-0032765,18,1461.0,81.166664,4.5928516,18.140173,00-0032765,21,164.0,7.0,149,104,1245,77.8125,22,5,0,0,0.0,0,0,5,16,149,9.3,33.1,WR,NO,28.2
17,Keenan Allen,LAC,16.4,00-0030279,WR,2017,0.6891891891891891,25,0.8443750000000001,98.21983,0.07200000000000001,76.0,7.0,0,0.0,0,2,9.0,0,102,1393.0,6,0.0,0,0.0,0,9,75.0,0,97,1196.0,6,1.0,4.911764705882353,00-0030279,16,1393.0,87.0625,4.563659,18.448372,00-0030279,24,158.0,4.0,159,102,1393,87.0625,18,6,2,9,0.5625,0,0,6,16,159,9.9,35.9,WR,LAC,27.7
18,Davante Adams,LAR,18.8,00-0031381,WR,2017,1.0,24,0.8528571428571429,62.382256,0.087,53.0,9.3,0,0.0,0,0,0.0,0,74,885.0,10,0.0,0,0.0,0,0,0.0,0,111,1386.0,13,0.0,4.5675675675675675,00-0031381,14,885.0,63.214287,3.65289,17.599382,00-0031381,24,280.0,7.0,118,74,885,63.21428571428572,8,10,0,0,0.0,0,0,10,14,118,8.4,34.8,WR,GB,21.2
20,A.J. Green ,,20.2,00-0027942,WR,2017,0.9914529914529915,29,0.87125,73.192665,0.105,4.0,25.8,0,0.0,0,0,0.0,0,75,1078.0,8,2.0,0,0.0,0,0,0.0,0,46,694.0,6,1.0,3.96,00-0027942,16,1078.0,67.375,3.74489,17.598734,00-0027942,16,144.0,6.0,143,75,1078,67.375,9,8,0,0,0.0,0,2,8,16,143,8.9,30.5,WR,CIN,29.3
22,Mike Evans,TB,23.4,00-0031408,WR,2017,0.9848484848484849,24,0.866,37.346855,0.09300000000000001,7.0,22.2,0,0.0,0,0,0.0,0,71,1001.0,5,0.0,0,0.0,0,0,0.0,0,86,1524.0,8,1.0,1.8873239436619718,00-0031408,15,1001.0,66.73333,4.619385,14.510939,00-0031408,21,92.0,3.0,138,71,1004,66.93333333333334,9,5,0,0,0.0,0,0,5,15,138,9.2,37.5,WR,TB,23.0
27,Tyreek Hill,MIA,26.8,00-0033040,WR,2017,1.0,23,0.8106666666666665,72.37553,0.004,165.0,2.1,0,0.0,0,17,59.0,0,75,1183.0,7,1.0,0,0.0,0,22,151.0,1,87,1479.0,12,0.0,6.066666666666666,00-0033040,16,1270.0,79.375,4.5304723,17.29219,00-0033040,4,14.0,0.0,105,75,1183,78.86666666666666,15,7,17,59,3.933333333333333,0,0,7,15,105,7.0,33.1,WR,KC,19.8
29,T.Y. Hilton,,28.2,00-0029608,WR,2017,1.0,27,0.8999999999999999,98.706,0.091,92.0,5.8,0,0.0,0,0,0.0,0,57,966.0,4,1.0,0,0.0,0,0,0.0,0,76,1270.0,6,0.0,5.333333333333333,00-0029608,16,966.0,60.375,3.3013585,16.784985,00-0029608,10,24.0,0.0,109,57,966,60.375,14,4,0,0,0.0,0,1,4,16,109,6.8,29.6,WR,IND,23.0
30,Stefon Diggs,NE,29.8,00-0031588,WR,2017,1.0,23,0.8049999999999999,91.00417,0.081,146.0,2.9,0,0.0,0,8,13.0,0,64,849.0,8,0.0,0,0.0,0,10,62.0,0,102,1021.0,9,0.0,4.65625,00-0031588,16,1056.0,66.0,3.9347894,16.131172,00-0031588,15,238.0,7.0,95,64,849,60.642857142857146,14,8,8,13,0.9285714285714286,0,0,8,14,95,6.8,32.6,WR,MIN,18.2
31,Adam Thielen,CAR,31.8,00-0030035,WR,2017,1.0,27,0.925625,61.80296,0.028999999999999998,,0.0,0,0.0,0,1,11.0,0,91,1276.0,4,2.0,0,0.0,0,5,30.0,0,113,1373.0,9,1.0,4.912087912087912,00-0030035,18,1378.0,76.55556,3.8532164,19.180164,00-0030035,20,78.0,2.0,142,91,1276,79.75,20,4,1,11,0.6875,0,2,4,16,142,8.9,32.6,WR,MIN,27.2
32,Larry Fitzgerald,,33.6,00-0022921,WR,2017,1.0,34,0.95375,82.10987,0.066,3.0,27.6,1,21.0,0,0,0.0,0,109,1156.0,6,1.0,1,32.0,1,0,0.0,0,69,734.0,6,0.0,3.743119266055046,00-0022921,16,1156.0,72.25,3.8460991,19.477924,00-0022921,21,236.0,6.0,162,109,1156,72.25,16,6,0,0,0.0,0,1,6,16,162,10.1,37.1,WR,ARI,27.3
34,Amari Cooper,,34.6,00-0031544,WR,2017,1.0,23,0.8099999999999999,125.64132,0.04,4.0,25.8,0,0.0,0,1,4.0,0,48,680.0,7,0.0,0,0.0,0,2,20.0,0,75,1005.0,7,2.0,6.104166666666667,00-0031544,14,680.0,48.57143,4.0029664,11.448053,00-0031544,10,52.0,3.0,96,48,680,48.57142857142857,9,7,1,4,0.2857142857142857,0,0,7,14,96,6.9,34.6,WR,LV,17.3
36,Doug Baldwin,,37.0,00-0028434,WR,2017,1.0,28,-1.0,56.627956,0.07400000000000001,,0.0,0,0.0,0,2,-8.0,0,75,991.0,8,0.0,0,0.0,0,0,0.0,0,50,618.0,5,0.0,3.6533333333333333,00-0028434,16,991.0,61.9375,3.9670901,15.750278,00-0028434,9,72.0,3.0,117,75,991,61.9375,18,8,2,-8,-0.5,0,0,8,16,117,7.3,33.2,WR,SEA,22.0
38,Jarvis Landry,,38.4,00-0031382,WR,2017,1.0,24,0.894375,30.148,0.09,63.0,8.2,0,0.0,0,1,-7.0,0,112,987.0,9,2.0,1,63.0,0,3,60.0,1,81,976.0,4,1.0,4.446428571428571,00-0031382,16,987.0,61.6875,3.848371,16.976667,00-0031382,23,170.0,9.0,161,112,987,61.6875,6,9,1,-7,-0.4375,0,3,9,16,161,10.1,36.8,WR,MIA,27.3
41,Demaryius Thomas ,,43.2,00-0027874,WR,2017,1.0,29,0.7875,42.747623,0.098,22.0,14.9,0,0.0,0,0,0.0,0,83,949.0,5,1.0,0,0.0,0,0,0.0,0,59,677.0,5,0.0,3.602409638554217,00-0027874,16,949.0,59.3125,3.4317126,17.072386,00-0027874,19,156.0,5.0,426,249,2847,177.9375,30,10,0,0,0.0,0,1,10,16,142,8.9,34.7,WR,DEN,25.6
43,JuJu Smith-Schuster,KC,44.0,00-0033857,WR,2017,0.9375,20,0.7471428571428571,92.78744,0.006,62.0,8.3,0,0.0,0,0,0.0,0,58,917.0,7,0.0,0,0.0,0,1,13.0,0,111,1426.0,7,1.0,7.413793103448276,00-0033857,14,922.0,65.85714,4.304689,15.325888,00-0033857,16,206.0,6.0,79,58,917,70.53846153846153,12,7,0,0,0.0,0,0,7,13,79,6.1,36.8,WR,PIT,13.4
44,Brandin Cooks,NO,45.4,00-0031236,WR,2017,0.8166666666666667,23,0.92875,67.70599,0.091,20.0,15.5,0,0.0,0,9,40.0,0,65,1082.0,7,0.0,0,0.0,0,10,68.0,1,80,1204.0,5,0.0,3.4923076923076923,00-0031236,19,1237.0,65.10526,4.6131997,14.733647,00-0031236,15,108.0,4.0,115,65,1082,67.625,18,7,9,40,2.5,0,0,7,16,115,7.2,36.6,WR,NE,19.6
45,Golden Tate,,45.8,00-0027891,WR,2017,1.0,29,0.76125,56.35296,0.047,60.0,8.5,0,0.0,0,5,22.0,0,92,1003.0,5,1.0,0,0.0,0,4,34.0,0,74,795.0,4,0.0,6.663043478260869,00-0027891,16,1003.0,62.6875,4.588201,13.348271,00-0027891,8,90.0,2.0,120,92,1003,62.6875,10,5,5,22,1.375,0,1,5,16,120,7.5,35.6,WR,DET,21.1
50,Josh Gordon ,,48.6,00-0029664,WR,2017,0.7538461538461538,26,-1.0,24.339998,0.004,1.0,34.6,0,0.0,0,0,0.0,0,18,335.0,1,0.0,0,0.0,0,0,0.0,0,41,737.0,4,0.0,6.833333333333333,00-0029664,5,335.0,67.0,3.6575418,17.657198,00-0029664,2,36.0,1.0,42,18,335,67.0,5,1,0,0,0.0,0,0,1,5,42,8.4,35.4,WR,CLE,7.4
54,Marvin Jones Jr. ,,54.8,00-0029293,WR,2017,0.9325842696629213,27,0.9625,62.178295,0.052000000000000005,166.0,2.0,0,0.0,0,0,0.0,0,61,1101.0,9,0.0,0,0.0,0,0,0.0,0,35,508.0,5,0.0,3.19672131147541,00-0029293,16,1101.0,68.8125,4.588201,14.837008,00-0029293,16,62.0,4.0,216,122,2202,137.625,40,18,0,0,0.0,0,0,18,16,108,6.8,35.6,WR,DET,19.0
55,Chris Hogan,,55.0,00-0028237,WR,2017,1.0,29,0.9055555555555556,68.95444,0.026000000000000002,,0.0,0,0.0,0,3,17.0,0,34,439.0,5,0.0,0,0.0,0,0,0.0,0,35,532.0,3,0.0,5.029411764705882,00-0028237,12,591.0,49.25,4.8753705,9.598315,00-0028237,13,84.0,5.0,59,34,439,48.77777777777778,6,5,3,17,1.8888888888888888,0,0,5,9,59,6.6,36.6,WR,NE,10.1
60,Corey Davis,,63.6,00-0033871,WR,2017,1.0,22,0.730909090909091,20.57,0.038,5.0,24.3,0,0.0,0,0,0.0,0,34,375.0,0,0.0,0,0.0,0,6,55.0,0,65,891.0,4,0.0,2.9705882352941178,00-0033871,13,473.0,36.384617,3.6597483,9.575124,00-0033871,7,130.0,2.0,65,34,375,34.09090909090909,4,0,0,0,0.0,0,1,0,11,65,5.9,30.2,WR,TEN,13.4
62,Michael Crabtree,,66.4,00-0026986,WR,2017,0.9925373134328358,29,0.6664285714285715,79.61808,0.04,10.0,19.9,0,0.0,0,0,0.0,0,58,618.0,8,0.0,0,0.0,0,0,0.0,0,54,607.0,3,0.0,3.2758620689655173,00-0026986,13,618.0,47.53846,3.840771,12.523431,00-0026986,16,40.0,5.0,103,58,618,47.53846153846154,8,8,0,0,0.0,0,0,8,13,103,7.9,34.6,WR,LV,18.6
64,Marquise Goodwin,,67.0,00-0030068,WR,2017,0.9166666666666666,26,0.708125,39.5585,0.038,78.0,6.9,0,0.0,0,4,44.0,0,56,962.0,2,0.0,0,0.0,0,4,9.0,0,23,395.0,4,0.0,3.5357142857142856,00-0030068,16,962.0,60.125,4.0321007,14.143701,00-0030068,15,100.0,1.0,105,56,962,60.125,13,2,4,44,2.75,0,0,2,16,105,6.6,37.5,WR,SF,17.5
65,Emmanuel Sanders ,,67.0,00-0027685,WR,2017,1.0,30,0.7491666666666666,52.651745,0.071,82.0,6.5,0,0.0,0,0,0.0,0,47,555.0,2,0.0,1,28.0,1,4,53.0,1,71,868.0,4,0.0,3.5531914893617023,00-0027685,12,555.0,46.25,3.4986827,12.655426,00-0027685,10,40.0,2.0,92,47,555,46.25,11,2,0,0,0.0,0,0,2,12,92,7.7,34.7,WR,DEN,16.6
71,Alshon Jeffery,,73.4,00-0029137,WR,2017,0.8383838383838383,27,0.811875,50.642628,0.078,45.0,10.4,0,0.0,0,0,0.0,0,57,789.0,9,0.0,0,0.0,0,0,0.0,0,65,843.0,6,0.0,3.56140350877193,00-0029137,19,1008.0,53.05263,3.9293928,13.65052,00-0029137,25,146.0,8.0,123,57,789,49.3125,8,9,0,0,0.0,0,0,9,16,123,7.7,35.1,WR,PHI,21.9
75,William Fuller V ,,79.8,00-0033127,WR,2017,1.0,23,0.786,85.69067,0.016,21.0,15.2,0,0.0,0,2,9.0,0,28,423.0,7,0.0,0,0.0,0,0,0.0,0,32,503.0,4,0.0,3.5357142857142856,00-0033127,10,423.0,42.3,3.4737747,11.332859,00-0033127,6,110.0,4.0,51,28,423,42.3,7,7,2,9,0.9,0,0,7,10,51,5.1,32.5,WR,HOU,9.8
76,Sammy Watkins,,80.2,00-0031325,WR,2017,0.8939393939393939,24,0.8039999999999999,53.409813,0.09,4.0,25.8,0,0.0,0,0,0.0,0,39,593.0,8,0.0,0,0.0,0,5,52.0,0,40,519.0,3,0.0,4.743589743589744,00-0031325,16,616.0,38.5,4.2291484,8.780204,00-0031325,11,102.0,7.0,70,39,593,39.53333333333333,9,8,0,0,0.0,0,0,8,15,70,4.7,31.9,WR,LA,13.7
78,Robert Woods,PIT,82.4,00-0030431,WR,2017,0.8148148148148148,25,0.8208333333333333,91.257195,0.040999999999999995,41.0,11.0,0,0.0,0,2,12.0,0,56,781.0,5,1.0,0,0.0,0,19,157.0,1,86,1219.0,6,0.0,5.428571428571429,00-0030431,13,923.0,71.0,4.1659946,17.965136,00-0030431,12,86.0,3.0,85,56,781,65.08333333333333,12,5,2,12,1.0,0,1,5,12,85,7.1,31.9,WR,LA,16.7
83,Cooper Kupp,SEA,85.0,00-0033908,WR,2017,1.0,24,0.7593333333333333,36.030666,0.006,69.0,7.6,0,0.0,0,0,0.0,0,62,869.0,5,1.0,0,0.0,0,4,25.0,0,40,566.0,6,0.0,5.870967741935484,00-0033908,16,938.0,58.625,4.2291484,14.10992,00-0033908,26,293.0,6.0,94,62,869,57.93333333333333,12,5,0,0,0.0,0,1,5,15,94,6.3,31.9,WR,LA,18.4
88,Jamison Crowder,,88.4,00-0031941,WR,2017,1.0,24,0.7133333333333333,52.12981,0.005,105.0,5.0,0,0.0,0,7,34.0,0,66,789.0,3,0.0,0,0.0,0,4,30.0,0,29,388.0,2,0.0,5.606060606060606,00-0031941,15,789.0,52.6,4.19065,12.955447,00-0031941,14,98.0,3.0,103,66,789,52.6,12,3,7,34,2.2666666666666666,0,4,3,15,103,6.9,33.4,WR,WAS,19.3
89,Robbie Chosen,SF,89.8,00-0032688,WR,2017,1.0,24,0.7831250000000001,67.37066,0.003,,0.0,0,0.0,0,3,9.0,0,63,941.0,7,0.0,0,0.0,0,2,-8.0,0,50,752.0,6,2.0,4.333333333333333,00-0032688,16,941.0,58.8125,3.5771842,16.603762,00-0032688,11,64.0,1.0,115,63,941,58.8125,17,7,3,9,0.5625,0,0,7,16,115,7.2,31.1,WR,NYJ,23.1
92,Pierre Garcon ,,92.6,00-0026345,WR,2017,0.9470198675496688,31,0.785,35.65429,0.057,205.0,0.7,0,0.0,0,0,0.0,0,40,500.0,0,0.0,0,0.0,0,0,0.0,0,24,286.0,1,0.0,4.75,00-0026345,8,500.0,62.5,3.5348246,16.501137,00-0026345,5,40.0,0.0,67,40,500,62.5,6,0,0,0,0.0,0,0,0,8,67,8.4,37.5,WR,SF,11.2
93,Jordy Nelson,,93.2,00-0026176,WR,2017,1.0,32,0.8320000000000001,54.326153,0.04,36.0,11.8,0,0.0,0,0,0.0,0,53,482.0,6,0.0,0,0.0,0,1,-2.0,0,63,739.0,3,0.0,2.4150943396226414,00-0026176,14,482.0,34.42857,3.4354532,10.124913,00-0026176,13,86.0,5.0,89,53,482,34.42857142857143,4,6,0,0,0.0,0,0,6,14,89,6.4,34.8,WR,GB,16.0
96,Randall Cobb,,99.4,00-0028002,WR,2017,1.0,27,0.7573333333333334,29.373625,0.07,64.0,8.1,1,10.0,0,9,17.0,0,66,653.0,4,0.0,0,0.0,0,0,0.0,0,38,383.0,2,1.0,6.242424242424242,00-0028002,14,653.0,46.642857,3.5518086,12.740842,00-0028002,7,70.0,2.0,93,66,653,46.642857142857146,7,4,9,17,1.2142857142857142,0,0,4,14,93,6.6,34.8,WR,GB,16.7
98,Nelson Agholor,,102.0,00-0031549,WR,2017,1.0,24,0.7106250000000001,53.093624,0.016,20.0,15.5,0,0.0,0,1,7.0,0,62,768.0,8,0.0,1,15.0,0,3,32.0,0,64,736.0,4,0.0,4.854838709677419,00-0031549,19,935.0,49.210526,3.9293928,11.981049,00-0031549,20,110.0,4.0,95,62,768,48.0,9,8,1,7,0.4375,0,0,8,16,95,5.9,35.1,WR,PHI,16.9
101,Sterling Shepard,TB,105.6,00-0032385,WR,2017,1.0,24,0.9000000000000002,97.96054,0.01,40.0,11.1,0,0.0,0,4,4.0,0,59,731.0,2,0.0,0,0.0,0,3,33.0,0,66,872.0,4,0.0,5.0,00-0032385,11,731.0,66.454544,4.07065,15.376484,00-0032385,11,34.0,0.0,84,59,731,66.45454545454545,7,2,4,4,0.3636363636363636,0,0,2,11,84,7.6,37.9,WR,NYG,13.9
109,Kelvin Benjamin,,113.8,00-0031359,WR,2017,1.0,26,0.6435714285714286,28.400932,0.004,28.0,13.4,0,0.0,0,0,0.0,0,47,671.0,3,0.0,0,0.0,0,0,0.0,0,25,380.0,1,0.0,2.9574468085106385,00-0031359,15,680.0,45.333332,3.3398097,13.476383,00-0031359,11,24.0,1.0,77,47,671,47.92857142857143,9,3,0,0,0.0,0,0,3,14,51,6.4,30.9,WR,CAR,10.3
109,Kelvin Benjamin,,113.8,00-0031359,WR,2017,1.0,26,0.6435714285714286,28.400932,0.004,28.0,13.4,0,0.0,0,0,0.0,0,47,671.0,3,0.0,0,0.0,0,0,0.0,0,25,380.0,1,0.0,2.9574468085106385,00-0031359,15,680.0,45.333332,3.3398097,13.476383,00-0031359,11,24.0,1.0,77,47,671,47.92857142857143,9,3,0,0,0.0,0,0,3,14,26,4.3,29.2,WR,BUF,5.6
110,Kenny Stills,,115.8,00-0030085,WR,2017,1.0,25,0.906875,70.00962,0.048,144.0,3.0,0,0.0,0,0,0.0,0,58,847.0,6,2.0,1,3.0,1,0,0.0,0,37,553.0,6,0.0,2.7413793103448274,00-0030085,16,847.0,52.9375,3.848371,13.48471,00-0030085,10,98.0,2.0,105,58,847,52.9375,14,6,0,0,0.0,0,2,6,16,105,6.6,36.8,WR,MIA,17.8
115,DeVante Parker,,125.2,00-0031547,WR,2017,1.0,24,0.8092307692307692,35.40167,0.019,14.0,17.8,0,0.0,0,0,0.0,0,57,670.0,1,0.0,0,0.0,0,0,0.0,0,24,309.0,1,0.0,3.6315789473684212,00-0031547,13,670.0,51.53846,3.9611585,13.099891,00-0031547,13,54.0,1.0,97,57,670,51.53846153846154,9,1,0,0,0.0,0,0,1,13,97,7.5,36.8,WR,MIA,16.5
116,Allen Hurns,,125.2,00-0030821,WR,2017,1.0,25,-1.0,25.471558,0.031,,0.0,0,0.0,0,0,0.0,0,39,484.0,2,0.0,0,0.0,0,0,0.0,0,20,295.0,2,0.0,4.487179487179487,00-0030821,13,576.0,44.307693,3.1279614,13.702065,00-0030821,8,76.0,2.0,57,39,484,48.4,4,2,0,0,0.0,0,0,2,10,57,5.7,32.6,WR,JAX,10.9
125,Keelan Cole Sr.,,136.4,00-0033681,WR,2017,1.0,24,0.6625,69.92799,0.003,,0.0,0,0.0,0,0,0.0,0,42,748.0,3,1.0,0,0.0,0,0,0.0,0,38,491.0,1,2.0,7.119047619047619,00-0033681,19,830.0,43.68421,3.4066255,11.052027,00-0033681,5,34.0,2.0,83,42,748,46.75,11,3,0,0,0.0,0,1,3,16,83,5.2,32.6,WR,JAX,15.9
139,Kenny Golladay,,144.6,00-0033932,WR,2017,1.0,23,0.6790909090909091,34.452,0.005,96.0,5.5,0,0.0,0,1,9.0,0,28,477.0,3,0.0,0,0.0,0,1,8.0,0,70,1063.0,5,0.0,6.464285714285714,00-0033932,11,477.0,43.363636,4.5937734,9.20453,00-0033932,6,18.0,1.0,49,28,477,43.36363636363637,8,3,1,9,0.8181818181818182,0,0,3,11,49,4.5,35.6,WR,DET,8.6
142,Josh Doctson,,148.2,00-0032760,WR,2017,0.6875,24,0.748125,14.81981,0.016,22.0,14.9,0,0.0,0,1,-14.0,0,35,502.0,6,0.0,0,0.0,0,0,0.0,0,44,532.0,2,0.0,3.742857142857143,00-0032760,15,502.0,33.466667,4.2027993,7.90043,00-0032760,16,84.0,4.0,78,35,502,33.46666666666667,6,6,1,-14,-0.9333333333333332,0,0,6,15,78,5.2,33.4,WR,WAS,14.6
143,Tyler Lockett,TEN,150.0,00-0032211,WR,2017,0.9795918367346939,24,0.644375,35.43296,0.06,69.0,7.6,0,0.0,0,10,58.0,0,45,555.0,2,0.0,0,0.0,0,13,69.0,0,57,965.0,10,0.0,4.177777777777778,00-0032211,16,555.0,34.6875,3.9670901,8.164329,00-0032211,8,46.0,1.0,71,45,555,34.6875,5,2,10,58,3.625,0,0,2,16,71,4.4,33.2,WR,SEA,13.4
152,Chris Godwin,TB,166.6,00-0033921,WR,2017,1.0,21,0.405,42.253815,0.005,84.0,6.4,0,0.0,0,0,0.0,0,34,525.0,1,0.0,0,0.0,0,0,0.0,0,59,842.0,7,1.0,4.970588235294118,00-0033921,15,525.0,35.0,4.4454327,8.016096,00-0033921,8,36.0,0.0,55,34,525,35.0,4,1,0,0,0.0,0,0,1,15,55,3.7,37.5,WR,TB,9.2
155,John Brown,,173.2,00-0031051,WR,2017,1.0,27,0.718,20.794333,0.027999999999999997,91.0,5.9,0,0.0,0,1,10.0,0,21,299.0,3,0.0,0,0.0,0,3,4.0,0,42,715.0,5,0.0,2.8095238095238093,00-0031051,10,299.0,29.9,3.969894,7.427385,00-0031051,7,102.0,3.0,56,21,299,29.9,2,3,1,10,1.0,0,0,3,10,56,5.6,37.1,WR,ARI,9.4
168,Danny Amendola,,187.6,00-0026035,WR,2017,0.9635036496350365,31,0.5393333333333334,31.836859,0.034,,0.0,0,0.0,0,0,0.0,0,61,659.0,2,0.0,1,28.0,1,1,-2.0,0,59,575.0,1,0.0,3.442622950819672,00-0026035,18,1007.0,55.944443,4.524581,12.279096,00-0026035,19,194.0,4.0,86,61,659,43.93333333333333,7,2,0,0,0.0,0,0,2,15,86,5.7,36.6,WR,NE,14.7
172,Mohamed Sanu Sr.,,158.0,00-0029632,WR,2017,0.8645833333333334,28,0.7873333333333333,31.937706,0.042,83.0,6.5,1,51.0,1,4,10.0,0,67,703.0,5,0.0,1,5.0,1,7,44.0,0,66,838.0,4,1.0,3.656716417910448,00-0029632,17,828.0,48.705883,4.166727,12.079898,00-0029632,13,80.0,5.0,96,67,703,46.86666666666667,10,5,4,10,0.6666666666666666,0,0,6,15,96,6.4,32.3,WR,ATL,18.6
174,Dez Bryant ,,161.5,00-0027902,WR,2017,0.7751937984496124,28,0.839375,25.776,0.006999999999999999,24.0,14.4,0,0.0,0,1,-4.0,0,69,838.0,6,1.0,--,--,--,--,--,--,--,--,--,--,3.8550724637681157,00-0027902,16,838.0,52.375,3.3575113,16.786907,00-0027902,20,132.0,6.0,132,69,838,52.375,8,6,1,-4,-0.25,0,1,6,16,132,8.2,30.5,WR,DAL,27.0
175,Rishard Matthews,,163.3,00-0029580,WR,2017,0.8383838383838383,27,0.8228571428571427,44.196484,0.044000000000000004,227.0,0.0,0,0.0,0,1,-3.0,0,53,795.0,4,0.0,0,0.0,0,0,0.0,0,5,24.0,0,0.0,5.226415094339623,00-0029580,16,837.0,52.3125,3.5880072,13.992475,00-0029580,10,92.0,2.0,87,53,795,56.785714285714285,13,4,1,-3,-0.2142857142857142,0,0,4,14,87,6.2,30.2,WR,TEN,18.0
179,DeSean Jackson,,168.3,00-0026189,WR,2017,0.9178082191780822,30,0.6464285714285715,23.933846,0.067,49.0,9.8,0,0.0,0,3,38.0,0,50,668.0,3,0.0,0,0.0,0,6,29.0,1,41,774.0,4,0.0,3.82,00-0026189,14,668.0,47.714287,4.3756204,11.480802,00-0026189,8,36.0,2.0,92,50,668,47.71428571428572,10,3,3,38,2.7142857142857144,0,0,3,14,92,6.6,37.5,WR,TB,15.3
180,Dede Westbrook,,168.5,00-0033839,WR,2017,0.4375,23,0.7800000000000001,35.086193,0.005,110.0,4.7,0,0.0,0,0,0.0,0,27,339.0,1,0.0,0,0.0,0,9,98.0,0,66,717.0,5,1.0,3.6666666666666665,00-0033839,10,424.0,42.4,3.6035075,12.923357,00-0033839,4,74.0,1.0,51,27,339,48.42857142857143,6,1,0,0,0.0,0,0,1,7,51,7.3,32.6,WR,JAX,9.8
183,Paul Richardson Jr. ,,171.3,00-0031257,WR,2017,0.5961538461538461,25,0.773125,44.139294,0.045,45.0,10.4,0,0.0,0,0,0.0,0,44,703.0,6,0.0,0,0.0,0,2,9.0,0,20,262.0,2,0.0,2.840909090909091,00-0031257,16,703.0,43.9375,3.9670901,10.900819,00-0031257,12,106.0,4.0,81,44,703,43.9375,13,6,0,0,0.0,0,0,6,16,81,5.1,33.2,WR,SEA,15.3
194,Geronimo Allison ,,190.8,00-0032626,WR,2017,0.9629629629629629,23,0.34,27.73291,0.004,,0.0,0,0.0,0,0,0.0,0,23,253.0,0,1.0,0,0.0,0,0,0.0,0,20,303.0,2,0.0,5.173913043478261,00-0032626,11,253.0,23.0,3.3560724,5.9738708,00-0032626,5,26.0,0.0,39,23,253,23.0,1,0,0,0,0.0,0,1,0,11,39,3.5,34.8,WR,GB,7.0
198,Marqise Lee ,,156.0,00-0031431,WR,2017,1.0,25,0.7521428571428572,49.175255,0.048,39.0,11.3,0,0.0,0,1,17.0,0,56,702.0,3,0.0,--,--,--,--,--,--,--,--,--,--,5.160714285714286,00-0031431,16,771.0,48.1875,3.2736347,14.171288,00-0031431,9,54.0,3.0,97,56,702,54.0,6,3,1,17,1.3076923076923077,0,0,3,13,97,7.5,32.6,WR,JAX,18.6
206,Tyrell Williams,,183.0,00-0032160,WR,2017,1.0,25,0.8025,49.050503,0.016,,0.0,0,0.0,0,0,0.0,0,43,728.0,4,1.0,0,0.0,0,2,15.0,0,41,653.0,5,0.0,7.441860465116279,00-0032160,16,728.0,45.5,4.563659,9.693452,00-0032160,1,14.0,0.0,69,43,728,45.5,12,4,0,0,0.0,0,1,4,16,69,4.3,35.9,WR,LAC,12.0
210,Ted Ginn Jr.,,187.7,00-0025396,WR,2017,1.0,32,0.6353333333333334,37.991142,0.022000000000000002,9.0,20.6,0,0.0,0,10,39.0,0,53,787.0,4,0.0,0,0.0,0,3,26.0,0,17,209.0,2,1.0,5.69811320754717,00-0025396,17,974.0,57.294117,4.600648,12.409939,00-0025396,7,108.0,1.0,70,53,787,52.46666666666667,15,4,10,39,2.6,0,0,4,15,70,4.7,33.1,WR,NO,13.2
212,Mike Wallace ,,227.8,00-0026901,WR,2017,0.8933333333333333,31,0.6959999999999998,36.086,0.011000000000000001,84.0,6.4,0,0.0,0,1,4.0,0,52,748.0,4,0.0,0,0.0,0,0,0.0,0,0,0.0,0,0.0,3.019230769230769,00-0026901,15,748.0,49.866665,3.1599915,14.4683895,00-0026901,12,46.0,3.0,92,52,748,49.86666666666667,11,4,1,4,0.2666666666666666,0,0,4,15,92,6.1,35.2,WR,BAL,16.3
214,Martavis Bryant ,,190.3,00-0031373,WR,2017,1.0,25,0.6506666666666667,23.115236,0.011000000000000001,118.0,4.2,0,0.0,0,6,22.0,0,50,603.0,3,0.0,0,0.0,0,3,23.0,0,19,266.0,0,1.0,3.4,00-0031373,16,681.0,42.5625,4.426786,10.01016,00-0031373,10,48.0,2.0,85,50,603,40.2,7,3,6,22,1.4666666666666666,0,0,3,15,85,5.7,36.8,WR,PIT,14.5
227,Donte Moncrief,,220.3,00-0031339,WR,2017,1.0,24,0.7916666666666666,17.700228,0.054000000000000006,90.0,5.9,0,0.0,0,0,0.0,0,26,391.0,2,0.0,0,0.0,0,0,0.0,0,48,668.0,3,1.0,3.0384615384615383,00-0031339,12,391.0,32.583332,3.6007798,9.247824,00-0031339,7,52.0,1.0,47,26,391,32.583333333333336,5,2,0,0,0.0,0,0,2,12,47,3.9,29.6,WR,IND,9.9
233,Terrance Williams,,234.3,00-0030542,WR,2017,1.0,27,0.645,28.270624,0.025,74.0,7.2,0,0.0,0,2,15.0,0,53,568.0,0,0.0,0,0.0,0,0,0.0,0,2,18.0,0,0.0,4.339622641509434,00-0030542,16,568.0,35.5,3.3575113,10.827972,00-0030542,8,6.0,0.0,80,53,568,35.5,6,0,2,15,0.9375,0,0,0,16,80,5.0,30.5,WR,DAL,16.4
236,Taywan Taylor,,240.7,00-0033911,WR,2017,1.0,22,0.2487499999999999,14.905168,0.006,72.0,7.4,0,0.0,0,8,43.0,0,16,231.0,1,0.0,0,0.0,0,0,0.0,0,37,466.0,1,1.0,3.375,00-0033911,18,240.0,13.333333,3.5564423,3.7739763,00-0033911,1,0.0,0.0,28,16,231,14.4375,4,1,8,43,2.6875,0,0,1,16,28,2.0,30.2,WR,TEN,5.8
242,Cole Beasley,,248.0,00-0029000,WR,2017,1.0,28,0.574,28.567808,0.024,,0.0,0,0.0,0,0,0.0,0,36,314.0,4,0.0,0,0.0,0,0,0.0,0,65,672.0,3,0.0,3.4722222222222223,00-0029000,15,314.0,20.933332,3.3919272,6.0189424,00-0029000,7,40.0,5.0,63,36,314,20.933333333333334,2,4,0,0,0.0,0,0,4,15,63,4.2,30.5,WR,DAL,12.9
248,Terrelle Pryor Sr.,,255.7,00-0028825,WR,2017,0.926829268292683,28,-1.0,28.117144,0.025,1.0,34.6,0,0.0,0,0,0.0,0,20,240.0,1,0.0,0,0.0,0,1,-1.0,0,16,252.0,2,0.0,2.9,00-0028825,8,240.0,30.0,4.375576,7.419104,00-0028825,4,18.0,0.0,37,20,240,30.0,3,1,0,0,0.0,0,0,1,8,37,4.6,33.4,WR,WAS,6.9
253,Brandon Marshall,,259.0,00-0024334,WR,2017,0.831081081081081,33,0.7759999999999999,31.487003,0.006,119.0,4.2,0,0.0,0,0,0.0,0,18,154.0,0,0.0,0,0.0,0,0,0.0,0,11,136.0,1,0.0,2.1666666666666665,00-0024334,5,154.0,30.8,4.2786884,6.916406,00-0024334,2,54.0,0.0,33,18,154,30.8,0,0,0,0,0.0,0,0,0,5,33,6.6,37.9,WR,NYG,5.4
259,Jermaine Kearse,,265.7,00-0029159,WR,2017,1.0,27,-1.0,49.96,0.028999999999999998,,0.0,0,0.0,0,0,0.0,0,65,810.0,5,0.0,0,0.0,0,0,0.0,0,37,371.0,1,0.0,4.538461538461538,00-0029159,16,810.0,50.625,3.5771842,13.98452,00-0029159,9,68.0,2.0,103,65,810,50.625,9,5,0,0,0.0,0,0,5,16,103,6.4,31.1,WR,NYJ,20.7
267,Corey Coleman,,276.3,00-0032966,WR,2017,0.78125,23,0.7911111111111111,48.636944,0.004,15.0,17.4,0,0.0,0,0,0.0,0,23,305.0,2,0.0,0,0.0,0,1,5.0,0,5,71.0,0,0.0,2.5217391304347827,00-0032966,9,305.0,33.88889,3.748044,9.338589,00-0032966,7,26.0,2.0,58,23,305,33.888888888888886,4,2,0,0,0.0,0,0,2,9,58,6.4,35.4,WR,CLE,10.2
268,Travis Benjamin,,276.7,00-0029269,WR,2017,0.9120879120879121,27,0.534375,49.90129,0.039,100.0,5.3,0,0.0,0,13,96.0,0,34,567.0,4,0.0,0,0.0,0,7,41.0,0,12,186.0,1,0.0,6.176470588235294,00-0029269,16,567.0,35.4375,4.563659,8.080422,00-0029269,2,26.0,0.0,65,34,567,35.4375,10,4,13,96,6.0,0,0,4,16,65,4.1,35.9,WR,LAC,11.3
269,Albert Wilson ,,277.3,00-0030669,WR,2017,1.0,25,0.6384615384615385,40.005257,0.045,,0.0,0,0.0,0,3,6.0,0,42,554.0,3,0.0,1,52.0,1,8,16.0,0,26,391.0,4,0.0,7.571428571428571,00-0030669,14,580.0,41.42857,4.5837884,9.32608,00-0030669,12,106.0,2.0,62,42,554,42.61538461538461,4,3,3,6,0.4615384615384615,0,0,3,13,62,4.8,33.1,WR,KC,11.7
270,Ryan Grant ,,286.0,00-0031068,WR,2017,1.0,26,0.615,20.117958,0.042,142.0,3.0,0,0.0,0,0,0.0,0,45,573.0,4,0.0,0,0.0,0,0,0.0,0,35,334.0,1,0.0,5.222222222222222,00-0031068,16,573.0,35.8125,4.186026,8.487288,00-0031068,9,98.0,3.0,65,45,573,35.8125,10,4,0,0,0.0,0,0,4,16,65,4.1,33.4,WR,WAS,12.2
294,Laquon Treadwell,IND,294.7,00-0032951,WR,2017,1.0,22,0.453125,6.83859,0.016,23.0,14.6,0,0.0,0,0,0.0,0,20,200.0,0,0.0,0,0.0,0,0,0.0,0,35,302.0,1,0.0,2.9,00-0032951,14,200.0,14.285714,3.8726306,4.2740664,00-0032951,1,0.0,0.0,35,20,200,15.384615384615383,2,0,0,0,0.0,0,0,0,13,35,2.7,32.6,WR,MIN,6.7
309,Zay Jones,ARI,282.0,00-0033891,WR,2017,1.0,22,0.7913333333333334,25.901098,0.01,37.0,11.6,0,0.0,0,0,0.0,0,27,316.0,2,0.0,0,0.0,0,1,0.0,0,56,652.0,7,0.0,2.3333333333333335,00-0033891,15,336.0,22.4,3.1365461,7.51687,00-0033891,11,60.0,2.0,74,27,316,22.571428571428573,3,2,0,0,0.0,0,0,2,14,74,5.3,29.2,WR,BUF,15.8
313,Taylor Gabriel,,284.5,00-0031228,WR,2017,1.0,26,-1.0,22.528624,0.037000000000000005,,0.0,0,0.0,0,8,49.0,0,33,378.0,1,0.0,0,0.0,0,9,61.0,0,67,688.0,2,1.0,6.575757575757576,00-0031228,17,382.0,22.470589,4.2461195,5.130347,00-0031228,7,36.0,0.0,51,33,378,23.625,4,1,8,49,3.0625,0,0,1,16,51,3.2,32.3,WR,ATL,9.9
323,Torrey Smith,,298.0,00-0027996,WR,2017,0.9829059829059829,28,0.643125,29.431625,0.03,58.0,8.7,0,0.0,0,1,-3.0,0,36,430.0,2,0.0,0,0.0,0,0,0.0,0,17,190.0,2,0.0,3.638888888888889,00-0027996,19,587.0,30.894737,3.9293928,7.4438877,00-0027996,5,48.0,1.0,68,36,430,26.875,6,2,1,-3,-0.1875,0,0,2,16,68,4.2,35.1,WR,PHI,12.1
325,J.J. Nelson,,300.0,00-0032112,WR,2017,1.0,25,0.4837499999999999,38.876957,0.004,159.0,2.3,0,0.0,0,3,37.0,0,29,508.0,2,0.0,0,0.0,0,4,0.0,0,7,64.0,0,0.0,2.0344827586206895,00-0032112,16,508.0,31.75,3.8460991,8.295735,00-0032112,3,32.0,1.0,61,29,508,31.75,6,2,3,37,2.3125,0,1,2,16,61,3.8,37.1,WR,ARI,10.3
333,Jaron Brown,,320.0,00-0030300,WR,2017,0.891566265060241,27,-1.0,21.431704,0.016,,0.0,0,0.0,0,0,0.0,0,31,477.0,4,0.0,0,0.0,0,0,0.0,0,14,166.0,5,0.0,2.935483870967742,00-0030300,14,477.0,34.07143,3.8594208,8.461633,00-0030300,11,76.0,1.0,69,31,477,34.07142857142857,12,4,0,0,0.0,0,0,4,14,69,4.9,37.1,WR,ARI,11.6
335,Tyler Boyd,,329.0,00-0033009,WR,2017,1.0,22,0.4649999999999999,34.07389,0.006999999999999999,55.0,9.1,0,0.0,0,0,0.0,0,22,225.0,2,0.0,0,0.0,0,2,3.0,0,76,1028.0,7,0.0,4.136363636363637,00-0033009,10,225.0,22.5,3.696668,6.744208,00-0033009,2,28.0,1.0,32,22,225,22.5,1,2,0,0,0.0,0,0,2,10,32,3.2,30.5,WR,CIN,6.6
337,Curtis Samuel,BUF,276.0,00-0033282,WR,2017,0.625,21,0.37,9.898393,0.01,40.0,11.1,0,0.0,0,4,64.0,0,15,115.0,0,0.0,0,0.0,0,8,84.0,2,39,494.0,5,0.0,2.7333333333333334,00-0033282,8,115.0,14.375,3.363706,4.860221,00-0033282,1,20.0,0.0,26,15,115,14.375,2,0,4,64,8.0,0,0,0,8,26,3.7,30.9,WR,CAR,5.3
339,Adam Humphries,,313.5,00-0032009,WR,2017,1.0,24,0.62625,22.641293,0.016,,0.0,0,0.0,0,1,6.0,0,61,631.0,1,1.0,0,0.0,0,2,11.0,0,76,816.0,5,0.0,5.032786885245901,00-0032009,16,631.0,39.4375,4.5077567,8.535385,00-0032009,5,78.0,1.0,83,61,631,39.4375,5,1,1,6,0.375,0,1,1,16,83,5.2,37.5,WR,TB,13.8
346,Trent Taylor,SF,315.5,00-0033292,WR,2017,1.0,23,0.4740000000000001,17.078094,0.004,177.0,1.6,0,0.0,0,0,0.0,0,43,430.0,2,0.0,0,0.0,0,0,0.0,0,26,215.0,1,0.0,4.4186046511627906,00-0033292,15,430.0,28.666666,3.9518166,7.6322045,00-0033292,8,58.0,2.0,61,43,430,28.666666666666668,2,2,0,0,0.0,0,1,2,15,61,4.1,37.5,WR,SF,10.2
347,Chester Rogers,,287.0,00-0032355,WR,2017,1.0,23,0.6363636363636362,39.310673,0.003,,0.0,0,0.0,0,3,8.0,0,23,284.0,1,0.0,0,0.0,0,1,-4.0,0,53,485.0,2,0.0,4.521739130434782,00-0032355,10,284.0,28.4,3.0980706,9.38765,00-0032355,2,14.0,0.0,37,23,284,28.4,2,1,3,8,0.8,0,0,1,10,37,3.7,29.6,WR,IND,7.8
356,Jeremy Maclin ,,300.0,00-0026995,WR,2017,1.0,29,0.6483333333333334,28.354546,0.033,19.0,15.8,0,0.0,0,0,0.0,0,40,440.0,3,0.0,--,--,--,--,--,--,--,--,--,--,2.7,00-0026995,12,440.0,36.666668,3.145545,12.4504175,00-0026995,4,34.0,1.0,72,40,440,36.66666666666666,3,3,0,0,0.0,0,0,3,12,72,6.0,35.2,WR,BAL,12.8
369,Kenny Britt,,314.0,00-0027006,WR,2017,0.9777777777777777,28,0.4591666666666667,20.73818,0.049,30.0,12.9,0,0.0,0,0,0.0,0,20,256.0,2,0.0,--,--,--,--,--,--,--,--,--,--,4.4,00-0027006,12,256.0,21.333334,3.6343343,6.1785755,00-0027006,4,60.0,2.0,43,20,256,21.33333333333333,3,2,0,0,0.0,0,0,2,12,38,4.2,35.4,WR,CLE,6.7
375,Brandon LaFell ,,321.0,00-0027681,WR,2017,1.0,30,0.89375,21.264,0.01,78.0,6.9,0,0.0,0,0,0.0,0,52,548.0,3,0.0,0,0.0,0,0,0.0,0,12,135.0,2,0.0,4.596153846153846,00-0027681,16,548.0,34.25,3.74489,9.258841,00-0027681,11,76.0,2.0,89,52,548,34.25,6,3,0,0,0.0,0,0,3,16,89,5.6,30.5,WR,CIN,18.2
387,Cody Latimer,,333.0,00-0031344,WR,2017,1.0,24,0.4918181818181818,28.56011,0.013999999999999999,56.0,9.0,0,0.0,0,0,0.0,0,19,287.0,2,0.0,0,0.0,0,0,0.0,0,11,190.0,1,0.0,3.3684210526315788,00-0031344,10,287.0,28.7,3.3073108,8.658727,00-0031344,3,0.0,0.0,32,19,287,28.7,6,2,0,0,0.0,0,0,2,10,32,3.2,34.7,WR,DEN,5.8
404,Kendall Wright,,358.0,00-0029708,WR,2017,1.0,27,0.583125,27.191431,0.006,20.0,15.5,0,0.0,0,0,0.0,0,59,614.0,1,0.0,--,--,--,--,--,--,--,--,--,--,3.0847457627118646,00-0029708,14,614.0,43.857143,3.4515338,12.601155,00-0029708,8,20.0,1.0,92,59,614,43.85714285714285,1,1,0,0,0.0,0,0,1,14,92,6.6,29.3,WR,CHI,19.6
406,Rashard Higgins,,361.0,00-0032977,WR,2017,1.0,22,0.664,42.247692,0.004,172.0,1.8,0,0.0,0,1,4.0,0,27,312.0,2,1.0,0,0.0,0,0,0.0,0,39,572.0,4,1.0,5.2592592592592595,00-0032977,14,312.0,22.285715,3.4894884,5.8116446,00-0032977,4,44.0,1.0,50,27,312,22.285714285714285,4,2,1,4,0.2857142857142857,0,1,2,14,50,3.6,35.4,WR,CLE,8.8
416,Justin Hardy,,377.0,00-0031570,WR,2017,1.0,25,0.364375,8.632111,0.005,107.0,4.8,0,0.0,0,0,0.0,0,20,221.0,3,0.0,0,0.0,0,0,0.0,0,14,133.0,2,0.0,3.8,00-0031570,12,224.0,18.666666,3.993332,4.635963,00-0031570,7,46.0,3.0,29,20,221,22.1,3,3,0,0,0.0,0,0,3,10,29,2.9,32.3,WR,ATL,5.6
428,Deonte Thompson,,391.0,00-0029388,WR,2017,1.0,28,-1.0,39.618572,0.01,,0.0,0,0.0,0,2,-5.0,0,38,555.0,2,0.0,0,0.0,0,0,0.0,0,17,161.0,0,0.0,2.6578947368421053,00-0029388,16,578.0,36.125,3.094418,11.59079,00-0029388,6,46.0,1.0,69,38,555,37.0,8,2,2,-5,-0.3333333333333333,0,0,2,15,51,4.6,29.2,WR,BUF,10.9
437,Bennie Fowler,III,404.0,00-0030670,WR,2017,1.0,26,-1.0,26.504175,0.006,,0.0,0,0.0,0,0,0.0,0,29,350.0,3,0.0,0,0.0,0,0,0.0,0,16,199.0,1,0.0,3.689655172413793,00-0030670,14,350.0,25.0,3.456807,7.241894,00-0030670,9,42.0,2.0,56,29,350,25.0,5,3,0,0,0.0,0,0,3,14,56,4.0,34.7,WR,DEN,10.1
438,Seth Roberts,,405.0,00-0031166,WR,2017,1.0,26,-1.0,7.608095,0.031,,0.0,0,0.0,0,0,0.0,0,43,455.0,1,2.0,0,0.0,0,3,5.0,0,45,494.0,2,0.0,2.4186046511627906,00-0031166,15,455.0,30.333334,3.886129,8.409428,00-0031166,4,54.0,1.0,65,43,455,30.33333333333333,6,1,0,0,0.0,0,2,1,15,65,4.3,34.6,WR,LV,11.7
439,Bruce Ellington,,407.0,00-0031326,WR,2017,0.696969696969697,26,0.7518181818181816,27.969639,0.006999999999999999,106.0,4.9,0,0.0,0,3,17.0,0,29,330.0,2,0.0,0,0.0,0,1,2.0,0,31,224.0,1,0.0,4.689655172413793,00-0031326,11,330.0,30.0,3.9636002,7.795996,00-0031326,9,10.0,0.0,58,29,330,30.0,6,2,3,17,1.5454545454545454,0,0,2,11,58,5.3,32.5,WR,HOU,11.2
452,Braxton Miller,,421.0,00-0033069,WR,2017,0.90625,24,0.5763636363636363,14.762334,0.001,85.0,6.3,0,0.0,0,1,1.0,0,19,162.0,1,0.0,--,--,--,--,--,--,--,--,--,--,3.210526315789474,00-0033069,10,162.0,16.2,3.2766151,4.2397437,00-0033069,4,12.0,1.0,29,19,162,16.2,1,1,1,1,0.1,0,0,1,10,29,3.2,32.5,WR,HOU,5.6
454,T.J. Jones,,424.0,00-0031189,WR,2017,0.9487179487179487,25,0.4307142857142857,12.613636,0.011000000000000001,189.0,1.2,0,0.0,0,0,0.0,0,30,399.0,1,0.0,0,0.0,0,0,0.0,0,19,190.0,2,0.0,2.566666666666667,00-0031189,11,399.0,36.272728,4.71938,7.8089643,00-0031189,7,30.0,1.0,50,30,399,36.27272727272727,6,1,0,0,0.0,0,0,1,11,50,4.5,35.6,WR,DET,8.8
456,Jeremy Kerley,,426.0,00-0028091,WR,2017,0.9565217391304348,28,0.55875,20.274761,0.005,153.0,2.6,0,0.0,0,0,0.0,0,22,217.0,1,1.0,0,0.0,0,0,0.0,0,2,7.0,0,0.0,2.590909090909091,00-0028091,7,217.0,31.0,4.1047435,7.4235396,00-0028091,1,20.0,0.0,27,22,225,32.142857142857146,2,1,0,0,0.0,0,2,1,7,27,3.9,31.1,WR,NYJ,5.4
464,Chris Moore,WAS,434.0,00-0032398,WR,2017,1.0,24,0.4223076923076923,19.62989,0.005,107.0,4.8,0,0.0,0,2,-9.0,0,18,248.0,3,0.0,0,0.0,0,5,17.0,0,19,196.0,1,0.0,2.2777777777777777,00-0032398,10,248.0,24.8,3.1788435,7.725901,00-0032398,6,38.0,2.0,38,18,248,24.8,5,3,2,-9,-0.9,0,0,3,10,38,3.8,35.2,WR,BAL,6.7
467,Demarcus Robinson,SF,437.0,00-0032775,WR,2017,1.0,22,0.578125,9.832889,0.005,126.0,3.8,0,0.0,0,0,0.0,0,21,212.0,0,0.0,0,0.0,0,0,0.0,0,22,288.0,4,0.0,2.238095238095238,00-0032775,11,269.0,24.454546,4.571009,5.1621127,00-0032775,9,32.0,1.0,39,21,212,21.2,1,0,0,0,0.0,0,0,0,10,39,3.9,33.1,WR,KC,7.4
474,Eli Rogers ,,444.0,00-0031782,WR,2017,1.0,24,-1.0,9.524546,0.004,,0.0,0,0.0,0,0,0.0,0,18,149.0,1,0.0,0,0.0,0,1,-4.0,0,12,79.0,0,0.0,4.5,00-0031782,12,191.0,15.916667,4.713341,3.3552284,00-0031782,9,74.0,1.0,36,18,149,13.545454545454543,0,1,0,0,0.0,0,1,1,11,36,3.3,36.8,WR,PIT,6.1
487,Kendrick Bourne,NE,457.0,00-0033307,WR,2017,1.0,22,0.3718181818181818,15.393445,0.003,,0.0,0,0.0,0,0,0.0,0,16,257.0,0,0.0,0,0.0,0,0,0.0,0,42,487.0,4,0.0,7.125,00-0033307,10,257.0,25.7,4.2459774,5.373784,00-0033307,8,0.0,0.0,34,16,257,25.7,3,0,0,0,0.0,0,0,0,10,34,3.4,37.5,WR,SF,5.7
5,DeAndre Hopkins,BAL,5.3,00-0030564,WR,2018,1.0,26,0.99,59.661293,0.09699999999999999,27.0,13.6,0,0.0,0,1,-7.0,0,115,1572.0,11,2.0,1,6.0,1,2,18.0,0,104,1165.0,7,1.0,3.365217391304348,00-0030564,17,1609.0,94.64706,4.0515656,23.769524,00-0030564,26,280.0,8.0,163,115,1572,98.25,23,11,1,-7,-0.4375,0,2,11,16,163,10.2,30.9,WR,HOU,32.9
8,Davante Adams,LAR,7.5,00-0031381,WR,2018,1.0,25,0.9346666666666664,26.753525,0.087,53.0,9.3,0,0.0,0,0,0.0,0,111,1386.0,13,0.0,0,0.0,0,0,0.0,0,83,997.0,5,1.0,4.2792792792792795,00-0031381,15,1386.0,92.4,4.651557,19.830149,00-0031381,32,298.0,12.0,170,111,1386,92.4,18,13,0,0,0.0,0,0,13,15,170,11.3,38.6,WR,GB,27.5
10,Julio Jones,,10.5,00-0027944,WR,2018,0.9586776859504132,29,0.76625,58.72629,0.11699999999999999,6.0,23.2,0,0.0,0,2,12.0,0,113,1677.0,8,2.0,0,0.0,0,2,-3.0,0,99,1394.0,6,0.0,3.9646017699115044,00-0027944,16,1677.0,104.8125,4.889787,21.379211,00-0027944,17,200.0,5.0,170,113,1677,104.8125,24,8,2,12,0.75,0,2,8,16,170,10.6,38.1,WR,ATL,27.9
11,Michael Thomas,,10.7,00-0032765,WR,2018,1.0,25,0.885,110.57229,0.102,47.0,10.1,0,0.0,0,0,0.0,0,125,1405.0,9,2.0,0,0.0,0,1,-9.0,0,149,1725.0,9,0.0,4.112,00-0032765,18,1612.0,89.55556,4.156173,20.939022,00-0032765,35,342.0,8.0,148,125,1405,87.8125,17,9,0,0,0.0,0,2,9,16,148,9.2,32.1,WR,NO,28.8
12,Odell Beckham Jr.,,12.8,00-0031235,WR,2018,0.8518518518518519,25,0.9366666666666664,50.24331,0.102,12.0,18.8,2,106.0,2,5,19.0,0,77,1052.0,6,0.0,1,20.0,0,3,10.0,0,75,1091.0,5,0.0,4.090909090909091,00-0031235,12,1052.0,87.666664,4.631874,18.757421,00-0031235,21,108.0,5.0,125,77,1052,87.66666666666667,17,6,5,19,1.5833333333333333,0,1,8,12,125,10.4,36.2,WR,NYG,21.6
14,JuJu Smith-Schuster,KC,14.8,00-0033857,WR,2018,0.96875,21,0.860625,78.62263,0.006,62.0,8.3,0,0.0,0,1,13.0,0,111,1426.0,7,1.0,0,0.0,0,0,0.0,0,42,552.0,3,1.0,5.837837837837838,00-0033857,16,1426.0,89.125,4.9454474,17.435896,00-0033857,30,198.0,5.0,167,111,1383,86.4375,17,7,1,13,0.8125,0,1,7,16,167,10.4,42.6,WR,PIT,24.5
16,Tyreek Hill,MIA,15.7,00-0033040,WR,2018,1.0,24,0.86625,161.698,0.096,165.0,2.1,0,0.0,0,22,151.0,1,87,1479.0,12,0.0,0,0.0,0,8,23.0,0,58,860.0,7,0.0,6.057471264367816,00-0033040,18,1593.0,88.5,5.210289,17.013184,00-0033040,16,102.0,5.0,137,87,1479,92.4375,27,12,22,151,9.4375,1,0,13,16,137,8.6,35.3,WR,KC,24.2
21,Antonio Brown,,21,00-0027793,WR,2018,1.0,30,0.9506666666666668,75.23171,0.08900000000000001,195.0,1.0,0,0.0,0,0,0.0,0,104,1297.0,15,0.0,0,0.0,0,1,5.0,0,4,56.0,1,0.0,4.663461538461538,00-0027793,15,1297.0,86.46667,4.976186,17.63672,00-0027793,24,160.0,6.0,168,104,1297,86.46666666666667,17,15,0,0,0.0,0,0,15,15,168,11.2,42.6,WR,PIT,24.7
22,Mike Evans,TB,21.2,00-0031408,WR,2018,0.9878048780487805,25,0.84375,68.487335,0.09300000000000001,7.0,22.2,0,0.0,0,0,0.0,0,86,1524.0,8,1.0,0,0.0,0,0,0.0,0,67,1157.0,8,0.0,3.2790697674418605,00-0031408,16,1524.0,95.25,5.118642,19.169605,00-0031408,15,118.0,4.0,139,86,1524,95.25,26,8,0,0,0.0,0,1,8,16,139,8.7,38.9,WR,TB,22.3
23,Adam Thielen,CAR,25,00-0030035,WR,2018,1.0,28,0.961875,69.44862,0.086,,0.0,0,0.0,0,5,30.0,0,113,1373.0,9,1.0,0,0.0,0,4,6.0,1,30,418.0,6,0.0,3.6814159292035398,00-0030035,16,1373.0,85.8125,4.2581058,19.751282,00-0030035,21,180.0,6.0,154,113,1373,85.8125,17,9,5,30,1.875,0,1,9,16,154,9.6,37.3,WR,MIN,25.8
24,Keenan Allen,LAC,25.2,00-0030279,WR,2018,0.7444444444444445,26,0.805625,57.934,0.07200000000000001,76.0,7.0,0,0.0,0,9,75.0,0,97,1196.0,6,1.0,0,0.0,0,3,16.0,0,104,1199.0,6,0.0,4.154639175257732,00-0030279,17,1308.0,76.94118,4.5004134,17.324186,00-0030279,17,204.0,6.0,137,97,1196,79.73333333333333,13,6,9,75,5.0,0,1,6,15,137,9.1,32.1,WR,LAC,26.7
30,Amari Cooper,,31.2,00-0031544,WR,2018,1.0,24,0.7906666666666666,204.53667,0.04,4.0,25.8,0,0.0,0,2,20.0,0,75,1005.0,7,2.0,0,0.0,0,1,6.0,0,79,1189.0,8,0.0,5.533333333333333,00-0031544,17,1176.0,69.17647,4.2854934,15.975101,00-0031544,14,70.0,3.0,107,75,1005,67.0,10,7,2,20,1.3333333333333333,0,2,7,15,76,8.4,32.4,WR,DAL,14.7
30,Amari Cooper,,31.2,00-0031544,WR,2018,1.0,24,0.7906666666666666,204.53667,0.04,4.0,25.8,0,0.0,0,2,20.0,0,75,1005.0,7,2.0,0,0.0,0,1,6.0,0,79,1189.0,8,0.0,5.533333333333333,00-0031544,17,1176.0,69.17647,4.2854934,15.975101,00-0031544,14,70.0,3.0,107,75,1005,67.0,10,7,2,20,1.3333333333333333,0,2,7,15,31,5.2,33.2,WR,LV,5.8
31,Stefon Diggs,NE,32.2,00-0031588,WR,2018,1.0,24,0.872,85.155525,0.081,146.0,2.9,0,0.0,0,10,62.0,0,102,1021.0,9,0.0,0,0.0,0,5,61.0,0,63,1130.0,6,3.0,4.294117647058823,00-0031588,15,1021.0,68.066666,4.304298,15.400421,00-0031588,19,116.0,6.0,150,102,1021,68.06666666666666,13,9,10,62,4.133333333333334,0,0,9,15,150,10.0,37.3,WR,MIN,25.1
35,Julian Edelman,,35.2,00-0027150,WR,2018,0.7975460122699386,32,0.8741666666666665,15.481754,0.040999999999999995,232.0,0.0,2,43.0,0,9,107.0,0,74,850.0,6,0.0,2,47.0,1,8,27.0,0,100,1117.0,6,1.0,4.702702702702703,00-0027150,15,1238.0,82.53333,4.309709,20.29914,00-0027150,23,222.0,4.0,108,74,850,70.83333333333333,12,6,9,107,8.916666666666666,0,0,6,12,108,9.0,34.8,WR,NE,19.4
38,Brandin Cooks,NO,38.8,00-0031236,WR,2018,0.8552631578947368,24,0.8987499999999999,49.07124,0.091,20.0,15.5,0,0.0,0,10,68.0,1,80,1204.0,5,0.0,0,0.0,0,6,52.0,0,42,583.0,2,0.0,4.325,00-0031236,18,1496.0,83.111115,4.3832974,19.114382,00-0031236,19,228.0,4.0,117,80,1204,80.26666666666667,22,5,10,68,4.533333333333333,1,0,6,15,117,7.8,34.2,WR,LA,21.4
39,T.Y. Hilton,,40.7,00-0029608,WR,2018,1.0,28,0.7814285714285714,69.84835,0.091,92.0,5.8,0,0.0,0,0,0.0,0,76,1270.0,6,0.0,0,0.0,0,0,0.0,0,45,501.0,5,0.0,5.9868421052631575,00-0029608,16,1415.0,88.4375,4.255749,20.120039,00-0029608,18,94.0,5.0,120,76,1270,90.71428571428572,22,6,0,0,0.0,0,0,6,14,120,8.6,39.8,WR,IND,18.8
40,Robert Woods,PIT,41.8,00-0030431,WR,2018,0.845360824742268,26,0.94625,51.697334,0.040999999999999995,41.0,11.0,0,0.0,0,19,157.0,1,86,1219.0,6,0.0,0,0.0,0,17,115.0,1,90,1134.0,2,0.0,4.883720930232558,00-0030431,19,1391.0,73.210526,4.42956,17.711283,00-0030431,13,102.0,4.0,130,86,1219,76.1875,20,6,19,157,9.8125,1,0,7,16,130,8.1,34.2,WR,LA,23.7
44,Kenny Golladay,,44.5,00-0033932,WR,2018,1.0,24,0.9013333333333334,53.52638,0.005,96.0,5.5,0,0.0,0,1,8.0,0,70,1063.0,5,0.0,0,0.0,0,0,0.0,0,65,1190.0,11,1.0,5.0,00-0033932,15,1063.0,70.86667,3.7984698,19.067345,00-0033932,18,76.0,4.0,122,70,1063,70.86666666666666,19,5,1,8,0.5333333333333333,0,0,5,15,122,8.1,35.2,WR,DET,21.6
47,Chris Godwin,TB,46,00-0033921,WR,2018,1.0,22,0.6425000000000001,59.966003,0.005,84.0,6.4,0,0.0,0,0,0.0,0,59,842.0,7,1.0,0,0.0,0,1,8.0,0,86,1333.0,9,0.0,4.1525423728813555,00-0033921,16,842.0,52.625,5.118642,10.0863085,00-0033921,18,124.0,6.0,97,59,842,52.625,10,7,0,0,0.0,0,1,7,16,97,6.1,38.9,WR,TB,15.6
48,Tyler Lockett,TEN,46.2,00-0032211,WR,2018,0.9846153846153847,25,0.84875,20.002666,0.06,69.0,7.6,0,0.0,0,13,69.0,0,57,965.0,10,0.0,0,0.0,0,4,-5.0,0,82,1057.0,8,0.0,3.736842105263158,00-0032211,17,1085.0,63.82353,3.5672796,19.087292,00-0032211,7,78.0,3.0,71,57,965,60.3125,17,10,13,62,3.875,0,0,10,16,71,4.4,25.1,WR,SEA,17.7
50,Cooper Kupp,SEA,49,00-0033908,WR,2018,0.84375,25,0.8325,110.05268,0.006,69.0,7.6,0,0.0,0,4,25.0,0,40,566.0,6,0.0,0,0.0,0,2,4.0,0,94,1161.0,10,0.0,7.575,00-0033908,8,566.0,70.75,5.29657,12.120496,00-0033908,11,80.0,3.0,55,40,566,70.75,9,6,4,25,3.125,0,0,6,8,55,6.9,34.2,WR,LA,10.0
54,Tyler Boyd,,55.7,00-0033009,WR,2018,0.9791666666666666,23,0.8671428571428573,63.245335,0.057,55.0,9.1,0,0.0,0,2,3.0,0,76,1028.0,7,0.0,0,0.0,0,4,23.0,0,90,1046.0,5,2.0,5.5,00-0033009,14,1028.0,73.42857,4.0283937,18.35444,00-0033009,10,146.0,5.0,108,76,1028,73.42857142857143,21,7,2,3,0.2142857142857142,0,0,7,14,108,7.7,33.2,WR,CIN,20.3
57,Calvin Ridley,TEN,58,00-0034837,WR,2018,1.0,23,0.606875,99.47401,0.015,26.0,13.9,0,0.0,0,6,27.0,0,64,821.0,10,1.0,0,0.0,0,2,34.0,0,63,866.0,7,0.0,5.6875,00-0034837,16,821.0,51.3125,4.889787,10.054275,00-0034837,9,130.0,6.0,92,64,821,51.3125,11,10,6,27,1.6875,0,1,10,16,92,5.8,38.1,WR,ATL,15.1
59,Mike Williams,,61.7,00-0033536,WR,2018,1.0,23,0.6168750000000001,86.881165,0.03,7.0,22.2,0,0.0,0,7,28.0,1,43,664.0,10,0.0,0,0.0,0,1,2.0,0,49,1001.0,2,0.0,2.744186046511628,00-0033536,18,774.0,43.0,4.506109,9.627484,00-0033536,18,102.0,7.0,68,43,664,41.5,11,10,7,28,1.75,1,0,11,16,68,4.5,32.1,WR,LAC,13.3
60,A.J. Green ,,64.5,00-0027942,WR,2018,0.9624060150375939,30,0.791111111111111,56.34,0.105,4.0,25.8,0,0.0,0,0,0.0,0,46,694.0,6,1.0,--,--,--,--,--,--,--,--,--,--,3.5434782608695654,00-0027942,9,694.0,77.111115,4.389783,18.032618,00-0027942,15,98.0,4.0,78,46,694,77.11111111111111,12,6,0,0,0.0,0,1,6,9,78,8.7,33.2,WR,CIN,14.7
62,DJ Moore,CHI,64.7,00-0034827,WR,2018,1.0,21,0.689375,52.406498,0.016,24.0,14.4,0,0.0,0,13,172.0,0,55,788.0,2,2.0,0,0.0,0,6,40.0,0,87,1175.0,4,1.0,7.654545454545454,00-0034827,16,788.0,49.25,4.0904293,11.059446,00-0034827,8,84.0,1.0,82,55,788,49.25,9,2,13,172,10.75,0,3,2,16,82,5.5,34.2,WR,CAR,15.0
63,Jarvis Landry,,65.2,00-0031382,WR,2018,1.0,25,0.87,47.013603,0.09,63.0,8.2,1,63.0,0,3,60.0,1,81,976.0,4,1.0,0,0.0,0,1,10.0,0,83,1174.0,6,0.0,3.382716049382716,00-0031382,16,976.0,61.0,4.3372087,15.444041,00-0031382,20,124.0,2.0,150,81,976,61.0,13,4,3,60,3.75,1,1,5,16,150,9.4,35.2,WR,CLE,26.6
65,Alshon Jeffery ,,67.7,00-0029137,WR,2018,0.8608695652173913,28,0.9046153846153848,63.97269,0.078,45.0,10.4,0,0.0,0,0,0.0,0,65,843.0,6,0.0,0,0.0,0,1,2.0,1,43,490.0,4,0.0,4.184615384615385,00-0029137,15,988.0,65.86667,4.6046352,14.61617,00-0029137,16,142.0,6.0,92,65,840,64.61538461538461,9,6,0,0,0.0,0,0,6,13,92,7.1,37.1,WR,PHI,15.5
70,Allen Robinson,II,72.5,00-0031428,WR,2018,0.6578947368421053,25,0.8607692307692307,55.409096,0.079,61.0,8.4,0,0.0,0,1,9.0,0,55,754.0,4,1.0,0,0.0,0,1,2.0,0,98,1147.0,7,0.0,3.9272727272727272,00-0031428,14,897.0,64.07143,4.0312433,16.891506,00-0031428,13,90.0,2.0,95,55,754,58.0,11,4,1,9,0.6923076923076923,0,1,4,13,95,7.3,31.8,WR,CHI,18.7
72,Josh Gordon,,74.5,00-0029664,WR,2018,0.7777777777777778,27,-1.0,29.408106,0.011000000000000001,1.0,34.6,0,0.0,0,0,0.0,0,41,737.0,4,0.0,0,0.0,0,1,1.0,0,27,426.0,1,1.0,6.439024390243903,00-0029664,12,737.0,61.416668,4.391553,13.729813,00-0029664,8,80.0,1.0,71,41,737,61.41666666666666,12,4,0,0,0.0,0,0,4,12,68,6.2,34.8,WR,NE,12.2
75,Robbie Chosen,SF,78.3,00-0032688,WR,2018,1.0,25,0.7628571428571428,82.80835,0.016,,0.0,0,0.0,0,2,-8.0,0,50,752.0,6,2.0,0,0.0,0,1,4.0,0,52,779.0,5,0.0,3.6,00-0032688,14,752.0,53.714287,3.6805356,15.011792,00-0032688,9,58.0,2.0,94,50,752,53.71428571428572,10,6,2,-8,-0.5714285714285714,0,2,6,14,94,6.7,31.6,WR,NYJ,18.6
81,Sammy Watkins,,84.5,00-0031325,WR,2018,0.9146341463414634,25,0.726,90.75212,0.09,4.0,25.8,0,0.0,0,5,52.0,0,40,519.0,3,0.0,0,0.0,0,2,12.0,0,52,673.0,3,1.0,5.95,00-0031325,12,695.0,57.916668,5.4457307,10.877354,00-0031325,11,130.0,3.0,55,40,519,51.9,7,3,5,52,5.2,0,0,3,10,55,5.5,35.3,WR,KC,9.7
83,Dede Westbrook,,85.5,00-0033839,WR,2018,0.71875,24,0.78125,33.90929,0.005,110.0,4.7,0,0.0,0,9,98.0,0,66,717.0,5,1.0,0,0.0,0,5,27.0,0,66,660.0,3,0.0,5.484848484848484,00-0033839,16,717.0,44.8125,3.2938025,13.693057,00-0033839,15,104.0,3.0,103,66,715,44.6875,15,5,9,98,6.125,0,2,5,16,103,6.4,32.9,WR,JAX,19.6
86,Sterling Shepard,TB,87.7,00-0032385,WR,2018,1.0,25,0.91125,40.98063,0.054000000000000006,40.0,11.1,0,0.0,0,3,33.0,0,66,872.0,4,0.0,0,0.0,0,6,72.0,0,57,576.0,3,0.0,4.681818181818182,00-0032385,16,872.0,54.5,4.4929295,11.4151535,00-0032385,20,70.0,4.0,108,66,872,54.5,12,4,3,33,2.0625,0,0,4,16,108,6.8,36.2,WR,NYG,18.7
88,Christian Kirk,HOU,92,00-0034775,WR,2018,0.75,21,0.7883333333333332,28.77538,0.008,47.0,10.1,0,0.0,0,3,35.0,0,43,590.0,3,0.0,0,0.0,0,10,93.0,0,67,708.0,3,0.0,5.232558139534884,00-0034775,12,590.0,49.166668,3.1672633,15.4359665,00-0034775,6,48.0,1.0,69,43,590,49.16666666666666,8,3,3,35,2.9166666666666665,0,0,3,12,69,5.8,29.7,WR,ARI,14.5
91,Corey Davis,,94.8,00-0033871,WR,2018,1.0,23,0.883125,69.57267,0.038,5.0,24.3,0,0.0,0,6,55.0,0,65,891.0,4,0.0,0,0.0,0,0,0.0,0,43,601.0,2,0.0,4.107692307692307,00-0033871,16,891.0,55.6875,3.4964075,15.755824,00-0033871,15,94.0,2.0,112,65,891,55.6875,15,4,6,55,3.4375,0,0,4,16,112,7.0,26.6,WR,TEN,26.3
92,Marvin Jones Jr. ,,96.3,00-0029293,WR,2018,0.8952380952380953,28,0.8944444444444444,58.035004,0.052000000000000005,166.0,2.0,0,0.0,0,0,0.0,0,35,508.0,5,0.0,0,0.0,0,2,0.0,0,62,779.0,9,0.0,3.057142857142857,00-0029293,9,508.0,56.444443,4.231754,13.335473,00-0029293,11,100.0,3.0,62,35,508,56.44444444444444,5,5,0,0,0.0,0,0,5,9,62,6.9,35.2,WR,DET,11.0
93,Emmanuel Sanders,,97.8,00-0027685,WR,2018,0.9733333333333334,31,0.8383333333333333,59.573486,0.071,82.0,6.5,1,28.0,1,4,53.0,1,71,868.0,4,0.0,1,35.0,1,0,0.0,0,66,869.0,5,0.0,4.183098591549296,00-0027685,12,868.0,72.333336,4.056543,17.59171,00-0027685,11,116.0,1.0,98,71,866,72.16666666666667,13,4,4,53,4.416666666666667,1,0,6,12,98,8.2,35.4,WR,DEN,17.3
94,Curtis Samuel,BUF,98.7,00-0033282,WR,2018,0.8125,22,0.5284615384615385,23.37515,0.01,40.0,11.1,0,0.0,0,8,84.0,2,39,494.0,5,0.0,0,0.0,0,19,130.0,1,54,627.0,6,0.0,2.8461538461538463,00-0033282,12,494.0,41.166668,4.2123713,9.693565,00-0033282,9,92.0,3.0,65,39,494,41.16666666666666,6,5,8,84,7.0,2,1,7,12,65,5.4,34.2,WR,CAR,11.9
97,Larry Fitzgerald,,100.2,00-0022921,WR,2018,1.0,35,0.918125,33.04067,0.057999999999999996,3.0,27.6,1,32.0,1,0,0.0,0,69,734.0,6,0.0,0,0.0,0,0,0.0,0,73,835.0,4,1.0,2.971014492753623,00-0022921,16,734.0,45.875,3.2014134,14.447739,00-0022921,15,156.0,5.0,113,69,734,45.875,8,6,0,0,0.0,0,0,7,16,113,7.1,29.7,WR,ARI,23.8
103,Dante Pettis,NO,107.5,00-0034860,WR,2018,0.9375,22,0.5641666666666666,80.9175,0.009000000000000001,44.0,10.5,0,0.0,0,1,-2.0,0,27,467.0,5,0.0,1,16.0,0,0,0.0,0,11,109.0,2,0.0,7.592592592592593,00-0034860,9,467.0,51.88889,4.302164,11.278858,00-0034860,5,62.0,3.0,45,27,467,51.888888888888886,9,5,1,-2,-0.2222222222222222,0,0,5,9,45,5.0,32.4,WR,SF,8.7
107,Courtland Sutton,DEN,111.7,00-0034348,WR,2018,1.0,22,0.7618750000000001,23.95896,0.01,40.0,11.1,0,0.0,0,1,-1.0,0,42,704.0,4,0.0,1,38.0,0,3,17.0,0,72,1112.0,6,0.0,3.880952380952381,00-0034348,16,704.0,44.0,3.8916545,11.7647505,00-0034348,9,54.0,2.0,85,42,704,44.0,16,4,1,-1,-0.0625,0,0,4,16,85,5.3,35.4,WR,DEN,15.0
111,Marquez Valdes-Scantling,SEA,115,00-0034272,WR,2018,1.0,23,0.646875,34.931427,0.004,174.0,1.7,0,0.0,0,2,29.0,0,38,581.0,2,0.0,0,0.0,0,2,9.0,0,26,452.0,2,0.0,5.605263157894737,00-0034272,15,581.0,38.733334,4.4577613,8.69438,00-0034272,9,30.0,1.0,74,38,581,38.73333333333333,8,2,2,29,1.9333333333333331,0,0,2,15,74,4.9,38.6,WR,GB,12.0
117,Geronimo Allison,,119.8,00-0032626,WR,2018,0.7906976744186046,24,0.7120000000000001,35.757996,0.015,,0.0,0,0.0,0,0,0.0,0,20,303.0,2,0.0,0,0.0,0,1,7.0,0,34,287.0,2,1.0,5.3,00-0032626,5,303.0,60.6,4.6788607,13.79865,00-0032626,3,16.0,0.0,30,20,303,60.6,4,2,0,0,0.0,0,0,2,5,30,6.0,38.6,WR,GB,4.9
120,James Washington,,123.2,00-0034676,WR,2018,1.0,22,0.5464285714285715,13.362652,0.006,60.0,8.5,0,0.0,0,0,0.0,0,16,217.0,1,0.0,0,0.0,0,0,0.0,0,44,735.0,3,1.0,3.3125,00-0034676,12,217.0,18.083334,5.074063,3.9910848,00-0034676,3,28.0,1.0,38,16,217,18.08333333333333,3,1,0,0,0.0,0,0,1,12,38,3.2,42.6,WR,PIT,5.6
124,DeSean Jackson ,,130.7,00-0026189,WR,2018,0.9259259259259259,31,0.525,66.90993,0.048,49.0,9.8,0,0.0,0,6,29.0,1,41,774.0,4,0.0,0,0.0,0,0,0.0,0,9,159.0,2,0.0,4.414634146341464,00-0026189,12,774.0,64.5,5.4260254,11.340367,00-0026189,5,12.0,0.0,74,41,774,64.5,13,4,6,29,2.4166666666666665,1,0,5,12,74,6.2,38.9,WR,TB,11.9
126,Michael Gallup,WAS,131.2,00-0034764,WR,2018,1.0,22,0.6781250000000001,24.706953,0.005,81.0,6.6,0,0.0,0,0,0.0,0,33,507.0,2,0.0,0,0.0,0,0,0.0,0,66,1107.0,6,0.0,5.242424242424242,00-0034764,17,644.0,37.882355,3.8764622,9.312248,00-0034764,12,50.0,2.0,69,33,507,33.8,10,2,0,0,0.0,0,0,2,15,69,4.6,32.4,WR,DAL,13.3
132,Donte Moncrief,,134.3,00-0031339,WR,2018,1.0,25,0.785625,45.768665,0.024,90.0,5.9,0,0.0,0,0,0.0,0,48,668.0,3,1.0,0,0.0,0,0,0.0,0,4,18.0,0,0.0,4.916666666666667,00-0031339,16,668.0,41.75,3.2938025,11.656508,00-0031339,6,14.0,1.0,89,48,672,42.0,7,3,0,0,0.0,0,1,3,16,89,5.6,32.9,WR,JAX,16.9
134,Golden Tate,,138,00-0027891,WR,2018,1.0,30,0.6193333333333334,73.4321,0.05,60.0,8.5,0,0.0,0,4,34.0,0,74,795.0,4,0.0,0,0.0,0,1,16.0,0,49,676.0,6,1.0,5.77027027027027,00-0027891,17,859.0,50.52941,4.507655,11.487187,00-0027891,14,68.0,2.0,114,74,789,52.6,9,4,4,34,2.2666666666666666,0,0,4,15,69,9.9,35.2,WR,DET,12.2
134,Golden Tate,,138,00-0027891,WR,2018,1.0,30,0.6193333333333334,73.4321,0.05,60.0,8.5,0,0.0,0,4,34.0,0,74,795.0,4,0.0,0,0.0,0,1,16.0,0,49,676.0,6,1.0,5.77027027027027,00-0027891,17,859.0,50.52941,4.507655,11.487187,00-0027891,14,68.0,2.0,114,74,789,52.6,9,4,4,34,2.2666666666666666,0,0,4,15,45,5.6,37.1,WR,PHI,7.6
145,Tyrell Williams,,147.5,00-0032160,WR,2018,1.0,26,0.7687499999999999,48.094093,0.059000000000000004,,0.0,0,0.0,0,2,15.0,0,41,653.0,5,0.0,0,0.0,0,0,0.0,0,42,651.0,6,0.0,4.7560975609756095,00-0032160,17,756.0,44.47059,4.533123,9.537355,00-0032160,8,104.0,2.0,65,41,653,43.53333333333333,11,5,2,15,1.0,0,0,5,15,65,4.3,32.1,WR,LAC,12.7
147,Keke Coutee,,148.5,00-0034366,WR,2018,1.0,21,0.62,65.839005,0.004,103.0,5.1,0,0.0,0,3,0.0,0,28,287.0,1,0.0,0,0.0,0,2,14.0,1,22,254.0,0,1.0,7.5,00-0034366,7,397.0,56.714287,3.6556811,14.691009,00-0034366,7,32.0,2.0,41,28,287,47.833333333333336,2,1,3,0,0.0,0,0,1,6,41,6.8,30.9,WR,HOU,8.3
149,Anthony Miller,BAL,148.7,00-0034353,WR,2018,1.0,23,0.568,33.410007,0.008,51.0,9.6,1,8.0,0,6,26.0,0,33,423.0,7,0.0,0,0.0,0,1,-1.0,0,52,656.0,2,1.0,5.151515151515151,00-0034353,15,457.0,30.466667,3.6736412,7.47199,00-0034353,11,88.0,5.0,54,33,423,30.214285714285715,6,7,6,26,1.8571428571428568,0,0,7,14,54,4.2,31.8,WR,CHI,10.6
157,Jamison Crowder,,157.5,00-0031941,WR,2018,1.0,25,0.7711111111111111,22.457502,0.05,105.0,5.0,0,0.0,0,4,30.0,0,29,388.0,2,0.0,0,0.0,0,1,4.0,0,78,833.0,6,0.0,7.0344827586206895,00-0031941,9,388.0,43.11111,3.4660788,12.931292,00-0031941,4,76.0,1.0,49,29,388,43.11111111111112,4,2,4,30,3.333333333333333,0,0,2,9,49,5.4,30.8,WR,WAS,10.0
159,John Brown,,161.2,00-0031051,WR,2018,1.0,28,0.6368750000000001,60.41396,0.048,91.0,5.9,0,0.0,0,3,4.0,0,42,715.0,5,0.0,1,28.0,1,2,7.0,0,72,1060.0,6,0.0,3.7142857142857144,00-0031051,17,729.0,42.882355,3.3342009,11.345134,00-0031051,17,92.0,3.0,98,42,717,44.8125,11,5,3,4,0.25,0,0,5,16,98,6.1,33.8,WR,BAL,18.1
170,Mohamed Sanu Sr.,,177.5,00-0029632,WR,2018,0.8839285714285714,29,0.780625,32.361332,0.042,83.0,6.5,1,5.0,1,7,44.0,0,66,838.0,4,1.0,0,0.0,0,3,11.0,0,59,520.0,2,0.0,6.075757575757576,00-0029632,16,838.0,52.375,4.889787,10.752102,00-0029632,8,78.0,1.0,96,66,838,52.375,7,4,7,44,2.75,0,1,5,16,96,6.0,38.1,WR,ATL,15.8
183,Cole Beasley,,201.2,00-0029000,WR,2018,1.0,29,0.6625000000000001,60.77317,0.039,,0.0,0,0.0,0,0,0.0,0,65,672.0,3,0.0,0,0.0,0,0,0.0,0,67,778.0,6,0.0,3.276923076923077,00-0029000,18,715.0,39.72222,3.8399227,11.2864,00-0029000,10,112.0,2.0,87,65,672,42.0,3,3,0,0,0.0,0,0,3,16,87,5.4,32.4,WR,DAL,16.8
186,Demaryius Thomas,,207,00-0027874,WR,2018,0.9933333333333333,30,0.7666666666666667,34.92838,0.016,22.0,14.9,0,0.0,0,0,0.0,0,59,677.0,5,0.0,0,0.0,0,0,0.0,0,36,433.0,1,0.0,4.694915254237288,00-0027874,15,677.0,45.133335,4.1489735,10.867211,00-0027874,13,132.0,4.0,90,59,677,45.13333333333333,9,5,0,0,0.0,0,0,5,15,57,7.1,35.4,WR,DEN,10.1
186,Demaryius Thomas,,207,00-0027874,WR,2018,0.9933333333333333,30,0.7666666666666667,34.92838,0.016,22.0,14.9,0,0.0,0,0,0.0,0,59,677.0,5,0.0,0,0.0,0,0,0.0,0,36,433.0,1,0.0,4.694915254237288,00-0027874,15,677.0,45.133335,4.1489735,10.867211,00-0027874,13,132.0,4.0,90,59,677,45.13333333333333,9,5,0,0,0.0,0,0,5,15,33,4.7,30.9,WR,HOU,6.7
192,Adam Humphries,,187.2,00-0032009,WR,2018,1.0,25,0.6993750000000001,45.61529,0.048,,0.0,0,0.0,0,2,11.0,0,76,816.0,5,0.0,0,0.0,0,1,1.0,0,37,374.0,2,0.0,5.4605263157894735,00-0032009,16,816.0,51.0,5.118642,10.611702,00-0032009,15,162.0,3.0,106,76,816,51.0,7,5,2,11,0.6875,0,0,5,16,106,6.6,38.9,WR,TB,17.0
193,Marquise Goodwin,,250.2,00-0030068,WR,2018,0.9318181818181818,27,0.6381818181818182,66.806725,0.038,78.0,6.9,0,0.0,0,4,9.0,0,23,395.0,4,0.0,0,0.0,0,1,15.0,0,12,186.0,1,0.0,5.478260869565218,00-0030068,11,395.0,35.909092,4.3005924,9.011582,00-0030068,5,22.0,1.0,44,23,395,35.90909090909091,5,4,4,9,0.8181818181818182,0,0,4,11,44,4.0,32.4,WR,SF,8.5
197,Tre'Quan Smith,,328.8,00-0034765,WR,2018,1.0,22,0.5793333333333333,104.871025,0.005,91.0,5.9,0,0.0,0,0,0.0,0,28,427.0,5,0.0,0,0.0,0,0,0.0,0,18,234.0,5,0.0,4.142857142857143,00-0034765,15,452.0,30.133333,4.1676836,6.8059626,00-0034765,11,68.0,3.0,44,28,427,32.84615384615385,6,5,0,0,0.0,0,0,5,13,44,3.4,32.1,WR,NO,8.6
201,Kenny Stills,,197.8,00-0030085,WR,2018,1.0,26,0.868,70.565,0.048,144.0,3.0,1,3.0,1,0,0.0,0,37,553.0,6,0.0,0,0.0,0,0,0.0,0,40,561.0,4,0.0,3.5405405405405403,00-0030085,15,553.0,36.866665,3.8885753,9.227942,00-0030085,5,70.0,4.0,65,37,553,36.86666666666667,7,6,0,0,0.0,0,0,7,15,65,4.3,27.2,WR,MIA,14.9
208,Albert Wilson,,208.8,00-0030669,WR,2018,0.8902439024390244,26,0.5457142857142857,101.34796,0.045,,0.0,1,52.0,1,8,16.0,0,26,391.0,4,0.0,1,20.0,0,5,45.0,0,43,351.0,1,0.0,12.884615384615385,00-0030669,7,391.0,55.857143,4.537651,12.253762,00-0030669,1,0.0,0.0,35,26,391,55.85714285714285,7,4,8,16,2.2857142857142856,0,0,5,7,35,5.0,27.2,WR,MIA,8.0
209,Randall Cobb,,216,00-0028002,WR,2018,1.0,28,0.7711111111111112,65.56861,0.027000000000000003,64.0,8.1,0,0.0,0,0,0.0,0,38,383.0,2,1.0,0,0.0,0,3,11.0,0,55,828.0,3,1.0,6.131578947368421,00-0028002,9,383.0,42.555557,4.055388,9.879882,00-0028002,4,6.0,0.0,61,38,383,42.55555555555556,4,2,0,0,0.0,0,1,2,9,61,6.8,38.6,WR,GB,9.9
210,Ted Ginn Jr.,,216.2,00-0025396,WR,2018,0.9461077844311377,33,0.5660000000000001,54.92499,0.022000000000000002,9.0,20.6,0,0.0,0,3,26.0,0,17,209.0,2,1.0,0,0.0,0,3,18.0,0,30,421.0,2,0.0,2.823529411764706,00-0025396,7,311.0,44.42857,4.8213587,9.100877,00-0025396,7,8.0,1.0,31,17,209,41.8,3,2,3,26,5.2,0,1,2,5,31,6.2,32.1,WR,NO,6.0
216,DaeSean Hamilton,,230.6,00-0034370,WR,2018,1.0,23,0.4878571428571429,44.91554,--,113.0,4.5,0,0.0,0,0,0.0,0,30,243.0,2,0.0,0,0.0,0,0,0.0,0,28,297.0,1,0.0,2.2333333333333334,00-0034370,8,243.0,30.375,4.04038,8.437517,00-0034370,3,16.0,2.0,46,30,243,30.375,1,2,0,0,0.0,0,0,2,8,46,5.8,35.4,WR,DEN,8.1
232,DeVante Parker,,365.4,00-0031547,WR,2018,1.0,25,0.670909090909091,40.414543,0.054000000000000006,14.0,17.8,0,0.0,0,0,0.0,0,24,309.0,1,0.0,0,0.0,0,0,0.0,0,72,1202.0,9,0.0,3.9166666666666665,00-0031547,11,309.0,28.09091,4.0676255,7.055728,00-0031547,5,48.0,1.0,47,24,306,27.818181818181817,3,1,0,0,0.0,0,0,1,11,47,4.3,27.2,WR,MIA,10.8
239,Nelson Agholor,,386.2,00-0031549,WR,2018,1.0,25,0.8975,49.32517,0.016,20.0,15.5,1,15.0,0,3,32.0,0,64,736.0,4,0.0,0,0.0,0,2,7.0,0,39,363.0,3,1.0,5.390625,00-0031549,18,774.0,43.0,4.3865128,9.5774,00-0031549,13,44.0,2.0,97,64,743,46.4375,10,4,3,32,2.0,0,0,4,16,97,6.1,37.1,WR,PHI,16.4
240,Zay Jones,ARI,386.4,00-0033891,WR,2018,1.0,23,0.891875,72.35533,0.01,37.0,11.6,0,0.0,0,1,0.0,0,56,652.0,7,0.0,0,0.0,0,1,3.0,0,27,216.0,0,0.0,2.5357142857142856,00-0033891,16,652.0,40.75,3.0647705,13.097951,00-0033891,18,158.0,5.0,103,56,652,40.75,7,7,1,0,0.0,0,0,7,16,103,6.4,30.1,WR,BUF,21.4
244,Paul Richardson Jr. ,,247,00-0031257,WR,2018,0.5735294117647058,26,0.7599999999999999,10.429524,0.045,45.0,10.4,0,0.0,0,2,9.0,0,20,262.0,2,0.0,0,0.0,0,1,0.0,0,28,245.0,2,0.0,2.3,00-0031257,7,262.0,37.42857,3.7670238,10.2239,00-0031257,2,4.0,1.0,35,20,262,37.42857142857143,5,2,2,9,1.2857142857142858,0,0,2,7,35,5.0,30.8,WR,WAS,7.1
247,Taylor Gabriel,,401.4,00-0031228,WR,2018,1.0,27,-1.0,47.641956,0.037000000000000005,,0.0,0,0.0,0,9,61.0,0,67,688.0,2,1.0,0,0.0,0,3,20.0,0,29,353.0,4,0.0,3.2238805970149254,00-0031228,17,725.0,42.64706,3.8558152,11.804381,00-0031228,9,26.0,2.0,93,67,688,43.0,7,2,9,61,3.8125,0,1,2,16,93,5.8,31.8,WR,CHI,18.3
250,Phillip Dorsett II,LV,293.6,00-0032208,WR,2018,1.0,25,0.3712499999999999,45.36073,0.013999999999999999,29.0,13.2,0,0.0,0,4,29.0,0,32,290.0,3,0.0,0,0.0,0,3,21.0,0,29,397.0,5,0.0,3.125,00-0032208,13,360.0,27.692308,3.9720776,6.7055507,00-0032208,10,148.0,4.0,42,32,290,26.363636363636363,1,3,4,29,2.636363636363636,0,0,3,11,42,4.2,34.8,WR,NE,7.5
252,Rashard Higgins,,398.8,00-0032977,WR,2018,1.0,23,0.5446153846153846,27.637438,0.011000000000000001,172.0,1.8,0,0.0,0,0,0.0,0,39,572.0,4,1.0,0,0.0,0,0,0.0,0,4,55.0,1,0.0,3.7435897435897436,00-0032977,13,572.0,44.0,4.5897946,9.950868,00-0032977,4,110.0,3.0,53,39,572,44.0,11,4,0,0,0.0,0,1,4,13,53,4.1,35.2,WR,CLE,9.4
253,Danny Amendola,,409.2,00-0026035,WR,2018,0.9673202614379085,32,0.7733333333333333,26.12757,0.024,,0.0,1,28.0,1,1,-2.0,0,59,575.0,1,0.0,1,19.0,1,0,0.0,0,62,678.0,1,0.0,3.8813559322033897,00-0026035,15,575.0,38.333332,3.9741948,10.750678,00-0026035,2,0.0,0.0,79,59,575,38.333333333333336,4,1,1,-2,-0.1333333333333333,0,0,2,15,79,5.3,27.2,WR,MIA,18.1
268,Quincy Enunwa ,,424,00-0031023,WR,2018,0.7258064516129032,26,0.7772727272727272,36.306,0.051,209.0,0.6,0,0.0,0,1,0.0,0,38,449.0,1,1.0,0,0.0,0,0,0.0,0,1,-4.0,0,1.0,7.5,00-0031023,11,449.0,40.81818,3.4967115,11.279909,00-0031023,10,34.0,0.0,69,38,449,40.81818181818182,6,1,1,0,0.0,0,1,1,11,69,6.3,31.6,WR,NYJ,13.6
279,Antonio Callaway ,,444.5,00-0034772,WR,2018,1.0,21,0.713125,38.819626,0.004,105.0,5.0,0,0.0,0,2,7.0,0,43,586.0,5,1.0,0,0.0,0,0,0.0,0,8,89.0,0,0.0,5.488372093023256,00-0034772,16,586.0,36.625,4.3372087,8.286645,00-0034772,11,40.0,4.0,82,43,586,36.625,8,5,2,7,0.4375,0,1,5,16,82,5.1,35.2,WR,CLE,14.5
280,Willie Snead,IV,449,00-0030663,WR,2018,0.9538461538461539,25,0.68875,13.404615,0.032,,0.0,0,0.0,0,1,13.0,0,62,651.0,1,0.0,0,0.0,0,2,2.0,0,31,339.0,5,0.0,4.548387096774194,00-0030663,15,701.0,46.733334,3.3711383,15.113471,00-0030663,7,78.0,1.0,190,124,1302,93.0,10,1,1,13,0.9285714285714286,0,0,1,14,95,6.8,33.8,WR,BAL,17.6
285,David Moore,CAR,463.3,00-0033589,WR,2018,1.0,23,0.5706249999999999,59.022858,0.003,226.0,0.0,0,0.0,0,1,5.0,0,26,445.0,5,0.0,0,0.0,0,3,25.0,0,17,301.0,2,1.0,3.576923076923077,00-0033589,14,445.0,31.785715,3.5510662,8.324765,00-0033589,9,74.0,3.0,53,26,445,31.785714285714285,8,5,1,5,0.3571428571428571,0,0,5,14,53,3.8,25.1,WR,SEA,13.2
287,Demarcus Robinson,SF,286.7,00-0032775,WR,2018,1.0,23,0.39625,20.421097,0.005,126.0,3.8,0,0.0,0,0,0.0,0,22,288.0,4,0.0,0,0.0,0,0,0.0,0,32,449.0,4,0.0,5.2727272727272725,00-0032775,15,315.0,21.0,5.26167,4.1416907,00-0032775,6,66.0,3.0,33,22,288,20.571428571428573,3,4,0,0,0.0,0,0,4,14,33,2.4,35.3,WR,KC,5.8
288,John Ross,,466.8,00-0033460,WR,2018,0.875,22,0.7553846153846154,21.905642,0.026000000000000002,9.0,20.6,0,0.0,0,4,9.0,0,21,210.0,7,0.0,0,0.0,0,3,4.0,0,28,506.0,3,1.0,2.8095238095238093,00-0033460,13,210.0,16.153847,3.7280552,3.9838157,00-0033460,11,90.0,5.0,58,21,210,16.153846153846153,3,7,4,9,0.6923076923076923,0,0,7,13,58,4.5,33.2,WR,CIN,10.9
293,Robert Foster,,481,00-0034510,WR,2018,1.0,24,0.5269230769230769,59.734905,0.003,,0.0,0,0.0,0,0,0.0,0,27,541.0,3,0.0,0,0.0,0,2,29.0,0,3,64.0,0,0.0,6.185185185185185,00-0034510,11,541.0,49.18182,3.1574717,15.025407,00-0034510,4,22.0,1.0,44,27,541,49.18181818181818,9,3,0,0,0.0,0,0,3,11,44,4.0,30.1,WR,BUF,9.1
301,Chris Hogan,,316.3,00-0028237,WR,2018,1.0,30,0.7275,34.52886,0.008,,0.0,0,0.0,0,0,0.0,0,35,532.0,3,0.0,0,0.0,0,0,0.0,0,8,67.0,0,0.0,5.514285714285714,00-0028237,18,590.0,32.77778,4.2918644,7.743681,00-0028237,10,42.0,1.0,55,35,532,35.46666666666667,11,3,0,0,0.0,0,0,3,15,55,3.7,34.8,WR,NE,9.9
313,Josh Doctson,,527.7,00-0032760,WR,2018,0.7916666666666666,25,0.8840000000000001,20.271715,0.004,22.0,14.9,0,0.0,0,0,0.0,0,44,532.0,2,0.0,--,--,--,--,--,--,--,--,--,--,3.0,00-0032760,15,532.0,35.466667,3.343512,10.717773,00-0032760,8,16.0,2.0,78,44,532,35.46666666666667,7,2,0,0,0.0,0,0,2,15,78,5.2,30.8,WR,WAS,15.9
316,DJ Chark Jr.,ATL,530.3,00-0034777,WR,2018,1.0,21,0.3936363636363636,13.5471115,0.006,61.0,8.4,0,0.0,0,0,0.0,0,14,174.0,0,1.0,0,0.0,0,2,20.0,0,73,1008.0,8,0.0,3.2142857142857144,00-0034777,10,174.0,17.4,3.7819588,4.5045652,00-0034777,3,0.0,0.0,32,14,174,17.4,2,0,0,0,0.0,0,1,0,10,32,3.2,32.9,WR,JAX,6.1
322,Chris Conley,,538.7,00-0032128,WR,2018,0.8307692307692308,25,0.7581249999999999,40.597813,0.012,76.0,7.0,0,0.0,0,0,0.0,0,32,334.0,5,2.0,0,0.0,0,0,0.0,0,47,775.0,5,0.0,4.375,00-0032128,17,334.0,19.647058,5.1867113,3.761087,00-0032128,10,96.0,5.0,52,32,334,22.266666666666666,4,5,0,0,0.0,0,2,5,15,52,3.5,35.3,WR,KC,9.2
326,Michael Crabtree,,535.7,00-0026986,WR,2018,0.9933333333333333,30,0.6756249999999999,29.104624,0.017,10.0,19.9,0,0.0,0,0,0.0,0,54,607.0,3,0.0,0,0.0,0,0,0.0,0,4,22.0,0,0.0,2.388888888888889,00-0026986,17,645.0,37.941177,3.3342009,11.037722,00-0026986,12,70.0,4.0,100,54,607,37.9375,6,3,0,0,0.0,0,0,3,16,100,6.2,33.8,WR,BAL,18.5
329,Chris Moore,WAS,566.5,00-0032398,WR,2018,1.0,25,0.395,2.6026666,0.005,107.0,4.8,0,0.0,0,5,17.0,0,19,196.0,1,0.0,0,0.0,0,1,0.0,0,3,21.0,0,0.0,3.1052631578947367,00-0032398,16,196.0,12.25,3.280278,3.8434153,00-0032398,1,10.0,1.0,25,19,196,13.066666666666666,3,1,5,17,1.1333333333333333,0,0,1,15,25,1.7,33.8,WR,BAL,4.6
334,Breshad Perriman,,552.3,00-0032054,WR,2018,0.8113207547169812,24,0.348,22.168446,0.021,26.0,13.9,0,0.0,0,4,2.0,0,16,340.0,2,0.0,0,0.0,0,2,16.0,0,36,645.0,6,0.0,4.6875,00-0032054,10,340.0,34.0,4.8234553,6.7336645,00-0032054,1,0.0,0.0,25,16,340,34.0,4,2,4,2,0.2,0,0,2,10,25,2.5,35.2,WR,CLE,4.4
339,Jakeem Grant Sr.,,332,00-0032791,WR,2018,0.8958333333333334,25,0.4669999999999999,38.22678,0.026000000000000002,186.0,1.3,0,0.0,0,1,5.0,0,21,268.0,2,0.0,0,0.0,0,4,5.0,1,19,164.0,0,0.0,6.666666666666667,00-0032791,10,268.0,26.8,4.1751933,5.990423,00-0032791,2,36.0,1.0,34,21,268,26.8,2,2,1,5,0.5,0,0,2,10,34,3.4,27.2,WR,MIA,7.8
366,Maurice Harris,,487,00-0032362,WR,2018,0.9705882352941176,25,0.6058333333333333,43.028,0.005,,0.0,0,0.0,0,2,10.0,0,28,304.0,0,0.0,--,--,--,--,--,--,--,--,--,--,3.5714285714285716,00-0032362,11,304.0,27.636364,3.4556007,7.463639,00-0032362,4,40.0,0.0,47,28,304,27.63636363636364,3,0,2,10,0.9090909090909092,0,0,0,11,47,4.3,30.8,WR,WAS,9.6
386,Josh Reynolds,NYJ,553,00-0033943,WR,2018,1.0,23,0.538125,61.454906,0.005,117.0,4.3,0,0.0,0,2,8.0,0,29,402.0,5,0.0,0,0.0,0,5,23.0,0,21,326.0,1,0.0,4.448275862068965,00-0033943,14,523.0,37.357143,4.1809945,9.304229,00-0033943,14,122.0,4.0,53,29,402,36.54545454545455,6,5,2,8,0.7272727272727273,0,0,5,11,53,4.8,34.2,WR,LA,9.7
416,Taywan Taylor,,427,00-0033911,WR,2018,1.0,23,0.5692307692307692,24.882563,0.006,72.0,7.4,0,0.0,0,0,0.0,0,37,466.0,1,1.0,0,0.0,0,0,0.0,0,0,0.0,0,0.0,4.351351351351352,00-0033911,13,466.0,35.846153,3.286349,10.686891,00-0033911,7,78.0,1.0,57,37,466,35.84615384615385,3,1,0,0,0.0,0,1,1,13,57,4.4,26.6,WR,TEN,13.4
442,Kendrick Bourne,NE,402,00-0033307,WR,2018,1.0,23,0.571875,23.702291,0.003,,0.0,0,0.0,0,0,0.0,0,42,487.0,4,0.0,0,0.0,0,0,0.0,0,30,358.0,5,0.0,3.5,00-0033307,16,487.0,30.4375,4.296924,7.2344584,00-0033307,12,86.0,4.0,67,42,487,30.4375,6,4,0,0,0.0,0,0,4,16,67,4.2,32.4,WR,SF,12.9
452,Keelan Cole Sr.,,606,00-0033681,WR,2018,1.0,25,0.665625,41.167694,0.003,,0.0,0,0.0,0,0,0.0,0,38,491.0,1,2.0,0,0.0,0,1,6.0,0,24,361.0,3,0.0,3.5789473684210527,00-0033681,13,491.0,37.76923,3.5036137,10.336959,00-0033681,7,46.0,0.0,70,38,491,37.76923076923077,7,1,0,0,0.0,0,2,1,13,70,5.4,32.9,WR,JAX,13.3
457,Chester Rogers ,,516.5,00-0032355,WR,2018,1.0,24,0.5125,38.009235,0.016,,0.0,0,0.0,0,1,-4.0,0,53,485.0,2,0.0,0,0.0,0,1,18.0,0,16,179.0,2,0.0,4.867924528301887,00-0032355,17,561.0,33.0,4.333283,7.622171,00-0032355,9,56.0,2.0,74,53,485,32.333333333333336,5,2,1,-4,-0.2666666666666666,0,0,2,15,74,4.9,39.8,WR,IND,11.6
463,Jarius Wright,,659.5,00-0029572,WR,2018,1.0,28,0.500625,17.825335,0.013999999999999999,118.0,4.2,0,0.0,0,2,39.0,0,43,447.0,1,1.0,0,0.0,0,1,-7.0,0,28,296.0,0,0.0,4.604651162790698,00-0029572,16,447.0,27.9375,4.0904293,6.7526655,00-0029572,7,20.0,1.0,61,43,447,27.9375,8,1,2,39,2.4375,0,1,1,16,61,3.8,34.2,WR,CAR,11.1
464,Seth Roberts,,521,00-0031166,WR,2018,1.0,27,-1.0,13.289239,0.011000000000000001,,0.0,0,0.0,0,3,5.0,0,45,494.0,2,0.0,0,0.0,0,0,0.0,0,21,271.0,2,0.0,4.688888888888889,00-0031166,15,494.0,32.933334,4.102686,8.266315,00-0031166,3,58.0,1.0,64,45,494,32.93333333333333,7,2,3,5,0.3333333333333333,0,0,2,15,64,4.3,33.2,WR,LV,12.1
467,Tajae Sharpe,,618,00-0032778,WR,2018,0.6666666666666666,23,0.588125,31.519781,0.004,140.0,3.1,0,0.0,0,1,16.0,0,26,316.0,2,0.0,0,0.0,0,0,0.0,0,25,329.0,4,0.0,3.1923076923076925,00-0032778,14,316.0,22.571428,3.3056595,6.622111,00-0032778,10,42.0,2.0,47,26,316,22.571428571428573,2,2,1,16,1.1428571428571428,0,0,2,14,47,3.4,26.6,WR,TEN,11.0
469,Laquon Treadwell,IND,406.5,00-0032951,WR,2018,1.0,23,0.5493333333333333,8.452667,0.004,23.0,14.6,0,0.0,0,0,0.0,0,35,302.0,1,0.0,0,0.0,0,0,0.0,0,9,184.0,1,0.0,3.4285714285714284,00-0032951,15,302.0,20.133333,4.2511744,4.741513,00-0032951,4,52.0,1.0,53,35,302,20.133333333333333,1,1,0,0,0.0,0,0,1,15,53,3.5,37.3,WR,MIN,8.9
471,Isaiah McKenzie,,468.5,00-0033466,WR,2018,1.0,23,0.41875,26.805664,0.003,172.0,1.8,0,0.0,0,10,66.0,2,18,179.0,0,0.0,0,0.0,0,8,49.0,0,27,254.0,1,0.0,4.222222222222222,00-0033466,6,179.0,29.833334,3.3019924,9.243356,00-0033466,1,2.0,0.0,30,18,179,29.83333333333333,1,0,10,66,11.0,2,1,2,6,30,5.0,30.1,WR,BUF,6.2
483,Kelvin Benjamin,,366,00-0031359,WR,2018,1.0,27,0.5446666666666666,11.205714,0.004,28.0,13.4,0,0.0,0,0,0.0,0,25,380.0,1,0.0,--,--,--,--,--,--,--,--,--,--,2.56,00-0031359,15,380.0,25.333334,3.3516822,8.618449,00-0031359,9,46.0,1.0,67,25,380,25.33333333333333,5,1,0,0,0.0,0,0,1,15,62,5.2,30.1,WR,BUF,12.9
485,Zach Pascal,NYG,580,00-0033251,WR,2018,1.0,23,0.454375,40.486183,0.004,,0.0,0,0.0,0,2,10.0,0,27,268.0,2,0.0,0,0.0,0,2,16.0,0,41,607.0,5,0.0,3.0,00-0033251,13,281.0,21.615385,4.320525,4.3684154,00-0033251,10,114.0,2.0,46,27,268,24.363636363636363,1,2,2,10,0.9090909090909092,0,0,2,11,46,4.2,39.8,WR,IND,7.2
488,Tim Patrick,DET,511.5,00-0033375,WR,2018,1.0,24,0.358125,30.426222,0.003,,0.0,0,0.0,0,3,17.0,0,23,315.0,1,1.0,0,0.0,0,0,0.0,0,16,218.0,0,0.0,4.869565217391305,00-0033375,10,315.0,31.5,3.9237716,9.384264,00-0033375,1,0.0,0.0,41,23,315,31.5,6,1,3,17,1.7,0,1,1,10,41,4.1,35.4,WR,DEN,7.2
491,Aldrick Robinson,,474,00-0028116,WR,2018,1.0,29,0.2914285714285714,32.806866,0.006,178.0,1.6,0,0.0,0,0,0.0,0,17,231.0,5,0.0,--,--,--,--,--,--,--,--,--,--,2.4705882352941178,00-0028116,14,231.0,16.5,4.180975,4.078482,00-0028116,4,92.0,3.0,35,17,231,16.5,2,5,0,0,0.0,0,0,5,14,35,2.5,37.3,WR,MIN,5.9
540,Alex Erickson,,408,00-0032543,WR,2018,1.0,25,0.37875,12.228545,0.011000000000000001,,0.0,0,0.0,0,3,22.0,0,20,167.0,0,0.0,1,26.0,0,5,33.0,0,43,529.0,0,0.0,3.75,00-0032543,11,167.0,15.181818,3.4837632,5.9862227,00-0032543,3,12.0,0.0,29,20,167,15.181818181818182,1,0,3,22,2.0,0,1,0,11,29,2.9,33.2,WR,CIN,5.5
606,Torrey Smith,,463,00-0027996,WR,2018,0.9849624060150376,29,0.4463636363636363,39.822857,0.016,58.0,8.7,0,0.0,0,0,0.0,0,17,190.0,2,0.0,--,--,--,--,--,--,--,--,--,--,2.823529411764706,00-0027996,8,190.0,23.75,3.8603392,5.9340506,00-0027996,4,28.0,2.0,32,17,190,23.75,2,2,0,0,0.0,0,0,2,8,32,4.0,34.2,WR,CAR,5.8
615,Pierre Garcon,,477,00-0026345,WR,2018,0.9341317365269461,32,0.7250000000000001,19.927858,0.057,205.0,0.7,0,0.0,0,0,0.0,0,24,286.0,1,0.0,--,--,--,--,--,--,--,--,--,--,4.083333333333333,00-0026345,8,286.0,35.75,4.1174316,8.50498,00-0026345,4,8.0,0.0,47,24,286,35.75,5,1,0,0,0.0,0,0,1,8,47,5.9,32.4,WR,SF,9.1
689,Josh Bellamy,,560,00-0029319,WR,2018,1.0,29,-1.0,8.409102,0.013000000000000001,,0.0,0,0.0,0,0,0.0,0,14,117.0,1,0.0,0,0.0,0,0,0.0,0,2,20.0,0,0.0,3.2857142857142856,00-0029319,14,151.0,10.785714,3.669143,2.764487,00-0029319,2,40.0,1.0,26,14,117,9.0,1,1,0,0,0.0,0,0,1,13,26,2.0,31.8,WR,CHI,5.1
736,Ryan Switzer,,612,00-0033562,WR,2018,1.0,23,0.2731249999999999,14.591834,0.004,133.0,3.5,0,0.0,0,6,21.0,0,36,253.0,1,0.0,0,0.0,0,0,0.0,0,8,27.0,0,0.0,3.8055555555555554,00-0033562,16,253.0,15.8125,4.9454474,3.0325577,00-0033562,7,46.0,1.0,44,36,253,15.8125,1,1,6,21,1.3125,0,0,1,16,44,2.8,42.6,WR,PIT,6.5
737,Chad Williams,,613,00-0033933,WR,2018,1.0,23,0.759,15.108889,0.004,98.0,5.4,0,0.0,0,1,9.0,0,17,171.0,1,0.0,0,0.0,0,0,0.0,0,0,0.0,0,0.0,0.9411764705882353,00-0033933,10,171.0,17.1,3.3012142,5.733861,00-0033933,5,14.0,0.0,46,17,171,17.1,1,1,1,9,0.9,0,0,1,10,46,4.6,29.7,WR,ARI,9.7
746,Marcell Ateman,,622,00-0034747,WR,2018,1.0,23,0.8128571428571428,9.726667,0.003,228.0,0.0,0,0.0,0,0,0.0,0,15,154.0,1,0.0,0,0.0,0,0,0.0,0,5,116.0,0,1.0,2.066666666666667,00-0034747,6,154.0,25.666666,3.8711414,6.838265,00-0034747,1,18.0,1.0,31,15,154,25.666666666666668,2,1,0,0,0.0,0,0,1,6,31,5.2,33.2,WR,LV,5.8
752,Martavis Bryant,,629,00-0031373,WR,2018,0.9436619718309859,26,0.41625,4.4695244,0.011000000000000001,118.0,4.2,0,0.0,0,3,23.0,0,19,266.0,0,1.0,--,--,--,--,--,--,--,--,--,--,6.894736842105263,00-0031373,7,266.0,38.0,4.28197,8.434457,00-0031373,3,6.0,0.0,27,19,266,38.0,6,0,3,23,3.2857142857142856,0,1,0,7,27,3.9,33.2,WR,LV,5.1
754,T.J. Jones,,631,00-0031189,WR,2018,0.9636363636363636,26,0.448,28.373335,0.004,189.0,1.2,0,0.0,0,0,0.0,0,19,190.0,2,0.0,0,0.0,0,0,0.0,0,3,38.0,1,0.0,1.894736842105263,00-0031189,12,190.0,15.833333,3.4618237,4.8118396,00-0031189,3,34.0,1.0,27,19,190,15.833333333333334,3,2,0,0,0.0,0,0,2,12,27,2.2,35.2,WR,DET,4.8
766,Dontrelle Inman,,643,00-0028411,WR,2018,1.0,29,0.5844444444444444,37.77143,0.008,,0.0,0,0.0,0,0,0.0,0,28,304.0,3,0.0,0,0.0,0,0,0.0,0,12,181.0,0,0.0,2.0714285714285716,00-0028411,10,412.0,41.2,4.3405356,9.676325,00-0028411,7,88.0,4.0,39,28,304,38.0,4,3,0,0,0.0,0,0,3,8,39,4.9,39.8,WR,IND,6.1
773,Trent Sherfield Sr.,DEN,651,00-0034487,WR,2018,1.0,22,0.42,25.219046,0.003,,0.0,0,0.0,0,0,0.0,0,19,210.0,1,0.0,0,0.0,0,0,0.0,0,4,80.0,0,0.0,2.0,00-0034487,7,210.0,30.0,2.9825592,9.370615,00-0034487,1,14.0,1.0,28,19,210,30.0,1,1,0,0,0.0,0,0,1,7,28,4.0,29.7,WR,ARI,5.9
776,Cody Core,,655,00-0032795,WR,2018,1.0,24,0.3649999999999999,12.6044445,0.004,199.0,0.9,0,0.0,0,0,0.0,0,13,160.0,1,0.0,0,0.0,0,0,0.0,0,3,28.0,0,0.0,2.769230769230769,00-0032795,10,160.0,16.0,3.294473,5.152768,00-0032795,3,14.0,0.0,29,13,160,16.0,2,1,0,0,0.0,0,0,1,10,29,2.9,33.2,WR,CIN,5.5
794,Michael Floyd,,675,00-0029638,WR,2018,0.9649122807017544,28,0.4407692307692307,4.755555,0.005,13.0,18.3,0,0.0,0,0,0.0,0,10,100.0,1,0.0,--,--,--,--,--,--,--,--,--,--,2.9,00-0029638,10,100.0,10.0,3.1075988,3.6225247,00-0029638,3,32.0,1.0,25,10,100,10.0,1,1,0,0,0.0,0,0,1,10,25,2.5,30.8,WR,WAS,5.1
895,Ryan Grant,,786,00-0031068,WR,2018,1.0,27,0.5607142857142857,23.658241,0.005,142.0,3.0,0,0.0,0,0,0.0,0,35,334.0,1,0.0,0,0.0,0,0,0.0,0,4,14.0,0,0.0,2.657142857142857,00-0031068,14,334.0,23.857143,4.5506215,5.689704,00-0031068,6,52.0,1.0,52,35,334,23.857142857142858,3,1,0,0,0.0,0,0,1,14,52,3.7,39.8,WR,IND,8.2
921,Bruce Ellington,,814,00-0031326,WR,2018,0.6707317073170732,27,0.5742857142857142,14.944761,0.005,106.0,4.9,0,0.0,0,1,2.0,0,31,224.0,1,0.0,--,--,--,--,--,--,--,--,--,--,3.4838709677419355,00-0031326,7,224.0,32.0,3.8216248,9.417409,00-0031326,4,38.0,1.0,42,31,224,32.0,2,1,1,2,0.2857142857142857,0,0,1,7,30,7.5,35.2,WR,DET,5.3
952,Bennie Fowler,III,847,00-0030670,WR,2018,1.0,27,-1.0,7.7343335,0.005,,0.0,0,0.0,0,0,0.0,0,16,199.0,1,0.0,0,0.0,0,1,20.0,0,23,193.0,0,0.0,4.75,00-0030670,10,199.0,19.9,4.3456945,4.569471,00-0030670,5,38.0,1.0,27,16,199,19.9,3,1,0,0,0.0,0,0,1,10,27,2.7,36.2,WR,NYG,4.7
1036,Allen Hurns,,944,00-0030821,WR,2018,1.0,26,-1.0,12.48064,0.019,,0.0,0,0.0,0,0,0.0,0,20,295.0,2,0.0,0,0.0,0,0,0.0,0,32,416.0,2,1.0,3.9,00-0030821,14,309.0,22.071428,3.833865,5.437214,00-0030821,5,40.0,1.0,35,20,295,22.692307692307693,6,2,0,0,0.0,0,0,2,13,35,2.7,32.4,WR,DAL,6.8
1047,Trent Taylor,SF,"1,000.00",00-0033292,WR,2018,1.0,24,0.3378571428571429,24.148975,0.004,177.0,1.6,0,0.0,0,0,0.0,0,26,215.0,1,0.0,--,--,--,--,--,--,--,--,--,--,3.8846153846153846,00-0033292,13,215.0,16.538462,4.2625556,4.039945,00-0033292,7,38.0,1.0,41,26,215,16.53846153846154,1,1,0,0,0.0,0,0,1,13,41,3.2,32.4,WR,SF,7.9
7,Michael Thomas,,6.0,00-0032765,WR,2019,1.0,26,0.8830769230769231,72.06917,0.102,47.0,10.1,0,0.0,0,1,-9.0,0,149,1725.0,9,0.0,0,0.0,0,1,1.0,0,40,438.0,0,0.0,3.8859060402684564,00-0032765,17,1795.0,105.588234,4.4709864,23.621365,00-0032765,26,358.0,8.0,185,149,1725,107.8125,17,9,1,-9,-0.5625,0,0,9,16,185,11.6,35.0,WR,NO,33.0
8,Davante Adams,LAR,9.3,00-0031381,WR,2019,0.9591836734693877,26,0.857,48.60204,0.087,53.0,9.3,0,0.0,0,0,0.0,0,83,997.0,5,1.0,0,0.0,0,0,0.0,0,115,1374.0,18,1.0,4.674698795180723,00-0031381,14,1295.0,92.5,3.8449771,24.12515,00-0031381,27,290.0,5.0,128,83,997,83.08333333333333,12,5,0,0,0.0,0,1,5,12,128,10.7,34.0,WR,GB,23.5
10,Tyreek Hill,MIA,12.7,00-0033040,WR,2019,0.96875,25,0.7,94.03538,0.096,165.0,2.1,0,0.0,0,8,23.0,0,58,860.0,7,0.0,0,0.0,0,13,123.0,2,87,1276.0,15,0.0,4.827586206896552,00-0033040,15,1073.0,71.53333,4.6057186,15.834006,00-0033040,12,142.0,5.0,89,58,860,71.66666666666667,11,7,8,23,1.9166666666666667,0,0,7,12,89,7.4,35.0,WR,KC,15.9
14,Julio Jones,,14.3,00-0027944,WR,2019,0.9562043795620438,30,0.7586666666666668,76.4321,0.11699999999999999,6.0,23.2,0,0.0,0,2,-3.0,0,99,1394.0,6,0.0,0,0.0,0,0,0.0,0,51,771.0,3,0.0,3.4545454545454546,00-0027944,15,1394.0,92.933334,4.748462,20.071268,00-0027944,18,126.0,5.0,158,99,1394,92.93333333333334,21,6,2,-3,-0.2,0,0,6,15,158,10.5,41.4,WR,ATL,23.9
16,DeAndre Hopkins,BAL,17.0,00-0030564,WR,2019,1.0,27,0.9753846153846154,54.71839,0.13699999999999998,27.0,13.6,1,6.0,1,2,18.0,0,104,1165.0,7,1.0,0,0.0,0,1,1.0,0,115,1407.0,6,2.0,3.7211538461538463,00-0030564,17,1373.0,80.76471,4.176776,19.621998,00-0030564,16,80.0,4.0,151,104,1165,77.66666666666667,16,7,2,18,1.2,0,0,8,15,151,10.1,32.4,WR,HOU,29.1
24,Chris Godwin,TB,21.0,00-0033921,WR,2019,0.9583333333333334,23,0.9215384615384616,115.94182,0.005,84.0,6.4,0,0.0,0,1,8.0,0,86,1333.0,9,0.0,0,0.0,0,0,0.0,0,65,840.0,7,0.0,6.709302325581396,00-0033921,14,1333.0,95.21429,4.779062,20.113373,00-0033921,15,134.0,5.0,122,86,1333,95.21428571428572,25,9,1,8,0.5714285714285714,0,0,9,14,122,8.7,38.1,WR,TB,20.0
25,Kenny Golladay,,25.3,00-0033932,WR,2019,1.0,25,0.852142857142857,70.624,0.005,96.0,5.5,0,0.0,0,0,0.0,0,65,1190.0,11,1.0,0,0.0,0,0,0.0,0,20,338.0,2,0.0,4.676923076923077,00-0033932,16,1190.0,74.375,4.1185226,18.534706,00-0033932,17,116.0,6.0,117,65,1190,74.375,22,11,0,0,0.0,0,1,11,16,117,7.3,34.5,WR,DET,21.2
26,Mike Evans,TB,27.3,00-0031408,WR,2019,0.9591836734693877,26,0.9008333333333336,208.40666,0.09300000000000001,7.0,22.2,0,0.0,0,0,0.0,0,67,1157.0,8,0.0,0,0.0,0,0,0.0,0,70,1006.0,13,0.0,3.8955223880597014,00-0031408,13,1157.0,89.0,4.636091,19.207527,00-0031408,19,140.0,5.0,119,67,1157,89.0,17,8,0,0,0.0,0,0,8,13,119,9.2,38.1,WR,TB,19.5
28,Odell Beckham Jr.,,30.0,00-0031235,WR,2019,0.8762886597938144,26,0.9586666666666668,50.136627,0.102,12.0,18.8,1,20.0,0,3,10.0,0,75,1091.0,5,0.0,1,18.0,0,3,72.0,1,23,319.0,3,0.0,4.8533333333333335,00-0031235,16,1091.0,68.1875,3.975374,17.072062,00-0031235,13,90.0,2.0,266,148,2070,129.375,32,8,3,10,0.625,0,1,8,16,133,8.3,32.5,WR,CLE,25.6
29,Allen Robinson,II,30.7,00-0031428,WR,2019,0.717391304347826,26,0.9353333333333336,57.03296,0.079,61.0,8.4,0,0.0,0,1,2.0,0,98,1147.0,7,0.0,0,0.0,0,1,-1.0,0,102,1250.0,6,0.0,2.7755102040816326,00-0031428,16,1147.0,71.6875,3.5303218,19.97414,00-0031428,20,164.0,6.0,154,98,1147,71.6875,15,7,1,2,0.125,0,0,7,16,154,9.6,35.4,WR,CHI,27.2
31,Adam Thielen,CAR,32.0,00-0030035,WR,2019,0.9489795918367347,29,0.7,102.122665,0.086,,0.0,0,0.0,0,4,6.0,1,30,418.0,6,0.0,0,0.0,0,3,15.0,0,74,925.0,14,0.0,3.9,00-0030035,12,597.0,49.75,3.6921875,13.507482,00-0030035,7,112.0,3.0,48,30,418,41.8,8,6,4,6,0.6,1,0,7,10,48,4.8,27.8,WR,MIN,10.8
33,DJ Moore,CHI,34.0,00-0034827,WR,2019,0.96875,22,0.8676923076923078,48.16095,0.016,24.0,14.4,0,0.0,0,6,40.0,0,87,1175.0,4,1.0,0,0.0,0,2,22.0,0,66,1193.0,4,0.0,4.482758620689655,00-0034827,15,1175.0,78.333336,3.8095992,20.532917,00-0034827,14,98.0,2.0,136,87,1175,78.33333333333333,13,4,6,40,2.6666666666666665,0,1,4,15,136,9.1,37.6,WR,CAR,22.6
34,Amari Cooper,,34.3,00-0031544,WR,2019,1.0,25,0.7549999999999999,123.149956,0.10099999999999999,4.0,25.8,0,0.0,0,1,6.0,0,79,1189.0,8,0.0,0,0.0,0,6,14.0,0,92,1114.0,5,0.0,3.037974683544304,00-0031544,16,1189.0,74.3125,4.6148148,15.317574,00-0031544,9,146.0,5.0,119,79,1189,74.3125,17,8,1,6,0.375,0,0,8,16,119,7.4,36.1,WR,DAL,20.6
35,JuJu Smith-Schuster,KC,34.3,00-0033857,WR,2019,0.8958333333333334,22,0.7741666666666668,48.251514,0.006,62.0,8.3,0,0.0,0,0,0.0,0,42,552.0,3,1.0,0,0.0,0,0,0.0,0,97,831.0,9,1.0,5.285714285714286,00-0033857,12,552.0,46.0,3.5058317,12.454202,00-0033857,8,42.0,0.0,71,42,552,46.0,7,3,0,0,0.0,0,1,3,12,71,5.9,30.4,WR,PIT,14.6
38,A.J. Brown,PHI,39.3,00-0035676,WR,2019,1.0,22,0.6771428571428572,93.012955,0.008,51.0,9.6,0,0.0,0,3,60.0,1,52,1051.0,8,0.0,0,0.0,0,0,0.0,0,70,1075.0,11,1.0,8.942307692307692,00-0035676,19,1115.0,58.68421,3.9654405,13.367986,00-0035676,9,120.0,4.0,84,52,1051,65.6875,15,8,3,60,3.75,1,0,9,16,84,5.2,26.8,WR,TEN,19.6
40,Cooper Kupp,SEA,40.0,00-0033908,WR,2019,0.8958333333333334,26,0.8192307692307691,96.57662,0.079,69.0,7.6,0,0.0,0,2,4.0,0,94,1161.0,10,0.0,0,0.0,0,4,33.0,0,92,974.0,3,0.0,5.723404255319149,00-0033908,16,1161.0,72.5625,4.402526,15.477999,00-0033908,22,218.0,7.0,135,94,1161,72.5625,21,10,2,4,0.25,0,0,10,16,135,8.4,38.4,WR,LA,22.0
43,Calvin Ridley,TEN,44.0,00-0034837,WR,2019,0.90625,24,0.7366666666666665,61.37769,0.015,26.0,13.9,0,0.0,0,2,34.0,0,63,866.0,7,0.0,0,0.0,0,5,1.0,0,90,1374.0,9,1.0,2.1904761904761907,00-0034837,13,866.0,66.61539,4.7945886,14.287114,00-0034837,10,132.0,4.0,95,63,866,66.61538461538461,12,7,2,34,2.6153846153846154,0,0,7,13,95,7.3,41.4,WR,ATL,14.4
46,Tyler Lockett,TEN,50.0,00-0032211,WR,2019,0.9876543209876543,26,0.8992857142857142,116.54,0.06,69.0,7.6,0,0.0,0,4,-5.0,0,82,1057.0,8,0.0,0,0.0,0,0,0.0,0,100,1054.0,10,0.0,3.6707317073170733,00-0032211,18,1255.0,69.72222,4.1195188,16.066761,00-0032211,28,322.0,8.0,110,82,1057,66.0625,15,8,4,-5,-0.3125,0,0,8,16,110,6.9,31.0,WR,SEA,22.2
47,Courtland Sutton,DEN,50.7,00-0034348,WR,2019,1.0,23,0.9135714285714284,34.93976,0.01,40.0,11.1,1,38.0,0,3,17.0,0,72,1112.0,6,0.0,0,0.0,0,0,0.0,0,3,66.0,0,0.0,4.888888888888889,00-0034348,16,1112.0,69.5,3.631533,20.295149,00-0034348,20,176.0,3.0,124,72,1112,69.5,18,6,3,17,1.0625,0,0,6,16,124,7.8,30.1,WR,DEN,25.7
49,Keenan Allen,LAC,50.7,00-0030279,WR,2019,0.7830188679245284,27,0.874,91.785286,0.10099999999999999,76.0,7.0,0,0.0,0,3,16.0,0,104,1199.0,6,0.0,0,0.0,0,1,-1.0,0,100,992.0,8,2.0,3.548076923076923,00-0030279,16,1199.0,74.9375,4.7466025,15.938192,00-0030279,20,226.0,4.0,149,104,1199,74.9375,15,6,3,16,1.0,0,0,6,16,149,9.3,36.1,WR,LAC,25.8
50,Robert Woods,PIT,50.7,00-0030431,WR,2019,0.8584070796460177,27,0.9507692307692306,69.78924,0.08199999999999999,41.0,11.0,0,0.0,0,17,115.0,1,90,1134.0,2,0.0,0,0.0,0,24,155.0,2,90,936.0,6,1.0,6.4,00-0030431,15,1134.0,75.6,4.4653606,16.613878,00-0030431,10,80.0,2.0,139,90,1134,75.6,14,2,17,115,7.666666666666667,1,0,3,15,139,9.3,38.4,WR,LA,22.6
51,DK Metcalf,PIT,51.3,00-0035640,WR,2019,1.0,21,0.8385714285714287,42.580624,0.006,64.0,8.1,0,0.0,0,2,11.0,0,58,900.0,7,3.0,0,0.0,0,0,0.0,0,83,1303.0,10,0.0,4.758620689655173,00-0035640,18,1119.0,62.166668,4.1195188,14.695216,00-0035640,21,132.0,4.0,102,58,900,56.25,13,7,2,11,0.6875,0,3,7,16,102,6.4,31.0,WR,SEA,20.6
53,Terry McLaurin,WAS,51.7,00-0035659,WR,2019,0.875,23,0.929090909090909,59.2361,0.005,76.0,7.0,0,0.0,0,0,0.0,0,58,919.0,7,0.0,0,0.0,0,2,30.0,0,87,1118.0,4,1.0,3.7413793103448274,00-0035659,14,919.0,65.64286,3.6262221,17.650394,00-0035659,14,122.0,3.0,94,58,919,65.64285714285714,15,7,0,0,0.0,0,0,7,14,94,6.7,29.3,WR,WAS,20.0
54,DJ Chark Jr.,ATL,51.7,00-0034777,WR,2019,0.96875,22,0.8099999999999999,92.00124,0.006,61.0,8.4,0,0.0,0,2,20.0,0,73,1008.0,8,0.0,0,0.0,0,0,0.0,0,53,706.0,5,0.0,4.328767123287672,00-0034777,15,1008.0,67.2,4.018414,16.310562,00-0034777,17,134.0,4.0,240,146,2016,134.4,34,16,2,20,1.3333333333333333,0,0,16,15,120,8.0,35.7,WR,JAX,21.0
58,T.Y. Hilton,,58.7,00-0029608,WR,2019,0.9621212121212122,29,0.716,63.83656,0.091,92.0,5.8,0,0.0,0,0,0.0,0,45,501.0,5,0.0,0,0.0,0,0,0.0,0,56,762.0,5,0.0,4.733333333333333,00-0029608,10,501.0,50.1,3.1187441,16.22963,00-0029608,8,86.0,5.0,68,45,501,50.1,6,5,0,0,0.0,0,0,5,10,68,6.8,30.6,WR,IND,13.9
63,DeVante Parker,,61.3,00-0031547,WR,2019,1.0,26,0.8826666666666667,67.523834,0.054000000000000006,14.0,17.8,0,0.0,0,0,0.0,0,72,1202.0,9,0.0,0,0.0,0,0,0.0,0,63,793.0,4,0.0,3.6527777777777777,00-0031547,16,1202.0,75.125,4.027886,17.890394,00-0031547,16,200.0,6.0,128,72,1202,75.125,21,9,0,0,0.0,0,0,9,16,128,8.0,38.1,WR,MIA,21.0
64,Stefon Diggs,NE,63.3,00-0031588,WR,2019,1.0,25,0.7992857142857143,103.788284,0.081,146.0,2.9,0,0.0,0,5,61.0,0,63,1130.0,6,3.0,0,0.0,0,1,1.0,0,127,1535.0,8,0.0,4.7936507936507935,00-0031588,17,1206.0,70.94118,3.8779154,17.828686,00-0031588,8,40.0,1.0,95,63,1126,75.06666666666666,20,6,5,61,4.066666666666666,0,3,6,15,95,6.3,27.8,WR,MIN,21.3
68,Marquise Brown,KC,72.0,00-0035662,WR,2019,0.875,22,0.5758333333333333,75.80726,0.016,25.0,14.1,0,0.0,0,0,0.0,0,46,584.0,7,0.0,0,0.0,0,1,1.0,0,58,769.0,8,0.0,4.913043478260869,00-0035662,15,710.0,47.333332,3.3295202,12.671846,00-0035662,13,152.0,4.0,71,46,584,41.71428571428572,8,7,0,0,0.0,0,0,7,14,71,5.1,26.6,WR,BAL,16.7
69,Michael Gallup,WAS,73.7,00-0034764,WR,2019,0.96875,23,0.8383333333333335,71.13302,0.005,81.0,6.6,0,0.0,0,0,0.0,0,66,1107.0,6,0.0,0,0.0,0,0,0.0,0,59,843.0,5,0.0,5.045454545454546,00-0034764,14,1107.0,79.07143,4.707301,15.92764,00-0034764,8,72.0,2.0,113,66,1107,79.07142857142857,18,6,0,0,0.0,0,0,6,14,113,8.1,36.1,WR,DAL,19.6
72,Tyler Boyd,,77.0,00-0033009,WR,2019,0.984375,24,0.9085714285714286,74.57829,0.057,55.0,9.1,0,0.0,0,4,23.0,0,90,1046.0,5,2.0,1,16.0,0,5,49.0,0,79,841.0,4,0.0,3.8666666666666667,00-0033009,16,1046.0,65.375,3.8234978,16.727398,00-0033009,11,136.0,3.0,148,90,1046,65.375,12,5,4,23,1.4375,0,2,5,16,148,9.2,36.9,WR,CIN,25.0
80,Jarvis Landry,,81.3,00-0031382,WR,2019,1.0,26,0.94,63.969166,--,63.0,8.2,0,0.0,0,1,10.0,0,83,1174.0,6,0.0,4,74.0,1,4,10.0,1,72,840.0,3,0.0,5.253012048192771,00-0031382,16,1174.0,73.375,3.975374,18.689676,00-0031382,21,136.0,5.0,138,83,1174,73.375,20,6,1,10,0.625,0,0,6,16,138,8.6,32.5,WR,CLE,26.5
81,William Fuller V ,,82.0,00-0033127,WR,2019,0.796875,25,0.7889999999999999,219.26163,0.016,21.0,15.2,0,0.0,0,0,0.0,0,49,670.0,3,0.0,0,0.0,0,1,0.0,0,53,879.0,8,0.0,4.469387755102041,00-0033127,12,759.0,63.25,4.4359875,13.355148,00-0033127,8,56.0,1.0,71,49,670,60.90909090909091,10,3,0,0,0.0,0,0,3,11,71,6.5,32.4,WR,HOU,13.7
82,Julian Edelman,,84.0,00-0027150,WR,2019,0.8156424581005587,33,0.8538461538461539,51.004635,0.040999999999999995,232.0,0.0,2,47.0,1,8,27.0,0,100,1117.0,6,1.0,2,38.0,0,2,22.0,0,21,315.0,0,0.0,3.2,00-0027150,17,1147.0,67.47059,3.7929244,17.463083,00-0027150,23,226.0,5.0,154,100,1117,69.8125,13,6,8,27,1.6875,0,2,7,16,154,9.6,36.8,WR,NE,26.1
85,Deebo Samuel Sr.,WAS,86.7,00-0035719,WR,2019,0.9375,23,0.6916666666666665,50.53781,0.01,36.0,11.8,0,0.0,0,14,159.0,3,57,802.0,3,1.0,0,0.0,0,8,26.0,0,33,391.0,1,0.0,8.298245614035087,00-0035719,18,929.0,51.61111,3.9419653,13.319123,00-0035719,20,128.0,1.0,82,57,802,53.46666666666667,17,3,14,159,10.6,3,1,6,15,82,5.5,29.4,WR,SF,17.4
89,Brandin Cooks,NO,93.7,00-0031236,WR,2019,0.8586956521739131,25,0.7358333333333333,33.80379,0.091,20.0,15.5,0,0.0,0,6,52.0,0,42,583.0,2,0.0,0,0.0,0,0,0.0,0,81,1150.0,6,0.0,4.023809523809524,00-0031236,14,583.0,41.642857,4.532762,9.963739,00-0031236,6,28.0,2.0,73,42,583,41.642857142857146,9,2,6,52,3.7142857142857135,0,0,2,14,73,5.2,38.4,WR,LA,11.9
90,Marvin Jones Jr.,,93.7,00-0029293,WR,2019,0.8842975206611571,29,0.8918181818181817,116.38141,0.052000000000000005,166.0,2.0,0,0.0,0,2,0.0,0,62,779.0,9,0.0,0,0.0,0,0,0.0,0,76,978.0,9,0.0,1.7096774193548387,00-0029293,13,779.0,59.923077,4.3690157,14.1597185,00-0029293,15,162.0,8.0,182,124,1558,119.84615384615384,12,18,2,0,0.0,0,0,18,13,91,7.0,34.5,WR,DET,16.5
99,Diontae Johnson,CLE,106.0,00-0035216,WR,2019,1.0,23,0.6599999999999999,56.449627,0.006,66.0,7.9,0,0.0,0,4,41.0,0,59,680.0,5,1.0,0,0.0,0,3,15.0,0,88,923.0,7,0.0,5.169491525423729,00-0035216,16,680.0,42.5,3.4744632,12.795949,00-0035216,7,56.0,1.0,92,59,680,42.5,7,5,4,41,2.5625,0,1,5,16,92,5.8,30.4,WR,PIT,18.9
106,Darius Slayton,NYG,114.0,00-0035535,WR,2019,1.0,22,0.7561538461538458,107.61188,0.004,171.0,1.9,0,0.0,0,0,0.0,0,48,740.0,8,0.0,0,0.0,0,2,-1.0,0,50,751.0,3,1.0,4.0,00-0035535,14,740.0,52.857143,3.9555433,13.609163,00-0035535,8,16.0,2.0,85,48,740,52.85714285714285,12,8,0,0,0.0,0,0,8,14,85,6.1,37.0,WR,NYG,14.4
107,Emmanuel Sanders,,114.0,00-0027685,WR,2019,0.9760479041916168,32,0.7621428571428571,100.76308,0.04,82.0,6.5,1,35.0,1,0,0.0,0,66,869.0,5,0.0,0,0.0,0,1,12.0,0,61,726.0,5,0.0,3.590909090909091,00-0027685,20,940.0,47.0,4.0271807,10.940475,00-0027685,15,52.0,4.0,98,66,869,51.11764705882353,11,5,0,0,0.0,0,0,6,17,53,5.3,29.4,WR,SF,11.3
107,Emmanuel Sanders,,114.0,00-0027685,WR,2019,0.9760479041916168,32,0.7621428571428571,100.76308,0.04,82.0,6.5,1,35.0,1,0,0.0,0,66,869.0,5,0.0,0,0.0,0,1,12.0,0,61,726.0,5,0.0,3.590909090909091,00-0027685,20,940.0,47.0,4.0271807,10.940475,00-0027685,15,52.0,4.0,98,66,869,51.11764705882353,11,5,0,0,0.0,0,0,6,17,45,6.4,30.1,WR,DEN,9.3
108,Jamison Crowder,,115.3,00-0031941,WR,2019,1.0,26,0.7814285714285714,72.11862,0.05,105.0,5.0,0,0.0,0,1,4.0,0,78,833.0,6,0.0,1,43.0,1,1,14.0,0,59,699.0,6,0.0,4.5256410256410255,00-0031941,16,833.0,52.0625,3.6360588,14.81986,00-0031941,16,138.0,4.0,122,78,833,52.0625,11,6,1,4,0.25,0,0,6,16,122,7.6,31.0,WR,NYJ,24.6
114,John Brown,,118.3,00-0031051,WR,2019,0.9897959183673469,29,0.91,51.521397,0.048,91.0,5.9,1,28.0,1,2,7.0,0,72,1060.0,6,0.0,0,0.0,0,0,0.0,0,33,458.0,3,0.0,2.9166666666666665,00-0031051,16,1110.0,69.375,3.4534101,20.52821,00-0031051,10,108.0,2.0,115,72,1060,70.66666666666667,17,6,2,7,0.4666666666666667,0,0,7,15,115,7.7,30.4,WR,BUF,23.6
115,Christian Kirk,HOU,119.7,00-0034775,WR,2019,0.78125,22,0.9383333333333334,85.65769,0.008,47.0,10.1,0,0.0,0,10,93.0,0,67,708.0,3,0.0,0,0.0,0,2,3.0,0,48,621.0,6,0.0,4.1940298507462686,00-0034775,13,708.0,54.46154,3.9614568,13.447057,00-0034775,13,128.0,1.0,109,68,709,54.53846153846154,6,3,10,93,7.153846153846154,0,0,3,13,109,8.4,33.2,WR,ARI,20.5
116,Sterling Shepard,TB,119.7,00-0032385,WR,2019,0.921875,26,0.9055555555555556,41.917336,0.054000000000000006,40.0,11.1,0,0.0,0,6,72.0,0,57,576.0,3,0.0,0,0.0,0,6,49.0,1,66,656.0,3,0.0,3.1403508771929824,00-0032385,10,576.0,57.6,4.0853252,13.807347,00-0032385,12,92.0,2.0,84,57,576,57.6,8,3,6,72,7.2,0,0,3,10,84,8.4,37.0,WR,NYG,14.2
128,Mecole Hardman Jr.,GB,134.3,00-0035140,WR,2019,1.0,21,0.4626666666666666,37.179523,0.006999999999999999,56.0,9.0,0,0.0,0,4,17.0,0,26,538.0,6,0.0,0,0.0,0,4,31.0,0,41,560.0,4,1.0,11.23076923076923,00-0035140,18,567.0,31.5,4.900784,6.128289,00-0035140,7,38.0,0.0,41,26,538,35.86666666666667,9,6,4,17,1.1333333333333333,0,2,6,15,41,3.2,35.0,WR,KC,7.3
136,Preston Williams,,144.3,00-0035350,WR,2019,0.5,22,0.785,31.971432,--,,0.0,0,0.0,0,0,0.0,0,32,428.0,3,1.0,0,0.0,0,0,0.0,0,18,288.0,4,0.0,1.90625,00-0035350,8,428.0,53.5,3.726322,14.429772,00-0035350,10,108.0,3.0,60,32,428,53.5,6,3,0,0,0.0,0,1,3,8,60,7.5,38.1,WR,MIA,9.9
145,Sammy Watkins,,150.0,00-0031325,WR,2019,0.9183673469387755,26,0.7700000000000001,133.33435,0.045,4.0,25.8,0,0.0,0,2,12.0,0,52,673.0,3,1.0,0,0.0,0,1,3.0,0,37,421.0,2,2.0,5.711538461538462,00-0031325,16,961.0,60.0625,4.8256006,11.860488,00-0031325,7,24.0,1.0,91,52,673,51.76923076923077,9,3,2,12,0.9230769230769232,0,1,3,13,91,7.0,35.0,WR,KC,16.2
150,Anthony Miller,BAL,127.5,00-0034353,WR,2019,1.0,24,0.624,67.48096,0.008,51.0,9.6,0,0.0,0,1,-1.0,0,52,656.0,2,1.0,0,0.0,0,2,12.0,0,49,485.0,2,1.0,4.173076923076923,00-0034353,16,656.0,41.0,3.5303218,10.286605,00-0034353,10,66.0,2.0,85,52,656,41.0,11,2,1,-1,-0.0625,0,1,2,16,85,5.3,35.4,WR,CHI,15.0
151,Mike Williams,,152.0,00-0033536,WR,2019,0.9791666666666666,24,0.8464285714285715,14.534096,0.03,7.0,22.2,0,0.0,0,1,2.0,0,49,1001.0,2,0.0,0,0.0,0,1,1.0,0,48,756.0,5,0.0,3.816326530612245,00-0033536,15,1001.0,66.73333,4.7221828,14.683833,00-0033536,15,36.0,1.0,90,49,1001,66.73333333333333,17,2,1,2,0.1333333333333333,0,0,2,15,90,6.0,36.1,WR,LAC,15.6
154,Golden Tate,,136.0,00-0027891,WR,2019,0.9696969696969697,31,0.86,42.748547,0.05,60.0,8.5,0,0.0,0,1,16.0,0,49,676.0,6,1.0,1,18.0,0,0,0.0,0,35,388.0,2,0.0,5.795918367346939,00-0027891,11,676.0,61.454544,3.882756,15.549387,00-0027891,9,138.0,2.0,85,49,670,60.90909090909091,10,6,1,16,1.4545454545454546,0,1,6,11,85,7.7,37.0,WR,NYG,14.4
164,Robbie Chosen,SF,148.5,00-0032688,WR,2019,1.0,26,0.9135714285714286,56.18396,0.05,,0.0,0,0.0,0,1,4.0,0,52,779.0,5,0.0,0,0.0,0,4,15.0,0,95,1096.0,3,1.0,3.7115384615384617,00-0032688,16,779.0,48.6875,3.6360588,12.525816,00-0032688,6,14.0,2.0,97,52,779,48.6875,13,5,1,4,0.25,0,0,5,16,97,6.1,31.0,WR,NYJ,19.6
165,Allen Lazard,NYJ,167.0,00-0034521,WR,2019,1.0,23,0.4178571428571428,32.482723,0.003,,0.0,0,0.0,0,1,21.0,0,35,477.0,3,0.0,0,0.0,0,2,17.0,0,33,451.0,3,0.0,3.742857142857143,00-0034521,13,513.0,39.46154,4.1688466,9.772123,00-0034521,4,22.0,0.0,52,35,477,43.36363636363637,6,3,1,21,1.9090909090909087,0,0,3,11,52,4.7,34.0,WR,GB,9.6
174,Larry Fitzgerald,,172.3,00-0022921,WR,2019,1.0,36,0.8406666666666666,32.087955,0.057999999999999996,3.0,27.6,0,0.0,0,0,0.0,0,73,835.0,4,1.0,0,0.0,0,0,0.0,0,54,409.0,1,0.0,5.424657534246576,00-0022921,16,835.0,52.1875,3.8993874,13.783233,00-0022921,14,54.0,3.0,109,75,804,50.25,10,4,0,0,0.0,0,1,4,16,109,6.8,33.2,WR,ARI,20.5
181,Alshon Jeffery,,123.0,00-0029137,WR,2019,0.8396946564885496,29,0.7655555555555557,87.33695,0.078,45.0,10.4,0,0.0,0,1,2.0,1,43,490.0,4,0.0,0,0.0,0,0,0.0,0,6,115.0,1,0.0,2.697674418604651,00-0029137,9,490.0,54.444443,3.6327908,14.854244,00-0029137,11,74.0,4.0,74,43,490,54.44444444444444,6,4,1,2,0.2222222222222222,1,0,5,9,74,8.2,37.9,WR,PHI,12.2
183,Hunter Renfrow,CAR,164.5,00-0034983,WR,2019,0.8125,23,0.5238461538461539,58.59731,0.004,149.0,2.7,0,0.0,0,0,0.0,0,49,605.0,4,0.0,0,0.0,0,0,0.0,0,56,656.0,2,1.0,6.142857142857143,00-0034983,13,605.0,46.53846,4.242635,10.5769415,00-0034983,13,146.0,2.0,72,49,605,46.53846153846154,7,4,0,0,0.0,0,0,4,13,72,5.5,30.8,WR,LV,14.6
189,Breshad Perriman,,170.5,00-0032054,WR,2019,0.8260869565217391,25,0.6276923076923077,110.82247,0.033,26.0,13.9,0,0.0,0,2,16.0,0,36,645.0,6,0.0,0,0.0,0,1,6.0,0,30,505.0,3,0.0,3.5277777777777777,00-0032054,14,645.0,46.07143,4.7808814,9.428483,00-0032054,3,54.0,2.0,70,36,645,46.07142857142857,15,6,2,16,1.1428571428571428,0,0,6,14,70,5.0,38.1,WR,TB,11.5
191,Curtis Samuel,BUF,172.0,00-0033282,WR,2019,0.875,23,0.8514285714285715,35.768955,0.01,40.0,11.1,0,0.0,0,19,130.0,1,54,627.0,6,0.0,0,0.0,0,41,200.0,2,77,851.0,3,0.0,2.8333333333333335,00-0033282,16,627.0,39.1875,3.8423324,10.37769,00-0033282,14,136.0,6.0,105,54,627,39.1875,8,6,19,130,8.125,1,0,7,16,105,6.6,37.6,WR,CAR,17.4
208,Dede Westbrook ,,172.0,00-0033839,WR,2019,0.7916666666666666,25,0.7285714285714285,45.50838,0.005,110.0,4.7,0,0.0,0,5,27.0,0,66,660.0,3,0.0,0,0.0,0,0,0.0,0,1,4.0,0,0.0,4.712121212121212,00-0033839,15,660.0,44.0,3.9591231,11.859208,00-0033839,13,66.0,3.0,103,66,660,44.0,10,3,5,27,1.8,0,0,3,15,103,6.9,35.7,WR,JAX,18.0
215,John Ross,,180.0,00-0033460,WR,2019,0.75,23,0.7414285714285713,126.30785,0.026000000000000002,9.0,20.6,0,0.0,0,3,4.0,0,28,506.0,3,1.0,0,0.0,0,0,0.0,0,2,17.0,0,0.0,7.071428571428571,00-0033460,8,506.0,63.25,3.9895968,14.719026,00-0033460,2,30.0,0.0,112,56,1012,126.5,20,3,3,4,0.5,0,1,3,8,56,7.0,36.9,WR,CIN,9.5
221,Corey Davis,,185.0,00-0033871,WR,2019,0.9791666666666666,24,0.7584615384615384,30.969238,0.038,5.0,24.3,0,0.0,0,0,0.0,0,43,601.0,2,0.0,0,0.0,0,0,0.0,0,65,984.0,5,1.0,5.046511627906977,00-0033871,18,669.0,37.166668,3.9846318,8.991952,00-0033871,5,32.0,2.0,69,43,601,40.06666666666667,10,2,0,0,0.0,0,0,2,15,69,4.6,26.8,WR,TEN,16.1
238,Kenny Stills,,205.0,00-0030085,WR,2019,0.9739130434782609,27,0.6654545454545455,27.760897,0.001,144.0,3.0,0,0.0,0,0,0.0,0,40,561.0,4,0.0,0,0.0,0,0,0.0,0,11,144.0,1,0.0,3.6,00-0030085,15,687.0,45.8,4.082156,11.309454,00-0030085,4,56.0,2.0,55,40,561,43.15384615384615,9,4,0,0,0.0,0,0,4,13,55,4.2,32.4,WR,HOU,10.6
239,Josh Gordon,,207.0,00-0029664,WR,2019,0.7628865979381443,28,-1.0,25.621998,0.005,1.0,34.6,0,0.0,0,1,1.0,0,27,426.0,1,1.0,--,--,--,--,--,--,--,--,--,--,5.518518518518518,00-0029664,11,426.0,38.727272,4.0429826,9.422312,00-0029664,5,54.0,1.0,47,27,426,38.72727272727273,8,1,1,1,0.0909090909090909,0,0,1,11,36,6.0,36.8,WR,NE,6.1
243,Randall Cobb,,214.0,00-0028002,WR,2019,1.0,29,0.6976923076923077,38.57495,0.045,64.0,8.1,0,0.0,0,3,11.0,0,55,828.0,3,1.0,0,0.0,0,0,0.0,0,38,441.0,3,0.0,5.9818181818181815,00-0028002,15,828.0,55.2,4.6786094,11.48447,00-0028002,8,96.0,1.0,83,55,828,55.2,15,3,3,11,0.7333333333333333,0,1,3,15,83,5.5,36.1,WR,DAL,14.4
247,Willie Snead,IV,218.0,00-0030663,WR,2019,0.9629629629629629,26,0.625,24.143957,0.032,,0.0,0,0.0,0,2,2.0,0,31,339.0,5,0.0,0,0.0,0,0,0.0,0,33,432.0,3,0.0,4.064516129032258,00-0030663,17,395.0,23.235294,3.2866938,7.683558,00-0030663,7,52.0,3.0,92,62,678,42.375,4,10,4,4,0.25,0,0,10,16,46,2.9,26.6,WR,BAL,10.8
248,Cole Beasley,,220.0,00-0029000,WR,2019,0.9924242424242424,30,0.7107142857142856,30.477428,0.039,,0.0,0,0.0,0,0,0.0,0,67,778.0,6,0.0,1,20.0,1,0,0.0,0,82,967.0,4,0.0,4.925373134328358,00-0029000,16,822.0,51.375,3.4534101,14.482173,00-0029000,11,124.0,5.0,108,67,778,51.86666666666667,10,6,0,0,0.0,0,0,6,15,108,7.2,30.4,WR,BUF,22.2
257,Mohamed Sanu Sr.,,235.0,00-0029632,WR,2019,0.890625,30,0.7976923076923078,44.393524,0.006,83.0,6.5,0,0.0,0,3,11.0,0,59,520.0,2,0.0,0,0.0,0,1,3.0,0,17,187.0,1,0.0,3.288135593220339,00-0029632,16,531.0,33.1875,4.2511196,7.372707,00-0029632,11,100.0,2.0,178,118,1040,69.33333333333333,6,2,3,11,0.7333333333333333,0,0,2,15,47,5.9,36.8,WR,NE,8.0
257,Mohamed Sanu Sr.,,235.0,00-0029632,WR,2019,0.890625,30,0.7976923076923078,44.393524,0.006,83.0,6.5,0,0.0,0,3,11.0,0,59,520.0,2,0.0,0,0.0,0,1,3.0,0,17,187.0,1,0.0,3.288135593220339,00-0029632,16,531.0,33.1875,4.2511196,7.372707,00-0029632,11,100.0,2.0,178,118,1040,69.33333333333333,6,2,3,11,0.7333333333333333,0,0,2,15,42,6.0,41.4,WR,ATL,6.3
273,Kendrick Bourne,NE,261.0,00-0033307,WR,2019,1.0,24,0.4230769230769231,27.335999,0.016,,0.0,0,0.0,0,0,0.0,0,30,358.0,5,0.0,0,0.0,0,0,0.0,0,49,667.0,2,0.0,4.066666666666666,00-0033307,18,446.0,24.777779,3.7541406,7.704568,00-0033307,10,80.0,6.0,46,30,358,22.375,4,5,0,0,0.0,0,0,5,16,46,2.9,29.4,WR,SF,9.8
274,Josh Reynolds,NYJ,262.0,00-0033943,WR,2019,1.0,24,0.3776923076923077,20.10096,0.005,117.0,4.3,0,0.0,0,5,23.0,0,21,326.0,1,0.0,0,0.0,0,1,5.0,0,52,618.0,2,0.0,6.619047619047619,00-0033943,16,326.0,20.375,4.402526,4.4190025,00-0033943,4,0.0,0.0,43,21,326,20.375,8,1,5,23,1.4375,0,0,1,16,43,2.9,38.4,WR,LA,7.0
283,Danny Amendola,,276.0,00-0026035,WR,2019,0.9644970414201184,33,0.6261538461538462,46.559193,0.025,,0.0,1,19.0,1,0,0.0,0,62,678.0,1,0.0,0,0.0,0,1,2.0,0,46,602.0,0,0.0,3.338709677419355,00-0026035,15,678.0,45.2,4.1273375,10.635673,00-0026035,9,44.0,0.0,97,62,678,45.2,6,1,0,0,0.0,0,0,2,15,97,6.5,34.5,WR,DET,17.6
284,Tre'Quan Smith,,277.0,00-0034765,WR,2019,0.875,23,0.5962500000000001,25.909334,0.005,91.0,5.9,0,0.0,0,0,0.0,0,18,234.0,5,0.0,0,0.0,0,1,3.0,0,34,448.0,4,0.0,6.388888888888889,00-0034765,11,234.0,21.272728,4.650467,4.7949343,00-0034765,5,92.0,4.0,26,18,234,23.4,3,5,0,0,0.0,0,0,5,10,26,2.6,35.0,WR,NO,4.6
293,Chris Conley,,289.0,00-0032128,WR,2019,0.8641975308641975,26,0.7999999999999999,47.501625,0.012,76.0,7.0,0,0.0,0,0,0.0,0,47,775.0,5,0.0,0,0.0,0,0,0.0,0,40,471.0,2,1.0,5.1063829787234045,00-0032128,16,775.0,48.4375,4.0042915,11.978983,00-0032128,11,32.0,2.0,93,47,775,48.4375,13,5,0,0,0.0,0,0,5,16,93,5.8,35.7,WR,JAX,16.3
305,Auden Tate ,,302.0,00-0034686,WR,2019,0.9,22,0.8540000000000001,18.508108,--,253.0,0.0,0,0.0,0,0,0.0,0,40,575.0,1,1.0,0,0.0,0,0,0.0,0,14,150.0,0,0.0,3.35,00-0034686,12,575.0,47.916668,3.7745209,13.648953,00-0034686,14,70.0,1.0,80,40,575,47.91666666666666,8,1,0,0,0.0,0,1,1,12,80,6.7,36.9,WR,CIN,13.5
306,Zach Pascal,NYG,303.0,00-0033251,WR,2019,1.0,24,0.7293333333333334,78.50247,0.004,,0.0,0,0.0,0,2,16.0,0,41,607.0,5,0.0,0,0.0,0,0,0.0,0,44,629.0,5,0.0,5.829268292682927,00-0033251,14,607.0,43.357143,3.4023898,10.977385,00-0033251,13,116.0,5.0,73,41,607,43.35714285714285,11,5,2,16,1.1428571428571428,0,0,5,14,73,5.2,30.6,WR,IND,14.9
310,Steven Sims Jr.,SEA,309.0,00-0034928,WR,2019,1.0,22,0.2615384615384615,58.32192,0.003,,0.0,0,0.0,0,9,85.0,1,34,310.0,4,0.0,0,0.0,0,1,18.0,0,27,265.0,1,0.0,5.0588235294117645,00-0034928,13,310.0,23.846153,3.3551047,6.659795,00-0034928,9,68.0,4.0,56,34,310,23.846153846153847,2,4,9,85,6.538461538461538,1,0,5,13,56,4.7,29.3,WR,WAS,11.9
311,Nelson Agholor,,310.0,00-0031549,WR,2019,0.9382716049382716,26,0.8863636363636366,64.30073,0.005,20.0,15.5,0,0.0,0,2,7.0,0,39,363.0,3,1.0,0,0.0,0,0,0.0,0,48,896.0,8,0.0,3.3846153846153846,00-0031549,11,363.0,33.0,3.5784967,9.036739,00-0031549,8,52.0,3.0,70,39,363,33.0,5,3,2,7,0.6363636363636364,0,1,3,11,70,6.4,37.9,WR,PHI,11.5
314,Phillip Dorsett II,LV,315.0,00-0032208,WR,2019,0.9753086419753086,26,0.5483333333333333,58.03055,0.005,29.0,13.2,0,0.0,0,3,21.0,0,29,397.0,5,0.0,--,--,--,--,--,--,--,--,--,--,2.7241379310344827,00-0032208,12,403.0,33.583332,3.8558655,8.23104,00-0032208,11,64.0,1.0,110,58,794,72.18181818181819,12,5,3,21,1.9090909090909087,0,0,5,11,55,5.0,36.8,WR,NE,9.3
316,Adam Humphries,,318.0,00-0032009,WR,2019,0.9487179487179487,26,0.5245454545454545,16.031744,0.048,,0.0,0,0.0,0,1,1.0,0,37,374.0,2,0.0,0,0.0,0,0,0.0,0,23,228.0,2,0.0,3.2432432432432434,00-0032009,13,399.0,30.692308,4.04851,7.466029,00-0032009,5,42.0,1.0,48,37,374,31.166666666666668,4,2,1,1,0.0833333333333333,0,0,2,12,48,4.0,26.8,WR,TEN,11.2
317,Marquez Valdes-Scantling,SEA,319.0,00-0034272,WR,2019,1.0,24,0.5371428571428571,51.390663,0.004,174.0,1.7,0,0.0,0,2,9.0,0,26,452.0,2,0.0,0,0.0,0,4,13.0,0,33,690.0,6,1.0,5.961538461538462,00-0034272,16,460.0,28.75,4.137237,5.9999347,00-0034272,4,12.0,0.0,56,26,452,30.133333333333333,7,2,2,9,0.6,0,0,2,15,56,3.7,34.0,WR,GB,10.3
319,Russell Gage Jr.,SF,321.0,00-0034411,WR,2019,1.0,23,0.4093333333333333,31.80923,0.004,194.0,1.1,0,0.0,0,4,12.0,0,49,446.0,1,0.0,1,39.0,1,2,9.0,0,72,786.0,4,0.0,3.0816326530612246,00-0034411,14,446.0,31.857143,4.562024,7.5364027,00-0034411,14,80.0,1.0,74,49,446,31.857142857142858,0,1,4,12,0.8571428571428571,0,1,1,14,74,5.3,41.4,WR,ATL,11.2
323,Demarcus Robinson,SF,325.0,00-0032775,WR,2019,1.0,24,0.6846666666666668,77.524956,0.012,126.0,3.8,0,0.0,0,0,0.0,0,32,449.0,4,0.0,0,0.0,0,0,0.0,0,45,466.0,3,1.0,3.21875,00-0032775,17,484.0,28.470589,5.016061,5.333342,00-0032775,7,36.0,1.0,55,32,449,29.933333333333334,7,4,0,0,0.0,0,0,4,15,55,3.7,35.0,WR,KC,9.8
331,Tajae Sharpe,,333.0,00-0032778,WR,2019,0.734375,24,0.4846153846153846,40.056664,0.005,140.0,3.1,0,0.0,0,0,0.0,0,25,329.0,4,0.0,0,0.0,0,0,0.0,0,0,0.0,0,0.0,2.32,00-0032778,16,335.0,20.9375,3.9323208,5.135761,00-0032778,5,60.0,3.0,35,25,329,25.307692307692307,4,4,0,0,0.0,0,0,4,13,35,2.7,26.8,WR,TEN,8.2
335,David Moore,CAR,337.0,00-0033589,WR,2019,1.0,24,0.33,13.028076,0.011000000000000001,226.0,0.0,0,0.0,0,3,25.0,0,17,301.0,2,1.0,0,0.0,0,8,61.0,0,35,417.0,6,0.0,7.529411764705882,00-0033589,15,358.0,23.866667,4.064403,6.073678,00-0033589,8,42.0,1.0,34,17,301,23.153846153846157,5,2,3,25,1.9230769230769231,0,1,2,13,34,2.6,31.0,WR,SEA,6.9
337,Jakobi Meyers,LV,339.0,00-0034960,WR,2019,1.0,22,0.2908333333333333,12.392181,0.003,,0.0,0,0.0,0,0,0.0,0,26,359.0,0,0.0,2,43.0,2,2,9.0,0,59,729.0,0,1.0,4.384615384615385,00-0034960,11,359.0,32.636364,3.9917998,8.828215,00-0034960,4,12.0,0.0,41,26,359,32.63636363636363,9,0,0,0,0.0,0,0,0,11,41,3.7,36.8,WR,NE,7.0
341,Greg Ward,,343.0,00-0033733,WR,2019,1.0,24,0.532,32.89367,0.003,,0.0,0,0.0,0,1,5.0,0,28,254.0,1,0.0,1,15.0,0,2,-4.0,0,53,419.0,6,0.0,3.5,00-0033733,7,278.0,39.714287,3.874637,10.361069,00-0033733,6,82.0,1.0,40,28,254,42.333333333333336,1,1,1,5,0.8333333333333334,0,0,1,6,40,6.7,37.9,WR,PHI,6.6
349,Scotty Miller,PIT,351.0,00-0035298,WR,2019,0.75,22,0.247,26.846111,0.004,208.0,0.6,0,0.0,0,2,16.0,0,13,200.0,1,0.0,0,0.0,0,3,14.0,0,33,501.0,3,0.0,2.769230769230769,00-0035298,9,200.0,22.222221,4.9520125,4.1554475,00-0035298,2,16.0,0.0,26,13,200,22.22222222222222,3,1,2,16,1.7777777777777777,0,0,1,9,26,2.9,38.1,WR,TB,4.3
355,Bisi Johnson,,358.0,00-0035006,WR,2019,1.0,22,0.5073333333333334,12.880257,0.003,247.0,0.0,0,0.0,0,1,6.0,0,31,294.0,3,0.0,0,0.0,0,0,0.0,0,14,189.0,0,0.0,2.193548387096774,00-0035006,14,311.0,22.214285,3.98658,5.6630087,00-0035006,8,50.0,3.0,45,31,294,22.615384615384617,1,3,1,6,0.4615384615384615,0,0,3,13,45,3.5,27.8,WR,MIN,10.1
367,Damiere Byrd,,370.0,00-0031868,WR,2019,0.6666666666666666,26,0.647,35.646545,0.008,,0.0,0,0.0,0,0,0.0,0,32,359.0,1,1.0,0,0.0,0,2,15.0,0,47,604.0,1,0.0,4.6875,00-0031868,11,359.0,32.636364,3.8188317,7.585588,00-0031868,3,34.0,1.0,46,32,359,32.63636363636363,3,1,0,0,0.0,0,1,1,11,46,4.2,33.2,WR,ARI,8.6
370,Ted Ginn Jr.,,373.0,00-0025396,WR,2019,0.9508196721311475,34,0.5715384615384616,22.483524,0.006,9.0,20.6,0,0.0,0,3,18.0,0,30,421.0,2,0.0,0,0.0,0,0,0.0,0,3,40.0,0,0.0,1.6,00-0025396,16,439.0,27.4375,4.5278354,5.846236,00-0025396,6,30.0,1.0,56,30,421,28.066666666666663,7,2,3,18,1.2,0,0,2,15,56,3.7,35.0,WR,NO,10.0
381,Justin Watson,HOU,384.0,00-0034386,WR,2019,1.0,23,0.1866666666666666,50.807,0.004,144.0,3.0,0,0.0,0,0,0.0,0,15,159.0,2,0.0,0,0.0,0,0,0.0,0,7,94.0,0,0.0,0.9333333333333333,00-0034386,6,159.0,26.5,5.215814,4.980495,00-0034386,4,70.0,2.0,26,15,159,26.5,0,2,0,0,0.0,0,0,2,6,26,4.3,38.1,WR,TB,4.3
8,Davante Adams,LAR,8.3,00-0031381,WR,2020,0.9473684210526315,27,0.8521428571428571,155.57384,0.087,53.0,9.3,0,0.0,0,0,0.0,0,115,1374.0,18,1.0,0,0.0,0,0,0.0,0,123,1553.0,11,0.0,5.191304347826087,00-0031381,16,1507.0,94.1875,4.394654,21.480698,00-0031381,37,312.0,16.0,149,115,1374,98.14285714285714,18,18,0,0,0.0,0,1,18,14,149,10.6,31.3,WR,GB,29.7
11,Tyreek Hill,MIA,10.3,00-0033040,WR,2020,0.9625,26,0.8586666666666666,146.61638,0.096,165.0,2.1,0,0.0,0,13,123.0,2,87,1276.0,15,0.0,0,0.0,0,9,96.0,0,111,1239.0,9,1.0,4.988505747126437,00-0033040,18,1631.0,90.611115,4.8873277,17.944359,00-0033040,23,218.0,8.0,135,87,1276,85.06666666666666,20,15,13,123,8.2,2,0,17,15,135,9.0,38.4,WR,KC,22.0
14,Stefon Diggs,NE,14.3,00-0031588,WR,2020,1.0,26,0.885,64.2785,0.081,146.0,2.9,0,0.0,0,1,1.0,0,127,1535.0,8,0.0,0,0.0,0,0,0.0,0,103,1225.0,10,0.0,3.6535433070866143,00-0031588,19,1846.0,97.1579,4.7161107,21.159002,00-0031588,20,198.0,6.0,166,127,1535,95.9375,20,8,1,1,0.0625,0,0,8,16,166,10.4,35.8,WR,BUF,29.0
18,DeAndre Hopkins,BAL,18.3,00-0030564,WR,2020,1.0,28,0.92125,66.85184,0.13699999999999998,27.0,13.6,0,0.0,0,1,1.0,0,115,1407.0,6,2.0,0,0.0,0,0,0.0,0,42,572.0,8,0.0,4.51304347826087,00-0030564,16,1407.0,87.9375,3.8408947,23.28997,00-0030564,19,134.0,3.0,161,115,1407,87.9375,17,6,1,1,0.0625,0,2,6,16,161,10.1,34.2,WR,ARI,29.4
20,Calvin Ridley,TEN,19.0,00-0034837,WR,2020,0.9166666666666666,25,0.7826666666666667,85.53238,0.015,26.0,13.9,0,0.0,0,5,1.0,0,90,1374.0,9,1.0,0,0.0,0,0,0.0,0,31,281.0,2,0.0,3.0555555555555554,00-0034837,15,1374.0,91.6,4.316948,21.177944,00-0034837,24,182.0,7.0,145,90,1374,91.6,23,9,5,1,0.0666666666666666,0,1,9,15,145,9.7,38.0,WR,ATL,23.8
21,DK Metcalf,PIT,19.5,00-0035640,WR,2020,1.0,22,0.920625,93.26562,0.006,64.0,8.1,0,0.0,0,0,0.0,0,83,1303.0,10,0.0,0,0.0,0,1,6.0,0,75,967.0,12,0.0,4.373493975903615,00-0035640,17,1399.0,82.29412,4.1380596,20.093409,00-0035640,17,126.0,6.0,129,83,1303,81.4375,17,10,0,0,0.0,0,1,10,16,129,8.1,33.7,WR,SEA,23.9
24,Justin Jefferson,MIN,24.5,00-0036322,WR,2020,1.0,21,0.805,104.32916,0.017,22.0,14.9,0,0.0,0,1,2.0,0,88,1400.0,7,0.0,2,35.0,0,6,14.0,0,108,1616.0,10,1.0,5.1477272727272725,00-0036322,16,1400.0,87.5,4.2049055,20.460485,00-0036322,15,152.0,4.0,128,88,1400,87.5,23,7,1,2,0.125,0,0,7,16,128,8.0,30.8,WR,MIN,26.0
25,A.J. Brown,PHI,24.8,00-0035676,WR,2020,0.9393939393939394,23,0.8099999999999999,68.24489,0.008,51.0,9.6,0,0.0,0,0,0.0,0,70,1075.0,11,1.0,0,0.0,0,2,10.0,0,63,869.0,5,0.0,6.171428571428572,00-0035676,15,1158.0,77.2,3.5952716,22.279064,00-0035676,14,206.0,9.0,106,70,1075,76.78571428571429,13,11,0,0,0.0,0,1,11,14,106,7.6,29.4,WR,TEN,22.5
27,Keenan Allen,LAC,28.5,00-0030279,WR,2020,0.7950819672131147,28,0.8264285714285713,78.2361,0.10099999999999999,76.0,7.0,0,0.0,0,1,-1.0,0,100,992.0,8,2.0,0,0.0,0,0,0.0,0,106,1138.0,6,0.0,4.37,00-0030279,14,992.0,70.85714,4.05353,17.353872,00-0030279,19,236.0,7.0,149,100,992,70.85714285714286,10,8,1,-1,-0.0714285714285714,0,2,8,14,149,10.6,38.4,WR,LAC,24.3
30,Terry McLaurin,WAS,30.3,00-0035659,WR,2020,0.90625,24,0.932,47.51314,0.005,76.0,7.0,0,0.0,0,2,30.0,0,87,1118.0,4,1.0,0,0.0,0,1,12.0,0,77,1053.0,5,0.0,5.494252873563219,00-0035659,16,1193.0,74.5625,3.64735,20.926346,00-0035659,14,56.0,1.0,135,87,1118,74.53333333333333,17,4,2,30,2.0,0,1,4,15,135,9.0,36.0,WR,WAS,23.4
32,Allen Robinson,II,32.8,00-0031428,WR,2020,0.7592592592592593,27,0.8512500000000001,55.37029,0.099,61.0,8.4,0,0.0,0,1,-1.0,0,102,1250.0,6,0.0,0,0.0,0,0,0.0,0,38,410.0,1,0.0,3.127450980392157,00-0031428,17,1305.0,76.76471,3.7926362,19.936531,00-0031428,19,134.0,4.0,151,102,1250,78.125,22,6,1,-1,-0.0625,0,0,6,16,151,9.4,37.4,WR,CHI,25.3
34,CeeDee Lamb,DAL,34.3,00-0036358,WR,2020,1.0,21,0.6312500000000001,43.612625,0.018000000000000002,17.0,16.6,0,0.0,0,10,82.0,1,74,935.0,5,1.0,0,0.0,0,9,76.0,0,79,1102.0,6,0.0,4.202702702702703,00-0036358,16,935.0,58.4375,4.007549,14.160536,00-0036358,11,56.0,3.0,111,74,935,58.4375,18,5,11,84,5.25,1,1,6,16,111,6.9,38.7,WR,DAL,17.9
36,Mike Evans,TB,36.8,00-0031408,WR,2020,0.9649122807017544,27,0.79875,85.86649,0.09300000000000001,7.0,22.2,0,0.0,0,0,0.0,0,70,1006.0,13,0.0,0,0.0,0,1,10.0,0,74,1035.0,14,0.0,3.7857142857142856,00-0031408,20,1210.0,60.5,4.671808,12.248095,00-0031408,24,184.0,11.0,111,70,1006,62.875,20,13,0,0,0.0,0,0,13,16,111,6.9,38.0,WR,TB,18.3
40,Chris Godwin,TB,41.0,00-0033921,WR,2020,0.90625,24,0.8525000000000001,49.786964,0.08800000000000001,84.0,6.4,0,0.0,0,0,0.0,0,65,840.0,7,0.0,0,0.0,0,4,21.0,1,98,1103.0,5,2.0,4.3076923076923075,00-0033921,16,1072.0,67.0,4.75716,14.059206,00-0033921,11,102.0,6.0,84,65,840,70.0,13,7,0,0,0.0,0,0,7,12,84,7.0,38.0,WR,TB,13.8
41,Robert Woods,PIT,41.8,00-0030431,WR,2020,0.875968992248062,28,0.895625,56.269623,0.08199999999999999,41.0,11.0,0,0.0,0,24,155.0,2,90,936.0,6,1.0,0,0.0,0,8,46.0,1,45,556.0,4,0.0,5.488888888888889,00-0030431,18,1032.0,57.333332,3.7938838,14.950067,00-0030431,13,176.0,5.0,129,90,936,58.5,11,6,24,155,9.6875,2,2,8,16,129,8.1,35.2,WR,LA,22.9
42,Amari Cooper,,41.8,00-0031544,WR,2020,1.0,26,0.81875,63.594673,0.10099999999999999,4.0,25.8,0,0.0,0,6,14.0,0,92,1114.0,5,0.0,0,0.0,0,0,0.0,0,68,865.0,8,0.0,4.489130434782608,00-0031544,16,1114.0,69.625,4.007549,17.611376,00-0031544,16,90.0,4.0,130,92,1114,69.625,13,5,7,16,1.0,0,0,5,16,130,8.1,38.7,WR,DAL,21.0
44,Cooper Kupp,SEA,44.5,00-0033908,WR,2020,0.90625,27,0.8040000000000002,42.75267,0.079,69.0,7.6,0,0.0,0,4,33.0,0,92,974.0,3,0.0,0,0.0,0,4,18.0,0,145,1947.0,16,0.0,5.706521739130435,00-0033908,16,1052.0,65.75,3.8486342,16.919563,00-0033908,13,118.0,2.0,124,92,974,64.93333333333334,12,3,4,33,2.2,0,1,3,15,124,8.3,35.2,WR,LA,22.0
45,Julio Jones,,46.0,00-0027944,WR,2020,0.9150326797385621,31,0.7122222222222222,91.00001,0.11699999999999999,6.0,23.2,0,0.0,0,0,0.0,0,51,771.0,3,0.0,0,0.0,0,0,0.0,0,31,434.0,1,0.0,4.529411764705882,00-0027944,9,771.0,85.666664,4.442114,18.552528,00-0027944,10,98.0,1.0,68,51,771,85.66666666666667,16,3,0,0,0.0,0,0,3,9,68,7.6,38.0,WR,ATL,11.2
47,Tyler Lockett,TEN,50.5,00-0032211,WR,2020,0.9896907216494846,27,0.888125,184.64383,0.095,69.0,7.6,0,0.0,0,0,0.0,0,100,1054.0,10,0.0,0,0.0,0,2,9.0,0,73,1175.0,8,0.0,3.27,00-0032211,17,1097.0,64.52941,4.1380596,16.095905,00-0032211,16,126.0,8.0,132,100,1054,65.875,10,10,0,0,0.0,0,0,10,16,132,8.2,33.7,WR,SEA,24.5
51,DJ Moore,CHI,52.8,00-0034827,WR,2020,0.9583333333333334,23,0.8673333333333334,41.37,0.016,24.0,14.4,0,0.0,0,2,22.0,0,66,1193.0,4,0.0,0,0.0,0,8,48.0,0,93,1157.0,4,1.0,5.787878787878788,00-0034827,15,1193.0,79.53333,4.2017255,19.290648,00-0034827,9,14.0,1.0,118,66,1193,79.53333333333333,19,4,2,22,1.4666666666666666,0,0,4,15,118,7.9,33.1,WR,CAR,22.3
52,Adam Thielen,CAR,53.3,00-0030035,WR,2020,0.9473684210526315,30,0.9146666666666668,97.295235,0.086,,0.0,0,0.0,0,3,15.0,0,74,925.0,14,0.0,0,0.0,0,1,2.0,0,67,726.0,10,0.0,3.2837837837837838,00-0030035,15,925.0,61.666668,4.1928515,14.890681,00-0030035,22,230.0,13.0,110,74,925,61.66666666666666,11,14,3,15,1.0,0,0,14,15,110,7.3,30.8,WR,MIN,22.3
54,Diontae Johnson,CLE,54.0,00-0035216,WR,2020,0.9696969696969697,24,0.716,82.83743,0.006,66.0,7.9,0,0.0,0,3,15.0,0,88,923.0,7,0.0,0,0.0,0,5,53.0,0,107,1161.0,8,2.0,4.4772727272727275,00-0035216,16,1040.0,65.0,4.1899004,14.994792,00-0035216,13,110.0,4.0,288,176,1846,123.06666666666666,20,14,6,30,2.0,0,1,14,15,144,9.6,41.1,WR,PIT,21.9
59,Brandon Aiyuk,SF,59.5,00-0036261,WR,2020,0.75,22,0.8674999999999998,53.782043,0.016,25.0,14.1,0,0.0,0,6,77.0,2,60,748.0,5,0.0,0,0.0,0,5,17.0,0,56,826.0,5,1.0,4.816666666666666,00-0036261,12,748.0,62.333332,4.0844054,15.290349,00-0036261,14,90.0,5.0,96,60,748,62.333333333333336,10,5,6,77,6.416666666666667,2,0,7,12,96,8.0,34.8,WR,SF,17.2
63,Tee Higgins,CIN,65.3,00-0036410,WR,2020,1.0,21,0.74125,46.00924,0.011000000000000001,33.0,12.3,0,0.0,0,5,28.0,0,67,908.0,6,1.0,0,0.0,0,0,0.0,0,74,1091.0,6,1.0,4.626865671641791,00-0036410,15,908.0,60.533333,3.605609,16.34246,00-0036410,11,144.0,6.0,108,67,908,60.53333333333333,14,6,5,28,1.8666666666666667,0,1,6,15,108,7.2,35.4,WR,CIN,19.1
66,Chase Claypool,,67.3,00-0036326,WR,2020,1.0,22,0.628125,101.232956,0.008,49.0,9.8,0,0.0,0,10,16.0,2,62,873.0,9,1.0,0,0.0,0,14,96.0,0,59,860.0,2,0.0,5.306451612903226,00-0036326,17,932.0,54.82353,4.1138206,13.537745,00-0036326,19,116.0,5.0,112,62,859,53.6875,14,9,10,16,1.0,2,1,11,16,112,7.0,41.1,WR,PIT,17.0
67,Odell Beckham Jr.,,70.3,00-0031235,WR,2020,0.8141592920353983,27,0.6757142857142858,162.70341,0.008,12.0,18.8,1,18.0,0,3,72.0,1,23,319.0,3,0.0,0,0.0,0,2,14.0,0,44,537.0,5,0.0,2.0,00-0031235,7,319.0,45.57143,3.6169345,14.597093,00-0031235,6,28.0,1.0,86,23,319,45.57142857142857,3,3,3,72,10.285714285714286,1,0,4,7,43,6.1,29.2,WR,CLE,9.2
67,Odell Beckham Jr.,,70.3,00-0031235,WR,2020,0.8141592920353983,27,0.6757142857142858,162.70341,0.008,12.0,18.8,1,18.0,0,3,72.0,1,23,319.0,3,0.0,0,0.0,0,2,14.0,0,44,537.0,5,0.0,2.0,00-0031235,7,319.0,45.57143,3.6169345,14.597093,00-0031235,6,28.0,1.0,86,23,319,45.57142857142857,3,3,3,72,10.285714285714286,1,0,4,7,43,6.1,29.2,WR,CLE,9.2
69,Jerry Jeudy,CLE,73.3,00-0036407,WR,2020,1.0,21,0.7437499999999999,57.328,0.019,15.0,17.4,0,0.0,0,0,0.0,0,52,856.0,3,0.0,0,0.0,0,2,3.0,0,38,467.0,0,0.0,5.461538461538462,00-0036407,16,856.0,53.5,3.5327907,13.569948,00-0036407,10,52.0,1.0,115,52,856,53.5,14,3,0,0,0.0,0,0,3,16,115,7.2,33.6,WR,DEN,21.4
74,Kenny Golladay,,77.5,00-0033932,WR,2020,0.828125,26,0.6859999999999999,55.703003,0.099,96.0,5.5,0,0.0,0,0,0.0,0,20,338.0,2,0.0,0,0.0,0,0,0.0,0,37,521.0,0,0.0,1.9,00-0033932,5,338.0,67.6,4.6347933,16.046497,00-0033932,5,72.0,2.0,32,20,338,67.6,4,2,0,0,0.0,0,0,2,5,32,6.4,35.4,WR,DET,5.7
75,Michael Thomas ,,78.3,00-0032765,WR,2020,0.8875,27,0.7371428571428572,41.494762,0.102,47.0,10.1,0,0.0,0,1,1.0,0,40,438.0,0,0.0,--,--,--,--,--,--,--,--,--,--,2.05,00-0032765,9,511.0,56.77778,3.252759,18.758638,00-0032765,14,98.0,1.0,55,40,438,62.57142857142857,5,0,1,1,0.1428571428571428,0,0,0,7,55,7.9,31.8,WR,NO,10.8
78,Robbie Chosen,SF,81.5,00-0032688,WR,2020,1.0,27,0.781875,33.085957,0.081,,0.0,0,0.0,0,4,15.0,0,95,1096.0,3,1.0,0,0.0,0,3,36.0,0,53,519.0,5,0.0,5.231578947368421,00-0032688,16,1096.0,68.5,4.2112327,16.08314,00-0032688,16,76.0,1.0,137,95,1093,68.3125,16,3,4,15,0.9375,0,1,3,16,137,8.6,33.1,WR,CAR,25.9
79,JuJu Smith-Schuster,KC,83.3,00-0033857,WR,2020,0.9230769230769231,23,0.843125,54.64896,0.044000000000000004,62.0,8.3,0,0.0,0,0,0.0,0,97,831.0,9,1.0,0,0.0,0,3,9.0,1,15,129.0,0,0.0,4.216494845360825,00-0033857,17,988.0,58.117645,4.1138206,13.457066,00-0033857,24,270.0,7.0,129,97,831,51.9375,13,9,0,0,0.0,0,1,9,16,129,8.1,41.1,WR,PIT,19.6
82,Deebo Samuel Sr.,WAS,86.5,00-0035719,WR,2020,0.6875,24,0.6442857142857142,65.43905,0.01,36.0,11.8,0,0.0,0,8,26.0,0,33,391.0,1,0.0,1,24.0,1,59,365.0,8,77,1405.0,6,2.0,12.06060606060606,00-0035719,7,391.0,55.857143,4.044024,13.734136,00-0035719,2,40.0,1.0,44,33,391,55.85714285714285,8,1,8,26,3.7142857142857135,0,0,1,7,44,7.3,34.8,WR,SF,7.9
84,Antonio Brown ,,88.8,00-0027793,WR,2020,0.9937888198757764,32,0.6275,107.82267,0.017,195.0,1.0,0,0.0,0,2,-2.0,0,45,483.0,4,0.0,0,0.0,0,1,6.0,0,42,545.0,4,0.0,5.5777777777777775,00-0027793,11,564.0,51.272728,4.989871,10.192624,00-0027793,9,88.0,2.0,62,45,483,60.375,6,4,2,-2,-0.25,0,0,4,8,62,7.8,38.0,WR,TB,10.2
88,Tyler Boyd,,92.5,00-0033009,WR,2020,0.975,25,0.738,62.237595,0.057,55.0,9.1,1,16.0,0,5,49.0,0,79,841.0,4,0.0,1,46.0,0,2,22.0,0,67,828.0,5,0.0,4.430379746835443,00-0033009,15,841.0,56.066666,3.447225,14.48227,00-0033009,16,128.0,3.0,110,79,841,56.06666666666667,7,4,5,49,3.2666666666666666,0,0,4,15,110,7.3,35.4,WR,CIN,19.4
97,DJ Chark Jr.,ATL,99.5,00-0034777,WR,2020,0.9166666666666666,23,0.8353846153846155,68.86808,0.006,61.0,8.4,0,0.0,0,0,0.0,0,53,706.0,5,0.0,0,0.0,0,0,0.0,0,7,154.0,2,0.0,3.1132075471698113,00-0034777,13,706.0,54.307693,3.8892915,13.6851635,00-0034777,13,86.0,4.0,188,106,1412,108.6153846153846,20,10,0,0,0.0,0,0,10,13,94,7.2,37.1,WR,JAX,15.9
99,Brandin Cooks,NO,100.8,00-0031236,WR,2020,0.8703703703703703,26,0.876,109.18237,0.091,20.0,15.5,0,0.0,0,0,0.0,0,81,1150.0,6,0.0,0,0.0,0,2,21.0,0,90,1037.0,6,0.0,4.2592592592592595,00-0031236,15,1150.0,76.666664,5.3415384,13.860969,00-0031236,11,126.0,2.0,119,81,1143,76.2,20,6,0,0,0.0,0,0,6,15,119,7.9,33.1,WR,HOU,22.5
100,Laviska Shenault Jr.,BUF,101.5,00-0036268,WR,2020,0.875,21,0.6449999999999999,34.88489,0.01,42.0,10.8,0,0.0,0,18,91.0,0,58,600.0,5,0.0,0,0.0,0,11,41.0,0,63,619.0,0,1.0,5.137931034482759,00-0036268,14,600.0,42.857143,4.094771,10.559266,00-0036268,10,90.0,3.0,158,116,1200,85.71428571428571,10,10,36,182,13.0,0,0,10,14,79,5.6,37.1,WR,JAX,13.3
100,Laviska Shenault Jr.,BUF,101.5,00-0036268,WR,2020,0.875,21,0.6449999999999999,34.88489,0.01,42.0,10.8,0,0.0,0,18,91.0,0,58,600.0,5,0.0,0,0.0,0,11,41.0,0,63,619.0,0,1.0,5.137931034482759,00-0036268,14,600.0,42.857143,4.094771,10.559266,00-0036268,10,90.0,3.0,158,116,1200,85.71428571428571,10,10,36,182,13.0,0,0,10,14,79,5.6,37.1,WR,JAX,13.3
101,Corey Davis ,,102.3,00-0033871,WR,2020,0.9538461538461539,25,0.7721428571428571,93.51912,0.068,5.0,24.3,0,0.0,0,0,0.0,0,65,984.0,5,1.0,0,0.0,0,0,0.0,0,34,492.0,4,1.0,4.476923076923077,00-0033871,15,984.0,65.6,3.6186864,17.028566,00-0033871,8,118.0,4.0,92,65,984,70.28571428571429,14,5,0,0,0.0,0,1,5,14,92,6.6,29.4,WR,TEN,19.5
107,Jarvis Landry,,110.5,00-0031382,WR,2020,0.9912280701754386,27,0.708,41.385136,--,63.0,8.2,4,74.0,1,4,10.0,1,72,840.0,3,0.0,0,0.0,0,6,40.0,2,52,570.0,2,2.0,4.819444444444445,00-0031382,17,952.0,56.0,3.6875973,15.478993,00-0031382,21,128.0,4.0,101,72,840,56.0,11,3,4,12,0.8,1,0,5,15,101,6.7,29.2,WR,CLE,21.6
117,Michael Pittman Jr.,IND,118.0,00-0036252,WR,2020,0.8125,22,0.7776923076923078,24.822437,0.011000000000000001,34.0,12.1,0,0.0,0,3,26.0,0,40,503.0,1,0.0,0,0.0,0,5,44.0,0,88,1082.0,6,0.0,7.325,00-0036252,14,593.0,42.357143,4.0470695,10.6266,00-0036252,12,82.0,0.0,61,40,503,38.69230769230769,5,1,3,26,2.0,0,0,1,13,61,4.7,33.6,WR,IND,11.4
118,Marquez Callaway,LV,118.0,00-0036219,WR,2020,0.6875,22,0.3472727272727273,22.027,0.004,,0.0,0,0.0,0,0,0.0,0,21,213.0,0,0.0,0,0.0,0,0,0.0,0,46,698.0,6,0.0,2.761904761904762,00-0036219,7,213.0,30.428572,3.9339051,7.638255,00-0036219,4,32.0,0.0,27,21,213,35.5,1,0,0,0,0.0,0,0,0,6,27,4.5,31.8,WR,NO,5.3
119,Mike Williams,,120.5,00-0033536,WR,2020,0.96875,25,0.7046666666666667,69.13873,0.03,7.0,22.2,0,0.0,0,1,1.0,0,48,756.0,5,0.0,0,0.0,0,0,0.0,0,76,1146.0,9,0.0,3.375,00-0033536,14,756.0,54.0,4.036856,14.070212,00-0033536,11,40.0,1.0,85,48,756,54.0,13,5,1,1,0.0714285714285714,0,0,5,14,85,6.1,38.4,WR,LAC,13.8
123,Michael Gallup,WAS,127.8,00-0034764,WR,2020,0.9791666666666666,24,0.8724999999999999,68.64229,0.005,81.0,6.6,0,0.0,0,0,0.0,0,59,843.0,5,0.0,0,0.0,0,0,0.0,0,35,445.0,2,0.0,4.271186440677966,00-0034764,16,843.0,52.6875,4.007549,12.798363,00-0034764,14,76.0,3.0,105,59,843,52.6875,11,5,0,0,0.0,0,0,5,16,105,6.6,38.7,WR,DAL,17.0
126,Curtis Samuel,BUF,131.0,00-0033282,WR,2020,0.890625,24,0.6813333333333335,45.779713,0.063,40.0,11.1,0,0.0,0,41,200.0,2,77,851.0,3,0.0,0,0.0,0,4,11.0,0,6,27.0,0,0.0,4.1558441558441555,00-0033282,15,851.0,56.733334,4.2597237,13.726741,00-0033282,12,152.0,2.0,97,77,851,56.73333333333333,12,3,41,200,13.333333333333334,2,0,5,15,97,6.5,33.1,WR,CAR,18.3
128,Mecole Hardman Jr.,GB,133.0,00-0035140,WR,2020,1.0,22,0.460625,36.00496,0.006999999999999999,56.0,9.0,0,0.0,0,4,31.0,0,41,560.0,4,1.0,0,0.0,0,8,46.0,0,59,693.0,2,2.0,6.951219512195122,00-0035140,19,626.0,32.94737,4.859574,6.444309,00-0035140,7,40.0,3.0,63,41,560,35.0,7,4,4,31,1.9375,0,2,4,16,63,3.9,38.4,WR,KC,10.3
131,Darnell Mooney,ATL,135.3,00-0036309,WR,2020,1.0,22,0.731875,26.213957,0.005,173.0,1.8,0,0.0,0,4,20.0,0,61,631.0,4,0.0,0,0.0,0,6,32.0,1,81,1055.0,4,0.0,4.163934426229508,00-0036309,16,631.0,39.4375,3.7758493,10.571506,00-0036309,11,108.0,4.0,99,61,631,39.4375,6,4,4,20,1.25,0,0,4,16,99,6.2,37.4,WR,CHI,16.6
132,Henry Ruggs III ,,138.0,00-0036357,WR,2020,0.8125,21,0.6646153846153845,32.712307,0.021,12.0,18.8,0,0.0,0,9,49.0,0,26,452.0,2,2.0,0,0.0,0,3,16.0,0,24,469.0,2,0.0,5.576923076923077,00-0036357,13,452.0,34.76923,4.28072,7.967776,00-0036357,2,0.0,0.0,43,26,452,34.76923076923077,8,2,9,49,3.769230769230769,0,2,2,13,43,3.3,32.8,WR,LV,8.2
132,Henry Ruggs III ,,138.0,00-0036357,WR,2020,0.8125,21,0.6646153846153845,32.712307,0.021,12.0,18.8,0,0.0,0,9,49.0,0,26,452.0,2,2.0,0,0.0,0,3,16.0,0,24,469.0,2,0.0,5.576923076923077,00-0036357,13,452.0,34.76923,4.28072,7.967776,00-0036357,2,0.0,0.0,43,26,452,34.76923076923077,8,2,9,49,3.769230769230769,0,2,2,13,43,3.3,32.8,WR,LV,8.2
135,Marvin Jones Jr.,,142.0,00-0029293,WR,2020,0.8978102189781022,30,0.899375,98.36384,0.034,166.0,2.0,0,0.0,0,0,0.0,0,76,978.0,9,0.0,0,0.0,0,0,0.0,0,73,832.0,4,0.0,2.5789473684210527,00-0029293,16,978.0,61.125,4.4859014,12.85955,00-0029293,15,108.0,4.0,116,76,978,61.125,19,9,0,0,0.0,0,0,9,16,116,7.2,35.4,WR,DET,20.5
136,Marquise Brown,KC,143.0,00-0035662,WR,2020,0.9375,23,0.78125,38.0545,0.016,25.0,14.1,0,0.0,0,1,1.0,0,58,769.0,8,0.0,0,0.0,0,1,5.0,0,91,1008.0,6,1.0,4.724137931034483,00-0035662,18,965.0,53.61111,2.988779,18.035753,00-0035662,12,128.0,6.0,100,58,769,48.0625,13,8,1,1,0.0625,0,0,8,16,100,6.2,24.6,WR,BAL,25.4
139,Jakobi Meyers,LV,147.8,00-0034960,WR,2020,0.9696969696969697,23,0.7707142857142857,54.051334,0.003,,0.0,2,43.0,2,2,9.0,0,59,729.0,0,1.0,2,45.0,0,1,9.0,0,83,866.0,2,1.0,3.6610169491525424,00-0034960,12,729.0,60.75,3.3044488,20.371473,00-0034960,6,38.0,0.0,82,59,729,60.75,11,0,2,9,0.75,0,1,2,12,82,6.8,26.3,WR,NE,19.5
143,Cole Beasley,,153.0,00-0029000,WR,2020,0.9864864864864865,31,0.6593333333333332,56.760952,0.039,,0.0,1,20.0,1,0,0.0,0,82,967.0,4,0.0,0,0.0,0,0,0.0,0,82,693.0,1,0.0,4.329268292682927,00-0029000,18,1112.0,61.77778,4.6188574,13.547504,00-0029000,11,64.0,3.0,108,82,967,64.46666666666667,15,4,0,0,0.0,0,0,5,15,108,7.2,35.8,WR,BUF,18.8
150,Russell Gage Jr.,SF,158.8,00-0034411,WR,2020,1.0,24,0.68125,49.28716,0.004,194.0,1.1,1,39.0,1,2,9.0,0,72,786.0,4,0.0,0,0.0,0,0,0.0,0,66,770.0,4,2.0,3.9027777777777777,00-0034411,16,786.0,49.125,4.3120637,11.244858,00-0034411,17,194.0,4.0,109,72,786,49.125,6,4,2,9,0.5625,0,0,5,16,109,6.8,38.0,WR,ATL,17.9
154,DeVante Parker,,161.5,00-0031547,WR,2020,0.979381443298969,27,0.7807142857142857,39.901814,0.054000000000000006,14.0,17.8,0,0.0,0,0,0.0,0,63,793.0,4,0.0,0,0.0,0,0,0.0,0,40,515.0,2,0.0,2.746031746031746,00-0031547,14,793.0,56.642857,3.9319336,14.193411,00-0031547,15,28.0,3.0,104,63,793,56.642857142857146,10,4,0,0,0.0,0,0,4,14,104,7.4,34.5,WR,MIA,18.8
176,Nelson Agholor,,178.3,00-0031549,WR,2020,0.9484536082474226,27,0.681875,61.18667,0.06,20.0,15.5,0,0.0,0,0,0.0,0,48,896.0,8,0.0,0,0.0,0,3,11.0,0,37,473.0,3,0.0,4.791666666666667,00-0031549,16,896.0,56.0,4.2908673,11.982907,00-0031549,13,158.0,3.0,82,48,896,56.0,15,8,0,0,0.0,0,0,8,16,82,5.1,32.8,WR,LV,15.6
177,A.J. Green,,179.8,00-0027942,WR,2020,0.8909090909090909,32,0.769375,44.56396,0.033,4.0,25.8,0,0.0,0,0,0.0,0,47,523.0,2,0.0,0,0.0,0,0,0.0,0,54,848.0,3,0.0,1.8297872340425532,00-0027942,16,523.0,32.6875,3.5630236,8.972934,00-0027942,9,40.0,2.0,104,47,523,32.6875,3,2,0,0,0.0,0,0,2,16,104,6.5,35.4,WR,CIN,18.4
186,Jalen Reagor,LAC,172.0,00-0036387,WR,2020,0.6875,21,0.6727272727272727,9.394181,0.017,21.0,15.2,0,0.0,0,4,26.0,0,31,396.0,1,0.0,0,0.0,0,10,32.0,0,33,299.0,2,0.0,5.580645161290323,00-0036387,11,396.0,36.0,3.3262408,10.81152,00-0036387,8,28.0,1.0,55,31,396,36.0,4,1,4,26,2.363636363636364,0,0,1,11,55,5.0,35.4,WR,PHI,9.7
189,Sterling Shepard,TB,175.7,00-0032385,WR,2020,0.8875,27,0.7191666666666667,66.78083,0.054000000000000006,40.0,11.1,0,0.0,0,6,49.0,1,66,656.0,3,0.0,0,0.0,0,1,-9.0,0,36,366.0,1,0.0,3.090909090909091,00-0032385,12,656.0,54.666668,3.6159256,14.896403,00-0032385,13,66.0,3.0,92,66,656,54.66666666666666,10,3,6,49,4.083333333333333,1,0,4,12,92,7.7,31.5,WR,NYG,18.3
190,Randall Cobb,,177.7,00-0028002,WR,2020,0.9612903225806452,30,0.6060000000000001,26.027666,0.045,64.0,8.1,0,0.0,0,0,0.0,0,38,441.0,3,0.0,0,0.0,0,1,1.0,0,28,375.0,5,0.0,4.5,00-0028002,10,441.0,44.1,4.9727335,9.118992,00-0028002,9,18.0,2.0,50,38,441,44.1,6,3,0,0,0.0,0,0,3,10,50,5.0,33.1,WR,HOU,9.5
191,Marquez Valdes-Scantling,SEA,203.8,00-0034272,WR,2020,1.0,25,0.761875,76.78533,0.004,174.0,1.7,0,0.0,0,4,13.0,0,33,690.0,6,1.0,0,0.0,0,0,0.0,0,26,430.0,3,0.0,7.303030303030303,00-0034272,16,838.0,52.375,4.609518,10.931136,00-0034272,7,30.0,2.0,63,33,690,49.285714285714285,10,6,4,13,0.9285714285714286,0,1,6,14,63,4.5,31.3,WR,GB,12.6
195,Gabe Davis,,181.0,00-0036196,WR,2020,1.0,21,0.72625,40.583958,0.005,128.0,3.7,0,0.0,0,1,0.0,0,35,599.0,7,0.0,0,0.0,0,0,0.0,0,35,549.0,6,0.0,3.742857142857143,00-0036196,19,684.0,36.0,4.7161107,7.3359375,00-0036196,16,140.0,4.0,62,35,599,37.4375,10,7,1,0,0.0,0,0,7,16,62,3.9,35.8,WR,BUF,10.8
197,Emmanuel Sanders,,181.7,00-0027685,WR,2020,0.9672131147540983,33,0.6057142857142856,45.2622,0.033,82.0,6.5,0,0.0,0,1,12.0,0,61,726.0,5,0.0,0,0.0,0,2,31.0,0,42,626.0,4,0.0,2.7868852459016393,00-0027685,16,777.0,48.5625,3.7515292,12.400456,00-0027685,14,128.0,4.0,82,61,726,51.85714285714285,7,5,1,12,0.8571428571428571,0,0,5,14,82,5.9,31.8,WR,NO,16.1
207,T.Y. Hilton,,193.3,00-0029608,WR,2020,0.9594594594594594,30,0.6793333333333335,50.814095,0.044000000000000004,92.0,5.8,0,0.0,0,0,0.0,0,56,762.0,5,0.0,0,0.0,0,0,0.0,0,23,331.0,3,0.0,3.4642857142857144,00-0029608,16,794.0,49.625,4.189482,11.874329,00-0029608,11,90.0,3.0,94,56,762,50.8,11,5,0,0,0.0,0,0,5,15,94,6.3,33.6,WR,IND,17.5
212,Jamison Crowder,,197.3,00-0031941,WR,2020,0.9587628865979382,27,0.7891666666666666,85.00416,0.03,105.0,5.0,1,43.0,1,1,14.0,0,59,699.0,6,0.0,0,0.0,0,0,0.0,0,51,447.0,2,1.0,5.5423728813559325,00-0031941,12,699.0,58.25,3.600954,17.046953,00-0031941,10,128.0,4.0,89,59,699,58.25,9,6,1,14,1.1666666666666667,0,0,7,12,89,7.4,29.1,WR,NYJ,19.1
226,Tre'Quan Smith,,192.5,00-0034765,WR,2020,0.875,24,0.7114285714285714,35.830643,0.005,91.0,5.9,0,0.0,0,1,3.0,0,34,448.0,4,0.0,0,0.0,0,0,0.0,0,32,377.0,3,0.0,3.9705882352941178,00-0034765,14,533.0,38.07143,3.810321,10.012528,00-0034765,8,134.0,5.0,50,34,448,34.46153846153846,9,4,1,3,0.2307692307692307,0,0,4,13,50,3.8,31.8,WR,NO,9.8
231,Christian Kirk,HOU,203.0,00-0034775,WR,2020,0.8125,23,0.7714285714285715,55.57033,0.008,47.0,10.1,0,0.0,0,2,3.0,0,48,621.0,6,0.0,1,33.0,0,1,11.0,0,77,982.0,5,0.0,3.6458333333333335,00-0034775,14,621.0,44.357143,3.7977574,11.478675,00-0034775,14,84.0,4.0,79,48,621,44.35714285714285,7,6,2,3,0.2142857142857142,0,0,6,14,79,5.6,34.2,WR,ARI,14.4
243,Allen Lazard,NYJ,225.5,00-0034521,WR,2020,0.8235294117647058,24,0.727,56.723995,0.005,,0.0,0,0.0,0,2,17.0,0,33,451.0,3,0.0,0,0.0,0,3,32.0,0,40,513.0,8,0.0,5.909090909090909,00-0034521,12,609.0,50.75,4.403526,12.089012,00-0034521,10,90.0,3.0,46,33,451,45.1,6,3,2,17,1.7,0,0,3,10,46,4.6,31.3,WR,GB,9.2
264,Sammy Watkins,,249.5,00-0031325,WR,2020,0.8771929824561403,27,0.735,32.862667,0.027000000000000003,4.0,25.8,0,0.0,0,1,3.0,0,37,421.0,2,2.0,0,0.0,0,0,0.0,0,27,394.0,1,1.0,4.243243243243243,00-0031325,11,434.0,39.454544,4.6859674,9.363072,00-0031325,9,72.0,2.0,55,37,421,42.1,4,2,1,3,0.3,0,1,2,10,55,5.5,38.4,WR,KC,9.0
283,Darius Slayton,NYG,248.0,00-0035535,WR,2020,1.0,23,0.87125,54.61717,0.004,171.0,1.9,0,0.0,0,2,-1.0,0,50,751.0,3,1.0,0,0.0,0,1,-13.0,0,26,339.0,2,1.0,3.18,00-0035535,16,751.0,46.9375,3.5030658,13.068532,00-0035535,10,52.0,1.0,96,50,751,46.9375,10,3,2,-1,-0.0625,0,1,3,16,96,6.0,31.5,WR,NYG,19.0
304,Breshad Perriman,,262.0,00-0032054,WR,2020,0.8117647058823529,26,0.9083333333333332,52.469925,0.013999999999999999,26.0,13.9,0,0.0,0,1,6.0,0,30,505.0,3,0.0,0,0.0,0,1,-3.0,0,11,167.0,1,0.0,5.333333333333333,00-0032054,12,505.0,42.083332,3.5143287,11.543769,00-0032054,6,30.0,1.0,60,30,505,42.083333333333336,10,3,1,6,0.5,0,0,3,12,60,5.0,29.1,WR,NYJ,12.9
325,Denzel Mims,,274.0,00-0036255,WR,2020,0.5625,22,0.8288888888888889,13.765278,0.006999999999999999,59.0,8.6,0,0.0,0,0,0.0,0,23,357.0,0,0.0,0,0.0,0,0,0.0,0,8,133.0,0,0.0,4.608695652173913,00-0036255,9,357.0,39.666668,3.578433,11.624851,00-0036255,5,34.0,0.0,45,23,357,39.66666666666666,6,0,0,0,0.0,0,0,0,9,45,5.0,29.1,WR,NYJ,9.7
333,DeSean Jackson,,280.0,00-0026189,WR,2020,0.8247422680412371,33,0.474,22.823002,0.025,49.0,9.8,0,0.0,0,1,12.0,0,14,236.0,1,0.0,0,0.0,0,1,4.0,0,20,454.0,2,1.0,4.642857142857143,00-0026189,5,236.0,47.2,3.9675965,11.572219,00-0026189,2,0.0,0.0,26,14,236,47.2,3,1,1,12,2.4,0,0,1,5,26,5.2,35.4,WR,PHI,4.6
336,Demarcus Robinson,SF,281.0,00-0032775,WR,2020,1.0,25,0.6481250000000001,22.243523,0.006,126.0,3.8,0,0.0,0,0,0.0,0,45,466.0,3,1.0,0,0.0,0,0,0.0,0,25,264.0,3,0.0,3.8444444444444446,00-0032775,17,491.0,28.882353,4.845692,6.45607,00-0032775,8,28.0,1.0,59,45,466,31.066666666666663,7,3,0,0,0.0,0,1,3,15,59,3.9,38.4,WR,KC,9.6
337,Keke Coutee,,282.0,00-0034366,WR,2020,0.7916666666666666,23,0.585,40.085,0.001,103.0,5.1,0,0.0,0,0,0.0,0,33,400.0,3,2.0,0,0.0,0,0,0.0,0,1,5.0,0,0.0,4.484848484848484,00-0034366,8,400.0,50.0,5.615688,8.929321,00-0034366,12,98.0,3.0,41,33,400,50.0,3,3,0,0,0.0,0,3,3,8,41,5.1,33.1,WR,HOU,7.8
339,Scotty Miller,PIT,286.0,00-0035298,WR,2020,0.875,23,0.40625,52.547966,0.004,208.0,0.6,0,0.0,0,3,14.0,0,33,501.0,3,0.0,0,0.0,0,2,43.0,1,5,38.0,0,0.0,3.303030303030303,00-0035298,18,581.0,32.27778,4.788689,7.0495257,00-0035298,5,90.0,1.0,53,33,501,35.785714285714285,7,3,3,14,1.0,0,0,3,14,53,3.8,38.0,WR,TB,8.7
342,Hunter Renfrow,CAR,291.0,00-0034983,WR,2020,0.90625,24,0.5118750000000001,20.838,0.004,149.0,2.7,0,0.0,0,0,0.0,0,56,656.0,2,1.0,0,0.0,0,3,3.0,0,103,1038.0,9,1.0,6.035714285714286,00-0034983,16,656.0,41.0,4.2908673,10.16161,00-0034983,8,70.0,2.0,77,56,656,41.0,7,2,0,0,0.0,0,1,2,16,77,4.8,32.8,WR,LV,14.7
353,Olamide Zaccheaus,CHI,305.0,00-0035208,WR,2020,0.78125,23,0.4018181818181819,56.765,0.003,,0.0,0,0.0,0,1,0.0,0,20,274.0,1,0.0,0,0.0,0,1,2.0,0,31,406.0,3,0.0,3.15,00-0035208,9,274.0,30.444445,3.9693015,7.630273,00-0035208,2,0.0,0.0,32,20,274,30.444444444444443,2,1,1,0,0.0,0,0,1,9,32,4.0,38.0,WR,ATL,5.3
354,Travis Fulgham,,307.0,00-0035592,WR,2020,1.0,24,0.6192307692307691,94.37174,0.001,184.0,1.4,0,0.0,0,0,0.0,0,38,539.0,4,0.0,--,--,--,--,--,--,--,--,--,--,2.6315789473684212,00-0035592,12,539.0,44.916668,3.5361297,12.81604,00-0035592,10,62.0,3.0,67,38,539,44.91666666666666,5,4,0,0,0.0,0,0,4,12,67,5.6,35.4,WR,PHI,11.8
355,Adam Humphries,,311.0,00-0032009,WR,2020,0.8631578947368421,27,0.4642857142857143,50.50952,0.006999999999999999,,0.0,0,0.0,0,0,0.0,0,23,228.0,2,0.0,0,0.0,0,0,0.0,0,41,383.0,0,0.0,1.9565217391304348,00-0032009,7,228.0,32.57143,4.3524833,7.741683,00-0032009,6,84.0,1.0,35,23,228,32.57142857142857,2,2,0,0,0.0,0,0,2,7,35,5.0,29.4,WR,TEN,7.4
357,Quintez Cephus,HU,313.0,00-0036277,WR,2020,0.8125,22,0.4269230769230769,18.651636,0.005,166.0,2.0,0,0.0,0,0,0.0,0,20,349.0,2,0.0,0,0.0,0,0,0.0,0,15,204.0,2,0.0,4.25,00-0036277,11,349.0,31.727272,4.4182234,6.929245,00-0036277,5,40.0,1.0,36,20,349,31.727272727272727,7,2,0,0,0.0,0,0,2,11,36,3.3,35.4,WR,DET,6.4
359,Anthony Miller,BAL,315.0,00-0034353,WR,2020,1.0,25,0.5425,24.936625,0.001,51.0,9.6,0,0.0,0,2,12.0,0,49,485.0,2,1.0,0,0.0,0,0,0.0,0,6,25.0,1,0.0,3.020408163265306,00-0034353,17,507.0,29.82353,3.7926362,7.75191,00-0034353,10,12.0,0.0,76,49,485,30.3125,4,2,2,12,0.75,0,1,2,16,76,4.8,37.4,WR,CHI,12.7
360,Tim Patrick,DET,317.0,00-0033375,WR,2020,0.8163265306122449,26,0.7526666666666667,41.074093,0.055,,0.0,0,0.0,0,0,0.0,0,51,742.0,6,0.0,0,0.0,0,0,0.0,0,53,734.0,5,0.0,4.666666666666667,00-0033375,15,742.0,49.466667,3.4782517,13.457973,00-0033375,11,110.0,6.0,80,51,742,49.46666666666667,14,6,0,0,0.0,0,0,6,15,80,5.3,33.6,WR,DEN,14.9
363,David Moore,CAR,321.0,00-0033589,WR,2020,1.0,25,0.453125,35.847336,0.026000000000000002,226.0,0.0,0,0.0,0,8,61.0,0,35,417.0,6,0.0,0,0.0,0,0,0.0,0,0,0.0,0,0.0,4.828571428571428,00-0033589,17,418.0,24.588236,4.1380596,5.16067,00-0033589,13,116.0,4.0,47,35,417,26.0625,5,6,8,61,3.8125,0,0,6,16,47,2.9,33.7,WR,SEA,8.7
364,KJ Hamler,BUF,322.0,00-0036412,WR,2020,0.8235294117647058,21,0.6076923076923078,42.52629,0.009000000000000001,46.0,10.2,0,0.0,0,9,40.0,0,30,381.0,3,0.0,0,0.0,0,0,0.0,0,5,74.0,0,0.0,4.133333333333334,00-0036412,12,381.0,31.75,3.4233913,7.906343,00-0036412,4,4.0,1.0,56,30,381,31.75,5,3,9,40,3.333333333333333,0,0,3,12,56,5.6,33.6,WR,DEN,10.4
365,Josh Reynolds,NYJ,323.0,00-0033943,WR,2020,1.0,25,0.718125,21.963291,0.01,117.0,4.3,0,0.0,0,1,5.0,0,52,618.0,2,0.0,0,0.0,0,0,0.0,0,29,396.0,2,0.0,4.326923076923077,00-0033943,17,683.0,40.17647,3.8601909,10.484074,00-0033943,6,66.0,1.0,81,52,618,38.625,8,2,1,5,0.3125,0,0,2,16,81,5.1,35.2,WR,LA,14.4
367,John Brown,,325.0,00-0031051,WR,2020,0.9298245614035088,30,0.77,64.80528,0.021,91.0,5.9,0,0.0,0,0,0.0,0,33,458.0,3,0.0,0,0.0,0,0,0.0,0,0,0.0,0,0.0,5.363636363636363,00-0031051,12,544.0,45.333332,4.856749,9.003329,00-0031051,11,116.0,1.0,52,33,458,50.888888888888886,7,3,0,0,0.0,0,0,3,9,52,5.8,35.8,WR,BUF,9.1
369,Deonte Harty,,327.0,00-0035215,WR,2020,0.71875,22,0.2855555555555555,13.521944,0.003,,0.0,0,0.0,0,6,51.0,0,20,186.0,1,0.0,0,0.0,0,5,41.0,0,36,570.0,3,0.0,6.35,00-0035215,11,268.0,24.363636,3.9033625,6.4565444,00-0035215,3,28.0,1.0,25,20,186,20.666666666666668,1,1,6,51,5.666666666666667,0,1,1,9,25,2.8,31.8,WR,NO,4.9
374,Rashard Higgins,,332.0,00-0032977,WR,2020,0.9113924050632911,25,0.5953846153846155,41.767498,0.013000000000000001,172.0,1.8,0,0.0,0,0,0.0,0,37,599.0,4,0.0,0,0.0,0,0,0.0,0,24,275.0,1,0.0,2.108108108108108,00-0032977,14,715.0,51.07143,3.812614,13.107619,00-0032977,9,126.0,3.0,52,37,599,49.91666666666666,12,4,0,0,0.0,0,0,4,12,52,4.3,29.2,WR,CLE,11.1
381,Zach Pascal,NYG,343.0,00-0033251,WR,2020,1.0,25,0.77125,35.342625,0.019,,0.0,0,0.0,0,0,0.0,0,44,629.0,5,0.0,0,0.0,0,2,21.0,0,38,384.0,3,1.0,5.295454545454546,00-0033251,17,666.0,39.17647,4.154994,10.008299,00-0033251,16,136.0,5.0,72,44,629,39.3125,13,5,0,0,0.0,0,0,5,16,72,4.5,33.6,WR,IND,13.4
382,Van Jefferson,TEN,344.0,00-0036415,WR,2020,1.0,24,0.223125,11.424102,0.006999999999999999,57.0,8.9,0,0.0,0,1,-1.0,0,19,220.0,1,0.0,0,0.0,0,2,20.0,0,50,802.0,6,0.0,2.4210526315789473,00-0036415,14,266.0,19.0,3.9463727,5.026951,00-0036415,4,22.0,2.0,31,19,220,16.923076923076923,2,1,1,-1,-0.0769230769230769,0,0,1,13,31,2.4,35.2,WR,LA,5.5
388,Chris Conley,,350.0,00-0032128,WR,2020,0.8762886597938144,27,0.4546666666666666,18.002474,0.008,76.0,7.0,0,0.0,0,0,0.0,0,40,471.0,2,1.0,0,0.0,0,1,3.0,0,22,323.0,2,1.0,4.5,00-0032128,14,471.0,33.642857,3.937833,8.578255,00-0032128,6,24.0,1.0,63,40,471,33.642857142857146,5,2,0,0,0.0,0,1,2,14,63,4.5,37.1,WR,JAX,10.6
392,Kendrick Bourne,NE,354.0,00-0033307,WR,2020,0.984375,25,0.658,23.286953,0.027000000000000003,,0.0,0,0.0,0,0,0.0,0,49,667.0,2,0.0,1,25.0,1,12,125.0,0,55,800.0,5,1.0,4.469387755102041,00-0033307,15,667.0,44.466667,4.0749598,10.985552,00-0033307,12,134.0,1.0,75,49,667,44.46666666666667,7,2,0,0,0.0,0,0,2,15,75,5.0,34.8,WR,SF,13.5
394,Keelan Cole Sr.,,356.0,00-0033681,WR,2020,1.0,27,0.755625,49.7145,0.03,,0.0,0,0.0,0,1,2.0,0,55,642.0,5,0.0,0,0.0,0,0,0.0,0,28,449.0,1,0.0,3.1636363636363636,00-0033681,16,642.0,40.125,3.9246073,10.377034,00-0033681,11,74.0,4.0,178,110,1284,80.25,16,10,1,2,0.125,0,0,10,16,89,5.6,37.1,WR,JAX,15.0
403,James Washington,,366.0,00-0034676,WR,2020,0.9795918367346939,24,0.4443749999999999,30.850664,0.006,60.0,8.5,0,0.0,0,0,0.0,0,30,392.0,5,0.0,0,0.0,0,2,13.0,0,24,285.0,2,0.0,4.633333333333334,00-0034676,17,464.0,27.294117,4.1138206,6.7767224,00-0034676,8,106.0,3.0,56,30,392,24.5,5,5,0,0,0.0,0,0,5,16,56,3.5,41.1,WR,PIT,8.5
410,Preston Williams,,374.0,00-0035350,WR,2020,0.5,23,0.6725,36.254288,--,,0.0,0,0.0,0,0,0.0,0,18,288.0,4,0.0,0,0.0,0,1,7.0,0,6,71.0,0,0.0,2.3333333333333335,00-0035350,8,288.0,36.0,3.9047651,8.476351,00-0035350,8,30.0,3.0,37,18,288,36.0,6,4,0,0,0.0,0,0,4,8,37,4.6,34.5,WR,MIA,6.7
411,Jalen Guyton,,375.0,00-0035414,WR,2020,0.9047619047619048,23,0.7875000000000001,24.514292,0.003,,0.0,0,0.0,0,2,0.0,0,28,511.0,3,0.0,0,0.0,0,7,34.0,0,31,448.0,3,0.0,6.392857142857143,00-0035414,16,511.0,31.9375,4.1160555,7.441963,00-0035414,7,60.0,1.0,55,28,511,31.9375,7,3,2,0,0.0,0,0,3,16,55,3.4,38.4,WR,LAC,9.0
412,Cam Sims,,376.0,00-0034104,WR,2020,0.5853658536585366,24,0.575,17.110546,0.012,,0.0,0,0.0,0,1,5.0,0,32,477.0,1,0.0,0,0.0,0,1,7.0,0,15,211.0,2,0.0,7.78125,00-0034104,12,581.0,48.416668,3.98403,11.4586935,00-0034104,5,34.0,0.0,48,32,477,43.36363636363637,9,1,1,5,0.4545454545454545,0,0,1,11,48,4.4,36.0,WR,WAS,8.3
415,Damiere Byrd,,379.0,00-0031868,WR,2020,0.7464788732394366,27,0.890625,41.72533,0.006,,0.0,0,0.0,0,2,15.0,0,47,604.0,1,0.0,0,0.0,0,0,0.0,0,26,329.0,1,0.0,3.6595744680851063,00-0031868,14,604.0,43.142857,3.2614062,13.139559,00-0031868,2,16.0,0.0,77,47,604,43.142857142857146,10,1,2,15,1.0714285714285714,0,0,1,14,77,5.5,26.3,WR,NE,18.3
440,Greg Ward,,405.0,00-0033733,WR,2020,1.0,25,0.698125,36.63096,0.005,,0.0,1,15.0,0,2,-4.0,0,53,419.0,6,0.0,1,2.0,0,0,0.0,0,7,95.0,3,0.0,3.0943396226415096,00-0033733,16,419.0,26.1875,3.4518986,7.8984632,00-0033733,8,84.0,4.0,80,53,419,26.1875,3,6,2,-4,-0.25,0,0,6,16,80,5.0,35.4,WR,PHI,14.1
454,Andy Isabella,,419.0,00-0035527,WR,2020,0.90625,23,0.3384615384615384,31.777637,0.006,62.0,8.3,0,0.0,0,1,-6.0,0,21,224.0,2,0.0,0,0.0,0,0,0.0,0,1,13.0,0,0.0,3.9047619047619047,00-0035527,11,224.0,20.363636,3.7942436,5.428886,00-0035527,3,34.0,2.0,35,21,224,20.363636363636363,3,2,1,-6,-0.5454545454545454,0,0,2,11,35,3.2,34.2,WR,ARI,6.4
463,Devin Duvernay,CHI,428.0,00-0036331,WR,2020,1.0,22,0.3424999999999999,8.139175,0.006,92.0,5.8,0,0.0,0,4,70.0,0,20,201.0,0,0.0,0,0.0,0,7,50.0,0,33,272.0,2,0.0,5.9,00-0036331,14,201.0,14.357142,2.9076867,4.8141837,00-0036331,2,14.0,0.0,26,20,201,14.357142857142858,1,0,4,70,5.0,0,0,0,14,26,2.0,24.6,WR,BAL,6.6
477,Chad Beebe,,442.0,00-0034309,WR,2020,0.675,26,0.3185714285714285,35.39211,--,,0.0,0,0.0,0,0,0.0,0,20,201.0,2,0.0,--,--,--,--,--,--,--,--,--,--,3.65,00-0034309,10,201.0,20.1,4.1750784,4.6076465,00-0034309,4,42.0,1.0,30,20,201,20.1,1,2,0,0,0.0,0,1,2,10,30,3.0,30.8,WR,MIN,6.1
492,Willie Snead,IV,457.0,00-0030663,WR,2020,0.9381443298969072,27,0.6353846153846153,48.521027,0.006,,0.0,0,0.0,0,0,0.0,0,33,432.0,3,0.0,0,0.0,0,0,0.0,0,4,38.0,0,0.0,5.666666666666667,00-0030663,15,466.0,31.066668,3.194274,9.80098,00-0030663,8,136.0,3.0,48,33,432,33.23076923076923,7,3,0,0,0.0,0,0,3,13,48,3.7,24.6,WR,BAL,12.2
5,Cooper Kupp,SEA,4.5,00-0033908,WR,2021,0.9259259259259259,28,0.9411764705882352,55.776394,0.128,69.0,7.6,0,0.0,0,4,18.0,0,145,1947.0,16,0.0,0,0.0,0,9,52.0,1,75,812.0,6,1.0,5.834482758620689,00-0033908,21,2425.0,115.47619,4.7267313,25.153725,00-0033908,49,542.0,18.0,192,145,1947,114.52941176470588,30,16,4,18,1.0588235294117647,0,0,16,17,192,11.3,35.6,WR,LA,31.7
6,Justin Jefferson,MIN,6.5,00-0036322,WR,2021,1.0,22,0.8917647058823529,68.13988,0.017,22.0,14.9,2,35.0,0,6,14.0,0,108,1616.0,10,1.0,2,34.0,0,4,24.0,1,128,1809.0,8,0.0,4.537037037037037,00-0036322,17,1616.0,95.05882,4.1236224,23.065916,00-0036322,25,202.0,7.0,170,108,1616,95.05882352941175,27,10,6,14,0.8235294117647058,0,1,10,17,170,10.0,34.2,WR,MIN,29.3
9,Ja'Marr Chase,CIN,9.0,00-0036900,WR,2021,1.0,21,0.8452941176470589,167.97028,0.042,5.0,24.3,0,0.0,0,7,21.0,0,81,1455.0,13,1.0,0,0.0,0,5,8.0,0,87,1046.0,9,2.0,8.037037037037036,00-0036900,21,1823.0,86.809525,4.5991197,17.893051,00-0036900,18,178.0,7.0,128,81,1455,85.58823529411765,22,13,7,21,1.2352941176470589,0,1,13,17,128,7.5,31.9,WR,CIN,23.6
11,Davante Adams,LAR,11.5,00-0031381,WR,2021,0.9465648854961832,28,0.849375,93.78829,0.134,53.0,9.3,0,0.0,0,0,0.0,0,123,1553.0,11,0.0,0,0.0,0,3,-1.0,0,100,1516.0,14,0.0,4.8861788617886175,00-0031381,17,1643.0,96.64706,4.4501495,21.722034,00-0031381,29,230.0,10.0,169,123,1553,97.0625,19,11,0,0,0.0,0,0,11,16,169,10.6,33.6,WR,GB,29.5
12,Stefon Diggs,NE,12.0,00-0031588,WR,2021,1.0,27,0.8147058823529413,32.66059,0.115,146.0,2.9,0,0.0,0,0,0.0,0,103,1225.0,10,0.0,0,0.0,0,1,-3.0,0,108,1429.0,11,0.0,3.1650485436893203,00-0031588,19,1292.0,68.0,4.1831183,17.18398,00-0031588,36,292.0,10.0,164,103,1225,72.05882352941177,12,10,0,0,0.0,0,0,10,17,164,9.6,36.9,WR,BUF,26.2
16,CeeDee Lamb,DAL,16.0,00-0036358,WR,2021,0.9696969696969697,22,0.7675000000000001,86.08933,0.018000000000000002,17.0,16.6,0,0.0,0,9,76.0,0,79,1102.0,6,0.0,0,0.0,0,10,47.0,0,107,1359.0,9,0.0,5.582278481012659,00-0036358,17,1123.0,66.05882,4.2279463,15.301842,00-0036358,13,106.0,3.0,121,79,1102,68.875,20,6,9,76,4.75,0,0,6,16,121,7.6,37.8,WR,DAL,18.8
20,Tyreek Hill,MIA,22.0,00-0033040,WR,2021,0.9690721649484536,27,0.7364705882352941,174.99257,0.14400000000000002,165.0,2.1,0,0.0,0,9,96.0,0,111,1239.0,9,1.0,0,0.0,0,7,32.0,1,119,1710.0,7,0.0,4.0,00-0033040,20,1524.0,76.2,4.574422,16.523483,00-0033040,32,256.0,8.0,159,111,1239,72.88235294117646,13,9,9,96,5.647058823529412,0,1,9,17,159,9.4,37.6,WR,KC,24.9
24,Mike Evans,TB,23.5,00-0031408,WR,2021,0.9618320610687023,28,0.825,82.208626,0.09300000000000001,7.0,22.2,0,0.0,0,1,10.0,0,74,1035.0,14,0.0,0,0.0,0,0,0.0,0,77,1124.0,6,0.0,3.22972972972973,00-0031408,18,1271.0,70.611115,4.82122,14.886295,00-0031408,25,236.0,10.0,114,74,1035,64.6875,20,14,1,10,0.625,0,0,14,16,114,7.1,42.2,WR,TB,15.9
25,Deebo Samuel Sr.,WAS,23.5,00-0035719,WR,2021,0.7755102040816326,25,0.8043750000000001,60.22893,0.115,36.0,11.8,1,24.0,1,59,365.0,8,77,1405.0,6,2.0,0,0.0,0,42,232.0,3,56,632.0,2,2.0,10.12987012987013,00-0035719,19,1559.0,82.052635,4.1330934,19.361528,00-0035719,10,88.0,2.0,121,77,1397,87.3125,23,6,59,365,22.8125,8,2,15,16,121,7.6,29.4,WR,SF,24.2
29,Michael Pittman Jr.,IND,30.0,00-0036252,WR,2021,0.9090909090909091,23,0.8752941176470589,55.78617,0.011000000000000001,34.0,12.1,0,0.0,0,5,44.0,0,88,1082.0,6,0.0,0,0.0,0,3,30.0,0,99,925.0,4,1.0,3.9545454545454546,00-0036252,17,1082.0,63.64706,3.4264455,19.250797,00-0036252,18,136.0,4.0,130,88,1082,63.64705882352941,12,6,5,44,2.588235294117647,0,0,6,17,130,7.6,29.8,WR,IND,25.7
30,A.J. Brown,PHI,30.0,00-0035676,WR,2021,0.88,24,0.6961538461538463,108.69641,0.12,51.0,9.6,0,0.0,0,2,10.0,0,63,869.0,5,0.0,0,0.0,0,0,0.0,0,88,1496.0,11,2.0,3.7301587301587302,00-0035676,14,1011.0,72.21429,3.678023,19.156143,00-0035676,12,132.0,3.0,105,63,869,66.84615384615384,10,5,2,10,0.7692307692307693,0,0,5,13,105,8.1,30.8,WR,TEN,20.1
31,Keenan Allen,LAC,30.5,00-0030279,WR,2021,0.8129496402877698,29,0.8675,21.311832,0.10099999999999999,76.0,7.0,0,0.0,0,0,0.0,0,106,1138.0,6,0.0,0,0.0,0,1,8.0,0,66,752.0,4,1.0,3.2169811320754715,00-0030279,16,1138.0,71.125,4.505159,16.138186,00-0030279,26,226.0,6.0,158,106,1138,71.125,12,6,0,0,0.0,0,0,6,16,158,9.9,39.2,WR,LAC,23.7
32,Tee Higgins,CIN,32.0,00-0036410,WR,2021,0.9090909090909091,22,0.7585714285714286,110.215004,0.011000000000000001,33.0,12.3,0,0.0,0,0,0.0,0,74,1091.0,6,1.0,0,0.0,0,0,0.0,0,74,1029.0,7,0.0,3.8513513513513513,00-0036410,18,1400.0,77.77778,4.6238112,16.96081,00-0036410,19,136.0,5.0,111,74,1091,77.92857142857143,17,6,0,0,0.0,0,1,6,14,111,7.9,31.9,WR,CIN,20.4
36,DJ Moore,CHI,38.0,00-0034827,WR,2021,0.9692307692307692,24,0.866470588235294,42.014706,0.099,24.0,14.4,0,0.0,0,8,48.0,0,93,1157.0,4,1.0,0,0.0,0,10,53.0,0,63,888.0,7,0.0,4.537634408602151,00-0034827,17,1157.0,68.05882,3.271752,20.950695,00-0034827,15,98.0,4.0,164,93,1157,68.05882352941177,16,4,8,48,2.823529411764706,0,1,4,17,164,9.6,34.0,WR,CAR,28.4
39,Mike Williams,,40.5,00-0033536,WR,2021,0.9629629629629629,26,0.789375,112.28517,0.096,7.0,22.2,0,0.0,0,0,0.0,0,76,1146.0,9,0.0,0,0.0,0,0,0.0,0,63,895.0,4,0.0,5.4605263157894735,00-0033536,16,1146.0,71.625,4.407916,15.537101,00-0033536,24,166.0,5.0,130,76,1146,71.625,17,9,0,0,0.0,0,0,9,16,130,8.1,39.2,WR,LAC,19.5
41,Terry McLaurin,WAS,41.0,00-0035659,WR,2021,0.9387755102040817,25,0.8988235294117648,72.66882,0.111,76.0,7.0,0,0.0,0,1,12.0,0,77,1053.0,5,0.0,0,0.0,0,7,29.0,0,77,1191.0,5,0.0,3.987012987012987,00-0035659,17,1053.0,61.941177,3.5081792,17.927973,00-0035659,9,106.0,3.0,130,77,1053,61.94117647058823,15,5,1,12,0.7058823529411765,0,0,5,17,130,7.6,31.6,WR,WAS,24.2
45,Courtland Sutton,DEN,44.0,00-0034348,WR,2021,0.7575757575757576,25,0.8511764705882353,62.67034,0.08199999999999999,40.0,11.1,1,16.0,0,0,0.0,0,58,776.0,2,0.0,0,0.0,0,1,5.0,0,64,829.0,2,0.0,2.3275862068965516,00-0034348,17,776.0,45.64706,3.7470627,11.08279,00-0034348,14,108.0,1.0,100,58,776,45.64705882352941,9,2,0,0,0.0,0,0,2,17,100,5.9,30.6,WR,DEN,19.2
48,Diontae Johnson,CLE,48.5,00-0035216,WR,2021,0.96,25,0.9075,27.772,0.08800000000000001,66.0,7.9,0,0.0,0,5,53.0,0,107,1161.0,8,2.0,0,0.0,0,7,25.0,0,86,882.0,0,0.0,4.925233644859813,00-0035216,17,1195.0,70.29412,3.6497748,19.105516,00-0035216,28,212.0,6.0,173,107,1161,72.5625,14,8,5,53,3.3125,0,2,8,16,173,10.8,38.7,WR,PIT,26.3
49,Jaylen Waddle,MIA,49.0,00-0036613,WR,2021,0.9411764705882353,22,0.834375,57.809166,0.037000000000000005,6.0,23.2,0,0.0,0,2,3.0,1,104,1015.0,6,0.0,0,0.0,0,3,26.0,0,75,1356.0,8,1.0,4.221153846153846,00-0036613,16,1015.0,63.4375,3.727926,17.87972,00-0036613,15,102.0,6.0,140,104,1015,63.4375,8,6,2,3,0.1875,1,1,7,16,140,8.8,35.4,WR,MIA,23.3
51,Allen Robinson II ,,50.5,00-0031428,WR,2021,0.752,28,0.8058333333333333,6.948182,0.07400000000000001,61.0,8.4,0,0.0,0,0,0.0,0,38,410.0,1,0.0,0,0.0,0,0,0.0,0,33,339.0,3,0.0,2.4210526315789473,00-0031428,12,410.0,34.166668,3.054713,11.580422,00-0031428,7,60.0,1.0,67,38,410,34.166666666666664,5,1,0,0,0.0,0,0,1,12,67,5.6,31.1,WR,CHI,12.7
52,DK Metcalf,PIT,52.5,00-0035640,WR,2021,1.0,23,0.8352941176470589,59.0797,0.115,64.0,8.1,0,0.0,0,1,6.0,0,75,967.0,12,0.0,0,0.0,0,0,0.0,0,90,1048.0,6,2.0,4.373333333333333,00-0035640,17,967.0,56.882355,4.070421,14.730759,00-0035640,20,250.0,9.0,129,75,967,56.88235294117647,11,12,1,6,0.3529411764705882,0,0,12,17,129,7.6,28.0,WR,SEA,27.1
57,Jerry Jeudy,CLE,56.5,00-0036407,WR,2021,0.7941176470588235,22,0.656,17.88889,0.019,15.0,17.4,0,0.0,0,2,3.0,0,38,467.0,0,0.0,0,0.0,0,4,40.0,0,67,972.0,6,0.0,4.684210526315789,00-0036407,10,467.0,46.7,3.4478602,13.189084,00-0036407,3,24.0,0.0,56,38,467,46.7,7,0,2,3,0.3,0,0,0,10,56,5.6,30.6,WR,DEN,10.8
61,Brandin Cooks,NO,63.5,00-0031236,WR,2021,0.88,27,0.8325,54.935837,0.095,20.0,15.5,0,0.0,0,2,21.0,0,90,1037.0,6,0.0,0,0.0,0,2,7.0,0,57,699.0,3,0.0,3.8222222222222224,00-0031236,16,1037.0,64.8125,3.530071,19.074274,00-0031236,10,110.0,2.0,134,90,1035,64.6875,12,6,2,21,1.3125,0,0,6,16,134,8.4,30.8,WR,HOU,25.6
63,Amon-Ra St. Brown,DET,65.0,00-0036963,WR,2021,1.0,21,0.748235294117647,100.143295,0.006,112.0,4.6,0,0.0,0,7,61.0,1,90,912.0,5,0.0,0,0.0,0,9,95.0,0,106,1161.0,6,0.0,4.711111111111111,00-0036963,16,912.0,57.0,3.6164,16.390572,00-0036963,17,164.0,4.0,121,90,912,57.0,11,5,7,61,3.8125,1,0,6,16,121,7.6,33.6,WR,DET,21.2
65,Gabe Davis,,66.5,00-0036196,WR,2021,0.9696969696969697,22,0.495625,45.912094,0.005,128.0,3.7,0,0.0,0,0,0.0,0,35,549.0,6,0.0,0,0.0,0,0,0.0,0,48,836.0,7,1.0,3.7714285714285714,00-0036196,17,791.0,46.52941,4.2558184,11.3435755,00-0036196,21,260.0,9.0,63,35,549,36.6,13,6,0,0,0.0,0,0,6,15,63,4.2,36.9,WR,BUF,10.0
66,Marquise Brown,KC,68.0,00-0035662,WR,2021,0.9387755102040817,24,0.7949999999999999,60.974625,0.016,25.0,14.1,0,0.0,0,1,5.0,0,91,1008.0,6,1.0,0,0.0,0,1,1.0,0,67,709.0,3,0.0,4.263736263736264,00-0035662,16,1008.0,63.0,3.7176032,17.352451,00-0035662,18,86.0,2.0,147,91,1008,63.0,15,6,1,5,0.3125,0,1,6,16,147,9.2,35.1,WR,BAL,24.6
74,Adam Thielen,CAR,73.0,00-0030035,WR,2021,0.9236641221374046,31,0.8399999999999999,87.01731,0.07200000000000001,,0.0,0,0.0,0,1,2.0,0,67,726.0,10,0.0,0,0.0,0,1,4.0,0,70,716.0,6,0.0,3.5671641791044775,00-0030035,13,726.0,55.846153,4.327857,13.078999,00-0030035,15,210.0,9.0,95,67,726,55.84615384615385,14,10,1,2,0.1538461538461538,0,0,10,13,95,7.3,34.2,WR,MIN,16.4
75,Amari Cooper,,75.5,00-0031544,WR,2021,0.9823008849557522,27,0.7606666666666668,91.38144,0.10099999999999999,4.0,25.8,0,0.0,0,0,0.0,0,68,865.0,8,0.0,0,0.0,0,0,0.0,0,78,1160.0,9,1.0,3.3676470588235294,00-0031544,16,929.0,58.0625,4.2812552,13.161996,00-0031544,21,208.0,6.0,104,68,865,57.66666666666666,15,8,0,0,0.0,0,0,8,15,104,6.9,37.8,WR,DAL,16.2
76,Rashod Bateman,BAL,77.5,00-0036550,WR,2021,0.7058823529411765,21,0.6808333333333333,27.542046,0.017,27.0,13.6,0,0.0,0,0,0.0,0,46,515.0,1,0.0,0,0.0,0,0,0.0,0,15,285.0,2,1.0,3.5434782608695654,00-0036550,12,515.0,42.916668,3.2994864,13.044736,00-0036550,6,60.0,1.0,68,46,515,42.91666666666666,8,1,0,0,0.0,0,0,1,12,68,5.7,35.1,WR,BAL,11.4
77,Chris Godwin,TB,79.0,00-0033921,WR,2021,0.8888888888888888,25,0.8550000000000001,59.518246,0.096,84.0,6.4,0,0.0,0,4,21.0,1,98,1103.0,5,2.0,0,0.0,0,3,5.0,0,104,1023.0,3,2.0,5.979591836734694,00-0033921,14,1103.0,78.78571,4.792729,16.604542,00-0033921,26,260.0,5.0,127,98,1103,78.78571428571429,15,5,5,21,1.5,1,2,6,14,127,9.1,42.2,WR,TB,17.7
80,Darnell Mooney,ATL,81.5,00-0036309,WR,2021,1.0,23,0.8788235294117647,48.788162,0.005,173.0,1.8,0,0.0,0,6,32.0,1,81,1055.0,4,0.0,0,0.0,0,1,2.0,0,40,493.0,2,0.0,4.703703703703703,00-0036309,17,1055.0,62.058823,3.3659618,18.25299,00-0036309,12,88.0,3.0,141,81,1055,62.05882352941177,14,4,6,32,1.8823529411764703,1,0,5,17,141,8.3,31.1,WR,CHI,26.7
88,Hunter Renfrow,CAR,89.5,00-0034983,WR,2021,0.9387755102040817,25,0.6723529411764706,35.070076,0.076,149.0,2.7,0,0.0,0,3,3.0,0,103,1038.0,9,1.0,0,0.0,0,0,0.0,0,36,330.0,2,1.0,4.388349514563107,00-0034983,18,1096.0,60.88889,4.4976115,13.655566,00-0034983,27,228.0,9.0,129,103,1038,61.05882352941177,10,9,3,3,0.1764705882352941,0,1,9,17,129,7.6,35.6,WR,LV,21.3
91,Elijah Moore,BUF,92.5,00-0036980,WR,2021,0.6470588235294118,21,0.6509090909090909,95.99055,0.012,34.0,12.1,0,0.0,0,5,54.0,1,43,538.0,5,0.0,0,0.0,0,5,5.0,0,37,446.0,1,0.0,4.813953488372093,00-0036980,11,538.0,48.909092,4.050491,11.812344,00-0036980,9,106.0,4.0,78,43,538,48.90909090909091,9,5,5,54,4.909090909090909,1,0,6,11,78,7.1,34.5,WR,NYJ,13.3
93,DeAndre Hopkins,BAL,93.5,00-0030564,WR,2021,0.9527027027027027,29,0.8220000000000001,43.750668,0.13699999999999998,27.0,13.6,0,0.0,0,0,0.0,0,42,572.0,8,0.0,0,0.0,0,0,0.0,0,64,717.0,3,1.0,3.3333333333333335,00-0030564,10,572.0,57.2,4.3600903,13.740227,00-0030564,15,178.0,8.0,64,42,572,57.2,7,8,0,0,0.0,0,0,8,10,64,6.4,33.6,WR,ARI,11.2
94,Brandon Aiyuk,SF,96.0,00-0036261,WR,2021,0.8787878787878788,23,0.8300000000000001,42.713295,0.016,25.0,14.1,0,0.0,0,5,17.0,0,56,826.0,5,1.0,0,0.0,0,2,23.0,0,78,1015.0,8,1.0,6.232142857142857,00-0036261,19,961.0,50.57895,4.1024356,12.492332,00-0036261,12,78.0,5.0,86,56,826,51.625,16,5,5,17,1.0625,0,1,5,16,86,5.4,29.4,WR,SF,17.2
96,DeVonta Smith,PHI,97.5,00-0036912,WR,2021,1.0,22,0.8235294117647058,50.605297,0.027999999999999997,10.0,19.9,0,0.0,0,0,0.0,0,64,916.0,5,1.0,0,0.0,0,0,0.0,0,95,1196.0,7,1.0,3.25,00-0036912,18,976.0,54.22222,3.4053931,16.637062,00-0036912,11,74.0,3.0,105,64,916,53.88235294117647,16,5,0,0,0.0,0,1,5,17,105,6.2,27.7,WR,PHI,22.3
98,Allen Lazard,NYJ,98.5,00-0034521,WR,2021,0.8431372549019608,25,0.7346666666666668,58.76335,0.019,,0.0,0,0.0,0,3,32.0,0,40,513.0,8,0.0,0,0.0,0,2,0.0,0,60,788.0,6,0.0,4.35,00-0034521,15,519.0,34.6,4.26098,8.129553,00-0034521,17,158.0,7.0,60,40,513,36.642857142857146,8,8,3,32,2.2857142857142856,0,0,8,14,60,4.3,33.6,WR,GB,10.5
104,Christian Kirk,HOU,104.0,00-0034775,WR,2021,0.8615384615384616,24,0.7558823529411764,45.909096,0.086,47.0,10.1,1,33.0,0,1,11.0,0,77,982.0,5,0.0,0,0.0,0,5,11.0,0,84,1108.0,8,0.0,3.0,00-0034775,18,1033.0,57.38889,4.046644,14.205952,00-0034775,10,84.0,2.0,103,77,982,57.76470588235294,16,5,1,11,0.6470588235294118,0,0,5,17,103,6.1,33.6,WR,ARI,18.0
110,Tyler Lockett,TEN,110.5,00-0032211,WR,2021,0.9824561403508771,28,0.8731249999999999,95.91317,0.095,69.0,7.6,0,0.0,0,2,9.0,0,73,1175.0,8,0.0,0,0.0,0,0,0.0,0,84,1033.0,9,1.0,3.7945205479452055,00-0032211,16,1175.0,73.4375,4.14086,16.85255,00-0032211,8,40.0,3.0,108,73,1175,73.4375,22,8,2,9,0.5625,0,0,8,16,108,6.8,28.0,WR,SEA,22.7
111,Robert Woods,PIT,113.5,00-0030431,WR,2021,0.8356164383561644,29,0.9222222222222224,34.995277,0.08199999999999999,41.0,11.0,0,0.0,0,8,46.0,1,45,556.0,4,0.0,0,0.0,0,0,0.0,0,53,527.0,2,0.0,4.4,00-0030431,9,556.0,61.77778,5.03416,12.688358,00-0030431,17,132.0,4.0,70,45,556,61.77777777777778,8,4,8,46,5.111111111111111,1,0,5,9,70,7.8,35.6,WR,LA,11.6
120,Kadarius Toney,,122.5,00-0036913,WR,2021,0.5882352941176471,22,0.4649999999999999,74.96801,0.019,20.0,15.5,1,19.0,0,3,6.0,0,39,420.0,0,0.0,0,0.0,0,7,82.0,1,16,171.0,2,0.0,5.846153846153846,00-0036913,9,420.0,46.666668,3.828996,11.992861,00-0036913,5,12.0,0.0,57,39,420,46.66666666666666,5,0,3,6,0.6666666666666666,0,0,0,9,57,6.3,33.3,WR,NYG,10.1
126,Chase Claypool,,130.0,00-0036326,WR,2021,0.9411764705882353,23,0.7920000000000001,38.8421,0.008,49.0,9.8,0,0.0,0,14,96.0,0,59,860.0,2,0.0,1,1.0,1,9,59.0,0,46,451.0,1,1.0,5.0,00-0036326,16,885.0,55.3125,3.6969402,14.240964,00-0036326,14,100.0,2.0,105,59,848,56.53333333333333,13,2,14,96,6.4,0,0,2,15,105,7.0,38.7,WR,PIT,16.0
131,Julio Jones,,133.0,00-0027944,WR,2021,0.8823529411764706,32,0.583,34.293774,0.028999999999999998,6.0,23.2,0,0.0,0,0,0.0,0,31,434.0,1,0.0,0,0.0,0,5,45.0,0,24,299.0,2,0.0,3.6129032258064515,00-0027944,11,496.0,45.090908,3.5669992,11.884604,00-0027944,7,22.0,1.0,48,31,434,43.4,4,1,0,0,0.0,0,0,1,10,48,4.8,30.8,WR,TEN,9.2
141,Marquez Valdes-Scantling,SEA,152.5,00-0034272,WR,2021,0.9076923076923077,26,0.62,63.484905,0.048,174.0,1.7,0,0.0,0,0,0.0,0,26,430.0,3,0.0,0,0.0,0,1,-3.0,0,42,687.0,2,0.0,5.615384615384615,00-0034272,11,430.0,39.090908,4.538463,7.994626,00-0034272,9,58.0,2.0,56,26,430,39.09090909090909,8,3,0,0,0.0,0,0,3,11,56,5.1,33.6,WR,GB,9.8
143,Jarvis Landry ,,152.5,00-0031382,WR,2021,0.9541984732824428,28,0.7025000000000001,31.756062,0.013999999999999999,63.0,8.2,0,0.0,0,6,40.0,2,52,570.0,2,2.0,0,0.0,0,0,0.0,0,25,272.0,1,0.0,5.25,00-0031382,12,570.0,47.5,3.5834153,13.621174,00-0031382,10,84.0,1.0,87,52,570,47.5,7,2,6,40,3.333333333333333,2,2,4,12,87,7.2,29.5,WR,CLE,17.3
147,Tyler Boyd,,156.0,00-0033009,WR,2021,0.979381443298969,26,0.7737499999999999,40.97573,0.057,55.0,9.1,1,46.0,0,2,22.0,0,67,828.0,5,0.0,1,23.0,0,0,0.0,0,58,762.0,5,0.0,5.8059701492537314,00-0033009,20,938.0,46.9,4.698306,10.639588,00-0033009,12,132.0,4.0,95,67,828,51.75,10,5,2,22,1.375,0,0,5,16,95,5.9,31.9,WR,CIN,17.5
148,DeVante Parker,,158.5,00-0031547,WR,2021,0.9210526315789473,28,0.812,23.1825,0.054000000000000006,14.0,17.8,0,0.0,0,0,0.0,0,40,515.0,2,0.0,0,0.0,0,0,0.0,0,31,539.0,3,0.0,2.6,00-0031547,9,515.0,57.22222,3.1583185,17.499376,00-0031547,6,46.0,2.0,73,40,515,57.22222222222222,7,2,0,0,0.0,0,0,2,9,73,8.1,35.4,WR,MIA,12.1
149,Russell Gage Jr.,SF,161.0,00-0034411,WR,2021,0.9538461538461539,25,0.7392857142857142,74.25923,0.048,194.0,1.1,0,0.0,0,0,0.0,0,66,770.0,4,2.0,0,0.0,0,0,0.0,0,51,426.0,5,1.0,3.757575757575758,00-0034411,13,770.0,59.23077,4.011678,14.318864,00-0034411,14,182.0,3.0,94,66,771,59.30769230769231,8,4,0,0,0.0,0,2,4,13,94,7.2,32.6,WR,ATL,16.9
152,Mecole Hardman Jr.,GB,162.0,00-0035140,WR,2021,1.0,23,0.5158823529411765,23.083603,0.006999999999999999,56.0,9.0,0,0.0,0,8,46.0,0,59,693.0,2,2.0,0,0.0,0,4,31.0,2,25,297.0,4,0.0,8.508474576271187,00-0035140,20,814.0,40.7,4.574422,9.5184965,00-0035140,18,138.0,3.0,83,59,693,40.76470588235294,8,2,8,46,2.7058823529411766,0,2,2,17,83,4.9,37.6,WR,KC,13.0
165,Michael Gallup,WAS,172.5,00-0034764,WR,2021,0.8615384615384616,25,0.75,11.965002,0.055,81.0,6.6,0,0.0,0,0,0.0,0,35,445.0,2,0.0,0,0.0,0,0,0.0,0,39,424.0,4,0.0,3.5142857142857142,00-0034764,9,445.0,49.444443,4.2541413,11.9620285,00-0034764,8,28.0,1.0,62,35,445,49.44444444444444,6,2,0,0,0.0,0,0,2,9,62,6.9,37.8,WR,DAL,9.7
170,Rondale Moore,MIN,177.0,00-0036936,WR,2021,0.8235294117647058,21,0.4535714285714285,41.4317,0.009000000000000001,49.0,9.8,0,0.0,0,18,76.0,0,54,435.0,1,0.0,0,0.0,0,6,-5.0,0,41,414.0,1,0.0,8.11111111111111,00-0036936,15,467.0,31.133333,4.106161,7.283338,00-0036936,8,26.0,0.0,64,54,435,31.071428571428573,3,1,18,76,5.428571428571429,0,1,1,14,64,4.6,33.6,WR,ARI,11.2
173,Kenny Golladay,,179.5,00-0033932,WR,2021,0.8271604938271605,27,0.7435714285714287,21.32709,0.099,96.0,5.5,0,0.0,0,0,0.0,0,37,521.0,0,0.0,0,0.0,0,0,0.0,0,6,81.0,1,0.0,3.2162162162162162,00-0033932,14,521.0,37.214287,3.2403233,10.663039,00-0033932,11,10.0,0.0,77,37,521,37.21428571428572,5,0,0,0,0.0,0,0,0,14,77,5.5,33.3,WR,NYG,13.6
175,Isaiah McKenzie,,180.0,00-0033466,WR,2021,0.9594594594594594,26,0.2353333333333333,72.70472,0.011000000000000001,172.0,1.8,0,0.0,0,9,47.0,1,20,178.0,1,0.0,0,0.0,0,9,55.0,1,42,423.0,4,0.0,4.05,00-0033466,13,226.0,17.384615,4.230004,4.0061293,00-0033466,5,48.0,1.0,26,20,178,16.181818181818183,1,1,9,47,4.2727272727272725,1,1,2,11,26,2.9,36.9,WR,BUF,4.1
176,Odell Beckham Jr.,,180.5,00-0031235,WR,2021,0.8153846153846154,28,0.7178571428571427,41.360275,0.008,12.0,18.8,0,0.0,0,2,14.0,0,44,537.0,5,0.0,--,--,--,--,--,--,--,--,--,--,3.4318181818181817,00-0031235,18,825.0,45.833332,4.1691103,11.013948,00-0031235,16,106.0,6.0,83,44,537,38.35714285714285,7,5,2,14,1.0,0,0,5,14,49,6.1,35.6,WR,LA,8.1
176,Odell Beckham Jr.,,180.5,00-0031235,WR,2021,0.8153846153846154,28,0.7178571428571427,41.360275,0.008,12.0,18.8,0,0.0,0,2,14.0,0,44,537.0,5,0.0,--,--,--,--,--,--,--,--,--,--,3.4318181818181817,00-0031235,18,825.0,45.833332,4.1691103,11.013948,00-0031235,16,106.0,6.0,83,44,537,38.35714285714285,7,5,2,14,1.0,0,0,5,14,34,5.7,29.5,WR,CLE,6.8
177,Joshua Palmer,BUF,181.5,00-0036988,WR,2021,1.0,21,0.3823529411764705,29.136383,0.006999999999999999,77.0,6.9,0,0.0,0,1,6.0,0,33,353.0,4,0.0,0,0.0,0,1,4.0,0,72,769.0,3,0.0,3.0303030303030303,00-0036988,15,353.0,23.533333,4.565267,5.3561907,00-0036988,8,60.0,2.0,49,33,353,23.53333333333333,3,4,1,6,0.4,0,0,4,15,49,3.3,39.2,WR,LAC,7.3
179,Sammy Watkins,,183.0,00-0031325,WR,2021,0.8625954198473282,28,0.4876923076923076,28.844,0.009000000000000001,4.0,25.8,0,0.0,0,0,0.0,0,27,394.0,1,1.0,0,0.0,0,0,0.0,0,16,325.0,0,1.0,3.962962962962963,00-0031325,11,394.0,35.81818,3.7447784,9.30821,00-0031325,4,32.0,1.0,49,27,394,35.81818181818182,6,1,0,0,0.0,0,1,1,11,49,4.5,35.1,WR,BAL,8.2
198,Jakobi Meyers,LV,193.5,00-0034960,WR,2021,0.98,24,0.8364705882352941,22.259956,0.019,,0.0,2,45.0,0,1,9.0,0,83,866.0,2,1.0,0,0.0,0,2,9.0,0,67,804.0,6,1.0,2.674698795180723,00-0034960,17,906.0,53.294117,4.123339,13.100723,00-0034960,19,104.0,2.0,128,83,866,54.125,12,2,1,9,0.5625,0,1,2,16,128,8.0,30.9,WR,NE,24.3
210,Nico Collins,HU,200.0,00-0036554,WR,2021,0.8235294117647058,22,0.5907142857142859,14.682197,0.006999999999999999,89.0,6.0,0,0.0,0,0,0.0,0,33,446.0,1,0.0,0,0.0,0,0,0.0,0,37,481.0,2,0.0,3.9696969696969697,00-0036554,14,446.0,31.857143,3.5264304,8.517043,00-0036554,6,26.0,1.0,60,33,448,32.0,8,1,0,0,0.0,0,0,1,14,60,4.3,30.8,WR,HOU,11.5
222,K.J. Osborn,WAS,189.0,00-0036345,WR,2021,0.8181818181818182,24,0.6823529411764707,48.82566,0.004,176.0,1.7,0,0.0,0,1,10.0,0,50,655.0,7,0.0,0,0.0,0,3,6.0,0,60,650.0,5,0.0,3.58,00-0036345,17,655.0,38.52941,4.1236224,9.831594,00-0036345,9,104.0,3.0,82,50,655,38.52941176470589,10,7,1,10,0.5882352941176471,0,0,7,17,82,4.8,34.2,WR,MIN,14.1
229,Devin Duvernay,CHI,204.0,00-0036331,WR,2021,0.9696969696969697,23,0.51,9.264095,0.006,92.0,5.8,0,0.0,0,7,50.0,0,33,272.0,2,0.0,0,0.0,0,12,84.0,1,37,407.0,3,0.0,4.2727272727272725,00-0036331,15,272.0,18.133333,3.5676794,4.855272,00-0036331,8,104.0,2.0,47,33,272,18.133333333333333,1,2,7,50,3.333333333333333,0,0,2,15,47,3.4,35.1,WR,BAL,7.9
235,Marvin Jones Jr.,,210.0,00-0029293,WR,2021,0.9090909090909091,31,0.9041176470588236,43.3275,0.034,166.0,2.0,0,0.0,0,0,0.0,0,73,832.0,4,0.0,0,0.0,0,0,0.0,0,46,529.0,3,0.0,1.643835616438356,00-0029293,17,832.0,48.941177,3.5793107,13.435755,00-0029293,18,76.0,2.0,120,73,832,48.94117647058823,13,4,0,0,0.0,0,0,4,17,120,7.1,34.6,WR,JAX,20.4
238,Robbie Chosen,SF,214.0,00-0032688,WR,2021,1.0,28,0.8564705882352941,36.150146,0.081,,0.0,0,0.0,0,3,36.0,0,53,519.0,5,0.0,0,0.0,0,0,0.0,0,20,282.0,1,1.0,2.981132075471698,00-0032688,17,519.0,30.529411,3.271752,8.980496,00-0032688,8,66.0,4.0,110,53,519,30.529411764705884,3,5,3,36,2.117647058823529,0,0,5,17,110,6.5,34.0,WR,CAR,19.0
239,Zay Jones,ARI,214.0,00-0033891,WR,2021,0.9876543209876543,26,0.5664705882352942,28.574,0.038,37.0,11.6,0,0.0,0,2,3.0,0,47,546.0,1,1.0,0,0.0,0,4,18.0,0,82,823.0,5,0.0,3.617021276595745,00-0033891,16,607.0,37.9375,4.268874,9.089969,00-0033891,10,66.0,1.0,70,47,546,36.4,8,1,2,3,0.2,0,1,1,15,70,4.7,35.6,WR,LV,11.6
242,Van Jefferson,TEN,220.0,00-0036415,WR,2021,1.0,25,0.8011764705882353,36.07309,0.006999999999999999,57.0,8.9,0,0.0,0,2,20.0,0,50,802.0,6,0.0,0,0.0,0,0,0.0,0,24,369.0,3,0.0,4.4,00-0036415,21,904.0,43.04762,4.7267313,8.925015,00-0036415,18,106.0,3.0,89,50,802,47.1764705882353,12,6,2,20,1.1764705882352942,0,0,6,17,89,5.2,35.6,WR,LA,14.7
248,Randall Cobb,,228.0,00-0028002,WR,2021,0.936046511627907,31,0.4725,59.100906,0.013999999999999999,64.0,8.1,0,0.0,0,1,1.0,0,28,375.0,5,0.0,0,0.0,0,0,0.0,0,34,417.0,1,0.0,4.928571428571429,00-0028002,12,375.0,31.25,4.3795037,8.003511,00-0028002,14,56.0,4.0,39,28,375,34.09090909090909,6,5,1,1,0.0909090909090909,0,1,5,11,39,3.5,33.6,WR,GB,6.8
253,A.J. Green,,233.0,00-0027942,WR,2021,0.8956043956043956,33,0.805625,34.057335,0.017,4.0,25.8,0,0.0,0,0,0.0,0,54,848.0,3,0.0,0,0.0,0,0,0.0,0,24,236.0,2,0.0,3.3518518518518516,00-0027942,17,848.0,49.882355,4.0370965,11.789546,00-0027942,18,72.0,2.0,93,54,848,53.0,16,3,0,0,0.0,0,0,3,16,93,5.8,33.6,WR,ARI,16.3
258,Donovan Peoples-Jones,NO,238.0,00-0036233,WR,2021,0.8181818181818182,22,0.7764285714285715,55.1709,0.004,187.0,1.3,0,0.0,0,0,0.0,0,34,597.0,3,1.0,0,0.0,0,1,2.0,0,61,839.0,3,1.0,4.294117647058823,00-0036233,13,597.0,45.923077,3.7122335,13.052389,00-0036233,4,22.0,1.0,59,34,597,45.92307692307692,12,3,0,0,0.0,0,1,3,13,59,4.5,29.5,WR,CLE,11.8
1,Justin Jefferson,MIN,1.0,00-0036322,WR,2022,1.0,23,0.9205882352941176,144.94128,0.017,22.0,14.9,2,34.0,0,4,24.0,1,128,1809.0,8,0.0,0,0.0,0,1,-12.0,0,68,1074.0,5,0.0,4.7890625,00-0036322,18,1856.0,103.111115,4.3110294,23.360537,00-0036322,33,264.0,6.0,185,128,1809,106.41176470588236,28,8,4,24,1.411764705882353,1,0,9,17,185,10.9,37.9,WR,MIN,28.7
3,Ja'Marr Chase,CIN,3.0,00-0036900,WR,2022,0.8823529411764706,22,0.9391666666666666,71.72909,0.042,5.0,24.3,0,0.0,0,5,8.0,0,87,1046.0,9,2.0,1,-7.0,0,3,-6.0,0,100,1216.0,7,0.0,4.839080459770115,00-0036900,15,1266.0,84.4,4.291681,19.93651,00-0036900,30,316.0,6.0,134,87,1046,87.16666666666667,13,9,5,8,0.6666666666666666,0,2,9,12,134,11.2,37.4,WR,CIN,22.4
5,Tyreek Hill,MIA,5.3,00-0033040,WR,2022,0.9736842105263158,28,0.7629411764705882,96.50596,0.14400000000000002,165.0,2.1,0,0.0,0,7,32.0,1,119,1710.0,7,0.0,0,0.0,0,6,15.0,0,119,1799.0,13,1.0,4.050420168067227,00-0033040,18,1779.0,98.833336,4.736712,20.096992,00-0033040,13,88.0,3.0,170,119,1710,100.58823529411764,25,7,7,32,1.8823529411764703,1,0,8,17,170,10.0,33.2,WR,MIA,30.1
10,Stefon Diggs,NE,10.0,00-0031588,WR,2022,1.0,28,0.76875,101.645164,0.115,146.0,2.9,0,0.0,0,1,-3.0,0,108,1429.0,11,0.0,0,0.0,0,1,5.0,0,107,1183.0,8,1.0,3.8796296296296298,00-0031588,18,1578.0,87.666664,4.288595,20.435183,00-0031588,26,182.0,7.0,154,108,1429,89.3125,17,11,1,-3,-0.1875,0,0,11,16,154,9.6,34.5,WR,BUF,27.9
11,CeeDee Lamb,DAL,12.0,00-0036358,WR,2022,0.98,23,0.8752941176470589,75.04758,0.018000000000000002,17.0,16.6,0,0.0,0,10,47.0,0,107,1359.0,9,0.0,0,0.0,0,14,113.0,2,135,1749.0,12,1.0,4.616822429906542,00-0036358,19,1544.0,81.26316,3.5852501,23.37668,00-0036358,18,246.0,6.0,156,107,1359,79.94117647058823,24,9,10,47,2.764705882352941,0,0,9,17,156,9.2,32.1,WR,DAL,28.6
12,A.J. Brown,PHI,13.3,00-0035676,WR,2022,0.9104477611940298,25,0.8488235294117646,87.171906,0.12,51.0,9.6,0,0.0,0,0,0.0,0,88,1496.0,11,2.0,0,0.0,0,0,0.0,0,106,1456.0,7,2.0,6.2727272727272725,00-0035676,20,1642.0,82.1,3.818581,21.551746,00-0035676,16,164.0,4.0,145,88,1496,88.0,23,11,0,0,0.0,0,2,11,17,145,8.5,29.8,WR,PHI,28.7
15,Cooper Kupp,SEA,15.3,00-0033908,WR,2022,0.8571428571428571,29,0.95,83.969444,0.128,69.0,7.6,0,0.0,0,9,52.0,1,75,812.0,6,1.0,0,0.0,0,1,-3.0,0,59,737.0,5,0.0,5.506666666666667,00-0033908,9,812.0,90.22222,4.0264263,23.539774,00-0033908,11,112.0,4.0,98,75,812,90.22222222222224,11,6,9,52,5.777777777777778,1,1,7,9,98,10.9,30.4,WR,LA,19.0
18,Davante Adams,LAR,17.0,00-0031381,WR,2022,0.9527027027027027,29,0.946470588235294,145.22867,0.134,53.0,9.3,0,0.0,0,3,-1.0,0,100,1516.0,14,0.0,0,0.0,0,0,0.0,0,103,1144.0,8,0.0,4.93,00-0031381,17,1516.0,89.17647,3.9991634,22.04464,00-0031381,23,78.0,4.0,181,100,1516,89.17647058823529,24,14,3,-1,-0.0588235294117647,0,0,14,17,181,10.6,33.0,WR,LV,32.3
19,Garrett Wilson,NYJ,18.0,00-0037740,WR,2022,1.0,22,0.7988235294117647,73.40735,0.025,10.0,19.9,0,0.0,0,4,4.0,0,83,1103.0,4,1.0,0,0.0,0,4,0.0,0,95,1042.0,3,2.0,4.626506024096385,00-0037740,17,1103.0,64.882355,3.7253144,16.729076,00-0037740,19,70.0,3.0,147,83,1103,64.88235294117646,13,4,4,4,0.2352941176470588,0,1,4,17,147,8.6,34.6,WR,NYJ,25.0
20,Amon-Ra St. Brown,DET,18.0,00-0036963,WR,2022,0.9705882352941176,22,0.775625,101.630005,0.006,112.0,4.6,0,0.0,0,9,95.0,0,106,1161.0,6,0.0,0,0.0,0,4,24.0,0,119,1515.0,10,1.0,5.009433962264151,00-0036963,16,1161.0,72.5625,4.0050764,18.69382,00-0036963,22,196.0,6.0,146,106,1161,72.5625,11,6,9,95,5.9375,0,0,6,16,146,9.1,33.2,WR,DET,25.9
23,Jaylen Waddle,MIA,23.3,00-0036613,WR,2022,0.9705882352941176,23,0.7382352941176471,98.75264,0.037000000000000005,6.0,23.2,0,0.0,0,3,26.0,0,75,1356.0,8,1.0,0,0.0,0,3,12.0,0,72,1014.0,4,0.0,6.8,00-0036613,18,1400.0,77.77778,4.736712,16.205296,00-0036613,10,72.0,4.0,118,75,1356,79.76470588235294,21,8,3,26,1.5294117647058822,0,1,8,17,118,6.9,33.2,WR,MIA,20.9
24,Chris Olave,NO,25.0,00-0037239,WR,2022,0.8823529411764706,22,0.6599999999999999,24.524097,0.023,11.0,19.3,0,0.0,0,0,0.0,0,72,1042.0,4,2.0,0,0.0,0,0,0.0,0,87,1123.0,5,0.0,2.9166666666666665,00-0037239,15,1042.0,69.46667,4.1989446,16.385485,00-0037239,12,126.0,2.0,120,72,1042,69.46666666666667,13,4,0,0,0.0,0,2,4,15,120,8.0,29.1,WR,NO,24.2
26,DeVonta Smith,PHI,26.0,00-0036912,WR,2022,1.0,23,0.9170588235294116,72.55691,0.027999999999999997,10.0,19.9,0,0.0,0,0,0.0,0,95,1196.0,7,1.0,0,0.0,0,0,0.0,0,81,1066.0,7,1.0,5.010526315789473,00-0036912,20,1393.0,69.65,3.818581,18.45486,00-0036912,18,174.0,6.0,137,95,1210,71.17647058823529,18,7,0,0,0.0,0,1,7,17,137,8.1,29.8,WR,PHI,27.1
30,Tee Higgins,CIN,30.7,00-0036410,WR,2022,0.94,23,0.6968749999999999,56.701813,0.011000000000000001,33.0,12.3,0,0.0,0,0,0.0,0,74,1029.0,7,0.0,0,0.0,0,0,0.0,0,42,656.0,5,0.0,3.864864864864865,00-0036410,17,1177.0,69.23529,4.3802032,15.469857,00-0036410,16,126.0,4.0,110,74,1029,73.5,14,7,0,0,0.0,0,0,7,14,110,7.9,37.4,WR,CIN,18.4
35,DK Metcalf,PIT,35.3,00-0035640,WR,2022,1.0,24,0.8247058823529412,50.440075,0.115,64.0,8.1,0,0.0,0,0,0.0,0,90,1048.0,6,2.0,0,0.0,0,0,0.0,0,66,1114.0,8,0.0,2.4,00-0035640,18,1184.0,65.77778,4.197558,15.1003685,00-0035640,32,144.0,6.0,142,90,1048,61.64705882352941,11,6,0,0,0.0,0,2,6,17,142,8.4,32.6,WR,SEA,25.6
38,Deebo Samuel Sr.,WAS,38.0,00-0035719,WR,2022,0.7727272727272727,26,0.7576923076923077,31.232695,0.115,36.0,11.8,0,0.0,0,42,232.0,3,56,632.0,2,2.0,0,0.0,0,37,225.0,5,60,892.0,7,0.0,8.803571428571429,00-0035719,16,843.0,52.6875,3.76556,13.477215,00-0035719,14,92.0,1.0,94,56,632,48.61538461538461,7,2,42,232,17.846153846153847,3,2,5,13,94,7.2,29.6,WR,SF,18.7
39,Amari Cooper,,40.7,00-0031544,WR,2022,0.9846153846153847,28,0.8323529411764706,76.14471,0.10099999999999999,4.0,25.8,0,0.0,0,0,0.0,0,78,1160.0,9,1.0,0,0.0,0,0,0.0,0,72,1250.0,5,1.0,3.8333333333333335,00-0031544,17,1160.0,68.23529,3.391764,20.47112,00-0031544,19,132.0,6.0,133,78,1160,68.23529411764706,18,9,0,0,0.0,0,0,9,17,133,7.8,29.9,WR,CLE,26.1
43,Keenan Allen,LAC,43.3,00-0030279,WR,2022,0.7884615384615384,30,0.7369999999999999,56.202225,0.10099999999999999,76.0,7.0,0,0.0,0,1,8.0,0,66,752.0,4,1.0,1,49.0,1,2,6.0,0,108,1243.0,7,1.0,3.893939393939394,00-0030279,11,813.0,73.90909,4.303882,17.219316,00-0030279,20,144.0,3.0,89,66,752,75.2,7,4,1,8,0.8,0,1,4,10,89,8.9,40.5,WR,LAC,12.9
51,DJ Moore,CHI,50.7,00-0034827,WR,2022,0.975609756097561,25,0.9647058823529412,71.468605,0.099,24.0,14.4,0,0.0,0,10,53.0,0,63,888.0,7,0.0,0,0.0,0,4,21.0,1,96,1364.0,8,1.0,2.9523809523809526,00-0034827,17,888.0,52.235294,3.3929226,14.715223,00-0034827,11,112.0,5.0,118,63,892,52.47058823529412,17,7,10,53,3.117647058823529,0,0,7,17,118,6.9,25.2,WR,CAR,27.6
55,DeAndre Hopkins,BAL,56.0,00-0030564,WR,2022,0.9090909090909091,30,0.8811111111111111,74.49778,0.057999999999999996,27.0,13.6,0,0.0,0,0,0.0,0,64,717.0,3,1.0,0,0.0,0,2,9.0,0,75,1057.0,7,0.0,2.578125,00-0030564,9,717.0,79.666664,3.4534636,22.202818,00-0030564,8,36.0,1.0,98,64,717,79.66666666666667,8,3,0,0,0.0,0,1,3,9,98,10.9,37.7,WR,ARI,15.3
56,Terry McLaurin,WAS,57.0,00-0035659,WR,2022,0.9545454545454546,26,0.8947058823529411,29.580956,0.111,76.0,7.0,0,0.0,0,7,29.0,0,77,1191.0,5,0.0,0,0.0,0,0,0.0,0,79,1002.0,4,0.0,4.961038961038961,00-0035659,17,1191.0,70.05882,3.3443418,21.82685,00-0035659,14,160.0,3.0,120,77,1191,70.05882352941177,16,5,7,29,1.7058823529411764,0,0,5,17,120,7.1,31.5,WR,WAS,22.4
58,Drake London,ATL,60.3,00-0037238,WR,2022,1.0,21,0.7811764705882354,36.51059,0.026000000000000002,8.0,21.4,0,0.0,0,0,0.0,0,72,866.0,4,3.0,1,22.0,0,0,0.0,0,69,905.0,2,0.0,3.111111111111111,00-0037238,17,866.0,50.941177,2.9381301,18.061447,00-0037238,17,118.0,4.0,118,72,866,50.94117647058823,10,4,0,0,0.0,0,3,4,17,118,6.9,23.6,WR,ATL,29.4
60,Christian Watson,GB,61.7,00-0038124,WR,2022,0.8235294117647058,23,0.5742857142857142,97.22028,0.011000000000000001,34.0,12.1,0,0.0,0,7,80.0,2,41,611.0,7,0.0,0,0.0,0,4,11.0,0,28,422.0,5,0.0,6.439024390243903,00-0038124,14,611.0,43.642857,3.7249763,11.38134,00-0038124,14,110.0,4.0,66,41,611,43.642857142857146,8,7,7,80,5.714285714285714,2,0,9,14,66,4.7,31.9,WR,GB,12.2
61,Tyler Lockett,TEN,63.0,00-0032211,WR,2022,0.9770992366412213,29,0.7975000000000001,47.727955,0.095,69.0,7.6,0,0.0,0,0,0.0,0,84,1033.0,9,1.0,0,0.0,0,0,0.0,0,79,894.0,5,0.0,3.238095238095238,00-0032211,17,1072.0,63.058823,4.271226,14.358607,00-0032211,10,88.0,2.0,117,84,1033,64.5625,14,9,0,0,0.0,0,2,9,16,117,7.3,32.6,WR,SEA,21.1
65,Brandon Aiyuk,SF,64.3,00-0036261,WR,2022,0.92,24,0.91,42.420002,0.016,25.0,14.1,0,0.0,0,2,23.0,0,78,1015.0,8,1.0,0,0.0,0,0,0.0,0,75,1342.0,7,1.0,4.8076923076923075,00-0036261,20,1124.0,56.2,3.9242492,14.360417,00-0036261,17,150.0,6.0,114,78,1015,59.70588235294117,17,8,2,23,1.3529411764705883,0,1,8,17,114,6.7,29.6,WR,SF,22.6
67,Chris Godwin,TB,65.7,00-0033921,WR,2022,0.8877551020408163,26,0.8026666666666668,33.66838,0.096,84.0,6.4,0,0.0,0,3,5.0,0,104,1023.0,3,2.0,0,0.0,0,4,38.0,1,83,1024.0,2,0.0,4.9423076923076925,00-0033921,16,1108.0,69.25,4.1908307,16.96363,00-0033921,20,152.0,3.0,145,104,1019,67.93333333333334,10,3,3,5,0.3333333333333333,0,2,3,15,145,9.7,42.9,WR,TB,19.9
69,Mike Williams ,,67.7,00-0033536,WR,2022,0.9285714285714286,27,0.7553846153846153,70.57359,0.096,7.0,22.2,0,0.0,0,0,0.0,0,63,895.0,4,0.0,0,0.0,0,1,3.0,0,19,249.0,1,0.0,5.142857142857143,00-0033536,13,895.0,68.84615,4.2939243,16.292448,00-0033536,14,166.0,4.0,93,63,895,68.84615384615384,11,4,0,0,0.0,0,0,4,13,93,7.2,40.5,WR,LAC,13.5
74,Christian Kirk,HU,75.0,00-0034775,WR,2022,0.8902439024390244,25,0.8847058823529413,66.83264,0.086,47.0,10.1,0,0.0,0,5,11.0,0,84,1108.0,8,0.0,1,-1.0,0,1,6.0,0,57,787.0,3,2.0,4.416666666666667,00-0034775,19,1238.0,65.1579,3.8901796,16.78984,00-0034775,26,234.0,9.0,134,84,1102,64.82352941176471,18,8,5,11,0.6470588235294118,0,1,8,17,134,7.9,34.1,WR,JAX,23.1
75,Diontae Johnson,CLE,75.7,00-0035216,WR,2022,0.9701492537313433,26,0.8976470588235294,15.843455,0.08800000000000001,66.0,7.9,0,0.0,0,7,25.0,0,86,882.0,0,0.0,0,0.0,0,0,0.0,0,51,717.0,5,0.0,2.744186046511628,00-0035216,17,882.0,51.882355,3.3549678,16.032455,00-0035216,20,96.0,0.0,149,86,882,51.88235294117647,7,0,7,25,1.4705882352941178,0,0,0,17,149,8.8,32.4,WR,PIT,27.0
77,George Pickens,DAL,78.7,00-0037247,WR,2022,1.0,21,0.76,40.87434,0.008,52.0,9.4,0,0.0,0,3,24.0,1,52,801.0,4,0.0,0,0.0,0,3,18.0,0,63,1140.0,5,0.0,2.0,00-0037247,17,801.0,47.117645,3.3549678,13.813886,00-0037247,8,42.0,2.0,85,52,801,47.11764705882353,17,4,3,24,1.411764705882353,1,0,5,17,85,5.0,32.4,WR,PIT,15.4
78,Jerry Jeudy,CLE,78.7,00-0036407,WR,2022,0.8235294117647058,23,0.7146666666666667,77.388374,0.019,15.0,17.4,0,0.0,0,4,40.0,0,67,972.0,6,0.0,0,0.0,0,0,0.0,0,54,758.0,2,0.0,5.91044776119403,00-0036407,15,972.0,64.8,3.8347816,16.715424,00-0036407,11,118.0,5.0,100,67,972,64.8,14,6,4,40,2.6666666666666665,0,0,6,15,100,6.7,31.9,WR,DEN,18.5
79,Mike Evans,TB,80.3,00-0031408,WR,2022,0.9594594594594594,29,0.8446666666666667,128.79495,0.09300000000000001,7.0,22.2,0,0.0,0,0,0.0,0,77,1124.0,6,0.0,0,0.0,0,0,0.0,0,79,1255.0,13,0.0,2.8051948051948052,00-0031408,16,1198.0,74.875,4.2219152,17.00015,00-0031408,16,80.0,3.0,128,77,1124,74.93333333333334,19,6,0,0,0.0,0,0,6,15,128,8.5,42.9,WR,TB,17.5
80,Michael Pittman Jr.,IND,80.3,00-0036252,WR,2022,0.92,24,0.96625,46.747627,0.011000000000000001,34.0,12.1,0,0.0,0,3,30.0,0,99,925.0,4,1.0,0,0.0,0,0,0.0,0,109,1152.0,4,0.0,3.474747474747475,00-0036252,16,925.0,57.8125,3.4524205,16.805964,00-0036252,15,116.0,4.0,142,99,925,57.8125,8,4,3,30,1.875,0,1,4,16,142,8.9,34.3,WR,IND,24.4
85,Jahan Dotson,PHI,88.0,00-0037741,WR,2022,0.7058823529411765,22,0.7466666666666667,58.523335,0.018000000000000002,16.0,16.9,0,0.0,0,2,-7.0,0,35,523.0,7,0.0,0,0.0,0,0,0.0,0,49,518.0,4,0.0,3.914285714285714,00-0037741,12,523.0,43.583332,3.239455,12.978009,00-0037741,10,110.0,5.0,63,35,523,43.583333333333336,10,7,2,-7,-0.5833333333333334,0,0,7,12,63,5.2,31.5,WR,WAS,11.8
86,Marquise Brown,KC,89.3,00-0035662,WR,2022,0.8787878787878788,25,0.9108333333333332,54.556362,0.016,25.0,14.1,0,0.0,0,1,1.0,0,67,709.0,3,0.0,0,0.0,0,2,23.0,0,51,574.0,4,0.0,3.5223880597014925,00-0035662,12,709.0,59.083332,3.376487,17.614155,00-0035662,12,58.0,1.0,107,67,709,59.083333333333336,9,3,1,1,0.0833333333333333,0,0,3,12,107,8.9,37.7,WR,ARI,16.7
96,Gabe Davis,,98.0,00-0036196,WR,2022,0.96,23,0.908,60.81971,0.005,128.0,3.7,0,0.0,0,0,0.0,0,48,836.0,7,1.0,0,0.0,0,1,-2.0,0,45,746.0,7,1.0,2.9583333333333335,00-0036196,17,983.0,57.82353,4.24488,12.902292,00-0036196,17,120.0,3.0,93,48,836,55.73333333333333,11,7,0,0,0.0,0,1,7,15,93,6.2,34.5,WR,BUF,16.8
97,Brandin Cooks,NO,98.7,00-0031236,WR,2022,0.8661971830985915,28,0.8115384615384614,24.386667,0.044000000000000004,20.0,15.5,0,0.0,0,2,7.0,0,57,699.0,3,0.0,0,0.0,0,5,35.0,0,54,657.0,8,0.0,3.5964912280701755,00-0031236,13,699.0,53.76923,3.791388,14.576719,00-0031236,10,108.0,3.0,93,57,699,53.76923076923077,13,3,2,7,0.5384615384615384,0,0,3,13,93,7.2,33.1,WR,HOU,16.5
103,Courtland Sutton,DEN,108.0,00-0034348,WR,2022,0.7831325301204819,26,0.8806666666666667,32.563526,0.08199999999999999,40.0,11.1,0,0.0,0,1,5.0,0,64,829.0,2,0.0,0,0.0,0,0,0.0,0,59,772.0,10,3.0,2.296875,00-0034348,15,829.0,55.266666,3.8102975,15.434086,00-0034348,14,100.0,2.0,109,64,829,55.266666666666666,11,2,1,5,0.3333333333333333,0,0,2,15,109,7.3,31.9,WR,DEN,20.1
113,Elijah Moore,BUF,117.3,00-0036980,WR,2022,0.8235294117647058,22,0.67625,17.582253,0.012,34.0,12.1,0,0.0,0,5,5.0,0,37,446.0,1,0.0,0,0.0,0,9,11.0,0,59,640.0,2,2.0,2.5135135135135136,00-0036980,14,446.0,31.857143,4.016911,8.2096615,00-0036980,7,24.0,0.0,65,37,450,32.142857142857146,8,1,5,5,0.3571428571428571,0,0,1,14,65,4.6,34.6,WR,NYJ,11.1
116,Treylon Burks,TEN,120.0,00-0037742,WR,2022,0.6470588235294118,22,0.5781818181818182,23.02291,0.017,18.0,16.2,0,0.0,0,4,47.0,0,33,444.0,1,0.0,0,0.0,0,5,18.0,0,16,221.0,0,0.0,5.0,00-0037742,11,444.0,40.363636,3.6638,10.350144,00-0037742,4,38.0,0.0,54,33,444,40.36363636363637,8,1,4,47,4.2727272727272725,0,0,1,11,54,4.9,25.7,WR,TEN,12.4
117,Skyy Moore,KC,120.7,00-0038090,WR,2022,0.9411764705882353,21,0.285,11.032968,0.008,54.0,9.2,0,0.0,0,3,24.0,0,22,250.0,0,0.0,0,0.0,0,3,23.0,0,21,244.0,1,0.0,6.863636363636363,00-0038090,17,267.0,15.705882,4.8333235,3.2851813,00-0038090,2,12.0,1.0,33,22,250,17.857142857142858,2,0,3,24,1.7142857142857142,0,3,0,14,33,2.8,36.3,WR,KC,5.3
122,JuJu Smith-Schuster,KC,124.7,00-0033857,WR,2022,0.8181818181818182,25,0.7043750000000001,54.178955,0.038,62.0,8.3,0,0.0,0,0,0.0,0,78,933.0,3,2.0,0,0.0,0,0,0.0,0,29,260.0,1,0.0,5.858974358974359,00-0033857,19,1022.0,53.789474,4.701479,11.314217,00-0033857,19,152.0,1.0,102,78,933,58.3125,9,3,0,0,0.0,0,2,3,16,102,6.4,36.3,WR,KC,16.5
131,Rashod Bateman,BAL,138.0,00-0036550,WR,2022,0.5294117647058824,22,0.51,54.589664,0.017,27.0,13.6,0,0.0,0,0,0.0,0,15,285.0,2,1.0,0,0.0,0,1,18.0,0,32,367.0,1,0.0,8.866666666666667,00-0036550,6,285.0,47.5,3.588588,12.793307,00-0036550,1,8.0,0.0,28,15,285,47.5,5,2,0,0,0.0,0,1,2,6,28,4.7,27.4,WR,BAL,6.0
135,Allen Lazard,NYJ,140.7,00-0034521,WR,2022,0.8529411764705882,26,0.8886666666666667,22.439812,0.049,,0.0,0,0.0,0,2,0.0,0,60,788.0,6,0.0,0,0.0,0,0,0.0,0,23,311.0,1,0.0,4.133333333333334,00-0034521,15,788.0,52.533333,3.7779477,14.362671,00-0034521,19,140.0,5.0,101,60,788,52.53333333333333,13,6,2,0,0.0,0,0,6,15,101,6.7,31.9,WR,GB,18.6
138,Adam Thielen,CAR,141.7,00-0030035,WR,2022,0.9324324324324325,32,0.8899999999999999,34.748604,0.037000000000000005,,0.0,0,0.0,0,1,4.0,0,70,716.0,6,0.0,0,0.0,0,1,6.0,0,103,1014.0,4,0.0,2.1714285714285713,00-0030035,18,766.0,42.555557,4.3110294,10.140028,00-0030035,24,166.0,5.0,109,70,716,42.11764705882353,7,6,1,4,0.2352941176470588,0,0,6,17,109,6.4,37.9,WR,MIN,16.9
148,Romeo Doubs,GB,154.3,00-0037816,WR,2022,0.7647058823529411,22,0.6253846153846154,38.998077,0.005,132.0,3.5,0,0.0,0,1,11.0,0,42,425.0,3,1.0,0,0.0,0,0,0.0,0,59,674.0,8,0.0,4.5476190476190474,00-0037816,13,425.0,32.692307,3.7365568,8.88949,00-0037816,8,110.0,3.0,67,42,425,32.69230769230769,7,3,1,11,0.8461538461538461,0,1,3,13,67,5.2,31.9,WR,GB,12.3
156,Nico Collins,HOU,162.3,00-0036554,WR,2022,0.7058823529411765,23,0.717,11.134333,0.006999999999999999,89.0,6.0,0,0.0,0,0,0.0,0,37,481.0,2,0.0,0,0.0,0,1,7.0,0,80,1297.0,8,0.0,3.864864864864865,00-0036554,10,481.0,48.1,3.8095791,13.345243,00-0036554,8,44.0,2.0,66,37,481,48.1,8,2,0,0,0.0,0,0,2,10,66,6.6,33.1,WR,HOU,11.7
161,Tyler Boyd,,168.3,00-0033009,WR,2022,0.9824561403508771,27,0.7268749999999999,50.0964,0.057,55.0,9.1,1,23.0,0,0,0.0,0,58,762.0,5,0.0,0,0.0,0,2,11.0,0,67,667.0,2,1.0,4.293103448275862,00-0033009,19,851.0,44.789474,4.329585,9.949955,00-0033009,14,116.0,3.0,85,58,762,47.625,10,5,0,0,0.0,0,0,5,16,85,5.3,37.4,WR,CIN,14.2
164,Jakobi Meyers,LV,172.0,00-0034960,WR,2022,0.9402985074626866,25,0.7914285714285716,34.24555,0.049,,0.0,0,0.0,0,2,9.0,0,67,804.0,6,1.0,2,12.0,1,4,24.0,2,71,807.0,8,0.0,3.5522388059701493,00-0034960,14,804.0,57.42857,3.9119637,15.869569,00-0034960,10,46.0,3.0,98,67,804,57.42857142857143,14,6,2,9,0.6428571428571429,0,2,6,14,98,7.0,30.7,WR,NE,18.8
175,Zay Jones,ARI,178.7,00-0033891,WR,2022,0.9795918367346939,27,0.8674999999999999,94.79763,0.038,37.0,11.6,0,0.0,0,4,18.0,0,82,823.0,5,0.0,0,0.0,0,0,0.0,0,34,321.0,2,0.0,3.4390243902439024,00-0033891,18,980.0,54.444443,3.8961558,13.559466,00-0033891,23,130.0,4.0,122,82,834,52.125,7,5,4,18,1.125,0,0,5,16,122,7.6,34.1,WR,JAX,21.0
179,Darnell Mooney,ATL,179.7,00-0036309,WR,2022,0.9,24,0.8308333333333334,28.70018,0.005,173.0,1.8,0,0.0,0,1,2.0,0,40,493.0,2,0.0,0,0.0,0,2,5.0,0,31,414.0,1,0.0,4.2,00-0036309,11,493.0,44.81818,2.4936168,17.568455,00-0036309,8,102.0,2.0,62,40,493,44.81818181818182,7,2,1,2,0.1818181818181818,0,0,2,11,62,5.6,21.4,WR,CHI,17.1
183,Michael Gallup,WAS,185.0,00-0034764,WR,2022,0.8536585365853658,26,0.7571428571428571,24.777582,0.055,81.0,6.6,0,0.0,0,0,0.0,0,39,424.0,4,0.0,0,0.0,0,0,0.0,0,34,418.0,2,0.0,2.7435897435897436,00-0034764,16,470.0,29.375,3.5800686,8.349976,00-0034764,14,108.0,5.0,74,39,424,30.285714285714285,4,4,0,0,0.0,0,0,4,14,74,5.3,32.1,WR,DAL,13.6
213,Rondale Moore,MIN,174.0,00-0036936,WR,2022,0.6470588235294118,22,0.8175,66.22982,0.009000000000000001,49.0,9.8,0,0.0,0,6,-5.0,0,41,414.0,1,0.0,0,0.0,0,28,178.0,1,40,352.0,1,0.0,6.853658536585366,00-0036936,8,414.0,51.75,3.5490797,14.482706,00-0036936,7,8.0,0.0,56,41,414,51.75,6,1,6,-5,-0.625,0,0,1,8,56,8.0,37.7,WR,ARI,8.7
214,Donovan Peoples-Jones,NO,177.0,00-0036233,WR,2022,0.88,23,0.898235294117647,31.298456,0.004,187.0,1.3,0,0.0,0,1,2.0,0,61,839.0,3,1.0,0,0.0,0,0,0.0,0,13,155.0,0,0.0,3.1311475409836067,00-0036233,17,839.0,49.35294,3.391764,14.348586,00-0036233,13,48.0,3.0,96,61,839,49.35294117647059,14,3,1,2,0.1176470588235294,0,1,3,17,96,5.6,29.9,WR,CLE,18.9
218,Van Jefferson,TEN,180.0,00-0036415,WR,2022,0.88,26,0.7781818181818182,15.923222,0.006999999999999999,57.0,8.9,0,0.0,0,0,0.0,0,24,369.0,3,0.0,0,0.0,0,1,4.0,0,20,209.0,0,0.0,1.5833333333333333,00-0036415,10,369.0,36.9,3.0515513,12.778661,00-0036415,5,40.0,2.0,44,24,369,36.9,7,3,0,0,0.0,0,0,3,10,44,4.4,30.4,WR,LA,8.5
221,K.J. Osborn,WAS,190.0,00-0036345,WR,2022,0.88,25,0.7423529411764707,69.37015,0.004,176.0,1.7,0,0.0,0,3,6.0,0,60,650.0,5,0.0,0,0.0,0,0,0.0,0,48,540.0,3,0.0,5.0,00-0036345,18,670.0,37.22222,4.3110294,8.207396,00-0036345,12,118.0,5.0,90,60,650,38.23529411764706,6,5,3,6,0.3529411764705882,0,0,5,17,90,5.3,37.9,WR,MIN,14.0
227,Alec Pierce,IND,206.0,00-0037664,WR,2022,0.9411764705882353,22,0.6643749999999999,34.673626,0.008,53.0,9.3,0,0.0,0,0,0.0,0,41,593.0,2,0.0,0,0.0,0,0,0.0,0,32,514.0,2,0.0,2.7560975609756095,00-0037664,16,593.0,37.0625,3.4524205,10.537674,00-0037664,6,30.0,1.0,78,41,593,37.0625,8,2,0,0,0.0,0,0,2,16,78,4.9,34.3,WR,IND,13.4
231,Marquez Valdes-Scantling,SEA,215.5,00-0034272,WR,2022,0.926829268292683,27,0.6741176470588235,24.66875,0.048,174.0,1.7,0,0.0,0,1,-3.0,0,42,687.0,2,0.0,0,0.0,0,0,0.0,0,21,315.0,1,1.0,2.9047619047619047,00-0034272,20,809.0,40.45,4.7360773,8.550043,00-0034272,13,108.0,4.0,81,42,687,40.41176470588236,13,2,1,-3,-0.1764705882352941,0,0,2,17,81,4.8,36.3,WR,KC,13.1
239,Parris Campbell,,223.0,00-0035639,WR,2022,0.48484848484848486,25,0.851764705882353,44.442207,0.021,59.0,8.6,0,0.0,0,5,58.0,0,63,623.0,3,0.0,0,0.0,0,0,0.0,0,20,104.0,0,0.0,4.380952380952381,00-0035639,17,623.0,36.64706,3.4883075,10.575095,00-0035639,10,32.0,2.0,92,63,623,36.64705882352941,7,3,5,58,3.411764705882353,0,0,3,17,92,5.4,34.3,WR,IND,15.8
241,Isaiah Hodgins,SF,226.0,00-0036165,WR,2022,0.41379310344827586,23,0.6539999999999999,38.977497,0.004,207.0,0.6,0,0.0,0,0,0.0,0,37,392.0,4,1.0,0,0.0,0,0,0.0,0,21,230.0,3,1.0,2.3783783783783785,00-0036165,11,500.0,45.454544,4.063342,11.52278,00-0036165,10,114.0,5.0,49,37,392,43.55555555555556,4,4,0,0,0.0,0,1,4,9,43,5.4,29.1,WR,NYG,8.7
251,Curtis Samuel,BUF,239.0,00-0033282,WR,2022,0.8061224489795918,26,0.7147058823529412,44.075954,0.063,40.0,11.1,0,0.0,0,38,187.0,1,64,656.0,4,1.0,0,0.0,0,7,39.0,1,62,613.0,4,0.0,4.515625,00-0033282,17,656.0,38.588234,3.3443418,11.096376,00-0033282,12,94.0,3.0,93,64,656,38.588235294117645,10,4,38,187,11.0,1,1,5,17,93,5.8,31.5,WR,WAS,17.4
252,Hunter Renfrow,CAR,240.0,00-0034983,WR,2022,0.8484848484848485,26,0.611,30.337776,0.076,149.0,2.7,0,0.0,0,0,0.0,0,36,330.0,2,1.0,0,0.0,0,0,0.0,0,25,255.0,0,1.0,4.138888888888889,00-0034983,10,330.0,33.0,4.1525626,8.311729,00-0034983,6,68.0,2.0,51,36,330,33.0,3,2,0,0,0.0,0,1,2,10,51,5.1,33.0,WR,LV,9.1
255,Rashid Shaheed,NO,243.5,00-0037545,WR,2022,1.0,24,0.4175,24.170546,0.004,,0.0,0,0.0,0,4,57.0,1,28,488.0,2,0.0,0,0.0,0,7,37.0,0,46,719.0,5,0.0,6.25,00-0037545,11,488.0,44.363636,3.8009706,12.192942,00-0037545,1,16.0,0.0,34,28,488,44.36363636363637,6,2,4,57,5.181818181818182,1,0,3,11,34,3.1,29.1,WR,NO,6.9
256,DeVante Parker,,245.0,00-0031547,WR,2022,0.9007633587786259,29,0.6907692307692308,65.48205,0.024,14.0,17.8,0,0.0,0,0,0.0,0,31,539.0,3,0.0,0,0.0,0,0,0.0,0,33,394.0,0,0.0,3.3870967741935485,00-0031547,12,539.0,44.916668,4.2071853,9.911023,00-0031547,4,24.0,1.0,47,31,539,44.91666666666666,10,3,0,0,0.0,0,0,3,12,47,3.9,30.7,WR,NE,9.0
260,Robert Woods,PIT,255.0,00-0030431,WR,2022,0.852760736196319,30,0.78,20.25316,0.034,41.0,11.0,0,0.0,0,0,0.0,0,53,527.0,2,0.0,0,0.0,0,1,7.0,0,40,426.0,1,0.0,2.943396226415094,00-0030431,17,527.0,31.0,3.2719712,10.485906,00-0030431,14,122.0,2.0,91,53,527,31.0,3,2,0,0,0.0,0,1,2,17,91,5.4,25.7,WR,TEN,20.8
262,Wan'Dale Robinson,NYG,256.0,00-0038117,WR,2022,0.35294117647058826,21,0.5383333333333332,48.328,0.01,43.0,10.6,0,0.0,0,2,-1.0,0,23,227.0,1,0.0,0,0.0,0,9,87.0,1,60,525.0,1,0.0,5.478260869565218,00-0038117,6,227.0,37.833332,3.226222,10.850609,00-0038117,2,10.0,1.0,31,23,227,37.833333333333336,0,1,2,-1,-0.1666666666666666,0,0,1,6,31,5.2,29.1,WR,NYG,6.3
266,Richie James Jr.,,213.0,00-0034286,WR,2022,0.7317073170731707,26,0.4688235294117647,41.566868,0.005,240.0,0.0,0,0.0,0,2,6.0,0,57,569.0,4,0.0,0,0.0,0,0,0.0,0,10,114.0,0,0.0,3.087719298245614,00-0034286,16,651.0,40.6875,3.3078403,12.44285,00-0034286,9,140.0,4.0,70,57,569,40.642857142857146,3,4,2,6,0.4285714285714285,0,3,4,14,70,5.0,29.1,WR,NYG,14.2
285,Joshua Palmer,BUF,246.0,00-0036988,WR,2022,0.9705882352941176,22,0.800625,54.468292,0.006999999999999999,77.0,6.9,0,0.0,0,1,4.0,0,72,769.0,3,0.0,0,0.0,0,1,6.0,0,38,581.0,2,1.0,3.5,00-0036988,17,800.0,47.058823,4.2127266,11.365614,00-0036988,10,40.0,2.0,108,72,769,48.0625,7,3,1,4,0.25,0,0,3,16,108,6.8,40.5,WR,LAC,15.7
286,Darius Slayton,NYG,247.0,00-0035535,WR,2022,0.9242424242424242,25,0.653125,30.405256,0.027000000000000003,171.0,1.9,0,0.0,0,0,0.0,0,46,724.0,2,1.0,0,0.0,0,0,0.0,0,50,770.0,4,0.0,5.695652173913044,00-0035535,15,816.0,54.4,3.3342235,15.617932,00-0035535,4,42.0,0.0,71,46,724,55.69230769230769,12,2,0,0,0.0,0,1,2,13,71,5.5,29.1,WR,NYG,14.4
297,Chase Claypool,,260.0,00-0036326,WR,2022,0.9215686274509803,24,0.692,34.02439,0.008,49.0,9.8,1,1.0,1,9,59.0,0,46,451.0,1,1.0,0,0.0,0,0,0.0,0,8,77.0,1,0.0,3.108695652173913,00-0036326,15,451.0,30.066668,3.192629,8.955846,00-0036326,6,20.0,1.0,79,46,457,30.466666666666665,7,1,9,59,3.933333333333333,0,1,2,15,50,6.2,32.4,WR,PIT,9.1
297,Chase Claypool,,260.0,00-0036326,WR,2022,0.9215686274509803,24,0.692,34.02439,0.008,49.0,9.8,1,1.0,1,9,59.0,0,46,451.0,1,1.0,0,0.0,0,0,0.0,0,8,77.0,1,0.0,3.108695652173913,00-0036326,15,451.0,30.066668,3.192629,8.955846,00-0036326,6,20.0,1.0,79,46,457,30.466666666666665,7,1,9,59,3.933333333333333,0,1,2,15,29,4.1,21.4,WR,CHI,8.0
299,Mecole Hardman Jr.,GB,262.0,00-0035140,WR,2022,0.8636363636363636,24,0.5325,81.49357,0.018000000000000002,56.0,9.0,0,0.0,0,4,31.0,2,25,297.0,4,0.0,0,0.0,0,1,3.0,0,15,124.0,0,0.0,6.4,00-0035140,9,307.0,34.11111,4.9726243,6.9766254,00-0035140,10,104.0,4.0,34,25,297,37.125,5,4,4,31,3.875,2,0,6,8,34,4.2,36.3,WR,KC,5.5
306,Allen Robinson,II,286.0,00-0031428,WR,2022,0.7323943661971831,29,0.904,31.645443,0.033,61.0,8.4,0,0.0,0,0,0.0,0,33,339.0,3,0.0,0,0.0,0,0,0.0,0,34,280.0,0,0.0,2.1515151515151514,00-0031428,10,339.0,33.9,3.9893575,8.825598,00-0031428,14,66.0,3.0,52,33,339,33.9,3,3,0,0,0.0,0,0,3,10,52,5.2,30.4,WR,LA,10.1
309,Terrace Marshall Jr.,PHI,288.0,00-0036955,WR,2022,0.8235294117647058,22,0.7542857142857143,17.91641,0.008,59.0,8.6,0,0.0,0,0,0.0,0,28,490.0,1,0.0,0,0.0,0,0,0.0,0,19,139.0,0,0.0,4.714285714285714,00-0036955,13,490.0,37.692307,3.3483663,13.014552,00-0036955,6,0.0,0.0,47,28,490,37.69230769230769,10,1,0,0,0.0,0,0,1,13,47,3.6,25.2,WR,CAR,11.0
324,Tyquan Thornton,KC,286.0,00-0038104,WR,2022,0.7647058823529411,22,0.6546153846153846,38.932957,0.008,50.0,9.7,0,0.0,0,3,16.0,1,22,247.0,2,0.0,0,0.0,0,3,51.0,0,13,91.0,0,0.0,2.8636363636363638,00-0038104,12,247.0,20.583334,3.6688669,5.810946,00-0038104,5,34.0,2.0,45,22,247,20.58333333333333,4,2,3,16,1.3333333333333333,1,0,3,12,45,3.8,30.7,WR,NE,8.6
333,Josh Reynolds,NYJ,295.0,00-0033943,WR,2022,0.9090909090909091,27,0.6578571428571428,48.302654,0.013999999999999999,117.0,4.3,0,0.0,0,0,0.0,0,38,479.0,3,0.0,0,0.0,0,0,0.0,0,40,608.0,5,1.0,3.026315789473684,00-0033943,12,479.0,39.916668,4.429851,9.412471,00-0033943,13,68.0,3.0,59,38,479,39.91666666666666,8,3,0,0,0.0,0,0,3,12,59,4.9,33.2,WR,DET,10.5
335,Mack Hollins,NE,296.0,00-0033555,WR,2022,0.8469387755102041,28,0.9341176470588236,52.0539,0.011000000000000001,118.0,4.2,1,4.0,0,4,40.0,0,57,690.0,4,0.0,0,0.0,0,0,0.0,0,18,251.0,0,0.0,3.3684210526315788,00-0033555,17,690.0,40.588234,3.9991634,10.215962,00-0033555,12,78.0,2.0,94,57,690,40.588235294117645,9,4,4,40,2.3529411764705883,0,0,4,17,94,5.5,33.0,WR,LV,16.8
337,Marvin Jones Jr.,,297.0,00-0029293,WR,2022,0.9122807017543859,32,0.663125,24.161959,0.013000000000000001,166.0,2.0,0,0.0,0,0,0.0,0,46,529.0,3,0.0,0,0.0,0,0,0.0,0,5,35.0,0,1.0,2.0652173913043477,00-0029293,18,579.0,32.166668,3.9509332,8.205391,00-0029293,12,144.0,4.0,81,46,529,33.0625,6,3,0,0,0.0,0,0,3,16,81,5.1,34.1,WR,JAX,14.0
2,Tyreek Hill,MIA,2.3,00-0033040,WR,2023,0.9694656488549618,29,0.673125,93.57533,0.11699999999999999,165.0,2.1,0,0.0,0,6,15.0,0,119,1799.0,13,1.0,0,0.0,0,8,53.0,0,81,959.0,6,0.0,5.4789915966386555,00-0033040,17,1861.0,109.47059,4.487977,23.743704,00-0033040,26,108.0,4.0,172,119,1799,112.4375,29,13,6,15,0.9375,0,1,13,16,172,10.8,32.4,WR,MIA,31.2
3,CeeDee Lamb,DAL,2.7,00-0036358,WR,2023,0.9850746268656716,24,0.8370588235294117,120.18493,0.133,17.0,16.6,0,0.0,0,14,113.0,2,135,1749.0,12,1.0,0,0.0,0,14,70.0,0,101,1194.0,6,1.0,5.037037037037037,00-0036358,18,1859.0,103.27778,4.2363186,24.285349,00-0036358,35,322.0,9.0,182,135,1749,102.88235294117646,29,12,14,113,6.647058823529412,2,2,14,17,182,10.7,35.8,WR,DAL,29.9
6,Justin Jefferson,MIN,6.0,00-0036322,WR,2023,0.8955223880597015,24,0.867,111.04623,0.13699999999999998,22.0,14.9,0,0.0,0,1,-12.0,0,68,1074.0,5,0.0,1,22.0,0,1,3.0,0,103,1533.0,10,0.0,3.823529411764706,00-0036322,10,1074.0,107.4,4.8166804,21.618908,00-0036322,11,50.0,1.0,100,68,1074,107.4,25,5,1,-12,-1.2,0,1,5,10,100,10.0,35.7,WR,MIN,16.5
7,Ja'Marr Chase,CIN,6.3,00-0036900,WR,2023,0.9019607843137255,23,0.87,156.55812,0.042,5.0,24.3,1,-7.0,0,3,-6.0,0,100,1216.0,7,0.0,0,0.0,0,3,32.0,0,127,1708.0,17,0.0,5.41,00-0036900,16,1216.0,76.0,4.0445776,18.92729,00-0036900,21,136.0,4.0,145,100,1216,76.0,14,7,3,-6,-0.375,0,0,7,16,145,9.1,34.9,WR,CIN,24.5
8,Amon-Ra St. Brown,DET,7.0,00-0036963,WR,2023,0.9607843137254902,23,0.8975,47.064293,0.11699999999999999,112.0,4.6,0,0.0,0,4,24.0,0,119,1515.0,10,1.0,1,7.0,1,2,6.0,0,115,1263.0,12,1.0,5.61344537815126,00-0036963,19,1789.0,94.1579,4.206735,22.06164,00-0036963,33,326.0,7.0,165,119,1515,94.6875,24,10,4,24,1.5,0,1,10,16,165,10.3,34.1,WR,DET,28.5
9,A.J. Brown,PHI,10.0,00-0035676,WR,2023,0.9285714285714286,26,0.8888235294117647,104.70743,0.125,51.0,9.6,0,0.0,0,0,0.0,0,106,1456.0,7,2.0,0,0.0,0,0,0.0,0,67,1079.0,7,0.0,4.462264150943396,00-0035676,17,1456.0,85.64706,3.6921163,22.253338,00-0035676,18,154.0,4.0,158,106,1456,85.6470588235294,21,7,0,0,0.0,0,2,7,17,158,9.3,30.9,WR,PHI,30.0
12,Garrett Wilson,NYJ,12.0,00-0037740,WR,2023,1.0,23,0.9147058823529411,29.795074,0.025,10.0,19.9,0,0.0,0,4,0.0,0,95,1042.0,3,2.0,0,0.0,0,2,5.0,0,101,1104.0,7,2.0,3.442105263157895,00-0037740,17,1042.0,61.294117,3.22011,19.103844,00-0037740,19,106.0,2.0,168,95,1042,61.294117647058826,11,3,4,0,0.0,0,2,3,17,168,9.9,33.2,WR,NYJ,29.8
14,Puka Nacua,LAR,14.7,00-0039075,WR,2023,1.0,22,0.8723529411764704,79.06757,0.005,177.0,1.6,0,0.0,0,12,89.0,0,105,1486.0,6,0.0,0,0.0,0,11,46.0,1,79,990.0,3,0.0,6.085714285714285,00-0039075,18,1667.0,92.611115,4.091706,21.981512,00-0039075,16,168.0,3.0,160,105,1486,87.41176470588235,25,6,12,89,5.235294117647059,0,0,6,17,160,9.4,32.9,WR,LA,28.6
19,Davante Adams,LAR,21.0,00-0031381,WR,2023,0.9575757575757575,30,0.9211764705882352,123.40235,0.134,53.0,9.3,0,0.0,0,0,0.0,0,103,1144.0,8,0.0,0,0.0,0,0,0.0,0,85,1063.0,8,0.0,3.262135922330097,00-0031381,17,1144.0,67.29412,3.6516151,17.642382,00-0031381,30,160.0,6.0,175,103,1144,67.29411764705883,13,8,0,0,0.0,0,0,8,17,175,10.3,31.4,WR,LV,32.8
22,Drake London,ATL,22.3,00-0037238,WR,2023,0.9705882352941176,22,0.8125,57.02456,0.026000000000000002,8.0,21.4,1,22.0,0,0,0.0,0,69,905.0,2,0.0,0,0.0,0,1,-3.0,0,100,1271.0,9,0.0,2.7246376811594204,00-0037238,16,905.0,56.5625,3.4080448,16.119463,00-0037238,18,122.0,2.0,112,69,905,56.5625,17,2,0,0,0.0,0,0,2,16,112,7.0,30.1,WR,ATL,21.9
25,Chris Olave,NO,25.7,00-0037239,WR,2023,0.9117647058823529,23,0.7381249999999999,33.41196,0.023,11.0,19.3,0,0.0,0,0,0.0,0,87,1123.0,5,0.0,0,0.0,0,1,7.0,0,32,400.0,1,1.0,3.9885057471264367,00-0037239,16,1123.0,70.1875,3.8137262,17.541447,00-0037239,13,106.0,4.0,139,87,1123,70.1875,16,5,0,0,0.0,0,0,5,16,139,8.7,34.2,WR,NO,23.9
27,Deebo Samuel Sr.,WAS,27.3,00-0035719,WR,2023,0.7951807228915663,27,0.74,115.979805,0.115,36.0,11.8,0,0.0,0,37,225.0,5,60,892.0,7,0.0,0,0.0,0,42,136.0,1,51,670.0,3,0.0,8.783333333333333,00-0035719,18,1038.0,57.666668,4.4100695,12.846531,00-0035719,18,208.0,3.0,89,60,892,59.46666666666667,15,7,37,225,15.0,5,0,12,15,89,6.4,27.7,WR,SF,18.9
28,Nico Collins,HOU,30.7,00-0036554,WR,2023,0.7647058823529411,24,0.6793333333333335,122.934,0.095,89.0,6.0,0,0.0,0,1,7.0,0,80,1297.0,8,0.0,0,0.0,0,0,0.0,0,68,1006.0,7,0.0,6.8625,00-0036554,17,1461.0,85.94118,4.373574,19.44001,00-0036554,18,154.0,7.0,110,80,1297,86.46666666666667,25,8,1,7,0.4666666666666667,0,0,8,15,110,7.3,33.6,WR,HOU,19.3
32,Mike Evans,TB,32.3,00-0031408,WR,2023,0.9636363636363636,30,0.786470588235294,74.57405,0.08,7.0,22.2,0,0.0,0,0,0.0,0,79,1255.0,13,0.0,0,0.0,0,0,0.0,0,74,1004.0,11,0.0,4.075949367088608,00-0031408,19,1450.0,76.31579,4.102522,18.400045,00-0031408,19,120.0,6.0,137,79,1255,73.82352941176471,20,13,0,0,0.0,0,0,13,17,137,8.1,32.6,WR,TB,24.7
33,Brandon Aiyuk,SF,33.3,00-0036261,WR,2023,0.9253731343283582,25,0.8150000000000001,57.364666,0.11699999999999999,25.0,14.1,0,0.0,0,0,0.0,0,75,1342.0,7,1.0,0,0.0,0,0,0.0,0,25,374.0,0,0.0,4.826666666666667,00-0036261,19,1491.0,78.47369,4.5841637,17.617739,00-0036261,12,152.0,6.0,105,75,1342,83.875,28,7,0,0,0.0,0,1,7,16,105,6.6,27.7,WR,SF,22.3
34,Cooper Kupp,SEA,34.7,00-0033908,WR,2023,0.8434782608695652,30,0.9058333333333334,80.38909,0.128,69.0,7.6,0,0.0,0,1,-3.0,0,59,737.0,5,0.0,0,0.0,0,2,10.0,0,67,710.0,6,0.0,5.4576271186440675,00-0033908,13,764.0,58.76923,4.114599,15.0322895,00-0033908,25,166.0,4.0,97,59,737,61.41666666666666,10,5,1,-3,-0.25,0,0,5,12,97,8.1,32.9,WR,LA,17.4
38,DJ Moore,CHI,38.3,00-0034827,WR,2023,0.9797979797979798,26,0.906470588235294,136.81639,0.10800000000000001,24.0,14.4,0,0.0,0,4,21.0,1,96,1364.0,8,1.0,0,0.0,0,14,75.0,0,98,966.0,6,1.0,5.614583333333333,00-0034827,17,1364.0,80.23529,3.144151,24.541735,00-0034827,14,118.0,4.0,138,96,1364,80.23529411764706,25,8,4,21,1.2352941176470589,1,1,9,17,138,8.1,28.2,WR,CHI,28.7
39,Michael Pittman Jr.,IND,38.7,00-0035640,WR,2023,0.9879518072289156,25,0.843125,60.02117,0.115,64.0,8.1,0,0.0,0,0,0.0,0,66,1114.0,8,0.0,0,0.0,0,0,0.0,0,66,992.0,5,2.0,5.5606060606060606,00-0035640,16,1114.0,69.625,4.196102,16.26969,00-0035640,23,158.0,6.0,119,66,1114,69.625,19,8,0,0,0.0,0,0,8,16,119,7.4,32.3,WR,SEA,21.7
39,Michael Pittman Jr.,IND,38.7,00-0035640,WR,2023,0.9879518072289156,25,0.843125,60.02117,0.115,64.0,8.1,0,0.0,0,0,0.0,0,66,1114.0,8,0.0,0,0.0,0,0,0.0,0,66,992.0,5,2.0,5.5606060606060606,00-0035640,16,1114.0,69.625,4.196102,16.26969,00-0035640,23,158.0,6.0,119,66,1114,69.625,19,8,0,0,0.0,0,0,8,16,119,7.4,32.3,WR,SEA,21.7
40,DK Metcalf,PIT,38.7,00-0035640,WR,2023,0.9879518072289156,25,0.843125,60.02117,0.115,64.0,8.1,0,0.0,0,0,0.0,0,66,1114.0,8,0.0,0,0.0,0,0,0.0,0,66,992.0,5,2.0,5.5606060606060606,00-0035640,16,1114.0,69.625,4.196102,16.26969,00-0035640,23,158.0,6.0,119,66,1114,69.625,19,8,0,0,0.0,0,0,8,16,119,7.4,32.3,WR,SEA,21.7
40,DK Metcalf,PIT,38.7,00-0035640,WR,2023,0.9879518072289156,25,0.843125,60.02117,0.115,64.0,8.1,0,0.0,0,0,0.0,0,66,1114.0,8,0.0,0,0.0,0,0,0.0,0,66,992.0,5,2.0,5.5606060606060606,00-0035640,16,1114.0,69.625,4.196102,16.26969,00-0035640,23,158.0,6.0,119,66,1114,69.625,19,8,0,0,0.0,0,0,8,16,119,7.4,32.3,WR,SEA,21.7
41,Jaylen Waddle,MIA,39.0,00-0036613,WR,2023,0.9215686274509803,24,0.6699999999999999,41.30286,0.111,6.0,23.2,0,0.0,0,3,12.0,0,72,1014.0,4,0.0,0,0.0,0,4,12.0,0,58,744.0,2,0.0,5.847222222222222,00-0036613,15,1045.0,69.666664,4.5285435,16.132214,00-0036613,9,72.0,3.0,104,72,1014,72.42857142857143,12,4,3,12,0.8571428571428571,0,0,4,14,104,7.4,32.4,WR,MIA,18.9
44,Stefon Diggs,NE,42.3,00-0031588,WR,2023,1.0,29,0.8129411764705884,70.421844,0.08800000000000001,146.0,2.9,0,0.0,0,1,5.0,0,107,1183.0,8,1.0,1,13.0,0,3,8.0,1,47,496.0,3,0.0,3.7289719626168223,00-0031588,19,1256.0,66.10526,3.8537128,17.60085,00-0031588,17,186.0,6.0,161,107,1183,69.58823529411765,10,8,1,5,0.2941176470588235,0,1,8,17,161,9.5,32.3,WR,BUF,29.3
46,DeVonta Smith,PHI,45.7,00-0036912,WR,2023,0.9803921568627451,24,0.963125,49.690002,0.098,10.0,19.9,0,0.0,0,0,0.0,0,81,1066.0,7,1.0,0,0.0,0,1,1.0,0,68,833.0,8,0.0,3.6296296296296298,00-0036912,17,1214.0,71.411766,3.780737,19.88222,00-0036912,8,54.0,3.0,113,81,1066,66.625,14,7,0,0,0.0,0,1,7,16,113,7.1,30.9,WR,PHI,21.5
54,Amari Cooper,,55.7,00-0031544,WR,2023,0.9795918367346939,29,0.7806666666666667,154.63667,0.10099999999999999,4.0,25.8,0,0.0,0,0,0.0,0,72,1250.0,5,1.0,0,0.0,0,0,0.0,0,44,547.0,4,0.0,3.763888888888889,00-0031544,16,1309.0,81.8125,3.3716147,23.200829,00-0031544,16,110.0,2.0,130,72,1250,83.33333333333333,21,5,0,0,0.0,0,1,5,15,130,8.7,35.2,WR,CLE,21.7
59,George Pickens,DAL,61.7,00-0037247,WR,2023,1.0,22,0.8700000000000001,84.5303,0.008,52.0,9.4,0,0.0,0,3,18.0,0,63,1140.0,5,0.0,0,0.0,0,2,-6.0,0,59,900.0,3,1.0,6.158730158730159,00-0037247,18,1190.0,66.111115,3.4127874,17.908562,00-0037247,10,42.0,0.0,106,63,1140,67.05882352941177,22,5,3,18,1.0588235294117647,0,0,5,17,106,6.6,28.6,WR,PIT,21.8
60,Tee Higgins,CIN,62.0,00-0036410,WR,2023,0.8805970149253731,24,0.7383333333333333,96.186066,0.085,33.0,12.3,0,0.0,0,0,0.0,0,42,656.0,5,0.0,0,0.0,0,0,0.0,0,73,911.0,10,1.0,5.595238095238095,00-0036410,12,656.0,54.666668,4.0621963,11.902425,00-0036410,12,130.0,3.0,76,42,656,54.66666666666666,8,5,0,0,0.0,0,0,5,12,76,6.3,34.9,WR,CIN,12.8
63,Zay Flowers,BAL,63.3,00-0039064,WR,2023,0.9411764705882353,22,0.843125,44.117336,0.016,22.0,14.9,0,0.0,0,8,56.0,1,77,858.0,5,0.0,0,0.0,0,9,56.0,0,74,1059.0,4,0.0,5.025974025974026,00-0039064,18,1014.0,56.333332,3.759674,14.7247505,00-0039064,17,96.0,3.0,109,77,858,53.625,12,5,8,56,3.5,1,0,6,16,109,6.8,28.1,WR,BAL,22.9
64,Tank Dell,HU,63.3,00-0038977,WR,2023,0.6470588235294118,23,0.6563636363636364,95.831116,0.006,69.0,7.6,0,0.0,0,11,51.0,0,47,709.0,7,0.0,0,0.0,0,9,43.0,0,51,667.0,3,0.0,3.234042553191489,00-0038977,10,709.0,70.9,4.7384195,14.22505,00-0038977,9,88.0,3.0,152,94,1418,141.8,10,14,22,102,10.2,0,0,14,10,76,7.6,33.6,WR,HOU,13.3
64,Tank Dell,HU,63.3,00-0038977,WR,2023,0.6470588235294118,23,0.6563636363636364,95.831116,0.006,69.0,7.6,0,0.0,0,11,51.0,0,47,709.0,7,0.0,0,0.0,0,9,43.0,0,51,667.0,3,0.0,3.234042553191489,00-0038977,10,709.0,70.9,4.7384195,14.22505,00-0038977,9,88.0,3.0,152,94,1418,141.8,10,14,22,102,10.2,0,0,14,10,76,7.6,33.6,WR,HOU,13.3
67,Terry McLaurin,WAS,67.0,00-0035659,WR,2023,0.963855421686747,27,0.8517647058823531,34.8164,0.111,76.0,7.0,0,0.0,0,0,0.0,0,79,1002.0,4,0.0,0,0.0,0,2,2.0,0,82,1096.0,13,1.0,4.430379746835443,00-0035659,17,1002.0,58.941177,3.879794,15.423322,00-0035659,10,62.0,1.0,132,79,1002,58.94117647058823,15,4,0,0,0.0,0,0,4,17,132,7.8,35.4,WR,WAS,21.9
70,Rashee Rice,KC,70.3,00-0039067,WR,2023,0.9411764705882353,23,0.585,34.00296,0.006999999999999999,55.0,9.1,0,0.0,0,1,-3.0,0,79,938.0,7,1.0,0,0.0,0,1,1.0,0,24,288.0,2,0.0,8.278481012658228,00-0039067,20,1200.0,60.0,4.235095,14.437464,00-0039067,28,280.0,7.0,102,79,938,58.625,10,7,1,-3,-0.1875,0,1,7,16,102,6.4,35.2,WR,KC,17.0
74,Christian Kirk,HU,72.3,00-0034775,WR,2023,0.8585858585858586,26,0.7058333333333332,35.778725,0.086,47.0,10.1,1,-1.0,0,1,6.0,0,57,787.0,3,2.0,0,0.0,0,0,0.0,0,27,379.0,1,0.0,4.333333333333333,00-0034775,12,787.0,65.583336,3.945061,17.141104,00-0034775,6,32.0,0.0,85,57,787,65.58333333333333,13,3,1,6,0.5,0,2,3,12,85,7.1,35.9,WR,JAX,13.9
76,Keenan Allen,LAC,75.3,00-0030279,WR,2023,0.7861271676300579,31,0.89,134.73251,0.10099999999999999,76.0,7.0,1,49.0,1,2,6.0,0,108,1243.0,7,1.0,0,0.0,0,0,0.0,0,70,744.0,7,1.0,3.6666666666666665,00-0030279,13,1243.0,95.61539,4.0588017,23.166248,00-0030279,14,98.0,5.0,150,108,1243,95.6153846153846,19,7,2,6,0.4615384615384615,0,1,8,13,150,11.5,36.2,WR,LAC,24.4
77,Chris Godwin,TB,79.7,00-0033921,WR,2023,0.9043478260869565,27,0.8123529411764705,27.709337,0.096,84.0,6.4,0,0.0,0,4,38.0,1,83,1024.0,2,0.0,0,0.0,0,1,2.0,0,50,576.0,5,0.0,4.530120481927711,00-0033921,19,1109.0,58.36842,4.102522,14.686708,00-0033921,18,66.0,1.0,131,83,1024,60.23529411764706,14,2,4,38,2.235294117647059,1,0,3,17,131,7.7,32.6,WR,TB,23.6
78,Calvin Ridley,TEN,81.3,00-0034837,WR,2023,0.7472527472527473,28,0.8511764705882353,80.14441,0.09,26.0,13.9,0,0.0,0,9,23.0,0,76,1016.0,8,0.0,0,0.0,0,8,55.0,1,64,1017.0,4,1.0,2.5526315789473686,00-0034837,17,1016.0,59.764706,3.9584844,15.038735,00-0034837,28,160.0,6.0,137,76,1016,59.76470588235294,17,8,9,23,1.3529411764705883,0,0,8,17,137,8.1,35.9,WR,JAX,22.5
82,Jayden Reed,GB,85.7,00-0039146,WR,2023,0.9411764705882353,23,0.561875,45.226,0.008,50.0,9.7,0,0.0,0,11,119.0,2,64,793.0,8,0.0,0,0.0,0,20,163.0,1,55,857.0,6,1.0,5.234375,00-0039146,18,828.0,46.0,4.0895033,11.101087,00-0039146,19,180.0,5.0,95,64,793,49.5625,13,8,12,119,7.4375,2,0,10,16,95,5.9,33.1,WR,GB,16.9
83,Diontae Johnson,CLE,88.7,00-0035216,WR,2023,0.9285714285714286,27,0.7115384615384616,37.54603,0.08800000000000001,66.0,7.9,0,0.0,0,0,0.0,0,51,717.0,5,0.0,0,0.0,0,2,6.0,0,33,375.0,3,0.0,5.117647058823529,00-0035216,14,765.0,54.642857,3.361779,16.966625,00-0035216,13,82.0,4.0,87,51,710,54.61538461538461,10,5,0,0,0.0,0,0,5,13,87,6.7,28.6,WR,PIT,17.9
99,Jaxon Smith-Njigba,SEA,103.0,00-0038543,WR,2023,1.0,21,0.6482352941176471,17.482353,0.016,20.0,15.5,0,0.0,0,0,0.0,0,63,628.0,4,0.0,1,35.0,0,5,26.0,0,100,1130.0,6,0.0,5.809523809523809,00-0038543,17,628.0,36.941177,4.179315,9.045323,00-0038543,10,74.0,2.0,93,63,628,36.94117647058823,7,4,0,0,0.0,0,0,4,17,93,5.5,32.3,WR,SEA,16.9
100,Christian Watson,GB,103.3,00-0038124,WR,2023,0.6764705882352942,24,0.7688888888888888,62.417778,0.011000000000000001,34.0,12.1,0,0.0,0,4,11.0,0,28,422.0,5,0.0,0,0.0,0,4,23.0,0,29,620.0,2,1.0,3.75,00-0038124,11,442.0,40.18182,4.056824,10.243887,00-0038124,13,114.0,5.0,53,28,422,46.888888888888886,5,5,4,11,1.2222222222222223,0,0,5,9,53,5.9,33.1,WR,GB,9.4
102,Marquise Brown,KC,106.7,00-0035662,WR,2023,0.8674698795180723,26,0.8507142857142856,37.1559,0.027000000000000003,25.0,14.1,0,0.0,0,2,23.0,0,51,574.0,4,0.0,0,0.0,0,0,0.0,0,9,91.0,0,0.0,3.215686274509804,00-0035662,13,574.0,44.153847,3.0925832,14.316557,00-0035662,12,38.0,3.0,104,51,574,44.15384615384615,8,4,2,23,1.7692307692307692,0,0,4,13,104,8.0,32.2,WR,ARI,19.0
103,Jordan Addison,MIN,107.0,00-0038994,WR,2023,1.0,21,0.8105882352941177,75.489044,0.015,23.0,14.6,0,0.0,0,1,2.0,0,70,911.0,10,0.0,0,0.0,0,3,20.0,1,63,875.0,9,0.0,3.742857142857143,00-0038994,17,911.0,53.588234,4.459788,12.357977,00-0038994,17,158.0,5.0,108,70,911,53.588235294117645,15,10,1,2,0.1176470588235294,0,0,10,17,108,6.4,35.7,WR,MIN,17.8
107,DeAndre Hopkins,BAL,108.7,00-0030564,WR,2023,0.9175824175824175,31,0.7217647058823529,73.797646,0.057999999999999996,27.0,13.6,0,0.0,0,2,9.0,0,75,1057.0,7,0.0,0,0.0,0,0,0.0,0,56,610.0,5,0.0,2.973333333333333,00-0030564,17,1057.0,62.17647,3.5737557,16.950731,00-0030564,18,110.0,4.0,137,75,1057,62.1764705882353,15,7,2,9,0.5294117647058824,0,0,7,17,137,8.1,28.2,WR,TEN,28.6
110,Courtland Sutton,DEN,113.0,00-0034348,WR,2023,0.81,27,0.785,36.9305,0.054000000000000006,40.0,11.1,0,0.0,0,0,0.0,0,59,772.0,10,3.0,2,30.0,1,0,0.0,0,81,1081.0,8,1.0,2.6440677966101696,00-0034348,16,772.0,48.25,3.5891228,14.549884,00-0034348,19,232.0,8.0,91,59,772,48.25,14,10,0,0,0.0,0,3,10,16,91,5.7,28.2,WR,DEN,19.0
118,Jameson Williams,DET,118.3,00-0037240,WR,2023,0.5294117647058824,22,0.5325,20.777197,0.021,12.0,18.8,0,0.0,0,3,29.0,1,24,354.0,2,0.0,0,0.0,0,11,61.0,1,58,1001.0,7,0.0,4.375,00-0037240,15,433.0,28.866667,4.1715703,6.744244,00-0037240,5,60.0,1.0,42,24,354,29.5,5,2,3,29,2.4166666666666665,1,0,3,12,42,3.5,34.1,WR,DET,7.3
126,Khalil Shakir,BUF,133.0,00-0037261,WR,2023,0.9411764705882353,23,0.5135294117647059,37.54096,0.005,148.0,2.8,0,0.0,0,1,10.0,0,39,611.0,2,0.0,0,0.0,0,2,4.0,0,76,821.0,4,0.0,7.230769230769231,00-0037261,18,686.0,38.11111,3.8721194,9.906821,00-0037261,6,94.0,3.0,46,39,611,38.1875,10,2,1,10,0.625,0,0,2,16,46,2.9,32.3,WR,BUF,8.4
133,Curtis Samuel,BUF,139.7,00-0033282,WR,2023,0.8260869565217391,27,0.56375,41.646,0.031,40.0,11.1,0,0.0,0,7,39.0,1,62,613.0,4,0.0,0,0.0,0,5,14.0,0,31,253.0,1,0.0,4.193548387096774,00-0033282,16,613.0,38.3125,3.8550112,10.713798,00-0033282,16,120.0,4.0,91,62,613,38.3125,7,4,7,39,2.4375,1,0,5,16,91,5.7,35.4,WR,WAS,15.1
136,Romeo Doubs,GB,141.3,00-0037816,WR,2023,0.8823529411764706,23,0.7670588235294117,36.81507,0.005,132.0,3.5,0,0.0,0,0,0.0,0,59,674.0,8,0.0,0,0.0,0,0,0.0,0,46,601.0,4,0.0,2.2711864406779663,00-0037816,19,908.0,47.789474,4.057224,11.888468,00-0037816,22,198.0,8.0,96,59,674,39.64705882352941,7,8,0,0,0.0,0,0,8,17,96,5.6,33.1,WR,GB,17.1
138,Tyler Lockett,TEN,145.7,00-0032211,WR,2023,0.9797297297297297,30,0.7994117647058824,51.73809,0.059000000000000004,69.0,7.6,0,0.0,0,0,0.0,0,79,894.0,5,0.0,0,0.0,0,0,0.0,0,49,600.0,2,0.0,2.6582278481012658,00-0032211,17,894.0,52.588234,4.179315,12.521536,00-0032211,15,108.0,4.0,124,79,894,52.588235294117645,9,5,0,0,0.0,0,0,5,17,124,7.3,32.3,WR,SEA,22.6
142,Joshua Palmer,BUF,150.3,00-0036988,WR,2023,0.8431372549019608,23,0.751,38.048996,0.006999999999999999,77.0,6.9,0,0.0,0,1,6.0,0,38,581.0,2,1.0,0,0.0,0,0,0.0,0,39,584.0,1,0.0,5.157894736842105,00-0036988,10,581.0,58.1,4.090588,14.822497,00-0036988,9,30.0,0.0,61,38,581,58.1,9,2,1,6,0.6,0,1,2,10,61,6.1,36.2,WR,LAC,9.9
145,Jakobi Meyers,LV,151.3,00-0034960,WR,2023,0.9404761904761905,26,0.898125,54.09976,0.049,,0.0,2,12.0,1,4,24.0,2,71,807.0,8,0.0,0,0.0,0,2,23.0,0,87,1027.0,4,0.0,3.408450704225352,00-0034960,16,807.0,50.4375,3.5833666,14.5926895,00-0034960,16,198.0,6.0,106,71,807,50.4375,8,8,4,24,1.5,2,0,11,16,106,6.6,31.4,WR,LV,19.9
148,Jerry Jeudy,CLE,155.7,00-0036407,WR,2023,0.8529411764705882,24,0.65875,14.5251665,0.069,15.0,17.4,0,0.0,0,0,0.0,0,54,758.0,2,0.0,0,0.0,0,0,0.0,0,90,1229.0,4,0.0,5.981481481481482,00-0036407,16,758.0,47.375,3.6104283,13.403333,00-0036407,11,82.0,1.0,87,54,758,47.375,10,2,0,0,0.0,0,0,2,16,87,5.4,28.2,WR,DEN,18.1
153,Dontayvion Wicks,GB,157.7,00-0038393,WR,2023,0.8823529411764706,22,0.476,40.960415,0.005,159.0,2.3,1,14.0,0,1,1.0,0,39,581.0,4,1.0,0,0.0,0,0,0.0,0,39,415.0,5,0.0,5.410256410256411,00-0038393,17,606.0,35.64706,3.9998546,8.545606,00-0038393,9,112.0,3.0,58,39,581,38.73333333333333,11,4,1,1,0.0666666666666666,0,1,4,15,58,3.9,33.1,WR,GB,10.3
156,Brandin Cooks,NO,159.3,00-0031236,WR,2023,0.8742138364779874,29,0.733125,66.55933,0.044000000000000004,20.0,15.5,0,0.0,0,5,35.0,0,54,657.0,8,0.0,0,0.0,0,3,-3.0,0,26,259.0,3,0.0,2.314814814814815,00-0031236,17,704.0,41.411766,4.2980137,8.96381,00-0031236,13,96.0,6.0,82,54,657,41.0625,11,8,5,35,2.1875,0,0,8,16,82,5.1,35.8,WR,DAL,13.5
160,Adam Thielen,CAR,163.0,00-0030035,WR,2023,0.9393939393939394,33,0.9111764705882353,82.67361,0.037000000000000005,,0.0,0,0.0,0,1,6.0,0,103,1014.0,4,0.0,0,0.0,0,0,0.0,0,48,615.0,5,0.0,3.3009708737864076,00-0030035,17,1014.0,59.64706,2.9515471,19.704514,00-0030035,16,120.0,4.0,138,103,1014,59.64705882352941,9,4,1,6,0.3529411764705882,0,0,4,17,138,8.1,31.5,WR,CAR,25.8
162,Rashid Shaheed,N,163.3,00-0037545,WR,2023,0.9310344827586207,25,0.5800000000000001,49.380665,0.012,,0.0,0,0.0,0,7,37.0,0,46,719.0,5,0.0,0,0.0,0,6,29.0,0,20,349.0,3,0.0,3.282608695652174,00-0037545,15,719.0,47.933334,3.9038534,11.563252,00-0037545,7,68.0,2.0,75,46,719,47.93333333333333,12,5,7,37,2.466666666666667,0,1,5,15,75,5.0,34.2,WR,NO,12.9
167,Gabe Davis ,,166.7,00-0036196,WR,2023,0.9701492537313433,24,0.8341176470588235,92.3025,0.051,128.0,3.7,0,0.0,0,1,-2.0,0,45,746.0,7,1.0,0,0.0,0,0,0.0,0,20,239.0,2,1.0,4.0,00-0036196,16,746.0,46.625,3.9829588,11.051496,00-0036196,13,128.0,5.0,82,45,746,46.625,12,7,1,-2,-0.125,0,1,7,16,82,5.1,32.3,WR,BUF,14.9
181,Jahan Dotson,PHI,180.3,00-0037741,WR,2023,0.8529411764705882,23,0.8258823529411764,42.99132,0.018000000000000002,16.0,16.9,0,0.0,0,0,0.0,0,49,518.0,4,0.0,0,0.0,0,1,13.0,0,19,216.0,0,0.0,2.3469387755102042,00-0037741,17,518.0,30.470589,3.879794,7.788601,00-0037741,12,64.0,2.0,83,49,518,30.47058823529412,5,4,0,0,0.0,0,0,4,17,83,4.9,35.4,WR,WAS,13.8
182,Josh Downs,IND,180.7,00-0038997,WR,2023,1.0,22,0.6752941176470588,28.298822,0.006,79.0,6.8,0,0.0,0,0,0.0,0,68,771.0,2,0.0,0,0.0,0,1,-1.0,0,72,803.0,5,0.0,5.455882352941177,00-0038997,17,771.0,45.35294,3.5797443,12.816992,00-0038997,10,64.0,1.0,98,68,771,45.35294117647059,10,2,0,0,0.0,0,0,2,17,98,5.8,32.4,WR,IND,17.8
200,Darnell Mooney,ATL,171.5,00-0036309,WR,2023,0.8955223880597015,25,0.7466666666666666,20.407087,0.051,173.0,1.8,0,0.0,0,2,5.0,0,31,414.0,1,0.0,0,0.0,0,0,0.0,0,64,992.0,5,0.0,5.838709677419355,00-0036309,14,414.0,29.571428,3.0266926,9.754068,00-0036309,8,38.0,1.0,61,31,414,29.571428571428573,7,1,2,5,0.3571428571428571,0,0,1,14,61,4.4,28.2,WR,CHI,12.7
202,Michael Wilson,ARI,174.5,00-0038559,WR,2023,0.7647058823529411,23,0.7999999999999999,53.495773,0.006,94.0,5.7,0,0.0,0,0,0.0,0,38,565.0,3,0.0,0,0.0,0,1,7.0,0,47,548.0,4,1.0,3.6578947368421053,00-0038559,13,565.0,43.46154,3.2935185,12.861273,00-0038559,8,86.0,3.0,59,38,565,43.46153846153846,7,3,0,0,0.0,0,0,3,13,59,4.5,32.2,WR,ARI,10.8
210,Quentin Johnston,LAC,192.0,00-0038544,WR,2023,1.0,21,0.6499999999999999,16.527206,0.016,21.0,15.2,0,0.0,0,3,9.0,0,38,431.0,2,0.0,0,0.0,0,3,6.0,0,55,711.0,8,0.0,4.0,00-0038544,17,431.0,25.352942,3.9367568,6.597393,00-0038544,8,34.0,2.0,67,38,431,25.352941176470587,5,2,3,9,0.5294117647058824,0,0,2,17,67,3.9,36.2,WR,LAC,10.9
212,DeMario Douglas,NE,196.5,00-0038621,WR,2023,0.8235294117647058,22,0.5707142857142858,15.076483,0.004,210.0,0.6,0,0.0,0,8,41.0,0,49,561.0,0,1.0,0,0.0,0,3,16.0,0,66,621.0,3,0.0,6.857142857142857,00-0038621,14,561.0,40.07143,3.348676,12.188589,00-0038621,4,10.0,0.0,79,49,561,40.07142857142857,6,0,8,41,2.9285714285714284,0,1,0,14,79,5.6,31.9,WR,NE,14.6
233,Wan'Dale Robinson,NYG,221.5,00-0038117,WR,2023,0.6176470588235294,22,0.656,31.160286,0.01,43.0,10.6,0,0.0,0,9,87.0,1,60,525.0,1,0.0,0,0.0,0,3,18.0,0,93,699.0,3,0.0,4.783333333333333,00-0038117,15,525.0,35.0,3.2078493,10.214801,00-0038117,3,34.0,1.0,78,60,525,35.0,7,1,9,87,5.8,1,0,2,15,78,5.2,28.6,WR,NYG,16.0
242,Rashod Bateman,BAL,226.5,00-0036550,WR,2023,0.6666666666666666,23,0.5725,5.155714,0.025,27.0,13.6,0,0.0,0,1,18.0,0,32,367.0,1,0.0,0,0.0,0,0,0.0,0,45,756.0,9,0.0,1.84375,00-0036550,17,408.0,24.0,3.7819006,7.0655355,00-0036550,4,24.0,1.0,56,32,367,24.466666666666665,2,1,1,18,1.2,0,0,1,15,56,3.7,28.1,WR,BAL,11.7
251,Greg Dortch,ARI,232.0,00-0035500,WR,2023,0.9069767441860465,25,0.3668749999999999,35.5375,0.004,,0.0,0,0.0,0,1,5.0,0,24,280.0,2,0.0,0,0.0,0,5,31.0,0,37,342.0,3,1.0,6.333333333333333,00-0035500,9,280.0,31.11111,3.1264293,9.277272,00-0035500,3,22.0,1.0,41,24,280,31.11111111111111,3,2,1,5,0.5555555555555556,0,0,2,9,41,4.6,32.2,WR,ARI,7.5
267,Tyler Boyd,,254.0,00-0033009,WR,2023,0.9847328244274809,28,0.7605882352941178,23.415295,0.009000000000000001,55.0,9.1,0,0.0,0,2,11.0,0,67,667.0,2,1.0,0,0.0,0,1,3.0,0,39,390.0,0,0.0,4.164179104477612,00-0033009,17,667.0,39.235294,4.124498,9.124484,00-0033009,9,58.0,2.0,98,67,667,39.23529411764706,6,2,2,11,0.6470588235294118,0,0,2,17,98,5.8,34.9,WR,CIN,16.5
287,Odell Beckham Jr.,,273.0,00-0031235,WR,2023,0.8231292517006803,30,0.4935714285714286,32.432583,0.012,12.0,18.8,0,0.0,0,0,0.0,0,35,565.0,3,1.0,0,0.0,0,0,0.0,0,9,55.0,0,0.0,4.428571428571429,00-0031235,16,599.0,37.4375,3.8429222,9.669373,00-0031235,11,60.0,1.0,64,35,565,40.35714285714285,10,3,0,0,0.0,0,1,3,14,64,4.6,28.1,WR,BAL,13.4
287,Odell Beckham Jr.,,273.0,00-0031235,WR,2023,0.8231292517006803,30,0.4935714285714286,32.432583,0.012,12.0,18.8,0,0.0,0,0,0.0,0,35,565.0,3,1.0,0,0.0,0,0,0.0,0,9,55.0,0,0.0,4.428571428571429,00-0031235,16,599.0,37.4375,3.8429222,9.669373,00-0031235,11,60.0,1.0,64,35,565,40.35714285714285,10,3,0,0,0.0,0,1,3,14,64,4.6,28.1,WR,BAL,13.4
289,Darius Slayton,NYG,275.0,00-0035535,WR,2023,0.9397590361445783,26,0.8058823529411763,38.1728,0.024,171.0,1.9,0,0.0,0,0,0.0,0,50,770.0,4,0.0,0,0.0,0,2,17.0,0,39,573.0,2,0.0,5.96,00-0035535,17,770.0,45.294117,3.211829,12.582504,00-0035535,4,56.0,1.0,79,50,770,45.294117647058826,11,4,0,0,0.0,0,0,4,17,79,4.6,28.6,WR,NYG,16.2
299,Elijah Moore,BUF,268.0,00-0036980,WR,2023,0.8823529411764706,23,0.7147058823529411,20.123959,0.012,34.0,12.1,0,0.0,0,9,11.0,0,59,640.0,2,2.0,0,0.0,0,1,1.0,0,61,538.0,1,0.0,3.23728813559322,00-0036980,17,652.0,38.35294,3.4866717,12.27227,00-0036980,14,88.0,2.0,104,59,640,40.0,9,2,9,11,0.6875,0,2,2,16,104,6.5,35.2,WR,CLE,17.4
302,Zay Jones,ARI,274.0,00-0033891,WR,2023,0.9130434782608695,28,0.7366666666666667,27.719444,0.009000000000000001,37.0,11.6,0,0.0,0,0,0.0,0,34,321.0,2,0.0,0,0.0,0,0,0.0,0,8,84.0,0,0.0,1.5,00-0033891,9,321.0,35.666668,4.073206,8.691776,00-0033891,11,86.0,2.0,64,34,321,35.666666666666664,3,2,0,0,0.0,0,0,2,9,64,7.1,35.9,WR,JAX,10.5
305,Kendrick Bourne,NE,291.0,00-0033307,WR,2023,0.9043478260869565,28,0.73,47.84571,0.025,,0.0,0,0.0,0,1,4.0,0,37,406.0,4,1.0,0,0.0,0,1,6.0,0,28,305.0,1,0.0,5.486486486486487,00-0033307,8,406.0,50.75,3.5348027,14.4229355,00-0033307,6,90.0,3.0,55,37,406,50.75,5,4,1,4,0.5,0,1,4,8,55,6.9,31.9,WR,NE,10.1
315,Jonathan Mingo,DAL,296.0,00-0039062,WR,2023,0.8823529411764706,22,0.8973333333333335,12.989809,0.01,39.0,11.3,0,0.0,0,0,0.0,0,43,418.0,0,0.0,0,0.0,0,2,5.0,0,17,167.0,0,1.0,3.604651162790698,00-0039062,15,418.0,27.866667,3.0197532,9.495553,00-0039062,3,0.0,0.0,85,43,418,27.866666666666667,6,0,0,0,0.0,0,0,0,15,85,5.7,31.5,WR,CAR,15.9
318,Noah Brown,WAS,288.0,00-0033591,WR,2023,0.6869565217391305,27,0.668,108.13155,0.016,239.0,0.0,0,0.0,0,1,-1.0,0,33,567.0,2,0.0,0,0.0,0,0,0.0,0,35,453.0,1,0.0,6.757575757575758,00-0033591,11,567.0,51.545456,4.041677,12.450073,00-0033591,8,24.0,1.0,56,33,567,56.7,14,2,1,-1,-0.1,0,0,2,10,56,5.6,33.6,WR,HOU,9.8
328,Josh Reynolds,NYJ,298.0,00-0033943,WR,2023,0.9224137931034483,28,0.7052941176470588,40.306667,0.018000000000000002,117.0,4.3,0,0.0,0,0,0.0,0,40,608.0,5,1.0,0,0.0,0,0,0.0,0,13,194.0,1,0.0,4.325,00-0033943,19,740.0,38.94737,4.214985,9.596003,00-0033943,15,104.0,5.0,64,40,608,38.0,17,5,0,0,0.0,0,1,5,16,64,4.0,34.1,WR,DET,11.1
329,K.J. Osborn,WAS,305.0,00-0036345,WR,2023,0.8955223880597015,26,0.788125,32.727142,0.016,176.0,1.7,0,0.0,0,0,0.0,0,48,540.0,3,0.0,0,0.0,0,0,0.0,0,7,57.0,1,0.0,3.8541666666666665,00-0036345,15,540.0,36.0,4.556387,7.8437724,00-0036345,11,68.0,3.0,75,48,540,36.0,7,3,0,0,0.0,0,0,3,15,75,5.0,35.7,WR,MIN,12.4
332,Alec Pierce,IND,301.0,00-0037664,WR,2023,0.9705882352941176,23,0.951764705882353,22.379854,0.008,53.0,9.3,0,0.0,0,0,0.0,0,32,514.0,2,0.0,0,0.0,0,0,0.0,0,37,824.0,7,0.0,3.03125,00-0037664,17,514.0,30.235294,3.5797443,7.998516,00-0037664,6,0.0,0.0,65,32,514,30.235294117647054,8,2,0,0,0.0,0,0,2,17,65,3.8,32.4,WR,IND,11.8
