Unnamed: 0.2,Unnamed: 0.1,Unnamed: 0,Rank,Player,Team,Bye,POS,ESPN,Sleeper,NFL,RTSports,FFC,Fantrax,AVG,gsis_id,position,season,availability,age,rookie_season,snap_share,fan_pts_var,apy_cap_pct,draft_pick,pick_value,prev_year_games,prev_year_completions,prev_year_passing_yards,prev_year_passing_tds,prev_year_carries,prev_year_rushing_yards,prev_year_rushing_tds,prev_year_receptions,prev_year_receiving_yards,prev_year_receiving_tds,prev_year_turnovers,obj_completions,obj_passing_yards,obj_passing_tds,obj_carries,obj_rushing_yards,obj_rushing_tds,obj_receptions,obj_receiving_yards,obj_receiving_tds,obj_turnovers
0,0,0,1,Antonio Brown,,,WR1,,,,,,1.0,1.0,00-0027793,WR,2015,1,27,2010,0.955,203.24918,0.07,195.0,1.0,16,0,0.0,0,3,28.0,0,136,1834.0,10,1.0,0,0.0,0,3,9.0,0,106,1284.0,12,0.0
1,1,1,2,Julio Jones,,,WR2,,,,,,2.0,2.3,00-0027944,WR,2015,0.9315068493150684,26,2011,0.8500000000000001,87.95429,0.099,6.0,23.2,16,0,0.0,0,0,0.0,0,136,1871.0,8,1.0,0,0.0,0,0,0.0,0,83,1409.0,6,0.0
2,2,2,3,Odell Beckham Jr.,,,WR3,,,,,,3.0,2.8,00-0031235,WR,2015,1,22,2014,0.948,91.935524,0.02,12.0,18.8,15,0,0.0,0,1,3.0,0,96,1450.0,13,0.0,0,0.0,0,1,9.0,0,101,1367.0,10,1.0
3,3,3,4,Todd Gurley,II,,RB1,,,,,,4.0,4.8,00-0032241,RB,2015,1,21,2015,0.5846153846153846,81.94231,0.024,10.0,19.9,13,0,0.0,0,229,1106.0,10,21,188.0,0,1.0,0,0.0,0,278,885.0,6,43,327.0,0,1.0
4,4,4,5,DeAndre Hopkins,BAL,8.0,WR4,,,,,,5.0,5.8,00-0030564,WR,2015,1,23,2013,0.966875,75.30462,0.016,27.0,13.6,16,0,0.0,0,0,0.0,0,111,1521.0,11,0.0,0,0.0,0,0,0.0,0,78,954.0,4,0.0
5,5,5,6,A.J. Green,,,WR5,,,,,,9.0,6.0,00-0027942,WR,2015,1,27,2011,0.875625,101.31663,0.105,4.0,25.8,16,0,0.0,0,0,0.0,0,86,1297.0,10,1.0,0,0.0,0,0,0.0,0,66,964.0,4,0.0
6,6,6,7,David Johnson,,,RB2,,,,,,6.0,6.0,00-0032187,RB,2015,1,23,2015,0.369375,107.14517,0.005,86.0,6.2,16,0,0.0,0,125,581.0,8,36,457.0,4,0.0,0,0.0,0,293,1239.0,16,80,879.0,4,3.0
7,7,7,8,Ezekiel Elliott,,,RB3,,,,,,13.0,9.8,00-0033045,RB,2015,--,20,2016,-1.0,--,0.04,4.0,25.8,--,--,--,--,--,--,--,--,--,--,--,0,0.0,0,322,1631.0,15,32,363.0,1,1.0
8,8,8,9,Allen Robinson,II,,WR6,,,,,,11.0,9.8,00-0031428,WR,2015,0.6071428571428571,22,2014,0.933125,97.632,0.007,61.0,8.4,16,0,0.0,0,0,0.0,0,80,1400.0,14,0.0,0,0.0,0,0,0.0,0,73,883.0,6,0.0
9,9,9,10,Adrian Peterson,,,RB4,,,,,,8.0,10.8,00-0025394,RB,2015,0.8252427184466019,30,2007,0.64625,65.28863,0.098,7.0,22.2,16,0,0.0,0,327,1485.0,11,30,222.0,0,3.0,0,0.0,0,37,72.0,0,3,8.0,0,1.0
10,10,10,11,Rob Gronkowski,,,TE1,,,,,,10.0,11.5,00-0027656,TE,2015,0.6868686868686869,26,2010,0.9153333333333332,67.129715,0.075,42.0,10.8,15,0,0.0,0,0,0.0,0,72,1176.0,11,0.0,0,0.0,0,0,0.0,0,25,540.0,3,0.0
11,11,11,12,Lamar Miller,,,RB5,,,,,,14.0,11.8,00-0029615,RB,2015,1,24,2012,0.613125,103.99928,0.042,97.0,5.5,16,0,0.0,0,194,872.0,8,47,397.0,2,1.0,0,0.0,0,268,1073.0,5,31,188.0,1,1.0
12,12,12,13,Le'Veon Bell,,,RB6,,,,,,7.0,12.5,00-0030496,RB,2015,0.85,23,2013,0.8283333333333333,75.27867,0.008,48.0,9.9,6,0,0.0,0,113,556.0,3,24,136.0,0,0.0,0,0.0,0,261,1268.0,7,75,616.0,2,1.0
13,13,13,14,Dez Bryant,,,WR7,,,,,,12.0,12.5,00-0027902,WR,2015,0.7010309278350515,26,2010,0.8044444444444445,39.6325,0.098,24.0,14.4,9,0,0.0,0,0,0.0,0,31,401.0,3,0.0,1,10.0,1,0,0.0,0,50,796.0,8,1.0
14,14,14,15,Keenan Allen,LAC,,WR8,,,,,,18.0,15.0,00-0030279,WR,2015,0.8095238095238095,23,2013,0.90375,129.53696,0.072,76.0,7.0,8,0,0.0,0,0,0.0,0,67,725.0,4,0.0,0,0.0,0,0,0.0,0,6,63.0,0,0.0
15,15,15,16,Brandon Marshall,,,WR9,,,,,,19.0,15.8,00-0024334,WR,2015,0.8793103448275862,31,2006,0.953125,54.825333,0.06,119.0,4.2,16,0,0.0,0,0,0.0,0,109,1502.0,14,2.0,0,0.0,0,0,0.0,0,59,788.0,3,0.0
16,16,16,17,Devonta Freeman,,,RB7,,,,,,15.0,17.5,00-0031285,RB,2015,1,23,2014,0.7173333333333333,131.93782,0.005,103.0,5.1,15,0,0.0,0,265,1056.0,11,73,578.0,3,2.0,0,0.0,0,227,1079.0,11,54,462.0,2,1.0
17,17,17,18,Mike Evans,TB,6.0,WR10,,,,,,22.0,18.0,00-0031408,WR,2015,1,22,2014,0.8386666666666666,65.412575,0.027999999999999997,7.0,22.2,15,0,0.0,0,0,0.0,0,74,1206.0,3,1.0,0,0.0,0,0,0.0,0,96,1321.0,12,0.0
18,18,18,19,Jordy Nelson,,,WR11,,,,,,17.0,18.5,00-0026176,WR,2015,1,30,2008,-1.0,--,0.073,36.0,11.8,--,--,--,--,--,--,--,--,--,--,--,0,0.0,0,0,0.0,0,97,1257.0,14,1.0
19,19,19,20,Alshon Jeffery,,,WR12,,,,,,20.0,20.3,00-0029137,WR,2015,0.7611940298507462,25,2012,0.8088888888888888,75.065,0.094,45.0,10.4,9,0,0.0,0,0,0.0,0,54,807.0,4,0.0,0,0.0,0,0,0.0,0,52,821.0,2,0.0
20,20,20,21,Amari Cooper,,,WR13,,,,,,21.0,21.3,00-0031544,WR,2015,1,21,2015,0.858125,82.03829,0.04,4.0,25.8,16,0,0.0,0,3,-3.0,0,72,1082.0,6,1.0,0,0.0,0,1,0.0,0,83,1153.0,5,0.0
21,21,21,22,Jamaal Charles,,,RB8,,,,,,16.0,21.8,00-0026213,RB,2015,0.9239130434782609,28,2008,0.772,60.297005,0.053,73.0,7.3,5,0,0.0,0,71,364.0,4,21,177.0,1,2.0,0,0.0,0,12,40.0,1,2,14.0,0,0.0
22,22,22,23,Brandin Cooks,NO,5.0,WR14,,,,,,25.0,23.8,00-0031236,WR,2015,0.6071428571428571,21,2014,0.83125,67.594666,0.016,20.0,15.5,16,0,0.0,0,8,18.0,0,84,1138.0,9,0.0,0,0.0,0,6,30.0,0,78,1173.0,8,0.0
23,23,23,24,Mark Ingram,II,,RB9,,,,,,26.0,24.3,00-0008024,WR,2015,--,50,1987,-1.0,--,--,28.0,13.4,--,--,--,--,--,--,--,--,--,--,--,--,--,--,--,--,--,--,--,--,--
24,24,24,25,Eddie Lacy,,,RB10,,,,,,23.0,25.8,00-0030485,RB,2015,1,25,2013,0.446,57.37209,0.007,61.0,8.4,15,0,0.0,0,187,758.0,3,20,188.0,2,2.0,0,0.0,0,71,360.0,0,4,28.0,0,0.0
25,25,25,26,LeSean McCoy,,,RB11,,,,,,30.0,26.3,00-0027029,RB,2015,1,27,2009,0.7316666666666668,29.349922,0.055999999999999994,53.0,9.3,12,0,0.0,0,203,895.0,3,32,292.0,2,2.0,0,0.0,0,234,1267.0,13,50,356.0,1,0.0
26,26,26,27,T.Y. Hilton,,,WR15,,,,,,32.0,28.0,00-0029608,WR,2015,1,25,2012,0.841875,62.019833,0.091,92.0,5.8,16,0,0.0,0,0,0.0,0,69,1124.0,5,0.0,0,0.0,0,0,0.0,0,91,1448.0,6,0.0
27,27,27,28,Demaryius Thomas,,,WR16,,,,,,24.0,28.0,00-0027874,WR,2015,1,27,2010,0.8431249999999999,31.574501,0.098,22.0,14.9,16,0,0.0,0,0,0.0,0,105,1304.0,6,2.0,0,0.0,0,0,0.0,0,90,1083.0,5,2.0
28,28,28,29,Sammy Watkins,,,WR17,,,,,,31.0,28.5,00-0031325,WR,2015,1,22,2014,0.8146153846153846,115.12564,0.037000000000000005,4.0,25.8,13,0,0.0,0,1,1.0,0,60,1047.0,9,0.0,0,0.0,0,0,0.0,0,28,430.0,2,0.0
29,29,29,30,Doug Martin,,,RB12,,,,,,27.0,29.5,00-0029613,RB,2015,0.85,26,2012,0.56625,75.00296,0.046,31.0,12.7,16,0,0.0,0,288,1402.0,6,33,271.0,1,5.0,0,0.0,0,144,421.0,3,14,134.0,0,1.0
30,30,30,31,Jarvis Landry,,,WR18,,,,,,28.0,30.0,00-0031382,WR,2015,1,22,2014,0.84375,53.816536,0.007,63.0,8.2,16,1,9.0,0,18,113.0,1,110,1157.0,4,0.0,0,0.0,0,5,17.0,0,94,1136.0,4,1.0
31,31,31,32,Jordan Reed,,,TE2,,,,,,35.0,33.5,00-0030472,TE,2015,0.6938775510204082,25,2013,0.7385714285714287,83.35649,0.06,85.0,6.3,14,0,0.0,0,0,0.0,0,87,952.0,11,2.0,0,0.0,0,0,0.0,0,66,686.0,6,1.0
32,32,32,33,Cam Newton,,,QB1,,,,,,36.0,34.3,00-0027939,QB,2015,1,26,2011,0.976875,81.28682,0.145,1.0,34.6,16,296,3837.0,35,132,636.0,10,0,0.0,0,14.0,270,3509.0,19,90,359.0,5,0,0.0,0,16.0
33,33,33,34,C.J. Anderson,,,RB13,,,,,,39.0,35.3,00-0029854,RB,2015,1,24,2013,-1.0,57.36886,0.028999999999999998,,0.0,15,0,0.0,0,152,720.0,5,25,183.0,0,2.0,0,0.0,0,110,437.0,4,16,128.0,1,0.0
34,34,34,35,Randall Cobb,,,WR19,,,,,,34.0,36.5,00-0028002,WR,2015,1,25,2011,0.91625,58.542957,0.07,64.0,8.1,16,0,0.0,0,13,50.0,0,79,829.0,6,0.0,0,0.0,0,10,33.0,0,60,610.0,4,0.0
35,35,35,36,Julian Edelman,,,WR20,,,,,,29.0,39.8,00-0027150,WR,2015,0.8869565217391304,29,2009,0.811111111,62.61501,0.032,232.0,0.0,9,0,0.0,0,3,23.0,0,61,692.0,7,1.0,0,0.0,0,12,57.0,0,98,1106.0,3,1.0
36,36,36,37,Matt Forte,,,RB14,,,,,,33.0,40.5,00-0026184,RB,2015,0.86440678,29,2008,0.6738461538461537,44.309742,0.026000000000000002,44.0,10.5,13,0,0.0,0,218,898.0,4,44,389.0,3,1.0,0,0.0,0,218,813.0,7,30,263.0,1,1.0
37,37,37,38,Aaron Rodgers,PIT,8.0,QB2,,,,,,42.0,40.5,00-0023459,QB,2015,1,31,2005,0.99125,65.64489,0.179,24.0,14.4,16,347,3821.0,31,58,344.0,1,0,0.0,0,12.0,401,4428.0,40,67,369.0,4,0,0.0,0,11.0
38,38,38,39,Latavius Murray,,,RB15,,,,,,47.0,41.0,00-0030513,RB,2015,1,25,2013,0.645,30.812002,0.004,181.0,1.5,16,0,0.0,0,266,1066.0,6,41,232.0,0,1.0,0,0.0,0,195,788.0,12,33,264.0,0,1.0
39,39,39,40,Jeremy Maclin,,,WR21,,,,,,41.0,41.3,00-0026995,WR,2015,1,27,2009,0.882,73.13981,0.077,19.0,15.8,15,0,0.0,0,3,14.0,0,87,1088.0,8,1.0,0,0.0,0,1,-1.0,0,44,536.0,2,0.0
40,40,40,41,Thomas Rawls,,,RB16,,,,,,40.0,42.5,00-0031897,RB,2015,0,22,2015,-1.0,143.80606,0.004,,0.0,12,0,0.0,0,147,830.0,4,9,76.0,1,1.0,0,0.0,0,109,349.0,3,13,96.0,0,0.0
41,41,41,42,Carlos Hyde,,,RB17,,,,,,44.0,43.3,00-0031045,RB,2015,0.5666666666666667,24,2014,0.6742857142857143,102.3581,0.007,57.0,8.9,7,0,0.0,0,115,470.0,3,11,53.0,0,0.0,0,0.0,0,217,988.0,6,27,163.0,3,3.0
42,42,42,43,Greg Olsen,,,TE3,,,,,,43.0,44.5,00-0025418,TE,2015,1,30,2007,0.958125,71.11317,0.052000000000000005,31.0,12.7,16,0,0.0,0,0,0.0,0,77,1104.0,7,1.0,0,0.0,0,0,0.0,0,80,1073.0,3,0.0
43,43,43,44,DeMarco Murray,,,RB18,,,,,,46.0,45.0,00-0028009,RB,2015,0.8292682926829268,27,2011,0.4386666666666667,70.31067,0.040999999999999995,71.0,7.5,15,0,0.0,0,193,702.0,6,44,322.0,1,2.0,1,10.0,1,293,1287.0,9,53,377.0,3,1.0
44,44,44,45,Golden Tate,,,WR22,,,,,,38.0,45.3,00-0027891,WR,2015,1,27,2010,0.861875,40.4345,0.047,60.0,8.5,16,0,0.0,0,6,41.0,0,90,813.0,6,1.0,0,0.0,0,10,4.0,0,91,1077.0,4,1.0
45,45,45,46,Kelvin Benjamin,,,WR23,,,,,,37.0,46.3,00-0031359,WR,2015,1,24,2014,-1.0,--,0.024,28.0,13.4,--,--,--,--,--,--,--,--,--,--,--,0,0.0,0,0,0.0,0,63,941.0,7,1.0
46,46,46,47,Donte Moncrief,,,WR24,,,,,,56.0,46.5,00-0031339,WR,2015,1,22,2014,0.7562500000000001,53.062294,0.005,90.0,5.9,16,0,0.0,0,0,0.0,0,64,733.0,6,0.0,0,0.0,0,1,-1.0,0,30,307.0,7,0.0
47,47,47,48,Eric Decker,,,WR25,,,,,,49.0,49.0,00-0027690,WR,2015,1,28,2010,0.8780000000000001,11.512668,0.055,87.0,6.2,15,0,0.0,0,0,0.0,0,80,1027.0,12,1.0,0,0.0,0,0,0.0,0,9,194.0,2,0.0
48,48,48,49,Jeremy Langford,,,RB19,,,,,,51.0,49.5,00-0031569,RB,2015,1,23,2015,0.36875,97.10258,0.005,106.0,4.9,15,0,0.0,0,148,537.0,6,22,279.0,1,0.0,0,0.0,0,62,200.0,4,19,142.0,0,2.0
49,49,49,50,Doug Baldwin,,,WR26,,,,,,48.0,51.8,00-0028434,WR,2015,1,26,2011,-1.0,113.70062,0.074,,0.0,16,0,0.0,0,0,0.0,0,78,1069.0,14,0.0,1,15.0,1,3,2.0,0,94,1128.0,7,0.0
50,50,50,51,Russell Wilson,NYG,8.0,QB3,,,,,,55.0,53.5,00-0029263,QB,2015,1,26,2012,0.97375,58.692867,0.153,75.0,7.1,16,329,4024.0,34,103,553.0,1,0,0.0,0,11.0,353,4219.0,21,72,259.0,1,2,14.0,1,13.0
51,51,51,52,Andrew Luck,,,QB4,,,,,,50.0,53.5,00-0029668,QB,2015,1,25,2012,0.9985714285714286,41.620117,0.158,1.0,34.6,7,162,1881.0,15,33,196.0,0,0,0.0,0,13.0,346,4240.0,31,64,341.0,2,0,0.0,0,18.0
52,52,52,53,Danny Woodhead,,,RB20,,,,,,57.0,55.8,00-0026019,RB,2015,0.97,30,2008,-1.0,93.55662,0.021,,0.0,16,0,0.0,0,98,336.0,3,80,755.0,6,0.0,0,0.0,0,19,116.0,0,6,35.0,1,0.0
53,53,53,54,Travis Kelce,KC,5.0,TE4,,,,,,62.0,57.5,00-0030506,TE,2015,0.8717948717948718,25,2013,0.921875,41.159958,0.06,63.0,8.2,16,0,0.0,0,0,0.0,0,72,875.0,5,2.0,0,0.0,0,1,-5.0,0,85,1125.0,4,0.0
54,54,54,55,Larry Fitzgerald,,,WR27,,,,,,45.0,57.5,00-0022921,WR,2015,1,32,2004,0.8875,70.630295,0.071,3.0,27.6,16,0,0.0,0,0,0.0,0,109,1215.0,9,2.0,0,0.0,0,2,5.0,0,107,1023.0,6,1.0
55,55,55,56,Michael Floyd,,,WR28,,,,,,59.0,58.5,00-0029638,WR,2015,1,25,2012,0.624,83.312096,0.028999999999999998,13.0,18.3,15,0,0.0,0,0,0.0,0,52,849.0,6,0.0,0,0.0,0,0,0.0,0,37,488.0,5,0.0
56,56,56,57,Jeremy Hill,,,RB21,,,,,,65.0,59.8,00-0031301,RB,2015,1,22,2014,0.44125,47.555958,0.007,55.0,9.1,16,0,0.0,0,223,794.0,11,15,79.0,1,3.0,0,0.0,0,222,839.0,9,21,174.0,0,0.0
57,57,57,58,Jordan Matthews,,,TE5,,,,,,52.0,60.8,00-0031299,TE,2015,1,23,2014,0.80125,74.93762,0.009,42.0,10.8,16,0,0.0,0,0,0.0,0,85,997.0,8,1.0,0,0.0,0,0,0.0,0,73,804.0,3,0.0
58,58,58,59,Delanie Walker,,,TE6,,,,,,64.0,61.8,00-0024389,TE,2015,1,31,2006,0.7226666666666667,35.95067,0.043,175.0,1.7,15,0,0.0,0,1,36.0,0,94,1088.0,6,0.0,0,0.0,0,2,11.0,0,65,800.0,7,0.0
59,59,59,60,Drew Brees,,,QB5,,,,,,67.0,61.8,00-0020531,QB,2015,1,36,2001,1.0,89.65725,0.156,32.0,12.5,15,428,4870.0,32,24,14.0,1,0,0.0,0,13.0,471,5208.0,37,23,20.0,2,0,0.0,0,19.0
60,60,60,61,Giovani Bernard,,,RB22,,,,,,72.0,62.0,00-0030456,RB,2015,1,23,2013,0.540625,22.363335,0.033,37.0,11.6,16,0,0.0,0,154,730.0,2,49,472.0,0,0.0,0,0.0,0,91,337.0,2,39,336.0,1,1.0
61,61,61,62,Melvin Gordon,III,,RB23,,,,,,73.0,64.5,00-0032144,RB,2015,0,22,2015,0.3964285714285714,14.765549,0.019,15.0,17.4,14,0,0.0,0,184,641.0,0,33,192.0,0,4.0,0,0.0,0,254,997.0,10,41,419.0,2,2.0
62,62,62,63,Duke Johnson Jr.,,,RB24,,,,,,66.0,64.8,00-0032257,RB,2015,1,21,2015,0.50625,31.00229,0.005,77.0,6.9,16,0,0.0,0,104,379.0,0,61,534.0,2,0.0,0,0.0,0,73,358.0,1,53,514.0,0,1.0
63,63,63,64,Ryan Mathews,,,RB25,,,,,,61.0,64.8,00-0027864,RB,2015,0.85,27,2010,0.2569230769230769,49.70859,0.026000000000000002,12.0,18.8,13,0,0.0,0,106,539.0,6,20,146.0,1,3.0,0,0.0,0,155,661.0,8,13,115.0,1,2.0
64,64,64,65,Marvin Jones Jr.,,,WR29,,,,,,81.0,65.8,00-0029293,WR,2015,0.8947368421052632,25,2012,0.8512500000000001,36.531624,0.052000000000000005,166.0,2.0,16,0,0.0,0,5,33.0,0,65,816.0,4,0.0,0,0.0,0,1,3.0,0,55,930.0,4,0.0
65,65,65,66,Coby Fleener,,,TE7,,,,,,69.0,66.0,00-0029697,TE,2015,1,26,2012,0.6625000000000001,48.31495,0.046,34.0,12.1,15,0,0.0,0,0,0.0,0,54,491.0,3,0.0,0,0.0,0,1,2.0,1,50,631.0,3,0.0
66,66,66,67,Arian Foster,,,RB26,,,,,,63.0,66.5,00-0026796,RB,2015,0.8152173913043478,29,2009,-1.0,111.24333,0.01,,0.0,4,0,0.0,0,63,163.0,1,22,227.0,2,1.0,0,0.0,0,22,55.0,0,6,78.0,0,0.0
67,67,67,68,Emmanuel Sanders,,,WR30,,,,,,53.0,67.0,00-0027685,WR,2015,1,28,2010,0.8293333333333334,96.29209,0.071,82.0,6.5,15,0,0.0,0,3,29.0,0,76,1135.0,6,1.0,0,0.0,0,1,4.0,0,79,1032.0,5,0.0
68,68,68,69,Allen Hurns,,,WR31,,,,,,60.0,69.5,00-0030821,WR,2015,1,23,2014,-1.0,70.16924,0.064,,0.0,15,0,0.0,0,0,0.0,0,64,1031.0,10,1.0,0,0.0,0,0,0.0,0,35,477.0,3,0.0
69,69,69,70,Ben Roethlisberger,,,QB6,,,,,,70.0,70.0,00-0022924,QB,2015,1,33,2004,0.9425,95.148155,0.152,11.0,19.3,12,319,3938.0,21,15,29.0,0,0,0.0,0,16.0,328,3819.0,29,16,14.0,1,0,0.0,0,15.0
70,70,70,71,Jonathan Stewart,,,RB27,,,,,,68.0,70.0,00-0026153,RB,2015,1,28,2008,0.6623076923076923,28.050257,0.061,13.0,18.3,13,0,0.0,0,242,989.0,6,16,99.0,1,2.0,0,0.0,0,218,824.0,9,8,60.0,0,2.0
71,71,71,72,John Brown,,,WR32,,,,,,58.0,70.8,00-0031051,WR,2015,1,25,2014,0.8086666666666666,36.33524,0.005,91.0,5.9,15,0,0.0,0,3,22.0,0,65,1003.0,7,1.0,0,0.0,0,1,10.0,0,39,517.0,2,0.0
72,72,72,73,Tom Brady,,,QB7,,,,,,75.0,72.3,00-0019596,QB,2015,1,38,2000,0.988125,57.392593,0.132,199.0,0.9,16,402,4770.0,36,34,53.0,3,1,36.0,0,9.0,291,3554.0,28,28,64.0,0,0,0.0,0,2.0
73,73,73,74,Tyler Lockett,TEN,13.0,WR33,,,,,,77.0,72.8,00-0032211,WR,2015,1,22,2015,0.610625,62.701164,0.006,69.0,7.6,16,0,0.0,0,5,20.0,0,51,664.0,6,0.0,0,0.0,0,6,114.0,1,41,597.0,1,0.0
74,74,74,75,Josh Gordon ,,,WR34,,,,,,102.0,76.3,00-0029664,WR,2015,0.8648648648648649,24,2012,-1.0,--,0.011000000000000001,1.0,34.6,--,--,--,--,--,--,--,--,--,--,--,--,--,--,--,--,--,--,--,--,--
75,75,75,76,Matt Jones,,,RB28,,,,,,54.0,76.3,00-0031939,RB,2015,1,22,2015,0.4030769230769231,78.371025,0.005,95.0,5.6,13,0,0.0,0,144,490.0,3,19,304.0,1,3.0,0,0.0,0,99,460.0,3,8,73.0,0,2.0
76,76,76,77,Michael Crabtree,,,WR35,,,,,,74.0,76.8,00-0026986,WR,2015,1,27,2009,0.765,46.38933,0.059000000000000004,10.0,19.9,16,0,0.0,0,0,0.0,0,85,922.0,9,0.0,0,0.0,0,0,0.0,0,89,1003.0,8,0.0
77,77,77,78,Frank Gore,,,RB29,,,,,,76.0,78.5,00-0023500,RB,2015,0.8947368421052632,32,2005,0.625625,35.383835,0.027999999999999997,65.0,8.0,16,0,0.0,0,260,967.0,6,34,267.0,1,3.0,0,0.0,0,263,1025.0,4,38,277.0,4,1.0
78,78,78,79,Carson Palmer,,,QB8,,,,,,79.0,80.3,00-0021429,QB,2015,0.9056603773584906,35,2003,0.931875,25.676153,0.135,1.0,34.6,16,342,4671.0,35,25,24.0,1,0,0.0,0,13.0,364,4233.0,26,14,38.0,0,0,0.0,0,18.0
79,79,79,80,Zach Ertz,WAS,9.0,TE8,,,,,,82.0,80.5,00-0030061,TE,2015,1,24,2013,0.7146666666666667,48.926956,0.055,35.0,12.0,15,0,0.0,0,0,0.0,0,75,853.0,2,1.0,0,0.0,0,0,0.0,0,78,816.0,4,0.0
80,80,80,81,DeSean Jackson,,,WR36,,,,,,85.0,83.3,00-0026189,WR,2015,0.8947368421052632,28,2008,0.6333333333333333,80.509995,0.06,49.0,9.8,9,0,0.0,0,0,0.0,0,30,528.0,4,0.0,0,0.0,0,0,0.0,0,56,1005.0,4,0.0
81,81,81,82,DeAngelo Williams,,,RB30,,,,,,93.0,84.5,00-0024242,RB,2015,0.9107142857142857,32,2006,0.620625,165.12117,0.013999999999999999,27.0,13.6,16,0,0.0,0,200,907.0,11,40,367.0,0,1.0,0,0.0,0,98,343.0,4,18,118.0,2,0.0
82,82,82,83,Gary Barnidge,,,TE9,,,,,,107.0,84.8,00-0026281,TE,2015,1,29,2008,0.846875,46.08229,0.028999999999999998,141.0,3.1,16,0,0.0,0,0,0.0,0,79,1043.0,9,0.0,0,0.0,0,0,0.0,0,55,612.0,2,0.0
83,83,83,84,Ameer Abdullah,SF,8.0,RB31,,,,,,80.0,84.8,00-0032104,RB,2015,1,22,2015,0.33375,24.909166,0.007,54.0,9.2,16,0,0.0,0,143,597.0,2,25,183.0,1,2.0,0,0.0,0,18,101.0,0,5,57.0,1,0.0
84,84,84,85,Rashad Jennings,,,RB32,,,,,,89.0,87.3,00-0027155,RB,2015,0.8415841584158416,30,2009,0.379375,36.67663,0.019,250.0,0.0,16,0,0.0,0,195,863.0,3,29,296.0,1,2.0,0,0.0,0,181,593.0,3,35,201.0,1,0.0
85,85,85,86,DeVante Parker,,,WR37,,,,,,71.0,88.5,00-0031547,WR,2015,1,22,2015,0.5092857142857142,49.25643,0.019,14.0,17.8,8,0,0.0,0,0,0.0,0,26,494.0,3,0.0,0,0.0,0,0,0.0,0,56,744.0,4,0.0
86,86,86,87,Julius Thomas,,,TE10,,,,,,87.0,90.8,00-0028067,TE,2015,1,27,2011,0.6941666666666667,66.2875,0.064,129.0,3.7,12,0,0.0,0,0,0.0,0,46,455.0,5,0.0,0,0.0,0,0,0.0,0,30,281.0,4,0.0
87,87,87,88,Sterling Shepard,TB,6.0,WR38,,,,,,100.0,91.0,00-0032385,WR,2015,--,22,2016,-1.0,--,0.01,40.0,11.1,--,--,--,--,--,--,--,--,--,--,--,0,0.0,0,3,31.0,0,65,683.0,8,0.0
88,88,88,89,Charles Sims,,,RB33,,,,,,88.0,91.0,00-0031390,RB,2015,1,24,2014,0.4193749999999999,24.477335,0.006,69.0,7.6,16,0,0.0,0,107,529.0,0,51,561.0,4,2.0,0,0.0,0,51,149.0,1,24,190.0,1,1.0
89,89,89,90,Blake Bortles,,,QB9,,,,,,84.0,92.3,00-0031407,QB,2015,1,23,2014,1.0,61.539192,0.039,3.0,27.6,16,355,4428.0,35,52,310.0,2,0,0.0,0,23.0,368,3905.0,23,58,359.0,3,1,20.0,1,22.0
90,90,90,91,Derrick Henry,BAL,8.0,RB34,,,,,,105.0,92.5,00-0032764,RB,2015,--,21,2016,-1.0,--,0.009,45.0,10.4,--,--,--,--,--,--,--,--,--,--,--,0,0.0,0,110,490.0,5,13,137.0,0,0.0
91,91,91,92,Eli Manning,,,QB10,,,,,,90.0,92.8,00-0022803,QB,2015,1,34,2004,0.9925,75.97544,0.147,1.0,34.6,16,387,4432.0,35,20,61.0,0,0,0.0,0,18.0,377,4027.0,26,21,-9.0,0,0,0.0,0,20.0
92,92,92,93,T.J. Yeldon,,,RB35,,,,,,86.0,93.3,00-0032209,RB,2015,1,21,2015,0.7683333333333334,24.537197,0.01,36.0,11.8,12,0,0.0,0,182,740.0,2,36,279.0,1,0.0,0,0.0,0,130,465.0,1,50,312.0,1,1.0
93,93,93,94,Chris Ivory,,,RB36,,,,,,83.0,93.5,00-0027531,RB,2015,0.8210526315789474,27,2010,-1.0,52.888382,0.040999999999999995,,0.0,15,0,0.0,0,247,1070.0,7,30,217.0,1,2.0,0,0.0,0,117,439.0,3,20,186.0,0,3.0
94,94,94,95,Antonio Gates,,,TE11,,,,,,101.0,94.5,00-0021547,TE,2015,0.8596491228070176,35,2003,-1.0,63.920727,0.035,,0.0,11,0,0.0,0,0,0.0,0,56,630.0,5,0.0,0,0.0,0,0,0.0,0,53,548.0,7,1.0
95,95,95,96,Kevin White,,,WR39,,,,,,78.0,94.8,00-0031545,WR,2015,--,23,2015,-1.0,--,0.028999999999999998,,0.0,--,--,--,--,--,--,--,--,--,--,--,0,0.0,0,1,9.0,0,19,187.0,0,0.0
96,96,96,97,Willie Snead,IV,,WR40,,,,,,96.0,95.5,00-0030663,WR,2015,1,22,2014,0.7073333333333334,42.764954,0.003,,0.0,15,0,0.0,0,0,0.0,0,69,984.0,3,1.0,1,50.0,1,0,0.0,0,72,895.0,4,0.0
97,97,97,98,Stefon Diggs,NE,9.0,WR41,,,,,,98.0,97.3,00-0031588,WR,2015,1,21,2015,0.7769230769230767,60.138077,0.004,146.0,2.9,13,0,0.0,0,3,13.0,0,52,720.0,4,0.0,0,0.0,0,3,10.0,0,84,903.0,3,0.0
98,98,98,99,Theo Riddick,,,RB37,,,,,,91.0,100.0,00-0030107,RB,2015,1,24,2013,0.428125,20.683832,0.025,199.0,0.9,16,0,0.0,0,43,133.0,0,80,697.0,3,1.0,0,0.0,0,92,357.0,1,53,371.0,5,0.0
99,99,99,100,Philip Rivers,,,QB11,,,,,,99.0,102.5,00-0022942,QB,2015,1,33,2004,0.9875,58.015255,0.145,4.0,25.8,16,437,4792.0,29,17,28.0,0,0,0.0,0,15.0,349,4386.0,33,14,35.0,0,0,0.0,0,26.0
100,100,100,101,LeGarrette Blount,,,RB38,,,,,,118.0,108.3,00-0027325,RB,2015,0.8673469387755102,28,2010,-1.0,84.95061,0.006,,0.0,12,0,0.0,0,165,703.0,6,6,43.0,1,0.0,0,0.0,0,299,1161.0,18,7,38.0,0,1.0
101,101,101,102,Bilal Powell,,,RB39,,,,,,113.0,110.3,00-0028064,RB,2015,1,26,2011,0.4663636363636363,58.097637,0.024,126.0,3.8,11,0,0.0,0,70,313.0,1,47,388.0,2,0.0,0,0.0,0,131,722.0,3,58,388.0,2,1.0
102,102,102,103,Derek Carr,,,QB12,,,,,,94.0,111.3,00-0031280,QB,2015,1,24,2014,0.96,57.054432,0.01,36.0,11.8,16,350,3987.0,32,33,138.0,0,0,0.0,0,16.0,357,3937.0,28,39,70.0,0,0,0.0,0,9.0
103,103,103,104,Isaiah Crowell,,,RB40,,,,,,104.0,111.3,00-0030656,RB,2015,1,22,2014,-1.0,55.5145,0.004,,0.0,16,0,0.0,0,185,706.0,4,19,182.0,1,0.0,0,0.0,0,198,952.0,7,40,319.0,0,2.0
104,104,104,105,Kamar Aiken,,,WR42,,,,,,112.0,112.8,00-0028497,WR,2015,1,26,2011,-1.0,49.0705,0.016,,0.0,16,0,0.0,0,0,0.0,0,75,944.0,5,1.0,0,0.0,0,0,0.0,0,29,328.0,1,0.0
105,105,105,106,Martellus Bennett,,,TE12,,,,,,109.0,113.3,00-0026201,TE,2015,0.8869565217391304,28,2008,0.9490909090909092,50.338726,0.040999999999999995,61.0,8.4,11,0,0.0,0,0,0.0,0,53,439.0,3,0.0,0,0.0,0,2,10.0,0,55,701.0,7,0.0
106,106,106,107,Travis Benjamin,,,WR43,,,,,,103.0,115.8,00-0029269,WR,2015,0.86440678,25,2012,0.765625,69.67317,0.039,100.0,5.3,16,0,0.0,0,4,12.0,0,68,966.0,5,1.0,0,0.0,0,2,-3.0,0,47,677.0,4,2.0
107,107,107,108,Tavon Austin,,,WR44,,,,,,111.0,116.0,00-0030525,WR,2015,1,25,2013,0.7775,66.865295,0.068,8.0,21.4,16,0,0.0,0,52,434.0,4,52,473.0,5,1.0,0,0.0,0,28,159.0,1,58,509.0,3,1.0
108,108,108,109,Corey Coleman,,,WR45,,,,,,110.0,117.0,00-0032966,WR,2015,--,21,2016,-1.0,--,0.019,15.0,17.4,--,--,--,--,--,--,--,--,--,--,--,0,0.0,0,2,10.0,0,33,413.0,3,0.0
109,109,109,110,Tyler Eifert ,,,TE13,,,,,,156.0,117.5,00-0030549,TE,2015,0.9714285714285714,24,2013,0.856153846,93.41564,0.021,21.0,15.2,13,0,0.0,0,0,0.0,0,52,615.0,13,0.0,0,0.0,0,0,0.0,0,29,394.0,5,0.0
110,110,110,111,Devin Funchess,,,WR46,,,,,,137.0,118.0,00-0032055,WR,2015,1,21,2015,0.448125,44.714626,0.01,41.0,11.0,16,0,0.0,0,0,0.0,0,31,473.0,5,1.0,0,0.0,0,0,0.0,0,23,371.0,4,0.0
111,111,111,112,Tevin Coleman,,,RB41,,,,,,106.0,118.0,00-0032058,RB,2015,1,22,2015,0.2616666666666666,10.620908,0.006,73.0,7.3,12,0,0.0,0,87,392.0,1,2,14.0,0,3.0,0,0.0,0,118,520.0,8,31,421.0,3,0.0
112,112,112,113,Jay Ajayi,,,RB42,,,,,,108.0,118.0,00-0031590,RB,2015,1,22,2015,0.2744444444444444,13.490277,0.004,149.0,2.7,9,0,0.0,0,49,187.0,1,7,90.0,0,0.0,0,0.0,0,260,1272.0,8,27,151.0,0,1.0
113,113,113,114,Vincent Jackson,,,WR47,,,,,,115.0,118.5,00-0023496,WR,2015,0.8504672897196262,32,2005,0.773,73.22678,0.092,61.0,8.4,10,0,0.0,0,0,0.0,0,33,543.0,3,0.0,0,0.0,0,0,0.0,0,15,173.0,0,0.0
114,114,114,115,Dwayne Allen,,,TE14,,,,,,116.0,120.0,00-0029689,TE,2015,0.6538461538461539,25,2012,0.5684615384615385,8.500909,0.047,64.0,8.1,12,0,0.0,0,1,1.0,0,16,109.0,1,0.0,0,0.0,0,0,0.0,0,35,406.0,6,0.0
115,115,115,116,Kirk Cousins,ATL,11.0,QB13,,,,,,117.0,120.5,00-0029604,QB,2015,1,27,2012,0.9575,91.30048,0.129,102.0,5.1,16,379,4166.0,29,26,48.0,5,0,0.0,0,14.0,406,4917.0,25,34,96.0,4,0,0.0,0,15.0
116,116,116,117,Justin Forsett,,,RB43,,,,,,125.0,122.0,00-0026373,RB,2015,0.7727272727272727,29,2008,0.671,44.116,0.006,233.0,0.0,10,0,0.0,0,151,641.0,2,31,153.0,0,0.0,0,0.0,0,87,291.0,1,20,85.0,0,1.0
117,117,117,118,Torrey Smith,,,WR48,,,,,,114.0,123.3,00-0027996,WR,2015,1,26,2011,0.7731250000000001,50.646297,0.055999999999999994,58.0,8.7,16,0,0.0,0,0,0.0,0,33,663.0,4,0.0,0,0.0,0,0,0.0,0,20,267.0,3,0.0
118,118,118,119,Stephen Gostkowski,,,K1,,,,,,122.0,124.8,00-0024333,K,2015,0.918918919,31,2006,0.388125,--,0.03,118.0,4.2,--,--,--,--,--,--,--,--,--,--,--,--,--,--,--,--,--,--,--,--,--
119,119,119,120,Markus Wheaton,,,WR49,,,,,,97.0,125.5,00-0030460,WR,2015,1,24,2013,0.649375,76.982285,0.006,79.0,6.8,16,0,0.0,0,0,0.0,0,44,749.0,5,0.0,0,0.0,0,0,0.0,0,4,51.0,1,0.0
120,120,120,121,Darren Sproles,,,RB44,,,,,,127.0,125.5,00-0023564,RB,2015,1,32,2005,0.3462499999999999,39.076626,0.028999999999999998,130.0,3.6,16,0,0.0,0,83,317.0,3,55,388.0,1,0.0,0,0.0,0,94,438.0,2,52,427.0,2,0.0
121,121,121,122,Tyrod Taylor,NYJ,11.0,QB14,,,,,,131.0,128.3,00-0028118,QB,2015,1,26,2011,0.995,43.16123,0.11599999999999999,180.0,1.5,14,242,3035.0,20,104,568.0,4,1,4.0,0,7.0,269,3023.0,17,95,580.0,6,0,0.0,0,8.0
122,122,122,123,Jimmy Graham,,,TE15,,,,,,92.0,129.5,00-0027696,TE,2015,0.8762886597938144,28,2010,0.7818181818181817,46.462727,0.075,95.0,5.6,11,0,0.0,0,0,0.0,0,48,605.0,2,0.0,0,0.0,0,1,0.0,0,65,923.0,6,2.0
123,123,123,124,Tajae Sharpe,,,WR50,,,,,,129.0,129.5,00-0032778,WR,2015,--,20,2016,-1.0,--,0.004,140.0,3.1,--,--,--,--,--,--,--,--,--,--,--,0,0.0,0,1,1.0,0,41,522.0,2,0.0
124,124,124,125,James White,,,RB45,,,,,,195.0,129.8,00-0031062,RB,2015,1,23,2014,0.2985714285714286,79.763336,0.005,130.0,3.6,12,0,0.0,0,22,56.0,2,40,410.0,4,0.0,0,0.0,0,39,166.0,0,60,551.0,5,0.0
125,125,125,126,Jameis Winston,NYG,8.0,QB15,,,,,,120.0,129.8,00-0031503,QB,2015,1,21,2015,0.998125,18.728838,0.044000000000000004,1.0,34.6,16,312,4042.0,22,54,213.0,6,0,0.0,0,17.0,345,4090.0,28,53,165.0,1,0,0.0,0,24.0
126,126,126,127,Matthew Stafford,LAR,8.0,QB16,,,,,,128.0,130.0,00-0026498,QB,2015,0.7391304347826086,27,2009,0.968125,69.36521,0.14400000000000002,1.0,34.6,16,398,4262.0,32,44,159.0,1,1,-6.0,0,15.0,388,4327.0,24,37,207.0,2,0,0.0,0,12.0
127,127,127,128,Michael Thomas,,,WR51,,,,,,130.0,132.0,00-0032765,WR,2015,--,22,2016,-1.0,--,0.008,47.0,10.1,--,--,--,--,--,--,--,--,--,--,--,0,0.0,0,0,0.0,0,92,1137.0,9,2.0
128,128,128,129,Dion Lewis,,,RB46,,,,,,145.0,134.5,00-0028087,RB,2015,0.7906976744186046,24,2011,0.5942857142857143,47.825714,0.01,149.0,2.7,7,0,0.0,0,49,234.0,2,36,388.0,2,1.0,0,0.0,0,64,283.0,0,17,94.0,0,0.0
129,129,129,130,Jason Witten,,,TE16,,,,,,126.0,136.0,00-0022127,TE,2015,1,33,2003,0.991875,32.727623,0.061,69.0,7.6,16,0,0.0,0,0,0.0,0,77,713.0,3,1.0,0,0.0,0,0,0.0,0,69,673.0,3,1.0
130,130,130,131,Mohamed Sanu Sr.,,,WR52,,,,,,123.0,138.0,00-0029632,WR,2015,0.796875,26,2012,0.6043749999999999,20.010958,0.042,83.0,6.5,16,0,0.0,0,10,71.0,2,33,394.0,0,0.0,0,0.0,0,1,5.0,0,59,653.0,4,1.0
131,131,131,132,Eric Ebron,,,TE17,,,,,,121.0,139.5,00-0031387,TE,2015,1,22,2014,0.6714285714285715,28.990164,0.023,10.0,19.9,14,0,0.0,0,0,0.0,0,47,537.0,5,0.0,0,0.0,0,1,1.0,1,61,711.0,1,0.0
132,132,132,133,Jared Cook,,,TE18,,,,,,146.0,141.0,00-0027061,TE,2015,0.8793103448275862,28,2009,0.70625,17.04129,0.018000000000000002,89.0,6.0,16,0,0.0,0,0,0.0,0,39,481.0,0,1.0,0,0.0,0,0,0.0,0,30,377.0,1,1.0
133,133,133,134,Stephen Hauschka,,,K2,,,,,,138.0,142.0,00-0025944,K,2015,0.83,30,2008,-1.0,--,--,,0.0,--,--,--,--,--,--,--,--,--,--,--,--,--,--,--,--,--,--,--,--,--
134,134,134,135,Spencer Ware,,,RB47,,,,,,237.0,143.0,00-0030414,RB,2015,0.631578947,23,2013,0.24,71.155,0.009,194.0,1.1,9,0,0.0,0,72,403.0,6,6,5.0,0,0.0,0,0.0,0,214,921.0,3,33,447.0,2,2.0
135,135,135,136,Shane Vereen,,,RB48,,,,,,124.0,145.3,00-0027994,RB,2015,1,26,2011,0.385625,61.123997,0.028999999999999998,56.0,9.0,16,0,0.0,0,61,260.0,0,59,494.0,4,0.0,0,0.0,0,33,158.0,1,11,94.0,0,2.0
136,136,136,137,Phillip Dorsett II,LV,,WR53,,,,,,133.0,146.5,00-0032208,WR,2015,1,22,2015,0.279090909090909,12.5676365,0.013999999999999999,29.0,13.2,11,0,0.0,0,3,17.0,0,18,225.0,1,0.0,0,0.0,0,2,10.0,0,33,528.0,2,0.0
137,137,137,138,Devontae Booker,,,RB49,,,,,,144.0,147.5,00-0032972,RB,2015,--,23,2016,-1.0,--,0.004,136.0,3.3,--,--,--,--,--,--,--,--,--,--,--,0,0.0,0,174,612.0,4,31,265.0,1,3.0
138,138,138,139,Jerick McKinnon,,,RB50,,,,,,132.0,147.8,00-0031376,RB,2015,0.5666666666666667,23,2014,0.163125,43.61184,0.005,96.0,5.5,16,0,0.0,0,52,271.0,2,21,173.0,1,0.0,0,0.0,0,159,539.0,2,43,255.0,2,0.0
139,139,139,140,Christine Michael,,,RB51,,,,,,242.0,148.8,00-0030432,RB,2015,1,24,2013,0.1825,14.315534,0.005,62.0,8.3,8,0,0.0,0,54,243.0,0,3,16.0,0,0.0,0,0.0,0,148,583.0,7,22,107.0,1,1.0
140,140,140,141,Zach Miller,,,TE19,,,,,,151.0,150.5,00-0027125,TE,2015,0.8947368421052632,30,2009,0.5800000000000001,70.686295,0.019,180.0,1.5,12,0,0.0,0,0,0.0,0,34,439.0,5,0.0,0,0.0,0,0,0.0,0,47,486.0,4,0.0
141,141,141,142,DeAndre Washington,,,RB52,,,,,,205.0,152.3,00-0032940,RB,2015,--,22,2016,-1.0,--,0.004,143.0,3.0,--,--,--,--,--,--,--,--,--,--,--,0,0.0,0,87,467.0,2,17,115.0,0,1.0
142,142,142,143,Alfred Morris,,,RB53,,,,,,148.0,153.0,00-0029141,RB,2015,1,26,2012,0.349375,19.933167,0.011000000000000001,173.0,1.8,16,0,0.0,0,202,751.0,1,10,55.0,0,0.0,0,0.0,0,69,243.0,2,3,11.0,0,0.0
143,143,143,144,Marcus Mariota,WAS,9.0,QB17,,,,,,152.0,153.3,00-0032268,QB,2015,1,21,2015,0.9141666666666668,119.8696,0.042,2.0,30.2,12,230,2818.0,19,34,252.0,2,1,41.0,1,16.0,276,3426.0,26,60,349.0,2,0,0.0,0,14.0
144,144,144,145,Denver Broncos,DST,11.0,DST1,,,,,,,97.7,--,D/ST,2015,--,D/ST,D/ST,-1.0,--,--,,0.0,--,--,--,--,--,--,--,--,--,--,--,--,--,--,--,--,--,--,--,--,--
145,145,145,146,Rishard Matthews,,,WR54,,,,,,168.0,154.0,00-0029580,WR,2015,0.7611940298507462,25,2012,0.7436363636363634,69.58672,0.032,227.0,0.0,11,0,0.0,0,1,4.0,0,43,662.0,4,0.0,0,0.0,0,0,0.0,0,65,945.0,9,1.0
146,146,146,147,Andy Dalton,CAR,7.0,QB18,,,,,,172.0,154.0,00-0027973,QB,2015,1,27,2011,0.92,65.21548,0.12,35.0,12.0,13,255,3250.0,25,57,142.0,3,0,0.0,0,9.0,364,4206.0,18,46,184.0,4,0,0.0,0,11.0
147,147,147,148,Tyler Boyd,,,WR55,,,,,,174.0,154.5,00-0033009,WR,2015,--,20,2016,-1.0,--,0.007,55.0,9.1,--,--,--,--,--,--,--,--,--,--,--,0,0.0,0,4,58.0,0,54,603.0,1,1.0
148,148,148,149,Matt Ryan,,,QB19,,,,,,135.0,155.3,00-0026143,QB,2015,1,30,2008,0.978125,27.00221,0.16899999999999998,3.0,27.6,16,407,4591.0,21,36,63.0,0,0,0.0,0,21.0,373,4944.0,38,35,117.0,0,0,0.0,0,9.0
149,149,149,150,Justin Tucker,,,K3,,,,,,157.0,157.0,00-0029597,K,2015,1,25,2012,-1.0,--,0.027000000000000003,,0.0,--,--,--,--,--,--,--,--,--,--,--,0,0.0,0,0,0.0,0,0,0.0,0,0.0
150,150,150,151,Steve Smith,,,WR56,,,,,,165.0,157.0,00-0020337,WR,2015,0.7798165137614679,36,2001,0.6942857142857142,196.20142,0.026000000000000002,74.0,7.2,7,0,0.0,0,0,0.0,0,46,670.0,3,0.0,0,0.0,0,0,0.0,0,70,799.0,5,0.0
151,151,151,152,Chris Hogan,,,WR57,,,,,,160.0,159.5,00-0028237,WR,2015,1,27,2011,0.558125,25.27379,0.026000000000000002,,0.0,13,1,4.0,0,1,4.0,0,36,450.0,2,0.0,0,0.0,0,3,9.0,0,38,680.0,4,1.0
152,152,152,153,Graham Gano,NYG,8.0,K4,,,,,,188.0,160.3,00-0026858,K,2015,1,28,2009,-1.0,--,0.023,,0.0,--,--,--,--,--,--,--,--,--,--,--,--,--,--,--,--,--,--,--,--,--
153,153,153,154,James Starks,,,RB54,,,,,,141.0,160.3,00-0027791,RB,2015,1,29,2010,0.453125,71.55263,0.019,193.0,1.1,16,0,0.0,0,148,601.0,2,43,392.0,3,3.0,0,0.0,0,63,145.0,0,19,134.0,2,0.0
154,154,154,155,Chandler Catanzaro,,,K5,,,,,,169.0,161.3,00-0030896,K,2015,1,24,2014,-1.0,--,0.004,,0.0,--,--,--,--,--,--,--,--,--,--,--,--,--,--,--,--,--,--,--,--,--
155,155,155,156,Seattle Seahawks,DST,5.0,DST2,,,,,,,109.0,--,D/ST,2015,--,D/ST,D/ST,-1.0,--,--,,0.0,--,--,--,--,--,--,--,--,--,--,--,--,--,--,--,--,--,--,--,--,--
156,156,156,157,Arizona Cardinals,DST,9.0,DST3,,,,,,,111.0,--,D/ST,2015,--,D/ST,D/ST,-1.0,--,--,,0.0,--,--,--,--,--,--,--,--,--,--,--,--,--,--,--,--,--,--,--,--,--
157,157,157,158,William Fuller,V,,WR58,,,,,,223.0,164.5,00-0005639,DE,2015,--,53,1986,-1.0,--,--,21.0,15.2,--,--,--,--,--,--,--,--,--,--,--,--,--,--,--,--,--,--,--,--,--
158,158,158,159,Ryan Tannehill,,,QB20,,,,,,153.0,165.5,00-0029701,QB,2015,1,27,2012,0.993125,31.107922,0.134,8.0,21.4,16,363,4208.0,24,32,141.0,1,1,9.0,0,15.0,261,2995.0,19,39,164.0,1,0,0.0,0,15.0
159,159,159,160,Dorial Green-Beckham,,,WR59,,,,,,139.0,167.3,00-0032218,WR,2015,1,22,2015,0.575,44.225548,0.01,40.0,11.1,14,0,0.0,0,0,0.0,0,32,549.0,4,0.0,0,0.0,0,0,0.0,0,36,392.0,2,0.0
160,160,160,161,Terrance West,,,RB55,,,,,,175.0,168.5,00-0031375,RB,2015,1,24,2014,0.22875,5.228571,0.004,94.0,5.7,8,0,0.0,0,62,231.0,0,4,21.0,0,2.0,0,0.0,0,193,774.0,5,34,236.0,1,0.0
161,161,161,162,Mike Wallace,,,WR60,,,,,,158.0,168.8,00-0026901,WR,2015,0.86440678,29,2009,0.7337500000000001,33.759235,0.037000000000000005,84.0,6.4,15,0,0.0,0,1,6.0,0,39,473.0,2,0.0,0,0.0,0,5,31.0,0,72,1017.0,4,0.0
162,162,162,163,Carolina Panthers,DST,7.0,DST4,,,,,,,119.7,--,D/ST,2015,--,D/ST,D/ST,-1.0,--,--,,0.0,--,--,--,--,--,--,--,--,--,--,--,--,--,--,--,--,--,--,--,--,--
163,163,163,164,Dan Bailey,,,K6,,,,,,181.0,173.8,00-0028660,K,2015,1,27,2011,-1.0,--,0.024,,0.0,--,--,--,--,--,--,--,--,--,--,--,--,--,--,--,--,--,--,--,--,--
164,164,164,165,Pierre Garcon,,,WR61,,,,,,150.0,174.0,00-0026345,WR,2015,1,29,2008,0.755,19.532625,0.07,205.0,0.7,16,0,0.0,0,0,0.0,0,72,777.0,6,0.0,0,0.0,0,0,0.0,0,79,1041.0,3,0.0
165,165,165,166,Chris Johnson,,,RB56,,,,,,154.0,176.0,00-0026164,RB,2015,0.8947368421052632,29,2008,0.4763636363636363,56.654728,0.01,24.0,14.4,11,0,0.0,0,196,814.0,3,6,58.0,0,2.0,0,0.0,0,25,95.0,1,0,0.0,0,0.0
166,166,166,167,Mason Crosby,,,K7,,,,,,194.0,177.0,00-0025580,K,2015,1,30,2007,0.323125,--,0.026000000000000002,193.0,1.1,--,--,--,--,--,--,--,--,--,--,--,--,--,--,--,--,--,--,--,--,--
167,167,167,168,Kenny Stills,,,WR62,,,,,,191.0,179.3,00-0030085,WR,2015,1,23,2013,0.5806250000000001,33.15238,0.005,144.0,3.0,15,0,0.0,0,0,0.0,0,27,440.0,3,0.0,0,0.0,0,0,0.0,0,42,726.0,9,0.0
168,168,168,169,Virgil Green,,,TE20,,,,,,196.0,180.0,00-0028142,TE,2015,1,27,2011,0.3556249999999999,9.850909,0.02,204.0,0.7,11,0,0.0,0,0,0.0,0,12,173.0,1,0.0,0,0.0,0,0,0.0,0,22,237.0,1,0.0
169,169,169,170,Brandon McManus,GB,4.0,K8,,,,,,193.0,181.0,00-0029822,K,2015,1,24,2014,-1.0,--,0.004,,0.0,--,--,--,--,--,--,--,--,--,--,--,0,0.0,0,1,6.0,0,0,0.0,0,0.0
170,170,170,171,Terrelle Pryor Sr.,,,WR63,,,,,,166.0,184.8,00-0028825,WR,2015,1,26,2011,-1.0,14.044998,0.011000000000000001,1.0,34.6,2,0,0.0,0,1,-1.0,0,1,42.0,0,0.0,5,41.0,0,8,21.0,1,77,1007.0,4,0.0
171,171,171,172,Ryan Fitzpatrick,,,QB21,,,,,,221.0,185.3,00-0023682,QB,2015,0.8717948717948718,32,2005,0.944375,45.061733,0.077,250.0,0.0,16,335,3905.0,31,60,270.0,2,0,0.0,0,17.0,228,2710.0,12,33,130.0,0,0,0.0,0,18.0
172,172,172,173,Kenneth Dixon,,,RB57,,,,,,232.0,185.5,00-0032411,RB,2015,--,21,2016,-1.0,--,0.004,134.0,3.4,--,--,--,--,--,--,--,--,--,--,--,0,0.0,0,88,382.0,2,30,162.0,1,0.0
173,173,173,174,Ted Ginn Jr.,,,WR64,,,,,,201.0,185.8,00-0025396,WR,2015,1,30,2007,0.6453333333333334,71.88401,0.015,9.0,20.6,14,0,0.0,0,4,60.0,0,44,739.0,10,0.0,0,0.0,0,14,98.0,0,54,752.0,4,0.0
174,174,174,175,Houston Texans,DST,9.0,DST5,,,,,,,141.7,--,D/ST,2015,--,D/ST,D/ST,-1.0,--,--,,0.0,--,--,--,--,--,--,--,--,--,--,--,--,--,--,--,--,--,--,--,--,--
175,175,175,176,Laquon Treadwell,IND,10.0,WR65,,,,,,95.0,142.0,00-0032951,WR,2015,--,20,2016,-1.0,--,0.016,23.0,14.6,--,--,--,--,--,--,--,--,--,--,--,0,0.0,0,0,0.0,0,1,15.0,0,0.0
176,176,176,177,Dak Prescott,DAL,7.0,QB22,,,,,,217.0,187.0,00-0033077,QB,2015,--,22,2016,-1.0,--,0.004,135.0,3.4,--,--,--,--,--,--,--,--,--,--,--,311,3667.0,23,57,282.0,6,0,0.0,0,8.0
177,177,177,178,Kansas City Chiefs,DST,5.0,DST6,,,,,,,144.3,--,D/ST,2015,--,D/ST,D/ST,-1.0,--,--,,0.0,--,--,--,--,--,--,--,--,--,--,--,--,--,--,--,--,--,--,--,--,--
178,178,178,179,Victor Cruz,,,WR66,,,,,,167.0,192.0,00-0027265,WR,2015,0.7083333333333334,28,2010,-1.0,--,0.046,,0.0,--,--,--,--,--,--,--,--,--,--,--,0,0.0,0,0,0.0,0,39,586.0,1,1.0
179,179,179,180,Robert Griffin,III,,QB23,,,,,,173.0,194.0,00-0029532,G,2015,--,25,2012,-1.0,--,--,,0.0,--,--,--,--,--,--,--,--,--,--,--,--,--,--,--,--,--,--,--,--,--
180,180,180,181,Minnesota Vikings,DST,6.0,DST7,,,,,,,154.3,--,D/ST,2015,--,D/ST,D/ST,-1.0,--,--,,0.0,--,--,--,--,--,--,--,--,--,--,--,--,--,--,--,--,--,--,--,--,--
181,181,181,182,Sammie Coates,,,WR67,,,,,,134.0,156.3,00-0032166,WR,2015,1,22,2015,0.096666667,,0.005,87.0,6.2,1,0,0.0,0,0,0.0,0,1,11.0,0,0.0,0,0.0,0,4,14.0,0,21,435.0,2,0.0
182,182,182,183,Chris Thompson,,,RB58,,,,,,147.0,161.7,00-0030404,RB,2015,0.6666666666666666,24,2013,0.32,33.025257,0.004,154.0,2.5,13,0,0.0,0,35,216.0,0,35,240.0,2,0.0,0,0.0,0,68,356.0,3,49,349.0,2,1.0
183,183,183,184,Charles Clay,,,TE21,,,,,,163.0,162.0,00-0028112,TE,2015,0.6219512195121951,26,2011,0.883076923,45.133976,0.053,174.0,1.7,13,0,0.0,0,0,0.0,0,51,528.0,3,0.0,0,0.0,0,0,0.0,0,57,552.0,4,0.0
184,184,184,185,Los Angeles Rams,DST,8.0,DST8,,,,,,,162.3,--,D/ST,2015,--,D/ST,D/ST,-1.0,--,--,,0.0,--,--,--,--,--,--,--,--,--,--,--,--,--,--,--,--,--,--,--,--,--
185,185,185,186,Austin Seferian-Jenkins,,,TE22,,,,,,136.0,163.7,00-0031418,TE,2015,0.53125,22,2014,0.4514285714285714,65.63619,0.01,38.0,11.4,7,0,0.0,0,0,0.0,0,21,338.0,4,0.0,0,0.0,0,0,0.0,0,13,154.0,1,0.0
186,186,186,187,C.J. Prosise,,,RB59,,,,,,119.0,164.7,00-0032393,RB,2015,--,21,2016,-1.0,--,0.005,90.0,5.9,--,--,--,--,--,--,--,--,--,--,--,0,0.0,0,30,172.0,1,17,208.0,0,0.0
187,187,187,188,Brock Osweiler,,,QB24,,,,,,218.0,205.8,00-0029682,QB,2015,1,24,2012,0.8875,51.89159,0.11599999999999999,57.0,8.9,8,170,1967.0,10,21,61.0,1,0,0.0,0,7.0,301,2957.0,15,30,131.0,2,1,-6.0,0,17.0
188,188,188,189,New England Patriots,DST,9.0,DST9,,,,,,,170.3,--,D/ST,2015,--,D/ST,D/ST,-1.0,--,--,,0.0,--,--,--,--,--,--,--,--,--,--,--,--,--,--,--,--,--,--,--,--,--
189,189,189,190,Javorius Allen,,,RB60,,,,,,162.0,172.7,00-0031577,RB,2015,1,24,2015,0.349375,92.48329,0.005,125.0,3.9,16,0,0.0,0,137,514.0,1,45,353.0,2,2.0,0,0.0,0,9,34.0,0,3,15.0,0,0.0
190,190,190,191,Ladarius Green,,,TE23,,,,,,149.0,175.3,00-0029275,TE,2015,0.7611940298507462,25,2012,0.6907692307692308,38.053333,0.032,110.0,4.7,13,0,0.0,0,0,0.0,0,37,429.0,4,0.0,0,0.0,0,0,0.0,0,18,304.0,1,0.0
191,191,191,192,Cincinnati Bengals,DST,9.0,DST10,,,,,,,177.3,--,D/ST,2015,--,D/ST,D/ST,-1.0,--,--,,0.0,--,--,--,--,--,--,--,--,--,--,--,--,--,--,--,--,--,--,--,--,--
192,192,192,193,Adam Vinatieri,,,K9,,,,,,202.0,178.0,00-0016919,K,2015,1,42,1996,-1.0,--,0.019,,0.0,--,--,--,--,--,--,--,--,--,--,--,--,--,--,--,--,--,--,--,--,--
193,193,193,194,New York Jets,DST,11.0,DST11,,,,,,,179.3,--,D/ST,2015,--,D/ST,D/ST,-1.0,--,--,,0.0,--,--,--,--,--,--,--,--,--,--,--,--,--,--,--,--,--,--,--,--,--
194,194,194,195,Blair Walsh,,,K10,,,,,,199.0,181.3,00-0029576,K,2015,1,25,2012,0.36875,--,0.023,175.0,1.7,--,--,--,--,--,--,--,--,--,--,--,--,--,--,--,--,--,--,--,--,--
195,195,195,196,Charcandrick West,,,RB61,,,,,,140.0,185.7,00-0030668,RB,2015,1,24,2014,-1.0,88.36808,0.009,,0.0,13,0,0.0,0,160,634.0,4,20,214.0,1,1.0,0,0.0,0,88,293.0,1,28,188.0,2,0.0
196,196,196,197,Clive Walford,,,TE24,,,,,,207.0,186.3,00-0032256,TE,2015,1,23,2015,0.41625,14.101143,0.006,68.0,7.7,15,0,0.0,0,0,0.0,0,28,329.0,3,0.0,0,0.0,0,0,0.0,0,33,359.0,3,0.0
197,197,197,198,Las Vegas Raiders,DST,,DST12,,,,,,,195.7,--,D/ST,2015,--,D/ST,D/ST,-1.0,--,--,,0.0,--,--,--,--,--,--,--,--,--,--,--,--,--,--,--,--,--,--,--,--,--
198,198,198,199,Jordan Howard,,,RB62,,,,,,161.0,197.0,00-0032780,RB,2015,--,20,2016,-1.0,--,0.004,150.0,2.7,--,--,--,--,--,--,--,--,--,--,--,0,0.0,0,252,1313.0,6,29,298.0,1,1.0
199,199,199,200,Cairo Santos,CHI,9.0,K11,,,,,,222.0,198.3,00-0031203,K,2015,1,23,2014,-1.0,,--,,0.0,1,1,3.0,0,0,0.0,0,0,0.0,0,0.0,--,--,--,--,--,--,--,--,--,--
200,200,200,201,Green Bay Packers,DST,4.0,DST13,,,,,,,199.7,--,D/ST,2015,--,D/ST,D/ST,-1.0,--,--,,0.0,--,--,--,--,--,--,--,--,--,--,--,--,--,--,--,--,--,--,--,--,--
201,201,201,202,Buffalo Bills,DST,10.0,DST14,,,,,,,199.7,--,D/ST,2015,--,D/ST,D/ST,-1.0,--,--,,0.0,--,--,--,--,--,--,--,--,--,--,--,--,--,--,--,--,--,--,--,--,--
202,202,202,203,Philadelphia Eagles,DST,4.0,DST15,,,,,,,200.7,--,D/ST,2015,--,D/ST,D/ST,-1.0,--,--,,0.0,--,--,--,--,--,--,--,--,--,--,--,--,--,--,--,--,--,--,--,--,--
203,203,203,204,Jesse James,,,TE25,,,,,,178.0,202.7,00-0032135,TE,2015,1,21,2015,0.305,11.687,0.004,160.0,2.3,5,0,0.0,0,0,0.0,0,8,56.0,1,0.0,0,0.0,0,0,0.0,0,39,338.0,3,0.0
204,204,204,205,Jordan Cameron,,,TE26,,,,,,177.0,203.0,00-0028040,TE,2015,1,27,2011,0.725,13.002,0.039,102.0,5.1,16,0,0.0,0,0,0.0,0,35,386.0,3,0.0,0,0.0,0,0,0.0,0,8,60.0,1,0.0
205,205,205,206,Joe Flacco,CLE,13.0,QB25,,,,,,212.0,204.3,00-0026158,QB,2015,0.9026548672566371,30,2008,1.0,57.8608,0.14300000000000002,18.0,16.2,10,266,2791.0,14,13,23.0,3,0,0.0,0,14.0,436,4317.0,20,21,58.0,2,0,0.0,0,18.0
206,206,206,207,Kendall Wright,,,WR68,,,,,,155.0,204.7,00-0029708,WR,2015,1,25,2012,0.611,52.445,0.026000000000000002,20.0,15.5,10,0,0.0,0,5,17.0,0,36,408.0,3,0.0,0,0.0,0,1,15.0,0,29,416.0,3,0.0
207,207,207,208,Nelson Agholor,,,WR69,,,,,,142.0,205.7,00-0031549,WR,2015,1,22,2015,0.7369230769230769,17.376026,0.016,20.0,15.5,13,0,0.0,0,0,0.0,0,23,283.0,1,1.0,0,0.0,0,5,14.0,0,36,365.0,2,0.0
208,208,208,209,Terrance Williams,,,WR70,,,,,,214.0,205.7,00-0030542,WR,2015,1,25,2013,0.768125,43.07133,0.006,74.0,7.2,16,0,0.0,0,0,0.0,0,52,840.0,3,0.0,0,0.0,0,0,0.0,0,44,594.0,4,1.0
209,209,209,210,Josh Ferguson,,,RB63,,,,,,176.0,206.3,00-0032377,RB,2015,--,22,2016,-1.0,--,0.003,,0.0,--,--,--,--,--,--,--,--,--,--,--,0,0.0,0,15,20.0,0,20,136.0,0,0.0
210,210,210,211,Kyle Rudolph,,,TE27,,,,,,228.0,206.3,00-0027981,TE,2015,0.8292682926829268,25,2011,0.8300000000000001,35.346294,0.055,43.0,10.6,16,0,0.0,0,0,0.0,0,49,495.0,5,0.0,0,0.0,0,0,0.0,0,83,840.0,7,0.0
211,211,211,212,C.J. Spiller,,,RB64,,,,,,203.0,208.0,00-0027861,RB,2015,0.8279569892473119,28,2010,0.2146153846153846,32.057564,0.005,9.0,20.6,13,0,0.0,0,36,112.0,0,34,239.0,2,0.0,0,0.0,0,6,18.0,0,6,50.0,1,0.0
212,212,212,213,Anquan Boldin,,,WR71,,,,,,253.0,208.3,00-0022084,WR,2015,1,34,2003,0.8635714285714285,46.124012,0.018000000000000002,54.0,9.2,14,0,0.0,0,0,0.0,0,69,789.0,4,1.0,0,0.0,0,0,0.0,0,67,584.0,8,0.0
213,213,213,214,Wendell Smallwood,,,RB65,,,,,,164.0,209.0,00-0032782,RB,2015,--,21,2016,-1.0,--,0.004,153.0,2.6,--,--,--,--,--,--,--,--,--,--,--,0,0.0,0,77,312.0,1,6,55.0,0,1.0
214,214,214,215,Breshad Perriman,,,WR72,,,,,,189.0,209.3,00-0032054,WR,2015,0,21,2015,-1.0,--,0.015,26.0,13.9,--,--,--,--,--,--,--,--,--,--,--,0,0.0,0,1,2.0,0,33,499.0,3,0.0
215,215,215,216,Sebastian Janikowski,,,K12,,,,,,255.0,210.0,00-0019646,K,2015,1,37,2000,0.298125,--,0.031,17.0,16.6,--,--,--,--,--,--,--,--,--,--,--,--,--,--,--,--,--,--,--,--,--
216,216,216,217,Josh Doctson,,,WR73,,,,,,198.0,211.0,00-0032760,WR,2015,--,22,2016,-1.0,--,0.016,22.0,14.9,--,--,--,--,--,--,--,--,--,--,--,0,0.0,0,0,0.0,0,2,66.0,0,0.0
217,217,217,218,Eli Rogers,,,WR74,,,,,,200.0,211.0,00-0031782,WR,2015,--,22,2015,-1.0,--,0.004,,0.0,--,--,--,--,--,--,--,--,--,--,--,0,0.0,0,1,6.0,0,48,594.0,3,0.0
218,218,218,219,Chris Boswell,PIT,8.0,K13,,,,,,230.0,212.7,00-0031136,K,2015,1,24,2014,-1.0,--,0.003,,0.0,--,--,--,--,--,--,--,--,--,--,--,--,--,--,--,--,--,--,--,--,--
219,219,219,220,Trevor Siemian,TEN,13.0,QB26,,,,,,143.0,214.0,00-0032156,QB,2015,1,23,2015,0.01,,0.004,250.0,0.0,1,0,0.0,0,1,-1.0,0,0,0.0,0,0.0,289,3401.0,18,28,57.0,0,0,0.0,0,12.0
220,220,220,221,Jaelen Strong,,,WR75,,,,,,159.0,215.0,00-0031560,WR,2015,1,21,2015,0.3889999999999999,44.558777,0.006,70.0,7.5,10,0,0.0,0,0,0.0,0,14,161.0,3,0.0,0,0.0,0,0,0.0,0,14,131.0,0,0.0
221,221,221,222,Shaun Draughn,,,RB66,,,,,,256.0,215.7,00-0028202,RB,2015,0.6744186046511628,27,2011,-1.0,50.95028,--,,0.0,9,0,0.0,0,78,273.0,1,27,176.0,0,0.0,0,0.0,0,74,196.0,4,29,263.0,2,1.0
222,222,222,223,Tyler Gaffney,,,RB67,,,,,,185.0,217.3,00-0031190,RB,2015,--,24,2014,-1.0,--,0.003,204.0,0.7,--,--,--,--,--,--,--,--,--,--,--,--,--,--,--,--,--,--,--,--,--
223,223,223,224,Darren McFadden,,,RB68,,,,,,213.0,218.3,00-0026144,RB,2015,1,28,2008,0.6056250000000001,31.942625,0.01,4.0,25.8,16,0,0.0,0,239,1089.0,3,40,328.0,0,2.0,0,0.0,0,24,87.0,0,3,17.0,0,0.0
224,224,224,225,Paul Perkins,,,RB69,,,,,,170.0,218.7,00-0032417,RB,2015,--,20,2016,-1.0,--,0.004,149.0,2.7,--,--,--,--,--,--,--,--,--,--,--,0,0.0,0,112,456.0,0,15,162.0,0,0.0
225,225,225,226,Vance McDonald,,,TE28,,,,,,304.0,218.7,00-0030470,TE,2015,0.7083333333333334,25,2013,0.5178571428571428,43.694946,0.042,55.0,9.1,14,0,0.0,0,0,0.0,0,30,326.0,3,0.0,0,0.0,0,0,0.0,0,24,391.0,4,0.0
226,226,226,227,Robert Kelley,,,RB70,,,,,,208.0,218.7,00-0032371,RB,2015,--,22,2016,-1.0,--,0.003,,0.0,--,--,--,--,--,--,--,--,--,--,--,0,0.0,0,168,704.0,6,12,82.0,1,0.0
227,227,227,228,Jay Cutler,,,QB27,,,,,,215.0,221.7,00-0024226,QB,2015,0.86440678,32,2006,0.9593333333333334,22.495134,0.136,11.0,19.3,15,311,3659.0,21,38,201.0,1,0,0.0,0,16.0,81,1059.0,4,5,24.0,0,0,0.0,0,7.0
228,228,228,229,Davante Adams,LAR,8.0,WR76,,,,,,229.0,222.7,00-0031381,WR,2015,1,22,2014,0.7999999999999999,33.422306,0.007,53.0,9.3,13,0,0.0,0,0,0.0,0,50,495.0,1,0.0,0,0.0,0,0,0.0,0,75,997.0,12,1.0
229,229,229,230,Charles Johnson,,,WR77,,,,,,186.0,223.3,00-0030113,WR,2015,0.9696969696969697,26,2013,0.32,1.0656667,0.004,,0.0,6,0,0.0,0,0,0.0,0,9,127.0,0,0.0,0,0.0,0,0,0.0,0,20,232.0,0,0.0
230,230,230,231,Tim Hightower,,,RB71,,,,,,210.0,224.3,00-0026289,RB,2015,0.86,29,2008,0.32375,134.008,--,149.0,2.7,6,0,0.0,0,96,375.0,4,12,129.0,0,0.0,0,0.0,0,133,548.0,4,22,200.0,1,0.0
231,231,231,232,Keith Marshall,,,RB72,,,,,,262.0,225.0,00-0032806,RB,2015,--,21,2016,-1.0,--,0.004,242.0,0.0,--,--,--,--,--,--,--,--,--,--,--,--,--,--,--,--,--,--,--,--,--
232,232,232,233,Tony Romo,,,QB28,,,,,,179.0,180.0,00-0021678,QB,2015,0.794392523,35,2003,-1.0,101.77556,0.146,,0.0,4,83,884.0,5,4,13.0,0,0,0.0,0,8.0,3,29.0,1,0,0.0,0,0,0.0,0,0.0
233,233,233,234,Alex Smith,,,QB29,,,,,,246.0,227.7,00-0023436,QB,2015,1,31,2005,0.986875,29.727621,0.128,,0.0,16,307,3486.0,20,84,498.0,2,0,0.0,0,7.0,328,3502.0,15,48,134.0,5,1,3.0,0,12.0
234,234,234,235,Kenjon Barner,,,RB73,,,,,,211.0,227.7,00-0030465,RB,2015,1,26,2013,0.116,9.411999,0.004,182.0,1.5,5,0,0.0,0,28,124.0,0,9,22.0,0,1.0,0,0.0,0,27,129.0,2,5,42.0,0,0.0
235,235,235,236,Karlos Williams,,,RB74,,,,,,216.0,229.0,00-0032152,RB,2015,1,22,2015,0.3281818181818182,48.42,0.001,155.0,2.5,11,0,0.0,0,93,517.0,7,11,96.0,2,1.0,--,--,--,--,--,--,--,--,--,--
236,236,236,237,Ronnie Hillman,,,RB75,,,,,,187.0,231.7,00-0029683,RB,2015,1,23,2012,0.47125,39.2825,0.013000000000000001,67.0,7.8,16,0,0.0,0,207,863.0,7,24,111.0,0,1.0,0,0.0,0,41,131.0,0,7,93.0,0,0.0
237,237,237,238,Quinton Patton,,,WR78,,,,,,171.0,233.3,00-0030450,WR,2015,1,25,2013,0.423125,12.478287,0.005,128.0,3.7,15,0,0.0,0,1,5.0,0,30,394.0,1,0.0,0,0.0,0,0,0.0,0,37,408.0,0,0.0
238,238,238,239,Robert Woods,PIT,8.0,WR79,,,,,,248.0,234.7,00-0030431,WR,2015,0.6938775510204082,23,2013,0.8178571428571428,37.77187,0.01,41.0,11.0,14,0,0.0,0,1,0.0,0,47,552.0,3,1.0,0,0.0,0,1,6.0,0,51,613.0,1,0.0
239,239,239,240,Braxton Miller,,,WR80,,,,,,204.0,235.3,00-0033069,WR,2015,--,22,2016,-1.0,--,0.005,85.0,6.3,--,--,--,--,--,--,--,--,--,--,--,0,0.0,0,3,0.0,0,15,99.0,1,0.0
240,240,240,241,Matt Prater,,,K14,,,,,,285.0,235.7,00-0023853,K,2015,0.8660714285714286,31,2007,-1.0,--,0.021,,0.0,--,--,--,--,--,--,--,--,--,--,--,--,--,--,--,--,--,--,--,--,--
241,241,241,242,Jamison Crowder,,,WR81,,,,,,268.0,237.7,00-0031941,WR,2015,1,22,2015,0.7,39.723335,0.005,105.0,5.0,16,0,0.0,0,2,2.0,0,59,604.0,2,0.0,0,0.0,0,2,-2.0,0,67,847.0,7,1.0
242,242,242,243,Dan Carpenter,,,K15,,,,,,182.0,196.5,00-0026003,K,2015,0.8717948717948718,29,2008,-1.0,--,0.019,,0.0,--,--,--,--,--,--,--,--,--,--,--,--,--,--,--,--,--,--,--,--,--
243,243,243,244,Cameron Artis-Payne,,,RB76,,,,,,227.0,238.7,00-0031599,RB,2015,1,25,2015,0.2542857142857143,34.267002,0.004,174.0,1.7,6,0,0.0,0,45,183.0,1,5,58.0,0,0.0,0,0.0,0,36,144.0,2,1,11.0,0,0.0
244,244,244,245,Will Tye,,,TE29,,,,,,241.0,239.3,00-0032004,TE,2015,1,23,2015,-1.0,36.775642,--,,0.0,13,0,0.0,0,0,0.0,0,42,464.0,3,1.0,0,0.0,0,0,0.0,0,48,395.0,1,0.0
245,245,245,246,Malcolm Mitchell,,,WR82,,,,,,249.0,241.0,00-0032400,WR,2015,--,23,2016,-1.0,--,0.005,112.0,4.6,--,--,--,--,--,--,--,--,--,--,--,0,0.0,0,0,0.0,0,32,401.0,4,0.0
246,246,246,247,Jermaine Kearse,,,WR83,,,,,,266.0,242.0,00-0029159,WR,2015,1,25,2012,-1.0,48.44829,0.028999999999999998,,0.0,16,0,0.0,0,0,0.0,0,49,685.0,5,0.0,0,0.0,0,0,0.0,0,41,510.0,1,0.0
247,247,247,248,Carson Wentz,,,QB30,,,,,,245.0,243.0,00-0032950,QB,2015,--,22,2016,-1.0,--,0.043,2.0,30.2,--,--,--,--,--,--,--,--,--,--,--,379,3782.0,16,46,150.0,2,1,7.0,0,17.0
248,248,248,249,Pittsburgh Steelers,DST,8.0,DST16,,,,,,,210.0,--,D/ST,2015,--,D/ST,D/ST,-1.0,--,--,,0.0,--,--,--,--,--,--,--,--,--,--,--,--,--,--,--,--,--,--,--,--,--
249,249,249,250,Danny Amendola,,,WR84,,,,,,234.0,249.0,00-0026035,WR,2015,0.9523809523809523,29,2008,0.5742857142857142,63.63406,0.026000000000000002,,0.0,14,1,36.0,0,2,11.0,0,65,648.0,3,0.0,0,0.0,0,0,0.0,0,23,243.0,4,1.0
250,250,250,251,Andre Ellington,,,RB77,,,,,,225.0,249.3,00-0030287,RB,2015,0.7083333333333334,26,2013,0.317,31.173443,0.005,187.0,1.3,10,0,0.0,0,45,289.0,3,15,148.0,0,1.0,0,0.0,0,34,96.0,0,12,85.0,0,0.0
251,251,251,252,Kenyan Drake,,,RB78,,,,,,190.0,249.7,00-0033118,RB,2015,--,21,2016,-1.0,--,0.005,73.0,7.3,--,--,--,--,--,--,--,--,--,--,--,0,0.0,0,33,179.0,2,9,46.0,0,0.0
252,252,252,253,Benjamin Watson,,,TE30,,,,,,226.0,215.5,00-0022943,TE,2015,0.8793103448275862,34,2004,0.854375,68.62063,0.023,,0.0,16,0,0.0,0,0,0.0,0,74,825.0,6,1.0,--,--,--,--,--,--,--,--,--,--
253,253,253,254,Justin Hardy,,,WR85,,,,,,197.0,217.0,00-0031570,WR,2015,1,23,2015,0.5477777777777777,3.873611,0.005,107.0,4.8,9,0,0.0,0,0,0.0,0,21,194.0,0,0.0,0,0.0,0,0,0.0,0,21,203.0,4,0.0
254,254,254,255,Zach Zenner,,,RB79,,,,,,243.0,252.7,00-0031665,RB,2015,0,23,2015,-1.0,3.095833,0.004,,0.0,4,0,0.0,0,17,60.0,0,2,11.0,0,0.0,0,0.0,0,88,334.0,4,18,196.0,0,1.0
255,255,255,256,Benny Cunningham Jr.,,,RB80,,,,,,277.0,254.7,00-0029795,RB,2015,1,25,2013,-1.0,17.747255,--,,0.0,14,0,0.0,0,37,140.0,0,26,250.0,0,0.0,0,0.0,0,21,101.0,0,16,91.0,0,0.0
256,256,256,257,Brandon LaFell,,,WR86,,,,,,254.0,254.7,00-0027681,WR,2015,1,28,2010,0.8699999999999999,14.218183,0.016,78.0,6.9,11,0,0.0,0,2,9.0,0,37,515.0,0,0.0,0,0.0,0,1,-2.0,0,64,862.0,6,0.0
257,257,257,258,Sam Bradford,,,QB31,,,,,,280.0,255.0,00-0027854,QB,2015,0.9066666666666666,27,2010,0.97,23.730246,0.113,1.0,34.6,14,346,3725.0,19,26,39.0,0,0,0.0,0,17.0,395,3877.0,20,20,53.0,0,1,5.0,0,10.0
258,258,258,259,Pharoh Cooper,,,WR87,,,,,,244.0,255.7,00-0033111,WR,2015,--,20,2016,-1.0,--,0.005,117.0,4.3,--,--,--,--,--,--,--,--,--,--,--,0,0.0,0,0,0.0,0,14,106.0,0,1.0
259,259,259,260,Tyler Higbee,LAR,8.0,TE31,,,,,,224.0,256.3,00-0033110,TE,2015,--,22,2016,-1.0,--,0.005,110.0,4.7,--,--,--,--,--,--,--,--,--,--,--,0,0.0,0,0,0.0,0,11,85.0,1,0.0
260,260,260,261,Lance Dunbar,,,RB81,,,,,,238.0,225.0,00-0029004,RB,2015,0.6304347826086957,25,2012,-1.0,46.046665,--,,0.0,4,0,0.0,0,5,67.0,0,21,215.0,0,0.0,0,0.0,0,9,31.0,1,16,122.0,0,0.0
261,261,261,262,Jacob Tamme,,,TE32,,,,,,183.0,274.3,00-0026267,TE,2015,1,30,2008,0.7253333333333333,44.362663,0.011000000000000001,127.0,3.8,15,0,0.0,0,0,0.0,0,59,657.0,1,0.0,0,0.0,0,0,0.0,0,22,210.0,3,0.0
262,262,262,263,Jonathan Williams,,,RB82,,,,,,252.0,259.3,00-0032975,RB,2015,--,21,2016,-1.0,--,0.004,156.0,2.4,--,--,--,--,--,--,--,--,--,--,--,0,0.0,0,27,94.0,1,1,0.0,0,2.0
263,263,263,264,New York Giants,DST,8.0,DST17,,,,,,,229.0,--,D/ST,2015,--,D/ST,D/ST,-1.0,--,--,,0.0,--,--,--,--,--,--,--,--,--,--,--,--,--,--,--,--,--,--,--,--,--
264,264,264,265,Cameron Brate,,,TE33,,,,,,239.0,260.7,00-0031273,TE,2015,1,24,2014,0.3542857142857142,28.188786,0.004,,0.0,12,0,0.0,0,0,0.0,0,23,288.0,3,0.0,0,0.0,0,0,0.0,0,57,660.0,8,0.0
265,265,265,266,Richard Rodgers,,,TE34,,,,,,258.0,263.0,00-0031384,TE,2015,1,23,2014,0.708125,62.81529,0.005,98.0,5.4,16,0,0.0,0,1,11.0,0,58,526.0,8,0.0,0,0.0,0,0,0.0,0,30,271.0,2,0.0
266,266,266,267,Bruce Ellington,,,WR88,,,,,,317.0,234.5,00-0031326,WR,2015,1,24,2014,0.1699999999999999,8.402223,0.005,106.0,4.9,10,0,0.0,0,1,7.0,0,13,153.0,0,0.0,--,--,--,--,--,--,--,--,--,--
267,267,267,268,Jimmy Garoppolo,LAR,8.0,QB32,,,,,,192.0,286.0,00-0031345,QB,2015,1,23,2014,0.038,0.043566667,0.007,62.0,8.3,4,1,6.0,0,5,-5.0,0,0,0.0,0,0.0,43,502.0,4,10,6.0,0,1,3.0,0,1.0
268,268,268,269,Reggie Bush,,,RB83,,,,,,293.0,264.7,00-0024217,RB,2015,0.9272727272727272,30,2006,0.174,7.258,0.01,2.0,30.2,5,0,0.0,0,8,28.0,0,4,19.0,0,0.0,0,0.0,0,12,-3.0,1,7,90.0,0,0.0
269,269,269,270,Marqise Lee,,,WR89,,,,,,206.0,240.5,00-0031431,WR,2015,1,23,2014,0.383,11.336945,0.01,39.0,11.3,9,0,0.0,0,5,38.0,0,15,191.0,1,0.0,1,20.0,1,6,35.0,0,63,851.0,3,0.0
270,270,270,271,Kenny Britt,,,WR90,,,,,,269.0,268.3,00-0027006,WR,2015,0.9711538461538461,26,2009,0.675625,33.22096,0.032,30.0,12.9,16,0,0.0,0,0,0.0,0,36,681.0,3,0.0,0,0.0,0,0,0.0,0,68,1002.0,5,1.0
271,271,271,272,Rueben Randle,,,WR91,,,,,,219.0,242.0,00-0029262,WR,2015,1,24,2012,0.8925,33.680958,0.007,63.0,8.2,16,0,0.0,0,0,0.0,0,57,801.0,8,0.0,--,--,--,--,--,--,--,--,--,--
272,272,272,273,Tyler Ervin,,,RB84,,,,,,259.0,269.0,00-0032404,RB,2015,--,21,2016,-1.0,--,0.005,119.0,4.2,--,--,--,--,--,--,--,--,--,--,--,0,0.0,0,1,3.0,0,3,18.0,0,0.0
273,273,273,274,Hunter Henry,NE,9.0,TE35,,,,,,235.0,281.7,00-0033090,TE,2015,--,20,2016,-1.0,--,0.01,35.0,12.0,--,--,--,--,--,--,--,--,--,--,--,0,0.0,0,0,0.0,0,36,478.0,8,1.0
274,274,274,275,Chris Conley,,,WR92,,,,,,314.0,270.0,00-0032128,WR,2015,1,22,2015,0.3625,30.207497,0.005,76.0,7.0,9,0,0.0,0,0,0.0,0,17,199.0,1,0.0,0,0.0,0,0,0.0,0,44,530.0,0,0.0
275,275,275,276,J.J. Nelson,,,WR93,,,,,,236.0,273.0,00-0032112,WR,2015,1,23,2015,0.2009090909090909,69.74445,0.004,159.0,2.3,9,0,0.0,0,1,0.0,0,11,299.0,2,0.0,0,0.0,0,4,83.0,1,34,568.0,6,1.0
276,276,276,277,Robert Turbin,,,RB85,,,,,,270.0,273.0,00-0029273,RB,2015,1,25,2012,0.232,10.568445,0.005,106.0,4.9,10,0,0.0,0,50,199.0,1,7,23.0,0,0.0,0,0.0,0,47,164.0,7,26,179.0,1,0.0
277,277,277,278,Ka'Deem Carey,,,RB86,,,,,,240.0,250.0,00-0031057,RB,2015,1,22,2014,0.1054545454545454,21.399523,0.005,117.0,4.3,7,0,0.0,0,43,159.0,2,3,19.0,1,1.0,0,0.0,0,32,126.0,0,5,55.0,0,0.0
278,278,278,279,Blaine Gabbert,,,QB33,,,,,,294.0,274.0,00-0027948,QB,2015,0.8607594936708861,25,2011,0.99625,17.52748,0.013999999999999999,10.0,19.9,8,178,2031.0,10,32,185.0,1,0,0.0,0,8.0,91,925.0,5,40,173.0,2,1,-16.0,0,6.0
279,279,279,280,Larry Donnell,,,TE36,,,,,,,250.5,00-0028838,TE,2015,0.723404255,26,2012,-1.0,17.686964,0.011000000000000001,,0.0,8,0,0.0,0,0,0.0,0,29,223.0,2,0.0,0,0.0,0,0,0.0,0,15,92.0,1,1.0
280,280,280,281,Jeff Janis,,,WR94,,,,,,233.0,251.0,00-0031001,WR,2015,1,24,2014,0.123125,19.601997,0.004,236.0,0.0,5,0,0.0,0,0,0.0,0,2,79.0,0,0.0,0,0.0,0,2,38.0,1,11,93.0,1,0.0
281,281,281,282,Jace Amaro,,,TE37,,,,,,180.0,288.0,00-0031042,TE,2015,1,23,2014,-1.0,--,0.008,49.0,9.8,--,--,--,--,--,--,--,--,--,--,--,0,0.0,0,0,0.0,0,3,59.0,0,0.0
282,282,282,283,Jerell Adams,,,TE38,,,,,,184.0,292.0,00-0032429,TE,2015,--,22,2016,-1.0,--,0.004,184.0,1.4,--,--,--,--,--,--,--,--,--,--,--,0,0.0,0,0,0.0,0,16,122.0,1,0.0
283,283,283,284,Alfred Blue,,,RB87,,,,,,274.0,253.5,00-0031075,RB,2015,1,24,2014,0.30625,41.08797,0.004,181.0,1.5,14,0,0.0,0,183,698.0,2,15,109.0,1,1.0,0,0.0,0,100,420.0,1,12,40.0,0,1.0
284,284,284,285,Mike Gillislee,,,RB88,,,,,,306.0,278.7,00-0030433,RB,2015,1,24,2013,0.324,55.596996,0.004,164.0,2.1,5,0,0.0,0,47,267.0,3,6,29.0,0,1.0,0,0.0,0,101,577.0,8,9,50.0,1,0.0
285,285,285,286,Teddy Bridgewater,TB,6.0,QB34,,,,,,311.0,257.5,00-0031237,QB,2015,1,22,2014,0.975625,63.007828,0.013000000000000001,32.0,12.5,16,292,3231.0,14,44,192.0,3,0,0.0,0,12.0,--,--,--,--,--,--,--,--,--,--
286,286,286,287,Brandon Coleman,,,WR95,,,,,,220.0,259.0,00-0030801,WR,2015,1,23,2014,-1.0,29.746502,--,,0.0,16,0,0.0,0,0,0.0,0,30,454.0,2,0.0,0,0.0,0,0,0.0,0,26,281.0,3,0.0
287,287,287,288,Paxton Lynch,,,QB35,,,,,,247.0,302.0,00-0033108,QB,2015,--,21,2016,-1.0,--,0.015,26.0,13.9,--,--,--,--,--,--,--,--,--,--,--,49,497.0,2,11,25.0,0,0,0.0,0,1.0
288,288,288,289,Cole Beasley,,,WR96,,,,,,287.0,283.0,00-0029000,WR,2015,1,26,2012,0.55,77.63333,0.024,,0.0,16,0,0.0,0,0,0.0,0,52,536.0,5,1.0,0,0.0,0,1,7.0,0,75,833.0,5,0.0
289,289,289,290,Tyler Kroft,,,TE39,,,,,,209.0,332.5,00-0032214,TE,2015,1,22,2015,0.34,21.325668,0.005,85.0,6.3,6,0,0.0,0,0,0.0,0,11,129.0,1,0.0,0,0.0,0,0,0.0,0,10,92.0,0,0.0
290,290,290,291,Seth Roberts,,,WR97,,,,,,291.0,284.7,00-0031166,WR,2015,1,24,2014,-1.0,54.326668,0.003,,0.0,16,0,0.0,0,0,0.0,0,32,480.0,5,0.0,0,0.0,0,0,0.0,0,38,397.0,5,0.0
291,291,291,292,Alex Collins,,,RB89,,,,,,231.0,266.5,00-0032426,RB,2015,--,21,2016,-1.0,--,0.004,171.0,1.9,--,--,--,--,--,--,--,--,--,--,--,0,0.0,0,31,125.0,1,11,84.0,0,1.0
292,292,292,293,Andre Johnson,,,WR98,,,,,,271.0,269.0,00-0022044,WR,2015,1,34,2003,0.64125,48.21263,0.012,3.0,27.6,16,0,0.0,0,0,0.0,0,41,503.0,4,0.0,0,0.0,0,0,0.0,0,9,85.0,2,0.0
293,293,293,294,Crockett Gillmore,,,TE40,,,,,,,271.0,00-0030992,TE,2015,0.53125,23,2014,0.745,49.541775,0.005,99.0,5.3,10,0,0.0,0,0,0.0,0,33,412.0,4,0.0,0,0.0,0,0,0.0,0,8,71.0,1,0.0
294,294,294,295,Tyrell Williams,,,WR99,,,,,,312.0,290.3,00-0032160,WR,2015,1,23,2015,0.061428571,144.5,0.004,,0.0,2,0,0.0,0,0,0.0,0,2,90.0,1,0.0,0,0.0,0,0,0.0,0,69,1059.0,7,0.0
295,295,295,296,Antonio Andrews,,,RB90,,,,,,273.0,275.0,00-0030789,RB,2015,1,23,2014,-1.0,28.37396,0.004,,0.0,14,1,41.0,1,143,520.0,3,21,174.0,0,1.0,0,0.0,0,2,15.0,0,0,0.0,0,0.0
296,296,296,297,Jared Goff,DET,10.0,QB36,,,,,,267.0,319.0,00-0033106,QB,2015,--,20,2016,-1.0,--,0.045,1.0,34.6,--,--,--,--,--,--,--,--,--,--,--,112,1089.0,5,8,16.0,1,0,0.0,0,9.0
297,297,297,298,Jacksonville Jaguars,DST,5.0,DST18,,,,,,,374.5,--,D/ST,2015,--,D/ST,D/ST,-1.0,--,--,,0.0,--,--,--,--,--,--,--,--,--,--,--,--,--,--,--,--,--,--,--,--,--
298,298,298,299,Daniel Lasco,,,RB91,,,,,,265.0,280.5,00-0032804,RB,2015,--,22,2016,-1.0,--,0.004,237.0,0.0,--,--,--,--,--,--,--,--,--,--,--,0,0.0,0,11,32.0,0,2,11.0,0,0.0
299,299,299,300,DeAndre Smelter,,,WR100,,,,,,,242.0,00-0032064,WR,2015,--,23,2015,-1.0,--,0.003,132.0,3.5,--,--,--,--,--,--,--,--,--,--,--,0,0.0,0,0,0.0,0,1,23.0,0,0.0
300,300,300,301,Jared Abbrederis,,,WR101,,,,,,,282.0,00-0031021,WR,2015,1,24,2014,0.1329999999999999,15.497,0.004,176.0,1.7,5,0,0.0,0,0,0.0,0,9,111.0,0,0.0,0,0.0,0,0,0.0,0,1,8.0,0,0.0
301,301,301,302,Eddie Royal,,,WR102,,,,,,301.0,282.0,00-0026182,WR,2015,1,29,2008,0.7799999999999999,27.83361,0.035,42.0,10.8,9,0,0.0,0,1,-1.0,0,37,238.0,1,0.0,0,0.0,0,0,0.0,0,33,369.0,2,0.0
302,302,302,303,Khiry Robinson,,,RB92,,,,,,275.0,284.0,00-0030348,RB,2015,0.8095238095238095,25,2013,-1.0,16.349823,0.006,,0.0,8,0,0.0,0,56,180.0,4,17,115.0,0,0.0,0,0.0,0,8,22.0,0,0,0.0,0,1.0
303,303,303,304,D.J. Foster,,,RB93,,,,,,305.0,284.5,00-0032577,RB,2015,--,21,2016,-1.0,--,0.003,,0.0,--,--,--,--,--,--,--,--,--,--,--,0,0.0,0,7,24.0,0,1,2.0,0,0.0
304,304,304,305,Roberto Aguayo,,,K16,,,,,,250.0,385.5,00-0033102,K,2015,--,21,2016,-1.0,--,0.007,59.0,8.6,--,--,--,--,--,--,--,--,--,--,--,--,--,--,--,--,--,--,--,--,--
305,305,305,306,Josh Brown,,,K17,,,,,,251.0,385.5,00-0021940,K,2015,1,36,2003,-1.0,--,0.013000000000000001,222.0,0.2,--,--,--,--,--,--,--,--,--,--,--,--,--,--,--,--,--,--,--,--,--
306,306,306,307,Washington Commanders,DST,9.0,DST19,,,,,,,385.0,--,D/ST,2015,--,D/ST,D/ST,-1.0,--,--,,0.0,--,--,--,--,--,--,--,--,--,--,--,--,--,--,--,--,--,--,--,--,--
307,307,307,308,Darrius Heyward-Bey,,,WR103,,,,,,272.0,288.0,00-0026983,WR,2015,1,28,2009,0.3925,34.92473,0.008,7.0,22.2,11,0,0.0,0,0,0.0,0,21,314.0,2,0.0,0,0.0,0,1,60.0,1,6,114.0,2,0.0
308,308,308,309,James Jones,,,WR104,,,,,,286.0,288.0,00-0025465,WR,2015,1,31,2007,0.908125,72.393166,0.006,78.0,6.9,16,0,0.0,0,0,0.0,0,50,890.0,8,0.0,--,--,--,--,--,--,--,--,--,--
309,309,309,310,Robbie Gould,,,K18,,,,,,257.0,390.5,00-0023252,K,2015,0.8793103448275862,32,2005,-1.0,--,--,,0.0,--,--,--,--,--,--,--,--,--,--,--,--,--,--,--,--,--,--,--,--,--
310,310,310,311,Tre Mason,,,RB94,,,,,,276.0,291.0,00-0031391,RB,2015,1,22,2014,0.2361538461538462,11.697563,0.006,75.0,7.1,13,0,0.0,0,75,207.0,1,18,88.0,0,1.0,--,--,--,--,--,--,--,--,--,--
311,311,311,312,Nick Novak,,,K19,,,,,,260.0,394.5,00-0023096,K,2015,1,34,2005,-1.0,--,--,,0.0,--,--,--,--,--,--,--,--,--,--,--,--,--,--,--,--,--,--,--,--,--
312,312,312,313,Matt Bryant,,,K20,,,,,,261.0,393.5,00-0020578,K,2015,0.8737864077669902,40,2002,-1.0,--,0.02,,0.0,--,--,--,--,--,--,--,--,--,--,--,--,--,--,--,--,--,--,--,--,--
313,313,313,314,Mike Thomas,,,WR105,,,,,,263.0,296.0,00-0033114,WR,2015,--,21,2016,-1.0,--,0.004,206.0,0.7,--,--,--,--,--,--,--,--,--,--,--,0,0.0,0,0,0.0,0,3,37.0,0,0.0
314,314,314,315,Baltimore Ravens,DST,8.0,DST20,,,,,,,389.5,--,D/ST,2015,--,D/ST,D/ST,-1.0,--,--,,0.0,--,--,--,--,--,--,--,--,--,--,--,--,--,--,--,--,--,--,--,--,--
315,315,315,316,Steve Johnson,,,WR106,,,,,,264.0,264.0,00-0026364,WR,2015,1,29,2008,0.835,35.964447,0.024,,0.0,9,0,0.0,0,0,0.0,0,45,497.0,3,0.0,--,--,--,--,--,--,--,--,--,--
316,316,316,317,Dexter McCluster,,,RB95,,,,,,289.0,294.0,00-0027651,WR,2015,0.7010309278350515,27,2010,0.4263636363636363,27.072544,0.005,36.0,11.8,11,0,0.0,0,55,247.0,1,31,260.0,1,2.0,0,0.0,0,3,2.0,0,7,36.0,0,0.0
317,317,317,318,Austin Hooper,NE,9.0,TE41,,,,,,,323.0,00-0032392,TE,2015,--,20,2016,-1.0,--,0.007,81.0,6.6,--,--,--,--,--,--,--,--,--,--,--,0,0.0,0,0,0.0,0,19,271.0,3,0.0
318,318,318,319,Trent Richardson,,,RB96,,,,,,,273.0,00-0029675,RB,2015,1,25,2012,-1.0,--,0.004,3.0,27.6,--,--,--,--,--,--,--,--,--,--,--,--,--,--,--,--,--,--,--,--,--
319,319,319,320,Maxx Williams,,,TE42,,,,,,,332.0,00-0031558,TE,2015,1,21,2015,0.4678571428571429,16.54291,0.007,55.0,9.1,11,0,0.0,0,0,0.0,0,32,268.0,1,0.0,--,--,--,--,--,--,--,--,--,--
320,320,320,321,Stevan Ridley,,,RB97,,,,,,278.0,298.0,00-0028011,RB,2015,0.9104477611940298,26,2011,0.165,3.3457143,0.005,73.0,7.3,8,0,0.0,0,36,90.0,0,4,-2.0,0,0.0,0,0.0,0,3,7.0,0,0,0.0,0,0.0
321,321,321,322,Knile Davis,,,RB98,,,,,,282.0,298.5,00-0030280,RB,2015,1,23,2013,0.090714286,5.387778,0.004,96.0,5.5,9,0,0.0,0,28,72.0,1,2,24.0,0,0.0,0,0.0,0,18,28.0,0,5,25.0,0,0.0
322,322,322,323,Nate Washington,,,WR107,,,,,,290.0,299.5,00-0023367,WR,2015,1,32,2005,-1.0,71.57526,0.007,,0.0,13,0,0.0,0,0,0.0,0,47,658.0,4,0.0,--,--,--,--,--,--,--,--,--,--
323,323,323,324,Andre Williams,,,RB99,,,,,,,278.0,00-0031055,RB,2015,1,23,2014,0.14125,6.1745,0.004,113.0,4.5,16,0,0.0,0,88,257.0,1,1,7.0,0,0.0,0,0.0,0,18,87.0,0,0,0.0,0,0.0
324,324,324,325,Miami Dolphins,DST,8.0,DST21,,,,,,,396.0,--,D/ST,2015,--,D/ST,D/ST,-1.0,--,--,,0.0,--,--,--,--,--,--,--,--,--,--,--,--,--,--,--,--,--,--,--,--,--
325,325,325,326,Josh Lambo,,,K21,,,,,,279.0,401.0,00-0032087,K,2015,1,24,2015,-1.0,--,0.004,,0.0,--,--,--,--,--,--,--,--,--,--,--,--,--,--,--,--,--,--,--,--,--
326,326,326,327,Marquess Wilson,,,WR108,,,,,,,281.0,00-0030047,WR,2015,0.6486486486486487,22,2013,0.8427272727272725,43.518906,0.004,236.0,0.0,11,0,0.0,0,0,0.0,0,28,464.0,1,0.0,0,0.0,0,0,0.0,0,9,160.0,1,0.0
327,327,327,328,Colin Kaepernick,,,QB37,,,,,,281.0,342.5,00-0027974,QB,2015,0.8717948717948718,27,2011,0.8922222222222221,81.32238,0.1,36.0,11.8,9,144,1615.0,6,45,256.0,1,0,0.0,0,6.0,196,2241.0,16,69,468.0,2,0,0.0,0,7.0
328,328,328,329,Dwayne Washington,,,RB100,,,,,,,283.0,00-0032450,RB,2015,--,21,2016,-1.0,--,0.004,236.0,0.0,--,--,--,--,--,--,--,--,--,--,--,0,0.0,0,90,265.0,1,10,62.0,0,0.0
329,329,329,330,Connor Barth,,,K22,,,,,,283.0,406.5,00-0026138,K,2015,1,29,2008,-1.0,--,--,,0.0,--,--,--,--,--,--,--,--,--,--,--,--,--,--,--,--,--,--,--,--,--
330,330,330,331,Leonte Carroo,,,WR109,,,,,,,304.5,00-0033060,WR,2015,--,21,2016,-1.0,--,0.005,86.0,6.2,--,--,--,--,--,--,--,--,--,--,--,0,0.0,0,0,0.0,0,3,29.0,1,0.0
331,331,331,332,Mike Nugent,,,K23,,,,,,284.0,403.0,00-0023482,K,2015,0.723404255,33,2005,0.381875,--,0.012,47.0,10.1,--,--,--,--,--,--,--,--,--,--,--,--,--,--,--,--,--,--,--,--,--
332,332,332,333,Case Keenum,CHI,9.0,QB38,,,,,,,285.0,00-0028986,QB,2015,1,27,2012,-1.0,27.946478,0.004,,0.0,5,76,828.0,4,12,5.0,0,0,0.0,0,3.0,196,2201.0,9,20,51.0,1,0,0.0,0,12.0
333,333,333,334,Tampa Bay Buccaneers,DST,6.0,DST22,,,,,,,402.0,--,D/ST,2015,--,D/ST,D/ST,-1.0,--,--,,0.0,--,--,--,--,--,--,--,--,--,--,--,--,--,--,--,--,--,--,--,--,--
334,334,334,335,Kyle Juszczyk,SF,8.0,RB101,,,,,,288.0,304.0,00-0029892,FB,2015,1,24,2013,0.33875,19.633167,0.005,130.0,3.6,16,0,0.0,0,2,3.0,0,41,321.0,4,0.0,0,0.0,0,5,22.0,1,37,266.0,0,0.0
335,335,335,336,Mike Tolbert,,,RB102,,,,,,303.0,304.0,00-0026069,FB,2015,0.8545454545454545,29,2008,-1.0,18.523834,0.011000000000000001,,0.0,16,0,0.0,0,62,256.0,1,18,154.0,3,0.0,0,0.0,0,35,114.0,0,10,72.0,1,0.0
336,336,336,337,Indianapolis Colts,DST,10.0,DST23,,,,,,,411.0,--,D/ST,2015,--,D/ST,D/ST,-1.0,--,--,,0.0,--,--,--,--,--,--,--,--,--,--,--,--,--,--,--,--,--,--,--,--,--
337,337,337,338,Detroit Lions,DST,10.0,DST24,,,,,,,402.0,--,D/ST,2015,--,D/ST,D/ST,-1.0,--,--,,0.0,--,--,--,--,--,--,--,--,--,--,--,--,--,--,--,--,--,--,--,--,--
338,338,338,339,Dallas Cowboys,DST,7.0,DST25,,,,,,,412.5,--,D/ST,2015,--,D/ST,D/ST,-1.0,--,--,,0.0,--,--,--,--,--,--,--,--,--,--,--,--,--,--,--,--,--,--,--,--,--
339,339,339,340,David Cobb,,,RB103,,,,,,,289.0,00-0032133,RB,2015,1,22,2015,0.2585714285714285,22.629524,0.001,138.0,3.2,7,0,0.0,0,52,146.0,1,1,-2.0,0,0.0,--,--,--,--,--,--,--,--,--,--
340,340,340,341,Dontrelle Inman,,,WR110,,,,,,292.0,305.5,00-0028411,WR,2015,1,26,2014,0.6678571428571428,44.24,0.004,,0.0,12,0,0.0,0,0,0.0,0,35,486.0,3,1.0,0,0.0,0,0,0.0,0,58,810.0,4,0.0
341,341,341,342,Chicago Bears,DST,9.0,DST26,,,,,,,407.0,--,D/ST,2015,--,D/ST,D/ST,-1.0,--,--,,0.0,--,--,--,--,--,--,--,--,--,--,--,--,--,--,--,--,--,--,--,--,--
342,342,342,343,San Francisco 49ers,DST,8.0,DST27,,,,,,,410.5,--,D/ST,2015,--,D/ST,D/ST,-1.0,--,--,,0.0,--,--,--,--,--,--,--,--,--,--,--,--,--,--,--,--,--,--,--,--,--
343,343,343,344,Brian Quick,,,WR111,,,,,,,291.0,00-0029640,WR,2015,0.86440678,26,2012,0.4392307692307692,2.307778,0.011000000000000001,33.0,12.3,9,0,0.0,0,0,0.0,0,10,102.0,0,0.0,0,0.0,0,0,0.0,0,41,564.0,3,0.0
344,344,344,345,Tennessee Titans,DST,13.0,DST28,,,,,,,415.5,--,D/ST,2015,--,D/ST,D/ST,-1.0,--,--,,0.0,--,--,--,--,--,--,--,--,--,--,--,--,--,--,--,--,--,--,--,--,--
345,345,345,346,Los Angeles Chargers,DST,,DST29,,,,,,,416.5,--,D/ST,2015,--,D/ST,D/ST,-1.0,--,--,,0.0,--,--,--,--,--,--,--,--,--,--,--,--,--,--,--,--,--,--,--,--,--
346,346,346,347,Atlanta Falcons,DST,11.0,DST30,,,,,,,293.0,--,D/ST,2015,--,D/ST,D/ST,-1.0,--,--,,0.0,--,--,--,--,--,--,--,--,--,--,--,--,--,--,--,--,--,--,--,--,--
347,347,347,348,Cleveland Browns,DST,13.0,DST31,,,,,,,294.0,--,D/ST,2015,--,D/ST,D/ST,-1.0,--,--,,0.0,--,--,--,--,--,--,--,--,--,--,--,--,--,--,--,--,--,--,--,--,--
348,348,348,349,Kelvin Taylor,,,RB104,,,,,,,294.0,00-0032440,RB,2015,--,21,2016,-1.0,--,0.003,211.0,0.5,--,--,--,--,--,--,--,--,--,--,--,--,--,--,--,--,--,--,--,--,--
349,349,349,350,New Orleans Saints,DST,5.0,DST32,,,,,,,295.0,--,D/ST,2015,--,D/ST,D/ST,-1.0,--,--,,0.0,--,--,--,--,--,--,--,--,--,--,--,--,--,--,--,--,--,--,--,--,--
350,350,350,351,Roddy White,,,WR112,,,,,,295.0,316.0,00-0023462,WR,2015,1,33,2005,0.82125,15.479714,0.045,27.0,13.6,15,0,0.0,0,0,0.0,0,43,506.0,1,0.0,--,--,--,--,--,--,--,--,--,--
351,351,351,352,Harry Douglas,,,WR113,,,,,,296.0,329.0,00-0026224,WR,2015,1,30,2008,0.7771428571428572,18.837196,0.026000000000000002,84.0,6.4,14,0,0.0,0,1,-6.0,0,36,411.0,2,0.0,0,0.0,0,0,0.0,0,15,210.0,0,0.0
352,352,352,353,T.J. Jones,,,WR114,,,,,,,297.0,00-0031189,WR,2015,1,23,2014,0.229,14.435714,0.004,189.0,1.2,7,0,0.0,0,1,-3.0,0,10,132.0,1,0.0,0,0.0,0,0,0.0,0,5,93.0,0,0.0
353,353,353,354,Jason Myers,SEA,5.0,K24,,,,,,297.0,414.5,00-0031492,K,2015,1,24,2015,-1.0,--,0.004,,0.0,--,--,--,--,--,--,--,--,--,--,--,--,--,--,--,--,--,--,--,--,--
354,354,354,355,Dustin Hopkins,CLE,13.0,K25,,,,,,298.0,415.5,00-0030098,K,2015,0.7619047619047619,24,2013,0.3413333333333333,--,0.004,177.0,1.6,--,--,--,--,--,--,--,--,--,--,--,--,--,--,--,--,--,--,--,--,--
355,355,355,356,Cecil Shorts,,,WR115,,,,,,299.0,330.0,00-0028052,WR,2015,0.6219512195121951,27,2011,0.6945454545454545,31.453129,0.016,114.0,4.4,11,1,21.0,1,10,47.0,0,42,484.0,2,1.0,0,0.0,0,0,0.0,0,11,152.0,0,0.0
356,356,356,357,Denard Robinson,,,RB105,,,,,,,300.0,00-0030547,RB,2015,0.6938775510204082,24,2013,0.3061538461538461,37.311516,0.005,135.0,3.4,12,0,0.0,0,67,266.0,1,21,164.0,0,1.0,0,0.0,0,41,144.0,0,3,22.0,0,0.0
357,357,357,358,Dwayne Harris,,,WR116,,,,,,300.0,320.5,00-0028114,WR,2015,1,27,2011,0.6,48.39341,0.024,176.0,1.7,14,0,0.0,0,2,12.0,0,36,396.0,4,0.0,0,0.0,0,0,0.0,0,1,13.0,1,0.0
358,358,358,359,Jonathan Grimes,,,RB106,,,,,,302.0,322.0,00-0029510,RB,2015,1,25,2012,-1.0,31.548588,0.006,,0.0,13,0,0.0,0,56,282.0,1,26,173.0,1,0.0,0,0.0,0,23,105.0,0,13,94.0,0,0.0
359,359,359,360,Andrew Hawkins,,,WR117,,,,,,,307.0,00-0027918,WR,2015,0.7945205479452054,29,2011,-1.0,15.744999,0.026000000000000002,,0.0,8,0,0.0,0,0,0.0,0,27,276.0,0,1.0,0,0.0,0,2,0.0,0,33,324.0,3,0.0
360,360,360,361,Brent Celek,,,TE43,,,,,,307.0,364.0,00-0025549,TE,2015,1,30,2007,0.518125,30.700605,0.026000000000000002,162.0,2.2,12,0,0.0,0,0,0.0,0,27,398.0,3,0.0,0,0.0,0,0,0.0,0,14,155.0,0,0.0
361,361,361,362,Cordarrelle Patterson,,,RB107,,,,,,,308.0,00-0030578,RB,2015,1,24,2013,0.055,7.685,0.015,29.0,13.2,5,0,0.0,0,2,15.0,0,2,10.0,0,0.0,0,0.0,0,7,43.0,0,52,453.0,2,0.0
362,362,362,363,Mark Sanchez,,,QB39,,,,,,308.0,358.0,00-0026898,QB,2015,0.9807692307692307,28,2009,0.605,29.898134,0.013000000000000001,5.0,24.3,3,59,616.0,4,6,22.0,0,0,0.0,0,5.0,10,93.0,0,4,-2.0,0,0,0.0,0,2.0
363,363,363,364,Phil Dawson,,,K26,,,,,,309.0,418.0,00-0004091,K,2015,1,40,1999,-1.0,--,0.02,,0.0,--,--,--,--,--,--,--,--,--,--,--,--,--,--,--,--,--,--,--,--,--
364,364,364,365,Damien Williams,,,RB108,,,,,,,310.0,00-0030874,RB,2015,1,23,2014,0.150625,9.987308,0.004,,0.0,13,0,0.0,0,16,59.0,0,21,142.0,1,1.0,0,0.0,0,35,115.0,3,23,249.0,3,1.0
365,365,365,366,Josh McCown,,,QB40,,,,,,310.0,372.0,00-0021206,QB,2015,0.7833333333333333,36,2002,0.8600000000000001,99.63005,0.033,81.0,6.6,8,186,2109.0,12,20,98.0,1,0,0.0,0,10.0,90,1100.0,6,7,21.0,0,0,0.0,0,10.0
366,366,366,367,Joique Bell,,,RB109,,,,,,,311.0,00-0027218,RB,2015,1,29,2010,-1.0,19.50231,0.005,,0.0,13,0,0.0,0,90,311.0,4,22,286.0,0,0.0,0,0.0,0,3,6.0,0,1,-2.0,0,0.0
367,367,367,368,Marques Colston,,,WR118,,,,,,,312.0,00-0024466,WR,2015,1,32,2006,0.6130769230769231,47.309105,0.024,252.0,0.0,13,0,0.0,0,0,0.0,0,45,520.0,4,0.0,--,--,--,--,--,--,--,--,--,--
368,368,368,369,Jacquizz Rodgers,,,RB110,,,,,,,313.0,00-0028083,RB,2015,0.9315068493150684,25,2011,0.122,1.3869998,0.005,145.0,2.9,5,0,0.0,0,14,41.0,0,1,10.0,0,0.0,0,0.0,0,129,560.0,2,13,98.0,0,0.0
369,369,369,370,Chris Boyd,,,WR119,,,,,,313.0,339.0,00-0030952,WR,2015,--,23,2014,-1.0,--,--,,0.0,--,--,--,--,--,--,--,--,--,--,--,--,--,--,--,--,--,--,--,--,--
370,370,370,371,Rashad Greene,,,WR120,,,,,,315.0,329.5,00-0032170,WR,2015,1,22,2015,0.2866666666666667,26.80778,0.004,139.0,3.2,9,0,0.0,0,0,0.0,0,19,93.0,2,0.0,0,0.0,0,0,0.0,0,5,32.0,0,0.0
371,371,371,372,Orleans Darkwa,,,RB111,,,,,,,316.0,00-0030860,RB,2015,1,23,2014,-1.0,10.353571,--,,0.0,8,0,0.0,0,36,153.0,1,3,31.0,0,0.0,0,0.0,0,30,111.0,2,2,12.0,0,0.0
372,372,372,373,Josh Huff,,,WR121,,,,,,316.0,342.0,00-0030990,WR,2015,1,23,2014,0.484,25.207563,0.004,86.0,6.2,13,0,0.0,0,0,0.0,0,27,312.0,3,0.0,0,0.0,0,4,15.0,0,16,113.0,1,0.0
373,373,373,374,Jordan Todman,,,RB112,,,,,,,317.0,00-0028121,RB,2015,0.9508196721311475,25,2011,0.0181818181818181,0.16333334,0.005,183.0,1.4,3,0,0.0,0,4,22.0,0,0,0.0,0,0.0,0,0.0,0,9,59.0,0,0,0.0,0,0.0
374,374,374,375,Nick Folk,NYJ,11.0,K27,,,,,,318.0,426.5,00-0025565,K,2015,0.9042553191489362,30,2007,0.345,--,--,178.0,1.6,--,--,--,--,--,--,--,--,--,--,--,--,--,--,--,--,--,--,--,--,--
375,375,375,376,Ryan Succop,,,K28,,,,,,319.0,319.0,00-0026968,K,2015,1,28,2009,0.2468749999999999,--,0.017,256.0,0.0,--,--,--,--,--,--,--,--,--,--,--,--,--,--,--,--,--,--,--,--,--
376,376,376,377,Greg Zuerlein,,,K29,,,,,,320.0,424.0,00-0029621,K,2015,1,27,2012,0.2971428571428572,--,0.005,171.0,1.9,--,--,--,--,--,--,--,--,--,--,--,--,--,--,--,--,--,--,--,--,--
377,377,377,378,Juwan Thompson,,,RB113,,,,,,,321.0,00-0030705,RB,2015,1,23,2014,-1.0,7.595714,0.004,,0.0,7,0,0.0,0,18,48.0,0,6,51.0,0,0.0,0,0.0,0,8,26.0,1,0,0.0,0,0.0
378,378,378,379,Brian Hoyer,,,QB41,,,,,,321.0,367.5,00-0026625,QB,2015,0.9473684210526315,29,2009,-1.0,49.379307,0.013000000000000001,,0.0,11,224,2606.0,19,15,44.0,0,0,0.0,0,9.0,134,1445.0,6,7,-2.0,0,0,0.0,0,1.0
379,379,379,380,Seyi Ajirotutu,,,WR122,,,,,,,322.0,00-0027581,WR,2015,0.9404761904761905,28,2010,-1.0,0.97999996,0.006,,0.0,2,0,0.0,0,0,0.0,0,1,4.0,0,0.0,--,--,--,--,--,--,--,--,--,--
380,380,380,381,Mario Alford,,,WR123,,,,,,,323.0,00-0031962,WR,2015,1,23,2015,0.09,,0.004,238.0,0.0,1,0,0.0,0,0,0.0,0,1,15.0,0,0.0,--,--,--,--,--,--,--,--,--,--
381,381,381,382,Mike Davis,,,RB114,,,,,,,324.0,00-0032063,RB,2015,1,22,2015,0.3016666666666667,6.4470005,0.005,126.0,3.8,5,0,0.0,0,35,58.0,0,7,38.0,0,0.0,0,0.0,0,19,50.0,1,3,25.0,0,1.0
382,382,382,383,Miles Austin,,,WR124,,,,,,,326.0,00-0023921,WR,2015,0.8673469387755102,31,2006,-1.0,21.760546,0.016,,0.0,11,0,0.0,0,0,0.0,0,13,224.0,1,0.0,--,--,--,--,--,--,--,--,--,--
383,383,383,384,Adam Humphries,,,WR125,,,,,,,327.0,00-0032009,WR,2015,1,22,2015,0.4876923076923077,15.028545,0.004,,0.0,11,0,0.0,0,0,0.0,0,27,260.0,1,0.0,0,0.0,0,5,18.0,0,55,622.0,2,0.0
384,384,384,385,Jason Avant,,,WR126,,,,,,,328.0,00-0024324,WR,2015,1,32,2006,0.3425,6.6210003,0.007,109.0,4.7,10,0,0.0,0,0,0.0,0,15,119.0,0,0.0,--,--,--,--,--,--,--,--,--,--
385,385,385,386,Quincy Enunwa,,,WR127,,,,,,,330.0,00-0031023,WR,2015,1,23,2014,0.6233333333333334,10.598545,0.004,209.0,0.6,11,0,0.0,0,0,0.0,0,22,315.0,0,0.0,0,0.0,0,1,12.0,0,58,857.0,4,0.0
386,386,386,387,Matt Asiata,,,RB115,,,,,,,331.0,00-0028198,RB,2015,1,28,2012,-1.0,3.7935238,0.005,,0.0,15,0,0.0,0,29,112.0,0,19,132.0,0,0.0,0,0.0,0,121,402.0,6,32,263.0,0,1.0
387,387,387,388,Jeremy Kerley,,,WR128,,,,,,,332.0,00-0028091,WR,2015,1,26,2011,0.19625,31.088001,0.005,153.0,2.6,5,0,0.0,0,0,0.0,0,16,152.0,2,0.0,0,0.0,0,0,0.0,0,64,667.0,3,0.0
388,388,388,389,Ty Montgomery,II,,RB116,,,,,,,333.0,00-0032200,WR,2015,0,22,2015,0.5883333333333333,22.539999,0.005,94.0,5.7,5,0,0.0,0,3,14.0,0,15,136.0,2,0.0,0,0.0,0,77,457.0,3,44,348.0,0,1.0
389,389,389,390,Rex Burkhead,,,RB117,,,,,,,334.0,00-0030288,RB,2015,1,25,2013,0.07,5.617879,0.005,190.0,1.2,12,0,0.0,0,4,4.0,0,10,94.0,1,1.0,0,0.0,0,74,344.0,2,17,145.0,0,1.0
390,390,390,391,Roy Helu,,,RB118,,,,,,,335.0,00-0028043,RB,2015,0.9577464788732394,26,2011,0.1522222222222222,14.639999,0.013999999999999999,105.0,5.0,8,0,0.0,0,17,39.0,0,9,75.0,1,0.0,--,--,--,--,--,--,--,--,--,--
391,391,391,392,Fozzy Whittaker,,,RB119,,,,,,,336.0,00-0029731,RB,2015,1,26,2012,-1.0,7.34577,--,,0.0,13,0,0.0,0,25,108.0,1,12,64.0,0,0.0,0,0.0,0,57,265.0,0,25,226.0,0,1.0
392,392,392,393,Rashard Higgins,,,WR129,,,,,,,338.0,00-0032977,WR,2015,--,20,2016,-1.0,--,0.004,172.0,1.8,--,--,--,--,--,--,--,--,--,--,--,0,0.0,0,0,0.0,0,6,77.0,0,0.0
393,393,393,394,Jalen Richard,,,RB120,,,,,,,339.0,00-0033025,RB,2015,--,21,2016,-1.0,--,0.003,,0.0,--,--,--,--,--,--,--,--,--,--,--,0,0.0,0,83,491.0,1,29,194.0,2,0.0
394,394,394,395,Albert Wilson,,,WR130,,,,,,,340.0,00-0030669,WR,2015,1,23,2014,0.7571428571428571,27.459396,0.004,,0.0,14,0,0.0,0,5,26.0,0,35,451.0,2,0.0,0,0.0,0,2,50.0,1,31,279.0,2,0.0
395,395,395,396,Cody Latimer,,,WR131,,,,,,,343.0,00-0031344,WR,2015,1,22,2014,0.1878571428571429,19.907999,0.007,56.0,9.0,6,0,0.0,0,2,1.0,0,6,59.0,1,0.0,0,0.0,0,0,0.0,0,8,76.0,0,0.0
396,396,396,397,Marcel Reece,,,RB121,,,,,,,346.0,00-0026393,FB,2015,0.8446601941747572,30,2008,-1.0,31.62381,0.005,,0.0,15,0,0.0,0,10,36.0,0,30,269.0,3,0.0,0,0.0,0,2,0.0,0,5,73.0,0,0.0
397,397,397,398,Devin Smith,,,WR132,,,,,,,347.0,00-0031934,WR,2015,0,23,2015,0.424,16.61143,--,37.0,11.6,7,0,0.0,0,0,0.0,0,9,115.0,1,0.0,0,0.0,0,0,0.0,0,1,20.0,0,0.0
398,398,398,399,Jarius Wright,,,WR133,,,,,,,348.0,00-0029572,WR,2015,1,25,2012,0.433125,6.8078094,0.026000000000000002,118.0,4.2,15,0,0.0,0,1,29.0,0,34,442.0,0,1.0,0,0.0,0,0,0.0,0,11,67.0,1,0.0
399,399,399,400,Corey Brown,,,WR134,,,,,,,349.0,00-0031118,WR,2015,1,23,2014,-1.0,25.1161,--,,0.0,14,0,0.0,0,6,38.0,0,31,447.0,4,0.0,0,0.0,0,2,6.0,0,27,276.0,1,1.0
400,400,400,401,Jaron Brown,,,WR135,,,,,,,350.0,00-0030300,WR,2015,1,25,2013,-1.0,10.3382225,0.011000000000000001,,0.0,10,0,0.0,0,0,0.0,0,11,144.0,1,0.0,0,0.0,0,0,0.0,0,11,187.0,1,0.0
401,401,401,402,Paul Richardson Jr.,,,WR136,,,,,,,351.0,00-0031257,WR,2015,0,23,2014,0.1,,0.009,45.0,10.4,1,0,0.0,0,0,0.0,0,1,40.0,0,0.0,0,0.0,0,1,5.0,0,21,288.0,1,0.0
402,402,402,403,Tavarres King,,,WR137,,,,,,,352.0,00-0030091,WR,2015,1,25,2013,-1.0,--,0.004,161.0,2.2,--,--,--,--,--,--,--,--,--,--,--,0,0.0,0,0,0.0,0,2,50.0,0,0.0
403,403,403,404,George Atkinson,III,,RB122,,,,,,,353.0,00-0031158,RB,2015,1,22,2014,-1.0,--,--,,0.0,--,--,--,--,--,--,--,--,--,--,--,0,0.0,0,7,34.0,1,0,0.0,0,0.0
404,404,404,405,Rod Streater,,,WR138,,,,,,,354.0,00-0029129,WR,2015,0.9272727272727272,27,2012,-1.0,,0.005,,0.0,1,0,0.0,0,0,0.0,0,1,8.0,0,0.0,0,0.0,0,0,0.0,0,18,191.0,2,0.0
405,405,405,406,Bishop Sankey,,,RB123,,,,,,,355.0,00-0031413,RB,2015,1,22,2014,0.2038461538461538,41.099636,0.004,54.0,9.2,11,0,0.0,0,47,193.0,1,14,139.0,1,0.0,--,--,--,--,--,--,--,--,--,--
406,406,406,407,Terrell Watson,,,RB124,,,,,,,356.0,00-0031793,RB,2015,--,22,2015,-1.0,--,--,,0.0,--,--,--,--,--,--,--,--,--,--,--,0,0.0,0,9,28.0,1,1,5.0,0,0.0
407,407,407,408,Fitzgerald Toussaint,,,RB125,,,,,,,357.0,00-0031332,RB,2015,1,25,2014,-1.0,4.1733336,--,,0.0,3,0,0.0,0,18,42.0,0,0,0.0,0,0.0,0,0.0,0,14,58.0,0,3,33.0,0,0.0
408,408,408,409,Brandon Bolden,,,RB126,,,,,,,358.0,00-0029239,RB,2015,1,25,2012,0.1899999999999999,35.902546,--,,0.0,11,0,0.0,0,63,207.0,0,19,180.0,2,0.0,0,0.0,0,1,4.0,0,2,15.0,0,0.0
409,409,409,410,Shaun Hill,,,QB42,,,,,,,360.0,00-0020679,QB,2015,1,35,2002,-1.0,0.20333333,0.023,,0.0,3,2,15.0,0,4,-5.0,0,0,0.0,0,0.0,19,242.0,0,5,5.0,0,0,0.0,0,0.0
410,410,410,411,Troymaine Pope,,,RB127,,,,,,,363.0,00-0033164,RB,2015,--,21,2016,-1.0,--,--,,0.0,--,--,--,--,--,--,--,--,--,--,--,0,0.0,0,12,44.0,0,1,5.0,0,0.0
411,411,411,412,Lorenzo Taliaferro,,,RB128,,,,,,,364.0,00-0031066,RB,2015,0,23,2014,0.2133333333333333,41.880005,0.005,138.0,3.2,3,0,0.0,0,13,47.0,1,5,29.0,0,0.0,0,0.0,0,1,0.0,0,3,10.0,0,0.0
412,412,412,413,Travaris Cadet,,,RB129,,,,,,,366.0,00-0029205,RB,2015,1,26,2012,-1.0,35.246666,--,,0.0,6,0,0.0,0,11,28.0,0,17,214.0,1,1.0,0,0.0,0,4,19.0,0,40,281.0,4,0.0
413,413,413,414,Donald Brown,,,RB130,,,,,,,367.0,00-0027003,RB,2015,0.8782608695652174,28,2009,0.1619999999999999,34.301666,0.006,27.0,13.6,6,0,0.0,0,59,229.0,1,8,88.0,0,0.0,--,--,--,--,--,--,--,--,--,--
414,414,414,415,Isaiah Pead,,,RB131,,,,,,,369.0,00-0029626,RB,2015,1,25,2012,0.025,,0.004,50.0,9.7,1,0,0.0,0,2,3.0,0,0,0.0,0,1.0,0,0.0,0,8,22.0,0,1,6.0,0,0.0
415,415,415,416,Fred Jackson,,,RB132,,,,,,,370.0,00-0024204,RB,2015,0.7727272727272727,34,2006,-1.0,7.8274283,0.006,,0.0,15,0,0.0,0,26,100.0,0,32,257.0,2,1.0,--,--,--,--,--,--,--,--,--,--
416,416,416,417,Dwayne Bowe,,,WR139,,,,,,,372.0,00-0025410,WR,2015,0.8738738738738738,30,2007,0.1928571428571428,6.615714,0.045,23.0,14.6,7,0,0.0,0,0,0.0,0,5,53.0,0,0.0,--,--,--,--,--,--,--,--,--,--
417,417,417,418,Mike James,,,RB133,,,,,,,373.0,00-0030391,RB,2015,0.6875,24,2013,-1.0,--,0.004,189.0,1.2,--,--,--,--,--,--,--,--,--,--,--,0,0.0,0,4,19.0,0,4,22.0,0,0.0
418,418,418,419,Taiwan Jones,,,RB134,,,,,,,374.0,00-0028063,RB,2015,0.9855072463768116,27,2011,0.078333333,18.270277,0.011000000000000001,125.0,3.9,9,0,0.0,0,16,74.0,0,7,106.0,1,0.0,0,0.0,0,1,-8.0,0,4,43.0,0,0.0
419,419,419,420,Ryan Grant,,,WR140,,,,,,,375.0,00-0031068,WR,2015,1,24,2014,0.410625,19.25,0.005,142.0,3.0,12,0,0.0,0,0,0.0,0,23,268.0,2,0.0,0,0.0,0,0,0.0,0,9,76.0,0,0.0
420,420,420,421,Adam Thielen,CAR,7.0,WR141,,,,,,,377.0,00-0030035,WR,2015,1,25,2013,0.205625,19.216944,0.004,,0.0,9,0,0.0,0,4,89.0,0,12,144.0,0,0.0,0,0.0,0,2,15.0,0,69,967.0,5,0.0
421,421,421,422,Chris Polk,,,RB135,,,,,,,378.0,00-0029438,RB,2015,1,25,2012,-1.0,18.163143,0.005,,0.0,15,0,0.0,0,99,334.0,1,16,109.0,1,0.0,--,--,--,--,--,--,--,--,--,--
422,422,422,423,Jamize Olawale,,,RB136,,,,,,,379.0,00-0029492,RB,2015,1,26,2012,-1.0,9.44711,0.013999999999999999,,0.0,10,0,0.0,0,24,110.0,1,9,84.0,0,0.0,0,0.0,0,17,47.0,2,12,227.0,1,0.0
423,423,423,424,Terron Ward,,,RB137,,,,,,,380.0,00-0031682,RB,2015,1,23,2015,-1.0,22.010666,0.004,,0.0,10,0,0.0,0,29,95.0,1,9,73.0,0,0.0,0,0.0,0,31,151.0,0,1,11.0,0,0.0
424,424,424,425,Darius Jackson,,,RB138,,,,,,,381.0,00-0033049,RB,2015,--,21,2016,-1.0,--,0.004,216.0,0.4,--,--,--,--,--,--,--,--,--,--,--,--,--,--,--,--,--,--,--,--,--
425,425,425,426,Chris Moore,WAS,9.0,WR142,,,,,,,382.0,00-0032398,WR,2015,--,22,2016,-1.0,--,0.005,107.0,4.8,--,--,--,--,--,--,--,--,--,--,--,0,0.0,0,3,19.0,0,7,46.0,0,0.0
426,426,426,427,Stepfan Taylor,,,RB139,,,,,,,383.0,00-0030282,RB,2015,1,24,2013,0.07,0.50799996,0.005,140.0,3.1,6,0,0.0,0,17,58.0,0,1,4.0,0,0.0,0,0.0,0,4,12.0,0,0,0.0,0,0.0
427,427,427,428,Dan Herron,,,RB140,,,,,,,384.0,00-0029588,RB,2015,0.8095238095238095,26,2012,0.149,2.6714287,0.005,191.0,1.2,8,0,0.0,0,25,79.0,0,9,47.0,0,0.0,--,--,--,--,--,--,--,--,--,--
428,428,428,429,Brice Butler,,,WR143,,,,,,,385.0,00-0030516,WR,2015,1,25,2013,0.5771428571428571,11.863,0.005,209.0,0.6,5,0,0.0,0,0,0.0,0,12,258.0,0,0.0,0,0.0,0,0,0.0,0,16,219.0,3,0.0
429,429,429,430,Robbie Chosen,SF,8.0,WR144,,,,,,,386.0,00-0032688,WR,2015,--,22,2016,-1.0,--,0.003,,0.0,--,--,--,--,--,--,--,--,--,--,--,0,0.0,0,3,42.0,0,42,587.0,2,1.0
430,430,430,431,Justin Hunter,,,WR145,,,,,,,387.0,00-0030521,WR,2015,0.425,24,2013,0.658888889,8.615277,0.005,34.0,12.1,9,0,0.0,0,0,0.0,0,22,264.0,1,0.0,0,0.0,0,0,0.0,0,10,189.0,4,0.0
431,431,431,432,Marquise Goodwin,,,WR146,,,,,,,390.0,00-0030068,WR,2015,0.85,24,2013,0.27,,0.006,78.0,6.9,1,0,0.0,0,0,0.0,0,2,24.0,0,0.0,0,0.0,0,0,0.0,0,29,431.0,3,0.0
432,432,432,433,Ricardo Louis,,,WR147,,,,,,,392.0,00-0033079,WR,2015,--,21,2016,-1.0,--,0.005,114.0,4.4,--,--,--,--,--,--,--,--,--,--,--,0,0.0,0,0,0.0,0,18,205.0,0,0.0
433,433,433,434,John Crockett,,,RB141,,,,,,,393.0,00-0031826,RB,2015,1,23,2015,-1.0,2.6450002,0.004,,0.0,2,0,0.0,0,9,21.0,0,0,0.0,0,0.0,--,--,--,--,--,--,--,--,--,--
434,434,434,435,Jeff Heuerman,,,TE44,,,,,,,394.0,00-0032227,TE,2015,--,22,2015,-1.0,--,0.005,92.0,5.8,--,--,--,--,--,--,--,--,--,--,--,0,0.0,0,0,0.0,0,9,141.0,0,0.0
435,435,435,436,Bennie Fowler,III,,WR148,,,,,,,395.0,00-0030670,WR,2015,1,24,2014,-1.0,7.0341024,--,,0.0,13,0,0.0,0,0,0.0,0,16,203.0,0,0.0,0,0.0,0,0,0.0,0,11,145.0,2,0.0
436,436,436,437,Roger Lewis,,,WR149,,,,,,,397.0,00-0032659,WR,2015,--,21,2016,-1.0,--,0.004,,0.0,--,--,--,--,--,--,--,--,--,--,--,0,0.0,0,0,0.0,0,7,97.0,2,0.0
437,437,437,438,Lance Kendricks,,,TE45,,,,,,,398.0,00-0027985,TE,2015,1,27,2011,0.6286666666666666,16.860714,0.032,47.0,10.1,14,0,0.0,0,0,0.0,0,25,245.0,2,0.0,0,0.0,0,0,0.0,0,50,499.0,2,1.0
438,438,438,439,Daniel Braverman,,,WR150,,,,,,,399.0,00-0032801,WR,2015,--,21,2016,-1.0,--,0.003,230.0,0.0,--,--,--,--,--,--,--,--,--,--,--,0,0.0,0,0,0.0,0,0,0.0,0,0.0
439,439,439,440,Brian Hartline,,,WR151,,,,,,,401.0,00-0027077,WR,2015,0.7589285714285714,28,2009,0.6133333333333334,59.669926,0.021,108.0,4.8,12,0,0.0,0,0,0.0,0,46,523.0,2,0.0,--,--,--,--,--,--,--,--,--,--
440,440,440,441,Josh Hill,,,TE46,,,,,,,402.0,00-0030216,TE,2015,1,25,2013,0.365625,11.670257,0.015,,0.0,13,0,0.0,0,0,0.0,0,16,120.0,2,0.0,0,0.0,0,0,0.0,0,15,149.0,1,0.0
441,441,441,442,Geno Smith,LV,,QB43,,,,,,,403.0,00-0030565,QB,2015,1,24,2013,0.89,,0.01,39.0,11.3,1,27,265.0,2,2,34.0,0,0,0.0,0,1.0,8,126.0,1,2,9.0,0,0,0.0,0,1.0
442,442,442,443,Bobby Rainey,,,RB142,,,,,,,405.0,00-0029384,RB,2015,0.9259259259259259,27,2012,-1.0,0.777,0.005,,0.0,5,0,0.0,0,5,18.0,0,3,16.0,0,0.0,0,0.0,0,17,63.0,0,20,153.0,0,0.0
443,443,443,444,Vernon Davis,,,TE47,,,,,,,406.0,00-0024221,TE,2015,1,31,2006,0.6,26.09923,0.015,6.0,23.2,13,0,0.0,0,0,0.0,0,38,395.0,0,0.0,0,0.0,0,0,0.0,0,44,583.0,2,0.0
444,444,444,445,Niles Paul,,,TE48,,,,,,,409.0,00-0028093,TE,2015,1,26,2011,-1.0,--,0.013999999999999999,155.0,2.5,--,--,--,--,--,--,--,--,--,--,--,0,0.0,0,0,0.0,0,2,27.0,0,0.0
445,445,445,446,Tyreek Hill,MIA,8.0,WR152,,,,,,,410.0,00-0033040,WR,2015,--,21,2016,-1.0,--,0.004,165.0,2.1,--,--,--,--,--,--,--,--,--,--,--,0,0.0,0,24,267.0,3,61,593.0,6,0.0
446,446,446,447,Daryl Richardson,,,RB143,,,,,,,411.0,00-0029612,RB,2015,1,25,2012,-1.0,--,0.004,252.0,0.0,--,--,--,--,--,--,--,--,--,--,--,0,0.0,0,2,7.0,0,0,0.0,0,0.0
447,447,447,448,Paul Turner,,,WR153,,,,,,,412.0,00-0032841,WR,2015,--,22,2016,-1.0,--,0.003,,0.0,--,--,--,--,--,--,--,--,--,--,--,0,0.0,0,0,0.0,0,9,126.0,0,0.0
448,448,448,449,Dennis Pitta,,,TE49,,,,,,,413.0,00-0027714,TE,2015,0.9482758620689655,30,2010,-1.0,--,0.048,114.0,4.4,--,--,--,--,--,--,--,--,--,--,--,0,0.0,0,0,0.0,0,86,729.0,2,1.0
449,449,449,450,Taylor Gabriel,,,WR154,,,,,,,415.0,00-0031228,WR,2015,1,24,2014,-1.0,11.549924,0.004,,0.0,12,0,0.0,0,0,0.0,0,28,241.0,0,1.0,0,0.0,0,4,51.0,1,35,579.0,6,0.0
450,450,450,451,Patrick DiMarco,,,RB144,,,,,,,416.0,00-0028581,RB,2015,1,26,2011,-1.0,24.493334,0.005,,0.0,10,0,0.0,0,1,0.0,0,13,110.0,2,0.0,0,0.0,0,0,0.0,0,7,52.0,1,0.0
451,451,451,452,Moritz Bohringer,,,WR155,,,,,,,417.0,00-0032341,TE,2015,--,21,2016,-1.0,--,--,180.0,1.5,--,--,--,--,--,--,--,--,--,--,--,--,--,--,--,--,--,--,--,--,--
452,452,452,453,Garrett Celek,,,TE50,,,,,,,418.0,00-0028903,TE,2015,0.68,27,2012,-1.0,23.791555,0.016,,0.0,10,0,0.0,0,0,0.0,0,19,186.0,3,0.0,0,0.0,0,0,0.0,0,29,350.0,3,1.0
453,453,453,454,Kenny Bell,,,WR156,,,,,,,419.0,00-0032113,WR,2015,--,23,2015,-1.0,--,0.001,162.0,2.2,--,--,--,--,--,--,--,--,--,--,--,--,--,--,--,--,--,--,--,--,--
454,454,454,455,Jordan Norwood,,,WR157,,,,,,,420.0,00-0026739,WR,2015,0.8863636363636364,28,2009,-1.0,5.829,0.006,,0.0,10,0,0.0,0,0,0.0,0,22,207.0,0,0.0,0,0.0,0,1,0.0,0,21,232.0,1,1.0
455,455,455,456,Nick Foles,,,QB44,,,,,,,422.0,00-0029567,QB,2015,0.7611940298507462,26,2012,0.9836363636363636,35.099926,0.027000000000000003,88.0,6.1,11,190,2052.0,7,17,20.0,1,0,0.0,0,12.0,36,410.0,3,4,-4.0,0,0,0.0,0,0.0
456,456,456,457,Kenneth Farrow,,,RB145,,,,,,,423.0,00-0032902,RB,2015,--,22,2016,-1.0,--,0.003,,0.0,--,--,--,--,--,--,--,--,--,--,--,0,0.0,0,60,192.0,0,13,70.0,0,1.0
457,457,457,458,Brandon Burks,,,RB146,,,,,,,424.0,00-0032844,RB,2015,--,21,2016,-1.0,--,0.003,,0.0,--,--,--,--,--,--,--,--,--,--,--,0,0.0,0,2,-4.0,0,0,0.0,0,0.0
458,458,458,459,Jerricho Cotchery,,,WR158,,,,,,,425.0,00-0022811,WR,2015,1,33,2004,0.435,20.535,0.019,108.0,4.8,14,0,0.0,0,1,16.0,0,39,485.0,3,0.0,--,--,--,--,--,--,--,--,--,--
459,459,459,460,Andre Holmes,,,WR159,,,,,,,426.0,00-0028263,WR,2015,1,27,2011,-1.0,33.362305,0.013000000000000001,,0.0,13,0,0.0,0,0,0.0,0,14,201.0,4,0.0,0,0.0,0,0,0.0,0,14,126.0,3,0.0
460,460,460,461,Andre Roberts,,,WR160,,,,,,,427.0,00-0027691,WR,2015,0.85,27,2010,0.4222222222222222,8.32125,0.005,88.0,6.1,8,0,0.0,0,0,0.0,0,11,135.0,0,0.0,0,0.0,0,0,0.0,0,14,188.0,1,0.0
461,461,461,462,Dezmin Lewis,,,WR161,,,,,,,428.0,00-0032070,WR,2015,1,22,2015,-1.0,--,0.003,234.0,0.0,--,--,--,--,--,--,--,--,--,--,--,0,0.0,0,0,0.0,0,0,0.0,0,0.0
462,462,462,463,Louis Murphy,,,WR162,,,,,,,429.0,00-0027089,WR,2015,0.8173076923076923,28,2009,0.5083333333333334,19.303,0.012,124.0,3.9,5,0,0.0,0,0,0.0,0,10,198.0,0,0.0,--,--,--,--,--,--,--,--,--,--
463,463,463,464,Charone Peake,,,WR163,,,,,,,430.0,00-0032959,WR,2015,--,22,2016,-1.0,--,0.004,241.0,0.0,--,--,--,--,--,--,--,--,--,--,--,0,0.0,0,0,0.0,0,19,186.0,0,0.0
464,464,464,465,Leonard Hankerson,,,WR164,,,,,,,431.0,00-0028017,WR,2015,0.65,26,2011,0.489,60.619522,0.005,79.0,6.8,7,0,0.0,0,0,0.0,0,26,327.0,3,0.0,--,--,--,--,--,--,--,--,--,--
465,465,465,466,Mychal Rivera,,,TE51,,,,,,,432.0,00-0030514,TE,2015,1,24,2013,0.37875,12.916703,0.005,184.0,1.4,14,0,0.0,0,0,0.0,0,32,280.0,1,0.0,0,0.0,0,0,0.0,0,18,192.0,1,0.0
466,466,466,467,Quan Bray,,,WR165,,,,,,,433.0,00-0031514,WR,2015,1,22,2015,-1.0,--,--,,0.0,--,--,--,--,--,--,--,--,--,--,--,0,0.0,0,1,7.0,0,3,36.0,0,0.0
467,467,467,468,Chase Daniel,,,QB45,,,,,,,435.0,00-0026544,QB,2015,1,28,2009,-1.0,0.0648,0.045,,0.0,2,2,4.0,0,2,-2.0,0,0,0.0,0,0.0,1,16.0,0,0,0.0,0,0,0.0,0,0.0
468,468,468,469,Corey Fuller,,,WR166,,,,,,,436.0,00-0030095,WR,2015,1,25,2013,-1.0,10.873333,0.004,171.0,1.9,4,0,0.0,0,0,0.0,0,4,76.0,0,0.0,--,--,--,--,--,--,--,--,--,--
469,469,469,470,Keshawn Martin,,,WR167,,,,,,,437.0,00-0029415,WR,2015,1,25,2012,0.7922222222222222,21.702778,0.01,121.0,4.1,9,0,0.0,0,1,6.0,0,24,269.0,2,0.0,--,--,--,--,--,--,--,--,--,--
470,470,470,471,Owen Daniels,,,TE52,,,,,,,438.0,00-0024313,TE,2015,0.8673469387755102,32,2006,0.7525,31.787626,0.027999999999999997,98.0,5.4,16,0,0.0,0,0,0.0,0,46,517.0,3,0.0,--,--,--,--,--,--,--,--,--,--
471,471,471,472,Jordan Payton,,,WR168,,,,,,,439.0,00-0032974,WR,2015,--,22,2016,-1.0,--,0.004,154.0,2.5,--,--,--,--,--,--,--,--,--,--,--,0,0.0,0,0,0.0,0,1,3.0,0,0.0
472,472,472,473,Aaron Burbridge,,,WR169,,,,,,,440.0,00-0032441,WR,2015,--,21,2016,-1.0,--,0.004,213.0,0.5,--,--,--,--,--,--,--,--,--,--,--,0,0.0,0,0,0.0,0,7,88.0,0,0.0
473,473,473,474,Demarcus Robinson,SF,8.0,WR170,,,,,,,441.0,00-0032775,WR,2015,--,20,2016,-1.0,--,0.005,126.0,3.8,--,--,--,--,--,--,--,--,--,--,--,--,--,--,--,--,--,--,--,--,--
474,474,474,475,Devin Hester,,,WR171,,,,,,,442.0,00-0024272,WR,2015,1,32,2006,0.004,--,0.007,57.0,8.9,--,--,--,--,--,--,--,--,--,--,--,--,--,--,--,--,--,--,--,--,--
475,475,475,476,Matt Cassel,,,QB46,,,,,,,443.0,00-0023662,QB,2015,0.8673469387755102,33,2005,0.7499999999999999,50.480656,0.013000000000000001,230.0,0.0,8,119,1276.0,5,15,78.0,0,0,0.0,0,7.0,30,284.0,2,4,3.0,0,0,0.0,0,2.0
476,476,476,477,Greg Salas,,,WR172,,,,,,,444.0,00-0028050,WR,2015,0.5,27,2011,0.43,,0.005,112.0,4.6,1,0,0.0,0,0,0.0,0,3,41.0,0,0.0,0,0.0,0,0,0.0,0,4,89.0,1,0.0
477,477,477,478,Chris Givens,,,WR173,,,,,,,445.0,00-0029614,WR,2015,1,25,2012,0.478,16.546867,0.005,,0.0,14,0,0.0,0,4,18.0,0,20,353.0,1,0.0,--,--,--,--,--,--,--,--,--,--
478,478,478,479,Brett Hundley,,,QB47,,,,,,,446.0,00-0031589,QB,2015,1,22,2015,-1.0,--,0.004,147.0,2.8,--,--,--,--,--,--,--,--,--,--,--,2,17.0,0,3,-2.0,0,0,0.0,0,1.0
479,479,479,480,Ryan Mallett,,,QB48,,,,,,,447.0,00-0028012,QB,2015,0.8356164383561644,27,2011,0.6425,39.3337,0.024,74.0,7.2,7,136,1336.0,5,5,15.0,1,0,0.0,0,6.0,3,26.0,0,5,-6.0,0,0,0.0,0,1.0
480,480,480,481,E.J. Manuel,,,QB49,,,,,,,448.0,00-0030526,QB,2015,1,25,2013,0.3516666666666666,122.19346,0.018000000000000002,16.0,16.9,4,52,561.0,3,17,64.0,1,0,0.0,0,4.0,11,131.0,0,8,22.0,0,0,0.0,0,1.0
481,481,481,482,Luke Willson,,,TE53,,,,,,,449.0,00-0030089,TE,2015,1,25,2013,0.4764285714285714,10.407437,0.005,158.0,2.4,13,0,0.0,0,0,0.0,0,17,213.0,1,0.0,0,0.0,0,0,0.0,0,15,129.0,2,0.0
482,482,482,483,Aaron Dobson,,,WR174,,,,,,,450.0,00-0030540,WR,2015,0.4146341463414634,24,2013,0.35375,30.785666,0.004,59.0,8.6,6,0,0.0,0,0,0.0,0,13,141.0,0,0.0,--,--,--,--,--,--,--,--,--,--
483,483,483,484,Ryan Griffin,,,TE54,,,,,,,451.0,00-0030108,TE,2015,1,25,2013,0.5544444444444444,25.64028,0.005,,0.0,9,0,0.0,0,0,0.0,0,20,251.0,2,0.0,0,0.0,0,0,0.0,0,50,442.0,2,1.0
484,484,484,485,Kenbrell Thompkins,,,WR175,,,,,,,452.0,00-0030000,WR,2015,1,27,2013,-1.0,16.509666,0.011000000000000001,,0.0,6,0,0.0,0,0,0.0,0,17,165.0,0,0.0,--,--,--,--,--,--,--,--,--,--
485,485,485,486,Darren Fells,,,TE55,,,,,,,453.0,00-0029738,TE,2015,1,29,2014,0.7128571428571427,25.138184,0.004,,0.0,11,0,0.0,0,0,0.0,0,21,311.0,3,0.0,0,0.0,0,0,0.0,0,14,154.0,1,0.0
486,486,486,487,Devon Cajuste,,,WR176,,,,,,,454.0,00-0032716,TE,2015,--,22,2016,-1.0,--,0.003,,0.0,--,--,--,--,--,--,--,--,--,--,--,--,--,--,--,--,--,--,--,--,--
487,487,487,488,Landry Jones,,,QB50,,,,,,,455.0,00-0030524,QB,2015,1,26,2013,0.2571428571428572,33.373825,0.005,115.0,4.4,7,32,513.0,3,5,-5.0,0,0,0.0,0,5.0,53,558.0,4,6,-4.0,0,0,0.0,0,2.0
488,488,488,489,Chad Henne,,,QB51,,,,,,,457.0,00-0026197,QB,2015,0.9622641509433962,30,2008,-1.0,--,0.026000000000000002,57.0,8.9,--,--,--,--,--,--,--,--,--,--,--,0,0.0,0,1,-2.0,0,0,0.0,0,0.0
489,489,489,490,Cody Kessler,,,QB52,,,,,,,458.0,00-0033104,QB,2015,--,22,2016,-1.0,--,0.005,93.0,5.7,--,--,--,--,--,--,--,--,--,--,--,128,1380.0,6,11,18.0,0,0,0.0,0,3.0
490,490,490,491,Sean Mannion,,,QB53,,,,,,,459.0,00-0032245,QB,2015,1,23,2015,0.1,,--,89.0,6.0,1,6,31.0,0,0,0.0,0,0,0.0,0,0.0,3,19.0,0,1,-1.0,0,0,0.0,0,1.0
491,491,491,492,AJ McCarron,,,QB54,,,,,,,460.0,00-0031288,QB,2015,1,24,2014,0.5742857142857142,53.516365,0.005,164.0,2.1,7,79,854.0,6,14,31.0,0,0,0.0,0,3.0,--,--,--,--,--,--,--,--,--,--
492,492,492,493,Derek Anderson,,,QB55,,,,,,,461.0,00-0023645,QB,2015,1,32,2005,0.1233333333333333,0.5525334,0.016,213.0,0.5,3,4,36.0,0,7,-2.0,0,0,0.0,0,0.0,36,453.0,2,1,4.0,0,0,0.0,0,6.0
493,493,493,494,Jermaine Gresham,,,TE56,,,,,,,462.0,00-0027873,TE,2015,1,27,2010,0.5586666666666668,12.205897,0.023,21.0,15.2,13,0,0.0,0,0,0.0,0,18,223.0,1,0.0,0,0.0,0,0,0.0,0,37,391.0,2,0.0
494,494,494,495,Colt McCoy,,,QB56,,,,,,,463.0,00-0027688,QB,2015,0.85,28,2010,0.34,,0.019,85.0,6.3,1,7,128.0,1,3,-3.0,0,0,0.0,0,0.0,--,--,--,--,--,--,--,--,--,--
495,495,495,496,Matt Schaub,,,QB57,,,,,,,464.0,00-0022787,QB,2015,0.9026548672566371,34,2004,1.0,1.9208001,0.011000000000000001,90.0,5.9,2,52,540.0,3,4,10.0,0,0,0.0,0,4.0,1,16.0,0,2,-2.0,0,0,0.0,0,0.0
496,496,496,497,Matt Moore,,,QB58,,,,,,,465.0,00-0025708,QB,2015,0.918918919,31,2007,-1.0,,0.011000000000000001,,0.0,1,1,14.0,0,3,-2.0,0,0,0.0,0,0.0,55,721.0,8,1,-1.0,0,0,0.0,0,3.0
497,497,497,498,Mike Glennon,,,QB59,,,,,,,466.0,00-0030520,QB,2015,1,25,2013,-1.0,--,0.006,73.0,7.3,--,--,--,--,--,--,--,--,--,--,--,10,75.0,1,0,0.0,0,0,0.0,0,0.0
498,498,498,499,Kellen Davis,,,TE57,,,,,,,467.0,00-0026298,TE,2015,1,29,2008,0.388125,6.0971427,0.006,158.0,2.4,8,0,0.0,0,0,0.0,0,3,18.0,1,0.0,0,0.0,0,0,0.0,0,0,0.0,0,0.0
499,499,499,500,Christian Hackenberg,,,QB60,,,,,,,468.0,00-0032953,QB,2015,--,20,2016,-1.0,--,0.008,51.0,9.6,--,--,--,--,--,--,--,--,--,--,--,--,--,--,--,--,--,--,--,--,--
500,500,500,501,Dan Orlovsky,,,QB61,,,,,,,469.0,00-0023578,QB,2015,1,32,2005,0.255,42.688805,0.007,145.0,2.9,2,22,201.0,1,0,0.0,0,0,0.0,0,1.0,--,--,--,--,--,--,--,--,--,--
501,501,501,502,Tom Savage,,,QB62,,,,,,,470.0,00-0031064,QB,2015,1,25,2014,-1.0,--,0.005,135.0,3.4,--,--,--,--,--,--,--,--,--,--,--,46,461.0,0,6,12.0,0,0,0.0,0,1.0
502,502,502,503,MyCole Pruitt,,,TE58,,,,,,,471.0,00-0031585,TE,2015,1,23,2015,0.2012499999999999,3.1365557,0.004,143.0,3.0,10,0,0.0,0,0,0.0,0,10,89.0,0,0.0,0,0.0,0,0,0.0,0,2,13.0,0,0.0
503,503,503,504,Aaron Murray,,,QB63,,,,,,,472.0,00-0031287,QB,2015,1,24,2014,-1.0,--,0.001,163.0,2.2,--,--,--,--,--,--,--,--,--,--,--,--,--,--,--,--,--,--,--,--,--
504,504,504,505,Scott Tolzien,,,QB64,,,,,,,473.0,00-0028595,QB,2015,1,27,2011,-1.0,0.1058,0.011000000000000001,,0.0,2,1,4.0,0,3,-3.0,0,0,0.0,0,0.0,23,216.0,1,6,3.0,0,0,0.0,0,2.0
505,505,505,506,Stephen Anderson,,,TE59,,,,,,,474.0,00-0032725,TE,2015,--,22,2016,-1.0,--,0.003,,0.0,--,--,--,--,--,--,--,--,--,--,--,0,0.0,0,0,0.0,0,11,93.0,1,0.0
506,506,506,507,Brandon Weeden,,,QB65,,,,,,,475.0,00-0029677,QB,2015,1,31,2012,0.7799999999999999,31.415482,0.013000000000000001,22.0,14.9,6,97,1043.0,5,16,47.0,1,0,0.0,0,3.0,--,--,--,--,--,--,--,--,--,--
507,507,507,508,Austin Davis,,,QB66,,,,,,,476.0,00-0028957,QB,2015,1,26,2012,-1.0,1.4521337,0.008,,0.0,3,56,547.0,1,7,33.0,0,0,0.0,0,5.0,--,--,--,--,--,--,--,--,--,--
508,508,508,509,Drew Stanton,,,QB67,,,,,,,477.0,00-0025430,QB,2015,1,31,2007,0.1557142857142857,0.06764,0.021,43.0,10.6,6,11,104.0,0,13,-13.0,0,0,0.0,0,2.0,19,192.0,2,3,-3.0,0,0,0.0,0,3.0
509,509,509,510,Scott Chandler,,,TE60,,,,,,,478.0,00-0025516,TE,2015,0.8415841584158416,30,2007,0.3466666666666667,29.023863,0.018000000000000002,129.0,3.7,12,0,0.0,0,0,0.0,0,23,259.0,4,0.0,--,--,--,--,--,--,--,--,--,--
510,510,510,511,Zach Mettenberger,,,QB68,,,,,,,479.0,00-0031266,QB,2015,1,24,2014,0.6442857142857142,23.685846,0.004,178.0,1.6,7,101,935.0,4,9,8.0,1,0,0.0,0,9.0,--,--,--,--,--,--,--,--,--,--
511,511,511,512,Troy Niklas,,,TE61,,,,,,,480.0,00-0031044,TE,2015,0.6071428571428571,22,2014,0.15875,57.70333,0.008,52.0,9.4,3,0,0.0,0,0,0.0,0,4,33.0,2,0.0,0,0.0,0,0,0.0,0,1,0.0,0,0.0
512,512,512,513,Ryan Nassib,,,QB69,,,,,,,481.0,00-0030586,QB,2015,1,25,2013,-1.0,,0.005,110.0,4.7,1,5,68.0,1,0,0.0,0,0,0.0,0,0.0,--,--,--,--,--,--,--,--,--,--
513,513,513,514,Garrett Graham,,,TE62,,,,,,,482.0,00-0027718,TE,2015,0.8415841584158416,29,2010,0.4499999999999999,7.42619,0.005,118.0,4.2,7,0,0.0,0,0,0.0,0,4,30.0,1,0.0,--,--,--,--,--,--,--,--,--,--
514,514,514,515,Kellen Moore,,,QB70,,,,,,,483.0,00-0029234,QB,2015,1,27,2012,-1.0,115.20839,--,,0.0,3,61,779.0,4,2,-1.0,0,0,0.0,0,7.0,--,--,--,--,--,--,--,--,--,--
515,515,515,516,C.J. Fiedorowicz,,,TE63,,,,,,,484.0,00-0031302,TE,2015,1,23,2014,0.548125,6.431667,0.006,65.0,8.0,13,0,0.0,0,0,0.0,0,17,167.0,1,1.0,0,0.0,0,0,0.0,0,54,559.0,4,0.0
516,516,516,517,Garrett Grayson,,,QB71,,,,,,,485.0,00-0032148,QB,2015,1,24,2015,-1.0,--,0.001,75.0,7.1,--,--,--,--,--,--,--,--,--,--,--,--,--,--,--,--,--,--,--,--,--
517,517,517,518,Jack Doyle,,,TE64,,,,,,,486.0,00-0030181,TE,2015,1,25,2013,0.304375,10.546667,0.011000000000000001,,0.0,7,0,0.0,0,0,0.0,0,12,72.0,1,0.0,0,0.0,0,0,0.0,0,59,584.0,5,0.0
518,518,518,519,Trevone Boykin,,,QB72,,,,,,,487.0,00-0032462,QB,2015,--,22,2016,-1.0,--,0.004,,0.0,--,--,--,--,--,--,--,--,--,--,--,13,145.0,1,8,1.0,0,0,0.0,0,1.0
519,519,519,520,Dion Sims,,,TE65,,,,,,,488.0,00-0030422,TE,2015,1,24,2013,0.5461538461538461,13.711743,0.005,106.0,4.9,12,0,0.0,0,0,0.0,0,18,127.0,1,1.0,0,0.0,0,0,0.0,0,26,256.0,4,0.0
520,520,520,521,Marcedes Lewis,,,TE66,,,,,,,489.0,00-0024243,TE,2015,1,31,2006,0.6275,5.8435235,0.026000000000000002,28.0,13.4,15,0,0.0,0,0,0.0,0,16,226.0,0,0.0,0,0.0,0,0,0.0,0,20,169.0,1,0.0
521,521,521,522,Cardale Jones,,,QB73,,,,,,,490.0,00-0033098,QB,2015,--,22,2016,-1.0,--,0.004,139.0,3.2,--,--,--,--,--,--,--,--,--,--,--,6,96.0,0,1,-1.0,0,0,0.0,0,1.0
522,522,522,523,Blake Bell,,,TE67,,,,,,,491.0,00-0032062,TE,2015,1,24,2015,0.3907142857142857,14.0525,0.005,117.0,4.3,9,0,0.0,0,0,0.0,0,15,186.0,0,0.0,0,0.0,0,0,0.0,0,4,85.0,0,0.0
523,523,523,524,Kellen Clemens,,,QB74,,,,,,,492.0,00-0024264,QB,2015,1,32,2006,0.1,21.912199,--,49.0,9.8,2,5,63.0,1,1,-1.0,0,0,0.0,0,0.0,0,0.0,0,2,-1.0,0,0,0.0,0,0.0
524,524,524,525,Ed Dickson,,,TE68,,,,,,,493.0,00-0027675,TE,2015,1,28,2010,0.5406249999999999,11.694773,0.016,70.0,7.5,12,0,0.0,0,0,0.0,0,17,121.0,2,0.0,0,0.0,0,0,0.0,0,10,134.0,1,0.0
525,525,525,526,Luke McCown,,,QB75,,,,,,,494.0,00-0022864,QB,2015,0.8854166666666666,34,2004,-1.0,44.179996,0.01,106.0,4.9,2,32,335.0,0,0,0.0,0,0,0.0,0,1.0,--,--,--,--,--,--,--,--,--,--
526,526,526,527,Seth DeValve,,,TE69,,,,,,,495.0,00-0033080,TE,2015,--,22,2016,-1.0,--,0.004,138.0,3.2,--,--,--,--,--,--,--,--,--,--,--,0,0.0,0,0,0.0,0,10,127.0,2,0.0
527,527,527,528,Bryce Petty,,,QB76,,,,,,,496.0,00-0031568,QB,2015,1,24,2015,-1.0,--,0.005,103.0,5.1,--,--,--,--,--,--,--,--,--,--,--,75,809.0,3,5,19.0,0,0,0.0,0,8.0
528,528,528,529,Jeff Cumberland,,,TE70,,,,,,,497.0,00-0027321,TE,2015,0.9659090909090909,28,2010,-1.0,3.888,--,,0.0,5,0,0.0,0,0,0.0,0,5,77.0,0,0.0,--,--,--,--,--,--,--,--,--,--
529,529,529,530,Anthony Fasano,,,TE71,,,,,,,498.0,00-0024268,TE,2015,1,31,2006,0.5306249999999999,26.401812,0.018000000000000002,53.0,9.3,14,0,0.0,0,0,0.0,0,26,289.0,2,0.0,0,0.0,0,0,0.0,0,8,83.0,2,0.0
530,530,530,531,Matt McGloin,,,QB77,,,,,,,499.0,00-0030419,QB,2015,1,25,2013,-1.0,46.851204,0.016,,0.0,2,23,142.0,2,0,0.0,0,0,0.0,0,2.0,8,50.0,0,3,-3.0,0,0,0.0,0,0.0
531,531,531,532,Gavin Escobar,,,TE72,,,,,,,500.0,00-0030544,TE,2015,0.6938775510204082,24,2013,0.2528571428571428,9.752381,0.009,47.0,10.1,7,0,0.0,0,0,0.0,0,8,64.0,1,1.0,0,0.0,0,0,0.0,0,4,30.0,1,0.0
532,532,532,533,Jacoby Brissett,ARI,9.0,QB78,,,,,,,501.0,00-0033119,QB,2015,--,22,2016,-1.0,--,0.005,91.0,5.9,--,--,--,--,--,--,--,--,--,--,--,34,400.0,0,16,83.0,1,0,0.0,0,1.0
533,533,533,534,Nick Vannett,MIN,6.0,TE73,,,,,,,502.0,00-0032394,TE,2015,--,22,2016,-1.0,--,0.005,94.0,5.7,--,--,--,--,--,--,--,--,--,--,--,0,0.0,0,0,0.0,0,3,32.0,0,0.0
534,534,534,535,Bruce Gradkowski,,,QB79,,,,,,,503.0,00-0024408,QB,2015,0.8762886597938144,32,2006,-1.0,--,0.006,194.0,1.1,--,--,--,--,--,--,--,--,--,--,--,--,--,--,--,--,--,--,--,--,--
535,535,535,536,James O'Shaughnessy,,,TE74,,,,,,,504.0,00-0031951,TE,2015,0,23,2015,0.2457142857142857,8.678,0.004,173.0,1.8,5,0,0.0,0,0,0.0,0,6,87.0,0,0.0,0,0.0,0,0,0.0,0,2,-1.0,0,0.0
536,536,536,537,Jeff Driskel,,,QB80,,,,,,,505.0,00-0032436,QB,2015,--,22,2016,-1.0,--,0.004,207.0,0.6,--,--,--,--,--,--,--,--,--,--,--,--,--,--,--,--,--,--,--,--,--
537,537,537,538,Brandon Pettigrew,,,TE75,,,,,,,506.0,00-0026996,TE,2015,0.6181818181818182,30,2009,0.51375,7.824762,0.03,20.0,15.5,7,0,0.0,0,0,0.0,0,7,67.0,1,0.0,--,--,--,--,--,--,--,--,--,--
538,538,538,539,Kevin Hogan,,,QB81,,,,,,,507.0,00-0032784,QB,2015,--,22,2016,-1.0,--,--,162.0,2.2,--,--,--,--,--,--,--,--,--,--,--,14,104.0,0,8,105.0,1,0,0.0,0,2.0
539,539,539,540,Demetrius Harris,,,TE76,,,,,,,508.0,00-0030155,TE,2015,0.6296296296296297,24,2013,0.3399999999999999,10.148,0.01,,0.0,6,0,0.0,0,0,0.0,0,7,74.0,1,0.0,0,0.0,0,0,0.0,0,17,123.0,1,0.0
540,540,540,541,Joe Webb,III,,QB82,,,,,,,509.0,00-0027796,QB,2015,1,28,2010,0.011875,,0.006,199.0,0.9,1,0,0.0,0,1,-1.0,0,0,0.0,0,0.0,0,0.0,0,0,0.0,0,1,3.0,0,0.0
541,541,541,542,Logan Paulsen,,,TE77,,,,,,,510.0,00-0027215,TE,2015,1,28,2010,-1.0,--,--,,0.0,--,--,--,--,--,--,--,--,--,--,--,0,0.0,0,0,0.0,0,3,15.0,0,0.0
542,542,542,543,Joel Stave,,,QB83,,,,,,,511.0,00-0032614,QB,2015,--,23,2016,-1.0,--,--,,0.0,--,--,--,--,--,--,--,--,--,--,--,--,--,--,--,--,--,--,--,--,--
543,543,543,544,Connor Cook,,,QB84,,,,,,,512.0,00-0032893,QB,2015,--,22,2016,-1.0,--,0.005,100.0,5.3,--,--,--,--,--,--,--,--,--,--,--,14,150.0,1,0,0.0,0,0,0.0,0,2.0
544,544,544,545,Nate Sudfeld,,,QB85,,,,,,,513.0,00-0032792,QB,2015,--,21,2016,-1.0,--,0.004,187.0,1.3,--,--,--,--,--,--,--,--,--,--,--,--,--,--,--,--,--,--,--,--,--
545,545,545,546,Josh Scobee,,,K30,,,,,,,534.0,00-0022874,K,2015,1,33,2004,-1.0,--,0.006,137.0,3.3,--,--,--,--,--,--,--,--,--,--,--,--,--,--,--,--,--,--,--,--,--
546,546,546,547,Kai Forbath,LAR,8.0,K31,,,,,,,538.0,00-0028787,K,2015,1,27,2011,-1.0,--,0.005,,0.0,--,--,--,--,--,--,--,--,--,--,--,--,--,--,--,--,--,--,--,--,--
547,547,547,548,Cody Parkey,,,K32,,,,,,,539.0,00-0030850,K,2015,0.85,23,2014,-1.0,--,0.004,,0.0,--,--,--,--,--,--,--,--,--,--,--,--,--,--,--,--,--,--,--,--,--
548,548,548,549,Wil Lutz,DEN,11.0,K33,,,,,,,542.0,00-0032569,K,2015,--,21,2016,-1.0,--,0.003,,0.0,--,--,--,--,--,--,--,--,--,--,--,--,--,--,--,--,--,--,--,--,--
549,549,549,550,Andrew Franks,,,K34,,,,,,,543.0,00-0031718,K,2015,1,22,2015,-1.0,--,0.004,,0.0,--,--,--,--,--,--,--,--,--,--,--,--,--,--,--,--,--,--,--,--,--
550,550,550,551,Caleb Sturgis,,,K35,,,,,,,544.0,00-0030390,K,2015,1,26,2013,0.3146153846153846,--,0.006,166.0,2.0,--,--,--,--,--,--,--,--,--,--,--,--,--,--,--,--,--,--,--,--,--
