Unnamed: 0.3,Unnamed: 0.2,Unnamed: 0.1,Unnamed: 0,Rank,Player,Team,Bye,POS,ESPN,Sleeper,CBS,NFL,RTSports,Fantrax,AVG,Real-Time (?),gsis_id,position,season,availability,age,rookie_season,snap_share,fan_pts_var,apy_cap_pct,draft_pick,pick_value,prev_year_games,prev_year_completions,prev_year_passing_yards,prev_year_passing_tds,prev_year_carries,prev_year_rushing_yards,prev_year_rushing_tds,prev_year_receptions,prev_year_receiving_yards,prev_year_receiving_tds,prev_year_turnovers
0,0,0,0,1,Ja'Marr Chase,CIN,10.0,WR1,1.0,1.0,1.0,1.0,1.0,1.0,1.0,1,00-0036900,WR,2024,0.9264705882352942,24,2021,0.9229411764705883,165.50934,0.14400000000000002,5.0,24.3,17,0,0.0,0,3,32.0,0,127,1708.0,17,0.0
1,1,1,1,2,Bijan Robinson,ATL,5.0,RB1,2.0,3.0,2.0,2.0,2.0,2.0,2.2,2,00-0038542,RB,2024,1.0,22,2023,0.7535294117647059,44.043747,0.024,8.0,21.4,17,0,0.0,0,304,1456.0,14,61,431.0,1,0.0
2,2,2,2,3,Saquon Barkley,PHI,9.0,RB2,3.0,2.0,3.0,4.0,4.0,6.0,3.7,3,00-0034844,RB,2024,0.7844827586206896,27,2018,0.734375,130.45663,0.07400000000000001,2.0,30.2,16,0,0.0,0,345,2005.0,13,33,278.0,2,1.0
3,3,3,3,4,Jahmyr Gibbs,DET,8.0,RB3,5.0,4.0,4.0,6.0,3.0,4.0,4.3,4,00-0039139,RB,2024,0.9411764705882353,22,2023,0.5529411764705883,84.77816,0.02,12.0,18.8,17,0,0.0,0,250,1412.0,16,52,497.0,3,1.0
4,4,4,4,5,Justin Jefferson,MIN,6.0,WR2,4.0,5.0,6.0,5.0,6.0,3.0,4.8,1-jun,00-0036322,WR,2024,0.9166666666666666,25,2020,0.9317647058823529,60.544632,0.13699999999999998,22.0,14.9,17,1,22.0,0,1,3.0,0,103,1533.0,10,0.0
5,5,5,5,6,CeeDee Lamb,DAL,10.0,WR3,6.0,6.0,5.0,3.0,5.0,5.0,5.0,5  +1,00-0036358,WR,2024,0.9642857142857143,25,2020,0.802,69.886856,0.133,17.0,16.6,15,0,0.0,0,14,70.0,0,101,1194.0,6,1.0
6,6,6,6,7,Christian McCaffrey,SF,14.0,RB4,7.0,11.0,8.0,11.0,7.0,7.0,8.5,1-ago,00-0033280,RB,2024,0.7196969696969697,28,2017,0.7224999999999999,19.123337,0.07400000000000001,8.0,21.4,4,0,0.0,0,50,202.0,0,15,146.0,0,1.0
7,7,7,7,8,Amon-Ra St. Brown,DET,8.0,WR4,9.0,7.0,12.0,8.0,10.0,11.0,9.5,7  +1,00-0036963,WR,2024,0.9705882352941176,24,2021,0.8829411764705882,82.91577,0.11699999999999999,112.0,4.6,17,1,7.0,1,2,6.0,0,115,1263.0,12,1.0
8,8,8,8,9,Malik Nabers,NYG,14.0,WR5,10.0,10.0,11.0,9.0,9.0,9.0,9.7,1-oct,00-0039337,WR,2024,0.8823529411764706,21,2024,0.9059999999999999,63.686855,0.028999999999999998,6.0,23.2,15,0,0.0,0,5,2.0,0,109,1204.0,7,0.0
9,9,9,9,10,Derrick Henry,BAL,7.0,RB5,12.0,8.0,7.0,10.0,12.0,13.0,10.3,9  +1,00-0032764,RB,2024,0.9261744966442953,30,2016,0.5741176470588235,68.086105,0.054000000000000006,45.0,10.4,17,0,0.0,0,325,1921.0,16,19,193.0,2,1.0
10,10,10,10,11,Ashton Jeanty,LV,8.0,RB6,11.0,12.0,9.0,12.0,8.0,10.0,10.3,13  -2,00-0040122,RB,2024,--,20,2025,--,--,0.032,6.0,23.2,--,--,--,--,--,--,--,--,--,--,--
11,11,11,11,12,Puka Nacua,LAR,8.0,WR6,8.0,9.0,14.0,7.0,17.0,8.0,10.5,11  +1,00-0039075,WR,2024,0.8235294117647058,23,2023,0.6972727272727274,101.36964,0.005,177.0,1.6,11,0,0.0,0,11,46.0,1,79,990.0,3,0.0
12,12,12,12,13,Nico Collins,HOU,6.0,WR7,13.0,13.0,13.0,16.0,11.0,12.0,13.0,12  +1,00-0036554,WR,2024,0.75,25,2021,0.6625,50.042725,0.095,89.0,6.0,12,0,0.0,0,0,0.0,0,68,1006.0,7,0.0
13,13,13,13,14,Brian Thomas Jr.,JAC,8.0,WR8,16.0,15.0,19.0,13.0,14.0,14.0,15.2,14,00-0039893,WR,2024,1.0,21,2024,0.7935294117647059,65.14059,0.013999999999999999,23.0,14.6,17,0,0.0,0,6,48.0,0,87,1282.0,10,0.0
14,14,14,14,15,De'Von Achane,MIA,12.0,RB7,14.0,14.0,17.0,14.0,18.0,15.0,15.3,15,00-0039040,RB,2024,0.8235294117647058,22,2023,0.6241176470588234,85.25132,0.006,84.0,6.4,17,0,0.0,0,203,907.0,6,78,592.0,6,0.0
15,15,15,15,16,Josh Jacobs,GB,5.0,RB8,18.0,16.0,10.0,19.0,15.0,21.0,16.5,17  -1,00-0035700,RB,2024,0.9,26,2019,0.6341176470588235,41.871323,0.047,24.0,14.4,17,0,0.0,0,301,1329.0,15,36,342.0,1,3.0
16,16,16,16,17,Brock Bowers,LV,8.0,TE1,20.0,18.0,23.0,17.0,21.0,17.0,19.3,21  -4,00-0039338,TE,2024,1.0,21,2024,0.8494117647058823,62.307648,0.018000000000000002,13.0,18.3,17,0,0.0,0,5,13.0,0,112,1194.0,5,0.0
17,17,17,17,18,Drake London,ATL,5.0,WR9,21.0,17.0,24.0,20.0,19.0,16.0,19.5,16  +2,00-0037238,WR,2024,0.9803921568627451,23,2022,0.8970588235294118,81.58155,0.026000000000000002,8.0,21.4,17,0,0.0,0,1,-3.0,0,100,1271.0,9,0.0
18,18,18,18,19,Jonathan Taylor,IND,11.0,RB9,15.0,23.0,21.0,22.0,20.0,19.0,20.0,19,00-0036223,RB,2024,0.7976190476190477,25,2020,0.8028571428571428,93.25104,0.062,41.0,11.0,14,0,0.0,0,303,1431.0,11,18,136.0,1,0.0
19,19,19,19,20,A.J. Brown,PHI,9.0,WR10,17.0,19.0,27.0,15.0,23.0,20.0,20.2,18  +2,00-0035676,WR,2024,0.900990099009901,27,2019,0.8661538461538462,43.981407,0.125,51.0,9.6,13,0,0.0,0,0,0.0,0,67,1079.0,7,0.0
20,20,20,20,21,Josh Allen,BUF,7.0,QB1,19.0,20.0,15.0,21.0,25.0,25.0,20.8,23  -2,00-0034857,QB,2024,1.0,28,2018,0.8905882352941176,131.3986,0.19699999999999998,7.0,22.2,16,307,3731.0,28,102,531.0,12,0,0.0,0,8.0
21,21,21,21,22,Chase Brown,CIN,10.0,RB10,24.0,27.0,20.0,27.0,13.0,18.0,21.5,20  +2,00-0038597,RB,2024,0.8235294117647058,24,2023,0.6275000000000001,56.386497,0.005,163.0,2.2,16,0,0.0,0,229,990.0,7,54,360.0,4,1.0
22,22,22,22,23,Bucky Irving,TB,9.0,RB11,22.0,22.0,22.0,24.0,16.0,23.0,21.5,22  +1,00-0039361,RB,2024,1.0,22,2024,0.4441176470588235,57.72066,0.005,125.0,3.9,17,0,0.0,0,207,1122.0,8,47,392.0,0,1.0
23,23,23,23,24,Lamar Jackson,BAL,7.0,QB2,23.0,21.0,16.0,18.0,24.0,29.0,21.8,26  -2,00-0034796,QB,2024,0.896551724137931,27,2018,0.9652941176470589,38.321907,0.231,32.0,12.5,17,316,4172.0,41,139,915.0,4,0,0.0,0,9.0
24,24,24,24,25,Kyren Williams,LAR,8.0,RB12,30.0,25.0,18.0,25.0,22.0,26.0,24.3,25,00-0037840,RB,2024,0.7843137254901961,24,2022,0.86375,35.01663,0.039,164.0,2.1,16,0,0.0,0,316,1299.0,14,34,182.0,2,3.0
25,25,25,25,26,Ladd McConkey,LAC,12.0,WR11,29.0,24.0,30.0,23.0,29.0,22.0,26.2,24  +2,00-0039915,WR,2024,0.9411764705882353,22,2024,0.731875,51.77596,0.01,34.0,12.1,16,0,0.0,0,0,0.0,0,82,1149.0,7,0.0
26,26,26,26,27,Trey McBride,ARI,8.0,TE2,25.0,28.0,35.0,26.0,28.0,24.0,27.7,27,00-0037744,TE,2024,0.9607843137254902,24,2022,0.8981250000000001,50.78916,0.068,55.0,9.1,16,0,0.0,0,1,2.0,1,111,1146.0,2,0.0
27,27,27,27,28,James Cook,BUF,7.0,RB13,32.0,31.0,26.0,30.0,27.0,35.0,30.2,29  -1,00-0037248,RB,2024,0.9803921568627451,24,2022,0.476875,63.092957,0.040999999999999995,63.0,8.2,16,0,0.0,0,207,1009.0,16,32,258.0,2,0.0
28,28,28,28,29,Tee Higgins,CIN,10.0,WR12,26.0,30.0,32.0,32.0,36.0,28.0,30.7,28  +1,00-0036410,WR,2024,0.8452380952380952,25,2020,0.7908333333333332,108.38628,0.10300000000000001,33.0,12.3,12,0,0.0,0,0,0.0,0,73,911.0,10,1.0
29,29,29,29,30,Jayden Daniels,WAS,12.0,QB3,27.0,32.0,29.0,28.0,32.0,36.0,30.7,32  -2,00-0039910,QB,2024,1.0,23,2024,0.9088235294117647,84.30366,0.037000000000000005,2.0,30.2,17,331,3568.0,25,148,891.0,6,0,0.0,0,9.0
30,30,30,30,31,Tyreek Hill,MIA,12.0,WR13,31.0,26.0,39.0,36.0,31.0,30.0,32.2,33  -2,00-0033040,WR,2024,0.972972972972973,30,2016,0.7988235294117647,55.858677,0.11699999999999999,165.0,2.1,17,0,0.0,0,8,53.0,0,81,959.0,6,0.0
31,31,31,31,32,Joe Burrow,CIN,10.0,QB4,33.0,36.0,25.0,35.0,37.0,39.0,34.2,43  -11,00-0036442,QB,2024,0.8333333333333334,27,2020,0.9952941176470589,70.14686,0.245,1.0,34.6,17,460,4918.0,43,42,201.0,2,0,0.0,0,14.0
32,32,32,32,33,Jaxon Smith-Njigba,SEA,8.0,WR14,37.0,29.0,41.0,39.0,33.0,27.0,34.3,30  +3,00-0038543,WR,2024,1.0,22,2023,0.8641176470588235,77.412796,0.016,20.0,15.5,17,1,35.0,0,5,26.0,0,100,1130.0,6,0.0
33,33,33,33,34,Jalen Hurts,PHI,9.0,QB5,28.0,33.0,31.0,34.0,44.0,41.0,35.2,37  -3,00-0036389,QB,2024,0.9166666666666666,26,2020,0.916,63.849186,0.22699999999999998,53.0,9.3,15,248,2903.0,18,150,630.0,14,0,0.0,0,10.0
34,34,34,34,35,Omarion Hampton,LAC,12.0,RB14,39.0,41.0,37.0,47.0,26.0,31.0,36.8,36  -1,00-0040666,RB,2024,--,21,2025,--,--,0.016,22.0,14.9,--,--,--,--,--,--,--,--,--,--,--
35,35,35,35,36,Alvin Kamara,NO,11.0,RB15,38.0,38.0,28.0,45.0,30.0,44.0,37.2,39  -3,00-0033906,RB,2024,0.8787878787878788,29,2017,0.7085714285714285,77.39038,0.048,67.0,7.8,14,0,0.0,0,228,950.0,6,68,543.0,2,0.0
36,36,36,36,37,Breece Hall,NYJ,9.0,RB16,51.0,35.0,40.0,31.0,34.0,34.0,37.5,41  -4,00-0038120,RB,2024,0.7843137254901961,23,2022,0.7237500000000001,63.96929,0.011000000000000001,36.0,11.8,16,0,0.0,0,209,876.0,5,57,483.0,3,2.0
37,37,37,37,38,George Kittle,SF,14.0,TE3,35.0,37.0,38.0,38.0,41.0,40.0,38.2,31  +7,00-0033288,TE,2024,0.8712121212121212,30,2017,0.8659999999999998,47.11781,0.068,146.0,2.9,15,0,0.0,0,0,0.0,0,78,1106.0,8,0.0
38,38,38,38,39,Mike Evans,TB,9.0,WR15,40.0,40.0,36.0,33.0,49.0,37.0,39.2,34  +5,00-0031408,WR,2024,0.9505494505494505,31,2014,0.7157142857142859,100.44221,0.08,7.0,22.2,14,0,0.0,0,0,0.0,0,74,1004.0,11,0.0
39,39,39,39,40,Davante Adams,LAR,8.0,WR16,34.0,43.0,34.0,46.0,42.0,38.0,39.5,44  -4,00-0031381,WR,2024,0.945054945054945,31,2014,0.9178571428571428,100.064,0.079,53.0,9.3,14,0,0.0,0,0,0.0,0,85,1063.0,8,0.0
40,40,40,40,41,Terry McLaurin,WAS,12.0,WR17,36.0,42.0,46.0,29.0,40.0,45.0,39.7,35  +6,00-0035659,WR,2024,0.97,28,2019,0.8047058823529412,61.255146,0.10400000000000001,76.0,7.0,17,0,0.0,0,2,2.0,0,82,1096.0,13,1.0
41,41,41,41,42,Garrett Wilson,NYJ,9.0,WR18,42.0,34.0,51.0,37.0,43.0,32.0,39.8,38  +4,00-0037740,WR,2024,1.0,24,2022,0.9629411764705883,52.380295,0.11599999999999999,10.0,19.9,17,0,0.0,0,2,5.0,0,101,1104.0,7,2.0
42,42,42,42,43,Kenneth Walker III,SEA,8.0,RB17,44.0,44.0,33.0,40.0,38.0,46.0,40.8,42  +1,00-0038134,RB,2024,0.803921568627451,23,2022,0.6327272727272727,56.098175,0.01,41.0,11.0,11,0,0.0,0,153,573.0,7,46,299.0,1,0.0
43,43,43,43,44,Marvin Harrison Jr.,ARI,8.0,WR19,45.0,39.0,45.0,41.0,45.0,33.0,41.3,40  +4,00-0039849,WR,2024,1.0,22,2024,0.7858823529411766,65.36008,0.035,4.0,25.8,17,0,0.0,0,0,0.0,0,62,885.0,8,1.0
44,44,44,44,45,Chuba Hubbard,CAR,14.0,RB18,41.0,46.0,43.0,54.0,39.0,49.0,45.3,47  -2,00-0036555,RB,2024,0.9411764705882353,25,2021,0.7733333333333333,80.30353,0.032,126.0,3.8,15,0,0.0,0,250,1195.0,10,43,171.0,1,3.0
45,45,45,45,46,TreVeyon Henderson,NE,14.0,RB19,49.0,54.0,44.0,56.0,35.0,42.0,46.7,46,00-0040734,RB,2024,--,21,2025,--,--,--,38.0,11.4,--,--,--,--,--,--,--,--,--,--,--
46,46,46,46,47,James Conner,ARI,8.0,RB20,46.0,48.0,42.0,49.0,46.0,54.0,47.5,45  +2,00-0033553,RB,2024,0.8345864661654135,29,2017,0.60625,61.659832,0.037000000000000005,105.0,5.0,16,0,0.0,0,236,1094.0,8,47,414.0,1,1.0
47,47,47,47,48,DJ Moore,CHI,5.0,WR20,53.0,49.0,52.0,48.0,51.0,43.0,49.3,50  -2,00-0034827,WR,2024,0.9827586206896551,27,2018,0.9382352941176471,50.41309,0.10800000000000001,24.0,14.4,17,0,0.0,0,14,75.0,0,98,966.0,6,1.0
48,48,48,48,49,DK Metcalf,PIT,5.0,WR21,47.0,45.0,48.0,53.0,53.0,51.0,49.5,48  +1,00-0035640,WR,2024,0.97,26,2019,0.8600000000000002,42.208378,0.11800000000000001,64.0,8.1,15,0,0.0,0,0,0.0,0,66,992.0,5,2.0
49,49,49,49,50,Patrick Mahomes II,KC,10.0,QB6,43.0,50.0,47.0,42.0,59.0,58.0,49.8,51  -1,00-0033873,QB,2024,0.9621212121212122,28,2017,0.993125,26.65872,0.22699999999999998,10.0,19.9,16,392,3928.0,26,58,307.0,2,1,2.0,0,11.0
50,50,50,50,51,Courtland Sutton,DEN,12.0,WR22,57.0,52.0,53.0,55.0,50.0,48.0,52.5,52  -1,00-0034348,WR,2024,0.8376068376068376,28,2018,0.8523529411764706,43.647816,0.08199999999999999,40.0,11.1,16,2,30.0,1,0,0.0,0,81,1081.0,8,1.0
51,51,51,51,52,Sam LaPorta,DET,8.0,TE4,48.0,47.0,58.0,43.0,65.0,56.0,52.8,49  +3,00-0039065,TE,2024,0.9705882352941176,23,2023,0.84875,28.565166,0.011000000000000001,34.0,12.1,16,0,0.0,0,0,0.0,0,60,726.0,7,0.0
52,52,52,52,53,Xavier Worthy,KC,10.0,WR23,50.0,57.0,50.0,68.0,61.0,47.0,55.5,53,00-0039894,WR,2024,1.0,21,2024,0.6411764705882353,53.76133,0.013000000000000001,28.0,13.4,16,0,0.0,0,20,104.0,3,59,638.0,6,0.0
53,53,53,53,54,D'Andre Swift,CHI,5.0,RB21,54.0,68.0,49.0,58.0,47.0,69.0,57.5,58  -4,00-0036275,RB,2024,0.8690476190476191,25,2020,0.668235294117647,45.70529,0.031,35.0,12.0,17,0,0.0,0,253,959.0,6,42,386.0,0,0.0
54,54,54,54,55,DeVonta Smith,PHI,9.0,WR24,62.0,55.0,59.0,59.0,60.0,50.0,57.5,57  -2,00-0036912,WR,2024,0.9264705882352942,25,2021,0.8853846153846155,73.90423,0.098,10.0,19.9,13,0,0.0,0,1,1.0,0,68,833.0,8,0.0
55,55,55,55,56,David Montgomery,DET,8.0,RB22,59.0,53.0,57.0,66.0,58.0,61.0,59.0,62  -6,00-0035685,RB,2024,0.88,27,2019,0.4185714285714286,22.965775,0.036000000000000004,73.0,7.3,14,1,3.0,1,185,775.0,12,36,341.0,0,1.0
56,56,56,56,57,Jameson Williams,DET,8.0,WR25,66.0,63.0,64.0,51.0,64.0,52.0,60.0,60  -3,00-0037240,WR,2024,0.6470588235294118,23,2022,0.7953333333333334,62.702667,0.021,12.0,18.8,15,0,0.0,0,11,61.0,1,58,1001.0,7,0.0
57,57,57,57,58,Zay Flowers,BAL,7.0,WR26,55.0,56.0,63.0,72.0,68.0,55.0,61.5,65  -7,00-0039064,WR,2024,0.9705882352941176,23,2023,0.7464705882352941,61.640667,0.016,22.0,14.9,17,0,0.0,0,9,56.0,0,74,1059.0,4,0.0
58,58,58,58,59,Isiah Pacheco,KC,10.0,RB23,63.0,60.0,65.0,60.0,55.0,68.0,61.8,55  +4,00-0037197,RB,2024,0.7647058823529411,25,2022,0.4757142857142857,32.455715,0.004,251.0,0.0,7,0,0.0,0,83,310.0,1,12,79.0,0,0.0
59,59,59,59,60,RJ Harvey,DEN,12.0,RB24,74.0,64.0,55.0,70.0,48.0,64.0,62.5,56  +4,00-0040730,RB,2024,--,23,2025,--,--,--,60.0,8.5,--,--,--,--,--,--,--,--,--,--,--
60,60,60,60,61,Travis Kelce,KC,10.0,TE5,58.0,61.0,60.0,57.0,63.0,77.0,62.7,63  -2,00-0030506,TE,2024,0.9572192513368984,34,2013,0.8456250000000001,54.711834,0.067,63.0,8.2,16,0,0.0,0,1,1.0,0,97,823.0,3,1.0
61,61,61,61,62,Baker Mayfield,TB,9.0,QB7,52.0,65.0,54.0,61.0,73.0,74.0,63.2,72  -10,00-0034855,QB,2024,0.9568965517241379,29,2018,0.9852941176470589,54.778145,0.131,1.0,34.6,17,407,4500.0,41,60,378.0,3,0,0.0,0,18.0
62,62,62,62,63,Tetairoa McMillan,CAR,14.0,WR27,75.0,62.0,66.0,73.0,52.0,53.0,63.5,54  +9,00-0040124,WR,2024,--,21,2025,--,--,0.025,8.0,21.4,--,--,--,--,--,--,--,--,--,--,--
63,63,63,63,64,Calvin Ridley,TEN,10.0,WR28,61.0,70.0,67.0,67.0,56.0,60.0,63.5,66  -2,00-0034837,WR,2024,0.7870370370370371,29,2018,0.8129411764705882,55.436546,0.09,26.0,13.9,17,0,0.0,0,8,55.0,1,64,1017.0,4,1.0
64,64,64,64,65,T.J. Hockenson,MIN,6.0,TE6,56.0,58.0,70.0,50.0,76.0,72.0,63.7,61  +4,00-0035229,TE,2024,0.82,27,2019,0.6150000000000001,27.158333,0.073,8.0,21.4,10,0,0.0,0,0,0.0,0,41,455.0,0,0.0
65,65,65,65,66,George Pickens,DAL,10.0,WR29,64.0,59.0,62.0,75.0,62.0,62.0,64.0,64  +2,00-0037247,WR,2024,0.9411764705882353,23,2022,0.8021428571428572,37.83033,0.008,52.0,9.4,14,0,0.0,0,2,-6.0,0,59,900.0,3,1.0
66,66,66,66,67,Rashee Rice,KC,10.0,WR30,60.0,51.0,79.0,44.0,70.0,84.0,64.7,71  -4,00-0039067,WR,2024,0.5882352941176471,24,2023,0.6024999999999999,42.17334,0.006999999999999999,55.0,9.1,3,0,0.0,0,1,1.0,0,24,288.0,2,0.0
67,67,67,67,68,Aaron Jones Sr.,MIN,6.0,RB25,69.0,67.0,56.0,76.0,57.0,65.0,65.0,68,00-0033293,RB,2024,0.8939393939393939,29,2017,0.6323529411764705,29.798601,0.036000000000000004,182.0,1.5,17,0,0.0,0,255,1138.0,5,51,408.0,2,3.0
68,68,68,68,69,Tony Pollard,TEN,10.0,RB26,70.0,74.0,61.0,79.0,54.0,67.0,67.5,59  +10,00-0035261,RB,2024,0.95,27,2019,0.678125,30.217289,0.027999999999999997,128.0,3.7,16,0,0.0,0,260,1079.0,5,41,238.0,0,2.0
69,69,69,69,70,Travis Hunter,JAC,8.0,WR31,73.0,66.0,85.0,62.0,74.0,59.0,69.8,69  +1,00-0040718,CB,2024,--,21,2025,--,--,--,2.0,30.2,--,--,--,--,--,--,--,--,--,--,--
70,70,70,70,71,Bo Nix,DEN,12.0,QB8,68.0,72.0,68.0,65.0,77.0,76.0,71.0,73  -2,00-0039732,QB,2024,1.0,24,2024,0.9882352941176471,55.854477,0.018000000000000002,12.0,18.8,17,376,3775.0,29,92,430.0,4,1,2.0,1,12.0
71,71,71,71,72,Jaylen Waddle,MIA,12.0,WR32,65.0,69.0,82.0,84.0,78.0,57.0,72.5,67  +5,00-0036613,WR,2024,0.9117647058823529,25,2021,0.7866666666666667,50.77781,0.111,6.0,23.2,15,0,0.0,0,4,12.0,0,58,744.0,2,0.0
72,72,72,72,73,Mark Andrews,BAL,7.0,TE7,72.0,71.0,73.0,52.0,92.0,83.0,73.8,70  +3,00-0034753,TE,2024,0.896551724137931,28,2018,0.6111764705882353,43.49809,0.077,86.0,6.2,17,0,0.0,0,4,5.0,0,55,673.0,11,0.0
73,73,73,73,74,Jerry Jeudy,CLE,9.0,WR33,67.0,75.0,71.0,99.0,67.0,70.0,74.8,78  -4,00-0036407,WR,2024,0.8823529411764706,25,2020,0.8970588235294118,91.6072,0.069,15.0,17.4,17,0,0.0,0,0,0.0,0,90,1229.0,4,0.0
74,74,74,74,75,Kaleb Johnson,PIT,5.0,RB27,93.0,77.0,78.0,80.0,75.0,73.0,79.3,74  +1,00-0040142,RB,2024,--,21,2025,--,--,0.006,83.0,6.5,--,--,--,--,--,--,--,--,--,--,--
75,75,75,75,76,Rome Odunze,CHI,5.0,WR34,76.0,80.0,99.0,89.0,83.0,63.0,81.7,77  -1,00-0039919,WR,2024,1.0,22,2024,0.8358823529411765,38.44691,0.022000000000000002,9.0,20.6,17,0,0.0,0,3,15.0,0,54,734.0,3,1.0
76,76,76,76,77,Tyrone Tracy Jr.,NYG,14.0,RB28,80.0,89.0,72.0,104.0,66.0,79.0,81.7,81  -4,00-0039384,RB,2024,1.0,24,2024,0.5735294117647057,50.124413,0.004,166.0,2.0,17,0,0.0,0,192,839.0,5,38,284.0,1,2.0
77,77,77,77,78,Chris Olave,NO,11.0,WR35,84.0,76.0,100.0,86.0,82.0,66.0,82.3,75  +3,00-0037239,WR,2024,0.7647058823529411,24,2022,0.6174999999999999,72.22411,0.023,11.0,19.3,8,0,0.0,0,1,7.0,0,32,400.0,1,1.0
78,78,78,78,79,Deebo Samuel Sr.,WAS,12.0,WR36,95.0,81.0,76.0,96.0,85.0,71.0,84.0,83  -4,00-0035719,WR,2024,0.81,28,2019,0.7313333333333333,50.250553,0.115,36.0,11.8,14,0,0.0,0,42,136.0,1,51,670.0,3,0.0
79,79,79,79,80,Evan Engram,DEN,12.0,TE8,78.0,78.0,96.0,74.0,90.0,90.0,84.3,80,00-0033881,TE,2024,0.8636363636363636,29,2017,0.72,21.28278,0.040999999999999995,23.0,14.6,9,0,0.0,0,0,0.0,0,47,365.0,1,1.0
80,80,80,80,81,David Njoku,CLE,9.0,TE9,71.0,84.0,75.0,85.0,101.0,95.0,85.2,84  -3,00-0033885,TE,2024,0.8106060606060606,28,2017,0.7490909090909091,62.442005,0.066,29.0,13.2,11,0,0.0,0,0,0.0,0,64,505.0,5,0.0
81,81,81,81,82,Stefon Diggs,NE,14.0,WR37,86.0,87.0,91.0,94.0,84.0,78.0,86.7,87  -5,00-0031588,WR,2024,0.9454545454545454,30,2015,0.78375,32.029373,0.076,146.0,2.9,8,1,13.0,0,3,8.0,1,47,496.0,3,0.0
82,82,82,82,83,Kyler Murray,ARI,8.0,QB9,77.0,93.0,81.0,81.0,106.0,87.0,87.5,90  -7,00-0035228,QB,2024,0.82,27,2019,0.9711764705882354,51.237724,0.221,1.0,34.6,17,372,3851.0,21,78,572.0,5,0,0.0,0,15.0
83,83,83,83,84,Joe Mixon,HOU,6.0,RB29,98.0,73.0,69.0,63.0,96.0,128.0,87.8,103  -19,00-0033897,RB,2024,0.8787878787878788,28,2017,0.6171428571428571,95.60642,0.039,48.0,9.9,14,0,0.0,0,245,1016.0,11,36,309.0,1,0.0
84,84,84,84,85,Jaylen Warren,PIT,5.0,RB30,85.0,96.0,87.0,107.0,72.0,82.0,88.2,85,00-0037228,RB,2024,0.9411764705882353,25,2022,0.4493333333333334,22.539238,0.019,,0.0,15,0,0.0,0,120,511.0,1,38,310.0,0,1.0
85,85,85,85,86,Jakobi Meyers,LV,8.0,WR38,82.0,82.0,83.0,119.0,97.0,75.0,89.7,88  -2,00-0034960,WR,2024,0.9306930693069307,27,2019,0.9166666666666666,37.230953,0.049,,0.0,15,0,0.0,0,2,23.0,0,87,1027.0,4,0.0
86,86,86,86,87,Cooper Kupp,SEA,8.0,WR39,83.0,83.0,94.0,108.0,89.0,81.0,89.7,93  -6,00-0033908,WR,2024,0.8333333333333334,31,2017,0.815,105.98515,0.054000000000000006,69.0,7.6,12,0,0.0,0,2,10.0,0,67,710.0,6,0.0
87,87,87,87,88,Ricky Pearsall,SF,14.0,WR40,102.0,98.0,74.0,111.0,69.0,92.0,91.0,79  +9,00-0039916,WR,2024,0.6470588235294118,23,2024,0.67,93.01833,0.012,31.0,12.7,10,0,0.0,0,3,45.0,0,31,400.0,3,0.0
88,88,88,88,89,Emeka Egbuka,TB,9.0,WR41,88.0,94.0,84.0,122.0,71.0,88.0,91.2,76  +13,00-0040129,WR,2024,--,21,2025,--,--,0.016,19.0,15.8,--,--,--,--,--,--,--,--,--,--,--
89,89,89,89,90,Tyler Warren,IND,11.0,TE10,87.0,86.0,98.0,90.0,94.0,93.0,91.3,82  +8,00-0040128,TE,2024,--,22,2025,--,--,0.019,14.0,17.8,--,--,--,--,--,--,--,--,--,--,--
90,90,90,90,91,Jordan Addison,MIN,6.0,WR42,108.0,85.0,104.0,95.0,95.0,80.0,94.5,92  -1,00-0038994,WR,2024,0.9411764705882353,22,2023,0.8173333333333334,107.9338,0.015,23.0,14.6,15,0,0.0,0,3,20.0,1,63,875.0,9,0.0
91,91,91,91,92,Matthew Golden,GB,5.0,WR43,81.0,91.0,101.0,118.0,87.0,91.0,94.8,89  +3,00-0040667,WR,2024,--,21,2025,--,--,0.016,23.0,14.6,--,--,--,--,--,--,--,--,--,--,--
92,92,92,92,93,Travis Etienne Jr.,JAC,8.0,RB31,117.0,92.0,90.0,120.0,86.0,89.0,99.0,91  +2,00-0036973,RB,2024,0.7205882352941176,25,2021,0.5393333333333333,15.213143,0.018000000000000002,25.0,14.1,15,0,0.0,0,150,558.0,2,39,254.0,0,1.0
93,93,93,93,94,Brock Purdy,SF,14.0,QB10,79.0,109.0,89.0,106.0,122.0,98.0,100.5,94,00-0037834,QB,2024,0.9019607843137255,24,2022,0.9893333333333333,66.527824,0.19,262.0,0.0,15,300,3864.0,20,66,323.0,5,0,0.0,0,15.0
94,94,94,94,95,Chris Godwin Jr.,TB,9.0,WR44,94.0,101.0,107.0,91.0,102.0,111.0,101.0,107  -12,00-0033921,WR,2024,0.8409090909090909,28,2017,0.87,72.9081,0.079,84.0,6.4,7,0,0.0,0,1,2.0,0,50,576.0,5,0.0
95,95,95,95,96,Dak Prescott,DAL,10.0,QB11,101.0,115.0,77.0,116.0,93.0,107.0,101.5,101  -5,00-0033077,QB,2024,0.8243243243243243,31,2016,0.9112499999999999,55.56443,0.235,135.0,3.4,8,185,1978.0,11,13,54.0,1,0,0.0,0,9.0
96,96,96,96,97,Khalil Shakir,BUF,7.0,WR45,106.0,95.0,118.0,102.0,104.0,85.0,101.7,99  -2,00-0037261,WR,2024,0.9411764705882353,24,2022,0.6133333333333333,30.988096,0.047,148.0,2.8,15,0,0.0,0,2,4.0,0,76,821.0,4,0.0
97,97,97,97,98,Jared Goff,DET,8.0,QB12,119.0,88.0,92.0,103.0,116.0,101.0,103.2,115  -17,00-0033106,QB,2024,0.972972972972973,29,2016,0.9711764705882352,94.05755,0.20800000000000002,1.0,34.6,17,390,4629.0,37,35,56.0,0,1,7.0,1,12.0
98,98,98,98,99,Cam Skattebo,NYG,14.0,RB32,113.0,100.0,115.0,101.0,100.0,97.0,104.3,102  -3,00-0040715,RB,2024,--,22,2025,--,--,--,105.0,5.0,--,--,--,--,--,--,--,--,--,--,--
99,99,99,99,100,Jordan Mason,MIN,6.0,RB33,124.0,106.0,97.0,127.0,79.0,94.0,104.5,86  +14,00-0037525,RB,2024,0.8823529411764706,25,2022,0.48666666666666664,63.52333,0.019,,0.0,12,0,0.0,0,153,789.0,3,11,91.0,0,1.0
100,100,100,100,101,Brandon Aubrey,DAL,10.0,K1,104.0,99.0,103.0,71.0,128.0,131.0,106.0,104  -3,00-0037692,K,2024,1.0,29,2023,--,--,0.004,,0.0,--,--,--,--,--,--,--,--,--,--,--
101,101,101,101,102,Denver Broncos,DST,12.0,DST1,97.0,107.0,106.0,82.0,127.0,120.0,106.5,109  -7,--,D/ST,2024,--,D/ST,D/ST,--,--,--,,0.0,--,--,--,--,--,--,--,--,--,--,--
102,102,102,102,103,J.K. Dobbins,DEN,12.0,RB34,100.0,108.0,102.0,140.0,88.0,106.0,107.3,95  +8,00-0036158,RB,2024,0.44047619047619047,25,2020,0.6338461538461538,34.39436,0.006999999999999999,55.0,9.1,13,0,0.0,0,195,905.0,9,32,153.0,0,0.0
103,103,103,103,104,Jacory Croskey-Merritt,WAS,12.0,RB35,91.0,156.0,80.0,152.0,81.0,86.0,107.7,97  +7,00-0040242,RB,2024,--,23,2025,--,--,0.004,245.0,0.0,--,--,--,--,--,--,--,--,--,--,--
104,104,104,104,105,Jauan Jennings,SF,14.0,WR46,115.0,103.0,119.0,110.0,103.0,96.0,107.7,100  +5,00-0036259,WR,2024,0.8823529411764706,27,2020,0.7439999999999999,130.55095,0.023,217.0,0.3,15,0,0.0,0,0,0.0,0,77,975.0,6,0.0
105,105,105,105,106,Javonte Williams,DAL,10.0,RB36,105.0,111.0,109.0,149.0,91.0,103.0,111.3,106,00-0036997,RB,2024,0.7941176470588235,24,2021,0.5217647058823529,42.252354,0.011000000000000001,35.0,12.0,17,0,0.0,0,139,513.0,4,52,346.0,0,2.0
106,106,106,106,107,Tucker Kraft,GB,5.0,TE11,107.0,116.0,113.0,115.0,110.0,109.0,111.7,98  +9,00-0038996,TE,2024,1.0,23,2023,0.8576470588235293,38.681835,0.006,78.0,6.9,17,0,0.0,0,3,6.0,0,50,707.0,7,1.0
107,107,107,107,108,Zach Charbonnet,SEA,8.0,RB37,135.0,110.0,93.0,155.0,80.0,100.0,112.2,96  +12,00-0039165,RB,2024,0.9705882352941176,23,2023,0.5270588235294117,89.734344,0.008,52.0,9.4,17,0,0.0,0,135,569.0,8,42,308.0,1,0.0
108,108,108,108,109,Justin Fields,NYJ,9.0,QB13,118.0,153.0,112.0,64.0,124.0,104.0,112.5,110  -1,00-0036945,QB,2024,0.7941176470588235,25,2021,0.6159999999999999,115.60756,0.07200000000000001,11.0,19.3,10,106,1106.0,5,62,289.0,5,0,0.0,0,2.0
109,109,109,109,110,Justin Herbert,LAC,12.0,QB14,89.0,105.0,121.0,123.0,131.0,108.0,112.8,117  -7,00-0036355,QB,2024,0.9523809523809523,26,2020,0.9770588235294118,38.634552,0.23399999999999999,6.0,23.2,17,332,3870.0,23,69,306.0,2,0,0.0,0,5.0
110,110,110,110,111,Michael Pittman Jr.,IND,11.0,WR47,90.0,119.0,95.0,165.0,112.0,99.0,113.3,116  -5,00-0036252,WR,2024,0.9285714285714286,26,2020,0.880625,37.545166,0.091,34.0,12.1,16,0,0.0,0,0,0.0,0,69,808.0,3,1.0
111,111,111,111,112,Quinshon Judkins,CLE,9.0,RB38,123.0,79.0,108.0,97.0,119.0,156.0,113.7,114  -2,JUD359919,RB,2024,--,20,2025,--,--,--,36.0,11.8,--,--,--,--,--,--,--,--,--,--,--
112,112,112,112,113,Philadelphia Eagles,DST,9.0,DST2,126.0,97.0,86.0,92.0,144.0,140.0,114.2,108  +5,--,D/ST,2024,--,D/ST,D/ST,--,--,--,,0.0,--,--,--,--,--,--,--,--,--,--,--
113,113,113,113,114,Rhamondre Stevenson,NE,14.0,RB39,110.0,129.0,111.0,128.0,109.0,102.0,114.8,121  -7,00-0036875,RB,2024,0.8382352941176471,26,2021,0.6153333333333333,60.812096,0.035,120.0,4.1,15,0,0.0,0,207,801.0,7,33,168.0,1,3.0
114,114,114,114,115,Colston Loveland,CHI,5.0,TE12,111.0,102.0,128.0,113.0,115.0,121.0,115.0,112  +3,00-0040126,TE,2024,--,20,2025,--,--,0.024,10.0,19.9,--,--,--,--,--,--,--,--,--,--,--
115,115,115,115,116,Austin Ekeler,WAS,12.0,RB40,99.0,133.0,88.0,148.0,98.0,151.0,119.5,105  +11,00-0033699,RB,2024,0.8863636363636364,29,2017,0.5266666666666666,25.345682,0.017,,0.0,12,0,0.0,0,77,367.0,4,35,366.0,0,0.0
116,116,116,116,117,Keon Coleman,BUF,7.0,WR48,112.0,122.0,116.0,138.0,117.0,112.0,119.5,111  +6,00-0039901,WR,2024,0.7647058823529411,21,2024,0.7284615384615385,25.885256,0.01,33.0,12.3,13,0,0.0,0,1,9.0,0,29,556.0,4,0.0
117,117,117,117,118,Caleb Williams,CHI,5.0,QB15,109.0,142.0,120.0,114.0,105.0,130.0,120.0,131  -13,00-0039918,QB,2024,1.0,22,2024,0.9876470588235293,60.790146,0.039,1.0,34.6,17,351,3541.0,20,81,489.0,0,0,0.0,0,11.0
118,118,118,118,119,Jayden Reed,GB,5.0,WR49,125.0,112.0,132.0,133.0,114.0,105.0,120.2,119,00-0039146,WR,2024,0.9705882352941176,24,2023,0.631764705882353,77.3536,0.008,50.0,9.7,17,0,0.0,0,20,163.0,1,55,857.0,6,1.0
119,119,119,119,120,Brian Robinson Jr.,SF,14.0,RB41,154.0,90.0,122.0,100.0,113.0,150.0,121.5,113  +7,00-0037746,RB,2024,0.803921568627451,25,2022,0.5157142857142858,33.310547,0.006,98.0,5.4,14,0,0.0,0,187,799.0,8,20,159.0,0,2.0
120,120,120,120,121,Baltimore Ravens,DST,7.0,DST3,116.0,104.0,110.0,121.0,169.0,118.0,123.0,129  -8,--,D/ST,2024,--,D/ST,D/ST,--,--,--,,0.0,--,--,--,--,--,--,--,--,--,--,--
121,121,121,121,122,Josh Downs,IND,11.0,WR50,137.0,120.0,129.0,139.0,121.0,113.0,126.5,118  +4,00-0038997,WR,2024,0.9117647058823529,23,2023,0.6442857142857142,49.582855,0.006,79.0,6.8,14,0,0.0,0,1,-1.0,0,72,803.0,5,0.0
122,122,122,122,123,Dalton Kincaid,BUF,7.0,TE13,127.0,113.0,141.0,129.0,141.0,126.0,129.5,122  +1,00-0038933,TE,2024,0.8823529411764706,24,2023,0.5700000000000001,11.69436,0.015,25.0,14.1,13,0,0.0,0,0,0.0,0,44,448.0,2,0.0
123,123,123,123,124,Jake Bates,DET,8.0,K2,103.0,117.0,170.0,105.0,163.0,129.0,131.2,134  -10,00-0039172,K,2024,1.0,25,2024,--,--,0.004,,0.0,--,--,--,--,--,--,--,--,--,--,--
124,124,124,124,125,Drake Maye,NE,14.0,QB16,131.0,132.0,130.0,144.0,136.0,114.0,131.2,130  -5,00-0039851,QB,2024,1.0,22,2024,0.8046153846153848,42.84389,0.036000000000000004,3.0,27.6,13,225,2276.0,15,54,421.0,2,0,0.0,0,16.0
125,125,125,125,126,C.J. Stroud,HOU,6.0,QB17,142.0,121.0,133.0,132.0,149.0,123.0,133.3,136  -10,00-0039163,QB,2024,0.9411764705882353,22,2023,0.9305882352941177,24.045061,0.04,2.0,30.2,17,336,3727.0,20,52,233.0,0,0,0.0,0,16.0
126,126,126,126,127,Tank Bigsby,JAC,8.0,RB42,128.0,139.0,105.0,209.0,99.0,124.0,134.0,120  +7,00-0038555,RB,2024,0.9705882352941176,22,2023,0.36125,59.752853,0.006,88.0,6.1,15,0,0.0,0,168,766.0,7,7,54.0,0,1.0
127,127,127,127,128,Pittsburgh Steelers,DST,5.0,DST4,92.0,118.0,131.0,131.0,158.0,175.0,134.2,132  -4,--,D/ST,2024,--,D/ST,D/ST,--,--,--,,0.0,--,--,--,--,--,--,--,--,--,--,--
128,128,128,128,129,Cameron Dicker,LAC,12.0,K3,120.0,127.0,158.0,78.0,151.0,173.0,134.5,123  +6,00-0037224,K,2024,1.0,24,2022,--,--,0.022000000000000002,,0.0,--,--,--,--,--,--,--,--,--,--,--
129,129,129,129,130,Kyle Pitts Sr.,ATL,5.0,TE14,141.0,114.0,147.0,130.0,139.0,143.0,135.7,125  +5,00-0036970,TE,2024,0.8970588235294118,23,2021,0.6200000000000001,46.505295,0.045,4.0,25.8,17,0,0.0,0,0,0.0,0,47,602.0,4,0.0
130,130,130,130,131,Najee Harris,LAC,12.0,RB43,169.0,145.0,136.0,117.0,120.0,127.0,135.7,135  -4,00-0036893,RB,2024,1.0,26,2021,0.5,30.11493,0.019,24.0,14.4,17,0,0.0,0,263,1043.0,6,36,283.0,0,0.0
131,131,131,131,132,Buffalo Bills,DST,7.0,DST5,152.0,125.0,126.0,93.0,154.0,176.0,137.7,138  -6,--,D/ST,2024,--,D/ST,D/ST,--,--,--,,0.0,--,--,--,--,--,--,--,--,--,--,--
132,132,132,132,133,Jake Ferguson,DAL,10.0,TE15,132.0,130.0,139.0,159.0,132.0,138.0,138.3,128  +5,00-0038041,TE,2024,0.9215686274509803,25,2022,0.6528571428571428,21.2211,0.045,129.0,3.7,14,0,0.0,0,0,0.0,0,59,494.0,0,2.0
133,133,133,133,134,Darnell Mooney,ATL,5.0,WR51,136.0,140.0,123.0,181.0,137.0,117.0,139.0,145  -11,00-0036309,WR,2024,0.9047619047619048,26,2020,0.9275,68.065994,0.051,173.0,1.8,16,0,0.0,0,0,0.0,0,64,992.0,5,0.0
134,134,134,134,135,Houston Texans,DST,6.0,DST6,96.0,136.0,145.0,143.0,160.0,157.0,139.5,153  -18,--,D/ST,2024,--,D/ST,D/ST,--,--,--,,0.0,--,--,--,--,--,--,--,--,--,--,--
135,135,135,135,136,Jordan Love,GB,5.0,QB18,133.0,148.0,125.0,141.0,156.0,135.0,139.7,148  -12,00-0036264,QB,2024,0.7857142857142857,25,2020,0.9173333333333332,43.03165,0.215,26.0,13.9,15,268,3389.0,25,25,83.0,1,0,0.0,0,11.0
136,136,136,136,137,Jaydon Blue,DAL,10.0,RB44,156.0,144.0,138.0,154.0,111.0,145.0,141.3,147  -10,00-0040586,RB,2024,--,20,2025,--,--,0.004,149.0,2.7,--,--,--,--,--,--,--,--,--,--,--
137,137,137,137,138,Nick Chubb,HOU,6.0,RB45,148.0,124.0,117.0,183.0,108.0,169.0,141.5,126  +12,00-0034791,RB,2024,0.7327586206896551,28,2018,0.4125,31.452677,0.009000000000000001,35.0,12.0,8,0,0.0,0,102,332.0,3,5,31.0,1,1.0
138,138,138,138,139,Dallas Goedert,PHI,9.0,TE16,130.0,146.0,124.0,142.0,165.0,146.0,142.2,137  +2,00-0034351,TE,2024,0.8103448275862069,29,2018,0.6500000000000001,49.04044,0.036000000000000004,49.0,9.8,10,0,0.0,0,0,0.0,0,42,496.0,2,0.0
139,139,139,139,140,Rachaad White,TB,9.0,RB46,145.0,169.0,135.0,147.0,126.0,141.0,143.8,142  -2,00-0037256,RB,2024,0.9803921568627451,25,2022,0.5662499999999999,49.07638,0.006,91.0,5.9,15,0,0.0,0,144,613.0,3,51,393.0,6,3.0
140,140,140,140,141,J.J. McCarthy,MIN,6.0,QB19,134.0,150.0,150.0,153.0,145.0,132.0,144.0,159  -18,00-0039923,QB,2024,0.0,21,2024,--,--,0.021,10.0,19.9,--,--,--,--,--,--,--,--,--,--,--
141,141,141,141,142,Brandon Aiyuk,SF,14.0,WR52,163.0,138.0,159.0,125.0,142.0,139.0,144.3,139  +3,00-0036261,WR,2024,0.8214285714285714,26,2020,0.7614285714285715,40.704765,0.11699999999999999,25.0,14.1,7,0,0.0,0,0,0.0,0,25,374.0,0,0.0
142,142,142,142,143,Rashid Shaheed,NO,11.0,WR53,129.0,137.0,160.0,179.0,148.0,116.0,144.8,133  +10,00-0037545,WR,2024,0.717391304347826,26,2022,0.7566666666666667,63.086666,0.012,,0.0,6,0,0.0,0,6,29.0,0,20,349.0,3,0.0
143,143,143,143,144,Braelon Allen,NYJ,9.0,RB47,159.0,158.0,127.0,200.0,107.0,125.0,146.0,124  +20,00-0039794,RB,2024,1.0,20,2024,0.26,25.791103,0.004,134.0,3.4,17,0,0.0,0,92,334.0,2,19,148.0,1,0.0
144,144,144,144,145,Minnesota Vikings,DST,6.0,DST7,122.0,131.0,140.0,150.0,172.0,161.0,146.0,149  -4,--,D/ST,2024,--,D/ST,D/ST,--,--,--,,0.0,--,--,--,--,--,--,--,--,--,--,--
145,145,145,145,146,Jayden Higgins,HOU,6.0,WR54,138.0,126.0,165.0,205.0,134.0,119.0,147.8,144  +2,00-0040130,WR,2024,--,21,2025,--,--,0.01,34.0,12.1,--,--,--,--,--,--,--,--,--,--,--
146,146,146,146,147,Chase McLaughlin,TB,9.0,K4,114.0,143.0,161.0,112.0,188.0,170.0,148.0,152  -5,00-0035358,K,2024,0.9418604651162791,28,2019,--,--,0.016,,0.0,--,--,--,--,--,--,--,--,--,--,--
147,147,147,147,148,Jonnu Smith,PIT,5.0,TE17,182.0,123.0,181.0,88.0,157.0,166.0,149.5,163  -15,00-0033858,TE,2024,0.9398496240601504,29,2017,0.5488235294117647,66.40316,0.043,100.0,5.3,17,0,0.0,0,2,-1.0,0,88,884.0,8,1.0
148,148,148,148,149,Keenan Allen,LAC,12.0,WR55,121.0,135.0,151.0,224.0,133.0,133.0,149.5,143  +6,00-0030279,WR,2024,0.7947368421052632,32,2013,0.868,74.49781,0.011000000000000001,76.0,7.0,15,0,0.0,0,0,0.0,0,70,744.0,7,1.0
149,149,149,149,150,Marvin Mims Jr.,DEN,12.0,WR56,167.0,149.0,169.0,173.0,129.0,115.0,150.3,158  -8,00-0038976,WR,2024,0.9705882352941176,22,2023,0.2694117647058823,79.407295,0.006999999999999999,63.0,8.2,16,0,0.0,0,13,42.0,0,39,503.0,6,0.0
150,150,150,150,151,Christian Kirk,HOU,6.0,WR57,175.0,163.0,137.0,171.0,150.0,110.0,151.0,150  +1,00-0034775,WR,2024,0.8017241379310345,27,2018,0.7000000000000001,41.642677,0.086,47.0,10.1,8,0,0.0,0,0,0.0,0,27,379.0,1,0.0
151,151,151,151,152,Bhayshul Tuten,JAC,8.0,RB48,173.0,172.0,149.0,161.0,125.0,134.0,152.3,141  +11,00-0040719,RB,2024,--,22,2025,--,--,--,104.0,5.0,--,--,--,--,--,--,--,--,--,--,--
152,152,152,152,153,Tyjae Spears,TEN,10.0,RB49,147.0,166.0,156.0,195.0,138.0,122.0,154.0,172  -19,00-0039032,RB,2024,0.8529411764705882,23,2023,0.4275,65.55152,0.006,81.0,6.6,12,0,0.0,0,84,312.0,4,30,224.0,1,0.0
153,153,153,153,154,Zach Ertz,WAS,12.0,TE18,155.0,152.0,114.0,163.0,176.0,168.0,154.7,156  -2,00-0030061,TE,2024,0.9072164948453608,33,2013,0.6688235294117648,41.187428,0.022000000000000002,35.0,12.0,17,0,0.0,0,0,0.0,0,66,654.0,7,0.0
154,154,154,154,155,Trevor Lawrence,JAC,8.0,QB20,170.0,179.0,148.0,175.0,147.0,136.0,159.2,174  -19,00-0036971,QB,2024,0.8823529411764706,24,2021,0.9019999999999999,44.12651,0.215,1.0,34.6,10,172,2045.0,11,26,119.0,3,0,0.0,0,8.0
155,155,155,155,156,Trey Benson,ARI,8.0,RB50,153.0,160.0,152.0,232.0,123.0,137.0,159.5,154  +2,00-0039921,RB,2024,0.8235294117647058,22,2024,0.16692307692307695,14.152423,0.006,66.0,7.9,12,0,0.0,0,63,291.0,1,6,59.0,0,0.0
156,156,156,156,157,Chris Boswell,PIT,5.0,K5,146.0,134.0,200.0,69.0,221.0,195.0,160.8,127  +30,00-0031136,K,2024,0.9444444444444444,33,2014,--,--,0.024,,0.0,--,--,--,--,--,--,--,--,--,--,--
157,157,157,157,158,Jerome Ford,CLE,9.0,RB51,161.0,181.0,146.0,247.0,118.0,152.0,167.5,157  +1,00-0037267,RB,2024,0.8627450980392157,24,2022,0.54,49.872967,0.006,156.0,2.4,14,0,0.0,0,104,565.0,3,37,225.0,0,0.0
158,158,158,158,159,Hunter Henry,NE,14.0,TE19,157.0,171.0,157.0,172.0,170.0,182.0,168.2,164  -5,00-0033090,TE,2024,0.8243243243243243,29,2016,0.8062499999999999,33.573166,0.035,35.0,12.0,16,0,0.0,0,0,0.0,0,66,674.0,2,0.0
159,159,159,159,160,Marquise Brown,KC,10.0,WR58,171.0,193.0,215.0,124.0,168.0,144.0,169.2,175  -15,00-0035662,WR,2024,0.75,27,2019,0.335,0.40499964,0.025,25.0,14.1,2,0,0.0,0,0,0.0,0,9,91.0,0,0.0
160,160,160,160,161,Ka'imi Fairbairn,HOU,6.0,K6,183.0,173.0,199.0,87.0,174.0,202.0,169.7,140  +21,00-0032726,K,2024,0.831081081081081,30,2016,--,--,0.021,,0.0,--,--,--,--,--,--,--,--,--,--,--
161,161,161,161,162,Detroit Lions,DST,8.0,DST8,140.0,128.0,179.0,151.0,215.0,205.0,169.7,161  +1,--,D/ST,2024,--,D/ST,D/ST,--,--,--,,0.0,--,--,--,--,--,--,--,--,--,--,--
162,162,162,162,163,Luther Burden III,CHI,5.0,WR59,186.0,151.0,174.0,210.0,153.0,147.0,170.2,166  -3,00-0040735,WR,2024,--,20,2025,--,--,--,39.0,11.3,--,--,--,--,--,--,--,--,--,--,--
163,163,163,163,164,Tyler Allgeier,ATL,5.0,RB52,164.0,187.0,173.0,180.0,152.0,165.0,170.2,162  +2,00-0037263,RB,2024,0.9803921568627451,24,2022,0.2494117647058823,21.687645,0.005,151.0,2.7,17,0,0.0,0,137,644.0,3,13,88.0,0,0.0
164,164,164,164,165,San Francisco 49ers,DST,14.0,DST9,185.0,170.0,183.0,77.0,225.0,184.0,170.7,146  +19,--,D/ST,2024,--,D/ST,D/ST,--,--,--,,0.0,--,--,--,--,--,--,--,--,--,--,--
165,165,165,165,166,Rashod Bateman,BAL,7.0,WR60,176.0,167.0,144.0,184.0,195.0,163.0,171.5,151  +15,00-0036550,WR,2024,0.75,24,2021,0.6900000000000001,45.49717,0.044000000000000004,27.0,13.6,16,0,0.0,0,0,0.0,0,45,756.0,9,0.0
166,166,166,166,167,Adam Thielen,MIN,6.0,WR61,150.0,164.0,172.0,207.0,190.0,149.0,172.0,160  +7,00-0030035,WR,2024,0.9065934065934066,34,2013,0.708,58.37611,0.031,,0.0,10,0,0.0,0,0,0.0,0,48,615.0,5,0.0
167,167,167,167,168,Jake Elliott,PHI,9.0,K7,143.0,141.0,184.0,135.0,218.0,212.0,172.2,173  -5,00-0033787,K,2024,0.9923664122137404,29,2017,0.22235294117647061,--,0.023,153.0,2.6,--,--,--,--,--,--,--,--,--,--,--
168,168,168,168,169,Tua Tagovailoa,MIA,12.0,QB21,166.0,210.0,154.0,194.0,162.0,153.0,173.2,186  -17,00-0036212,QB,2024,0.8333333333333334,26,2020,0.9718181818181818,69.35114,0.20800000000000002,5.0,24.3,11,291,2867.0,19,17,49.0,0,0,0.0,0,9.0
169,169,169,169,170,Ray Davis,BUF,7.0,RB53,191.0,186.0,163.0,215.0,140.0,148.0,173.8,165  +5,00-0039875,RB,2024,1.0,24,2024,0.24352941176470586,38.646626,0.005,128.0,3.7,16,0,0.0,0,113,442.0,3,17,189.0,3,0.0
170,170,170,170,171,Harrison Butker,KC,10.0,K8,149.0,147.0,186.0,145.0,206.0,216.0,174.8,171,00-0033303,K,2024,0.9307692307692308,29,2017,0.36615384615384616,--,0.025,233.0,0.0,--,--,--,--,--,--,--,--,--,--,--
171,171,171,171,172,Tyler Bass,BUF,7.0,K9,144.0,165.0,164.0,146.0,238.0,197.0,175.7,177  -5,00-0036162,K,2024,1.0,27,2020,0.4441176470588235,--,0.023,188.0,1.3,--,--,--,--,--,--,--,--,--,--,--
172,172,172,172,173,Kansas City Chiefs,DST,10.0,DST10,184.0,159.0,180.0,136.0,208.0,190.0,176.2,170  +3,--,D/ST,2024,--,D/ST,D/ST,--,--,--,,0.0,--,--,--,--,--,--,--,--,--,--,--
173,173,173,173,174,Cam Ward,TEN,10.0,QB22,172.0,168.0,182.0,166.0,227.0,159.0,179.0,176  -2,00-0040676,QB,2024,--,22,2025,--,--,0.044000000000000004,1.0,34.6,--,--,--,--,--,--,--,--,--,--,--
174,174,174,174,175,Matthew Stafford,LAR,8.0,QB23,165.0,204.0,166.0,168.0,202.0,185.0,181.7,197  -22,00-0026498,QB,2024,0.8212927756653993,36,2009,1.0,51.62757,0.14300000000000002,1.0,34.6,16,340,3762.0,20,30,41.0,0,0,0.0,0,10.0
175,175,175,175,176,Xavier Legette,CAR,14.0,WR62,158.0,189.0,202.0,208.0,179.0,160.0,182.7,196  -20,00-0039342,WR,2024,0.9411764705882353,23,2024,0.698125,22.524,0.012,32.0,12.5,15,0,0.0,0,6,24.0,0,49,497.0,4,0.0
176,176,176,176,177,Cam Little,JAC,8.0,K10,162.0,157.0,195.0,156.0,231.0,207.0,184.7,181  -4,00-0039409,K,2024,1.0,21,2024,0.2929411764705882,--,0.004,212.0,0.5,--,--,--,--,--,--,--,--,--,--,--
177,177,177,177,178,Michael Penix Jr.,ATL,5.0,QB24,177.0,185.0,177.0,188.0,193.0,189.0,184.8,189  -11,00-0039917,QB,2024,1.0,24,2024,0.664,100.7166,0.022000000000000002,8.0,21.4,5,61,775.0,3,7,11.0,1,0,0.0,0,3.0
178,178,178,178,179,Bryce Young,CAR,14.0,QB25,190.0,208.0,190.0,193.0,186.0,155.0,187.0,200  -21,00-0039150,QB,2024,0.9705882352941176,23,2023,0.8671428571428572,99.56675,0.042,1.0,34.6,14,234,2403.0,15,43,249.0,6,0,0.0,0,11.0
179,179,179,179,180,Isaiah Likely,BAL,7.0,TE20,199.0,174.0,187.0,160.0,197.0,208.0,187.5,188  -8,00-0037838,TE,2024,0.9607843137254902,24,2022,0.59375,46.255524,0.005,139.0,3.2,15,0,0.0,0,0,0.0,0,42,477.0,6,1.0
180,180,180,180,181,Wan'Dale Robinson,NYG,14.0,WR63,174.0,194.0,162.0,250.0,180.0,167.0,187.8,183  -2,00-0038117,WR,2024,0.7450980392156863,23,2022,0.7594117647058823,19.173899,0.01,43.0,10.6,17,0,0.0,0,3,18.0,0,93,699.0,3,0.0
181,181,181,181,182,Ollie Gordon II,MIA,12.0,RB54,200.0,175.0,134.0,254.0,130.0,258.0,191.8,167  +15,00-0040198,RB,2024,--,20,2025,--,--,0.004,179.0,1.6,--,--,--,--,--,--,--,--,--,--,--
182,182,182,182,183,Tyler Loop,BAL,7.0,K11,178.0,162.0,205.0,199.0,228.0,187.0,193.2,224  -41,00-0040074,K,2024,--,23,2025,--,--,0.004,186.0,1.3,--,--,--,--,--,--,--,--,--,--,--
183,183,183,183,184,Jason Sanders,MIA,12.0,K12,160.0,246.0,185.0,109.0,251.0,213.0,194.0,185  -1,00-0034794,K,2024,1.0,28,2018,0.3541176470588235,--,0.024,229.0,0.0,--,--,--,--,--,--,--,--,--,--,--
184,184,184,184,185,Seattle Seahawks,DST,8.0,DST11,139.0,178.0,198.0,177.0,254.0,218.0,194.0,211  -26,--,D/ST,2024,--,D/ST,D/ST,--,--,--,,0.0,--,--,--,--,--,--,--,--,--,--,--
185,185,185,185,186,Isaac Guerendo,SF,14.0,RB55,243.0,192.0,178.0,197.0,178.0,178.0,194.3,201  -15,00-0039363,RB,2024,0.9411764705882353,24,2024,0.22937500000000002,73.668335,0.005,129.0,3.7,13,0,0.0,0,84,420.0,4,15,152.0,0,0.0
186,186,186,186,187,Wil Lutz,DEN,12.0,K13,210.0,199.0,209.0,134.0,192.0,225.0,194.8,168  +19,00-0032569,K,2024,0.8851351351351351,30,2016,--,--,0.016,,0.0,--,--,--,--,--,--,--,--,--,--,--
187,187,187,187,188,Green Bay Packers,DST,5.0,DST12,203.0,198.0,143.0,192.0,236.0,201.0,195.5,214  -26,--,D/ST,2024,--,D/ST,D/ST,--,--,--,,0.0,--,--,--,--,--,--,--,--,--,--,--
188,188,188,188,189,Geno Smith,LV,8.0,QB26,205.0,238.0,175.0,203.0,203.0,158.0,197.0,222  -33,00-0030565,QB,2024,0.949748743718593,33,2013,0.9747058823529412,36.08325,0.134,39.0,11.3,17,407,4320.0,21,53,272.0,2,0,0.0,0,15.0
189,189,189,189,190,Brenton Strange,JAC,8.0,TE21,217.0,190.0,188.0,252.0,177.0,179.0,200.5,187  +3,00-0038935,TE,2024,0.9117647058823529,23,2023,0.5423529411764706,27.768404,0.006999999999999999,61.0,8.4,14,0,0.0,0,0,0.0,0,40,411.0,2,1.0
190,190,190,190,191,Jaylen Wright,MIA,12.0,RB56,180.0,213.0,207.0,240.0,189.0,180.0,201.5,217  -26,00-0039874,RB,2024,0.9411764705882353,21,2024,0.16999999999999996,5.3510256,0.005,120.0,4.1,13,0,0.0,0,68,249.0,0,3,8.0,0,1.0
191,191,191,191,192,Darren Waller,MIA,12.0,TE22,179.0,201.0,191.0,187.0,234.0,223.0,202.5,207  -15,00-0031610,TE,2024,0.6532258064516129,31,2015,--,--,0.006999999999999999,204.0,0.7,--,--,--,--,--,--,--,--,--,--,--
192,192,192,192,193,Cedric Tillman,CLE,9.0,WR64,168.0,191.0,204.0,316.0,175.0,162.0,202.7,178  +15,00-0038979,WR,2024,0.7352941176470589,24,2023,0.5490909090909091,112.1625,0.006,74.0,7.2,9,0,0.0,0,1,-5.0,0,29,339.0,3,1.0
193,193,193,193,194,Evan McPherson,CIN,10.0,K14,193.0,182.0,189.0,186.0,243.0,243.0,206.0,190  +4,00-0036854,K,2024,0.9117647058823529,25,2021,0.38000000000000006,--,0.022000000000000002,149.0,2.7,--,--,--,--,--,--,--,--,--,--,--
194,194,194,194,195,Arizona Cardinals,DST,8.0,DST13,213.0,176.0,217.0,157.0,229.0,246.0,206.3,202  -7,--,D/ST,2024,--,D/ST,D/ST,--,--,--,,0.0,--,--,--,--,--,--,--,--,--,--,--
195,195,195,195,196,Los Angeles Chargers,DST,12.0,DST14,234.0,236.0,176.0,158.0,240.0,198.0,207.0,209  -13,--,D/ST,2024,--,D/ST,D/ST,--,--,--,,0.0,--,--,--,--,--,--,--,--,--,--,--
196,196,196,196,197,Younghoe Koo,ATL,5.0,K15,195.0,161.0,194.0,170.0,248.0,274.0,207.0,191  +6,00-0033702,K,2024,0.9583333333333334,30,2017,--,--,0.023,,0.0,--,--,--,--,--,--,--,--,--,--,--
197,197,197,197,198,Dallas Cowboys,DST,10.0,DST15,196.0,224.0,167.0,164.0,232.0,271.0,209.0,250  -52,--,D/ST,2024,--,D/ST,D/ST,--,--,--,,0.0,--,--,--,--,--,--,--,--,--,--,--
198,198,198,198,199,Washington Commanders,DST,12.0,DST16,208.0,155.0,206.0,169.0,250.0,292.0,213.3,218  -19,--,D/ST,2024,--,D/ST,D/ST,--,--,--,,0.0,--,--,--,--,--,--,--,--,--,--,--
199,199,199,199,200,Los Angeles Rams,DST,8.0,DST17,228.0,228.0,218.0,196.0,223.0,233.0,221.0,225  -25,--,D/ST,2024,--,D/ST,D/ST,--,--,--,,0.0,--,--,--,--,--,--,--,--,--,--,--
200,200,200,200,201,New York Giants,DST,14.0,DST18,194.0,227.0,171.0,185.0,233.0,320.0,221.7,283  -82,--,D/ST,2024,--,D/ST,D/ST,--,--,--,,0.0,--,--,--,--,--,--,--,--,--,--,--
201,201,201,201,202,Will Shipley,PHI,9.0,RB57,219.0,211.0,210.0,305.0,187.0,204.0,222.7,204  -2,00-0039746,RB,2024,0.9411764705882353,22,2024,0.060000000000000005,19.813,0.005,127.0,3.8,5,0,0.0,0,30,82.0,0,4,35.0,0,0.0
202,202,202,202,203,New York Jets,DST,9.0,DST19,197.0,233.0,196.0,214.0,241.0,265.0,224.3,233  -30,--,D/ST,2024,--,D/ST,D/ST,--,--,--,,0.0,--,--,--,--,--,--,--,--,--,--,--
203,203,203,203,204,Amari Cooper,LV,8.0,WR65,223.0,230.0,142.0,322.0,196.0,255.0,228.0,194  +10,00-0031544,WR,2024,0.9634146341463414,30,2015,0.6407142857142858,55.4559,0.0,4.0,25.8,13,0,0.0,0,0,0.0,0,44,547.0,4,0.0
204,204,204,204,205,Dylan Sampson,CLE,9.0,RB58,,183.0,168.0,256.0,135.0,154.0,179.2,155  +50,00-0040162,RB,2024,--,19,2025,--,--,0.005,126.0,3.8,--,--,--,--,--,--,--,--,--,--,--
205,205,205,205,206,Rico Dowdle,CAR,14.0,RB59,,195.0,208.0,217.0,143.0,164.0,185.4,195  +11,00-0036139,RB,2024,0.6309523809523809,26,2020,0.575,28.499832,0.01,,0.0,16,0,0.0,0,235,1079.0,2,39,249.0,3,2.0
206,206,206,206,207,Matt Gay,WAS,12.0,K16,181.0,,153.0,182.0,226.0,215.0,191.4,212  -5,00-0035269,K,2024,0.989010989010989,30,2019,0.33875,--,0.015,145.0,2.9,--,--,--,--,--,--,--,--,--,--,--
207,207,207,207,208,Kareem Hunt,KC,10.0,RB60,,184.0,214.0,204.0,155.0,217.0,194.8,182  +26,00-0033923,RB,2024,0.8688524590163934,29,2017,0.5169230769230768,38.92936,0.005,86.0,6.2,13,0,0.0,0,200,728.0,7,23,176.0,0,0.0
208,208,208,208,209,Tampa Bay Buccaneers,DST,9.0,DST20,206.0,218.0,,137.0,237.0,183.0,196.2,219  -10,--,D/ST,2024,--,D/ST,D/ST,--,--,--,,0.0,--,--,--,--,--,--,--,--,--,--,--
209,209,209,209,210,Cade Otton,TB,9.0,TE23,189.0,217.0,,211.0,173.0,194.0,196.8,227  -17,00-0038129,TE,2024,0.9411764705882353,25,2022,0.9285714285714286,64.63341,0.005,106.0,4.9,14,0,0.0,0,1,-4.0,0,59,600.0,4,1.0
210,210,210,210,211,Pat Freiermuth,PIT,5.0,TE24,198.0,221.0,,174.0,219.0,192.0,200.8,192  +19,00-0036894,TE,2024,0.8970588235294118,25,2021,0.6929411764705883,29.895,0.047,55.0,9.1,17,0,0.0,0,0,0.0,0,65,653.0,7,2.0
211,211,211,211,212,Sam Darnold,SEA,8.0,QB27,201.0,235.0,,201.0,204.0,174.0,203.0,235  -23,00-0034869,QB,2024,0.8275862068965517,27,2018,0.9941176470588234,57.33478,0.12,3.0,27.6,17,361,4319.0,35,67,212.0,1,0,0.0,0,16.0
212,212,212,212,213,Romeo Doubs,GB,5.0,WR66,,212.0,203.0,230.0,211.0,171.0,205.4,215  -2,00-0037816,WR,2024,0.8627450980392157,24,2022,0.7738461538461539,34.70756,0.005,132.0,3.5,13,0,0.0,0,0,0.0,0,46,601.0,4,0.0
213,213,213,213,214,DeMario Douglas,NE,14.0,WR67,,206.0,201.0,261.0,181.0,186.0,207.0,206  +8,00-0038621,WR,2024,0.9117647058823529,23,2023,0.6264705882352941,24.57696,0.004,210.0,0.6,16,0,0.0,0,3,16.0,0,66,621.0,3,0.0
214,214,214,214,215,Aaron Rodgers,PIT,5.0,QB28,192.0,231.0,,191.0,239.0,193.0,209.2,221  -6,00-0023459,QB,2024,0.9026217228464419,40,2005,0.9635294117647059,50.955345,0.049,24.0,14.4,17,368,3897.0,28,22,107.0,0,0,0.0,0,13.0
215,215,215,215,216,Chicago Bears,DST,5.0,DST21,211.0,,213.0,83.0,253.0,301.0,212.2,169  +47,--,D/ST,2024,--,D/ST,D/ST,--,--,--,,0.0,--,--,--,--,--,--,--,--,--,--,--
216,216,216,216,217,New England Patriots,DST,14.0,DST22,151.0,200.0,,189.0,249.0,278.0,213.4,234  -17,--,D/ST,2024,--,D/ST,D/ST,--,--,--,,0.0,--,--,--,--,--,--,--,--,--,--,--
217,217,217,217,218,Daniel Carlson,LV,8.0,K17,214.0,197.0,,162.0,247.0,252.0,214.4,226  -8,00-0034161,K,2024,1.0,29,2018,0.3035294117647058,--,0.025,167.0,2.0,--,--,--,--,--,--,--,--,--,--,--
218,218,218,218,219,Tre' Harris,LAC,12.0,WR68,,154.0,,167.0,171.0,142.0,158.5,180  +39,00-0040727,WR,2024,--,22,2025,--,--,--,55.0,9.1,--,--,--,--,--,--,--,--,--,--,--
219,219,219,219,220,Isaac TeSlaa,DET,8.0,WR69,216.0,196.0,,231.0,207.0,295.0,229.0,199  +21,00-0040669,WR,2024,--,22,2025,--,--,0.006,70.0,7.5,--,--,--,--,--,--,--,--,--,--,--
220,220,220,220,221,Will Reichard,MIN,6.0,K18,215.0,226.0,,198.0,252.0,269.0,232.0,248  -27,00-0039404,K,2024,0.7647058823529411,23,2024,0.4176923076923077,--,0.004,203.0,0.8,--,--,--,--,--,--,--,--,--,--,--
221,221,221,221,222,Brandon McManus,GB,5.0,K19,218.0,,212.0,206.0,230.0,307.0,234.6,260  -38,00-0029822,K,2024,0.9943181818181818,33,2014,--,--,0.018000000000000002,,0.0,--,--,--,--,--,--,--,--,--,--,--
222,222,222,222,223,Jake Moody,SF,14.0,K20,207.0,225.0,,202.0,245.0,296.0,235.0,240  -17,00-0038562,K,2024,0.9117647058823529,24,2023,0.3678571428571428,--,0.006,99.0,5.3,--,--,--,--,--,--,--,--,--,--,--
223,223,223,223,224,Roschon Johnson,CHI,5.0,RB61,,244.0,211.0,297.0,220.0,222.0,238.8,239  -15,00-0039021,RB,2024,0.8529411764705882,23,2023,0.2814285714285714,19.735455,0.005,115.0,4.4,12,0,0.0,0,55,150.0,6,16,104.0,0,0.0
224,224,224,224,225,Kendre Miller,NO,11.0,RB62,,291.0,197.0,355.0,194.0,188.0,245.0,253  -28,00-0038551,RB,2024,0.4117647058823529,22,2023,0.27999999999999997,6.8269997,0.006,71.0,7.5,6,0,0.0,0,39,148.0,1,5,33.0,0,0.0
225,225,225,225,226,Kyle Williams,NE,14.0,WR70,,188.0,,222.0,166.0,172.0,187.0,198  +28,00-0040131,WR,2024,--,21,2025,--,--,0.006,,0.0,--,--,--,--,--,--,--,--,--,--,--
226,226,226,226,227,DeAndre Hopkins,BAL,7.0,WR71,,214.0,,190.0,161.0,206.0,192.8,210  +17,00-0030564,WR,2024,0.9246231155778895,32,2013,0.49,53.783833,0.018000000000000002,27.0,13.6,16,0,0.0,0,0,0.0,0,56,610.0,5,0.0
227,227,227,227,228,Joshua Palmer,BUF,7.0,WR72,,180.0,,235.0,184.0,177.0,194.0,184  +44,00-0036988,WR,2024,0.8529411764705882,24,2021,0.66,12.9611435,0.036000000000000004,77.0,6.9,15,0,0.0,0,0,0.0,0,39,584.0,1,0.0
228,228,228,228,229,Chig Okonkwo,TEN,10.0,TE25,,202.0,,220.0,185.0,199.0,201.5,193  +36,00-0037809,TE,2024,1.0,24,2022,0.6052941176470589,26.816,0.005,143.0,3.0,16,0,0.0,0,1,17.0,0,52,479.0,2,1.0
229,229,229,229,230,Dont'e Thornton Jr.,LV,8.0,WR73,,177.0,,268.0,167.0,266.0,219.5,205  +25,00-0040581,WR,2024,--,21,2025,--,--,0.005,108.0,4.8,--,--,--,--,--,--,--,--,--,--,--
230,230,230,230,231,Blake Corum,LAR,8.0,RB63,,222.0,,243.0,217.0,196.0,219.5,213  +18,00-0039738,RB,2024,1.0,23,2024,0.11176470588235295,2.5945604,0.006,83.0,6.5,14,0,0.0,0,58,207.0,0,7,58.0,0,0.0
231,231,231,231,232,Justice Hill,BAL,7.0,RB64,,243.0,,234.0,182.0,221.0,220.0,229  +3,00-0034975,RB,2024,0.74,26,2019,0.4173333333333334,37.692093,0.012,113.0,4.5,15,0,0.0,0,47,228.0,1,42,383.0,3,0.0
232,232,232,232,233,Jack Bech,LV,8.0,WR74,,219.0,,239.0,201.0,224.0,220.8,238  -5,00-0040729,WR,2024,--,21,2025,--,--,--,58.0,8.7,--,--,--,--,--,--,--,--,--,--,--
233,233,233,233,234,Cincinnati Bengals,DST,10.0,DST23,220.0,,,98.0,246.0,325.0,222.3,179  +55,--,D/ST,2024,--,D/ST,D/ST,--,--,--,,0.0,--,--,--,--,--,--,--,--,--,--,--
234,234,234,234,235,Quentin Johnston,LAC,12.0,WR75,,248.0,193.0,274.0,,181.0,224.0,245  -10,00-0038544,WR,2024,0.9411764705882353,22,2023,0.7080000000000001,75.70267,0.016,21.0,15.2,15,0,0.0,0,3,6.0,0,55,711.0,8,0.0
235,235,235,235,236,Jaxson Dart,NYG,14.0,QB29,202.0,229.0,,238.0,,236.0,226.3,267  -31,00-0040691,QB,2024,--,21,2025,--,--,0.015,25.0,14.1,--,--,--,--,--,--,--,--,--,--,--
236,236,236,236,237,Shedeur Sanders,CLE,9.0,QB30,204.0,205.0,,212.0,,286.0,226.8,266  -29,00-0040668,QB,2024,--,22,2025,--,--,0.004,144.0,3.0,--,--,--,--,--,--,--,--,--,--,--
237,237,237,237,238,Raheem Mostert,LV,8.0,RB65,,239.0,192.0,246.0,,232.0,227.3,261  -23,00-0031687,RB,2024,0.7152317880794702,32,2015,0.31384615384615383,20.23356,0.006,,0.0,12,0,0.0,0,85,278.0,2,19,161.0,0,2.0
238,238,238,238,239,Tory Horton,SEA,8.0,WR76,370.0,234.0,,324.0,224.0,260.0,282.4,232  +7,00-0040648,WR,2024,--,21,2025,--,--,0.004,166.0,2.0,--,--,--,--,--,--,--,--,--,--,--
239,239,239,239,240,Mason Taylor,NYJ,9.0,TE26,,216.0,,272.0,205.0,226.0,229.8,220  +20,00-0040736,TE,2024,--,20,2025,--,--,--,42.0,10.8,--,--,--,--,--,--,--,--,--,--,--
240,240,240,240,241,Elijah Arroyo,SEA,8.0,TE27,,209.0,,271.0,235.0,210.0,231.3,223  +18,00-0040739,TE,2024,--,21,2025,--,--,--,50.0,9.7,--,--,--,--,--,--,--,--,--,--,--
241,241,241,241,242,Alec Pierce,IND,11.0,WR77,,250.0,,255.0,222.0,203.0,232.5,255  -13,00-0037664,WR,2024,0.9607843137254902,24,2022,0.8006249999999999,69.103836,0.008,53.0,9.3,16,0,0.0,0,0,0.0,0,37,824.0,7,0.0
242,242,242,242,243,Anthony Richardson Sr.,IND,11.0,QB31,246.0,251.0,,223.0,,227.0,236.8,270  -27,00-0039164,QB,2024,0.5,22,2023,0.9254545454545454,63.474747,0.038,4.0,25.8,11,126,1814.0,8,86,499.0,6,1,-1.0,0,15.0
243,243,243,243,244,Russell Wilson,NYG,14.0,QB32,237.0,277.0,,225.0,,211.0,237.5,273  -29,00-0029263,QB,2024,0.9537037037037037,35,2012,0.9827272727272728,38.439064,0.038,75.0,7.1,11,214,2482.0,16,43,155.0,2,0,0.0,0,9.0
244,244,244,244,245,Miles Sanders,DAL,10.0,RB66,,249.0,,275.0,210.0,220.0,238.5,263  -18,00-0035243,RB,2024,0.84,27,2019,0.3336363636363636,55.95218,0.005,53.0,9.3,11,0,0.0,0,55,205.0,2,24,148.0,1,0.0
245,245,245,245,246,Woody Marks,HOU,6.0,RB67,,203.0,,343.0,159.0,251.0,239.0,203  +43,00-0040583,RB,2024,--,23,2025,--,--,0.005,116.0,4.3,--,--,--,--,--,--,--,--,--,--,--
246,246,246,246,247,Keaton Mitchell,BAL,7.0,RB68,,232.0,,285.0,198.0,254.0,242.3,236  +11,00-0038454,RB,2024,0.38235294117647056,22,2023,0.10800000000000001,11.52,0.004,,0.0,2,0,0.0,0,15,30.0,0,1,28.0,0,0.0
247,247,247,247,248,DJ Giddens,IND,11.0,RB69,,245.0,,312.0,212.0,200.0,242.3,256  -8,00-0040179,RB,2024,--,21,2025,--,--,0.004,151.0,2.7,--,--,--,--,--,--,--,--,--,--,--
248,248,248,248,249,Cole Kmet,CHI,5.0,TE28,222.0,309.0,,229.0,,231.0,247.8,247  +2,00-0036290,TE,2024,1.0,25,2020,0.8723529411764707,57.524616,0.055999999999999994,43.0,10.6,14,0,0.0,0,0,0.0,0,47,474.0,4,0.0
249,249,249,249,250,Kyle Monangai,CHI,5.0,RB70,,240.0,,319.0,146.0,288.0,248.3,230  +20,00-0040236,RB,2024,--,22,2025,--,--,0.004,233.0,0.0,--,--,--,--,--,--,--,--,--,--,--
250,250,250,250,251,Jaylin Noel,HOU,6.0,WR78,,258.0,,359.0,183.0,209.0,252.3,275  -24,00-0040138,WR,2024,--,21,2025,--,--,0.006,79.0,6.8,--,--,--,--,--,--,--,--,--,--,--
251,251,251,251,252,Elijah Mitchell,KC,10.0,RB71,,314.0,,251.0,209.0,250.0,256.0,,00-0036567,RB,2024,0.4117647058823529,26,2021,--,--,0.009000000000000001,194.0,1.1,--,--,--,--,--,--,--,--,--,--,--
252,252,252,252,253,MarShawn Lloyd,GB,5.0,RB72,,278.0,216.0,311.0,,235.0,260.0,282  -29,00-0039811,RB,2024,0.058823529411764705,23,2024,0.14,,0.006,88.0,6.1,1,0,0.0,0,6,15.0,0,1,3.0,0,0.0
253,253,253,253,254,Daniel Jones,IND,11.0,QB33,,325.0,155.0,315.0,,249.0,261.0,276  -22,00-0035710,QB,2024,0.7741935483870968,27,2019,0.9789999999999999,49.692825,0.05,6.0,23.2,10,216,2070.0,8,67,265.0,2,0,0.0,0,9.0
254,254,254,254,255,Jalen Coker,CAR,14.0,WR79,,261.0,,341.0,244.0,214.0,265.0,216  +39,00-0039491,WR,2024,0.7857142857142857,22,2024,--,45.037125,0.004,,0.0,11,1,19.0,0,0,0.0,0,32,478.0,2,0.0
255,255,255,255,256,Darius Slayton,NYG,14.0,WR80,,288.0,,309.0,216.0,247.0,265.0,265  -9,00-0035535,WR,2024,0.94,27,2019,0.830625,44.923336,0.043,171.0,1.9,16,0,0.0,0,2,17.0,0,39,573.0,2,0.0
256,256,256,256,257,Noah Gray,KC,10.0,TE29,239.0,304.0,,241.0,,282.0,266.5,,00-0036637,TE,2024,0.9852941176470589,25,2021,0.5635294117647058,39.005627,0.023,162.0,2.2,16,0,0.0,0,1,-4.0,0,40,437.0,5,0.0
257,257,257,257,258,Indianapolis Colts,DST,11.0,DST24,187.0,317.0,,233.0,,338.0,268.8,,--,D/ST,2024,--,D/ST,D/ST,--,--,--,,0.0,--,--,--,--,--,--,--,--,--,--,--
258,258,258,258,259,Brashard Smith,KC,10.0,RB73,,260.0,,387.0,199.0,229.0,268.8,252  +7,00-0040078,RB,2024,--,21,2025,--,--,0.004,228.0,0.0,--,--,--,--,--,--,--,--,--,--,--
259,259,259,259,260,Miami Dolphins,DST,12.0,DST25,294.0,284.0,,218.0,,279.0,268.8,277  -17,--,D/ST,2024,--,D/ST,D/ST,--,--,--,,0.0,--,--,--,--,--,--,--,--,--,--,--
260,260,260,260,261,Las Vegas Raiders,DST,8.0,DST26,225.0,302.0,,227.0,,322.0,269.0,,--,D/ST,2024,--,D/ST,D/ST,--,--,--,,0.0,--,--,--,--,--,--,--,--,--,--,--
261,261,261,261,262,Pat Bryant,DEN,12.0,WR81,,241.0,,373.0,214.0,261.0,272.3,242  +20,00-0040134,WR,2024,--,21,2025,--,--,0.006,74.0,7.2,--,--,--,--,--,--,--,--,--,--,--
262,262,262,262,263,New Orleans Saints,DST,11.0,DST27,233.0,305.0,,244.0,,331.0,278.3,,--,D/ST,2024,--,D/ST,D/ST,--,--,--,,0.0,--,--,--,--,--,--,--,--,--,--,--
263,263,263,263,264,Joe Flacco,CLE,9.0,QB34,244.0,324.0,,264.0,,281.0,278.3,,00-0026158,QB,2024,0.8844621513944223,39,2008,0.8525,48.36278,0.015,18.0,16.2,7,162,1761.0,12,9,26.0,0,0,0.0,0,11.0
264,264,264,264,265,Justin Tucker,,,K21,212.0,295.0,,267.0,,352.0,281.5,,00-0029597,K,2024,1.0,34,2012,--,--,0.028999999999999998,,0.0,--,--,--,--,--,--,--,--,--,--,--
265,265,265,265,266,Zack Moss,,,RB74,259.0,363.0,,228.0,,280.0,282.5,,00-0036251,RB,2024,0.7469879518072289,26,2020,0.6174999999999999,45.296967,0.006,86.0,6.2,8,0,0.0,0,74,242.0,2,23,187.0,1,1.0
266,266,266,266,267,Troy Franklin,DEN,12.0,WR82,,328.0,,289.0,242.0,275.0,283.5,272  -5,00-0039868,WR,2024,0.9411764705882353,21,2024,0.375,11.309958,0.005,102.0,5.1,16,0,0.0,0,2,8.0,0,28,263.0,2,0.0
267,267,267,267,268,Cleveland Browns,DST,9.0,DST28,209.0,,,126.0,,308.0,214.3,208  +60,--,D/ST,2024,--,D/ST,D/ST,--,--,--,,0.0,--,--,--,--,--,--,--,--,--,--,--
268,268,268,268,269,Tahj Brooks,CIN,10.0,RB75,,237.0,,436.0,213.0,257.0,285.8,251  +18,00-0040208,RB,2024,--,22,2025,--,--,0.004,193.0,1.1,--,--,--,--,--,--,--,--,--,--,--
269,269,269,269,270,Dalton Schultz,HOU,6.0,TE30,461.0,242.0,,216.0,,228.0,286.8,246  +24,00-0034383,TE,2024,0.9655172413793104,28,2018,0.7817647058823529,16.478897,0.047,137.0,3.3,17,0,0.0,0,0,0.0,0,53,532.0,2,0.0
270,270,270,270,271,Jalen Milroe,SEA,8.0,QB35,263.0,307.0,,294.0,,289.0,288.3,,00-0040673,QB,2024,--,21,2025,--,--,0.006,92.0,5.8,--,--,--,--,--,--,--,--,--,--,--
271,271,271,271,272,Mike Gesicki,CIN,10.0,TE31,,220.0,,265.0,,191.0,225.3,228  +44,00-0034829,TE,2024,0.9913793103448276,28,2018,0.4476470588235294,54.666626,0.03,42.0,10.8,16,0,0.0,0,0,0.0,0,65,665.0,2,1.0
272,272,272,272,273,Jarquez Hunter,LAR,8.0,RB76,,255.0,,527.0,191.0,240.0,303.3,262  +11,00-0040692,RB,2024,--,21,2025,--,--,0.005,117.0,4.3,--,--,--,--,--,--,--,--,--,--,--
273,273,273,273,274,Atlanta Falcons,DST,5.0,DST29,236.0,,,221.0,,237.0,231.3,,--,D/ST,2024,--,D/ST,D/ST,--,--,--,,0.0,--,--,--,--,--,--,--,--,--,--,--
274,274,274,274,275,Tennessee Titans,DST,10.0,DST30,238.0,267.0,,266.0,,425.0,299.0,,--,D/ST,2024,--,D/ST,D/ST,--,--,--,,0.0,--,--,--,--,--,--,--,--,--,--,--
275,275,275,275,276,Terrance Ferguson,LAR,8.0,TE32,260.0,275.0,,364.0,,298.0,299.3,,00-0040737,TE,2024,--,21,2025,--,--,--,46.0,10.2,--,--,--,--,--,--,--,--,--,--,--
276,276,276,276,277,Jacksonville Jaguars,DST,8.0,DST31,297.0,322.0,,248.0,,333.0,300.0,,--,D/ST,2024,--,D/ST,D/ST,--,--,--,,0.0,--,--,--,--,--,--,--,--,--,--,--
277,277,277,277,278,Tyler Lockett,TEN,10.0,WR83,,215.0,,237.0,,256.0,236.0,237  +41,00-0032211,WR,2024,0.9818181818181818,31,2015,0.6905882352941176,24.649044,0.013999999999999999,69.0,7.6,17,0,0.0,0,0,0.0,0,49,600.0,2,0.0
278,278,278,278,279,Tyler Conklin,LAC,12.0,TE33,325.0,357.0,,262.0,,290.0,308.5,,00-0034270,TE,2024,1.0,29,2018,0.800625,34.98696,0.011000000000000001,157.0,2.4,16,0,0.0,0,1,0.0,0,51,449.0,4,0.0
279,279,279,279,280,Jalen McMillan,TB,9.0,WR84,,223.0,,226.0,,294.0,247.7,257  +23,00-0039855,WR,2024,0.8235294117647058,22,2024,0.7076923076923077,69.78141,0.006,92.0,5.8,13,0,0.0,0,4,43.0,0,37,461.0,8,0.0
280,280,280,280,281,Dameon Pierce,HOU,6.0,RB77,416.0,,,296.0,200.0,336.0,312.0,280  +1,00-0037258,RB,2024,0.7450980392156863,24,2022,0.16363636363636366,71.082504,0.005,107.0,4.8,9,0,0.0,0,40,293.0,2,2,2.0,0,0.0
281,281,281,281,282,Cairo Santos,CHI,5.0,K22,188.0,,,219.0,,350.0,252.3,,00-0031203,K,2024,0.9681528662420382,32,2014,--,--,0.017,,0.0,--,--,--,--,--,--,--,--,--,--,--
282,282,282,282,283,Elic Ayomanor,TEN,10.0,WR85,,207.0,,331.0,,219.0,252.3,231  +52,00-0040170,WR,2024,--,21,2025,--,--,0.004,136.0,3.3,--,--,--,--,--,--,--,--,--,--,--
283,283,283,283,284,Calvin Austin III,PIT,5.0,WR86,,264.0,,278.0,,241.0,261.0,244  +40,00-0037837,WR,2024,0.6666666666666666,25,2022,0.5364705882352941,44.910583,0.005,138.0,3.2,17,0,0.0,0,0,0.0,0,36,548.0,4,0.0
284,284,284,284,285,Dontayvion Wicks,GB,5.0,WR87,412.0,318.0,,328.0,,230.0,322.0,,00-0038393,WR,2024,0.9411764705882353,23,2023,0.5470588235294117,42.251247,0.005,159.0,2.3,17,0,0.0,0,0,0.0,0,39,415.0,5,0.0
285,285,285,285,286,Taysom Hill,NO,11.0,TE34,240.0,366.0,,291.0,,395.0,323.0,,00-0033357,TE,2024,0.8939393939393939,34,2017,0.42500000000000004,155.63348,0.055,,0.0,8,2,21.0,0,39,278.0,6,23,187.0,0,2.0
286,286,286,286,287,Ja'Tavion Sanders,CAR,14.0,TE35,,266.0,,281.0,,253.0,266.7,254  +33,00-0039356,TE,2024,0.9411764705882353,21,2024,0.56125,19.78457,0.005,101.0,5.2,15,0,0.0,0,0,0.0,0,33,342.0,1,0.0
287,287,287,287,288,Andrei Iosivas,CIN,10.0,WR88,,287.0,,269.0,,259.0,271.7,278  +10,00-0038619,WR,2024,0.9705882352941176,24,2023,0.7841176470588236,24.915148,0.004,206.0,0.7,17,0,0.0,0,0,0.0,0,36,479.0,6,0.0
288,288,288,288,289,Graham Gano,NYG,14.0,K23,229.0,,,253.0,,339.0,273.7,,00-0026858,K,2024,0.8600823045267489,37,2009,--,--,0.024,,0.0,--,--,--,--,--,--,--,--,--,--,--
289,289,289,289,290,Juwan Johnson,NO,11.0,TE36,,299.0,,276.0,,248.0,274.3,,00-0036040,TE,2024,0.9066666666666666,27,2020,0.6417647058823529,15.225524,0.037000000000000005,,0.0,15,0,0.0,0,0,0.0,0,50,548.0,3,0.0
290,290,290,290,291,Jaleel McLaughlin,DEN,12.0,RB78,,337.0,,176.0,,317.0,276.7,243  +48,00-0038794,RB,2024,0.9705882352941176,23,2023,0.281875,12.404667,0.004,,0.0,16,0,0.0,0,113,496.0,1,24,76.0,2,1.0
291,291,291,291,292,Harold Fannin Jr.,CLE,9.0,TE37,279.0,294.0,,437.0,,324.0,333.5,,00-0040663,TE,2024,--,20,2025,--,--,0.006,67.0,7.8,--,--,--,--,--,--,--,--,--,--,--
292,292,292,292,293,Adonai Mitchell,IND,11.0,WR89,,247.0,,348.0,,245.0,280.0,258  +35,00-0039890,WR,2024,1.0,21,2024,0.36176470588235293,13.953594,0.006999999999999999,52.0,9.4,17,1,24.0,0,4,6.0,0,23,312.0,0,1.0
293,293,293,293,294,Theo Johnson,NYG,14.0,TE38,,280.0,,299.0,,263.0,280.7,264  +30,00-0039847,TE,2024,0.7058823529411765,23,2024,0.8416666666666668,15.565446,0.005,107.0,4.8,10,0,0.0,0,0,0.0,0,29,331.0,1,0.0
294,294,294,294,295,Kirk Cousins,ATL,5.0,QB36,230.0,,,279.0,,337.0,282.0,,00-0029604,QB,2024,0.9537037037037037,36,2012,0.9771428571428571,84.67227,0.17600000000000002,102.0,5.1,14,303,3508.0,18,23,0.0,0,0,0.0,0,18.0
295,295,295,295,296,Luke McCaffrey,WAS,12.0,WR90,254.0,,,306.0,,291.0,283.7,,00-0039355,WR,2024,1.0,23,2024,0.36588235294117644,4.0890913,0.005,100.0,5.3,12,0,0.0,0,0,0.0,0,18,168.0,0,0.0
296,296,296,296,297,Michael Wilson,ARI,8.0,WR91,,273.0,,338.0,,244.0,285.0,269  +28,00-0038559,WR,2024,0.8529411764705882,24,2023,0.795625,19.576292,0.006,94.0,5.7,16,0,0.0,0,1,7.0,0,47,548.0,4,1.0
297,297,297,297,298,Chris Rodriguez Jr.,WAS,12.0,RB79,,,,390.0,164.0,303.0,285.7,241  +57,00-0038611,RB,2024,0.8148148148148148,24,2023,0.11777777777777779,39.063,0.004,193.0,1.1,6,0,0.0,0,35,173.0,2,1,12.0,0,0.0
298,298,298,298,299,Andy Borregales,NE,14.0,K24,249.0,,,284.0,,334.0,289.0,,00-0040200,K,2024,--,21,2025,--,--,0.004,182.0,1.5,--,--,--,--,--,--,--,--,--,--,--
299,299,299,299,300,Dawson Knox,BUF,7.0,TE39,226.0,,,245.0,,397.0,289.3,,00-0035689,TE,2024,0.87,27,2019,0.600625,8.006428,0.039,96.0,5.5,14,0,0.0,0,0,0.0,0,22,311.0,1,0.0
300,300,300,300,301,Ray-Ray McCloud III,ATL,5.0,WR92,,,,335.0,255.0,284.0,291.3,,00-0034407,WR,2024,0.9439252336448598,27,2018,0.8511764705882353,18.895294,0.01,187.0,1.3,17,0,0.0,0,10,79.0,0,62,686.0,1,1.0
301,301,301,301,302,Diontae Johnson,,,WR93,,316.0,,286.0,,272.0,291.3,271  +31,00-0035216,WR,2024,0.92,28,2019,0.5516666666666666,90.082,0.004,66.0,7.9,11,0,0.0,0,2,6.0,0,33,375.0,3,0.0
302,302,302,302,303,Audric Estime,,,RB80,376.0,373.0,,339.0,,287.0,343.8,,00-0039373,RB,2024,0.7647058823529411,20,2024,0.16615384615384615,10.949359,0.004,147.0,2.8,13,0,0.0,0,76,310.0,2,5,27.0,0,1.0
303,303,303,303,304,Dyami Brown,JAC,8.0,WR94,,269.0,,368.0,,242.0,293.0,274  +30,00-0036626,WR,2024,0.9264705882352942,24,2021,0.43125,11.572096,0.036000000000000004,82.0,6.5,15,0,0.0,0,3,26.0,0,30,308.0,1,1.0
304,304,304,304,305,Jalen Royals,KC,10.0,WR95,428.0,253.0,,463.0,,238.0,345.5,249  +56,00-0040646,WR,2024,--,21,2025,--,--,0.005,133.0,3.5,--,--,--,--,--,--,--,--,--,--,--
305,305,305,305,306,JuJu Smith-Schuster,KC,10.0,WR96,256.0,,,259.0,,379.0,298.0,,00-0033857,WR,2024,0.7969924812030075,27,2017,0.4664285714285715,34.92618,0.005,62.0,8.3,11,0,0.0,0,0,0.0,0,18,231.0,2,0.0
306,306,306,306,307,Marquez Valdes-Scantling,SF,14.0,WR97,425.0,358.0,,314.0,,297.0,348.5,,00-0034272,WR,2024,0.9304347826086956,29,2018,0.5435714285714286,62.375,0.013999999999999999,174.0,1.7,13,0,0.0,0,1,4.0,0,19,411.0,4,0.0
307,307,307,307,308,Tyler Higbee,LAR,8.0,TE40,,342.0,,280.0,,273.0,298.3,,00-0033110,TE,2024,0.8716216216216216,31,2016,0.32666666666666666,40.763336,0.038,110.0,4.7,3,0,0.0,0,0,0.0,0,8,66.0,2,0.0
308,308,308,308,309,Blake Grupe,NO,11.0,K25,232.0,,,236.0,,429.0,299.0,,00-0038905,K,2024,1.0,25,2023,--,--,0.004,,0.0,--,--,--,--,--,--,--,--,--,--,--
309,309,309,309,310,Trevor Etienne,CAR,14.0,RB81,,347.0,,260.0,,293.0,300.0,284  +26,00-0040644,RB,2024,--,20,2025,--,--,0.005,114.0,4.4,--,--,--,--,--,--,--,--,--,--,--
310,310,310,310,311,Carolina Panthers,DST,14.0,DST32,224.0,,,288.0,,396.0,302.7,,--,D/ST,2024,--,D/ST,D/ST,--,--,--,,0.0,--,--,--,--,--,--,--,--,--,--,--
311,311,311,311,312,Jordan James,SF,14.0,RB82,,297.0,,336.0,,276.0,303.0,,00-0040177,RB,2024,--,20,2025,--,--,0.004,147.0,2.8,--,--,--,--,--,--,--,--,--,--,--
312,312,312,312,313,Tyler Shough,NO,11.0,QB37,,311.0,,366.0,,234.0,303.7,,00-0040743,QB,2024,--,24,2025,--,--,--,40.0,11.1,--,--,--,--,--,--,--,--,--,--,--
313,313,313,313,314,Jameis Winston,NYG,14.0,QB38,262.0,,,321.0,,330.0,304.3,,00-0031503,QB,2024,0.8909090909090909,30,2015,0.585,137.93044,0.013999999999999999,1.0,34.6,11,181,2121.0,13,25,83.0,1,0,0.0,0,14.0
314,314,314,314,315,Elijah Moore,BUF,7.0,WR98,275.0,,,295.0,,344.0,304.7,,00-0036980,WR,2024,0.9117647058823529,24,2021,0.7570588235294117,34.676105,0.009000000000000001,34.0,12.1,17,0,0.0,0,1,1.0,0,61,538.0,1,0.0
315,315,315,315,316,Tank Dell,HOU,6.0,WR99,245.0,,,263.0,,414.0,307.3,,00-0038977,WR,2024,0.7352941176470589,24,2023,0.6892857142857142,41.033844,0.006,69.0,7.6,14,0,0.0,0,9,43.0,0,51,667.0,3,0.0
316,316,316,316,317,Tutu Atwell,LAR,8.0,WR100,,350.0,,325.0,,262.0,312.3,,00-0036849,WR,2024,0.8088235294117647,24,2021,0.39,17.919239,0.036000000000000004,57.0,8.9,15,0,0.0,0,2,7.0,0,42,562.0,0,0.0
317,317,317,317,318,Zamir White,LV,8.0,RB83,227.0,,,353.0,,358.0,312.7,,00-0038040,RB,2024,0.7647058823529411,24,2022,0.305,6.308393,0.005,122.0,4.0,8,0,0.0,0,65,183.0,1,6,30.0,0,2.0
318,318,318,318,319,Nick Folk,NYJ,9.0,K26,250.0,,,320.0,,371.0,313.7,,00-0025565,K,2024,0.8899082568807339,39,2007,0.2757142857142857,--,0.01,178.0,1.6,--,--,--,--,--,--,--,--,--,--,--
319,319,319,319,320,Joey Slye,TEN,10.0,K27,255.0,,,273.0,,419.0,315.7,,00-0035192,K,2024,0.9693877551020408,28,2019,--,--,0.005,,0.0,--,--,--,--,--,--,--,--,--,--,--
320,320,320,320,321,Luke Musgrave,GB,5.0,TE41,252.0,,,346.0,,351.0,316.3,,00-0039144,TE,2024,0.5588235294117647,23,2023,0.3071428571428572,2.3695242,0.009000000000000001,42.0,10.8,7,0,0.0,0,0,0.0,0,7,45.0,0,0.0
321,321,321,321,322,Spencer Shrader,IND,11.0,K28,,,219.0,300.0,,432.0,317.0,,00-0039576,K,2024,0.4,25,2024,--,--,0.004,,0.0,--,--,--,--,--,--,--,--,--,--,--
322,322,322,322,323,Noah Fant,CIN,10.0,TE42,,376.0,,258.0,,323.0,319.0,,00-0035644,TE,2024,0.9504950495049505,26,2019,0.6328571428571428,17.886812,0.01,20.0,15.5,14,0,0.0,0,0,0.0,0,48,500.0,1,0.0
323,323,323,323,324,Dustin Hopkins,,,K29,241.0,,,282.0,,437.0,320.0,,00-0030098,K,2024,0.834319526627219,33,2013,0.25312500000000004,--,0.021,177.0,1.6,--,--,--,--,--,--,--,--,--,--,--
324,324,324,324,325,Jason Myers,SEA,8.0,K30,,,,178.0,,283.0,230.5,281  +44,00-0031492,K,2024,1.0,33,2015,--,--,0.023,,0.0,--,--,--,--,--,--,--,--,--,--,--
325,325,325,325,326,Efton Chism III,NE,14.0,WR101,242.0,,,304.0,,418.0,321.3,,00-0040563,WR,2024,--,22,2025,--,--,0.004,,0.0,--,--,--,--,--,--,--,--,--,--,--
326,326,326,326,327,Jahan Dotson,PHI,9.0,WR102,231.0,,,292.0,,444.0,322.3,,00-0037741,WR,2024,0.9019607843137255,24,2022,0.5823529411764705,16.8961,0.018000000000000002,16.0,16.9,14,0,0.0,0,1,13.0,0,19,216.0,0,0.0
327,327,327,327,328,Joshua Karty,LAR,8.0,K31,,,,213.0,,264.0,238.5,268  +60,00-0039750,K,2024,1.0,22,2024,0.17294117647058824,--,0.004,209.0,0.6,--,--,--,--,--,--,--,--,--,--,--
328,328,328,328,329,Hunter Renfrow,,,WR103,264.0,,,351.0,,369.0,328.0,,00-0034983,WR,2024,0.8795180722891566,28,2019,--,--,0.005,149.0,2.7,--,--,--,--,--,--,--,--,--,--,--
329,329,329,329,330,Roman Wilson,PIT,5.0,WR104,,292.0,,357.0,,335.0,328.0,279  +51,00-0039739,WR,2024,0.058823529411764705,23,2024,0.07,--,0.006,84.0,6.4,--,--,--,--,--,--,--,--,--,--,--
330,330,330,330,331,KeAndre Lambert-Smith,LAC,12.0,WR105,272.0,,,391.0,,328.0,330.3,,00-0040184,WR,2024,--,22,2025,--,--,0.004,158.0,2.4,--,--,--,--,--,--,--,--,--,--,--
331,331,331,331,332,A.J. Dillon,PHI,9.0,RB84,381.0,,,310.0,,302.0,331.0,,00-0036265,RB,2024,0.7142857142857143,26,2020,--,--,0.005,62.0,8.3,--,--,--,--,--,--,--,--,--,--,--
332,332,332,332,333,Olamide Zaccheaus,CHI,5.0,WR106,305.0,,,365.0,,340.0,336.7,,00-0035208,WR,2024,0.93,27,2019,0.42058823529411765,53.10352,0.005,,0.0,15,0,0.0,0,1,8.0,0,45,506.0,3,0.0
333,333,333,333,334,Michael Mayer,LV,8.0,TE43,,378.0,,293.0,,342.0,337.7,,00-0039066,TE,2024,0.8235294117647058,23,2023,0.63,14.274182,0.01,35.0,12.0,11,0,0.0,0,0,0.0,0,21,156.0,0,0.0
334,334,334,334,335,Christian Watson,GB,5.0,WR107,,331.0,,369.0,,314.0,338.0,,00-0038124,WR,2024,0.7450980392156863,25,2022,0.5906666666666667,36.571045,0.011000000000000001,34.0,12.1,14,0,0.0,0,4,23.0,0,29,620.0,2,1.0
335,335,335,335,336,Joe Milton III,DAL,10.0,QB39,293.0,,,329.0,,393.0,338.3,,00-0039398,QB,2024,0.058823529411764705,24,2024,0.95,,0.004,193.0,1.1,1,22,241.0,1,10,16.0,1,0,0.0,0,1.0
336,336,336,336,337,Darnell Washington,PIT,5.0,TE44,274.0,,,287.0,,456.0,339.0,,00-0038558,TE,2024,1.0,23,2023,0.5123529411764707,6.2642307,0.006,93.0,5.7,13,0,0.0,0,0,0.0,0,19,200.0,1,0.0
337,337,337,337,338,Chad Ryland,ARI,8.0,K32,410.0,,,270.0,,341.0,340.3,,00-0038567,K,2024,1.0,24,2023,0.38615384615384624,--,0.004,112.0,4.6,--,--,--,--,--,--,--,--,--,--,--
338,338,338,338,339,Tez Johnson,TB,9.0,WR108,282.0,,,431.0,,327.0,346.7,,00-0040237,WR,2024,--,22,2025,--,--,0.004,235.0,0.0,--,--,--,--,--,--,--,--,--,--,--
339,339,339,339,340,Devin Neal,NO,11.0,RB85,,271.0,,534.0,,277.0,360.7,,00-0040202,RB,2024,--,21,2025,--,--,0.004,184.0,1.4,--,--,--,--,--,--,--,--,--,--,--
340,340,340,340,341,KaVontae Turpin,DAL,10.0,WR109,,,,242.0,,309.0,275.5,,00-0037801,WR,2024,0.9803921568627451,28,2022,--,18.782667,0.016,,0.0,15,0,0.0,0,16,92.0,0,31,420.0,2,1.0
341,341,341,341,342,Jalen Tolbert,DAL,10.0,WR110,,,,283.0,,270.0,276.5,,00-0037666,WR,2024,0.8235294117647058,25,2022,0.7576470588235295,27.602575,0.006,88.0,6.1,17,0,0.0,0,0,0.0,0,49,610.0,7,0.0
342,342,342,342,343,Austin Hooper,NE,14.0,TE45,290.0,,,332.0,,436.0,352.7,,00-0032392,TE,2024,0.9527027027027027,29,2016,0.5252941176470588,19.564852,0.018000000000000002,81.0,6.6,17,0,0.0,0,0,0.0,0,45,476.0,3,1.0
343,343,343,343,344,Devin Singletary,NYG,14.0,RB86,,,,257.0,,305.0,281.0,,00-0035250,RB,2024,0.95,26,2019,0.38933333333333325,28.698282,0.022000000000000002,74.0,7.2,15,0,0.0,0,113,437.0,4,21,119.0,0,2.0
344,344,344,344,345,Kayshon Boutte,NE,14.0,WR111,,370.0,,389.0,,304.0,354.3,,00-0038608,WR,2024,0.6176470588235294,22,2023,0.7806666666666667,47.372097,0.004,187.0,1.3,15,0,0.0,0,0,0.0,0,43,589.0,3,0.0
345,345,345,345,346,John Metchie III,PHI,9.0,WR112,295.0,,,384.0,,386.0,355.0,,00-0037614,WR,2024,0.5686274509803921,24,2022,0.46153846153846145,28.182667,0.01,44.0,10.5,10,0,0.0,0,0,0.0,0,24,254.0,1,0.0
346,346,346,346,347,Jimmy Garoppolo,LAR,8.0,QB40,285.0,,,393.0,,390.0,356.0,,00-0031345,QB,2024,0.8131868131868132,32,2014,1.0,,0.011000000000000001,62.0,8.3,1,27,334.0,2,2,5.0,0,0,0.0,0,1.0
347,347,347,347,348,Will Dissly,LAC,12.0,TE46,377.0,,,301.0,,392.0,356.7,,00-0034159,TE,2024,0.75,28,2018,0.5646666666666668,28.291143,0.018000000000000002,120.0,4.1,15,0,0.0,0,0,0.0,0,50,481.0,2,0.0
348,348,348,348,349,Jermar Jefferson,TEN,10.0,RB87,221.0,,,352.0,,,286.5,,00-0036670,RB,2024,0.42857142857142855,24,2021,0.09,2.8799999,0.004,257.0,0.0,2,0,0.0,0,6,22.0,0,1,10.0,0,0.0
349,349,349,349,350,Tim Patrick,JAC,8.0,WR113,314.0,,,333.0,,431.0,359.3,,00-0033375,WR,2024,0.6206896551724138,30,2017,0.591875,33.78971,0.009000000000000001,,0.0,15,0,0.0,0,0,0.0,0,33,394.0,3,0.0
350,350,350,350,351,Tre Tucker,LV,8.0,WR114,,,,298.0,,285.0,291.5,,00-0038563,WR,2024,0.9705882352941176,23,2023,0.8723529411764707,35.75559,0.006,100.0,5.3,17,0,0.0,0,9,44.0,1,47,539.0,3,0.0
351,351,351,351,352,Sean Tucker,TB,9.0,RB88,,,,317.0,,268.0,292.5,259  +93,00-0038951,RB,2024,0.9411764705882353,22,2023,0.0923529411764706,90.53073,0.004,,0.0,11,0,0.0,0,50,308.0,2,9,109.0,1,0.0
352,352,352,352,353,Damien Martinez,SEA,8.0,RB89,440.0,,,408.0,,239.0,362.3,,00-0040651,RB,2024,--,20,2025,--,--,0.004,223.0,0.2,--,--,--,--,--,--,--,--,--,--,--
353,353,353,353,354,Mason Rudolph,PIT,5.0,QB41,315.0,,,363.0,,409.0,362.3,,00-0034771,QB,2024,0.7435897435897436,29,2018,0.8475,37.27986,0.013000000000000001,76.0,7.0,8,146,1530.0,9,25,106.0,1,0,0.0,0,10.0
354,354,354,354,355,Josh Oliver,MIN,6.0,TE47,292.0,,,323.0,,474.0,363.0,,00-0035249,TE,2024,0.7,27,2019,0.5546666666666665,26.649635,0.027999999999999997,69.0,7.6,11,0,0.0,0,0,0.0,0,22,258.0,3,0.0
355,355,355,355,356,Jake Bobo,SEA,8.0,WR115,278.0,,,347.0,,470.0,365.0,,00-0038752,WR,2024,1.0,26,2023,0.2923529411764706,5.424,0.004,,0.0,11,0,0.0,0,0,0.0,0,13,107.0,1,0.0
356,356,356,356,357,Jimmy Horn Jr.,CAR,14.0,WR116,280.0,,,318.0,,,299.0,,00-0040218,WR,2024,--,21,2025,--,--,0.004,208.0,0.6,--,--,--,--,--,--,--,--,--,--,--
357,357,357,357,358,Ryan Fitzgerald,CAR,14.0,K33,247.0,,,358.0,,,302.5,,00-0040279,K,2024,--,24,2025,--,--,0.004,,0.0,--,--,--,--,--,--,--,--,--,--,--
358,358,358,358,359,Antonio Gibson,NE,14.0,RB90,,,,302.0,,306.0,304.0,,00-0036328,RB,2024,0.9285714285714286,26,2020,0.33294117647058824,13.201545,0.015,66.0,7.9,17,0,0.0,0,120,538.0,1,23,206.0,0,0.0
359,359,359,359,360,Grant Calcaterra,PHI,9.0,TE48,284.0,,,327.0,,,305.5,,00-0037086,TE,2024,0.9215686274509803,25,2022,0.6599999999999999,13.886667,0.005,198.0,0.9,13,0,0.0,0,0,0.0,0,24,298.0,1,0.0
360,360,360,360,361,Nick Westbrook-Ikhine,MIA,12.0,WR117,,,,303.0,,310.0,306.5,,00-0036182,WR,2024,0.9404761904761905,27,2020,0.6994117647058824,32.972565,0.011000000000000001,,0.0,13,0,0.0,0,0,0.0,0,32,497.0,9,0.0
361,361,361,361,362,Elijah Higgins,ARI,8.0,TE49,318.0,,,354.0,,445.0,372.3,,00-0039041,TE,2024,0.8235294117647058,23,2023,0.38058823529411767,5.7613187,0.004,197.0,1.0,14,0,0.0,0,0,0.0,0,20,172.0,2,0.0
362,362,362,362,363,Malik Willis,GB,5.0,QB42,319.0,,,383.0,,415.0,372.3,,00-0038128,QB,2024,0.8823529411764706,25,2022,0.46428571428571436,90.73658,0.006,86.0,6.2,6,40,550.0,3,20,138.0,1,0,0.0,0,1.0
363,363,363,363,364,Ty Chandler,MIN,6.0,RB91,281.0,,,370.0,,467.0,372.7,,00-0037276,RB,2024,0.7254901960784313,26,2022,0.13941176470588235,9.36711,0.005,169.0,1.9,10,0,0.0,0,56,182.0,0,6,42.0,0,0.0
364,364,364,364,365,Matthew Wright,,,K34,361.0,,,344.0,,413.0,372.7,,00-0035189,K,2024,0.8787878787878788,28,2020,--,--,0.004,,0.0,--,--,--,--,--,--,--,--,--,--,--
365,365,365,365,366,Carson Wentz,MIN,6.0,QB43,304.0,,,414.0,,401.0,373.0,,00-0032950,QB,2024,0.9136690647482014,31,2016,0.3233333333333333,4.8672004,0.0,2.0,30.2,2,12,118.0,0,3,0.0,0,0,0.0,0,0.0
366,366,366,366,367,Odell Beckham Jr.,,,WR118,261.0,,,360.0,,,310.5,,00-0031235,WR,2024,0.8125,31,2014,0.20222222222222225,3.3383927,0.012,12.0,18.8,8,0,0.0,0,0,0.0,0,9,55.0,0,0.0
367,367,367,367,368,Brock Wright,DET,8.0,TE50,277.0,,,345.0,,,311.0,,00-0036754,TE,2024,0.9354838709677419,25,2021,0.5094117647058823,9.726667,0.016,,0.0,10,0,0.0,0,0,0.0,0,13,100.0,2,0.0
368,368,368,368,369,Craig Reynolds,DET,8.0,RB92,308.0,,,398.0,,416.0,374.0,,00-0035567,RB,2024,0.8688524590163934,28,2019,0.08529411764705884,7.8214293,0.005,,0.0,7,0,0.0,0,31,139.0,0,3,40.0,0,0.0
369,369,369,369,370,Brandin Cooks,NO,11.0,WR119,,,,313.0,,311.0,312.0,,00-0031236,WR,2024,0.8465909090909091,30,2014,0.6979999999999998,14.067112,0.023,20.0,15.5,10,0,0.0,0,3,-3.0,0,26,259.0,3,0.0
370,370,370,370,371,Xavier Restrepo,TEN,10.0,WR120,476.0,320.0,,563.0,,329.0,422.0,,00-0040522,WR,2024,--,22,2025,--,--,0.004,,0.0,--,--,--,--,--,--,--,--,--,--,--
371,371,371,371,372,Jalen Nailor,MIN,6.0,WR121,,,,326.0,,300.0,313.0,,00-0037291,WR,2024,0.7450980392156863,25,2022,0.52,31.199999,0.005,191.0,1.2,15,0,0.0,0,3,-4.0,0,28,414.0,6,0.0
372,372,372,372,373,Deshaun Watson,CLE,9.0,QB44,266.0,,,361.0,,,313.5,,00-0033537,QB,2024,0.6893939393939394,28,2017,0.8885714285714286,16.490002,0.221,12.0,18.8,7,137,1148.0,5,31,148.0,1,0,0.0,0,6.0
373,373,373,373,374,Ty Johnson,BUF,7.0,RB93,,,,308.0,,319.0,313.5,,00-0035537,RB,2024,0.956989247311828,26,2019,0.28764705882352937,24.61559,0.009000000000000001,186.0,1.3,17,0,0.0,0,41,213.0,1,18,284.0,3,0.0
374,374,374,374,375,Oronde Gadsden II,LAC,12.0,TE51,452.0,329.0,,502.0,,346.0,407.3,,00-0040189,TE,2024,--,21,2025,--,--,0.004,,0.0,--,--,--,--,--,--,--,--,--,--,--
375,375,375,375,376,Jalin Hyatt,NYG,14.0,WR122,313.0,,,426.0,,391.0,376.7,,00-0038938,WR,2024,1.0,22,2023,0.315,6.2506666,0.006,73.0,7.3,10,0,0.0,0,0,0.0,0,8,62.0,0,0.0
376,376,376,376,377,Allen Lazard,NYJ,9.0,WR123,,,,334.0,,299.0,316.5,,00-0034521,WR,2024,0.8235294117647058,28,2018,0.8433333333333333,75.192726,0.009000000000000001,,0.0,12,0,0.0,0,0,0.0,0,37,530.0,6,0.0
377,377,377,377,378,J.J. Taylor,,,RB94,253.0,,,381.0,,,317.0,,00-0036096,RB,2024,0.5121951219512195,26,2020,0.09,0.083333336,0.004,,0.0,3,0,0.0,0,10,44.0,0,2,0.0,0,0.0
378,378,378,378,379,Devaughn Vele,NO,11.0,WR124,,,,372.0,,267.0,319.5,,00-0039424,WR,2024,0.7647058823529411,26,2024,0.5315384615384614,26.504103,0.004,235.0,0.0,13,0,0.0,0,0,0.0,0,41,475.0,3,0.0
379,379,379,379,380,Parker Romo,,,K35,302.0,,,337.0,,,319.5,,00-0037542,K,2024,1.0,27,2023,--,--,0.004,,0.0,--,--,--,--,--,--,--,--,--,--,--
380,380,380,380,381,Gardner Minshew II,KC,10.0,QB45,303.0,,,420.0,,417.0,380.0,,00-0035289,QB,2024,0.83,28,2019,0.8649999999999999,36.687218,0.004,178.0,1.6,10,203,2013.0,9,19,58.0,0,0,0.0,0,14.0
381,381,381,381,382,Ben Sinnott,WAS,12.0,TE52,,330.0,,479.0,,332.0,380.3,,00-0039912,TE,2024,1.0,22,2024,0.2664705882352941,11.923336,0.006999999999999999,53.0,9.3,4,0,0.0,0,0,0.0,0,5,28.0,1,0.0
382,382,382,382,383,LaJohntay Wester,BAL,7.0,WR125,354.0,,,435.0,,353.0,380.7,,00-0040075,WR,2024,--,22,2025,--,--,0.004,203.0,0.8,--,--,--,--,--,--,--,--,--,--,--
383,383,383,383,384,Jordan Whittington,LAR,8.0,WR126,,351.0,,476.0,,321.0,382.7,,00-0039751,WR,2024,0.8823529411764706,23,2024,0.292,31.991,0.004,213.0,0.5,6,0,0.0,0,2,12.0,0,22,293.0,0,0.0
384,384,384,384,385,Mack Hollins,NE,14.0,WR127,338.0,,,362.0,,450.0,383.3,,00-0033555,WR,2024,0.8560606060606061,30,2017,0.6664705882352941,23.747334,0.015,118.0,4.2,16,0,0.0,0,0,0.0,0,31,378.0,5,0.0
385,385,385,385,386,Tanner McKee,PHI,9.0,QB46,345.0,,,407.0,,398.0,383.3,,00-0038400,QB,2024,0.058823529411764705,24,2023,0.66,39.605003,0.004,188.0,1.3,2,30,323.0,4,5,-1.0,0,0,0.0,0,0.0
386,386,386,386,387,Samaje Perine,CIN,10.0,RB95,,,,307.0,,349.0,328.0,,00-0033526,RB,2024,0.991869918699187,28,2017,0.25823529411764706,8.776103,0.006,114.0,4.4,17,0,0.0,0,20,92.0,1,28,322.0,1,0.0
387,387,387,387,388,Caden Davis,,,K36,267.0,,,470.0,,422.0,386.3,,00-0040399,K,2024,--,23,2025,--,--,0.004,,0.0,--,--,--,--,--,--,--,--,--,--,--
388,388,388,388,389,Joshua Dobbs,NE,14.0,QB47,288.0,,,377.0,,,332.5,,00-0033949,QB,2024,0.5725190839694656,29,2017,0.54,107.16479,0.013999999999999999,135.0,3.4,2,32,361.0,2,9,24.0,2,0,0.0,0,3.0
389,389,389,389,390,David Moore,CAR,14.0,WR128,341.0,,,378.0,,447.0,388.7,,00-0033589,WR,2024,0.9759036144578314,29,2017,0.5394117647058825,25.97566,0.005,226.0,0.0,14,0,0.0,0,1,0.0,0,32,351.0,3,0.0
390,390,390,390,391,Skyy Moore,SF,14.0,WR129,316.0,,,457.0,,394.0,389.0,,00-0038090,WR,2024,0.7058823529411765,23,2022,0.20333333333333334,0.0,0.008,54.0,9.2,2,0,0.0,0,0,0.0,0,0,0.0,0,0.0
391,391,391,391,392,Kalif Raymond,DET,8.0,WR130,323.0,,,374.0,,473.0,390.0,,00-0032464,WR,2024,0.926605504587156,30,2016,0.2708333333333333,31.109444,0.013999999999999999,,0.0,10,0,0.0,0,2,0.0,0,17,215.0,2,0.0
392,392,392,392,393,Jude McAtamney,NYG,14.0,K37,276.0,,,434.0,,463.0,391.0,,00-0039934,K,2024,1.0,24,2024,--,--,0.003,,0.0,--,--,--,--,--,--,--,--,--,--,--
393,393,393,393,394,Isaiah Bond,CLE,9.0,WR131,298.0,,,556.0,,376.0,410.0,,00-0040782,WR,2024,--,20,2025,--,--,--,,0.0,--,--,--,--,--,--,--,--,--,--,--
394,394,394,394,395,AJ Barner,SEA,8.0,TE53,,,,290.0,,388.0,339.0,,00-0039793,TE,2024,1.0,22,2024,0.4505882352941177,15.823791,0.005,121.0,4.1,14,0,0.0,0,0,0.0,0,30,245.0,4,0.0
395,395,395,395,396,Luke Schoonmaker,DAL,10.0,TE54,327.0,,,388.0,,464.0,393.0,,00-0038547,TE,2024,1.0,25,2023,0.3447058823529412,25.725445,0.006999999999999999,58.0,8.7,10,0,0.0,0,0,0.0,0,27,241.0,1,0.0
396,396,396,396,397,Mitchell Tinsley,CIN,10.0,WR132,273.0,,,409.0,,,341.0,,00-0038839,WR,2024,0.11764705882352941,24,2023,--,--,0.003,,0.0,--,--,--,--,--,--,--,--,--,--,--
397,397,397,397,398,Carson Steele,KC,10.0,RB96,342.0,,,340.0,,,341.0,,00-0039325,RB,2024,1.0,21,2024,--,5.875378,0.001,,0.0,12,0,0.0,0,56,183.0,0,7,26.0,0,2.0
398,398,398,398,399,Cooper Rush,BAL,7.0,QB48,367.0,,,396.0,,421.0,394.7,,00-0033662,QB,2024,1.0,30,2017,0.6983333333333333,61.788837,0.011000000000000001,,0.0,12,187,1844.0,12,26,18.0,0,0,0.0,0,8.0
399,399,399,399,400,Will Howard,PIT,5.0,QB49,365.0,,,371.0,,449.0,395.0,,00-0040203,QB,2024,--,22,2025,--,--,0.004,185.0,1.4,--,--,--,--,--,--,--,--,--,--,--
400,400,400,400,401,Jarrett Stidham,DEN,12.0,QB50,384.0,,,419.0,,382.0,395.0,,00-0035264,QB,2024,0.801980198019802,28,2019,0.06666666666666667,0.40499997,0.021,133.0,3.5,2,0,0.0,0,4,5.0,0,0,0.0,0,0.0
401,401,401,401,402,Julian Hill,MIA,12.0,TE55,296.0,,,430.0,,461.0,395.7,,00-0038720,TE,2024,0.9117647058823529,24,2023,0.47875,3.098,0.004,,0.0,11,0,0.0,0,0,0.0,0,12,100.0,0,0.0
402,402,402,402,403,Mac Jones,SF,14.0,QB51,373.0,,,382.0,,433.0,396.0,,00-0036972,QB,2024,0.9411764705882353,25,2021,0.798,60.672997,0.013000000000000001,15.0,17.4,10,171,1672.0,8,28,92.0,1,0,0.0,0,10.0
403,403,403,403,404,Mitchell Trubisky,BUF,7.0,QB52,360.0,,,441.0,,389.0,396.7,,00-0033869,QB,2024,0.9545454545454546,30,2017,0.17777777777777778,14.398735,0.01,2.0,30.2,8,19,179.0,2,17,1.0,0,0,0.0,0,0.0
404,404,404,404,405,Demarcus Robinson,SF,14.0,WR133,442.0,,,350.0,,404.0,398.7,,00-0032775,WR,2024,0.9932432432432432,29,2016,0.8170588235294117,53.489925,0.013999999999999999,126.0,3.8,17,0,0.0,0,0,0.0,0,31,505.0,7,0.0
405,405,405,405,406,Deuce Vaughn,,,RB97,335.0,,,404.0,,458.0,399.0,,00-0038622,RB,2024,0.4411764705882353,22,2023,0.09714285714285716,1.468,0.004,212.0,0.5,5,0,0.0,0,17,70.0,0,3,18.0,0,0.0
406,406,406,406,407,Emanuel Wilson,GB,5.0,RB98,,,,356.0,,345.0,350.5,,00-0038797,RB,2024,0.7941176470588235,25,2023,0.23411764705882354,26.618898,0.004,,0.0,17,0,0.0,0,103,502.0,4,11,48.0,1,0.0
407,407,407,407,408,Greg Joseph,,,K38,326.0,,,417.0,,460.0,401.0,,00-0034450,K,2024,0.974025974025974,30,2018,--,--,0.004,,0.0,--,--,--,--,--,--,--,--,--,--,--
408,408,408,408,409,Kenneth Gainwell,PIT,5.0,RB99,,,,277.0,,428.0,352.5,,00-0036919,RB,2024,0.9705882352941176,25,2021,0.26,7.0705,0.006,150.0,2.7,16,0,0.0,0,75,290.0,1,16,116.0,0,0.0
409,409,409,409,410,Gunnar Helm,TEN,10.0,TE56,289.0,,,483.0,,442.0,404.7,,00-0040584,TE,2024,--,21,2025,--,--,0.005,120.0,4.1,--,--,--,--,--,--,--,--,--,--,--
410,410,410,410,411,Harrison Mevis,NYJ,9.0,K39,235.0,,,480.0,,,357.5,,00-0039498,K,2024,--,22,2025,--,--,0.003,,0.0,--,--,--,--,--,--,--,--,--,--,--
411,411,411,411,412,Cam Akers,,,RB100,385.0,,,423.0,,407.0,405.0,,00-0036414,RB,2024,0.6470588235294118,25,2020,0.23941176470588238,17.374094,0.004,52.0,9.4,15,0,0.0,0,104,444.0,2,14,68.0,3,1.0
412,412,412,412,413,Jake Browning,CIN,10.0,QB53,331.0,,,604.0,,384.0,439.7,,00-0035100,QB,2024,0.9210526315789473,28,2019,--,0.0,0.004,,0.0,2,0,0.0,0,2,-2.0,0,0,0.0,0,0.0
413,413,413,413,414,Adam Trautman,DEN,12.0,TE57,349.0,,,367.0,,,358.0,,00-0036422,TE,2024,0.9166666666666666,27,2020,0.5182352941176472,27.990643,0.015,105.0,5.0,13,0,0.0,0,0,0.0,0,13,188.0,2,0.0
414,414,414,414,415,Khalil Herbert,,,RB101,309.0,,,517.0,,411.0,412.3,,00-0036906,RB,2024,0.835820895522388,26,2021,0.135,28.362679,0.005,217.0,0.3,8,0,0.0,0,36,130.0,1,10,25.0,0,0.0
415,415,415,415,416,Parker Washington,JAC,8.0,WR134,,,,406.0,,316.0,361.0,,00-0038606,WR,2024,0.7647058823529411,22,2023,0.5529411764705882,40.03756,0.004,185.0,1.4,13,0,0.0,0,0,0.0,0,32,390.0,3,0.0
416,416,416,416,417,Malik Washington,MIA,12.0,WR135,,,,410.0,,313.0,361.5,,00-0039880,WR,2024,0.8235294117647058,23,2024,0.4471428571428571,13.686061,0.004,184.0,1.4,12,0,0.0,0,5,25.0,1,26,223.0,0,0.0
417,417,417,417,418,Kenny Pickett,LV,8.0,QB54,,,,386.0,,347.0,366.5,,00-0038102,QB,2024,0.9019607843137255,26,2022,0.388,52.931725,0.017,20.0,15.5,5,25,291.0,2,9,15.0,1,0,0.0,0,1.0
418,418,418,418,419,Quinn Ewers,MIA,12.0,QB55,336.0,,,399.0,,,367.5,,00-0040234,QB,2024,--,21,2025,--,--,0.004,231.0,0.0,--,--,--,--,--,--,--,--,--,--,--
419,419,419,419,420,Spencer Rattler,NO,11.0,QB56,,,,330.0,,412.0,371.0,,00-0039376,QB,2024,0.4117647058823529,23,2024,0.8814285714285715,15.342381,0.004,150.0,2.7,7,130,1317.0,4,18,146.0,0,0,0.0,0,8.0
420,420,420,420,421,Jha'Quan Jackson,,,WR136,388.0,,,,,354.0,371.0,,00-0039392,WR,2024,0.7058823529411765,24,2024,0.057500000000000016,0.8449999,0.004,182.0,1.5,2,0,0.0,0,1,-5.0,0,1,8.0,0,0.0
421,421,421,421,422,Mitchell Evans,CAR,14.0,TE58,268.0,,,560.0,,475.0,434.3,,00-0040187,TE,2024,--,21,2025,--,--,0.004,163.0,2.2,--,--,--,--,--,--,--,--,--,--,--
422,422,422,422,423,Greg Zuerlein,,,K40,333.0,,,412.0,,,372.5,,00-0029621,K,2024,0.9444444444444444,36,2012,0.30874999999999997,--,0.016,171.0,1.9,--,--,--,--,--,--,--,--,--,--,--
423,423,423,423,424,DeWayne McBride,,,RB102,248.0,,,,,,248.0,,00-0039046,RB,2024,--,23,2023,--,--,0.003,222.0,0.2,--,--,--,--,--,--,--,--,--,--,--
424,424,424,424,425,Kyle Juszczyk,SF,14.0,RB103,,,,249.0,,,249.0,,00-0029892,FB,2024,0.9748743718592965,33,2013,0.49470588235294116,16.270548,0.013000000000000001,130.0,3.6,14,0,0.0,0,5,26.0,1,19,200.0,2,1.0
425,425,425,425,426,Sterling Shepard,TB,9.0,WR137,400.0,,,349.0,,,374.5,,00-0032385,WR,2024,0.7671232876712328,31,2016,0.5328571428571428,9.036922,0.005,40.0,11.1,13,0,0.0,0,8,69.0,0,32,334.0,1,0.0
426,426,426,426,427,Savion Williams,GB,5.0,WR138,437.0,,,803.0,,312.0,517.3,,00-0040009,WR,2024,--,22,2025,--,--,0.006,87.0,6.2,--,--,--,--,--,--,--,--,--,--,--
427,427,427,427,428,Jermaine Burton,CIN,10.0,WR139,436.0,379.0,,473.0,,462.0,437.5,,00-0039810,WR,2024,0.8235294117647058,23,2024,0.13499999999999998,4.0425,0.006,80.0,6.7,4,0,0.0,0,0,0.0,0,4,107.0,0,0.0
428,428,428,428,429,Scott Matlock,LAC,12.0,DT1,251.0,,,,,,251.0,,00-0038614,DT,2024,0.8529411764705882,24,2023,0.3364705882352941,0.67300004,0.004,200.0,0.9,5,0,0.0,0,0,0.0,0,4,28.0,0,0.0
429,429,429,429,430,Stephen Sullivan,,,TE59,,254.0,,,,,254.0,,00-0036438,TE,2024,0.7692307692307693,27,2020,0.11,,0.004,251.0,0.0,1,0,0.0,0,0,0.0,0,0,0.0,0,0.0
430,430,430,430,431,Tommy DeVito,NE,14.0,QB57,287.0,,,469.0,,,378.0,,00-0038476,QB,2024,0.6206896551724138,26,2023,0.48666666666666664,32.320805,0.004,,0.0,2,31,257.0,0,8,32.0,0,0,0.0,0,0.0
431,431,431,431,432,Marcus Mariota,WAS,12.0,QB58,495.0,,,413.0,,348.0,418.7,,00-0032268,QB,2024,0.8484848484848485,30,2015,0.5133333333333333,182.13174,0.028999999999999998,2.0,30.2,3,34,364.0,4,18,92.0,1,0,0.0,0,0.0
432,432,432,432,433,Matt Barkley,,,QB59,257.0,,,,,,257.0,,00-0030533,QB,2024,0.9285714285714286,33,2013,--,--,--,98.0,5.4,--,--,--,--,--,--,--,--,--,--,--
433,433,433,433,434,Ryquell Armstead,,,RB104,,257.0,,,,,257.0,,00-0035268,RB,2024,0.5142857142857142,27,2019,--,--,--,140.0,3.1,--,--,--,--,--,--,--,--,--,--,--
434,434,434,434,435,Braxton Berrios,HOU,6.0,WR140,258.0,,,593.0,,,425.5,,00-0034419,WR,2024,0.75,28,2018,0.26833333333333337,0.0,0.006,210.0,0.6,3,0,0.0,0,0,0.0,0,0,0.0,0,0.0
435,435,435,435,436,Marquez Stevenson,,,WR141,,259.0,,,,,259.0,,00-0036571,WR,2024,0.1724137931034483,26,2021,--,--,--,203.0,0.8,--,--,--,--,--,--,--,--,--,--,--
436,436,436,436,437,C.J. Ham,MIN,6.0,RB105,320.0,,,440.0,,,380.0,,00-0032918,FB,2024,0.9925925925925926,31,2016,0.2352941176470588,7.4050007,0.012,,0.0,5,0,0.0,0,2,10.0,1,5,35.0,0,1.0
437,437,437,437,438,Austin Seibert,,,K41,396.0,,,,,368.0,382.0,,00-0035145,K,2024,0.5633802816901409,27,2019,0.48777777777777775,--,0.004,170.0,1.9,--,--,--,--,--,--,--,--,--,--,--
438,438,438,438,439,Sam Howell,PHI,9.0,QB60,359.0,,,682.0,,405.0,482.0,,00-0037077,QB,2024,0.8235294117647058,23,2022,0.215,,0.005,144.0,3.0,1,5,24.0,0,1,2.0,0,0,0.0,0,1.0
439,439,439,439,440,Jordan Travis,,,QB61,265.0,,,,,,265.0,,00-0039797,QB,2024,0.0,24,2024,--,--,0.004,171.0,1.9,--,--,--,--,--,--,--,--,--,--,--
440,440,440,440,441,Kyle Allen,DET,8.0,QB62,322.0,,,444.0,,,383.0,,00-0034577,QB,2024,0.7450980392156863,28,2018,0.03,,0.005,,0.0,1,1,19.0,0,0,0.0,0,0,0.0,0,0.0
441,441,441,441,442,Connor Heyward,PIT,5.0,TE60,383.0,,,385.0,,,384.0,,00-0037304,TE,2024,1.0,25,2022,0.1811764705882353,15.805001,0.005,208.0,0.6,5,0,0.0,0,0,0.0,0,6,40.0,1,0.0
442,442,442,442,443,Zach Wilson,MIA,12.0,QB63,329.0,,,660.0,,439.0,476.0,,00-0037013,QB,2024,0.5147058823529411,25,2021,--,--,0.021,2.0,30.2,--,--,--,--,--,--,--,--,--,--,--
443,443,443,443,444,Mason Crosby,,,K42,269.0,,,,,,269.0,,00-0025580,K,2024,0.9957805907172996,39,2007,--,--,--,193.0,1.1,--,--,--,--,--,--,--,--,--,--,--
444,444,444,444,445,John Samuel Shenker,,,TE61,270.0,,,,,,270.0,,00-0038920,TE,2024,1.0,25,2023,--,,0.003,,0.0,1,0,0.0,0,0,0.0,0,1,7.0,0,0.0
445,445,445,445,446,Equanimeous St. Brown,,,WR142,271.0,,,499.0,,,385.0,,00-0034279,WR,2024,0.6767676767676768,27,2018,0.24,--,0.004,207.0,0.6,--,--,--,--,--,--,--,--,--,--,--
446,446,446,446,447,Tyquan Thornton,KC,10.0,WR143,368.0,,,403.0,,,385.5,,00-0038104,WR,2024,0.6590909090909091,24,2022,0.295,6.3891664,0.004,50.0,9.7,4,0,0.0,0,0,0.0,0,4,47.0,0,0.0
447,447,447,447,448,Jeremy McNichols,WAS,12.0,RB106,,,,394.0,,377.0,385.5,,00-0033955,RB,2024,0.7682926829268293,28,2017,0.21411764705882352,30.028791,0.005,162.0,2.2,14,0,0.0,0,55,261.0,4,9,27.0,0,0.0
448,448,448,448,449,Leonard Fournette,,,RB107,394.0,,,,,383.0,388.5,,00-0033856,RB,2024,0.91,29,2017,--,--,--,4.0,25.8,--,--,--,--,--,--,--,--,--,--,--
449,449,449,449,450,Drew Lock,SEA,8.0,QB64,402.0,,,379.0,,,390.5,,00-0035704,QB,2024,0.8316831683168316,27,2019,0.6525000000000001,135.4904,0.009000000000000001,42.0,10.8,7,107,1071.0,6,18,133.0,2,0,0.0,0,7.0
450,450,450,450,451,Tyson Bagent,CHI,5.0,QB65,283.0,,,538.0,,,410.5,,00-0038416,QB,2024,0.8823529411764706,24,2023,0.0525,0.110233344,0.004,,0.0,4,2,11.0,0,6,-7.0,0,0,0.0,0,0.0
451,451,451,451,452,Frank Gore Jr.,BUF,7.0,RB108,352.0,,,433.0,,,392.5,,00-0039471,RB,2024,1.0,22,2024,--,--,0.003,,0.0,--,--,--,--,--,--,--,--,--,--,--
452,452,452,452,453,Ezekiel Elliott,,,RB109,286.0,,,,,,286.0,,00-0033045,RB,2024,0.9319727891156463,29,2016,0.2526666666666667,14.813809,0.008,4.0,25.8,15,0,0.0,0,74,226.0,3,12,69.0,0,1.0
453,453,453,454,455,Noah Brown,WAS,12.0,WR145,,,,376.0,,410.0,393.0,,00-0033591,WR,2024,0.6818181818181818,28,2017,0.630909090909091,19.830727,0.012,239.0,0.0,11,0,0.0,0,0,0.0,0,35,453.0,1,0.0
454,454,454,455,456,Curtis Samuel,BUF,7.0,WR146,481.0,,,375.0,,430.0,428.7,,00-0033282,WR,2024,0.8257575757575758,28,2017,0.41500000000000004,24.688845,0.031,40.0,11.1,14,0,0.0,0,5,14.0,0,31,253.0,1,0.0
455,455,455,456,457,Dalvin Cook,,,RB110,291.0,,,,,,291.0,,00-0033893,RB,2024,0.8275862068965517,29,2017,0.18,2.88,0.002,41.0,11.0,2,0,0.0,0,8,20.0,0,1,10.0,0,0.0
456,456,456,457,458,Robert Woods,PIT,5.0,WR147,448.0,,,392.0,,451.0,430.3,,00-0030431,WR,2024,0.8527918781725888,32,2013,0.37066666666666664,3.0190153,0.006999999999999999,41.0,11.0,12,0,0.0,0,0,0.0,0,20,203.0,0,1.0
457,457,457,458,459,Kadarius Toney,,,WR148,344.0,,,451.0,,,397.5,,00-0036913,WR,2024,0.6481481481481481,25,2021,0.07333333333333335,0.5,0.004,20.0,15.5,2,0,0.0,0,2,-4.0,0,0,0.0,0,0.0
458,458,458,459,460,Tommy Tremble,CAR,14.0,TE62,408.0,,,449.0,,438.0,431.7,,00-0037005,TE,2024,0.8970588235294118,24,2021,0.6725,16.033777,0.019,83.0,6.5,10,0,0.0,0,0,0.0,0,23,234.0,2,1.0
459,459,459,460,461,Zane Gonzalez,,,K43,351.0,,,580.0,,446.0,459.0,,00-0033862,K,2024,0.7291666666666666,29,2017,0.3383333333333334,--,0.004,224.0,0.1,--,--,--,--,--,--,--,--,--,--,--
460,460,460,461,462,Darrell Henderson Jr.,,,RB111,299.0,,,,,,299.0,,00-0035664,RB,2024,0.8769230769230769,27,2019,--,--,--,70.0,7.5,--,--,--,--,--,--,--,--,--,--,--
461,461,461,462,463,Fred Brown,,,WR149,,300.0,,,,,300.0,,00-0033994,WR,2024,1.0,30,2017,--,--,--,,0.0,--,--,--,--,--,--,--,--,--,--,--
462,462,462,463,464,Jacob Kibodi,,,RB112,300.0,,,,,,300.0,,00-0039617,RB,2024,1.0,25,2024,--,,0.004,,0.0,1,0,0.0,0,5,24.0,0,1,15.0,0,0.0
463,463,463,464,465,Jermaine Jackson,,,WR150,301.0,,,,,,301.0,,00-0039614,WR,2024,1.0,24,2024,--,,0.004,,0.0,1,0,0.0,0,1,-1.0,0,0,0.0,0,0.0
464,464,464,465,466,Lil'Jordan Humphrey,NYG,14.0,WR151,358.0,,,446.0,,,402.0,,00-0035406,WR,2024,0.8787878787878788,26,2019,0.4970588235294117,18.70687,0.001,,0.0,14,0,0.0,0,0,0.0,0,31,293.0,1,1.0
465,465,465,466,467,Daniel Bellinger,NYG,14.0,TE63,347.0,,,458.0,,,402.5,,00-0038115,TE,2024,0.9215686274509803,23,2022,0.3305882352941176,9.3714285,0.005,112.0,4.6,7,0,0.0,0,0,0.0,0,14,125.0,0,0.0
466,466,466,467,468,John Bates,WAS,12.0,TE64,306.0,,,663.0,,,484.5,,00-0036628,TE,2024,1.0,26,2021,0.43941176470588234,1.8026667,0.025,124.0,3.9,10,0,0.0,0,0,0.0,0,8,84.0,0,1.0
467,467,467,468,469,John Ross,,,WR152,307.0,,,,,,307.0,,00-0033460,WR,2024,0.6097560975609756,28,2017,0.21,,0.004,9.0,20.6,1,0,0.0,0,0,0.0,0,1,6.0,0,0.0
468,468,468,469,470,Brett Maher,,,K44,310.0,,,,,,310.0,,00-0030332,K,2024,1.0,34,2018,--,--,--,,0.0,--,--,--,--,--,--,--,--,--,--,--
469,469,469,470,471,D.J. Montgomery,IND,11.0,WR153,311.0,,,507.0,,,409.0,,00-0035045,WR,2024,0.38461538461538464,27,2019,--,--,0.004,,0.0,--,--,--,--,--,--,--,--,--,--,--
470,470,470,472,473,Nathan Rourke,,,QB66,312.0,,,,,,312.0,,00-0038150,QB,2024,0.2,26,2023,--,--,0.004,,0.0,--,--,--,--,--,--,--,--,--,--,--
471,471,471,473,474,Hendon Hooker,CAR,14.0,QB67,350.0,,,462.0,,,406.0,,00-0038550,QB,2024,0.5,26,2023,0.16333333333333336,0.6337333,0.006,68.0,7.7,3,6,62.0,0,5,2.0,0,0,0.0,0,0.0
472,472,472,474,475,Mo Alie-Cox,IND,11.0,TE65,413.0,,,442.0,,457.0,437.3,,00-0033217,TE,2024,0.9911504424778761,30,2017,0.43823529411764706,14.165683,0.008,,0.0,12,0,0.0,0,0,0.0,0,12,147.0,1,0.0
473,473,473,475,476,Andy Dalton,CAR,14.0,QB68,407.0,,,438.0,,468.0,437.7,,00-0027973,QB,2024,0.944206008583691,36,2011,0.81,101.49898,0.013999999999999999,35.0,12.0,6,106,989.0,7,11,34.0,0,0,0.0,0,6.0
474,474,474,476,477,Darius Cooper,PHI,9.0,WR155,462.0,,,474.0,,378.0,438.0,,00-0040024,WR,2024,--,22,2025,--,--,0.004,,0.0,--,--,--,--,--,--,--,--,--,--,--
475,475,475,477,478,Tai Felton,MIN,6.0,WR156,,,,509.0,,315.0,412.0,,00-0040154,WR,2024,--,21,2025,--,--,0.006,102.0,5.1,--,--,--,--,--,--,--,--,--,--,--
476,476,476,478,479,Max Duggan,,,QB69,317.0,,,,,,317.0,,00-0038637,QB,2024,0.5,23,2023,--,--,0.003,239.0,0.0,--,--,--,--,--,--,--,--,--,--,--
477,477,477,479,480,Gabe Davis,,,WR157,,,,,,318.0,318.0,,00-0036196,WR,2024,0.8928571428571429,25,2020,0.716,41.36111,0.051,128.0,3.7,9,0,0.0,0,0,0.0,0,20,239.0,2,1.0
478,478,478,481,482,Stetson Bennett IV,LAR,8.0,QB70,321.0,,,532.0,,,426.5,,00-0039107,QB,2024,0.08823529411764706,26,2023,--,--,0.005,128.0,3.7,--,--,--,--,--,--,--,--,--,--,--
479,479,479,482,483,Eddy Pineiro,,,K45,324.0,,,498.0,,,411.0,,00-0034173,K,2024,0.6826923076923077,28,2018,--,--,0.009000000000000001,,0.0,--,--,--,--,--,--,--,--,--,--,--
480,480,480,483,484,Jaylin Lane,WAS,12.0,WR159,399.0,,,496.0,,427.0,440.7,,00-0040164,WR,2024,--,22,2025,--,--,0.005,128.0,3.7,--,--,--,--,--,--,--,--,--,--,--
481,481,481,484,485,Tylan Wallace,BAL,7.0,WR160,421.0,,,402.0,,,411.5,,00-0036630,WR,2024,0.7941176470588235,25,2021,0.24764705882352941,43.89696,0.008,131.0,3.6,8,0,0.0,0,0,0.0,0,11,193.0,1,0.0
482,482,482,485,486,Kenny Stills,,,WR161,,326.0,,,,,326.0,,00-0030085,WR,2024,0.9574468085106383,32,2013,--,--,--,144.0,3.0,--,--,--,--,--,--,--,--,--,--,--
483,483,483,486,487,Ricky White III,SEA,8.0,WR162,,,,642.0,,326.0,484.0,,00-0040653,WR,2024,--,22,2025,--,--,0.004,238.0,0.0,--,--,--,--,--,--,--,--,--,--,--
484,484,484,487,488,Malik Williams,,,WR163,,327.0,,,,,327.0,,00-0040612,SAF,2024,--,23,2025,--,--,0.004,,0.0,--,--,--,--,--,--,--,--,--,--,--
485,485,485,488,489,Dallin Holker,,,TE66,328.0,,,,,,328.0,,00-0039613,TE,2024,0.7647058823529411,24,2024,--,0.6049999,0.004,,0.0,2,0,0.0,0,0,0.0,0,3,21.0,0,0.0
486,486,486,489,490,Anders Carlson,,,K46,,,,405.0,,424.0,414.5,,00-0038402,K,2024,0.96,26,2023,0.3485714285714286,--,0.004,207.0,0.6,--,--,--,--,--,--,--,--,--,--,--
487,487,487,490,491,Lucky Jackson,MIN,6.0,WR164,330.0,,,544.0,,,437.0,,00-0038181,WR,2024,1.0,27,2023,--,--,0.003,,0.0,--,--,--,--,--,--,--,--,--,--,--
488,488,488,491,492,DeAndrew White,,,WR165,,332.0,,,,,332.0,,00-0031511,WR,2024,0.6595744680851063,32,2015,--,--,--,,0.0,--,--,--,--,--,--,--,--,--,--,--
489,489,489,492,493,Patrick Ricard,BAL,7.0,RB113,417.0,,,415.0,,,416.0,,00-0033376,FB,2024,0.9621212121212122,30,2017,0.39882352941176474,9.053,0.01,,0.0,5,0,0.0,0,0,0.0,0,3,22.0,1,0.0
490,490,490,493,494,Randy Bullock,,,K47,334.0,,,,,,334.0,,00-0029421,K,2024,0.9430379746835443,34,2012,--,--,--,161.0,2.2,--,--,--,--,--,--,--,--,--,--,--
491,491,491,494,495,Ian Book,,,QB71,470.0,,,,,366.0,418.0,,00-0036929,QB,2024,0.16666666666666666,26,2021,--,--,0.004,133.0,3.5,--,--,--,--,--,--,--,--,--,--,--
492,492,492,495,496,Cade Stover,HOU,6.0,TE67,337.0,,,547.0,,,442.0,,00-0039359,TE,2024,0.8823529411764706,24,2024,0.40399999999999997,9.222564,0.005,123.0,4.0,13,0,0.0,0,0,0.0,0,15,133.0,1,0.0
493,493,493,496,497,Mecole Hardman Jr.,GB,5.0,WR166,420.0,,,418.0,,,419.0,,00-0035140,WR,2024,0.8,26,2019,0.1375,16.359524,0.005,56.0,9.0,7,0,0.0,0,5,62.0,1,12,90.0,0,0.0
494,494,494,497,498,Derius Davis,LAC,12.0,WR167,372.0,,,467.0,,,419.5,,00-0038573,WR,2024,0.9411764705882353,23,2023,0.15400000000000003,12.908729,0.005,125.0,3.9,11,0,0.0,0,12,39.0,0,13,112.0,2,0.0
495,495,495,498,499,Matt Prater,,,K48,339.0,,,565.0,,,452.0,,00-0023853,K,2024,0.8769230769230769,40,2007,--,--,0.017,,0.0,--,--,--,--,--,--,--,--,--,--,--
496,496,496,499,500,Kenjon Barner,,,RB114,,340.0,,,,,340.0,,00-0030465,RB,2024,0.8761061946902655,35,2013,--,--,--,182.0,1.5,--,--,--,--,--,--,--,--,--,--,--
497,497,497,500,501,Michael Badgley,,,K49,340.0,,,,,,340.0,,00-0034084,K,2024,0.7555555555555555,29,2018,--,--,0.005,,0.0,--,--,--,--,--,--,--,--,--,--,--
498,498,498,501,502,Elijah McGuire,,,RB115,,341.0,,,,,341.0,,00-0033295,RB,2024,0.7647058823529411,30,2017,--,--,--,188.0,1.3,--,--,--,--,--,--,--,--,--,--,--
499,499,499,502,503,Van Jefferson,TEN,10.0,WR168,,,,400.0,,441.0,420.5,,00-0036415,WR,2024,0.9285714285714286,28,2020,0.6470588235294117,11.328285,0.006,57.0,8.9,15,0,0.0,0,0,0.0,0,24,276.0,2,0.0
500,500,500,503,504,Lenny Krieg,ATL,5.0,K50,,,,342.0,,,342.0,,00-0040003,K,2024,--,22,2025,--,--,0.004,,0.0,--,--,--,--,--,--,--,--,--,--,--
501,501,501,504,505,Anthony Brown Jr.,,,QB72,343.0,,,,,,343.0,,00-0037175,QB,2024,1.0,26,2022,--,--,0.004,,0.0,--,--,--,--,--,--,--,--,--,--,--
502,502,502,505,506,Cade York,,,K51,418.0,,,425.0,,,421.5,,00-0038097,K,2024,0.8846153846153846,23,2022,0.425,--,0.004,124.0,3.9,--,--,--,--,--,--,--,--,--,--,--
503,503,503,506,507,Josh Reynolds,NYJ,9.0,WR169,,,,581.0,,343.0,462.0,,00-0033943,WR,2024,0.8656716417910447,29,2017,0.5233333333333333,25.857143,0.01,117.0,4.3,8,0,0.0,0,0,0.0,0,13,194.0,1,0.0
504,504,504,507,508,Tyrell Shavers,BUF,7.0,WR170,483.0,,,728.0,,360.0,523.7,,00-0038679,WR,2024,1.0,25,2023,--,,0.004,,0.0,1,0,0.0,0,0,0.0,0,1,69.0,1,0.0
505,505,505,508,509,Theo Riddick,,,RB116,,344.0,,,,,344.0,,00-0030107,RB,2024,0.816,33,2013,--,--,--,199.0,0.9,--,--,--,--,--,--,--,--,--,--,--
506,506,506,509,510,Ian Bunting,,,TE68,,345.0,,,,,345.0,,00-0035067,TE,2024,0.05555555555555555,28,2019,--,--,--,,0.0,--,--,--,--,--,--,--,--,--,--,--
507,507,507,510,511,Julio Jones,,,WR171,346.0,,,,,,346.0,,00-0027944,WR,2024,0.8636363636363636,35,2011,--,--,--,6.0,23.2,--,--,--,--,--,--,--,--,--,--,--
508,508,508,511,512,Brandon Allen,TEN,10.0,QB73,357.0,,,489.0,,,423.0,,00-0032434,QB,2024,0.8306451612903226,31,2016,0.36000000000000004,31.049202,0.005,201.0,0.8,3,17,199.0,1,3,4.0,0,0,0.0,0,3.0
509,509,509,512,513,Ben DiNucci,,,QB74,348.0,,,621.0,,,484.5,,00-0036384,QB,2024,0.15789473684210525,27,2020,--,--,0.004,231.0,0.0,--,--,--,--,--,--,--,--,--,--,--
510,510,510,513,514,Justin Watson,HOU,6.0,WR172,433.0,,,416.0,,,424.5,,00-0034386,WR,2024,0.8103448275862069,28,2018,0.6035294117647059,12.850667,0.009000000000000001,144.0,3.0,15,0,0.0,0,0,0.0,0,22,289.0,2,0.0
511,511,511,514,515,Zay Jones,ARI,8.0,WR173,423.0,,,579.0,,426.0,476.0,,00-0033891,WR,2024,0.8787878787878788,29,2017,0.3454545454545455,9.242667,0.009000000000000001,37.0,11.6,6,0,0.0,0,0,0.0,0,8,84.0,0,0.0
512,512,512,515,516,Devon Johnson,,,OT1,,352.0,,,,,352.0,,00-0032996,RB,2024,0.0,31,2016,--,--,--,,0.0,--,--,--,--,--,--,--,--,--,--,--
513,513,513,516,517,Scotty Miller,PIT,5.0,WR174,405.0,,,447.0,,,426.0,,00-0035298,WR,2024,0.82,27,2019,0.25,12.2825,0.005,208.0,0.6,4,0,0.0,0,0,0.0,0,5,69.0,0,0.0
514,514,514,517,518,D.J. Williams,,,RB117,353.0,,,868.0,,,610.5,,00-0039595,RB,2024,1.0,24,2024,--,--,0.003,,0.0,--,--,--,--,--,--,--,--,--,--,--
515,515,515,520,521,Travis Wilson,,,WR176,,355.0,,,,,355.0,,00-0033208,TE,2024,--,30,2017,--,--,--,,0.0,--,--,--,--,--,--,--,--,--,--,--
516,516,516,521,522,Jared Wayne,HOU,6.0,WR177,355.0,,,,,,355.0,,00-0038728,WR,2024,1.0,23,2023,--,--,0.003,,0.0,--,--,--,--,--,--,--,--,--,--,--
517,517,517,522,523,Nikko Remigio,KC,10.0,WR178,356.0,,,540.0,,,448.0,,00-0038519,WR,2024,0.22727272727272727,24,2023,--,,0.003,,0.0,1,0,0.0,0,0,0.0,0,2,48.0,0,0.0
518,518,518,523,524,Kazmeir Allen,,,WR179,,,,732.0,,356.0,544.0,,00-0038830,RB,2024,--,24,2023,--,--,0.003,,0.0,--,--,--,--,--,--,--,--,--,--,--
519,519,519,524,525,Jordan Moore,CIN,10.0,WR180,,,,885.0,,357.0,621.0,,00-0040375,WR,2024,--,22,2025,--,--,0.004,,0.0,--,--,--,--,--,--,--,--,--,--,--
520,520,520,526,527,Marcus Major Jr.,,,RB119,,,,784.0,,359.0,571.5,,00-0040107,RB,2024,--,23,2025,--,--,0.004,,0.0,--,--,--,--,--,--,--,--,--,--,--
521,521,521,527,528,Cole Beasley,,,WR181,,,,,,361.0,361.0,,00-0029000,WR,2024,0.9823529411764705,35,2012,--,--,--,,0.0,--,--,--,--,--,--,--,--,--,--,--
522,522,522,528,529,Jaylon Moore,,,WR182,,362.0,,,,,362.0,,00-0036125,WR,2024,0.0,27,2020,--,--,--,,0.0,--,--,--,--,--,--,--,--,--,--,--
523,523,523,529,530,Trey Lance,LAC,12.0,QB75,438.0,,,424.0,,,431.0,,00-0037012,QB,2024,0.39705882352941174,24,2021,0.3325,37.531296,0.006999999999999999,3.0,27.6,4,25,266.0,0,11,41.0,0,0,0.0,0,1.0
524,524,524,530,531,Devontez Walker,BAL,7.0,WR183,362.0,,,545.0,,,453.5,,00-0039792,WR,2024,0.5294117647058824,23,2024,0.09999999999999999,41.405003,0.005,113.0,4.5,2,0,0.0,0,0,0.0,0,1,21.0,1,0.0
525,525,525,531,532,Jalen White,,,RB120,,,,562.0,,362.0,462.0,,00-0040042,RB,2024,--,22,2025,--,--,0.004,,0.0,--,--,--,--,--,--,--,--,--,--,--
526,526,526,532,533,Raheim Sanders,CLE,9.0,RB121,363.0,,,639.0,,,501.0,,00-0040466,RB,2024,--,22,2025,--,--,0.004,,0.0,--,--,--,--,--,--,--,--,--,--,--
527,527,527,533,534,Cam Newton,,,QB76,,,,,,364.0,364.0,,00-0027939,QB,2024,0.9137931034482759,35,2011,--,--,--,1.0,34.6,--,--,--,--,--,--,--,--,--,--,--
528,528,528,534,535,Robert Foster,,,WR184,,364.0,,,,,364.0,,00-0034510,WR,2024,0.7692307692307693,30,2018,--,--,--,,0.0,--,--,--,--,--,--,--,--,--,--,--
529,529,529,535,536,Teddy Bridgewater,TB,9.0,QB77,364.0,,,567.0,,,465.5,,00-0031237,QB,2024,0.7904191616766467,31,2014,--,--,0.004,32.0,12.5,--,--,--,--,--,--,--,--,--,--,--
530,530,530,536,537,Konata Mumpfield,LAR,8.0,WR185,,,,,,365.0,365.0,,00-0040590,WR,2024,--,21,2025,--,--,0.004,242.0,0.0,--,--,--,--,--,--,--,--,--,--,--
531,531,531,537,538,Boston Scott,,,RB122,366.0,,,,,,366.0,,00-0034414,RB,2024,0.9506172839506173,29,2018,--,--,0.005,201.0,0.8,--,--,--,--,--,--,--,--,--,--,--
532,532,532,538,539,Wendell Smallwood,,,RB123,,,,,,367.0,367.0,,00-0032782,RB,2024,0.9411764705882353,30,2016,--,--,--,153.0,2.6,--,--,--,--,--,--,--,--,--,--,--
533,533,533,539,540,Jaren Hall,,,QB78,369.0,,,,,,369.0,,00-0038598,QB,2024,0.36363636363636365,26,2023,--,--,0.004,164.0,2.1,--,--,--,--,--,--,--,--,--,--,--
534,534,534,540,541,Steven Sims Jr.,,,WR186,,369.0,,611.0,,,490.0,,00-0034928,WR,2024,0.7681159420289855,27,2019,0.015555555555555557,,0.004,,0.0,1,0,0.0,0,1,0.0,0,0,0.0,0,0.0
535,535,535,541,542,Colby Parkinson,LAR,8.0,TE70,,,,401.0,,469.0,435.0,,00-0036244,TE,2024,0.8452380952380952,25,2020,0.5488235294117647,12.609714,0.028999999999999998,133.0,3.5,15,0,0.0,0,0,0.0,0,30,294.0,1,0.0
536,536,536,542,543,Luke Farrell,SF,14.0,TE71,371.0,,,653.0,,,512.0,,00-0036887,TE,2024,0.9705882352941176,26,2021,0.3764705882352941,1.9467777,0.019,145.0,2.9,10,0,0.0,0,0,0.0,0,12,67.0,0,0.0
537,537,537,543,544,Kevin Harris,,,RB124,,371.0,,846.0,,,608.5,,00-0037286,RB,2024,0.5882352941176471,23,2022,--,--,0.004,183.0,1.4,--,--,--,--,--,--,--,--,--,--,--
538,538,538,544,545,Jaylen Samuels,,,RB125,,372.0,,,,,372.0,,00-0034331,RB,2024,0.9230769230769231,28,2018,--,--,--,165.0,2.1,--,--,--,--,--,--,--,--,--,--,--
539,539,539,545,546,Jason Brownlee,KC,10.0,WR187,,,,,,372.0,372.0,,00-0038492,WR,2024,0.4117647058823529,25,2023,--,--,0.003,,0.0,--,--,--,--,--,--,--,--,--,--,--
540,540,540,546,547,Giovani Bernard,,,RB126,,,,,,373.0,373.0,,00-0030456,RB,2024,0.8848484848484849,32,2013,--,--,--,37.0,11.6,--,--,--,--,--,--,--,--,--,--,--
541,541,541,547,548,Trent Taylor,SF,14.0,WR188,374.0,,,,,,374.0,,00-0033292,WR,2024,0.8269230769230769,30,2017,0.095,,0.004,177.0,1.6,1,0,0.0,0,0,0.0,0,1,11.0,0,0.0
542,542,542,548,549,Jalen Guyton,,,WR189,,374.0,,,,,374.0,,00-0035414,WR,2024,0.6388888888888888,27,2019,--,--,0.005,,0.0,--,--,--,--,--,--,--,--,--,--,--
543,543,543,549,550,Phil Mafah,DAL,10.0,RB127,,,,797.0,,374.0,585.5,,00-0040021,RB,2024,--,21,2025,--,--,0.004,239.0,0.0,--,--,--,--,--,--,--,--,--,--,--
544,544,544,550,551,Rob Gronkowski,,,TE72,,,,,,375.0,375.0,,00-0027656,TE,2024,0.7666666666666667,35,2010,--,--,--,42.0,10.8,--,--,--,--,--,--,--,--,--,--,--
545,545,545,552,553,Rasheen Ali,BAL,7.0,RB128,403.0,,,472.0,,,437.5,,00-0039796,RB,2024,0.35294117647058826,23,2024,0.07833333333333334,2.6558332,0.004,165.0,2.1,4,0,0.0,0,10,31.0,0,0,0.0,0,0.0
546,546,546,553,554,Riley Leonard,IND,11.0,QB79,375.0,,,761.0,,,568.0,,00-0040206,QB,2024,--,21,2025,--,--,0.004,189.0,1.2,--,--,--,--,--,--,--,--,--,--,--
547,547,547,554,555,SaRodorick Thompson Jr.,,,RB129,378.0,,,,,,378.0,,00-0038910,RB,2024,1.0,24,2023,--,--,0.003,,0.0,--,--,--,--,--,--,--,--,--,--,--
548,548,548,555,556,Louis Rees-Zammit,,,RB130,379.0,,,,,,379.0,,00-0039228,RB,2024,--,23,2024,--,--,0.003,,0.0,--,--,--,--,--,--,--,--,--,--,--
549,549,549,556,557,Kalel Mullings,TEN,10.0,RB131,,,,,,380.0,380.0,,00-0040205,RB,2024,--,21,2025,--,--,0.004,188.0,1.3,--,--,--,--,--,--,--,--,--,--,--
550,550,550,557,558,Avery Williams,,,RB132,380.0,,,646.0,,,513.0,,00-0036950,WR,2024,0.7205882352941176,26,2021,0.008823529411764707,--,0.004,183.0,1.4,--,--,--,--,--,--,--,--,--,--,--
551,551,551,558,559,Robert Griffin,III,,QB80,,,,,,381.0,381.0,,00-0029532,G,2024,--,34,2012,--,--,--,,0.0,--,--,--,--,--,--,--,--,--,--,--
552,552,552,559,560,Phillip Dorsett,II,,WR191,382.0,,,,,,382.0,,00-0032208,WR,2024,0.8225806451612904,31,2015,--,--,0.004,29.0,13.2,--,--,--,--,--,--,--,--,--,--,--
553,553,553,560,561,Greg Dortch,ARI,8.0,WR192,,,,445.0,,440.0,442.5,,00-0035500,WR,2024,0.9333333333333333,26,2019,0.4023529411764706,27.4761,0.012,,0.0,17,0,0.0,0,5,31.0,0,37,342.0,3,1.0
554,554,554,561,562,Thomas Fidone II,NYG,14.0,TE73,,,,568.0,,385.0,476.5,,00-0040225,TE,2024,--,21,2025,--,--,0.004,219.0,0.3,--,--,--,--,--,--,--,--,--,--,--
555,555,555,562,563,Davis Allen,LAR,8.0,TE74,386.0,,,533.0,,,459.5,,00-0039074,TE,2024,0.9411764705882353,23,2023,0.3173333333333333,11.294998,0.005,175.0,1.7,6,0,0.0,0,0,0.0,0,6,39.0,0,0.0
556,556,556,563,564,Robbie Chosen,SF,14.0,WR193,387.0,,,578.0,,,482.5,,00-0032688,WR,2024,0.9465648854961832,31,2016,0.195,,0.004,,0.0,1,0,0.0,0,0,0.0,0,1,5.0,0,0.0
557,557,557,564,565,Nick Mullens,JAC,8.0,QB81,,,,584.0,,387.0,485.5,,00-0033319,QB,2024,0.9,29,2017,0.025,0.27986667,0.008,,0.0,4,2,38.0,0,3,-2.0,0,0,0.0,0,0.0
558,558,558,565,566,Keith Kirkwood,,,WR194,389.0,,,596.0,,,492.5,,00-0034317,WR,2024,0.5,29,2018,--,--,0.004,,0.0,--,--,--,--,--,--,--,--,--,--,--
559,559,559,566,567,Henry Pearson,,,RB133,390.0,,,,,,390.0,,00-0038468,TE,2024,1.0,24,2023,--,--,0.003,,0.0,--,--,--,--,--,--,--,--,--,--,--
560,560,560,567,568,Kirk Merritt,,,WR195,391.0,,,,,,391.0,,00-0035844,WR,2024,0.75,27,2020,--,--,--,,0.0,--,--,--,--,--,--,--,--,--,--,--
561,561,561,568,569,Tanner Brown,,,K52,392.0,,,,,,392.0,,00-0038354,K,2024,--,24,2024,--,--,0.003,,0.0,--,--,--,--,--,--,--,--,--,--,--
562,562,562,569,570,Gus Edwards,,,RB134,393.0,,,598.0,,,495.5,,00-0034184,RB,2024,0.7207207207207207,29,2018,0.3472727272727273,28.804186,0.013000000000000001,,0.0,11,0,0.0,0,101,365.0,4,3,6.0,0,0.0
563,563,563,570,571,Ryan Tannehill,,,QB82,395.0,,,,,,395.0,,00-0029701,QB,2024,0.88,36,2012,--,--,--,8.0,21.4,--,--,--,--,--,--,--,--,--,--,--
564,564,564,571,572,Drew Sample,CIN,10.0,TE75,,,,397.0,,,397.0,,00-0035631,TE,2024,0.78,28,2019,0.571764705882353,10.339635,0.013999999999999999,52.0,9.4,11,0,0.0,0,1,-4.0,0,20,109.0,1,0.0
565,565,565,572,573,Charlie Jones,CIN,10.0,WR196,397.0,,,696.0,,,546.5,,00-0038576,WR,2024,0.5588235294117647,25,2023,0.05500000000000001,10.125,0.005,131.0,3.6,2,0,0.0,0,0,0.0,0,1,5.0,0,0.0
566,566,566,573,574,Tommy Mellott,,,WR197,398.0,,,609.0,,,503.5,,00-0040220,WR,2024,--,22,2025,--,--,0.004,213.0,0.5,--,--,--,--,--,--,--,--,--,--,--
567,567,567,574,575,Dominic Lovett,DET,8.0,WR198,,,,800.0,,399.0,599.5,,00-0040241,WR,2024,--,21,2025,--,--,0.004,244.0,0.0,--,--,--,--,--,--,--,--,--,--,--
568,568,568,575,576,Cedrick Wilson Jr.,NO,11.0,WR199,,,,592.0,,400.0,496.0,,00-0034418,WR,2024,0.7217391304347827,28,2018,0.396,21.277697,0.004,208.0,0.6,10,1,21.0,1,0,0.0,0,20,211.0,1,0.0
569,569,569,576,577,Gavin Bartholomew,MIN,6.0,TE76,401.0,,,698.0,,,549.5,,00-0040215,TE,2024,--,21,2025,--,--,0.004,202.0,0.8,--,--,--,--,--,--,--,--,--,--,--
570,570,570,577,578,Tyree Jackson,WAS,12.0,TE77,,,,820.0,,402.0,611.0,,00-0035356,TE,2024,0.43243243243243246,26,2021,--,--,0.004,,0.0,--,--,--,--,--,--,--,--,--,--,--
571,571,571,578,579,Jamari Thrash,CLE,9.0,WR200,,,,739.0,,403.0,571.0,,00-0039379,WR,2024,0.6470588235294118,23,2024,0.23000000000000004,1.9026666,0.004,156.0,2.4,6,0,0.0,0,0,0.0,0,3,22.0,0,0.0
572,572,572,579,580,Tyreik McAllister,,,RB135,404.0,,,,,,404.0,,00-0037450,WR,2024,0.5,26,2022,--,,0.003,,0.0,1,0,0.0,0,2,11.0,0,0,0.0,0,0.0
573,573,573,580,581,Dillon Gabriel,CLE,9.0,QB83,,,,482.0,,423.0,452.5,,00-0040704,QB,2024,--,23,2025,--,--,--,94.0,5.7,--,--,--,--,--,--,--,--,--,--,--
574,574,574,581,582,Michael Carter,ARI,8.0,RB136,,,,659.0,,406.0,532.5,,00-0036924,RB,2024,0.9056603773584906,25,2021,0.6166666666666667,11.823331,0.001,,0.0,3,0,0.0,0,35,131.0,1,11,57.0,0,0.0
575,575,575,582,583,Julius Chestnut,TEN,10.0,RB137,449.0,,,459.0,,,454.0,,00-0037594,RB,2024,0.6046511627906976,23,2022,0.07117647058823529,1.2933333,0.004,,0.0,7,0,0.0,0,22,102.0,0,2,11.0,0,0.0
576,576,576,583,584,Trey Sermon,PIT,5.0,RB138,,,,520.0,,408.0,464.0,,00-0036984,RB,2024,0.6176470588235294,25,2021,0.2205882352941176,20.776482,0.004,88.0,6.1,14,0,0.0,0,56,159.0,2,16,99.0,0,0.0
577,577,577,584,585,Brayden Narveson,,,K53,409.0,,,,,,409.0,,00-0039649,K,2024,1.0,24,2024,--,--,0.004,,0.0,--,--,--,--,--,--,--,--,--,--,--
578,578,578,585,586,Ainias Smith,CAR,14.0,WR201,,,,411.0,,,411.0,,00-0039747,WR,2024,0.6470588235294118,23,2024,0.19999999999999998,48.489998,0.004,152.0,2.6,3,0,0.0,0,2,6.0,0,7,41.0,1,0.0
579,579,579,586,587,Arian Smith,NYJ,9.0,WR202,454.0,,,711.0,,459.0,541.3,,00-0040582,WR,2024,--,22,2025,--,--,0.005,110.0,4.7,--,--,--,--,--,--,--,--,--,--,--
580,580,580,587,588,River Cracraft,,,WR203,414.0,,,,,,414.0,,00-0034054,WR,2024,0.7105263157894737,29,2017,--,8.826667,0.004,,0.0,4,0,0.0,0,0,0.0,0,7,66.0,0,0.0
581,581,581,588,589,Matt Ammendola,,,K54,415.0,,,,,,415.0,,00-0036469,K,2024,1.0,27,2021,--,--,--,,0.0,--,--,--,--,--,--,--,--,--,--,--
582,582,582,589,590,Josh Whyle,GB,5.0,TE78,,,,464.0,,454.0,459.0,,00-0038589,TE,2024,0.8529411764705882,24,2023,0.31999999999999995,18.282637,0.005,147.0,2.8,14,0,0.0,0,0,0.0,0,28,248.0,1,0.0
583,583,583,590,591,Kendrick Bourne,,,WR204,,,,443.0,,476.0,459.5,,00-0033307,WR,2024,0.8863636363636364,29,2017,0.5833333333333334,22.045681,0.025,,0.0,12,0,0.0,0,1,6.0,0,28,305.0,1,0.0
584,584,584,591,592,Tyler Badie,DEN,12.0,RB139,466.0,,,453.0,,,459.5,,00-0037085,RB,2024,0.21052631578947367,25,2022,0.10666666666666667,13.773334,0.003,196.0,1.0,3,0,0.0,0,11,86.0,0,3,-2.0,0,1.0
585,585,585,592,593,Jared Wiley,KC,10.0,TE79,419.0,,,548.0,,,483.5,,00-0039824,TE,2024,0.4117647058823529,23,2024,0.19285714285714284,,0.005,131.0,3.6,1,0,0.0,0,0,0.0,0,1,7.0,0,0.0
586,586,586,593,594,Trey Palmer,NO,11.0,WR205,,,,468.0,,452.0,460.0,,00-0039052,WR,2024,0.9411764705882353,23,2023,0.29533333333333334,12.419556,0.004,191.0,1.2,10,0,0.0,0,0,0.0,0,12,172.0,1,0.0
587,587,587,594,595,Emari Demercado,ARI,8.0,RB140,,,,543.0,,420.0,481.5,,00-0038705,RB,2024,0.7941176470588235,25,2023,0.2030769230769231,21.3691,0.004,,0.0,13,0,0.0,0,24,223.0,1,16,104.0,0,0.0
588,588,588,595,596,Clyde Edwards-Helaire,,,RB141,,,,422.0,,,422.0,,00-0036360,RB,2024,0.6144578313253012,25,2020,0.35,0.5,0.004,32.0,12.5,2,0,0.0,0,13,46.0,0,3,24.0,0,0.0
589,589,589,596,597,Zach Pascal,,,WR206,422.0,,,583.0,,,502.5,,00-0033251,WR,2024,0.9655172413793104,29,2017,0.06588235294117646,--,0.005,,0.0,--,--,--,--,--,--,--,--,--,--,--
590,590,590,597,598,Michael Burton,DEN,12.0,RB142,484.0,,,439.0,,,461.5,,00-0031595,FB,2024,0.9874213836477987,32,2015,0.15529411764705883,10.476545,0.005,168.0,2.0,11,0,0.0,0,7,8.0,1,10,65.0,1,0.0
591,591,591,598,599,Alex Armah Jr.,,,RB143,424.0,,,,,,424.0,,00-0033296,RB,2024,0.9545454545454546,30,2017,--,--,--,192.0,1.1,--,--,--,--,--,--,--,--,--,--,--
